episode,step,reward
0,1,0.446717
0,2,0.549802
0,3,0.439972
0,4,0.449648
0,5,0.451904
0,6,0.458737
0,7,0.499727
0,8,0.478955
0,9,0.454047
0,10,0.432157
0,11,0.464357
0,12,0.503119
0,13,0.463163
0,14,0.493117
0,15,0.479866
1,1,0.519457
1,2,0.513670
1,3,0.445859
1,4,0.532282
1,5,0.510702
1,6,0.491510
1,7,0.491126
1,8,0.507906
1,9,0.449081
1,10,0.470881
1,11,0.457471
1,12,0.477422
1,13,0.460530
1,14,0.479737
1,15,0.512561
2,1,0.502562
2,2,0.455060
2,3,0.440956
2,4,0.434589
2,5,0.454874
2,6,0.467593
2,7,0.474252
2,8,0.467131
2,9,0.437346
2,10,0.465536
2,11,0.471432
2,12,0.477979
2,13,0.476674
2,14,0.478852
2,15,0.476486
3,1,0.505240
3,2,0.513268
3,3,0.444460
3,4,0.471939
3,5,0.435590
3,6,0.448221
3,7,0.469809
3,8,0.459056
3,9,0.483295
3,10,0.504584
3,11,0.496084
3,12,0.451461
3,13,0.448528
3,14,0.461904
3,15,0.478703
4,1,0.506369
4,2,0.477958
4,3,0.455915
4,4,0.482886
4,5,0.441715
4,6,0.485448
4,7,0.482583
4,8,0.532282
4,9,0.462452
4,10,0.505720
4,11,0.476174
4,12,0.444326
4,13,0.405085
4,14,0.405085
4,15,0.454984
5,1,0.473179
5,2,0.436831
5,3,0.467697
5,4,0.472279
5,5,0.456069
5,6,0.486555
5,7,0.556584
5,8,0.474969
5,9,0.471712
5,10,0.501024
5,11,0.511890
5,12,0.533703
5,13,0.442047
5,14,0.484010
5,15,0.411744
6,1,0.438734
6,2,0.426345
6,3,0.431554
6,4,0.489009
6,5,0.500261
6,6,0.507051
6,7,0.574110
6,8,0.469418
6,9,0.513402
6,10,0.434589
6,11,0.536499
6,12,0.524425
6,13,0.539253
6,14,0.525129
6,15,0.435443
7,1,0.465175
7,2,0.482711
7,3,0.477706
7,4,0.501877
7,5,0.493446
7,6,0.495341
7,7,0.565475
7,8,0.519755
7,9,0.500261
7,10,0.543649
7,11,0.497807
7,12,0.454369
7,13,0.477706
7,14,0.537504
7,15,0.541399
8,1,0.491288
8,2,0.533824
8,3,0.576567
8,4,0.477926
8,5,0.576824
8,6,0.488731
8,7,0.549014
8,8,0.458130
8,9,0.473819
8,10,0.494256
8,11,0.523217
8,12,0.482304
8,13,0.469783
8,14,0.454104
8,15,0.501346
9,1,0.539797
9,2,0.517068
9,3,0.459058
9,4,0.202543
9,5,0.000000
9,6,0.520477
9,7,0.483527
9,8,0.495545
9,9,0.543019
9,10,0.528681
9,11,0.458120
9,12,0.396328
9,13,0.537742
9,14,0.459310
9,15,0.411744
10,1,0.529987
10,2,0.543383
10,3,0.469320
10,4,0.479252
10,5,0.514648
10,6,0.553196
10,7,0.480595
10,8,0.447546
10,9,0.506552
10,10,0.494600
10,11,0.490938
10,12,0.529465
10,13,0.462129
10,14,0.506822
10,15,0.522850
11,1,0.519089
11,2,0.438214
11,3,0.535135
11,4,0.526467
11,5,0.455454
11,6,0.422433
11,7,0.304613
11,8,0.485603
11,9,0.496160
11,10,0.438214
11,11,0.506369
11,12,0.471292
11,13,0.479551
11,14,0.446928
11,15,0.499029
12,1,0.476507
12,2,0.510808
12,3,0.522271
12,4,0.521767
12,5,0.504352
12,6,0.520497
12,7,0.397650
12,8,0.468327
12,9,0.582009
12,10,0.553393
12,11,0.530714
12,12,0.452359
12,13,0.511428
12,14,0.524886
12,15,0.435590
13,1,0.501076
13,2,0.489315
13,3,0.527474
13,4,0.213177
13,5,0.484456
13,6,0.514648
13,7,0.464246
13,8,0.519583
13,9,0.505365
13,10,0.530367
13,11,0.559329
13,12,0.535167
13,13,0.525622
13,14,0.467489
13,15,0.453442
14,1,0.493314
14,2,0.000000
14,3,0.434589
14,4,0.486041
14,5,0.542225
14,6,0.457919
14,7,0.479266
14,8,0.434589
14,9,0.507516
14,10,0.460594
14,11,0.453878
14,12,0.503956
14,13,0.501465
14,14,0.468892
14,15,0.436262
15,1,0.585922
15,2,0.467457
15,3,0.481027
15,4,0.470284
15,5,0.202543
15,6,0.456857
15,7,0.504352
15,8,0.501733
15,9,0.459058
15,10,0.514275
15,11,0.306248
15,12,0.465714
15,13,0.300212
15,14,0.483326
15,15,0.493193
16,1,0.559623
16,2,0.520477
16,3,0.530997
16,4,0.516929
16,5,0.354376
16,6,0.574110
16,7,0.498577
16,8,0.506085
16,9,0.459687
16,10,0.483763
16,11,0.434589
16,12,0.512446
16,13,0.520893
16,14,0.530367
16,15,0.454336
17,1,0.442868
17,2,0.448956
17,3,0.485783
17,4,0.486520
17,5,0.511049
17,6,0.481384
17,7,0.540774
17,8,0.458678
17,9,0.485251
17,10,0.469856
17,11,0.456067
17,12,0.496018
17,13,0.574110
17,14,0.534008
17,15,0.537878
18,1,0.553196
18,2,0.508753
18,3,0.465280
18,4,0.515668
18,5,0.504633
18,6,0.475950
18,7,0.312904
18,8,0.535561
18,9,0.492966
18,10,0.493834
18,11,0.544847
18,12,0.520560
18,13,0.522955
18,14,0.535952
18,15,0.517063
19,1,0.447198
19,2,0.463334
19,3,0.493959
19,4,0.535561
19,5,0.426354
19,6,0.469251
19,7,0.564999
19,8,0.480650
19,9,0.507979
19,10,0.524679
19,11,0.451739
19,12,0.454104
19,13,0.541758
19,14,0.552379
19,15,0.453735
20,1,0.497424
20,2,0.457456
20,3,0.491712
20,4,0.453066
20,5,0.537459
20,6,0.531300
20,7,0.513823
20,8,0.470541
20,9,0.491565
20,10,0.504737
20,11,0.454702
20,12,0.435417
20,13,0.333176
20,14,0.517377
20,15,0.460860
21,1,0.476119
21,2,0.533880
21,3,0.520100
21,4,0.457979
21,5,0.450226
21,6,0.466445
21,7,0.483832
21,8,0.490748
21,9,0.574110
21,10,0.535561
21,11,0.490262
21,12,0.532282
21,13,0.510891
21,14,0.505408
21,15,0.397650
22,1,0.458718
22,2,0.505465
22,3,0.513767
22,4,0.471833
22,5,0.481027
22,6,0.555709
22,7,0.532685
22,8,0.457103
22,9,0.446672
22,10,0.503250
22,11,0.486493
22,12,0.503522
22,13,0.537930
22,14,0.542774
22,15,0.495764
23,1,0.533334
23,2,0.454188
23,3,0.485937
23,4,0.498310
23,5,0.486980
23,6,0.217294
23,7,0.479897
23,8,0.458598
23,9,0.455531
23,10,0.493297
23,11,0.434589
23,12,0.488221
23,13,0.501399
23,14,0.498901
23,15,0.490614
24,1,0.486043
24,2,0.574110
24,3,0.500748
24,4,0.485880
24,5,0.559623
24,6,0.480650
24,7,0.582009
24,8,0.480839
24,9,0.512390
24,10,0.476432
24,11,0.441839
24,12,0.481589
24,13,0.500499
24,14,0.455050
24,15,0.502012
25,1,0.552662
25,2,0.538075
25,3,0.541226
25,4,0.474361
25,5,0.489298
25,6,0.485647
25,7,0.547988
25,8,0.217795
25,9,0.419837
25,10,0.506369
25,11,0.500261
25,12,0.531294
25,13,0.519325
25,14,0.435590
25,15,0.430273
26,1,0.443143
26,2,0.480839
26,3,0.534946
26,4,0.525110
26,5,0.495783
26,6,0.519583
26,7,0.574110
26,8,0.529404
26,9,0.466549
26,10,0.481414
26,11,0.523751
26,12,0.505581
26,13,0.506607
26,14,0.523449
26,15,0.472105
27,1,0.434060
27,2,0.480498
27,3,0.510400
27,4,0.217294
27,5,0.411744
27,6,0.497469
27,7,0.520873
27,8,0.519276
27,9,0.445859
27,10,0.491357
27,11,0.518629
27,12,0.435590
27,13,0.448507
27,14,0.494729
27,15,0.463013
28,1,0.486128
28,2,0.532880
28,3,0.434589
28,4,0.543990
28,5,0.536737
28,6,0.541481
28,7,0.553196
28,8,0.254376
28,9,0.000000
28,10,0.531210
28,11,0.459056
28,12,0.547988
28,13,0.524928
28,14,0.469336
28,15,0.452707
29,1,0.513402
29,2,0.520621
29,3,0.480650
29,4,0.488311
29,5,0.522955
29,6,0.450276
29,7,0.467794
29,8,0.531429
29,9,0.497891
29,10,0.486446
29,11,0.456618
29,12,0.498833
29,13,0.467425
29,14,0.538357
29,15,0.471671
30,1,0.564999
30,2,0.488311
30,3,0.457081
30,4,0.452010
30,5,0.524886
30,6,0.451569
30,7,0.432130
30,8,0.492503
30,9,0.333698
30,10,0.535561
30,11,0.489380
30,12,0.464190
30,13,0.519178
30,14,0.509894
30,15,0.484725
31,1,0.521022
31,2,0.574598
31,3,0.491392
31,4,0.546623
31,5,0.530826
31,6,0.542640
31,7,0.504123
31,8,0.217294
31,9,0.504208
31,10,0.458305
31,11,0.499558
31,12,0.322269
31,13,0.314996
31,14,0.481434
31,15,0.508421
32,1,0.464773
32,2,0.446467
32,3,0.480245
32,4,0.517163
32,5,0.457620
32,6,0.479896
32,7,0.579136
32,8,0.515668
32,9,0.523868
32,10,0.497922
32,11,0.523217
32,12,0.512790
32,13,0.434589
32,14,0.475782
32,15,0.501076
33,1,0.448156
33,2,0.477477
33,3,0.576623
33,4,0.470858
33,5,0.537042
33,6,0.533703
33,7,0.461194
33,8,0.431543
33,9,0.516096
33,10,0.508160
33,11,0.545695
33,12,0.487176
33,13,0.435590
33,14,0.279891
33,15,0.470819
34,1,0.469195
34,2,0.500661
34,3,0.452575
34,4,0.481695
34,5,0.460114
34,6,0.517306
34,7,0.511180
34,8,0.507618
34,9,0.540846
34,10,0.462625
34,11,0.497469
34,12,0.523751
34,13,0.493228
34,14,0.468984
34,15,0.516905
35,1,0.439418
35,2,0.566955
35,3,0.544888
35,4,0.455854
35,5,0.500406
35,6,0.447198
35,7,0.471861
35,8,0.486625
35,9,0.434589
35,10,0.434589
35,11,0.453644
35,12,0.465280
35,13,0.479236
35,14,0.451569
35,15,0.441191
36,1,0.447158
36,2,0.311453
36,3,0.447546
36,4,0.246251
36,5,0.444352
36,6,0.458564
36,7,0.485647
36,8,0.434589
36,9,0.506369
36,10,0.397650
36,11,0.529648
36,12,0.525333
36,13,0.533704
36,14,0.525622
36,15,0.540846
37,1,0.464966
37,2,0.467425
37,3,0.468894
37,4,0.437339
37,5,0.458048
37,6,0.364517
37,7,0.451654
37,8,0.483847
37,9,0.481983
37,10,0.434589
37,11,0.467807
37,12,0.334611
37,13,0.411744
37,14,0.467429
37,15,0.467425
38,1,0.574110
38,2,0.496575
38,3,0.434260
38,4,0.448221
38,5,0.221571
38,6,0.513768
38,7,0.481201
38,8,0.492367
38,9,0.217294
38,10,0.456857
38,11,0.484081
38,12,0.483527
38,13,0.457767
38,14,0.469610
38,15,0.457538
39,1,0.503225
39,2,0.493594
39,3,0.435089
39,4,0.476833
39,5,0.440269
39,6,0.452355
39,7,0.454267
39,8,0.531474
39,9,0.494081
39,10,0.511252
39,11,0.449876
39,12,0.476168
39,13,0.515985
39,14,0.490082
39,15,0.456508
40,1,0.405085
40,2,0.478606
40,3,0.506069
40,4,0.467185
40,5,0.513957
40,6,0.473996
40,7,0.491564
40,8,0.458115
40,9,0.503250
40,10,0.461055
40,11,0.442868
40,12,0.498527
40,13,0.484081
40,14,0.543947
40,15,0.554085
41,1,0.540863
41,2,0.517394
41,3,0.536206
41,4,0.541276
41,5,0.531294
41,6,0.492027
41,7,0.479420
41,8,0.461553
41,9,0.522052
41,10,0.430471
41,11,0.454833
41,12,0.462060
41,13,0.335949
41,14,0.480932
41,15,0.469556
42,1,0.450463
42,2,0.480505
42,3,0.518839
42,4,0.492226
42,5,0.547988
42,6,0.534946
42,7,0.475782
42,8,0.526901
42,9,0.469869
42,10,0.478774
42,11,0.506930
42,12,0.548246
42,13,0.430471
42,14,0.517442
42,15,0.525110
43,1,0.522775
43,2,0.520813
43,3,0.521099
43,4,0.488179
43,5,0.451497
43,6,0.525638
43,7,0.466638
43,8,0.513957
43,9,0.498874
43,10,0.498049
43,11,0.495638
43,12,0.489354
43,13,0.531773
43,14,0.453528
43,15,0.486493
44,1,0.453538
44,2,0.453469
44,3,0.466824
44,4,0.483966
44,5,0.549866
44,6,0.525622
44,7,0.473144
44,8,0.530222
44,9,0.532421
44,10,0.541910
44,11,0.580866
44,12,0.434589
44,13,0.493690
44,14,0.217294
44,15,0.483107
45,1,0.474413
45,2,0.437459
45,3,0.476517
45,4,0.489830
45,5,0.508883
45,6,0.509187
45,7,0.457129
45,8,0.574110
45,9,0.495783
45,10,0.501733
45,11,0.511180
45,12,0.506761
45,13,0.442663
45,14,0.457129
45,15,0.479881
46,1,0.508904
46,2,0.532282
46,3,0.531294
46,4,0.453502
46,5,0.437353
46,6,0.564999
46,7,0.532030
46,8,0.520149
46,9,0.574110
46,10,0.530389
46,11,0.524031
46,12,0.541755
46,13,0.492524
46,14,0.522955
46,15,0.434589
47,1,0.466752
47,2,0.553196
47,3,0.454940
47,4,0.425335
47,5,0.524679
47,6,0.517085
47,7,0.446905
47,8,0.542569
47,9,0.512949
47,10,0.500983
47,11,0.462772
47,12,0.527279
47,13,0.531294
47,14,0.576623
47,15,0.535435
48,1,0.496160
48,2,0.533808
48,3,0.533909
48,4,0.495181
48,5,0.527901
48,6,0.435590
48,7,0.486059
48,8,0.476248
48,9,0.493297
48,10,0.549865
48,11,0.532880
48,12,0.442717
48,13,0.464128
48,14,0.426345
48,15,0.509460
49,1,0.487535
49,2,0.217795
49,3,0.471671
49,4,0.574110
49,5,0.483348
49,6,0.506117
49,7,0.512883
49,8,0.538063
49,9,0.449457
49,10,0.498445
49,11,0.506369
49,12,0.493030
49,13,0.537488
49,14,0.492795
49,15,0.532509
50,1,0.437005
50,2,0.459244
50,3,0.497013
50,4,0.464451
50,5,0.576905
50,6,0.454336
50,7,0.411744
50,8,0.555161
50,9,0.473586
50,10,0.484507
50,11,0.486755
50,12,0.574110
50,13,0.436612
50,14,0.452355
50,15,0.486079
51,1,0.523917
51,2,0.443527
51,3,0.499364
51,4,0.464594
51,5,0.447241
51,6,0.533704
51,7,0.496695
51,8,0.459168
51,9,0.444428
51,10,0.507189
51,11,0.503420
51,12,0.540353
51,13,0.467335
51,14,0.479323
51,15,0.497119
52,1,0.475083
52,2,0.453077
52,3,0.451927
52,4,0.499462
52,5,0.534946
52,6,0.481117
52,7,0.529570
52,8,0.465258
52,9,0.508165
52,10,0.512608
52,11,0.475249
52,12,0.480553
52,13,0.459058
52,14,0.539533
52,15,0.515364
53,1,0.434589
53,2,0.455094
53,3,0.491418
53,4,0.492961
53,5,0.473996
53,6,0.574110
53,7,0.491471
53,8,0.435590
53,9,0.545137
53,10,0.547410
53,11,0.534946
53,12,0.451211
53,13,0.429244
53,14,0.486285
53,15,0.485581
54,1,0.448177
54,2,0.465224
54,3,0.255200
54,4,0.434589
54,5,0.453112
54,6,0.492503
54,7,0.538357
54,8,0.475810
54,9,0.456803
54,10,0.453493
54,11,0.493307
54,12,0.453221
54,13,0.405085
54,14,0.481237
54,15,0.458982
55,1,0.473222
55,2,0.469224
55,3,0.518662
55,4,0.489481
55,5,0.524486
55,6,0.459558
55,7,0.521307
55,8,0.497094
55,9,0.549192
55,10,0.540825
55,11,0.521791
55,12,0.462173
55,13,0.473405
55,14,0.520620
55,15,0.450142
56,1,0.439677
56,2,0.440075
56,3,0.483587
56,4,0.574110
56,5,0.579701
56,6,0.555785
56,7,0.522955
56,8,0.463190
56,9,0.432176
56,10,0.574110
56,11,0.443402
56,12,0.270057
56,13,0.483348
56,14,0.502593
56,15,0.458100
57,1,0.497756
57,2,0.461256
57,3,0.452960
57,4,0.498399
57,5,0.539331
57,6,0.509914
57,7,0.521022
57,8,0.528923
57,9,0.526184
57,10,0.521767
57,11,0.445859
57,12,0.540239
57,13,0.506799
57,14,0.458100
57,15,0.497424
58,1,0.474180
58,2,0.240426
58,3,0.531210
58,4,0.527031
58,5,0.519807
58,6,0.514032
58,7,0.476978
58,8,0.549802
58,9,0.531783
58,10,0.530856
58,11,0.532260
58,12,0.459107
58,13,0.484136
58,14,0.468747
58,15,0.443389
59,1,0.480165
59,2,0.499297
59,3,0.492148
59,4,0.533468
59,5,0.474851
59,6,0.463390
59,7,0.453882
59,8,0.478031
59,9,0.313442
59,10,0.481271
59,11,0.502918
59,12,0.494267
59,13,0.532751
59,14,0.497711
59,15,0.534062
60,1,0.488479
60,2,0.490456
60,3,0.441442
60,4,0.534661
60,5,0.372355
60,6,0.436632
60,7,0.471418
60,8,0.498768
60,9,0.514107
60,10,0.543990
60,11,0.467179
60,12,0.454604
60,13,0.520439
60,14,0.501332
60,15,0.487320
61,1,0.579136
61,2,0.532995
61,3,0.475090
61,4,0.493637
61,5,0.473417
61,6,0.450144
61,7,0.405085
61,8,0.467668
61,9,0.439506
61,10,0.559329
61,11,0.509086
61,12,0.511180
61,13,0.538063
61,14,0.523579
61,15,0.537100
62,1,0.547988
62,2,0.476345
62,3,0.449428
62,4,0.473750
62,5,0.486285
62,6,0.465541
62,7,0.526686
62,8,0.452414
62,9,0.217795
62,10,0.481510
62,11,0.500261
62,12,0.532649
62,13,0.494081
62,14,0.492966
62,15,0.566955
63,1,0.470355
63,2,0.513402
63,3,0.254376
63,4,0.508786
63,5,0.485397
63,6,0.466928
63,7,0.483269
63,8,0.518987
63,9,0.574110
63,10,0.554567
63,11,0.534575
63,12,0.530929
63,13,0.501399
63,14,0.338176
63,15,0.202543
64,1,0.454547
64,2,0.504720
64,3,0.467425
64,4,0.438214
64,5,0.471142
64,6,0.471595
64,7,0.468237
64,8,0.510813
64,9,0.523915
64,10,0.491670
64,11,0.523412
64,12,0.464451
64,13,0.540733
64,14,0.546792
64,15,0.456480
65,1,0.480650
65,2,0.516060
65,3,0.489060
65,4,0.312551
65,5,0.455094
65,6,0.553196
65,7,0.492131
65,8,0.531300
65,9,0.505445
65,10,0.526538
65,11,0.532282
65,12,0.441741
65,13,0.450133
65,14,0.501733
65,15,0.495768
66,1,0.492148
66,2,0.289726
66,3,0.488479
66,4,0.518355
66,5,0.496160
66,6,0.474180
66,7,0.370793
66,8,0.452960
66,9,0.441191
66,10,0.499267
66,11,0.255200
66,12,0.454104
66,13,0.511538
66,14,0.458619
66,15,0.466481
67,1,0.524296
67,2,0.466384
67,3,0.437274
67,4,0.453661
67,5,0.474659
67,6,0.514032
67,7,0.529404
67,8,0.513183
67,9,0.435089
67,10,0.436810
67,11,0.454546
67,12,0.446431
67,13,0.434589
67,14,0.463984
67,15,0.501971
68,1,0.574110
68,2,0.533703
68,3,0.505564
68,4,0.541953
68,5,0.497922
68,6,0.434589
68,7,0.574110
68,8,0.454336
68,9,0.458539
68,10,0.474746
68,11,0.347033
68,12,0.498570
68,13,0.489625
68,14,0.492148
68,15,0.463013
69,1,0.536071
69,2,0.546789
69,3,0.500095
69,4,0.521591
69,5,0.533457
69,6,0.456146
69,7,0.451727
69,8,0.279891
69,9,0.506369
69,10,0.469009
69,11,0.480839
69,12,0.515290
69,13,0.537086
69,14,0.518646
69,15,0.479944
70,1,0.510694
70,2,0.484081
70,3,0.502004
70,4,0.519213
70,5,0.489821
70,6,0.480839
70,7,0.445859
70,8,0.514107
70,9,0.529404
70,10,0.507628
70,11,0.498438
70,12,0.498385
70,13,0.436940
70,14,0.566955
70,15,0.467537
71,1,0.503642
71,2,0.447198
71,3,0.503490
71,4,0.522940
71,5,0.217795
71,6,0.505564
71,7,0.521767
71,8,0.531005
71,9,0.450990
71,10,0.452690
71,11,0.435089
71,12,0.497424
71,13,0.530367
71,14,0.460642
71,15,0.471135
72,1,0.574110
72,2,0.502953
72,3,0.478981
72,4,0.342360
72,5,0.441473
72,6,0.473034
72,7,0.452960
72,8,0.511906
72,9,0.522282
72,10,0.439583
72,11,0.579701
72,12,0.482969
72,13,0.548411
72,14,0.504991
72,15,0.495364
73,1,0.464451
73,2,0.518839
73,3,0.549866
73,4,0.465881
73,5,0.431107
73,6,0.459244
73,7,0.475747
73,8,0.456241
73,9,0.508201
73,10,0.523915
73,11,0.465385
73,12,0.508753
73,13,0.505096
73,14,0.529077
73,15,0.442233
74,1,0.484019
74,2,0.495545
74,3,0.526170
74,4,0.500851
74,5,0.516007
74,6,0.464451
74,7,0.535920
74,8,0.504123
74,9,0.472171
74,10,0.468373
74,11,0.466124
74,12,0.515013
74,13,0.475221
74,14,0.541212
74,15,0.492524
75,1,0.464857
75,2,0.486110
75,3,0.493314
75,4,0.451705
75,5,0.469325
75,6,0.514107
75,7,0.489523
75,8,0.509547
75,9,0.434589
75,10,0.538228
75,11,0.523730
75,12,0.480851
75,13,0.504123
75,14,0.434589
75,15,0.217294
76,1,0.465457
76,2,0.480437
76,3,0.511241
76,4,0.549686
76,5,0.533747
76,6,0.535522
76,7,0.457786
76,8,0.477551
76,9,0.464364
76,10,0.411744
76,11,0.497013
76,12,0.312218
76,13,0.482428
76,14,0.493845
76,15,0.532768
77,1,0.359293
77,2,0.446467
77,3,0.353563
77,4,0.485514
77,5,0.435590
77,6,0.458048
77,7,0.492966
77,8,0.526170
77,9,0.476278
77,10,0.556112
77,11,0.547988
77,12,0.536720
77,13,0.549686
77,14,0.508441
77,15,0.463402
78,1,0.500834
78,2,0.514107
78,3,0.531294
78,4,0.531862
78,5,0.446755
78,6,0.458266
78,7,0.461817
78,8,0.512550
78,9,0.502791
78,10,0.521767
78,11,0.533299
78,12,0.495783
78,13,0.521716
78,14,0.447540
78,15,0.537648
79,1,0.533002
79,2,0.574598
79,3,0.458975
79,4,0.507673
79,5,0.547988
79,6,0.505581
79,7,0.467926
79,8,0.434589
79,9,0.411744
79,10,0.484272
79,11,0.474496
79,12,0.471671
79,13,0.470750
79,14,0.493026
79,15,0.531830
80,1,0.512790
80,2,0.474212
80,3,0.464872
80,4,0.460733
80,5,0.502595
80,6,0.493766
80,7,0.435089
80,8,0.492593
80,9,0.544955
80,10,0.534268
80,11,0.449317
80,12,0.464885
80,13,0.296204
80,14,0.464940
80,15,0.487758
81,1,0.574110
81,2,0.527474
81,3,0.517719
81,4,0.520348
81,5,0.523498
81,6,0.543663
81,7,0.452033
81,8,0.498950
81,9,0.515190
81,10,0.472860
81,11,0.370428
81,12,0.405629
81,13,0.554135
81,14,0.467119
81,15,0.459320
82,1,0.525579
82,2,0.483527
82,3,0.542508
82,4,0.522955
82,5,0.455120
82,6,0.452690
82,7,0.456635
82,8,0.501691
82,9,0.495444
82,10,0.492297
82,11,0.523915
82,12,0.376199
82,13,0.466999
82,14,0.543194
82,15,0.552379
83,1,0.525622
83,2,0.471669
83,3,0.465688
83,4,0.533868
83,5,0.457308
83,6,0.241763
83,7,0.472422
83,8,0.501372
83,9,0.493227
83,10,0.498620
83,11,0.517966
83,12,0.542396
83,13,0.554919
83,14,0.523806
83,15,0.217795
84,1,0.498659
84,2,0.434589
84,3,0.217294
84,4,0.452673
84,5,0.523217
84,6,0.464246
84,7,0.575973
84,8,0.464406
84,9,0.480839
84,10,0.507550
84,11,0.526170
84,12,0.357936
84,13,0.431314
84,14,0.445734
84,15,0.461719
85,1,0.448217
85,2,0.456919
85,3,0.363828
85,4,0.419837
85,5,0.363868
85,6,0.487953
85,7,0.470257
85,8,0.544695
85,9,0.463277
85,10,0.432176
85,11,0.466998
85,12,0.527474
85,13,0.501971
85,14,0.484157
85,15,0.464451
86,1,0.537116
86,2,0.436940
86,3,0.484936
86,4,0.479124
86,5,0.488479
86,6,0.574110
86,7,0.508421
86,8,0.553196
86,9,0.472190
86,10,0.543181
86,11,0.446254
86,12,0.485195
86,13,0.469356
86,14,0.516135
86,15,0.465144
87,1,0.495818
87,2,0.481361
87,3,0.509298
87,4,0.547988
87,5,0.489292
87,6,0.523915
87,7,0.515102
87,8,0.533334
87,9,0.521555
87,10,0.335789
87,11,0.411744
87,12,0.480839
87,13,0.527735
87,14,0.455255
87,15,0.495545
88,1,0.458791
88,2,0.540239
88,3,0.480839
88,4,0.474816
88,5,0.499364
88,6,0.531294
88,7,0.476748
88,8,0.523982
88,9,0.434589
88,10,0.575772
88,11,0.514624
88,12,0.461727
88,13,0.498768
88,14,0.517467
88,15,0.454336
89,1,0.531996
89,2,0.513560
89,3,0.520560
89,4,0.468474
89,5,0.469140
89,6,0.519178
89,7,0.460429
89,8,0.476640
89,9,0.564999
89,10,0.479992
89,11,0.466679
89,12,0.479764
89,13,0.442047
89,14,0.444211
89,15,0.499117
90,1,0.496331
90,2,0.501600
90,3,0.533569
90,4,0.495783
90,5,0.446905
90,6,0.497711
90,7,0.559329
90,8,0.506708
90,9,0.521140
90,10,0.547988
90,11,0.513183
90,12,0.380913
90,13,0.474079
90,14,0.515669
90,15,0.426354
91,1,0.553205
91,2,0.524886
91,3,0.523915
91,4,0.522739
91,5,0.520813
91,6,0.545422
91,7,0.498184
91,8,0.459058
91,9,0.477383
91,10,0.464781
91,11,0.553393
91,12,0.548271
91,13,0.534445
91,14,0.537806
91,15,0.498184
92,1,0.471810
92,2,0.501585
92,3,0.435333
92,4,0.455442
92,5,0.548001
92,6,0.534471
92,7,0.455955
92,8,0.448334
92,9,0.446940
92,10,0.506335
92,11,0.498418
92,12,0.469437
92,13,0.508115
92,14,0.504218
92,15,0.439245
93,1,0.544989
93,2,0.458888
93,3,0.468146
93,4,0.533443
93,5,0.504123
93,6,0.458052
93,7,0.428541
93,8,0.301900
93,9,0.501280
93,10,0.479902
93,11,0.481023
93,12,0.478436
93,13,0.463546
93,14,0.574110
93,15,0.469663
94,1,0.450445
94,2,0.480236
94,3,0.499419
94,4,0.523217
94,5,0.485661
94,6,0.518404
94,7,0.547988
94,8,0.457414
94,9,0.493865
94,10,0.463749
94,11,0.454073
94,12,0.566955
94,13,0.492524
94,14,0.217294
94,15,0.506563
95,1,0.498991
95,2,0.488308
95,3,0.493922
95,4,0.457620
95,5,0.547988
95,6,0.444884
95,7,0.488197
95,8,0.434589
95,9,0.532890
95,10,0.513670
95,11,0.438229
95,12,0.542292
95,13,0.555961
95,14,0.509460
95,15,0.506124
96,1,0.453735
96,2,0.501971
96,3,0.506369
96,4,0.547988
96,5,0.481201
96,6,0.439245
96,7,0.530367
96,8,0.512859
96,9,0.443425
96,10,0.445474
96,11,0.438229
96,12,0.468017
96,13,0.496008
96,14,0.455307
96,15,0.431107
97,1,0.478606
97,2,0.465055
97,3,0.435137
97,4,0.497113
97,5,0.508753
97,6,0.544695
97,7,0.456480
97,8,0.447066
97,9,0.548946
97,10,0.532333
97,11,0.574598
97,12,0.513335
97,13,0.456813
97,14,0.475747
97,15,0.484200
98,1,0.453528
98,2,0.507824
98,3,0.502264
98,4,0.523265
98,5,0.472171
98,6,0.515668
98,7,0.464327
98,8,0.357879
98,9,0.450025
98,10,0.488661
98,11,0.438214
98,12,0.446645
98,13,0.456919
98,14,0.406025
98,15,0.464966
99,1,0.521767
99,2,0.544783
99,3,0.536737
99,4,0.339025
99,5,0.499727
99,6,0.505765
99,7,0.503690
99,8,0.512226
99,9,0.437279
99,10,0.447342
99,11,0.357599
99,12,0.465500
99,13,0.463856
99,14,0.450025
99,15,0.431107
100,1,0.493650
100,2,0.518260
100,3,0.495851
100,4,0.540846
100,5,0.520241
100,6,0.467553
100,7,0.515668
100,8,0.501973
100,9,0.485661
100,10,0.477751
100,11,0.498577
100,12,0.311119
100,13,0.465128
100,14,0.465317
100,15,0.427339
101,1,0.493821
101,2,0.474638
101,3,0.503279
101,4,0.538707
101,5,0.518180
101,6,0.542640
101,7,0.522940
101,8,0.532282
101,9,0.545137
101,10,0.547430
101,11,0.469356
101,12,0.579136
101,13,0.477620
101,14,0.472833
101,15,0.411744
102,1,0.405085
102,2,0.461315
102,3,0.468443
102,4,0.477706
102,5,0.530367
102,6,0.526170
102,7,0.217795
102,8,0.464246
102,9,0.434589
102,10,0.518987
102,11,0.549866
102,12,0.467553
102,13,0.452010
102,14,0.521767
102,15,0.511896
103,1,0.532356
103,2,0.574110
103,3,0.327929
103,4,0.482942
103,5,0.503810
103,6,0.491357
103,7,0.539003
103,8,0.509554
103,9,0.525579
103,10,0.434589
103,11,0.217294
103,12,0.505260
103,13,0.498310
103,14,0.493637
103,15,0.582009
104,1,0.576905
104,2,0.477888
104,3,0.452657
104,4,0.529648
104,5,0.535734
104,6,0.547172
104,7,0.513183
104,8,0.489831
104,9,0.539301
104,10,0.459689
104,11,0.446467
104,12,0.456319
104,13,0.460193
104,14,0.526456
104,15,0.553495
105,1,0.530836
105,2,0.483864
105,3,0.468327
105,4,0.453878
105,5,0.520477
105,6,0.217795
105,7,0.459058
105,8,0.452816
105,9,0.354439
105,10,0.487161
105,11,0.461329
105,12,0.514781
105,13,0.513241
105,14,0.463308
105,15,0.457129
106,1,0.449943
106,2,0.463996
106,3,0.453833
106,4,0.496679
106,5,0.540239
106,6,0.451324
106,7,0.476850
106,8,0.481008
106,9,0.504057
106,10,0.467105
106,11,0.470665
106,12,0.488964
106,13,0.466021
106,14,0.476645
106,15,0.482495
107,1,0.471115
107,2,0.479177
107,3,0.476154
107,4,0.456055
107,5,0.479895
107,6,0.475058
107,7,0.548550
107,8,0.531443
107,9,0.464209
107,10,0.479866
107,11,0.459265
107,12,0.490750
107,13,0.500715
107,14,0.446527
107,15,0.471967
108,1,0.488926
108,2,0.468889
108,3,0.343622
108,4,0.435400
108,5,0.490901
108,6,0.524502
108,7,0.468952
108,8,0.303354
108,9,0.448672
108,10,0.436313
108,11,0.499267
108,12,0.453222
108,13,0.405085
108,14,0.467425
108,15,0.451025
109,1,0.488830
109,2,0.576623
109,3,0.476214
109,4,0.463913
109,5,0.513747
109,6,0.518246
109,7,0.437275
109,8,0.536499
109,9,0.531488
109,10,0.438214
109,11,0.452355
109,12,0.466307
109,13,0.451025
109,14,0.465654
109,15,0.441401
110,1,0.270057
110,2,0.479764
110,3,0.504729
110,4,0.485055
110,5,0.555605
110,6,0.513335
110,7,0.538089
110,8,0.472792
110,9,0.338269
110,10,0.442256
110,11,0.471292
110,12,0.510764
110,13,0.554858
110,14,0.453502
110,15,0.536912
111,1,0.575785
111,2,0.515668
111,3,0.447282
111,4,0.482885
111,5,0.494230
111,6,0.504123
111,7,0.497469
111,8,0.527960
111,9,0.217294
111,10,0.485104
111,11,0.525622
111,12,0.434096
111,13,0.457971
111,14,0.534607
111,15,0.426354
112,1,0.492710
112,2,0.505408
112,3,0.576623
112,4,0.511102
112,5,0.492503
112,6,0.511693
112,7,0.474410
112,8,0.510703
112,9,0.559623
112,10,0.559623
112,11,0.531783
112,12,0.535435
112,13,0.557914
112,14,0.553196
112,15,0.286981
113,1,0.466752
113,2,0.355810
113,3,0.448656
113,4,0.476691
113,5,0.477124
113,6,0.492506
113,7,0.457081
113,8,0.458617
113,9,0.549036
113,10,0.469663
113,11,0.455031
113,12,0.489340
113,13,0.511715
113,14,0.464451
113,15,0.496975
114,1,0.574110
114,2,0.481593
114,3,0.574110
114,4,0.508669
114,5,0.449614
114,6,0.519178
114,7,0.514624
114,8,0.506090
114,9,0.447372
114,10,0.547988
114,11,0.539966
114,12,0.536737
114,13,0.525622
114,14,0.531964
114,15,0.476521
115,1,0.462129
115,2,0.477201
115,3,0.510154
115,4,0.508410
115,5,0.458263
115,6,0.530625
115,7,0.508526
115,8,0.524176
115,9,0.461244
115,10,0.434589
115,11,0.474943
115,12,0.453441
115,13,0.518909
115,14,0.534052
115,15,0.464601
116,1,0.453995
116,2,0.440190
116,3,0.441649
116,4,0.472494
116,5,0.574110
116,6,0.525622
116,7,0.532248
116,8,0.476376
116,9,0.455120
116,10,0.456857
116,11,0.503637
116,12,0.343826
116,13,0.405085
116,14,0.444460
116,15,0.488721
117,1,0.489523
117,2,0.574110
117,3,0.519457
117,4,0.486625
117,5,0.457081
117,6,0.457129
117,7,0.473996
117,8,0.468059
117,9,0.509170
117,10,0.468806
117,11,0.452333
117,12,0.493193
117,13,0.524679
117,14,0.452880
117,15,0.358405
118,1,0.515785
118,2,0.468327
118,3,0.517495
118,4,0.474180
118,5,0.508220
118,6,0.535504
118,7,0.517395
118,8,0.544584
118,9,0.515823
118,10,0.523350
118,11,0.469856
118,12,0.430367
118,13,0.371737
118,14,0.486117
118,15,0.527474
119,1,0.468890
119,2,0.457081
119,3,0.437995
119,4,0.493006
119,5,0.499683
119,6,0.521856
119,7,0.498168
119,8,0.464781
119,9,0.508753
119,10,0.484200
119,11,0.467425
119,12,0.574110
119,13,0.515668
119,14,0.452414
119,15,0.535952
120,1,0.533487
120,2,0.529795
120,3,0.514955
120,4,0.338960
120,5,0.472418
120,6,0.527735
120,7,0.463308
120,8,0.419837
120,9,0.411744
120,10,0.441442
120,11,0.534661
120,12,0.540357
120,13,0.538565
120,14,0.574110
120,15,0.564999
121,1,0.456813
121,2,0.520230
121,3,0.541373
121,4,0.532574
121,5,0.540825
121,6,0.555735
121,7,0.456813
121,8,0.462339
121,9,0.485266
121,10,0.514107
121,11,0.505338
121,12,0.446782
121,13,0.432981
121,14,0.423068
121,15,0.497013
122,1,0.444098
122,2,0.456919
122,3,0.465688
122,4,0.498957
122,5,0.435089
122,6,0.539533
122,7,0.457081
122,8,0.495478
122,9,0.459558
122,10,0.485496
122,11,0.457088
122,12,0.501675
122,13,0.461373
122,14,0.529573
122,15,0.534698
123,1,0.302335
123,2,0.484655
123,3,0.501698
123,4,0.448529
123,5,0.411744
123,6,0.432130
123,7,0.521767
123,8,0.483527
123,9,0.530250
123,10,0.493995
123,11,0.511880
123,12,0.452414
123,13,0.241763
123,14,0.543019
123,15,0.455255
124,1,0.467425
124,2,0.452010
124,3,0.539228
124,4,0.516096
124,5,0.459012
124,6,0.508773
124,7,0.504243
124,8,0.493038
124,9,0.536497
124,10,0.000000
124,11,0.506117
124,12,0.457414
124,13,0.497424
124,14,0.496002
124,15,0.508413
125,1,0.456297
125,2,0.270057
125,3,0.446129
125,4,0.483348
125,5,0.505171
125,6,0.519325
125,7,0.537742
125,8,0.564999
125,9,0.500261
125,10,0.471671
125,11,0.538357
125,12,0.452446
125,13,0.453194
125,14,0.485668
125,15,0.492761
126,1,0.504649
126,2,0.561625
126,3,0.561877
126,4,0.504142
126,5,0.493825
126,6,0.360100
126,7,0.448672
126,8,0.440222
126,9,0.502595
126,10,0.488893
126,11,0.523915
126,12,0.552609
126,13,0.585922
126,14,0.575953
126,15,0.471311
127,1,0.540239
127,2,0.503231
127,3,0.491977
127,4,0.457971
127,5,0.446899
127,6,0.543286
127,7,0.546258
127,8,0.545254
127,9,0.462276
127,10,0.492659
127,11,0.520074
127,12,0.481614
127,13,0.439685
127,14,0.505408
127,15,0.497013
128,1,0.249842
128,2,0.485231
128,3,0.434589
128,4,0.499830
128,5,0.463045
128,6,0.457767
128,7,0.479551
128,8,0.530367
128,9,0.458115
128,10,0.441442
128,11,0.457971
128,12,0.473826
128,13,0.484135
128,14,0.547988
128,15,0.438857
129,1,0.502968
129,2,0.537930
129,3,0.574110
129,4,0.492131
129,5,0.547988
129,6,0.464451
129,7,0.537742
129,8,0.508753
129,9,0.526441
129,10,0.513271
129,11,0.489537
129,12,0.544584
129,13,0.533133
129,14,0.555511
129,15,0.535036
130,1,0.464857
130,2,0.481797
130,3,0.521473
130,4,0.502802
130,5,0.450793
130,6,0.499558
130,7,0.438795
130,8,0.576905
130,9,0.465263
130,10,0.497342
130,11,0.488556
130,12,0.519698
130,13,0.549866
130,14,0.523507
130,15,0.546088
131,1,0.471321
131,2,0.502703
131,3,0.527361
131,4,0.458639
131,5,0.488660
131,6,0.447198
131,7,0.444870
131,8,0.397650
131,9,0.576623
131,10,0.477873
131,11,0.427171
131,12,0.437995
131,13,0.479823
131,14,0.512959
131,15,0.510903
132,1,0.454786
132,2,0.411744
132,3,0.448507
132,4,0.471951
132,5,0.519867
132,6,0.430471
132,7,0.424342
132,8,0.497873
132,9,0.555555
132,10,0.435089
132,11,0.431107
132,12,0.434589
132,13,0.502593
132,14,0.469687
132,15,0.509857
133,1,0.546248
133,2,0.497094
133,3,0.540988
133,4,0.328530
133,5,0.483835
133,6,0.467318
133,7,0.443568
133,8,0.457743
133,9,0.462691
133,10,0.574110
133,11,0.564999
133,12,0.534055
133,13,0.522955
133,14,0.509453
133,15,0.541373
134,1,0.547988
134,2,0.564999
134,3,0.529267
134,4,0.511180
134,5,0.511880
134,6,0.469727
134,7,0.435089
134,8,0.438098
134,9,0.475948
134,10,0.487234
134,11,0.458639
134,12,0.424342
134,13,0.554919
134,14,0.519457
134,15,0.489060
135,1,0.463524
135,2,0.463428
135,3,0.458305
135,4,0.380913
135,5,0.459859
135,6,0.498123
135,7,0.329783
135,8,0.515364
135,9,0.217795
135,10,0.465405
135,11,0.482614
135,12,0.462052
135,13,0.497859
135,14,0.502672
135,15,0.457456
136,1,0.479895
136,2,0.518987
136,3,0.531486
136,4,0.512790
136,5,0.534284
136,6,0.544948
136,7,0.493637
136,8,0.456480
136,9,0.441191
136,10,0.442096
136,11,0.217294
136,12,0.520477
136,13,0.553196
136,14,0.311702
136,15,0.479895
137,1,0.505581
137,2,0.497648
137,3,0.479404
137,4,0.460860
137,5,0.499352
137,6,0.533703
137,7,0.520477
137,8,0.474410
137,9,0.446248
137,10,0.480087
137,11,0.508960
137,12,0.453424
137,13,0.446782
137,14,0.540239
137,15,0.491737
138,1,0.526650
138,2,0.459558
138,3,0.493600
138,4,0.518104
138,5,0.531435
138,6,0.518355
138,7,0.426354
138,8,0.454833
138,9,0.480634
138,10,0.495768
138,11,0.507442
138,12,0.485230
138,13,0.495318
138,14,0.515242
138,15,0.471395
139,1,0.504406
139,2,0.505500
139,3,0.574110
139,4,0.438229
139,5,0.547988
139,6,0.520477
139,7,0.354594
139,8,0.527474
139,9,0.517495
139,10,0.454104
139,11,0.512642
139,12,0.553196
139,13,0.525622
139,14,0.538777
139,15,0.539533
140,1,0.456952
140,2,0.452854
140,3,0.475219
140,4,0.502727
140,5,0.489014
140,6,0.507843
140,7,0.462588
140,8,0.432811
140,9,0.476482
140,10,0.429676
140,11,0.527474
140,12,0.506124
140,13,0.487535
140,14,0.518839
140,15,0.541922
141,1,0.554100
141,2,0.449876
141,3,0.495780
141,4,0.459268
141,5,0.506642
141,6,0.457767
141,7,0.411744
141,8,0.456857
141,9,0.516096
141,10,0.462991
141,11,0.451927
141,12,0.448217
141,13,0.497424
141,14,0.496204
141,15,0.552379
142,1,0.464608
142,2,0.531294
142,3,0.502963
142,4,0.576623
142,5,0.520629
142,6,0.494332
142,7,0.513183
142,8,0.517060
142,9,0.506698
142,10,0.440948
142,11,0.544964
142,12,0.526245
142,13,0.576296
142,14,0.507051
142,15,0.525622
143,1,0.496329
143,2,0.454336
143,3,0.542752
143,4,0.547242
143,5,0.460166
143,6,0.497859
143,7,0.513670
143,8,0.524625
143,9,0.290393
143,10,0.488830
143,11,0.442047
143,12,0.518839
143,13,0.508124
143,14,0.510764
143,15,0.523915
144,1,0.512790
144,2,0.490456
144,3,0.547988
144,4,0.458791
144,5,0.475559
144,6,0.543019
144,7,0.447198
144,8,0.491712
144,9,0.461636
144,10,0.529795
144,11,0.538400
144,12,0.473130
144,13,0.574110
144,14,0.474401
144,15,0.524980
145,1,0.492756
145,2,0.435590
145,3,0.419837
145,4,0.579701
145,5,0.531294
145,6,0.520515
145,7,0.537648
145,8,0.458071
145,9,0.494330
145,10,0.530367
145,11,0.518839
145,12,0.446905
145,13,0.438214
145,14,0.459110
145,15,0.412492
146,1,0.520439
146,2,0.497831
146,3,0.435590
146,4,0.545137
146,5,0.529648
146,6,0.435590
146,7,0.484233
146,8,0.532282
146,9,0.472990
146,10,0.543643
146,11,0.555555
146,12,0.575457
146,13,0.566706
146,14,0.537251
146,15,0.513993
147,1,0.458100
147,2,0.498703
147,3,0.543005
147,4,0.551831
147,5,0.555735
147,6,0.456813
147,7,0.467781
147,8,0.467130
147,9,0.452176
147,10,0.483552
147,11,0.547988
147,12,0.511715
147,13,0.518662
147,14,0.457147
147,15,0.467338
148,1,0.411744
148,2,0.498768
148,3,0.468373
148,4,0.337519
148,5,0.467132
148,6,0.490091
148,7,0.533881
148,8,0.426354
148,9,0.534471
148,10,0.474851
148,11,0.517321
148,12,0.479476
148,13,0.462491
148,14,0.429600
148,15,0.496680
149,1,0.509730
149,2,0.492328
149,3,0.498995
149,4,0.455854
149,5,0.440652
149,6,0.520873
149,7,0.527893
149,8,0.548946
149,9,0.442233
149,10,0.432981
149,11,0.432642
149,12,0.508441
149,13,0.469386
149,14,0.515364
149,15,0.501154
150,1,0.456480
150,2,0.474616
150,3,0.459558
150,4,0.532509
150,5,0.448307
150,6,0.447882
150,7,0.467926
150,8,0.485581
150,9,0.463174
150,10,0.481252
150,11,0.545730
150,12,0.544883
150,13,0.492995
150,14,0.457081
150,15,0.493637
151,1,0.473996
151,2,0.472494
151,3,0.492125
151,4,0.515668
151,5,0.359373
151,6,0.496797
151,7,0.484081
151,8,0.481510
151,9,0.467425
151,10,0.535624
151,11,0.493637
151,12,0.533349
151,13,0.457129
151,14,0.495545
151,15,0.520651
152,1,0.454778
152,2,0.495333
152,3,0.520813
152,4,0.521767
152,5,0.484272
152,6,0.536499
152,7,0.471833
152,8,0.538075
152,9,0.434589
152,10,0.471967
152,11,0.492367
152,12,0.574110
152,13,0.559813
152,14,0.537742
152,15,0.479314
153,1,0.500834
153,2,0.502794
153,3,0.472630
153,4,0.447546
153,5,0.499883
153,6,0.453424
153,7,0.513183
153,8,0.434589
153,9,0.502012
153,10,0.442633
153,11,0.520477
153,12,0.536499
153,13,0.562698
153,14,0.535167
153,15,0.573227
154,1,0.488479
154,2,0.520813
154,3,0.468990
154,4,0.503960
154,5,0.492023
154,6,0.456054
154,7,0.457396
154,8,0.441191
154,9,0.467614
154,10,0.579136
154,11,0.488479
154,12,0.538777
154,13,0.539533
154,14,0.454778
154,15,0.456919
155,1,0.493604
155,2,0.465533
155,3,0.476281
155,4,0.498833
155,5,0.527474
155,6,0.447198
155,7,0.439245
155,8,0.574110
155,9,0.446717
155,10,0.461727
155,11,0.494330
155,12,0.459373
155,13,0.503712
155,14,0.527214
155,15,0.507191
156,1,0.533569
156,2,0.489437
156,3,0.438214
156,4,0.478863
156,5,0.457620
156,6,0.490635
156,7,0.531481
156,8,0.557856
156,9,0.496160
156,10,0.521716
156,11,0.511180
156,12,0.514134
156,13,0.468604
156,14,0.533704
156,15,0.545137
157,1,0.547988
157,2,0.534491
157,3,0.585424
157,4,0.566706
157,5,0.507121
157,6,0.352267
157,7,0.483108
157,8,0.574110
157,9,0.498768
157,10,0.516911
157,11,0.515813
157,12,0.489417
157,13,0.506124
157,14,0.503114
157,15,0.498810
158,1,0.518145
158,2,0.441839
158,3,0.514775
158,4,0.522257
158,5,0.490628
158,6,0.462129
158,7,0.464208
158,8,0.493959
158,9,0.456302
158,10,0.476850
158,11,0.531280
158,12,0.446254
158,13,0.481309
158,14,0.504749
158,15,0.518676
159,1,0.540853
159,2,0.508421
159,3,0.458100
159,4,0.440652
159,5,0.542292
159,6,0.470163
159,7,0.304613
159,8,0.493604
159,9,0.483108
159,10,0.545566
159,11,0.453502
159,12,0.434589
159,13,0.464621
159,14,0.393469
159,15,0.461194
160,1,0.452202
160,2,0.533704
160,3,0.507628
160,4,0.547172
160,5,0.533703
160,6,0.509453
160,7,0.454583
160,8,0.496669
160,9,0.520813
160,10,0.532282
160,11,0.525622
160,12,0.529404
160,13,0.506124
160,14,0.434589
160,15,0.530826
161,1,0.465096
161,2,0.501971
161,3,0.480839
161,4,0.475559
161,5,0.471671
161,6,0.542752
161,7,0.500261
161,8,0.532774
161,9,0.533005
161,10,0.545580
161,11,0.574598
161,12,0.460464
161,13,0.441191
161,14,0.441517
161,15,0.456649
162,1,0.541156
162,2,0.559813
162,3,0.552442
162,4,0.537712
162,5,0.466795
162,6,0.469086
162,7,0.502595
162,8,0.531304
162,9,0.360444
162,10,0.492922
162,11,0.457971
162,12,0.440190
162,13,0.422433
162,14,0.440222
162,15,0.497890
163,1,0.574110
163,2,0.439357
163,3,0.445820
163,4,0.463663
163,5,0.446948
163,6,0.499811
163,7,0.431741
163,8,0.488155
163,9,0.491735
163,10,0.490478
163,11,0.530336
163,12,0.526170
163,13,0.354125
163,14,0.446147
163,15,0.452851
164,1,0.482318
164,2,0.518880
164,3,0.523915
164,4,0.539068
164,5,0.507772
164,6,0.541922
164,7,0.535770
164,8,0.552662
164,9,0.541837
164,10,0.495545
164,11,0.562877
164,12,0.515326
164,13,0.526161
164,14,0.539966
164,15,0.534847
165,1,0.506124
165,2,0.466795
165,3,0.451025
165,4,0.429244
165,5,0.503981
165,6,0.531830
165,7,0.518965
165,8,0.434096
165,9,0.337107
165,10,0.480109
165,11,0.464885
165,12,0.503202
165,13,0.513402
165,14,0.503222
165,15,0.501889
166,1,0.515823
166,2,0.566955
166,3,0.459644
166,4,0.454833
166,5,0.458100
166,6,0.456067
166,7,0.447314
166,8,0.422433
166,9,0.480236
166,10,0.467553
166,11,0.522115
166,12,0.579136
166,13,0.508960
166,14,0.555709
166,15,0.537086
167,1,0.535252
167,2,0.574110
167,3,0.446905
167,4,0.533215
167,5,0.537823
167,6,0.520580
167,7,0.286981
167,8,0.462600
167,9,0.513007
167,10,0.513876
167,11,0.440213
167,12,0.450901
167,13,0.454604
167,14,0.445175
167,15,0.457743
168,1,0.504631
168,2,0.217294
168,3,0.446147
168,4,0.469224
168,5,0.450797
168,6,0.436619
168,7,0.520256
168,8,0.531975
168,9,0.504352
168,10,0.455854
168,11,0.524850
168,12,0.452359
168,13,0.446645
168,14,0.452355
168,15,0.482361
169,1,0.498073
169,2,0.492131
169,3,0.518965
169,4,0.464594
169,5,0.533558
169,6,0.498975
169,7,0.489201
169,8,0.547988
169,9,0.458290
169,10,0.451927
169,11,0.441442
169,12,0.464868
169,13,0.458305
169,14,0.455031
169,15,0.465772
170,1,0.520813
170,2,0.456813
170,3,0.468746
170,4,0.499514
170,5,0.462914
170,6,0.270057
170,7,0.500406
170,8,0.467383
170,9,0.513007
170,10,0.488197
170,11,0.574110
170,12,0.464451
170,13,0.459644
170,14,0.497737
170,15,0.539533
171,1,0.526763
171,2,0.530903
171,3,0.454778
171,4,0.458528
171,5,0.472979
171,6,0.467217
171,7,0.574110
171,8,0.488479
171,9,0.514532
171,10,0.451235
171,11,0.431107
171,12,0.484299
171,13,0.504048
171,14,0.459309
171,15,0.466358
172,1,0.503522
172,2,0.537269
172,3,0.505324
172,4,0.537588
172,5,0.498445
172,6,0.532890
172,7,0.498291
172,8,0.547988
172,9,0.536888
172,10,0.498445
172,11,0.566955
172,12,0.511976
172,13,0.453502
172,14,0.540733
172,15,0.510122
173,1,0.455854
173,2,0.470328
173,3,0.547988
173,4,0.491060
173,5,0.557856
173,6,0.544997
173,7,0.488279
173,8,0.464528
173,9,0.503279
173,10,0.505564
173,11,0.466050
173,12,0.500933
173,13,0.457620
173,14,0.434589
173,15,0.493604
174,1,0.507843
174,2,0.462154
174,3,0.549802
174,4,0.562877
174,5,0.543808
174,6,0.513335
174,7,0.535135
174,8,0.533703
174,9,0.511180
174,10,0.469577
174,11,0.518814
174,12,0.512499
174,13,0.520636
174,14,0.468327
174,15,0.479433
175,1,0.542718
175,2,0.482542
175,3,0.483348
175,4,0.547996
175,5,0.515190
175,6,0.474410
175,7,0.520813
175,8,0.478695
175,9,0.513402
175,10,0.523056
175,11,0.523915
175,12,0.493866
175,13,0.537648
175,14,0.533002
175,15,0.462074
176,1,0.529539
176,2,0.458305
176,3,0.329453
176,4,0.441191
176,5,0.486943
176,6,0.564999
176,7,0.471833
176,8,0.535561
176,9,0.463800
176,10,0.369631
176,11,0.464357
176,12,0.523725
176,13,0.453542
176,14,0.397650
176,15,0.446467
177,1,0.456919
177,2,0.437694
177,3,0.494752
177,4,0.516241
177,5,0.454778
177,6,0.424374
177,7,0.358048
177,8,0.437598
177,9,0.498331
177,10,0.491798
177,11,0.547988
177,12,0.370618
177,13,0.463640
177,14,0.511062
177,15,0.443959
178,1,0.487726
178,2,0.466814
178,3,0.510648
178,4,0.496331
178,5,0.485880
178,6,0.461727
178,7,0.485092
178,8,0.464246
178,9,0.515102
178,10,0.539533
178,11,0.441839
178,12,0.495638
178,13,0.518610
178,14,0.438214
178,15,0.506369
179,1,0.520813
179,2,0.459558
179,3,0.446717
179,4,0.492795
179,5,0.437005
179,6,0.486922
179,7,0.514986
179,8,0.456621
179,9,0.456989
179,10,0.448318
179,11,0.507843
179,12,0.486335
179,13,0.536561
179,14,0.538218
179,15,0.469856
180,1,0.521473
180,2,0.457456
180,3,0.437995
180,4,0.452341
180,5,0.455585
180,6,0.431979
180,7,0.506560
180,8,0.502116
180,9,0.464451
180,10,0.456813
180,11,0.459244
180,12,0.484233
180,13,0.439679
180,14,0.547988
180,15,0.532282
181,1,0.439357
181,2,0.452355
181,3,0.467425
181,4,0.524980
181,5,0.505465
181,6,0.533230
181,7,0.453109
181,8,0.428765
181,9,0.497013
181,10,0.530884
181,11,0.456538
181,12,0.431107
181,13,0.547988
181,14,0.479895
181,15,0.531294
182,1,0.525622
182,2,0.360901
182,3,0.486263
182,4,0.358207
182,5,0.495126
182,6,0.492008
182,7,0.488643
182,8,0.549182
182,9,0.523484
182,10,0.497430
182,11,0.459058
182,12,0.494767
182,13,0.476150
182,14,0.434589
182,15,0.501399
183,1,0.533704
183,2,0.507244
183,3,0.519145
183,4,0.434589
183,5,0.495545
183,6,0.469687
183,7,0.500736
183,8,0.452033
183,9,0.494954
183,10,0.544118
183,11,0.551038
183,12,0.574110
183,13,0.531294
183,14,0.485880
183,15,0.537459
184,1,0.457081
184,2,0.494159
184,3,0.457919
184,4,0.468612
184,5,0.501372
184,6,0.447379
184,7,0.496877
184,8,0.498624
184,9,0.541546
184,10,0.455022
184,11,0.405085
184,12,0.428541
184,13,0.538357
184,14,0.546789
184,15,0.540353
185,1,0.510381
185,2,0.533703
185,3,0.462773
185,4,0.497013
185,5,0.515668
185,6,0.503766
185,7,0.445859
185,8,0.334984
185,9,0.436234
185,10,0.488593
185,11,0.524980
185,12,0.490429
185,13,0.480650
185,14,0.498991
185,15,0.459859
186,1,0.495343
186,2,0.462029
186,3,0.486731
186,4,0.217294
186,5,0.574110
186,6,0.475132
186,7,0.488479
186,8,0.564999
186,9,0.458120
186,10,0.496160
186,11,0.351479
186,12,0.533558
186,13,0.486855
186,14,0.512767
186,15,0.460517
187,1,0.202543
187,2,0.467369
187,3,0.526433
187,4,0.497935
187,5,0.500004
187,6,0.467136
187,7,0.499833
187,8,0.441442
187,9,0.463641
187,10,0.486412
187,11,0.434589
187,12,0.509298
187,13,0.469727
187,14,0.532282
187,15,0.493297
188,1,0.530367
188,2,0.494591
188,3,0.469173
188,4,0.502325
188,5,0.480814
188,6,0.522940
188,7,0.435089
188,8,0.493922
188,9,0.522955
188,10,0.455120
188,11,0.452641
188,12,0.532282
188,13,0.459058
188,14,0.446645
188,15,0.494740
189,1,0.457129
189,2,0.500186
189,3,0.481614
189,4,0.440836
189,5,0.425789
189,6,0.476394
189,7,0.503259
189,8,0.507751
189,9,0.516472
189,10,0.510381
189,11,0.305080
189,12,0.456148
189,13,0.501971
189,14,0.518323
189,15,0.525622
190,1,0.525746
190,2,0.507078
190,3,0.498445
190,4,0.442102
190,5,0.497424
190,6,0.513670
190,7,0.511180
190,8,0.474816
190,9,0.532125
190,10,0.562011
190,11,0.467769
190,12,0.513383
190,13,0.474603
190,14,0.502767
190,15,0.547988
191,1,0.520006
191,2,0.518965
191,3,0.454336
191,4,0.506369
191,5,0.453557
191,6,0.506369
191,7,0.464451
191,8,0.456813
191,9,0.543035
191,10,0.458115
191,11,0.411744
191,12,0.489313
191,13,0.521884
191,14,0.555709
191,15,0.534192
192,1,0.530367
192,2,0.512390
192,3,0.485880
192,4,0.538777
192,5,0.457767
192,6,0.468367
192,7,0.506930
192,8,0.457308
192,9,0.305080
192,10,0.479498
192,11,0.466679
192,12,0.485116
192,13,0.554567
192,14,0.458434
192,15,0.496679
193,1,0.574110
193,2,0.441741
193,3,0.330800
193,4,0.435400
193,5,0.452341
193,6,0.506369
193,7,0.467553
193,8,0.515668
193,9,0.435089
193,10,0.424986
193,11,0.510381
193,12,0.530773
193,13,0.523449
193,14,0.537742
193,15,0.514785
194,1,0.523217
194,2,0.532890
194,3,0.464451
194,4,0.488866
194,5,0.574110
194,6,0.490357
194,7,0.483527
194,8,0.530250
194,9,0.539502
194,10,0.531305
194,11,0.526467
194,12,0.464966
194,13,0.514624
194,14,0.524815
194,15,0.564999
195,1,0.464857
195,2,0.463451
195,3,0.504378
195,4,0.523915
195,5,0.506454
195,6,0.520813
195,7,0.533569
195,8,0.513670
195,9,0.498445
195,10,0.464451
195,11,0.540733
195,12,0.457767
195,13,0.354704
195,14,0.460216
195,15,0.493010
196,1,0.493489
196,2,0.523915
196,3,0.480576
196,4,0.462961
196,5,0.528297
196,6,0.477322
196,7,0.449428
196,8,0.479579
196,9,0.488479
196,10,0.500715
196,11,0.521623
196,12,0.537742
196,13,0.519583
196,14,0.491357
196,15,0.537782
197,1,0.435590
197,2,0.543035
197,3,0.513335
197,4,0.512790
197,5,0.470054
197,6,0.458100
197,7,0.524232
197,8,0.456105
197,9,0.448334
197,10,0.441191
197,11,0.441191
197,12,0.498123
197,13,0.464451
197,14,0.576905
197,15,0.479314
198,1,0.511102
198,2,0.434589
198,3,0.474659
198,4,0.520116
198,5,0.539183
198,6,0.495429
198,7,0.549016
198,8,0.550870
198,9,0.531892
198,10,0.506124
198,11,0.539966
198,12,0.469356
198,13,0.553393
198,14,0.492123
198,15,0.452359
199,1,0.480461
199,2,0.490619
199,3,0.498244
199,4,0.511976
199,5,0.506124
199,6,0.545137
199,7,0.000000
199,8,0.487147
199,9,0.470962
199,10,0.479141
199,11,0.536737
199,12,0.459095
199,13,0.479764
199,14,0.507051
199,15,0.513670
200,1,0.576623
200,2,0.533704
200,3,0.453735
200,4,0.485266
200,5,0.503415
200,6,0.468166
200,7,0.496797
200,8,0.463548
200,9,0.453536
200,10,0.465688
200,11,0.547988
200,12,0.510381
200,13,0.485880
200,14,0.554567
200,15,0.508441
201,1,0.442699
201,2,0.479764
201,3,0.547988
201,4,0.500715
201,5,0.492131
201,6,0.468806
201,7,0.411744
201,8,0.512050
201,9,0.493499
201,10,0.562698
201,11,0.505158
201,12,0.544118
201,13,0.579640
201,14,0.442233
201,15,0.500038
202,1,0.444306
202,2,0.464673
202,3,0.500834
202,4,0.311285
202,5,0.497965
202,6,0.252061
202,7,0.517178
202,8,0.489386
202,9,0.434589
202,10,0.000000
202,11,0.505564
202,12,0.500715
202,13,0.549109
202,14,0.564999
202,15,0.510381
203,1,0.559813
203,2,0.554919
203,3,0.510381
203,4,0.286981
203,5,0.304613
203,6,0.525421
203,7,0.454336
203,8,0.458617
203,9,0.498833
203,10,0.514551
203,11,0.508421
203,12,0.514856
203,13,0.471671
203,14,0.444943
203,15,0.426593
204,1,0.523915
204,2,0.435590
204,3,0.380913
204,4,0.492131
204,5,0.574110
204,6,0.499127
204,7,0.552379
204,8,0.457167
204,9,0.493604
204,10,0.354752
204,11,0.476039
204,12,0.490789
204,13,0.476046
204,14,0.505581
204,15,0.448817
205,1,0.429676
205,2,0.506369
205,3,0.531294
205,4,0.453735
205,5,0.441191
205,6,0.508753
205,7,0.547988
205,8,0.452414
205,9,0.217795
205,10,0.452355
205,11,0.463373
205,12,0.488667
205,13,0.458639
205,14,0.439271
205,15,0.440222
206,1,0.457129
206,2,0.502474
206,3,0.498979
206,4,0.536737
206,5,0.532275
206,6,0.457308
206,7,0.535135
206,8,0.450793
206,9,0.431107
206,10,0.451025
206,11,0.468059
206,12,0.451235
206,13,0.454911
206,14,0.546376
206,15,0.540057
207,1,0.520813
207,2,0.552962
207,3,0.311617
207,4,0.523217
207,5,0.482711
207,6,0.515316
207,7,0.554919
207,8,0.531294
207,9,0.453735
207,10,0.428541
207,11,0.497013
207,12,0.512543
207,13,0.517060
207,14,0.453492
207,15,0.469711
208,1,0.513767
208,2,0.535672
208,3,0.469356
208,4,0.500391
208,5,0.488479
208,6,0.445859
208,7,0.453644
208,8,0.505564
208,9,0.501927
208,10,0.524296
208,11,0.455589
208,12,0.437274
208,13,0.469327
208,14,0.450056
208,15,0.482984
209,1,0.514968
209,2,0.469356
209,3,0.464530
209,4,0.479075
209,5,0.512759
209,6,0.547430
209,7,0.460860
209,8,0.441191
209,9,0.538979
209,10,0.574110
209,11,0.539167
209,12,0.537742
209,13,0.439685
209,14,0.432712
209,15,0.447580
210,1,0.538357
210,2,0.547988
210,3,0.553196
210,4,0.463308
210,5,0.452355
210,6,0.461194
210,7,0.503853
210,8,0.507782
210,9,0.475782
210,10,0.534177
210,11,0.456188
210,12,0.498584
210,13,0.340718
210,14,0.466679
210,15,0.496008
211,1,0.501661
211,2,0.458100
211,3,0.428541
211,4,0.536463
211,5,0.518745
211,6,0.512493
211,7,0.525622
211,8,0.457308
211,9,0.361602
211,10,0.574110
211,11,0.504199
211,12,0.520251
211,13,0.460755
211,14,0.522368
211,15,0.443116
212,1,0.436810
212,2,0.501691
212,3,0.487190
212,4,0.452359
212,5,0.460339
212,6,0.498284
212,7,0.466988
212,8,0.535686
212,9,0.534221
212,10,0.468067
212,11,0.513007
212,12,0.405085
212,13,0.540239
212,14,0.284236
212,15,0.480236
213,1,0.483246
213,2,0.515668
213,3,0.456813
213,4,0.483108
213,5,0.542292
213,6,0.471725
213,7,0.484251
213,8,0.507051
213,9,0.554567
213,10,0.522139
213,11,0.459058
213,12,0.495844
213,13,0.547988
213,14,0.456813
213,15,0.482941
214,1,0.501516
214,2,0.500715
214,3,0.561723
214,4,0.492320
214,5,0.457081
214,6,0.482941
214,7,0.465327
214,8,0.523806
214,9,0.435590
214,10,0.506369
214,11,0.512167
214,12,0.459058
214,13,0.447932
214,14,0.411744
214,15,0.452372
215,1,0.464786
215,2,0.494740
215,3,0.459373
215,4,0.396328
215,5,0.522483
215,6,0.290393
215,7,0.202543
215,8,0.466752
215,9,0.506751
215,10,0.498073
215,11,0.562698
215,12,0.536737
215,13,0.519583
215,14,0.450793
215,15,0.396328
216,1,0.535561
216,2,0.559811
216,3,0.467553
216,4,0.447246
216,5,0.513402
216,6,0.485880
216,7,0.471671
216,8,0.502701
216,9,0.477959
216,10,0.533828
216,11,0.481653
216,12,0.460860
216,13,0.463451
216,14,0.446879
216,15,0.520477
217,1,0.511180
217,2,0.467425
217,3,0.470720
217,4,0.451235
217,5,0.422433
217,6,0.497017
217,7,0.524621
217,8,0.531079
217,9,0.547988
217,10,0.515271
217,11,0.438214
217,12,0.446645
217,13,0.499833
217,14,0.355102
217,15,0.405085
218,1,0.459320
218,2,0.493545
218,3,0.555991
218,4,0.453735
218,5,0.497424
218,6,0.458115
218,7,0.456919
218,8,0.396328
218,9,0.518774
218,10,0.576075
218,11,0.547988
218,12,0.537648
218,13,0.512959
218,14,0.561842
218,15,0.454940
219,1,0.550870
219,2,0.527474
219,3,0.525746
219,4,0.397650
219,5,0.541212
219,6,0.523915
219,7,0.533704
219,8,0.537742
219,9,0.537648
219,10,0.520477
219,11,0.533704
219,12,0.526538
219,13,0.442770
219,14,0.456919
219,15,0.451927
220,1,0.492506
220,2,0.464451
220,3,0.541922
220,4,0.471671
220,5,0.466679
220,6,0.467425
220,7,0.435612
220,8,0.472219
220,9,0.540846
220,10,0.473785
220,11,0.492319
220,12,0.512875
220,13,0.439402
220,14,0.532522
220,15,0.496091
221,1,0.542516
221,2,0.542116
221,3,0.459428
221,4,0.477167
221,5,0.490102
221,6,0.576905
221,7,0.503420
221,8,0.539860
221,9,0.531360
221,10,0.435590
221,11,0.499833
221,12,0.469356
221,13,0.464451
221,14,0.461194
221,15,0.497013
222,1,0.547988
222,2,0.531294
222,3,0.515813
222,4,0.481723
222,5,0.533569
222,6,0.453735
222,7,0.517891
222,8,0.530367
222,9,0.542640
222,10,0.455120
222,11,0.496497
222,12,0.455307
222,13,0.443410
222,14,0.486480
222,15,0.434589
223,1,0.457660
223,2,0.509753
223,3,0.475594
223,4,0.504719
223,5,0.555735
223,6,0.491204
223,7,0.448606
223,8,0.491712
223,9,0.506124
223,10,0.458995
223,11,0.491712
223,12,0.517945
223,13,0.525622
223,14,0.475296
223,15,0.515668
224,1,0.534946
224,2,0.510965
224,3,0.533020
224,4,0.454138
224,5,0.451892
224,6,0.485729
224,7,0.468327
224,8,0.515668
224,9,0.000000
224,10,0.511032
224,11,0.511692
224,12,0.512064
224,13,0.502064
224,14,0.488311
224,15,0.463271
225,1,0.484655
225,2,0.534108
225,3,0.503231
225,4,0.434260
225,5,0.452690
225,6,0.504323
225,7,0.522955
225,8,0.521682
225,9,0.453538
225,10,0.461821
225,11,0.490593
225,12,0.530318
225,13,0.535711
225,14,0.481802
225,15,0.542752
226,1,0.458975
226,2,0.513957
226,3,0.513335
226,4,0.553196
226,5,0.450990
226,6,0.446899
226,7,0.544118
226,8,0.536395
226,9,0.532843
226,10,0.525419
226,11,0.456522
226,12,0.489178
226,13,0.336390
226,14,0.493175
226,15,0.491248
227,1,0.514968
227,2,0.446431
227,3,0.487903
227,4,0.434589
227,5,0.493604
227,6,0.453735
227,7,0.496669
227,8,0.479804
227,9,0.497430
227,10,0.352119
227,11,0.479322
227,12,0.463748
227,13,0.495126
227,14,0.455915
227,15,0.482366
228,1,0.546623
228,2,0.530507
228,3,0.506090
228,4,0.452033
228,5,0.436632
228,6,0.411744
228,7,0.450358
228,8,0.464166
228,9,0.426354
228,10,0.504507
228,11,0.515668
228,12,0.461194
228,13,0.506369
228,14,0.470103
228,15,0.483108
229,1,0.457971
229,2,0.469330
229,3,0.453833
229,4,0.465418
229,5,0.516493
229,6,0.454336
229,7,0.445204
229,8,0.533230
229,9,0.520157
229,10,0.503995
229,11,0.502751
229,12,0.502603
229,13,0.504123
229,14,0.520969
229,15,0.487633
230,1,0.522955
230,2,0.461244
230,3,0.468423
230,4,0.513768
230,5,0.513258
230,6,0.453735
230,7,0.459244
230,8,0.537023
230,9,0.513670
230,10,0.452760
230,11,0.446645
230,12,0.480236
230,13,0.489523
230,14,0.507051
230,15,0.506124
231,1,0.526224
231,2,0.545137
231,3,0.536839
231,4,0.533684
231,5,0.543952
231,6,0.458224
231,7,0.459676
231,8,0.450722
231,9,0.477369
231,10,0.434260
231,11,0.485319
231,12,0.455187
231,13,0.452406
231,14,0.255200
231,15,0.574110
232,1,0.476011
232,2,0.459058
232,3,0.000000
232,4,0.547988
232,5,0.521623
232,6,0.549036
232,7,0.557856
232,8,0.468605
232,9,0.453112
232,10,0.516035
232,11,0.534468
232,12,0.498385
232,13,0.450793
232,14,0.516747
232,15,0.452317
233,1,0.468894
233,2,0.523217
233,3,0.524357
233,4,0.525622
233,5,0.439418
233,6,0.471671
233,7,0.202543
233,8,0.489446
233,9,0.509731
233,10,0.482078
233,11,0.531681
233,12,0.525741
233,13,0.521423
233,14,0.461244
233,15,0.454104
234,1,0.530367
234,2,0.493572
234,3,0.509730
234,4,0.554919
234,5,0.539533
234,6,0.434589
234,7,0.505408
234,8,0.506272
234,9,0.535320
234,10,0.508526
234,11,0.468327
234,12,0.495573
234,13,0.512790
234,14,0.497148
234,15,0.485880
235,1,0.519028
235,2,0.456188
235,3,0.417336
235,4,0.474943
235,5,0.500715
235,6,0.508441
235,7,0.554858
235,8,0.513993
235,9,0.547988
235,10,0.512790
235,11,0.480650
235,12,0.456480
235,13,0.444884
235,14,0.461194
235,15,0.448236
236,1,0.533468
236,2,0.547988
236,3,0.496160
236,4,0.547988
236,5,0.489005
236,6,0.537648
236,7,0.541845
236,8,0.535366
236,9,0.532657
236,10,0.454336
236,11,0.479169
236,12,0.525583
236,13,0.507843
236,14,0.480332
236,15,0.456480
237,1,0.506369
237,2,0.469878
237,3,0.477718
237,4,0.511528
237,5,0.508526
237,6,0.437339
237,7,0.456919
237,8,0.217294
237,9,0.515668
237,10,0.456813
237,11,0.437995
237,12,0.521731
237,13,0.520813
237,14,0.458987
237,15,0.479732
238,1,0.547988
238,2,0.496481
238,3,0.537459
238,4,0.442717
238,5,0.454515
238,6,0.531294
238,7,0.520813
238,8,0.465280
238,9,0.448217
238,10,0.355045
238,11,0.464357
238,12,0.443116
238,13,0.493026
238,14,0.509193
238,15,0.538115
239,1,0.519501
239,2,0.557856
239,3,0.513112
239,4,0.545137
239,5,0.522103
239,6,0.350401
239,7,0.445610
239,8,0.429244
239,9,0.447379
239,10,0.466419
239,11,0.411744
239,12,0.514309
239,13,0.459558
239,14,0.464868
239,15,0.503998
240,1,0.467425
240,2,0.459058
240,3,0.451927
240,4,0.428872
240,5,0.217294
240,6,0.504544
240,7,0.506124
240,8,0.518965
240,9,0.547988
240,10,0.508776
240,11,0.456892
240,12,0.350503
240,13,0.489830
240,14,0.502051
240,15,0.541212
241,1,0.467425
241,2,0.566955
241,3,0.449317
241,4,0.574110
241,5,0.474943
241,6,0.434589
241,7,0.496160
241,8,0.523265
241,9,0.532871
241,10,0.555991
241,11,0.541837
241,12,0.453502
241,13,0.447890
241,14,0.477992
241,15,0.510206
242,1,0.460401
242,2,0.431107
242,3,0.511528
242,4,0.493572
242,5,0.519457
242,6,0.542141
242,7,0.506124
242,8,0.453735
242,9,0.497424
242,10,0.458115
242,11,0.447332
242,12,0.540988
242,13,0.529953
242,14,0.554669
242,15,0.458100
243,1,0.459244
243,2,0.464310
243,3,0.464451
243,4,0.491392
243,5,0.547517
243,6,0.434589
243,7,0.497003
243,8,0.544948
243,9,0.502064
243,10,0.530367
243,11,0.426354
243,12,0.540239
243,13,0.492131
243,14,0.489306
243,15,0.450793
244,1,0.463851
244,2,0.523034
244,3,0.492761
244,4,0.511077
244,5,0.460860
244,6,0.444425
244,7,0.497424
244,8,0.488784
244,9,0.530367
244,10,0.452359
244,11,0.493069
244,12,0.457081
244,13,0.441191
244,14,0.472830
244,15,0.447198
245,1,0.438518
245,2,0.444884
245,3,0.484081
245,4,0.506117
245,5,0.472171
245,6,0.446645
245,7,0.527694
245,8,0.533129
245,9,0.468032
245,10,0.574110
245,11,0.483108
245,12,0.501376
245,13,0.523217
245,14,0.537742
245,15,0.547988
246,1,0.537459
246,2,0.520477
246,3,0.510919
246,4,0.458100
246,5,0.496872
246,6,0.475511
246,7,0.547988
246,8,0.520813
246,9,0.446717
246,10,0.450901
246,11,0.447546
246,12,0.451130
246,13,0.480236
246,14,0.500715
246,15,0.574110
247,1,0.500261
247,2,0.489313
247,3,0.575785
247,4,0.453542
247,5,0.517598
247,6,0.461244
247,7,0.494142
247,8,0.470087
247,9,0.474926
247,10,0.505693
247,11,0.451022
247,12,0.432811
247,13,0.456813
247,14,0.492419
247,15,0.447198
248,1,0.444884
248,2,0.513836
248,3,0.518965
248,4,0.476287
248,5,0.547988
248,6,0.551304
248,7,0.547988
248,8,0.579701
248,9,0.538777
248,10,0.446254
248,11,0.452355
248,12,0.456813
248,13,0.441191
248,14,0.468894
248,15,0.523806
249,1,0.442436
249,2,0.456319
249,3,0.533230
249,4,0.534284
249,5,0.472354
249,6,0.525831
249,7,0.461636
249,8,0.552379
249,9,0.547988
249,10,0.489330
249,11,0.460860
249,12,0.465654
249,13,0.506621
249,14,0.533703
249,15,0.528828
250,1,0.446905
250,2,0.480650
250,3,0.515668
250,4,0.475238
250,5,0.528532
250,6,0.513670
250,7,0.507031
250,8,0.507244
250,9,0.547988
250,10,0.457414
250,11,0.497424
250,12,0.506124
250,13,0.530367
250,14,0.525622
250,15,0.453735
251,1,0.456919
251,2,0.451025
251,3,0.467846
251,4,0.311119
251,5,0.508183
251,6,0.531294
251,7,0.500715
251,8,0.512167
251,9,0.533704
251,10,0.461636
251,11,0.557856
251,12,0.554858
251,13,0.507405
251,14,0.532282
251,15,0.439357
252,1,0.452355
252,2,0.456813
252,3,0.490964
252,4,0.539167
252,5,0.514221
252,6,0.523695
252,7,0.466147
252,8,0.445772
252,9,0.461619
252,10,0.534673
252,11,0.555735
252,12,0.538868
252,13,0.531986
252,14,0.540314
252,15,0.550303
253,1,0.456565
253,2,0.493604
253,3,0.455255
253,4,0.446645
253,5,0.447546
253,6,0.457129
253,7,0.217294
253,8,0.523217
253,9,0.491486
253,10,0.505968
253,11,0.469356
253,12,0.430367
253,13,0.520516
253,14,0.513014
253,15,0.459558
254,1,0.488215
254,2,0.501005
254,3,0.526115
254,4,0.575772
254,5,0.562698
254,6,0.510381
254,7,0.453735
254,8,0.446899
254,9,0.458305
254,10,0.506369
254,11,0.470193
254,12,0.442436
254,13,0.449455
254,14,0.202543
254,15,0.515668
255,1,0.503998
255,2,0.514460
255,3,0.523917
255,4,0.469356
255,5,0.468894
255,6,0.481715
255,7,0.552609
255,8,0.554669
255,9,0.522659
255,10,0.467132
255,11,0.442633
255,12,0.341987
255,13,0.491315
255,14,0.462561
255,15,0.447246
256,1,0.497424
256,2,0.505655
256,3,0.426354
256,4,0.458105
256,5,0.465327
256,6,0.490465
256,7,0.537459
256,8,0.457081
256,9,0.538601
256,10,0.542718
256,11,0.508753
256,12,0.576875
256,13,0.453735
256,14,0.456919
256,15,0.451927
257,1,0.453827
257,2,0.457178
257,3,0.523418
257,4,0.520651
257,5,0.530486
257,6,0.474079
257,7,0.467711
257,8,0.500834
257,9,0.458539
257,10,0.506117
257,11,0.516817
257,12,0.531964
257,13,0.539860
257,14,0.540445
257,15,0.535407
258,1,0.538218
258,2,0.554669
258,3,0.574110
258,4,0.514624
258,5,0.469856
258,6,0.436940
258,7,0.533704
258,8,0.528786
258,9,0.488542
258,10,0.539966
258,11,0.538804
258,12,0.471099
258,13,0.515668
258,14,0.516035
258,15,0.464966
259,1,0.525746
259,2,0.515102
259,3,0.457129
259,4,0.520477
259,5,0.467425
259,6,0.506117
259,7,0.290060
259,8,0.405085
259,9,0.501971
259,10,0.574110
259,11,0.514107
259,12,0.507051
259,13,0.543663
259,14,0.513670
259,15,0.508220
260,1,0.552962
260,2,0.519457
260,3,0.446905
260,4,0.450613
260,5,0.465440
260,6,0.461534
260,7,0.456067
260,8,0.250633
260,9,0.500004
260,10,0.471231
260,11,0.435137
260,12,0.492659
260,13,0.574110
260,14,0.448507
260,15,0.457081
261,1,0.495573
261,2,0.451359
261,3,0.457743
261,4,0.477773
261,5,0.471699
261,6,0.434589
261,7,0.468894
261,8,0.514107
261,9,0.434260
261,10,0.456658
261,11,0.498659
261,12,0.459095
261,13,0.480211
261,14,0.515326
261,15,0.508220
262,1,0.517195
262,2,0.448275
262,3,0.564999
262,4,0.442699
262,5,0.450895
262,6,0.338095
262,7,0.456319
262,8,0.483389
262,9,0.490507
262,10,0.546930
262,11,0.511849
262,12,0.508225
262,13,0.512088
262,14,0.512675
262,15,0.501347
263,1,0.507051
263,2,0.457620
263,3,0.459622
263,4,0.452673
263,5,0.447332
263,6,0.574110
263,7,0.471216
263,8,0.464455
263,9,0.498689
263,10,0.464457
263,11,0.484011
263,12,0.475559
263,13,0.501133
263,14,0.574110
263,15,0.537459
264,1,0.531294
264,2,0.512390
264,3,0.525419
264,4,0.464966
264,5,0.521778
264,6,0.434260
264,7,0.506369
264,8,0.520477
264,9,0.459093
264,10,0.523217
264,11,0.474791
264,12,0.566955
264,13,0.461194
264,14,0.524850
264,15,0.477620
265,1,0.467536
265,2,0.513768
265,3,0.467489
265,4,0.468749
265,5,0.487813
265,6,0.493461
265,7,0.536233
265,8,0.555555
265,9,0.488866
265,10,0.575772
265,11,0.531079
265,12,0.479618
265,13,0.531294
265,14,0.508409
265,15,0.468761
266,1,0.446467
266,2,0.437131
266,3,0.464349
266,4,0.470955
266,5,0.441442
266,6,0.519267
266,7,0.453542
266,8,0.441191
266,9,0.461650
266,10,0.576623
266,11,0.460914
266,12,0.447546
266,13,0.516035
266,14,0.468933
266,15,0.523915
267,1,0.362020
267,2,0.336163
267,3,0.486751
267,4,0.460047
267,5,0.460860
267,6,0.411744
267,7,0.466824
267,8,0.483108
267,9,0.529648
267,10,0.443116
267,11,0.462863
267,12,0.516007
267,13,0.493637
267,14,0.526170
267,15,0.523915
268,1,0.380913
268,2,0.545137
268,3,0.457767
268,4,0.411744
268,5,0.520477
268,6,0.456813
268,7,0.428541
268,8,0.550275
268,9,0.532644
268,10,0.486625
268,11,0.459497
268,12,0.452545
268,13,0.459821
268,14,0.539985
268,15,0.508220
269,1,0.342610
269,2,0.482046
269,3,0.437459
269,4,0.461194
269,5,0.455094
269,6,0.477173
269,7,0.450025
269,8,0.411744
269,9,0.487348
269,10,0.467179
269,11,0.492710
269,12,0.503231
269,13,0.434589
269,14,0.485880
269,15,0.538777
270,1,0.471671
270,2,0.217294
270,3,0.279891
270,4,0.497424
270,5,0.510703
270,6,0.446905
270,7,0.537488
270,8,0.533704
270,9,0.518839
270,10,0.489306
270,11,0.537823
270,12,0.468856
270,13,0.457837
270,14,0.472585
270,15,0.437077
271,1,0.435590
271,2,0.396328
271,3,0.372589
271,4,0.441820
271,5,0.523915
271,6,0.533868
271,7,0.439357
271,8,0.270057
271,9,0.421429
271,10,0.506369
271,11,0.513768
271,12,0.493572
271,13,0.547988
271,14,0.360901
271,15,0.463451
272,1,0.518987
272,2,0.497469
272,3,0.533704
272,4,0.455022
272,5,0.405085
272,6,0.574110
272,7,0.467553
272,8,0.432268
272,9,0.452300
272,10,0.448318
272,11,0.481983
272,12,0.467059
272,13,0.456881
272,14,0.493175
272,15,0.452033
273,1,0.499687
273,2,0.446882
273,3,0.555991
273,4,0.453735
273,5,0.497424
273,6,0.473429
273,7,0.530367
273,8,0.533703
273,9,0.520477
273,10,0.456813
273,11,0.455094
273,12,0.473996
273,13,0.485880
273,14,0.507051
273,15,0.537086
274,1,0.539533
274,2,0.537100
274,3,0.522885
274,4,0.452977
274,5,0.452960
274,6,0.456064
274,7,0.501445
274,8,0.539086
274,9,0.537734
274,10,0.468031
274,11,0.472419
274,12,0.432981
274,13,0.429600
274,14,0.497424
274,15,0.530367
275,1,0.518839
275,2,0.485880
275,3,0.574110
275,4,0.467553
275,5,0.485880
275,6,0.434096
275,7,0.498278
275,8,0.518987
275,9,0.574110
275,10,0.533703
275,11,0.472804
275,12,0.495545
275,13,0.515102
275,14,0.547988
275,15,0.442436
276,1,0.499677
276,2,0.464872
276,3,0.360767
276,4,0.311119
276,5,0.503522
276,6,0.492355
276,7,0.513335
276,8,0.459558
276,9,0.500834
276,10,0.547988
276,11,0.456813
276,12,0.441191
276,13,0.472830
276,14,0.549866
276,15,0.492131
277,1,0.520813
277,2,0.446905
277,3,0.547988
277,4,0.520477
277,5,0.533704
277,6,0.456261
277,7,0.434589
277,8,0.438098
277,9,0.438382
277,10,0.493429
277,11,0.547988
277,12,0.444899
277,13,0.434589
277,14,0.540239
277,15,0.512167
278,1,0.523217
278,2,0.446359
278,3,0.479895
278,4,0.574110
278,5,0.512167
278,6,0.462991
278,7,0.495844
278,8,0.475559
278,9,0.457081
278,10,0.454662
278,11,0.448564
278,12,0.483108
278,13,0.547988
278,14,0.498073
278,15,0.455022
279,1,0.452355
279,2,0.516135
279,3,0.526170
279,4,0.498445
279,5,0.470328
279,6,0.311617
279,7,0.451025
279,8,0.452876
279,9,0.339680
279,10,0.254529
279,11,0.500004
279,12,0.536466
279,13,0.501376
279,14,0.523915
279,15,0.534146
280,1,0.540846
280,2,0.552962
280,3,0.472171
280,4,0.507250
280,5,0.435590
280,6,0.576875
280,7,0.461727
280,8,0.474794
280,9,0.519368
280,10,0.492946
280,11,0.436940
280,12,0.405085
280,13,0.454104
280,14,0.456795
280,15,0.459244
281,1,0.482885
281,2,0.480874
281,3,0.498445
281,4,0.536211
281,5,0.574110
281,6,0.557856
281,7,0.494256
281,8,0.306039
281,9,0.437598
281,10,0.461503
281,11,0.520267
281,12,0.452359
281,13,0.485445
281,14,0.509753
281,15,0.462222
282,1,0.488947
282,2,0.508526
282,3,0.555709
282,4,0.454940
282,5,0.538777
282,6,0.529714
282,7,0.455022
282,8,0.496877
282,9,0.511180
282,10,0.290060
282,11,0.506369
282,12,0.463308
282,13,0.506117
282,14,0.344733
282,15,0.459244
283,1,0.520477
283,2,0.483108
283,3,0.535580
283,4,0.534527
283,5,0.528870
283,6,0.493521
283,7,0.566955
283,8,0.531136
283,9,0.549016
283,10,0.534342
283,11,0.518965
283,12,0.460070
283,13,0.496753
283,14,0.446879
283,15,0.499681
284,1,0.469444
284,2,0.451025
284,3,0.493650
284,4,0.574110
284,5,0.453542
284,6,0.431107
284,7,0.356810
284,8,0.467132
284,9,0.475614
284,10,0.502767
284,11,0.574110
284,12,0.286981
284,13,0.301782
284,14,0.449476
284,15,0.427515
285,1,0.493102
285,2,0.511180
285,3,0.544847
285,4,0.506124
285,5,0.453735
285,6,0.441191
285,7,0.497890
285,8,0.459971
285,9,0.370303
285,10,0.441191
285,11,0.202543
285,12,0.501971
285,13,0.457971
285,14,0.497424
285,15,0.506124
286,1,0.460860
286,2,0.452010
286,3,0.522563
286,4,0.439972
286,5,0.435048
286,6,0.510381
286,7,0.496515
286,8,0.525419
286,9,0.456522
286,10,0.465824
286,11,0.498566
286,12,0.524486
286,13,0.468722
286,14,0.479866
286,15,0.504977
287,1,0.434589
287,2,0.535561
287,3,0.454439
287,4,0.478530
287,5,0.511377
287,6,0.532282
287,7,0.495364
287,8,0.489306
287,9,0.530336
287,10,0.451235
287,11,0.498235
287,12,0.476514
287,13,0.530389
287,14,0.532606
287,15,0.522940
288,1,0.585922
288,2,0.457767
288,3,0.517579
288,4,0.506124
288,5,0.438214
288,6,0.454833
288,7,0.531294
288,8,0.533703
288,9,0.508776
288,10,0.508220
288,11,0.511880
288,12,0.514460
288,13,0.461237
288,14,0.523917
288,15,0.511880
289,1,0.458100
289,2,0.494533
289,3,0.456287
289,4,0.495951
289,5,0.512767
289,6,0.512801
289,7,0.476278
289,8,0.534705
289,9,0.533987
289,10,0.459012
289,11,0.477327
289,12,0.532758
289,13,0.521429
289,14,0.543292
289,15,0.574110
290,1,0.512959
290,2,0.522257
290,3,0.397650
290,4,0.564999
290,5,0.508441
290,6,0.370793
290,7,0.479764
290,8,0.574110
290,9,0.473277
290,10,0.513957
290,11,0.489523
290,12,0.507051
290,13,0.486625
290,14,0.530367
290,15,0.453502
291,1,0.396328
291,2,0.500261
291,3,0.538357
291,4,0.553959
291,5,0.507628
291,6,0.458100
291,7,0.411744
291,8,0.465932
291,9,0.535093
291,10,0.519996
291,11,0.532880
291,12,0.520001
291,13,0.520974
291,14,0.498385
291,15,0.526650
292,1,0.468054
292,2,0.510576
292,3,0.451993
292,4,0.481704
292,5,0.515668
292,6,0.508315
292,7,0.541384
292,8,0.505445
292,9,0.495973
292,10,0.495057
292,11,0.473742
292,12,0.217795
292,13,0.411744
292,14,0.499988
292,15,0.459558
293,1,0.537742
293,2,0.532561
293,3,0.453538
293,4,0.423462
293,5,0.459153
293,6,0.464246
293,7,0.516889
293,8,0.546258
293,9,0.437005
293,10,0.456919
293,11,0.446645
293,12,0.497424
293,13,0.458115
293,14,0.452355
293,15,0.511180
294,1,0.511880
294,2,0.499845
294,3,0.521767
294,4,0.465614
294,5,0.574110
294,6,0.286981
294,7,0.456067
294,8,0.531294
294,9,0.439357
294,10,0.270057
294,11,0.411744
294,12,0.523915
294,13,0.519457
294,14,0.468890
294,15,0.468327
295,1,0.518532
295,2,0.453520
295,3,0.506369
295,4,0.531294
295,5,0.468373
295,6,0.450025
295,7,0.482984
295,8,0.468310
295,9,0.513007
295,10,0.432176
295,11,0.435400
295,12,0.574110
295,13,0.512167
295,14,0.512790
295,15,0.474212
296,1,0.541212
296,2,0.514785
296,3,0.526543
296,4,0.354909
296,5,0.502703
296,6,0.441304
296,7,0.496497
296,8,0.506124
296,9,0.437275
296,10,0.540733
296,11,0.575953
296,12,0.531294
296,13,0.507628
296,14,0.506931
296,15,0.486061
297,1,0.454778
297,2,0.462679
297,3,0.369768
297,4,0.449992
297,5,0.472494
297,6,0.535561
297,7,0.475192
297,8,0.535952
297,9,0.524870
297,10,0.458100
297,11,0.429416
297,12,0.499833
297,13,0.474180
297,14,0.524664
297,15,0.502099
298,1,0.488023
298,2,0.455854
298,3,0.506369
298,4,0.485880
298,5,0.522255
298,6,0.533703
298,7,0.515698
298,8,0.471432
298,9,0.495844
298,10,0.503492
298,11,0.426354
298,12,0.496497
298,13,0.438229
298,14,0.546088
298,15,0.456188
299,1,0.468367
299,2,0.549036
299,3,0.547988
299,4,0.462773
299,5,0.538075
299,6,0.531558
299,7,0.534539
299,8,0.533900
299,9,0.573227
299,10,0.534946
299,11,0.574110
299,12,0.489537
299,13,0.458434
299,14,0.517579
299,15,0.513183
300,1,0.576623
300,2,0.434589
300,3,0.530997
300,4,0.495517
300,5,0.458400
300,6,0.490862
300,7,0.538777
300,8,0.547988
300,9,0.520477
300,10,0.469356
300,11,0.448217
300,12,0.447226
300,13,0.329783
300,14,0.498262
300,15,0.460494
301,1,0.506369
301,2,0.458115
301,3,0.440190
301,4,0.447226
301,5,0.458667
301,6,0.496877
301,7,0.505296
301,8,0.527794
301,9,0.530921
301,10,0.465340
301,11,0.454994
301,12,0.523217
301,13,0.493545
301,14,0.511180
301,15,0.456813
302,1,0.498445
302,2,0.498893
302,3,0.454283
302,4,0.491712
302,5,0.507843
302,6,0.434589
302,7,0.438229
302,8,0.534177
302,9,0.547988
302,10,0.543952
302,11,0.459058
302,12,0.446645
302,13,0.441191
302,14,0.472830
302,15,0.546623
303,1,0.520001
303,2,0.461345
303,3,0.524667
303,4,0.487212
303,5,0.456480
303,6,0.441191
303,7,0.447226
303,8,0.469901
303,9,0.549036
303,10,0.574110
303,11,0.520813
303,12,0.512655
303,13,0.453735
303,14,0.447332
303,15,0.518246
304,1,0.470761
304,2,0.474536
304,3,0.455812
304,4,0.486237
304,5,0.514532
304,6,0.466173
304,7,0.510373
304,8,0.496002
304,9,0.518987
304,10,0.574110
304,11,0.495545
304,12,0.442633
304,13,0.520651
304,14,0.542516
304,15,0.566955
305,1,0.444408
305,2,0.466752
305,3,0.520165
305,4,0.507051
305,5,0.574110
305,6,0.520813
305,7,0.442436
305,8,0.498483
305,9,0.513670
305,10,0.523915
305,11,0.456813
305,12,0.396328
305,13,0.465463
305,14,0.574110
305,15,0.453735
306,1,0.498833
306,2,0.523915
306,3,0.471671
306,4,0.470160
306,5,0.434260
306,6,0.411744
306,7,0.457702
306,8,0.467425
306,9,0.493604
306,10,0.458115
306,11,0.459244
306,12,0.464166
306,13,0.541990
306,14,0.457971
306,15,0.497287
307,1,0.476232
307,2,0.512655
307,3,0.286981
307,4,0.328573
307,5,0.442868
307,6,0.493604
307,7,0.503492
307,8,0.502677
307,9,0.461636
307,10,0.547988
307,11,0.564999
307,12,0.534518
307,13,0.537823
307,14,0.512812
307,15,0.446254
308,1,0.499833
308,2,0.476734
308,3,0.529648
308,4,0.525573
308,5,0.549036
308,6,0.495108
308,7,0.437005
308,8,0.484299
308,9,0.490608
308,10,0.491859
308,11,0.529984
308,12,0.547988
308,13,0.529648
308,14,0.493825
308,15,0.529714
309,1,0.537734
309,2,0.531558
309,3,0.574110
309,4,0.472434
309,5,0.513007
309,6,0.490809
309,7,0.533703
309,8,0.458901
309,9,0.481027
309,10,0.484081
309,11,0.478695
309,12,0.523917
309,13,0.358130
309,14,0.482739
309,15,0.515457
310,1,0.475132
310,2,0.457081
310,3,0.516747
310,4,0.463019
310,5,0.471188
310,6,0.447407
310,7,0.473669
310,8,0.483505
310,9,0.517210
310,10,0.537012
310,11,0.340154
310,12,0.486391
310,13,0.574110
310,14,0.531294
310,15,0.453735
311,1,0.422433
311,2,0.497287
311,3,0.519626
311,4,0.446905
311,5,0.574110
311,6,0.504507
311,7,0.528829
311,8,0.458305
311,9,0.443735
311,10,0.459756
311,11,0.435590
311,12,0.471674
311,13,0.547988
311,14,0.290060
311,15,0.405085
312,1,0.450785
312,2,0.510381
312,3,0.540846
312,4,0.508776
312,5,0.488263
312,6,0.521290
312,7,0.442633
312,8,0.524486
312,9,0.533487
312,10,0.574110
312,11,0.453735
312,12,0.405085
312,13,0.472378
312,14,0.471641
312,15,0.490915
313,1,0.521287
313,2,0.548078
313,3,0.533397
313,4,0.442717
313,5,0.468425
313,6,0.462737
313,7,0.498414
313,8,0.511715
313,9,0.532282
313,10,0.455022
313,11,0.422433
313,12,0.465907
313,13,0.483527
313,14,0.510625
313,15,0.532200
314,1,0.508315
314,2,0.497922
314,3,0.531192
314,4,0.544118
314,5,0.460125
314,6,0.447241
314,7,0.553196
314,8,0.463308
314,9,0.458617
314,10,0.532967
314,11,0.525108
314,12,0.463009
314,13,0.525415
314,14,0.467136
314,15,0.502425
315,1,0.438214
315,2,0.498501
315,3,0.467926
315,4,0.478978
315,5,0.451085
315,6,0.506369
315,7,0.520477
315,8,0.447332
315,9,0.547988
315,10,0.468827
315,11,0.531294
315,12,0.441442
315,13,0.354840
315,14,0.493604
315,15,0.474638
316,1,0.471235
316,2,0.451801
316,3,0.330893
316,4,0.411744
316,5,0.519867
316,6,0.497382
316,7,0.462129
316,8,0.461041
316,9,0.469645
316,10,0.475209
316,11,0.498619
316,12,0.498182
316,13,0.457078
316,14,0.447913
316,15,0.543947
317,1,0.526170
317,2,0.547430
317,3,0.534809
317,4,0.574110
317,5,0.520813
317,6,0.561842
317,7,0.453735
317,8,0.455094
317,9,0.456813
317,10,0.441820
317,11,0.478406
317,12,0.574110
317,13,0.534377
317,14,0.453502
317,15,0.491712
318,1,0.450761
318,2,0.437995
318,3,0.508441
318,4,0.461194
318,5,0.506369
318,6,0.453735
318,7,0.497424
318,8,0.506124
318,9,0.534946
318,10,0.464209
318,11,0.428541
318,12,0.354461
318,13,0.485290
318,14,0.498841
318,15,0.493545
319,1,0.448817
319,2,0.492131
319,3,0.502750
319,4,0.450793
319,5,0.522222
319,6,0.549802
319,7,0.471671
319,8,0.485251
319,9,0.465385
319,10,0.432268
319,11,0.500406
319,12,0.506124
319,13,0.493637
319,14,0.494406
319,15,0.506657
320,1,0.462633
320,2,0.296204
320,3,0.506369
320,4,0.484382
320,5,0.488926
320,6,0.506117
320,7,0.547988
320,8,0.514220
320,9,0.438115
320,10,0.518839
320,11,0.481084
320,12,0.440037
320,13,0.481101
320,14,0.411744
320,15,0.441431
321,1,0.497424
321,2,0.286981
321,3,0.506369
321,4,0.471671
321,5,0.507999
321,6,0.468327
321,7,0.506369
321,8,0.463040
321,9,0.397650
321,10,0.532649
321,11,0.469856
321,12,0.510533
321,13,0.313442
321,14,0.505720
321,15,0.532282
322,1,0.540733
322,2,0.520651
322,3,0.549990
322,4,0.471671
322,5,0.411744
322,6,0.515668
322,7,0.509205
322,8,0.442633
322,9,0.574110
322,10,0.533703
322,11,0.467926
322,12,0.456919
322,13,0.527474
322,14,0.506124
322,15,0.486128
323,1,0.467425
323,2,0.468576
323,3,0.474410
323,4,0.498995
323,5,0.513832
323,6,0.486335
323,7,0.545137
323,8,0.574110
323,9,0.542991
323,10,0.498659
323,11,0.523966
323,12,0.519276
323,13,0.462129
323,14,0.477960
323,15,0.469356
324,1,0.455031
324,2,0.360939
324,3,0.547988
324,4,0.473797
324,5,0.499120
324,6,0.512790
324,7,0.455022
324,8,0.456919
324,9,0.444494
324,10,0.520611
324,11,0.539678
324,12,0.455112
324,13,0.436632
324,14,0.464166
324,15,0.520813
325,1,0.552962
325,2,0.442699
325,3,0.465927
325,4,0.518987
325,5,0.472276
325,6,0.488303
325,7,0.513957
325,8,0.546623
325,9,0.439972
325,10,0.430273
325,11,0.463899
325,12,0.446645
325,13,0.454690
325,14,0.495343
325,15,0.501957
326,1,0.518987
326,2,0.539811
326,3,0.524390
326,4,0.452033
326,5,0.442525
326,6,0.479720
326,7,0.483348
326,8,0.526686
326,9,0.464107
326,10,0.535952
326,11,0.476432
326,12,0.468327
326,13,0.486973
326,14,0.437339
326,15,0.449608
327,1,0.411744
327,2,0.483108
327,3,0.457767
327,4,0.428541
327,5,0.474496
327,6,0.459244
327,7,0.450025
327,8,0.428541
327,9,0.499833
327,10,0.473996
327,11,0.463548
327,12,0.514532
327,13,0.470163
327,14,0.456363
327,15,0.488352
328,1,0.503279
328,2,0.547988
328,3,0.533887
328,4,0.513670
328,5,0.548758
328,6,0.467425
328,7,0.496669
328,8,0.471807
328,9,0.547988
328,10,0.561842
328,11,0.574598
328,12,0.582009
328,13,0.548001
328,14,0.547988
328,15,0.532282
329,1,0.446717
329,2,0.454942
329,3,0.411744
329,4,0.493604
329,5,0.508506
329,6,0.442633
329,7,0.488479
329,8,0.457620
329,9,0.491712
329,10,0.446717
329,11,0.502064
329,12,0.471227
329,13,0.502918
329,14,0.536466
329,15,0.513670
330,1,0.512812
330,2,0.523217
330,3,0.524357
330,4,0.461636
330,5,0.518965
330,6,0.531300
330,7,0.473922
330,8,0.512790
330,9,0.368683
330,10,0.437995
330,11,0.461194
330,12,0.470210
330,13,0.469663
330,14,0.507642
330,15,0.477741
331,1,0.503855
331,2,0.493572
331,3,0.475767
331,4,0.451025
331,5,0.493314
331,6,0.217294
331,7,0.464246
331,8,0.447932
331,9,0.441293
331,10,0.490206
331,11,0.464246
331,12,0.489505
331,13,0.532751
331,14,0.496160
331,15,0.520813
332,1,0.507157
332,2,0.439418
332,3,0.538565
332,4,0.471671
332,5,0.451927
332,6,0.427171
332,7,0.495783
332,8,0.509753
332,9,0.455120
332,10,0.455094
332,11,0.461194
332,12,0.397650
332,13,0.541990
332,14,0.457767
332,15,0.468894
333,1,0.532967
333,2,0.463556
333,3,0.499911
333,4,0.497670
333,5,0.547988
333,6,0.520477
333,7,0.442436
333,8,0.270057
333,9,0.452355
333,10,0.494540
333,11,0.530367
333,12,0.510891
333,13,0.506124
333,14,0.426354
333,15,0.452355
334,1,0.459058
334,2,0.447546
334,3,0.456813
334,4,0.443065
334,5,0.457620
334,6,0.473996
334,7,0.506369
334,8,0.520477
334,9,0.523868
334,10,0.519712
334,11,0.488409
334,12,0.512571
334,13,0.533704
334,14,0.477315
334,15,0.574110
335,1,0.531294
335,2,0.521767
335,3,0.517473
335,4,0.523915
335,5,0.438229
335,6,0.355560
335,7,0.498262
335,8,0.513400
335,9,0.527882
335,10,0.511180
335,11,0.511880
335,12,0.470626
335,13,0.338269
335,14,0.452355
335,15,0.466646
336,1,0.474943
336,2,0.523086
336,3,0.555709
336,4,0.463960
336,5,0.488303
336,6,0.472810
336,7,0.515656
336,8,0.457308
336,9,0.456635
336,10,0.519184
336,11,0.547988
336,12,0.461527
336,13,0.447226
336,14,0.528159
336,15,0.555961
337,1,0.498659
337,2,0.564999
337,3,0.532732
337,4,0.436940
337,5,0.452690
337,6,0.574110
337,7,0.498291
337,8,0.454336
337,9,0.497173
337,10,0.465748
337,11,0.452355
337,12,0.532282
337,13,0.533704
337,14,0.512390
337,15,0.508220
338,1,0.461704
338,2,0.469356
338,3,0.535719
338,4,0.449614
338,5,0.493604
338,6,0.497831
338,7,0.469356
338,8,0.531294
338,9,0.524980
338,10,0.437275
338,11,0.543286
338,12,0.546258
338,13,0.467425
338,14,0.576623
338,15,0.442664
339,1,0.497469
339,2,0.523217
339,3,0.547988
339,4,0.489181
339,5,0.453270
339,6,0.459268
339,7,0.433730
339,8,0.488356
339,9,0.440330
339,10,0.497424
339,11,0.547988
339,12,0.500186
339,13,0.355810
339,14,0.482739
339,15,0.448794
340,1,0.447241
340,2,0.463993
340,3,0.441067
340,4,0.477319
340,5,0.496676
340,6,0.471671
340,7,0.427171
340,8,0.499515
340,9,0.301451
340,10,0.279891
340,11,0.441191
340,12,0.441191
340,13,0.483108
340,14,0.547988
340,15,0.531294
341,1,0.467064
341,2,0.473996
341,3,0.527474
341,4,0.475559
341,5,0.541212
341,6,0.561723
341,7,0.508441
341,8,0.511180
341,9,0.456892
341,10,0.459244
341,11,0.457743
341,12,0.411744
341,13,0.492094
341,14,0.483108
341,15,0.491431
342,1,0.547988
342,2,0.522257
342,3,0.503114
342,4,0.467605
342,5,0.298166
342,6,0.466928
342,7,0.487116
342,8,0.501661
342,9,0.442633
342,10,0.536502
342,11,0.535522
342,12,0.457081
342,13,0.530058
342,14,0.434096
342,15,0.484233
343,1,0.507121
343,2,0.520813
343,3,0.508220
343,4,0.452414
343,5,0.497695
343,6,0.521779
343,7,0.555961
343,8,0.469356
343,9,0.506369
343,10,0.434260
343,11,0.497424
343,12,0.340301
343,13,0.441191
343,14,0.456319
343,15,0.532282
344,1,0.426354
344,2,0.531294
344,3,0.438229
344,4,0.457767
344,5,0.411744
344,6,0.523915
344,7,0.471671
344,8,0.446717
344,9,0.537648
344,10,0.545892
344,11,0.467425
344,12,0.541990
344,13,0.442366
344,14,0.467086
344,15,0.458305
345,1,0.495734
345,2,0.353731
345,3,0.498527
345,4,0.456635
345,5,0.441191
345,6,0.411744
345,7,0.524980
345,8,0.532282
345,9,0.510341
345,10,0.456188
345,11,0.498478
345,12,0.489976
345,13,0.290393
345,14,0.454604
345,15,0.279891
346,1,0.457288
346,2,0.488926
346,3,0.468327
346,4,0.517913
346,5,0.453374
346,6,0.574110
346,7,0.510703
346,8,0.519583
346,9,0.457081
346,10,0.422433
346,11,0.270057
346,12,0.411744
346,13,0.514208
346,14,0.457081
346,15,0.506369
347,1,0.486746
347,2,0.538777
347,3,0.457805
347,4,0.468367
347,5,0.457971
347,6,0.456319
347,7,0.523915
347,8,0.459058
347,9,0.452010
347,10,0.513335
347,11,0.525125
347,12,0.507244
347,13,0.539966
347,14,0.515326
347,15,0.508220
348,1,0.517395
348,2,0.532890
348,3,0.514203
348,4,0.434589
348,5,0.438098
348,6,0.495768
348,7,0.478877
348,8,0.493644
348,9,0.520497
348,10,0.350401
348,11,0.513402
348,12,0.289726
348,13,0.466761
348,14,0.547988
348,15,0.443116
349,1,0.436810
349,2,0.456857
349,3,0.362020
349,4,0.480437
349,5,0.442306
349,6,0.421334
349,7,0.450112
349,8,0.476915
349,9,0.453542
349,10,0.353391
349,11,0.358645
349,12,0.431263
349,13,0.421259
349,14,0.498850
349,15,0.490458
350,1,0.574110
350,2,0.539966
350,3,0.289726
350,4,0.468057
350,5,0.480839
350,6,0.574110
350,7,0.520477
350,8,0.446717
350,9,0.523217
350,10,0.456813
350,11,0.441442
350,12,0.579701
350,13,0.519867
350,14,0.515190
350,15,0.508776
351,1,0.455622
351,2,0.296204
351,3,0.527474
351,4,0.467425
351,5,0.520477
351,6,0.512790
351,7,0.513014
351,8,0.456813
351,9,0.396328
351,10,0.520477
351,11,0.511180
351,12,0.342610
351,13,0.475559
351,14,0.457081
351,15,0.411744
352,1,0.405085
352,2,0.519867
352,3,0.471701
352,4,0.444855
352,5,0.432811
352,6,0.503632
352,7,0.443116
352,8,0.498483
352,9,0.468327
352,10,0.479265
352,11,0.549036
352,12,0.439685
352,13,0.422830
352,14,0.436810
352,15,0.459244
353,1,0.506369
353,2,0.482941
353,3,0.456480
353,4,0.497648
353,5,0.497377
353,6,0.464885
353,7,0.468100
353,8,0.474410
353,9,0.453938
353,10,0.457120
353,11,0.494916
353,12,0.217294
353,13,0.533704
353,14,0.453735
353,15,0.458539
354,1,0.547988
354,2,0.532282
354,3,0.509770
354,4,0.448507
354,5,0.465505
354,6,0.411744
354,7,0.476507
354,8,0.515668
354,9,0.447913
354,10,0.503998
354,11,0.511976
354,12,0.487535
354,13,0.524587
354,14,0.458100
354,15,0.475594
355,1,0.574110
355,2,0.533703
355,3,0.475183
355,4,0.517321
355,5,0.217294
355,6,0.482724
355,7,0.469180
355,8,0.475052
355,9,0.478187
355,10,0.492355
355,11,0.547988
355,12,0.535569
355,13,0.494540
355,14,0.530367
355,15,0.519271
356,1,0.439357
356,2,0.471967
356,3,0.494740
356,4,0.480461
356,5,0.354295
356,6,0.471115
356,7,0.359924
356,8,0.463400
356,9,0.513747
356,10,0.452033
356,11,0.435775
356,12,0.472830
356,13,0.524107
356,14,0.442366
356,15,0.493922
357,1,0.454778
357,2,0.465513
357,3,0.459058
357,4,0.529714
357,5,0.438229
357,6,0.289726
357,7,0.480236
357,8,0.574110
357,9,0.531294
357,10,0.489060
357,11,0.555991
357,12,0.575785
357,13,0.507051
357,14,0.506124
357,15,0.467425
358,1,0.520001
358,2,0.447332
358,3,0.456287
358,4,0.506369
358,5,0.453735
358,6,0.452355
358,7,0.447332
358,8,0.542640
358,9,0.458962
358,10,0.490619
358,11,0.506117
358,12,0.511180
358,13,0.290060
358,14,0.498483
358,15,0.504946
359,1,0.506124
359,2,0.513670
359,3,0.438229
359,4,0.312904
359,5,0.506855
359,6,0.515326
359,7,0.470245
359,8,0.435400
359,9,0.498170
359,10,0.459058
359,11,0.508757
359,12,0.503143
359,13,0.460125
359,14,0.411744
359,15,0.464451
360,1,0.566955
360,2,0.534060
360,3,0.439685
360,4,0.442868
360,5,0.468038
360,6,0.451025
360,7,0.422433
360,8,0.483763
360,9,0.474587
360,10,0.431041
360,11,0.438382
360,12,0.475559
360,13,0.533468
360,14,0.442717
360,15,0.496259
361,1,0.506124
361,2,0.512859
361,3,0.446717
361,4,0.531294
361,5,0.453735
361,6,0.458539
361,7,0.505564
361,8,0.492723
361,9,0.547988
361,10,0.468827
361,11,0.517913
361,12,0.487969
361,13,0.467136
361,14,0.427171
361,15,0.482984
362,1,0.520813
362,2,0.512019
362,3,0.457607
362,4,0.429244
362,5,0.474496
362,6,0.411744
362,7,0.553196
362,8,0.503295
362,9,0.496002
362,10,0.453502
362,11,0.538777
362,12,0.490102
362,13,0.528551
362,14,0.494774
362,15,0.555871
363,1,0.508441
363,2,0.511180
363,3,0.471395
363,4,0.467425
363,5,0.279891
363,6,0.479897
363,7,0.574110
363,8,0.478456
363,9,0.506369
363,10,0.466679
363,11,0.451927
363,12,0.441442
363,13,0.480839
363,14,0.434589
363,15,0.396328
364,1,0.554919
364,2,0.510381
364,3,0.453735
364,4,0.452690
364,5,0.516135
364,6,0.470163
364,7,0.506369
364,8,0.477389
364,9,0.329421
364,10,0.519200
364,11,0.514107
364,12,0.454336
364,13,0.497173
364,14,0.544118
364,15,0.473641
365,1,0.451085
365,2,0.444703
365,3,0.445255
365,4,0.475237
365,5,0.498768
365,6,0.500939
365,7,0.492486
365,8,0.509460
365,9,0.512390
365,10,0.457720
365,11,0.432268
365,12,0.473492
365,13,0.518987
365,14,0.492904
365,15,0.469798
366,1,0.451927
366,2,0.543947
366,3,0.574110
366,4,0.439357
366,5,0.270057
366,6,0.436810
366,7,0.441191
366,8,0.506369
366,9,0.466824
366,10,0.462961
366,11,0.441191
366,12,0.463592
366,13,0.547988
366,14,0.532964
366,15,0.290060
367,1,0.463451
367,2,0.520477
367,3,0.459095
367,4,0.476518
367,5,0.529878
367,6,0.518839
367,7,0.506117
367,8,0.343061
367,9,0.429676
367,10,0.467096
367,11,0.454336
367,12,0.506369
367,13,0.502369
367,14,0.508005
367,15,0.514775
368,1,0.507618
368,2,0.439612
368,3,0.340906
368,4,0.490608
368,5,0.501765
368,6,0.437005
368,7,0.452690
368,8,0.493540
368,9,0.545137
368,10,0.533210
368,11,0.441534
368,12,0.489799
368,13,0.574110
368,14,0.531838
368,15,0.446905
369,1,0.534014
369,2,0.520409
369,3,0.510891
369,4,0.508753
369,5,0.462561
369,6,0.452010
369,7,0.523651
369,8,0.469356
369,9,0.411744
369,10,0.440652
369,11,0.494581
369,12,0.532967
369,13,0.512362
369,14,0.523929
369,15,0.463023
370,1,0.464166
370,2,0.489815
370,3,0.512642
370,4,0.447843
370,5,0.450231
370,6,0.301284
370,7,0.496008
370,8,0.286981
370,9,0.411744
370,10,0.530367
370,11,0.479895
370,12,0.520477
370,13,0.290060
370,14,0.460114
370,15,0.465463
371,1,0.494330
371,2,0.541922
371,3,0.560633
371,4,0.506708
371,5,0.466301
371,6,0.503017
371,7,0.442306
371,8,0.436810
371,9,0.270057
371,10,0.411744
371,11,0.471671
371,12,0.503855
371,13,0.552379
371,14,0.574110
371,15,0.507405
372,1,0.464457
372,2,0.441484
372,3,0.457620
372,4,0.427171
372,5,0.451939
372,6,0.462600
372,7,0.499831
372,8,0.494255
372,9,0.530367
372,10,0.525110
372,11,0.457147
372,12,0.396328
372,13,0.555991
372,14,0.465956
372,15,0.411744
373,1,0.461194
373,2,0.468059
373,3,0.469663
373,4,0.535278
373,5,0.541212
373,6,0.523275
373,7,0.459463
373,8,0.493850
373,9,0.506117
373,10,0.547988
373,11,0.469856
373,12,0.511662
373,13,0.443707
373,14,0.411744
373,15,0.474496
374,1,0.441442
374,2,0.549674
374,3,0.456287
374,4,0.524661
374,5,0.547988
374,6,0.508776
374,7,0.456813
374,8,0.497287
374,9,0.486625
374,10,0.530367
374,11,0.469689
374,12,0.473996
374,13,0.481287
374,14,0.525123
374,15,0.442233
375,1,0.459058
375,2,0.469356
375,3,0.481027
375,4,0.503998
375,5,0.459558
375,6,0.447241
375,7,0.503998
375,8,0.456892
375,9,0.330893
375,10,0.435400
375,11,0.497469
375,12,0.442782
375,13,0.487009
375,14,0.454418
375,15,0.494080
376,1,0.515316
376,2,0.512790
376,3,0.467425
376,4,0.488479
376,5,0.481127
376,6,0.526949
376,7,0.470137
376,8,0.481588
376,9,0.521680
376,10,0.437673
376,11,0.506369
376,12,0.463308
376,13,0.504735
376,14,0.501376
376,15,0.459058
377,1,0.279891
377,2,0.448318
377,3,0.547988
377,4,0.456813
377,5,0.474717
377,6,0.473996
377,7,0.497287
377,8,0.541212
377,9,0.532282
377,10,0.525622
377,11,0.531294
377,12,0.495545
377,13,0.520813
377,14,0.446359
377,15,0.574110
378,1,0.531294
378,2,0.447198
378,3,0.452673
378,4,0.447332
378,5,0.535642
378,6,0.492139
378,7,0.531583
378,8,0.435590
378,9,0.470390
378,10,0.428381
378,11,0.438098
378,12,0.422433
378,13,0.497424
378,14,0.514532
378,15,0.533704
379,1,0.482212
379,2,0.485880
379,3,0.434260
379,4,0.506369
379,5,0.515996
379,6,0.479895
379,7,0.526170
379,8,0.456188
379,9,0.496679
379,10,0.547988
379,11,0.442436
379,12,0.483108
379,13,0.432947
379,14,0.454604
379,15,0.475559
380,1,0.547242
380,2,0.520813
380,3,0.532282
380,4,0.574110
380,5,0.513335
380,6,0.456813
380,7,0.498893
380,8,0.442102
380,9,0.480236
380,10,0.497424
380,11,0.489523
380,12,0.530442
380,13,0.549686
380,14,0.506708
380,15,0.518410
381,1,0.547988
381,2,0.533704
381,3,0.446717
381,4,0.437005
381,5,0.411744
381,6,0.463907
381,7,0.512790
381,8,0.506124
381,9,0.512859
381,10,0.497586
381,11,0.514017
381,12,0.520813
381,13,0.457343
381,14,0.455094
381,15,0.495535
382,1,0.493545
382,2,0.511180
382,3,0.290060
382,4,0.460785
382,5,0.435400
382,6,0.518417
382,7,0.461527
382,8,0.497424
382,9,0.506124
382,10,0.439357
382,11,0.436810
382,12,0.483108
382,13,0.492966
382,14,0.547988
382,15,0.536737
383,1,0.499127
383,2,0.547988
383,3,0.523915
383,4,0.437339
383,5,0.452355
383,6,0.513993
383,7,0.290060
383,8,0.448490
383,9,0.475559
383,10,0.547988
383,11,0.553196
383,12,0.513335
383,13,0.521063
383,14,0.488636
383,15,0.526765
384,1,0.455820
384,2,0.457880
384,3,0.449893
384,4,0.455094
384,5,0.495538
384,6,0.498073
384,7,0.574110
384,8,0.499364
384,9,0.442102
384,10,0.453575
384,11,0.506369
384,12,0.512712
384,13,0.490314
384,14,0.457081
384,15,0.538075
385,1,0.471216
385,2,0.495071
385,3,0.490465
385,4,0.475859
385,5,0.522497
385,6,0.506583
385,7,0.512908
385,8,0.549866
385,9,0.453502
385,10,0.515775
385,11,0.515290
385,12,0.539966
385,13,0.547988
385,14,0.554919
385,15,0.458371
386,1,0.421479
386,2,0.497424
386,3,0.487540
386,4,0.515813
386,5,0.574110
386,6,0.489100
386,7,0.537648
386,8,0.533002
386,9,0.520417
386,10,0.452838
386,11,0.484951
386,12,0.574110
386,13,0.530222
386,14,0.523927
386,15,0.511880
387,1,0.534058
387,2,0.468327
387,3,0.479265
387,4,0.342109
387,5,0.421479
387,6,0.486010
387,7,0.574110
387,8,0.531294
387,9,0.454336
387,10,0.441442
387,11,0.513713
387,12,0.525816
387,13,0.574110
387,14,0.539444
387,15,0.574110
388,1,0.286981
388,2,0.436810
388,3,0.488947
388,4,0.576623
388,5,0.533703
388,6,0.529627
388,7,0.290060
388,8,0.479764
388,9,0.547988
388,10,0.512167
388,11,0.512790
388,12,0.439357
388,13,0.496497
388,14,0.489863
388,15,0.467425
389,1,0.432471
389,2,0.442868
389,3,0.499515
389,4,0.496008
389,5,0.457868
389,6,0.330143
389,7,0.421429
389,8,0.421259
389,9,0.475835
389,10,0.488132
389,11,0.454283
389,12,0.490739
389,13,0.574110
389,14,0.520477
389,15,0.438229
390,1,0.531294
390,2,0.506124
390,3,0.453502
390,4,0.493604
390,5,0.450856
390,6,0.466601
390,7,0.519583
390,8,0.539966
390,9,0.467087
390,10,0.506369
390,11,0.520477
390,12,0.574110
390,13,0.439357
390,14,0.452355
390,15,0.466646
391,1,0.496002
391,2,0.555991
391,3,0.480431
391,4,0.422830
391,5,0.493604
391,6,0.513670
391,7,0.467425
391,8,0.436719
391,9,0.523217
391,10,0.514460
391,11,0.501347
391,12,0.513335
391,13,0.536477
391,14,0.518965
391,15,0.546623
392,1,0.520813
392,2,0.508220
392,3,0.514709
392,4,0.457129
392,5,0.474943
392,6,0.468327
392,7,0.494080
392,8,0.475782
392,9,0.523915
392,10,0.543947
392,11,0.533704
392,12,0.522828
392,13,0.468327
392,14,0.469117
392,15,0.490000
393,1,0.467136
393,2,0.508753
393,3,0.517321
393,4,0.485880
393,5,0.467425
393,6,0.541990
393,7,0.574110
393,8,0.525622
393,9,0.510703
393,10,0.520477
393,11,0.442436
393,12,0.453575
393,13,0.501793
393,14,0.494255
393,15,0.547988
394,1,0.457456
394,2,0.354876
394,3,0.488926
394,4,0.493110
394,5,0.479513
394,6,0.290060
394,7,0.411744
394,8,0.505720
394,9,0.508441
394,10,0.547988
394,11,0.467425
394,12,0.514309
394,13,0.458305
394,14,0.411744
394,15,0.523217
395,1,0.442436
395,2,0.474943
395,3,0.457081
395,4,0.436632
395,5,0.491912
395,6,0.486128
395,7,0.574110
395,8,0.537648
395,9,0.442717
395,10,0.432811
395,11,0.438643
395,12,0.456919
395,13,0.493604
395,14,0.000000
395,15,0.467425
396,1,0.459244
396,2,0.479404
396,3,0.523915
396,4,0.520477
396,5,0.513993
396,6,0.445859
396,7,0.330800
396,8,0.479897
396,9,0.452227
396,10,0.554858
396,11,0.436940
396,12,0.422830
396,13,0.411744
396,14,0.512167
396,15,0.504123
397,1,0.547988
397,2,0.481934
397,3,0.548494
397,4,0.473641
397,5,0.448217
397,6,0.495573
397,7,0.532282
397,8,0.531294
397,9,0.512390
397,10,0.480581
397,11,0.520157
397,12,0.552962
397,13,0.458901
397,14,0.537742
397,15,0.517036
398,1,0.541212
398,2,0.520256
398,3,0.483884
398,4,0.575973
398,5,0.543181
398,6,0.469356
398,7,0.432531
398,8,0.506369
398,9,0.533703
398,10,0.523915
398,11,0.520477
398,12,0.574110
398,13,0.439357
398,14,0.499833
398,15,0.507628
399,1,0.458100
399,2,0.471603
399,3,0.574110
399,4,0.512543
399,5,0.512790
399,6,0.515326
399,7,0.442436
399,8,0.454604
399,9,0.533704
399,10,0.434589
399,11,0.451025
399,12,0.456919
399,13,0.451025
399,14,0.452010
399,15,0.525622
400,1,0.520345
400,2,0.453502
400,3,0.539966
400,4,0.525583
400,5,0.507628
400,6,0.452414
400,7,0.467425
400,8,0.451025
400,9,0.405085
400,10,0.514745
400,11,0.459624
400,12,0.466487
400,13,0.542183
400,14,0.543157
400,15,0.536469
401,1,0.455794
401,2,0.452355
401,3,0.477925
401,4,0.492966
401,5,0.470352
401,6,0.479764
401,7,0.492746
401,8,0.512767
401,9,0.508220
401,10,0.457858
401,11,0.330893
401,12,0.484364
401,13,0.453424
401,14,0.548001
401,15,0.454336
402,1,0.436632
402,2,0.464166
402,3,0.531401
402,4,0.469356
402,5,0.533569
402,6,0.457877
402,7,0.289726
402,8,0.421479
402,9,0.469687
402,10,0.574110
402,11,0.340301
402,12,0.452355
402,13,0.473996
402,14,0.503279
402,15,0.503070
403,1,0.526949
403,2,0.574110
403,3,0.541326
403,4,0.531294
403,5,0.513670
403,6,0.525236
403,7,0.528196
403,8,0.492961
403,9,0.470547
403,10,0.469576
403,11,0.517966
403,12,0.574110
403,13,0.455370
403,14,0.456919
403,15,0.447332
404,1,0.527474
404,2,0.434260
404,3,0.346499
404,4,0.465688
404,5,0.492939
404,6,0.505581
404,7,0.506438
404,8,0.466679
404,9,0.576905
404,10,0.463308
404,11,0.417336
404,12,0.483108
404,13,0.476812
404,14,0.547988
404,15,0.515668
405,1,0.493193
405,2,0.547988
405,3,0.467926
405,4,0.478468
405,5,0.574110
405,6,0.486855
405,7,0.541990
405,8,0.469356
405,9,0.471671
405,10,0.538357
405,11,0.466679
405,12,0.517036
405,13,0.514986
405,14,0.521099
405,15,0.464451
406,1,0.457414
406,2,0.452355
406,3,0.516135
406,4,0.459058
406,5,0.447546
406,6,0.442633
406,7,0.469356
406,8,0.531817
406,9,0.460387
406,10,0.505720
406,11,0.489142
406,12,0.463546
406,13,0.540733
406,14,0.527474
406,15,0.504352
407,1,0.498995
407,2,0.574110
407,3,0.504334
407,4,0.454711
407,5,0.447246
407,6,0.506369
407,7,0.520477
407,8,0.547988
407,9,0.456813
407,10,0.441442
407,11,0.362020
407,12,0.431314
407,13,0.464030
407,14,0.493305
407,15,0.491859
408,1,0.494992
408,2,0.481371
408,3,0.527666
408,4,0.511880
408,5,0.576875
408,6,0.537459
408,7,0.476095
408,8,0.499727
408,9,0.490714
408,10,0.524679
408,11,0.437275
408,12,0.547988
408,13,0.471671
408,14,0.467425
408,15,0.459244
409,1,0.428541
409,2,0.566955
409,3,0.510381
409,4,0.574110
409,5,0.525622
409,6,0.531294
409,7,0.442102
409,8,0.478606
409,9,0.496995
409,10,0.518987
409,11,0.562698
409,12,0.547988
409,13,0.492131
409,14,0.531300
409,15,0.478980
410,1,0.564999
410,2,0.442699
410,3,0.411744
410,4,0.531624
410,5,0.513670
410,6,0.446717
410,7,0.564999
410,8,0.468327
410,9,0.468894
410,10,0.442436
410,11,0.454911
410,12,0.328787
410,13,0.478088
410,14,0.450920
410,15,0.440222
411,1,0.452850
411,2,0.443133
411,3,0.411744
411,4,0.503522
411,5,0.467425
411,6,0.474302
411,7,0.524369
411,8,0.520813
411,9,0.468327
411,10,0.497399
411,11,0.523917
411,12,0.528566
411,13,0.530367
411,14,0.500261
411,15,0.489313
412,1,0.450616
412,2,0.423146
412,3,0.506369
412,4,0.498889
412,5,0.469356
412,6,0.538357
412,7,0.512543
412,8,0.452613
412,9,0.451727
412,10,0.468404
412,11,0.503202
412,12,0.532282
412,13,0.520477
412,14,0.306039
412,15,0.495823
413,1,0.464209
413,2,0.451025
413,3,0.464166
413,4,0.547988
413,5,0.532282
413,6,0.507628
413,7,0.469856
413,8,0.470055
413,9,0.337519
413,10,0.480211
413,11,0.470348
413,12,0.547988
413,13,0.495190
413,14,0.574110
413,15,0.539533
414,1,0.437005
414,2,0.456919
414,3,0.493604
414,4,0.517085
414,5,0.512642
414,6,0.455622
414,7,0.441191
414,8,0.486943
414,9,0.467136
414,10,0.505595
414,11,0.458115
414,12,0.459244
414,13,0.432268
414,14,0.471292
414,15,0.574110
415,1,0.538777
415,2,0.574110
415,3,0.456565
415,4,0.493850
415,5,0.447913
415,6,0.442436
415,7,0.499135
415,8,0.470132
415,9,0.473555
415,10,0.536008
415,11,0.483527
415,12,0.520259
415,13,0.512141
415,14,0.523725
415,15,0.539533
416,1,0.439685
416,2,0.498071
416,3,0.506124
416,4,0.457308
416,5,0.458120
416,6,0.279891
416,7,0.464595
416,8,0.447546
416,9,0.503766
416,10,0.474943
416,11,0.496160
416,12,0.530169
416,13,0.552609
416,14,0.455120
416,15,0.517479
417,1,0.539966
417,2,0.464885
417,3,0.519867
417,4,0.450616
417,5,0.491516
417,6,0.530826
417,7,0.492014
417,8,0.533569
417,9,0.520765
417,10,0.505772
417,11,0.457607
417,12,0.467337
417,13,0.435590
417,14,0.467848
417,15,0.344846
418,1,0.484864
418,2,0.506124
418,3,0.530826
418,4,0.457308
418,5,0.540733
418,6,0.574110
418,7,0.525622
418,8,0.520477
418,9,0.459558
418,10,0.447241
418,11,0.464966
418,12,0.434260
418,13,0.436810
418,14,0.411744
418,15,0.531294
419,1,0.513670
419,2,0.511180
419,3,0.466791
419,4,0.547988
419,5,0.539533
419,6,0.537648
419,7,0.467342
419,8,0.405085
419,9,0.417336
419,10,0.475559
419,11,0.574110
419,12,0.531294
419,13,0.446717
419,14,0.520813
419,15,0.512655
420,1,0.457308
420,2,0.540733
420,3,0.547988
420,4,0.471671
420,5,0.488028
420,6,0.459098
420,7,0.547988
420,8,0.520477
420,9,0.442436
420,10,0.499833
420,11,0.518839
420,12,0.547988
420,13,0.438229
420,14,0.504123
420,15,0.531817
421,1,0.444408
421,2,0.437598
421,3,0.443116
421,4,0.436810
421,5,0.467732
421,6,0.458521
421,7,0.454738
421,8,0.495700
421,9,0.535092
421,10,0.451848
421,11,0.464166
421,12,0.547988
421,13,0.520813
421,14,0.513993
421,15,0.543181
422,1,0.574110
422,2,0.506095
422,3,0.518965
422,4,0.454436
422,5,0.346366
422,6,0.483918
422,7,0.467136
422,8,0.492443
422,9,0.546623
422,10,0.530367
422,11,0.537459
422,12,0.547242
422,13,0.426354
422,14,0.471671
422,15,0.574110
423,1,0.533703
423,2,0.532282
423,3,0.515668
423,4,0.442436
423,5,0.499833
423,6,0.467425
423,7,0.471443
423,8,0.509764
423,9,0.503998
423,10,0.469856
423,11,0.523917
423,12,0.516602
423,13,0.482065
423,14,0.536071
423,15,0.495348
424,1,0.531488
424,2,0.446905
424,3,0.520813
424,4,0.555709
424,5,0.518920
424,6,0.509371
424,7,0.437005
424,8,0.458145
424,9,0.523217
424,10,0.511180
424,11,0.290060
424,12,0.499020
424,13,0.479895
424,14,0.505581
424,15,0.547988
425,1,0.523915
425,2,0.523915
425,3,0.456813
425,4,0.497424
425,5,0.513670
425,6,0.452414
425,7,0.537742
425,8,0.574110
425,9,0.454336
425,10,0.441442
425,11,0.575973
425,12,0.534692
425,13,0.533704
425,14,0.519586
425,15,0.530367
426,1,0.512642
426,2,0.523915
426,3,0.471671
426,4,0.493604
426,5,0.442102
426,6,0.411744
426,7,0.335234
426,8,0.411744
426,9,0.520477
426,10,0.513993
426,11,0.485880
426,12,0.519457
426,13,0.530389
426,14,0.554919
426,15,0.498184
427,1,0.550413
427,2,0.468327
427,3,0.531234
427,4,0.549036
427,5,0.449943
427,6,0.496598
427,7,0.513670
427,8,0.467425
427,9,0.520477
427,10,0.441442
427,11,0.545137
427,12,0.493690
427,13,0.534459
427,14,0.491269
427,15,0.453538
428,1,0.486880
428,2,0.436710
428,3,0.585922
428,4,0.515326
428,5,0.547988
428,6,0.535952
428,7,0.442436
428,8,0.471292
428,9,0.456795
428,10,0.480087
428,11,0.467553
428,12,0.451927
428,13,0.496008
428,14,0.473002
428,15,0.486862
429,1,0.474180
429,2,0.342466
429,3,0.411744
429,4,0.513634
429,5,0.547988
429,6,0.551304
429,7,0.435590
429,8,0.496544
429,9,0.459821
429,10,0.455549
429,11,0.452035
429,12,0.521384
429,13,0.512745
429,14,0.488166
429,15,0.511180
430,1,0.435590
430,2,0.335949
430,3,0.411744
430,4,0.452355
430,5,0.447332
430,6,0.531591
430,7,0.498168
430,8,0.535353
430,9,0.475737
430,10,0.545137
430,11,0.536505
430,12,0.534831
430,13,0.526818
430,14,0.455820
430,15,0.411744
431,1,0.290060
431,2,0.492746
431,3,0.547988
431,4,0.535135
431,5,0.547988
431,6,0.505640
431,7,0.533703
431,8,0.493637
431,9,0.475608
431,10,0.524473
431,11,0.574110
431,12,0.564999
431,13,0.525349
431,14,0.512790
431,15,0.511953
432,1,0.485880
432,2,0.552379
432,3,0.533703
432,4,0.508441
432,5,0.537459
432,6,0.539966
432,7,0.547988
432,8,0.520477
432,9,0.511180
432,10,0.456892
432,11,0.444306
432,12,0.279891
432,13,0.493604
432,14,0.493637
432,15,0.479895
433,1,0.539533
433,2,0.574110
433,3,0.539966
433,4,0.454786
433,5,0.354704
433,6,0.336504
433,7,0.454589
433,8,0.500693
433,9,0.496331
433,10,0.520813
433,11,0.459558
433,12,0.495844
433,13,0.487226
433,14,0.547988
433,15,0.520477
434,1,0.491894
434,2,0.468373
434,3,0.506369
434,4,0.342424
434,5,0.435400
434,6,0.443116
434,7,0.452355
434,8,0.547988
434,9,0.505515
434,10,0.513183
434,11,0.523217
434,12,0.513993
434,13,0.500851
434,14,0.460755
434,15,0.446467
435,1,0.495573
435,2,0.532282
435,3,0.523217
435,4,0.456892
435,5,0.467732
435,6,0.496164
435,7,0.520813
435,8,0.437339
435,9,0.437411
435,10,0.459244
435,11,0.279891
435,12,0.482984
435,13,0.439561
435,14,0.496497
435,15,0.506124
436,1,0.453735
436,2,0.497424
436,3,0.446717
436,4,0.537648
436,5,0.574110
436,6,0.537459
436,7,0.547988
436,8,0.520477
436,9,0.453318
436,10,0.411744
436,11,0.515668
436,12,0.474943
436,13,0.539966
436,14,0.547988
436,15,0.458100
437,1,0.426593
437,2,0.542292
437,3,0.532282
437,4,0.340301
437,5,0.270057
437,6,0.452138
437,7,0.444352
437,8,0.411744
437,9,0.503119
437,10,0.539966
437,11,0.455569
437,12,0.411744
437,13,0.513782
437,14,0.496897
437,15,0.511180
438,1,0.554919
438,2,0.511880
438,3,0.511180
438,4,0.490210
438,5,0.539966
438,6,0.464885
438,7,0.279891
438,8,0.421479
438,9,0.449495
438,10,0.495847
438,11,0.535952
438,12,0.540733
438,13,0.471671
438,14,0.493604
438,15,0.511441
439,1,0.442102
439,2,0.484299
439,3,0.468917
439,4,0.411744
439,5,0.470008
439,6,0.484753
439,7,0.466683
439,8,0.480087
439,9,0.508526
439,10,0.453070
439,11,0.465320
439,12,0.481894
439,13,0.457224
439,14,0.506369
439,15,0.525622
440,1,0.453735
440,2,0.497424
440,3,0.506124
440,4,0.467425
440,5,0.492710
440,6,0.507051
440,7,0.513670
440,8,0.442436
440,9,0.270057
440,10,0.439641
440,11,0.506369
440,12,0.512167
440,13,0.448507
440,14,0.441839
440,15,0.535602
441,1,0.464872
441,2,0.482984
441,3,0.454046
441,4,0.452690
441,5,0.475409
441,6,0.574110
441,7,0.441839
441,8,0.471671
441,9,0.503017
441,10,0.520813
441,11,0.492853
441,12,0.509460
441,13,0.442102
441,14,0.466293
441,15,0.434848
442,1,0.498438
442,2,0.521560
442,3,0.397650
442,4,0.547988
442,5,0.520477
442,6,0.459558
442,7,0.574110
442,8,0.478456
442,9,0.447332
442,10,0.467136
442,11,0.446301
442,12,0.458251
442,13,0.500004
442,14,0.441358
442,15,0.445115
443,1,0.454048
443,2,0.497424
443,3,0.525622
443,4,0.446717
443,5,0.537648
443,6,0.533002
443,7,0.506124
443,8,0.559623
443,9,0.467553
443,10,0.447546
443,11,0.464046
443,12,0.449266
443,13,0.270057
443,14,0.467843
443,15,0.574110
444,1,0.475559
444,2,0.508753
444,3,0.515668
444,4,0.503998
444,5,0.442436
444,6,0.452673
444,7,0.475559
444,8,0.537488
444,9,0.574110
444,10,0.527989
444,11,0.512790
444,12,0.467425
444,13,0.481127
444,14,0.469663
444,15,0.468894
445,1,0.520873
445,2,0.464872
445,3,0.432268
445,4,0.497424
445,5,0.533703
445,6,0.474943
445,7,0.520477
445,8,0.547988
445,9,0.468876
445,10,0.485829
445,11,0.574110
445,12,0.520477
445,13,0.475132
445,14,0.531294
445,15,0.506124
446,1,0.434260
446,2,0.497424
446,3,0.453502
446,4,0.444884
446,5,0.456892
446,6,0.499833
446,7,0.513014
446,8,0.475370
446,9,0.483108
446,10,0.506271
446,11,0.551831
446,12,0.550355
446,13,0.475644
446,14,0.511102
446,15,0.443149
447,1,0.485871
447,2,0.574110
447,3,0.539966
447,4,0.289726
447,5,0.452673
447,6,0.492966
447,7,0.475559
447,8,0.512543
447,9,0.574110
447,10,0.479940
447,11,0.511180
447,12,0.511880
447,13,0.489181
447,14,0.574110
447,15,0.471671
448,1,0.445859
448,2,0.515668
448,3,0.290060
448,4,0.435400
448,5,0.456813
448,6,0.483119
448,7,0.574110
448,8,0.463308
448,9,0.531294
448,10,0.519249
448,11,0.487633
448,12,0.530826
448,13,0.526707
448,14,0.574110
448,15,0.585922
449,1,0.434589
449,2,0.452673
449,3,0.330893
449,4,0.304613
449,5,0.411744
449,6,0.523915
449,7,0.527474
449,8,0.487535
449,9,0.523915
449,10,0.534518
449,11,0.468327
449,12,0.438214
449,13,0.486417
449,14,0.466107
449,15,0.486922
450,1,0.504946
450,2,0.530826
450,3,0.538777
450,4,0.520033
450,5,0.530367
450,6,0.530826
450,7,0.489181
450,8,0.437005
450,9,0.497424
450,10,0.474943
450,11,0.549802
450,12,0.520880
450,13,0.434589
450,14,0.517079
450,15,0.434260
451,1,0.480666
451,2,0.492746
451,3,0.502750
451,4,0.521429
451,5,0.547988
451,6,0.532681
451,7,0.576623
451,8,0.574110
451,9,0.513335
451,10,0.524979
451,11,0.521715
451,12,0.576905
451,13,0.512745
451,14,0.547988
451,15,0.523217
452,1,0.480648
452,2,0.513670
452,3,0.552962
452,4,0.547988
452,5,0.523915
452,6,0.520477
452,7,0.512790
452,8,0.467425
452,9,0.531488
452,10,0.453502
452,11,0.468130
452,12,0.279891
452,13,0.411744
452,14,0.498091
452,15,0.547988
453,1,0.476908
453,2,0.352208
453,3,0.496008
453,4,0.473884
453,5,0.486831
453,6,0.508883
453,7,0.465385
453,8,0.445310
453,9,0.330143
453,10,0.493650
453,11,0.489386
453,12,0.574110
453,13,0.488636
453,14,0.468327
453,15,0.448729
454,1,0.506369
454,2,0.574110
454,3,0.520477
454,4,0.442436
454,5,0.487388
454,6,0.574110
454,7,0.537459
454,8,0.512959
454,9,0.454035
454,10,0.458145
454,11,0.518987
454,12,0.507051
454,13,0.513670
454,14,0.456892
454,15,0.486028
455,1,0.504719
455,2,0.547988
455,3,0.437339
455,4,0.452355
455,5,0.521063
455,6,0.513183
455,7,0.485880
455,8,0.507051
455,9,0.526224
455,10,0.508220
455,11,0.511880
455,12,0.511880
455,13,0.442436
455,14,0.455094
455,15,0.474943
456,1,0.457081
456,2,0.452717
456,3,0.516135
456,4,0.520331
456,5,0.493559
456,6,0.535463
456,7,0.489842
456,8,0.465385
456,9,0.479362
456,10,0.498813
456,11,0.457971
456,12,0.469652
456,13,0.472494
456,14,0.453112
456,15,0.493680
457,1,0.289726
457,2,0.452355
457,3,0.339256
457,4,0.499833
457,5,0.547988
457,6,0.505925
457,7,0.518965
457,8,0.452377
457,9,0.270057
457,10,0.476434
457,11,0.497030
457,12,0.490390
457,13,0.442828
457,14,0.506369
457,15,0.479895
458,1,0.289726
458,2,0.466752
458,3,0.511180
458,4,0.343575
458,5,0.470193
458,6,0.493317
458,7,0.464872
458,8,0.490006
458,9,0.518965
458,10,0.525622
458,11,0.526538
458,12,0.547988
458,13,0.442436
458,14,0.456919
458,15,0.463721
459,1,0.539533
459,2,0.514785
459,3,0.469356
459,4,0.465772
459,5,0.458400
459,6,0.515839
459,7,0.539966
459,8,0.528576
459,9,0.442705
459,10,0.411744
459,11,0.459821
459,12,0.466099
459,13,0.473996
459,14,0.411744
459,15,0.527474
460,1,0.460464
460,2,0.493604
460,3,0.507843
460,4,0.464966
460,5,0.450761
460,6,0.456919
460,7,0.511102
460,8,0.469856
460,9,0.472378
460,10,0.530078
460,11,0.495229
460,12,0.352599
460,13,0.482265
460,14,0.489523
460,15,0.508421
461,1,0.458221
461,2,0.470572
461,3,0.506124
461,4,0.518313
461,5,0.508220
461,6,0.515565
461,7,0.469418
461,8,0.555991
461,9,0.520813
461,10,0.467425
461,11,0.445859
461,12,0.473996
461,13,0.502120
461,14,0.496784
461,15,0.466988
462,1,0.518784
462,2,0.518965
462,3,0.460070
462,4,0.496293
462,5,0.501339
462,6,0.574110
462,7,0.479521
462,8,0.516929
462,9,0.566955
462,10,0.574110
462,11,0.459058
462,12,0.450231
462,13,0.465688
462,14,0.498957
462,15,0.511976
463,1,0.552662
463,2,0.453735
463,3,0.459244
463,4,0.537023
463,5,0.476214
463,6,0.505864
463,7,0.464966
463,8,0.509460
463,9,0.537459
463,10,0.502064
463,11,0.460860
463,12,0.422433
463,13,0.498123
463,14,0.507170
463,15,0.520813
464,1,0.458221
464,2,0.467425
464,3,0.431107
464,4,0.279891
464,5,0.453426
464,6,0.432566
464,7,0.452355
464,8,0.467425
464,9,0.279891
464,10,0.487696
464,11,0.434260
464,12,0.495780
464,13,0.504735
464,14,0.506124
464,15,0.475950
465,1,0.458100
465,2,0.270057
465,3,0.467337
465,4,0.469888
465,5,0.467442
465,6,0.482012
465,7,0.472494
465,8,0.411744
465,9,0.441442
465,10,0.575973
465,11,0.525898
465,12,0.459558
465,13,0.279891
465,14,0.463545
465,15,0.290060
466,1,0.270057
466,2,0.506369
466,3,0.453830
466,4,0.444295
466,5,0.506369
466,6,0.342836
466,7,0.421429
466,8,0.453809
466,9,0.488387
466,10,0.489014
466,11,0.457103
466,12,0.423146
466,13,0.411744
466,14,0.500495
466,15,0.511180
467,1,0.517395
467,2,0.456423
467,3,0.348397
467,4,0.464205
467,5,0.457203
467,6,0.436787
467,7,0.450557
467,8,0.467425
467,9,0.520813
467,10,0.442436
467,11,0.411744
467,12,0.505515
467,13,0.464209
467,14,0.464451
467,15,0.280225
468,1,0.467533
468,2,0.470755
468,3,0.475402
468,4,0.470816
468,5,0.505742
468,6,0.453502
468,7,0.547988
468,8,0.532282
468,9,0.503295
468,10,0.520813
468,11,0.512655
468,12,0.439357
468,13,0.411744
468,14,0.485720
468,15,0.537648
469,1,0.574110
469,2,0.533703
469,3,0.531294
469,4,0.466099
469,5,0.491712
469,6,0.514532
469,7,0.457607
469,8,0.270057
469,9,0.482140
469,10,0.512390
469,11,0.458010
469,12,0.411744
469,13,0.504142
469,14,0.459058
469,15,0.450231
470,1,0.463537
470,2,0.489386
470,3,0.442306
470,4,0.327608
470,5,0.411744
470,6,0.547988
470,7,0.474943
470,8,0.453270
470,9,0.452863
470,10,0.499833
470,11,0.467425
470,12,0.488849
470,13,0.520813
470,14,0.552962
470,15,0.342610
471,1,0.470720
471,2,0.290060
471,3,0.270057
471,4,0.424114
471,5,0.506369
471,6,0.531294
471,7,0.495783
471,8,0.519583
471,9,0.574110
471,10,0.495674
471,11,0.475782
471,12,0.460125
471,13,0.447241
471,14,0.539533
471,15,0.462985
472,1,0.423146
472,2,0.464030
472,3,0.493734
472,4,0.468952
472,5,0.464581
472,6,0.467208
472,7,0.435137
472,8,0.497469
472,9,0.452775
472,10,0.491431
472,11,0.289726
472,12,0.506369
472,13,0.486184
472,14,0.534008
472,15,0.494968
473,1,0.524786
473,2,0.508315
473,3,0.513014
473,4,0.468327
473,5,0.411744
473,6,0.460178
473,7,0.506369
473,8,0.503879
473,9,0.451211
473,10,0.497287
473,11,0.547988
473,12,0.470364
473,13,0.530389
473,14,0.457919
473,15,0.515667
474,1,0.513335
474,2,0.543181
474,3,0.457767
474,4,0.481649
474,5,0.497947
474,6,0.492012
474,7,0.547988
474,8,0.439418
474,9,0.343325
474,10,0.497424
474,11,0.530367
474,12,0.447332
474,13,0.547988
474,14,0.468827
474,15,0.531294
475,1,0.453502
475,2,0.492710
475,3,0.538777
475,4,0.469356
475,5,0.488479
475,6,0.289726
475,7,0.496259
475,8,0.342810
475,9,0.488479
475,10,0.501957
475,11,0.533704
475,12,0.335789
475,13,0.480236
475,14,0.439561
475,15,0.474023
476,1,0.442306
476,2,0.497424
476,3,0.512390
476,4,0.457858
476,5,0.411744
476,6,0.501398
476,7,0.496262
476,8,0.544419
476,9,0.532890
476,10,0.520157
476,11,0.459058
476,12,0.465311
476,13,0.496008
476,14,0.506124
476,15,0.479895
477,1,0.534950
477,2,0.455038
477,3,0.514107
477,4,0.508526
477,5,0.511180
477,6,0.511976
477,7,0.446717
477,8,0.537648
477,9,0.519583
477,10,0.530336
477,11,0.290060
477,12,0.473120
477,13,0.506391
477,14,0.495286
477,15,0.289726
478,1,0.497453
478,2,0.502750
478,3,0.462727
478,4,0.473996
478,5,0.486831
478,6,0.458542
478,7,0.456054
478,8,0.453118
478,9,0.466303
478,10,0.510423
478,11,0.531488
478,12,0.450761
478,13,0.270057
478,14,0.444422
478,15,0.421259
479,1,0.449495
479,2,0.547988
479,3,0.513768
479,4,0.538777
479,5,0.499364
479,6,0.341083
479,7,0.466958
479,8,0.479897
479,9,0.507051
479,10,0.521791
479,11,0.532880
479,12,0.520001
479,13,0.555709
479,14,0.513670
479,15,0.524979
480,1,0.458055
480,2,0.468271
480,3,0.493314
480,4,0.472789
480,5,0.496809
480,6,0.337542
480,7,0.506369
480,8,0.525622
480,9,0.525622
480,10,0.525622
480,11,0.443065
480,12,0.456480
480,13,0.417336
480,14,0.459244
480,15,0.456319
481,1,0.473996
481,2,0.520470
481,3,0.454439
481,4,0.496497
481,5,0.343586
481,6,0.459244
481,7,0.506369
481,8,0.520477
481,9,0.467425
481,10,0.459058
481,11,0.495844
481,12,0.506124
481,13,0.520535
481,14,0.439418
481,15,0.533163
482,1,0.467425
482,2,0.459244
482,3,0.450025
482,4,0.494591
482,5,0.530367
482,6,0.454583
482,7,0.506369
482,8,0.520477
482,9,0.459558
482,10,0.452010
482,11,0.538777
482,12,0.531294
482,13,0.552662
482,14,0.547988
482,15,0.529627
483,1,0.554858
483,2,0.544284
483,3,0.550355
483,4,0.439895
483,5,0.480087
483,6,0.507051
483,7,0.526224
483,8,0.522257
483,9,0.531488
483,10,0.446905
483,11,0.533808
483,12,0.520813
483,13,0.537459
483,14,0.471671
483,15,0.419837
484,1,0.447546
484,2,0.509205
484,3,0.523915
484,4,0.523915
484,5,0.484272
484,6,0.514134
484,7,0.526789
484,8,0.342141
484,9,0.506369
484,10,0.469878
484,11,0.411744
484,12,0.531294
484,13,0.574110
484,14,0.479353
484,15,0.512790
485,1,0.513014
485,2,0.537742
485,3,0.535676
485,4,0.520874
485,5,0.547988
485,6,0.538777
485,7,0.539533
485,8,0.534705
485,9,0.532538
485,10,0.555735
485,11,0.510381
485,12,0.542516
485,13,0.532282
485,14,0.523217
485,15,0.511180
486,1,0.514460
486,2,0.501110
486,3,0.468225
486,4,0.544118
486,5,0.574110
486,6,0.340301
486,7,0.452355
486,8,0.473996
486,9,0.533704
486,10,0.439357
486,11,0.452355
486,12,0.459558
486,13,0.508960
486,14,0.448507
486,15,0.437005
487,1,0.486437
487,2,0.457740
487,3,0.547988
487,4,0.435089
487,5,0.481084
487,6,0.520477
487,7,0.545137
487,8,0.547410
487,9,0.547988
487,10,0.437339
487,11,0.327608
487,12,0.454352
487,13,0.457203
487,14,0.445115
487,15,0.496831
488,1,0.470540
488,2,0.574110
488,3,0.463308
488,4,0.475559
488,5,0.452675
488,6,0.443282
488,7,0.498123
488,8,0.506944
488,9,0.457914
488,10,0.506369
488,11,0.520477
488,12,0.473701
488,13,0.576623
488,14,0.520779
488,15,0.455495
489,1,0.497287
489,2,0.489863
489,3,0.467553
489,4,0.447546
489,5,0.464966
489,6,0.434260
489,7,0.466752
489,8,0.518675
489,9,0.482046
489,10,0.312904
489,11,0.451836
489,12,0.444172
489,13,0.488488
489,14,0.510381
489,15,0.440037
490,1,0.506369
490,2,0.467425
490,3,0.459244
490,4,0.506369
490,5,0.470584
490,6,0.467425
490,7,0.520477
490,8,0.532282
490,9,0.574110
490,10,0.438229
490,11,0.289726
490,12,0.442140
490,13,0.435400
490,14,0.438643
490,15,0.411744
491,1,0.467425
491,2,0.475559
491,3,0.547242
491,4,0.442717
491,5,0.452690
491,6,0.511180
491,7,0.507924
491,8,0.539533
491,9,0.471671
491,10,0.542752
491,11,0.574110
491,12,0.503295
491,13,0.480115
491,14,0.289726
491,15,0.488047
492,1,0.530367
492,2,0.574110
492,3,0.520477
492,4,0.467425
492,5,0.441442
492,6,0.343479
492,7,0.482669
492,8,0.533703
492,9,0.457620
492,10,0.432268
492,11,0.327608
492,12,0.466434
492,13,0.510423
492,14,0.531488
492,15,0.513670
493,1,0.467425
493,2,0.447332
493,3,0.514370
493,4,0.437339
493,5,0.423146
493,6,0.411744
493,7,0.493830
493,8,0.525622
493,9,0.471671
493,10,0.438229
493,11,0.343325
493,12,0.411744
493,13,0.523915
493,14,0.467926
493,15,0.411744
494,1,0.441442
494,2,0.515102
494,3,0.523217
494,4,0.511180
494,5,0.464966
494,6,0.539250
494,7,0.457554
494,8,0.506369
494,9,0.483108
494,10,0.547988
494,11,0.443116
494,12,0.465927
494,13,0.499833
494,14,0.502288
494,15,0.290060
495,1,0.499677
495,2,0.286981
495,3,0.490296
495,4,0.457246
495,5,0.468208
495,6,0.432979
495,7,0.464268
495,8,0.470755
495,9,0.450191
495,10,0.488205
495,11,0.547988
495,12,0.502963
495,13,0.468327
495,14,0.464201
495,15,0.495071
496,1,0.518987
496,2,0.500208
496,3,0.480931
496,4,0.473996
496,5,0.503879
496,6,0.574110
496,7,0.464209
496,8,0.448729
496,9,0.457743
496,10,0.482984
496,11,0.547988
496,12,0.530367
496,13,0.513670
496,14,0.467425
496,15,0.531294
497,1,0.457868
497,2,0.482366
497,3,0.547988
497,4,0.520477
497,5,0.521063
497,6,0.464451
497,7,0.537930
497,8,0.576075
497,9,0.507051
497,10,0.547988
497,11,0.515104
497,12,0.480648
497,13,0.507244
497,14,0.522119
497,15,0.513183
498,1,0.521523
498,2,0.531488
498,3,0.512859
498,4,0.501347
498,5,0.537459
498,6,0.547988
498,7,0.453070
498,8,0.270057
498,9,0.470339
498,10,0.464268
498,11,0.468939
498,12,0.432947
498,13,0.453112
498,14,0.464046
498,15,0.520973
499,1,0.456892
499,2,0.490809
499,3,0.574110
499,4,0.434589
499,5,0.467425
499,6,0.422433
499,7,0.497287
499,8,0.506117
499,9,0.508441
499,10,0.290060
499,11,0.444976
499,12,0.496306
499,13,0.547988
499,14,0.531294
499,15,0.439357
500,1,0.452355
500,2,0.473271
500,3,0.547988
500,4,0.523217
500,5,0.464966
500,6,0.574110
500,7,0.507405
500,8,0.523217
500,9,0.452414
500,10,0.537742
500,11,0.467514
500,12,0.469131
500,13,0.407172
500,14,0.435223
500,15,0.467425
501,1,0.432947
501,2,0.506369
501,3,0.501793
501,4,0.470602
501,5,0.352724
501,6,0.484753
501,7,0.434260
501,8,0.442876
501,9,0.442499
501,10,0.456201
501,11,0.443746
501,12,0.514648
501,13,0.468327
501,14,0.465772
501,15,0.533219
502,1,0.451497
502,2,0.450412
502,3,0.454228
502,4,0.464451
502,5,0.522483
502,6,0.469856
502,7,0.522986
502,8,0.467425
502,9,0.506369
502,10,0.439357
502,11,0.330893
502,12,0.435400
502,13,0.553196
502,14,0.467425
502,15,0.452551
503,1,0.330143
503,2,0.469588
503,3,0.451927
503,4,0.493175
503,5,0.527735
503,6,0.439418
503,7,0.539533
503,8,0.574110
503,9,0.519894
503,10,0.439357
503,11,0.475132
503,12,0.547988
503,13,0.532282
503,14,0.455034
503,15,0.411744
504,1,0.520477
504,2,0.475559
504,3,0.539966
504,4,0.574110
504,5,0.286981
504,6,0.454604
504,7,0.501793
504,8,0.544118
504,9,0.576875
504,10,0.554735
504,11,0.505968
504,12,0.512790
504,13,0.439357
504,14,0.437995
504,15,0.457412
505,1,0.537742
505,2,0.439685
505,3,0.442876
505,4,0.466920
505,5,0.574110
505,6,0.533703
505,7,0.532282
505,8,0.476409
505,9,0.466679
505,10,0.480236
505,11,0.525622
505,12,0.557856
505,13,0.529267
505,14,0.459558
505,15,0.498584
506,1,0.469356
506,2,0.466679
506,3,0.419837
506,4,0.444686
506,5,0.442436
506,6,0.452673
506,7,0.506369
506,8,0.520477
506,9,0.290060
506,10,0.499833
506,11,0.494591
506,12,0.520256
506,13,0.380913
506,14,0.520256
506,15,0.512790
507,1,0.454583
507,2,0.452690
507,3,0.494174
507,4,0.531488
507,5,0.454736
507,6,0.483108
507,7,0.490918
507,8,0.504186
507,9,0.426354
507,10,0.452359
507,11,0.506369
507,12,0.506890
507,13,0.526161
507,14,0.534527
507,15,0.457554
508,1,0.485181
508,2,0.502802
508,3,0.442102
508,4,0.466887
508,5,0.443116
508,6,0.421429
508,7,0.442102
508,8,0.444422
508,9,0.443544
508,10,0.488387
508,11,0.470113
508,12,0.495071
508,13,0.505581
508,14,0.511180
508,15,0.461656
509,1,0.330893
509,2,0.466761
509,3,0.513029
509,4,0.507244
509,5,0.537459
509,6,0.471671
509,7,0.461488
509,8,0.540239
509,9,0.498768
509,10,0.479895
509,11,0.289726
509,12,0.493604
509,13,0.489863
509,14,0.552379
509,15,0.450761
510,1,0.480087
510,2,0.574110
510,3,0.525622
510,4,0.531294
510,5,0.454583
510,6,0.468894
510,7,0.280225
510,8,0.499833
510,9,0.342360
510,10,0.497424
510,11,0.498975
510,12,0.443116
510,13,0.454267
510,14,0.492131
510,15,0.441098
511,1,0.411744
511,2,0.441431
511,3,0.479897
511,4,0.450761
511,5,0.444834
511,6,0.443217
511,7,0.452355
511,8,0.441482
511,9,0.499833
511,10,0.474943
511,11,0.531294
511,12,0.508421
511,13,0.490622
511,14,0.508350
511,15,0.528866
512,1,0.523927
512,2,0.555961
512,3,0.555555
512,4,0.524699
512,5,0.530389
512,6,0.508904
512,7,0.290060
512,8,0.442140
512,9,0.466039
512,10,0.497320
512,11,0.530320
512,12,0.523915
512,13,0.489901
512,14,0.503114
512,15,0.466549
513,1,0.547988
513,2,0.523915
513,3,0.290060
513,4,0.497424
513,5,0.453502
513,6,0.474943
513,7,0.574110
513,8,0.520477
513,9,0.465054
513,10,0.447241
513,11,0.345895
513,12,0.488183
513,13,0.498355
513,14,0.468827
513,15,0.553393
514,1,0.507051
514,2,0.537459
514,3,0.574110
514,4,0.531294
514,5,0.453502
514,6,0.493604
514,7,0.503492
514,8,0.475104
514,9,0.530367
514,10,0.450761
514,11,0.456542
514,12,0.520256
514,13,0.459558
514,14,0.508960
514,15,0.442633
515,1,0.549036
515,2,0.520157
515,3,0.539250
515,4,0.534664
515,5,0.547988
515,6,0.530389
515,7,0.508904
515,8,0.555991
515,9,0.450292
515,10,0.423146
515,11,0.506369
515,12,0.474430
515,13,0.475220
515,14,0.457246
515,15,0.489271
516,1,0.341859
516,2,0.468131
516,3,0.512759
516,4,0.496714
516,5,0.481923
516,6,0.512131
516,7,0.499395
516,8,0.455474
516,9,0.456067
516,10,0.422172
516,11,0.501733
516,12,0.463174
516,13,0.544236
516,14,0.523915
516,15,0.477627
517,1,0.484270
517,2,0.489523
517,3,0.524886
517,4,0.532282
517,5,0.523217
517,6,0.446717
517,7,0.531294
517,8,0.471951
517,9,0.517913
517,10,0.494345
517,11,0.341090
517,12,0.506369
517,13,0.286981
517,14,0.452673
517,15,0.503427
518,1,0.546623
518,2,0.547988
518,3,0.474646
518,4,0.574110
518,5,0.469878
518,6,0.489765
518,7,0.541212
518,8,0.464397
518,9,0.477741
518,10,0.502272
518,11,0.459558
518,12,0.495844
518,13,0.286981
518,14,0.411744
518,15,0.496497
519,1,0.490763
519,2,0.539966
519,3,0.574110
519,4,0.531200
519,5,0.545137
519,6,0.444074
519,7,0.506369
519,8,0.503295
519,9,0.342810
519,10,0.327474
519,11,0.454589
519,12,0.523915
519,13,0.531294
519,14,0.439357
519,15,0.480236
520,1,0.454736
520,2,0.421334
520,3,0.459244
520,4,0.451798
520,5,0.498123
520,6,0.497284
520,7,0.574110
520,8,0.574110
520,9,0.463308
520,10,0.520477
520,11,0.511180
520,12,0.547988
520,13,0.533704
520,14,0.454583
520,15,0.411744
521,1,0.280225
521,2,0.456919
521,3,0.279891
521,4,0.463545
521,5,0.290060
521,6,0.461712
521,7,0.449692
521,8,0.495343
521,9,0.497065
521,10,0.506391
521,11,0.525963
521,12,0.434260
521,13,0.423146
521,14,0.397337
521,15,0.497424
522,1,0.286981
522,2,0.497424
522,3,0.286981
522,4,0.497424
522,5,0.474943
522,6,0.530367
522,7,0.451211
522,8,0.506369
522,9,0.454104
522,10,0.534377
522,11,0.442717
522,12,0.463701
522,13,0.455013
522,14,0.506369
522,15,0.533704
523,1,0.513670
523,2,0.513993
523,3,0.532282
523,4,0.533704
523,5,0.513670
523,6,0.512019
523,7,0.532890
523,8,0.477876
523,9,0.507244
523,10,0.512859
523,11,0.452414
523,12,0.342610
523,13,0.452355
523,14,0.479895
523,15,0.442782
524,1,0.456919
524,2,0.476734
524,3,0.574110
524,4,0.451211
524,5,0.497287
524,6,0.305080
524,7,0.503522
524,8,0.467179
524,9,0.574110
524,10,0.533703
524,11,0.531294
524,12,0.438229
524,13,0.289726
524,14,0.411744
524,15,0.532282
525,1,0.533703
525,2,0.471671
525,3,0.451927
525,4,0.471205
525,5,0.432268
525,6,0.495933
525,7,0.475132
525,8,0.467342
525,9,0.492367
525,10,0.280225
525,11,0.468894
525,12,0.340374
525,13,0.442316
525,14,0.493650
525,15,0.501747
526,1,0.547988
526,2,0.453070
526,3,0.411744
526,4,0.483108
526,5,0.506454
526,6,0.525764
526,7,0.574110
526,8,0.341266
526,9,0.506369
526,10,0.473996
526,11,0.471292
526,12,0.574110
526,13,0.520477
526,14,0.474705
526,15,0.528159
527,1,0.470137
527,2,0.495844
527,3,0.475559
527,4,0.506560
527,5,0.508127
527,6,0.524682
527,7,0.520023
527,8,0.530486
527,9,0.512655
527,10,0.286981
527,11,0.437598
527,12,0.486904
527,13,0.547988
527,14,0.250131
527,15,0.506117
528,1,0.547988
528,2,0.364186
528,3,0.493604
528,4,0.483108
528,5,0.481953
528,6,0.457772
528,7,0.492025
528,8,0.289726
528,9,0.421429
528,10,0.450651
528,11,0.421259
528,12,0.492746
528,13,0.467855
528,14,0.431263
528,15,0.491712
529,1,0.508506
529,2,0.457858
529,3,0.328787
529,4,0.421429
529,5,0.454471
529,6,0.459369
529,7,0.444306
529,8,0.451836
529,9,0.443671
529,10,0.451265
529,11,0.459937
529,12,0.481101
529,13,0.527474
529,14,0.489524
529,15,0.547988
530,1,0.457620
530,2,0.427171
530,3,0.452138
530,4,0.513670
530,5,0.458221
530,6,0.471280
530,7,0.501005
530,8,0.530103
530,9,0.508220
530,10,0.537930
530,11,0.537648
530,12,0.531294
530,13,0.526818
530,14,0.458221
530,15,0.335949
531,1,0.334582
531,2,0.458423
531,3,0.411744
531,4,0.489830
531,5,0.517210
531,6,0.455614
531,7,0.516911
531,8,0.527735
531,9,0.461636
531,10,0.506124
531,11,0.450761
531,12,0.469117
531,13,0.474658
531,14,0.492142
531,15,0.494336
532,1,0.439679
532,2,0.532890
532,3,0.340301
532,4,0.442868
532,5,0.473996
532,6,0.467732
532,7,0.547988
532,8,0.533704
532,9,0.439357
532,10,0.346499
532,11,0.431263
532,12,0.493604
532,13,0.506124
532,14,0.547988
532,15,0.504142
533,1,0.482925
533,2,0.539533
533,3,0.574110
533,4,0.537648
533,5,0.437005
533,6,0.423146
533,7,0.441137
533,8,0.411744
533,9,0.497424
533,10,0.490534
533,11,0.512859
533,12,0.502221
533,13,0.439357
533,14,0.452355
533,15,0.290060
534,1,0.441137
534,2,0.411744
534,3,0.532282
534,4,0.343586
534,5,0.468059
534,6,0.574110
534,7,0.520477
534,8,0.456892
534,9,0.270057
534,10,0.439641
534,11,0.465688
534,12,0.440213
534,13,0.574110
534,14,0.531965
534,15,0.496091
535,1,0.574110
535,2,0.525622
535,3,0.525622
535,4,0.520477
535,5,0.513993
535,6,0.491105
535,7,0.530867
535,8,0.512790
535,9,0.341266
535,10,0.270057
535,11,0.496679
535,12,0.501830
535,13,0.502280
535,14,0.342141
535,15,0.499418
536,1,0.446980
536,2,0.467863
536,3,0.535344
536,4,0.459490
536,5,0.493325
536,6,0.441148
536,7,0.485275
536,8,0.464045
536,9,0.501657
536,10,0.514986
536,11,0.437339
536,12,0.482984
536,13,0.530367
536,14,0.512390
536,15,0.454035
537,1,0.350503
537,2,0.451047
537,3,0.486477
537,4,0.502626
537,5,0.460860
537,6,0.538075
537,7,0.437005
537,8,0.442425
537,9,0.429600
537,10,0.497424
537,11,0.453502
537,12,0.279891
537,13,0.360543
537,14,0.479897
537,15,0.547988
538,1,0.480839
538,2,0.438229
538,3,0.539533
538,4,0.439685
538,5,0.452355
538,6,0.457878
538,7,0.467407
538,8,0.459095
538,9,0.449465
538,10,0.431663
538,11,0.488926
538,12,0.520813
538,13,0.512790
538,14,0.518839
538,15,0.446905
539,1,0.540988
539,2,0.457090
539,3,0.506369
539,4,0.504395
539,5,0.574110
539,6,0.520477
539,7,0.437339
539,8,0.487388
539,9,0.513670
539,10,0.493791
539,11,0.448554
539,12,0.506369
539,13,0.479895
539,14,0.531294
539,15,0.467425
540,1,0.566955
540,2,0.290060
540,3,0.496877
540,4,0.340752
540,5,0.456542
540,6,0.443116
540,7,0.411744
540,8,0.467732
540,9,0.470755
540,10,0.447241
540,11,0.490502
540,12,0.520931
540,13,0.520813
540,14,0.452414
540,15,0.343061
541,1,0.467208
541,2,0.443116
541,3,0.468210
541,4,0.466403
541,5,0.574110
541,6,0.438353
541,7,0.497890
541,8,0.475132
541,9,0.574110
541,10,0.529404
541,11,0.438229
541,12,0.545137
541,13,0.547988
541,14,0.505955
541,15,0.475782
542,1,0.576905
542,2,0.537459
542,3,0.512959
542,4,0.547988
542,5,0.532282
542,6,0.503295
542,7,0.520813
542,8,0.446717
542,9,0.520256
542,10,0.525329
542,11,0.511180
542,12,0.290060
542,13,0.497941
542,14,0.520157
542,15,0.458221
543,1,0.396328
543,2,0.537742
543,3,0.462176
543,4,0.547988
543,5,0.513957
543,6,0.574110
543,7,0.525622
543,8,0.479353
543,9,0.522257
543,10,0.339025
543,11,0.484421
543,12,0.487461
543,13,0.488171
543,14,0.521421
543,15,0.442717
544,1,0.480087
544,2,0.493914
544,3,0.458367
544,4,0.440644
544,5,0.475409
544,6,0.338269
544,7,0.506369
544,8,0.504199
544,9,0.506117
544,10,0.554919
544,11,0.504142
544,12,0.547988
544,13,0.343575
544,14,0.459244
544,15,0.279891
545,1,0.493650
545,2,0.501957
545,3,0.342215
545,4,0.444460
545,5,0.455984
545,6,0.479846
545,7,0.530367
545,8,0.458021
545,9,0.499788
545,10,0.497984
545,11,0.290060
545,12,0.456919
545,13,0.451927
545,14,0.496008
545,15,0.439357
546,1,0.484404
546,2,0.455187
546,3,0.481752
546,4,0.507886
546,5,0.458055
546,6,0.465842
546,7,0.574110
546,8,0.531294
546,9,0.442633
546,10,0.343325
546,11,0.482669
546,12,0.574110
546,13,0.576623
546,14,0.513335
546,15,0.459558
547,1,0.493604
547,2,0.454583
547,3,0.497287
547,4,0.521884
547,5,0.353574
547,6,0.351072
547,7,0.451047
547,8,0.421259
547,9,0.421259
547,10,0.492746
547,11,0.342810
547,12,0.437995
547,13,0.505925
547,14,0.479426
547,15,0.502288
548,1,0.510423
548,2,0.456918
548,3,0.468894
548,4,0.474263
548,5,0.443116
548,6,0.492203
548,7,0.574110
548,8,0.434260
548,9,0.480236
548,10,0.574110
548,11,0.533703
548,12,0.531294
548,13,0.439357
548,14,0.496259
548,15,0.475132
549,1,0.540988
549,2,0.457541
549,3,0.456054
549,4,0.480807
549,5,0.493009
549,6,0.441148
549,7,0.421429
549,8,0.486802
549,9,0.520813
549,10,0.539966
549,11,0.341090
549,12,0.482669
549,13,0.520813
549,14,0.525432
549,15,0.539966
550,1,0.495764
550,2,0.341891
550,3,0.487384
550,4,0.456650
550,5,0.484951
550,6,0.454592
550,7,0.494080
550,8,0.523437
550,9,0.494605
550,10,0.511180
550,11,0.511880
550,12,0.506199
550,13,0.523917
550,14,0.476906
550,15,0.516272
551,1,0.543698
551,2,0.539966
551,3,0.455569
551,4,0.489610
551,5,0.439561
551,6,0.479316
551,7,0.547988
551,8,0.520477
551,9,0.437339
551,10,0.444306
551,11,0.334984
551,12,0.421429
551,13,0.421429
551,14,0.497287
551,15,0.508005
552,1,0.494644
552,2,0.549036
552,3,0.542898
552,4,0.533703
552,5,0.547988
552,6,0.508441
552,7,0.513993
552,8,0.516929
552,9,0.442436
552,10,0.499833
552,11,0.520157
552,12,0.456642
552,13,0.497287
552,14,0.353731
552,15,0.334850
553,1,0.491712
553,2,0.457115
553,3,0.330893
553,4,0.443671
553,5,0.494591
553,6,0.456213
553,7,0.496497
553,8,0.469878
553,9,0.574110
553,10,0.457868
553,11,0.456919
553,12,0.448318
553,13,0.474943
553,14,0.564999
553,15,0.508441
554,1,0.513993
554,2,0.469356
554,3,0.465230
554,4,0.530367
554,5,0.537459
554,6,0.574110
554,7,0.525622
554,8,0.463308
554,9,0.446899
554,10,0.535093
554,11,0.453735
554,12,0.443604
554,13,0.411744
554,14,0.441431
554,15,0.452355
555,1,0.512790
555,2,0.506124
555,3,0.506124
555,4,0.454583
555,5,0.330893
555,6,0.454589
555,7,0.505852
555,8,0.574110
555,9,0.504901
555,10,0.530367
555,11,0.513670
555,12,0.501347
555,13,0.488479
555,14,0.452819
555,15,0.452355
556,1,0.547988
556,2,0.451235
556,3,0.463545
556,4,0.452010
556,5,0.543181
556,6,0.574110
556,7,0.507405
556,8,0.457858
556,9,0.328787
556,10,0.486663
556,11,0.508288
556,12,0.457090
556,13,0.435005
556,14,0.460494
556,15,0.445115
557,1,0.499834
557,2,0.492491
557,3,0.452770
557,4,0.423146
557,5,0.470339
557,6,0.451671
557,7,0.421259
557,8,0.444295
557,9,0.497424
557,10,0.489863
557,11,0.507051
557,12,0.538777
557,13,0.576905
557,14,0.547988
557,15,0.520477
558,1,0.521063
558,2,0.520157
558,3,0.511976
558,4,0.507244
558,5,0.513670
558,6,0.442436
558,7,0.411744
558,8,0.504142
558,9,0.290060
558,10,0.499833
558,11,0.510371
558,12,0.547988
558,13,0.532282
558,14,0.485880
558,15,0.519457
559,1,0.437005
559,2,0.453575
559,3,0.467732
559,4,0.458521
559,5,0.444460
559,6,0.482758
559,7,0.470845
559,8,0.493314
559,9,0.450920
559,10,0.355370
559,11,0.495343
559,12,0.352141
559,13,0.519178
559,14,0.527735
559,15,0.487535
560,1,0.360901
560,2,0.513634
560,3,0.489190
560,4,0.456565
560,5,0.493604
560,6,0.541848
560,7,0.532282
560,8,0.539533
560,9,0.471671
560,10,0.532561
560,11,0.457620
560,12,0.491712
560,13,0.446717
560,14,0.537648
560,15,0.519583
561,1,0.547988
561,2,0.532282
561,3,0.446905
561,4,0.520477
561,5,0.511180
561,6,0.511976
561,7,0.446717
561,8,0.574110
561,9,0.441839
561,10,0.442815
561,11,0.506369
561,12,0.500186
561,13,0.545137
561,14,0.515102
561,15,0.457902
562,1,0.328787
562,2,0.506369
562,3,0.500495
562,4,0.459095
562,5,0.449516
562,6,0.451383
562,7,0.493026
562,8,0.523917
562,9,0.511976
562,10,0.438229
562,11,0.343325
562,12,0.467533
562,13,0.473995
562,14,0.456718
562,15,0.411744
563,1,0.343789
563,2,0.466434
563,3,0.516367
563,4,0.455997
563,5,0.432981
563,6,0.465008
563,7,0.481729
563,8,0.488488
563,9,0.492491
563,10,0.454714
563,11,0.475559
563,12,0.505338
563,13,0.518546
563,14,0.513670
563,15,0.453070
564,1,0.423146
564,2,0.411744
564,3,0.459424
564,4,0.411744
564,5,0.531294
564,6,0.512390
564,7,0.457858
564,8,0.480236
564,9,0.467553
564,10,0.432471
564,11,0.474712
564,12,0.495524
564,13,0.501600
564,14,0.520256
564,15,0.290060
565,1,0.460785
565,2,0.435400
565,3,0.513402
565,4,0.574110
565,5,0.473956
565,6,0.547988
565,7,0.525266
565,8,0.574110
565,9,0.533703
565,10,0.530367
565,11,0.438229
565,12,0.343325
565,13,0.411744
565,14,0.502879
565,15,0.537648
566,1,0.473438
566,2,0.465191
566,3,0.435400
566,4,0.444743
566,5,0.488926
566,6,0.289726
566,7,0.497424
566,8,0.340752
566,9,0.483108
566,10,0.531294
566,11,0.456058
566,12,0.506369
566,13,0.525622
566,14,0.531294
566,15,0.459797
567,1,0.493479
567,2,0.497723
567,3,0.341340
567,4,0.482669
567,5,0.460080
567,6,0.506369
567,7,0.340301
567,8,0.452355
567,9,0.475559
567,10,0.520477
567,11,0.545422
567,12,0.469752
567,13,0.547988
567,14,0.527474
567,15,0.489863
568,1,0.450761
568,2,0.506369
568,3,0.513957
568,4,0.454046
568,5,0.511077
568,6,0.574110
568,7,0.286981
568,8,0.506369
568,9,0.342424
568,10,0.411744
568,11,0.479895
568,12,0.458117
568,13,0.492123
568,14,0.501957
568,15,0.534814
569,1,0.552379
569,2,0.473586
569,3,0.469131
569,4,0.492234
569,5,0.513768
569,6,0.489523
569,7,0.503295
569,8,0.539966
569,9,0.533900
569,10,0.451494
569,11,0.411744
569,12,0.460712
569,13,0.443671
569,14,0.488661
569,15,0.496015
570,1,0.524489
570,2,0.507244
570,3,0.508421
570,4,0.538283
570,5,0.546623
570,6,0.457554
570,7,0.411744
570,8,0.503427
570,9,0.451211
570,10,0.496669
570,11,0.440070
570,12,0.421429
570,13,0.450507
570,14,0.497424
570,15,0.453830
571,1,0.444422
571,2,0.466761
571,3,0.469437
571,4,0.496419
571,5,0.532890
571,6,0.494743
571,7,0.516074
571,8,0.437339
571,9,0.423146
571,10,0.497424
571,11,0.574110
571,12,0.439357
571,13,0.474943
571,14,0.457246
571,15,0.440932
572,1,0.454589
572,2,0.498263
572,3,0.434589
572,4,0.279891
572,5,0.437995
572,6,0.494256
572,7,0.503490
572,8,0.499714
572,9,0.341191
572,10,0.506369
572,11,0.531294
572,12,0.456642
572,13,0.452355
572,14,0.507531
572,15,0.497065
573,1,0.507670
573,2,0.286981
573,3,0.490560
573,4,0.442306
573,5,0.495444
573,6,0.289726
573,7,0.435400
573,8,0.574110
573,9,0.520651
573,10,0.446905
573,11,0.453270
573,12,0.442291
573,13,0.493650
573,14,0.289726
573,15,0.421429
574,1,0.479897
574,2,0.507051
574,3,0.494591
574,4,0.574110
574,5,0.465238
574,6,0.531294
574,7,0.513670
574,8,0.511180
574,9,0.446717
574,10,0.437005
574,11,0.467544
574,12,0.507170
574,13,0.530367
574,14,0.487543
574,15,0.511849
575,1,0.442102
575,2,0.444306
575,3,0.437995
575,4,0.574110
575,5,0.360901
575,6,0.493604
575,7,0.506124
575,8,0.506124
575,9,0.513670
575,10,0.479686
575,11,0.557856
575,12,0.442699
575,13,0.424773
575,14,0.506369
575,15,0.452355
576,1,0.342610
576,2,0.270057
576,3,0.421429
576,4,0.456919
576,5,0.444352
576,6,0.521767
576,7,0.510381
576,8,0.286981
576,9,0.441137
576,10,0.454352
576,11,0.513029
576,12,0.533703
576,13,0.440018
576,14,0.442425
576,15,0.466602
577,1,0.574110
577,2,0.525622
577,3,0.520477
577,4,0.512790
577,5,0.454583
577,6,0.486028
577,7,0.456650
577,8,0.463242
577,9,0.502791
577,10,0.500715
577,11,0.442699
577,12,0.442868
577,13,0.479895
577,14,0.574110
577,15,0.513335
578,1,0.531975
578,2,0.528509
578,3,0.488023
578,4,0.511525
578,5,0.555991
578,6,0.509460
578,7,0.439834
578,8,0.479895
578,9,0.489055
578,10,0.493572
578,11,0.547988
578,12,0.342610
578,13,0.497424
578,14,0.547988
578,15,0.478856
579,1,0.453270
579,2,0.496669
579,3,0.289726
579,4,0.421429
579,5,0.456919
579,6,0.447546
579,7,0.503998
579,8,0.489985
579,9,0.456892
579,10,0.352748
579,11,0.493009
579,12,0.524795
579,13,0.342538
579,14,0.485131
579,15,0.520813
580,1,0.512812
580,2,0.442436
580,3,0.455094
580,4,0.520521
580,5,0.289726
580,6,0.496497
580,7,0.506583
580,8,0.502885
580,9,0.523982
580,10,0.575772
580,11,0.547988
580,12,0.520477
580,13,0.474705
580,14,0.493825
580,15,0.574110
581,1,0.286981
581,2,0.506369
581,3,0.471671
581,4,0.451927
581,5,0.438229
581,6,0.335949
581,7,0.493604
581,8,0.498389
581,9,0.452550
581,10,0.421479
581,11,0.435400
581,12,0.492355
581,13,0.453633
581,14,0.468894
581,15,0.343729
582,1,0.328787
582,2,0.465332
582,3,0.547988
582,4,0.494255
582,5,0.506366
582,6,0.506124
582,7,0.547988
582,8,0.466791
582,9,0.539533
582,10,0.540988
582,11,0.514914
582,12,0.525677
582,13,0.455718
582,14,0.460517
582,15,0.434589
583,1,0.505233
583,2,0.503870
583,3,0.451497
583,4,0.517036
583,5,0.457093
583,6,0.327474
583,7,0.443671
583,8,0.455815
583,9,0.503680
583,10,0.455962
583,11,0.411744
583,12,0.530367
583,13,0.439357
583,14,0.475559
583,15,0.442306
584,1,0.497424
584,2,0.574110
584,3,0.439357
584,4,0.452355
584,5,0.495538
584,6,0.497202
584,7,0.434260
584,8,0.439641
584,9,0.466296
584,10,0.547988
584,11,0.501793
584,12,0.547988
584,13,0.343575
584,14,0.487460
584,15,0.506124
585,1,0.453502
585,2,0.451927
585,3,0.471362
585,4,0.451211
585,5,0.482885
585,6,0.520813
585,7,0.456355
585,8,0.411744
585,9,0.217795
585,10,0.520477
585,11,0.574110
585,12,0.509231
585,13,0.448507
585,14,0.437005
585,15,0.432811
586,1,0.492224
586,2,0.506124
586,3,0.537648
586,4,0.457620
586,5,0.507979
586,6,0.481796
586,7,0.468327
586,8,0.471227
586,9,0.495071
586,10,0.516035
586,11,0.442139
586,12,0.438229
586,13,0.469356
586,14,0.524850
586,15,0.473996
587,1,0.447978
587,2,0.482885
587,3,0.514532
587,4,0.462683
587,5,0.457767
587,6,0.328787
587,7,0.486943
587,8,0.455061
587,9,0.454386
587,10,0.478580
587,11,0.531488
587,12,0.537459
587,13,0.471671
587,14,0.447546
587,15,0.450166
588,1,0.475559
588,2,0.547988
588,3,0.532282
588,4,0.446717
588,5,0.534471
588,6,0.542745
588,7,0.463013
588,8,0.496877
588,9,0.497469
588,10,0.544118
588,11,0.532843
588,12,0.555382
588,13,0.465238
588,14,0.542814
588,15,0.442699
589,1,0.506369
589,2,0.523217
589,3,0.438229
589,4,0.523217
589,5,0.512790
589,6,0.490357
589,7,0.539533
589,8,0.540988
589,9,0.506761
589,10,0.561723
589,11,0.566706
589,12,0.507078
589,13,0.460721
589,14,0.506369
589,15,0.455022
590,1,0.493604
590,2,0.506124
590,3,0.439357
590,4,0.327608
590,5,0.469117
590,6,0.503560
590,7,0.544118
590,8,0.458121
590,9,0.455094
590,10,0.460625
590,11,0.482739
590,12,0.467425
590,13,0.524679
590,14,0.506124
590,15,0.446717
591,1,0.537648
591,2,0.574110
591,3,0.530222
591,4,0.544118
591,5,0.543779
591,6,0.529239
591,7,0.525044
591,8,0.576075
591,9,0.512390
591,10,0.527181
591,11,0.547988
591,12,0.342141
591,13,0.482984
591,14,0.520813
591,15,0.492853
592,1,0.538777
592,2,0.442366
592,3,0.498071
592,4,0.289726
592,5,0.485544
592,6,0.520477
592,7,0.511180
592,8,0.456856
592,9,0.330893
592,10,0.506369
592,11,0.531294
592,12,0.476728
592,13,0.557856
592,14,0.442699
592,15,0.435005
593,1,0.457209
593,2,0.506369
593,3,0.439357
593,4,0.270057
593,5,0.452355
593,6,0.456139
593,7,0.421429
593,8,0.506369
593,9,0.343586
593,10,0.455984
593,11,0.411744
593,12,0.523915
593,13,0.441431
593,14,0.506369
593,15,0.340301
594,1,0.479897
594,2,0.458021
594,3,0.411744
594,4,0.531294
594,5,0.438229
594,6,0.343325
594,7,0.506369
594,8,0.483108
594,9,0.442782
594,10,0.466919
594,11,0.511180
594,12,0.512790
594,13,0.513670
594,14,0.438229
594,15,0.544116
595,1,0.547988
595,2,0.451793
595,3,0.456919
595,4,0.487234
595,5,0.438297
595,6,0.456319
595,7,0.532282
595,8,0.520477
595,9,0.446717
595,10,0.519583
595,11,0.453270
595,12,0.330893
595,13,0.470953
595,14,0.547988
595,15,0.532282
596,1,0.520813
596,2,0.479686
596,3,0.552379
596,4,0.450761
596,5,0.480087
596,6,0.547988
596,7,0.574110
596,8,0.457868
596,9,0.270057
596,10,0.506369
596,11,0.531294
596,12,0.453502
596,13,0.444884
596,14,0.464966
596,15,0.450761
597,1,0.471627
597,2,0.484704
597,3,0.493572
597,4,0.463941
597,5,0.527474
597,6,0.506124
597,7,0.438229
597,8,0.289726
597,9,0.454604
597,10,0.531294
597,11,0.474943
597,12,0.453270
597,13,0.442291
597,14,0.463261
597,15,0.547988
598,1,0.520477
598,2,0.547988
598,3,0.523915
598,4,0.523217
598,5,0.574110
598,6,0.523217
598,7,0.438229
598,8,0.343325
598,9,0.492746
598,10,0.493637
598,11,0.475132
598,12,0.574110
598,13,0.451211
598,14,0.423146
598,15,0.454589
599,1,0.442782
599,2,0.496877
599,3,0.520813
599,4,0.438229
599,5,0.543153
599,6,0.436940
599,7,0.506369
599,8,0.456919
599,9,0.484274
599,10,0.507843
599,11,0.552962
599,12,0.458120
599,13,0.447546
599,14,0.456892
599,15,0.330893
600,1,0.421429
600,2,0.421259
600,3,0.463310
600,4,0.436886
600,5,0.452355
600,6,0.533704
600,7,0.540733
600,8,0.514889
600,9,0.343575
600,10,0.455094
600,11,0.493228
600,12,0.442306
600,13,0.452673
600,14,0.330893
600,15,0.466761
601,1,0.458521
601,2,0.497673
601,3,0.501957
601,4,0.537742
601,5,0.439685
601,6,0.432712
601,7,0.486514
601,8,0.523217
601,9,0.290060
601,10,0.499020
601,11,0.534946
601,12,0.289726
601,13,0.328059
601,14,0.434114
601,15,0.497424
602,1,0.469878
602,2,0.497272
602,3,0.490794
602,4,0.479657
602,5,0.538565
602,6,0.547988
602,7,0.451793
602,8,0.353391
602,9,0.451047
602,10,0.453059
602,11,0.506369
602,12,0.493650
602,13,0.512767
602,14,0.512655
602,15,0.453502
603,1,0.452010
603,2,0.475128
603,3,0.448729
603,4,0.453112
603,5,0.516035
603,6,0.460625
603,7,0.432947
603,8,0.463343
603,9,0.523217
603,10,0.512790
603,11,0.513670
603,12,0.475238
603,13,0.557856
603,14,0.457541
603,15,0.466958
604,1,0.493314
604,2,0.534661
604,3,0.481084
604,4,0.547430
604,5,0.546258
604,6,0.552483
604,7,0.547988
604,8,0.453070
604,9,0.506369
604,10,0.531294
604,11,0.469966
604,12,0.450761
604,13,0.452690
604,14,0.521384
604,15,0.442102
605,1,0.506369
605,2,0.503119
605,3,0.579136
605,4,0.519583
605,5,0.495780
605,6,0.485880
605,7,0.527426
605,8,0.511880
605,9,0.545137
605,10,0.547988
605,11,0.532125
605,12,0.290060
605,13,0.483527
605,14,0.431314
605,15,0.486751
606,1,0.574110
606,2,0.538777
606,3,0.530359
606,4,0.585424
606,5,0.535928
606,6,0.525334
606,7,0.507244
606,8,0.450761
606,9,0.475559
606,10,0.497935
606,11,0.458209
606,12,0.465101
606,13,0.479432
606,14,0.503231
606,15,0.434260
607,1,0.327608
607,2,0.470953
607,3,0.520813
607,4,0.437339
607,5,0.478385
607,6,0.521767
607,7,0.448507
607,8,0.468272
607,9,0.538075
607,10,0.509337
607,11,0.536612
607,12,0.523217
607,13,0.342610
607,14,0.356810
607,15,0.481168
608,1,0.455461
608,2,0.481771
608,3,0.439561
608,4,0.411744
608,5,0.475718
608,6,0.411744
608,7,0.473797
608,8,0.507755
608,9,0.508315
608,10,0.542116
608,11,0.341090
608,12,0.456054
608,13,0.532282
608,14,0.537742
608,15,0.520477
609,1,0.437339
609,2,0.353975
609,3,0.447546
609,4,0.503766
609,5,0.474943
609,6,0.537648
609,7,0.471309
609,8,0.574110
609,9,0.525622
609,10,0.476958
609,11,0.545137
609,12,0.341891
609,13,0.485365
609,14,0.501577
609,15,0.439972
610,1,0.452690
610,2,0.496132
610,3,0.547988
610,4,0.508315
610,5,0.534149
610,6,0.564999
610,7,0.510381
610,8,0.506124
610,9,0.513670
610,10,0.511180
610,11,0.456892
610,12,0.270057
610,13,0.444422
610,14,0.443544
610,15,0.506369
611,1,0.533703
611,2,0.442436
611,3,0.452355
611,4,0.511180
611,5,0.495538
611,6,0.443116
611,7,0.440970
611,8,0.473547
611,9,0.474016
611,10,0.503998
611,11,0.489985
611,12,0.442436
611,13,0.506369
611,14,0.525622
611,15,0.471671
612,1,0.516911
612,2,0.439357
612,3,0.493865
612,4,0.513670
612,5,0.512655
612,6,0.446717
612,7,0.530367
612,8,0.476640
612,9,0.536008
612,10,0.465043
612,11,0.529878
612,12,0.552662
612,13,0.450761
612,14,0.468894
612,15,0.507291
613,1,0.517395
613,2,0.464451
613,3,0.532578
613,4,0.541106
613,5,0.523915
613,6,0.442699
613,7,0.441175
613,8,0.449495
613,9,0.574110
613,10,0.494256
613,11,0.523217
613,12,0.511880
613,13,0.442633
613,14,0.289726
613,15,0.478209
614,1,0.505581
614,2,0.475728
614,3,0.462174
614,4,0.472807
614,5,0.485058
614,6,0.513434
614,7,0.574110
614,8,0.451211
614,9,0.483108
614,10,0.501376
614,11,0.470290
614,12,0.484034
614,13,0.493572
614,14,0.488308
614,15,0.544632
615,1,0.531294
615,2,0.453502
615,3,0.449717
615,4,0.459244
615,5,0.482121
615,6,0.544118
615,7,0.448817
615,8,0.547988
615,9,0.456177
615,10,0.466434
615,11,0.469679
615,12,0.539240
615,13,0.457541
615,14,0.424773
615,15,0.479579
616,1,0.440330
616,2,0.423146
616,3,0.411744
616,4,0.471671
616,5,0.480574
616,6,0.512141
616,7,0.535333
616,8,0.434260
616,9,0.411744
616,10,0.463533
616,11,0.574110
616,12,0.523217
616,13,0.457129
616,14,0.514107
616,15,0.547988
617,1,0.512167
617,2,0.442633
617,3,0.549036
617,4,0.531488
617,5,0.434260
617,6,0.270057
617,7,0.481434
617,8,0.515668
617,9,0.485516
617,10,0.457093
617,11,0.270057
617,12,0.456919
617,13,0.464030
617,14,0.503998
617,15,0.517395
618,1,0.485880
618,2,0.543181
618,3,0.530191
618,4,0.547988
618,5,0.508904
618,6,0.490729
618,7,0.290060
618,8,0.442140
618,9,0.506369
618,10,0.343586
618,11,0.438818
618,12,0.354025
618,13,0.475559
618,14,0.518246
618,15,0.460070
619,1,0.574110
619,2,0.506117
619,3,0.475943
619,4,0.493604
619,5,0.489863
619,6,0.523310
619,7,0.442699
619,8,0.506369
619,9,0.348434
619,10,0.497287
619,11,0.340752
619,12,0.482140
619,13,0.500715
619,14,0.509453
619,15,0.530227
620,1,0.508220
620,2,0.543152
620,3,0.532890
620,4,0.520780
620,5,0.457093
620,6,0.466205
620,7,0.459095
620,8,0.431041
620,9,0.435400
620,10,0.547988
620,11,0.510381
620,12,0.438229
620,13,0.289726
620,14,0.452355
620,15,0.466646
621,1,0.520521
621,2,0.457093
621,3,0.467407
621,4,0.498979
621,5,0.515805
621,6,0.542884
621,7,0.459086
621,8,0.473228
621,9,0.547988
621,10,0.474496
621,11,0.468894
621,12,0.469842
621,13,0.510373
621,14,0.357089
621,15,0.462491
622,1,0.450358
622,2,0.443544
622,3,0.488926
622,4,0.513183
622,5,0.397650
622,6,0.451549
622,7,0.441952
622,8,0.421429
622,9,0.411744
622,10,0.441431
622,11,0.441137
622,12,0.421429
622,13,0.479897
622,14,0.495764
622,15,0.494762
623,1,0.574110
623,2,0.526818
623,3,0.493029
623,4,0.289726
623,5,0.454604
623,6,0.452355
623,7,0.354775
623,8,0.279891
623,9,0.421429
623,10,0.421259
623,11,0.441010
623,12,0.497469
623,13,0.520873
623,14,0.478923
623,15,0.475559
624,1,0.547988
624,2,0.471671
624,3,0.432268
624,4,0.463721
624,5,0.493545
624,6,0.493207
624,7,0.551831
624,8,0.574110
624,9,0.434260
624,10,0.466125
624,11,0.533704
624,12,0.507244
624,13,0.450071
624,14,0.447546
624,15,0.516035
625,1,0.342610
625,2,0.475559
625,3,0.471216
625,4,0.411744
625,5,0.547988
625,6,0.520477
625,7,0.521473
625,8,0.468327
625,9,0.465772
625,10,0.437005
625,11,0.497424
625,12,0.340301
625,13,0.459244
625,14,0.337519
625,15,0.467115
626,1,0.496262
626,2,0.525692
626,3,0.467981
626,4,0.489386
626,5,0.574110
626,6,0.525622
626,7,0.454439
626,8,0.270057
626,9,0.497287
626,10,0.504720
626,11,0.530367
626,12,0.574110
626,13,0.530367
626,14,0.439357
626,15,0.474943
627,1,0.574110
627,2,0.537878
627,3,0.290060
627,4,0.421479
627,5,0.421429
627,6,0.479350
627,7,0.574110
627,8,0.475336
627,9,0.484581
627,10,0.442306
627,11,0.461767
627,12,0.407172
627,13,0.506369
627,14,0.531294
627,15,0.506124
628,1,0.547988
628,2,0.531294
628,3,0.518839
628,4,0.535135
628,5,0.480062
628,6,0.574110
628,7,0.471671
628,8,0.447546
628,9,0.456892
628,10,0.497287
628,11,0.501747
628,12,0.539966
628,13,0.539027
628,14,0.458822
628,15,0.487266
629,1,0.468310
629,2,0.501671
629,3,0.467393
629,4,0.574598
629,5,0.467553
629,6,0.542752
629,7,0.434260
629,8,0.405085
629,9,0.506369
629,10,0.479895
629,11,0.526170
629,12,0.525947
629,13,0.290060
629,14,0.506369
629,15,0.453868
630,1,0.256701
630,2,0.471671
630,3,0.353563
630,4,0.499267
630,5,0.469876
630,6,0.515757
630,7,0.547988
630,8,0.537648
630,9,0.437005
630,10,0.411744
630,11,0.466720
630,12,0.459095
630,13,0.515668
630,14,0.503766
630,15,0.438229
631,1,0.520477
631,2,0.555991
631,3,0.450761
631,4,0.506369
631,5,0.471671
631,6,0.279891
631,7,0.474943
631,8,0.471671
631,9,0.466679
631,10,0.518639
631,11,0.494044
631,12,0.486128
631,13,0.564999
631,14,0.554858
631,15,0.507405
632,1,0.454035
632,2,0.328787
632,3,0.454589
632,4,0.459058
632,5,0.469053
632,6,0.483108
632,7,0.491431
632,8,0.341891
632,9,0.506369
632,10,0.343586
632,11,0.454589
632,12,0.516135
632,13,0.511880
632,14,0.452414
632,15,0.521715
633,1,0.289726
633,2,0.453575
633,3,0.506369
633,4,0.364186
633,5,0.453112
633,6,0.473628
633,7,0.514499
633,8,0.511953
633,9,0.532890
633,10,0.466099
633,11,0.338269
633,12,0.421429
633,13,0.501691
633,14,0.533703
633,15,0.342610
634,1,0.270057
634,2,0.421429
634,3,0.444295
634,4,0.479350
634,5,0.547988
634,6,0.503257
634,7,0.506124
634,8,0.513670
634,9,0.457343
634,10,0.296204
634,11,0.506369
634,12,0.496380
634,13,0.527474
634,14,0.518839
634,15,0.457093
635,1,0.469117
635,2,0.506117
635,3,0.443116
635,4,0.487259
635,5,0.442306
635,6,0.463701
635,7,0.498073
635,8,0.453633
635,9,0.465140
635,10,0.512916
635,11,0.533453
635,12,0.532259
635,13,0.474413
635,14,0.466679
635,15,0.452551
636,1,0.330143
636,2,0.421429
636,3,0.485740
636,4,0.506124
636,5,0.507628
636,6,0.512655
636,7,0.513670
636,8,0.501347
636,9,0.507257
636,10,0.527531
636,11,0.532890
636,12,0.286981
636,13,0.328573
636,14,0.411744
636,15,0.503257
637,1,0.504719
637,2,0.574598
637,3,0.550355
637,4,0.574567
637,5,0.562277
637,6,0.510381
637,7,0.340301
637,8,0.444460
637,9,0.465785
637,10,0.574110
637,11,0.439561
637,12,0.454796
637,13,0.493604
637,14,0.503192
637,15,0.537459
638,1,0.562877
638,2,0.553395
638,3,0.453806
638,4,0.468894
638,5,0.343729
638,6,0.456415
638,7,0.443116
638,8,0.455094
638,9,0.453917
638,10,0.467711
638,11,0.493604
638,12,0.469034
638,13,0.483108
638,14,0.474316
638,15,0.450191
639,1,0.506369
639,2,0.531294
639,3,0.439357
639,4,0.327608
639,5,0.506369
639,6,0.438353
639,7,0.497424
639,8,0.496783
639,9,0.495534
639,10,0.451543
639,11,0.452863
639,12,0.460687
639,13,0.468894
639,14,0.496530
639,15,0.503202
640,1,0.576875
640,2,0.555555
640,3,0.457090
640,4,0.460235
640,5,0.547988
640,6,0.533868
640,7,0.501733
640,8,0.533704
640,9,0.540733
640,10,0.531488
640,11,0.469356
640,12,0.497804
640,13,0.440213
640,14,0.493975
640,15,0.496714
641,1,0.455474
641,2,0.455094
641,3,0.290060
641,4,0.441137
641,5,0.465005
641,6,0.494255
641,7,0.542516
641,8,0.535656
641,9,0.547988
641,10,0.520813
641,11,0.547988
641,12,0.442436
641,13,0.327608
641,14,0.434114
641,15,0.479350
642,1,0.507051
642,2,0.541212
642,3,0.533569
642,4,0.552662
642,5,0.453502
642,6,0.493161
642,7,0.503998
642,8,0.464046
642,9,0.442633
642,10,0.505997
642,11,0.503998
642,12,0.521715
642,13,0.531488
642,14,0.439418
642,15,0.289726
643,1,0.492966
643,2,0.455094
643,3,0.493193
643,4,0.450761
643,5,0.456919
643,6,0.517321
643,7,0.514986
643,8,0.459558
643,9,0.493604
643,10,0.475950
643,11,0.555991
643,12,0.453735
643,13,0.455272
643,14,0.511654
643,15,0.501971
644,1,0.460625
644,2,0.540733
644,3,0.498584
644,4,0.547988
644,5,0.535398
644,6,0.531130
644,7,0.495229
644,8,0.534149
644,9,0.506124
644,10,0.434589
644,11,0.455614
644,12,0.493604
644,13,0.439357
644,14,0.479895
644,15,0.531294
645,1,0.463174
645,2,0.515326
645,3,0.539533
645,4,0.437005
645,5,0.443390
645,6,0.411744
645,7,0.486322
645,8,0.508421
645,9,0.548848
645,10,0.451211
645,11,0.496497
645,12,0.472325
645,13,0.339256
645,14,0.444422
645,15,0.405085
646,1,0.471671
646,2,0.484581
646,3,0.530389
646,4,0.442699
646,5,0.485948
646,6,0.442306
646,7,0.473758
646,8,0.442883
646,9,0.441175
646,10,0.497424
646,11,0.475559
646,12,0.539966
646,13,0.519388
646,14,0.439357
646,15,0.497424
647,1,0.506124
647,2,0.475950
647,3,0.526161
647,4,0.555555
647,5,0.457541
647,6,0.495333
647,7,0.339238
647,8,0.506369
647,9,0.430471
647,10,0.474943
647,11,0.531294
647,12,0.453502
647,13,0.490950
647,14,0.518313
647,15,0.516929
648,1,0.532890
648,2,0.439357
648,3,0.496497
648,4,0.498975
648,5,0.457402
648,6,0.468894
648,7,0.547988
648,8,0.504181
648,9,0.468327
648,10,0.524661
648,11,0.434260
648,12,0.496497
648,13,0.513670
648,14,0.467425
648,15,0.441442
649,1,0.543286
649,2,0.462727
649,3,0.459710
649,4,0.503766
649,5,0.524288
649,6,0.459558
649,7,0.335949
649,8,0.461391
649,9,0.489455
649,10,0.452437
649,11,0.495333
649,12,0.350753
649,13,0.464246
649,14,0.508843
649,15,0.504407
650,1,0.437005
650,2,0.411744
650,3,0.519457
650,4,0.455034
650,5,0.456319
650,6,0.443116
650,7,0.494256
650,8,0.503559
650,9,0.511180
650,10,0.525957
650,11,0.444408
650,12,0.411744
650,13,0.479895
650,14,0.574110
650,15,0.531294
651,1,0.476420
651,2,0.512859
651,3,0.437339
651,4,0.347218
651,5,0.479897
651,6,0.503705
651,7,0.506124
651,8,0.434260
651,9,0.423146
651,10,0.496497
651,11,0.512859
651,12,0.508220
651,13,0.511880
651,14,0.504856
651,15,0.439357
652,1,0.506369
652,2,0.463308
652,3,0.458617
652,4,0.544118
652,5,0.585424
652,6,0.471671
652,7,0.515981
652,8,0.557856
652,9,0.442699
652,10,0.481797
652,11,0.513335
652,12,0.459558
652,13,0.495844
652,14,0.446717
652,15,0.520477
653,1,0.521063
653,2,0.520157
653,3,0.458415
653,4,0.527474
653,5,0.498975
653,6,0.443116
653,7,0.454267
653,8,0.498889
653,9,0.523915
653,10,0.522257
653,11,0.458400
653,12,0.444884
653,13,0.471114
653,14,0.290060
653,15,0.421479
654,1,0.452355
654,2,0.474943
654,3,0.537648
654,4,0.457554
654,5,0.411744
654,6,0.514309
654,7,0.574110
654,8,0.491319
654,9,0.554919
654,10,0.547988
654,11,0.531294
654,12,0.340301
654,13,0.270057
654,14,0.470025
654,15,0.502485
655,1,0.451497
655,2,0.542752
655,3,0.522255
655,4,0.513670
655,5,0.512655
655,6,0.451497
655,7,0.432268
655,8,0.463721
655,9,0.472846
655,10,0.504040
655,11,0.499168
655,12,0.549686
655,13,0.548926
655,14,0.520157
655,15,0.512790
656,1,0.513014
656,2,0.505155
656,3,0.464451
656,4,0.508441
656,5,0.512790
656,6,0.513014
656,7,0.458221
656,8,0.480227
656,9,0.475104
656,10,0.537648
656,11,0.453270
656,12,0.490407
656,13,0.547988
656,14,0.453270
656,15,0.436632
657,1,0.356059
657,2,0.466124
657,3,0.493193
657,4,0.516929
657,5,0.522103
657,6,0.457093
657,7,0.270057
657,8,0.470339
657,9,0.547988
657,10,0.476964
657,11,0.467092
657,12,0.451047
657,13,0.476503
657,14,0.462861
657,15,0.515819
658,1,0.521097
658,2,0.506124
658,3,0.552379
658,4,0.434260
658,5,0.411744
658,6,0.503044
658,7,0.464786
658,8,0.465327
658,9,0.520873
658,10,0.289726
658,11,0.497424
658,12,0.467425
658,13,0.530367
658,14,0.446717
658,15,0.437005
659,1,0.411744
659,2,0.520477
659,3,0.354844
659,4,0.447546
659,5,0.290060
659,6,0.498893
659,7,0.457620
659,8,0.444884
659,9,0.464966
659,10,0.531294
659,11,0.530367
659,12,0.438229
659,13,0.520813
659,14,0.512790
659,15,0.454583
660,1,0.452355
660,2,0.547988
660,3,0.532282
660,4,0.531294
660,5,0.574110
660,6,0.439357
660,7,0.474943
660,8,0.531294
660,9,0.434260
660,10,0.411744
660,11,0.520813
660,12,0.290060
660,13,0.479895
660,14,0.520477
660,15,0.343575
661,1,0.499833
661,2,0.574110
661,3,0.438229
661,4,0.545137
661,5,0.444074
661,6,0.484251
661,7,0.507051
661,8,0.538777
661,9,0.457620
661,10,0.528378
661,11,0.518278
661,12,0.530826
661,13,0.446905
661,14,0.553495
661,15,0.490456
662,1,0.527474
662,2,0.514624
662,3,0.515326
662,4,0.467758
662,5,0.356093
662,6,0.437598
662,7,0.503078
662,8,0.545137
662,9,0.523966
662,10,0.453552
662,11,0.461183
662,12,0.467092
662,13,0.498619
662,14,0.504011
662,15,0.534001
663,1,0.574598
663,2,0.555735
663,3,0.504142
663,4,0.539533
663,5,0.530441
663,6,0.507670
663,7,0.507244
663,8,0.512859
663,9,0.508220
663,10,0.450850
663,11,0.499718
663,12,0.506117
663,13,0.504352
663,14,0.534177
663,15,0.507781
664,1,0.527666
664,2,0.448817
664,3,0.484802
664,4,0.511976
664,5,0.466139
664,6,0.338269
664,7,0.443671
664,8,0.486477
664,9,0.502793
664,10,0.532995
664,11,0.535702
664,12,0.533569
664,13,0.476420
664,14,0.574110
664,15,0.502802
665,1,0.442137
665,2,0.582009
665,3,0.547988
665,4,0.533952
665,5,0.521886
665,6,0.525704
665,7,0.547988
665,8,0.471432
665,9,0.515364
665,10,0.511976
665,11,0.507244
665,12,0.457308
665,13,0.290060
665,14,0.467092
665,15,0.547988
666,1,0.480514
666,2,0.574110
666,3,0.341420
666,4,0.452355
666,5,0.547988
666,6,0.438229
666,7,0.343325
666,8,0.456035
666,9,0.445454
666,10,0.441384
666,11,0.492102
666,12,0.436940
666,13,0.452355
666,14,0.500261
666,15,0.533704
667,1,0.520813
667,2,0.574110
667,3,0.459058
667,4,0.452960
667,5,0.467425
667,6,0.459244
667,7,0.432268
667,8,0.411744
667,9,0.280225
667,10,0.483108
667,11,0.518987
667,12,0.467553
667,13,0.493604
667,14,0.434260
667,15,0.327608
668,1,0.444422
668,2,0.482758
668,3,0.470845
668,4,0.490652
668,5,0.524795
668,6,0.498768
668,7,0.343325
668,8,0.467471
668,9,0.442306
668,10,0.411744
668,11,0.520813
668,12,0.512019
668,13,0.343575
668,14,0.469101
668,15,0.458305
669,1,0.457787
669,2,0.459247
669,3,0.498813
669,4,0.457461
669,5,0.463263
669,6,0.489010
669,7,0.470153
669,8,0.430864
669,9,0.463635
669,10,0.503998
669,11,0.459614
669,12,0.458121
669,13,0.456919
669,14,0.451836
669,15,0.405085
670,1,0.318848
670,2,0.443949
670,3,0.421429
670,4,0.411744
670,5,0.513220
670,6,0.473204
670,7,0.513993
670,8,0.511180
670,9,0.457858
670,10,0.411744
670,11,0.532282
670,12,0.507405
670,13,0.469842
670,14,0.482662
670,15,0.510423
671,1,0.520157
671,2,0.448886
671,3,0.452960
671,4,0.464246
671,5,0.334984
671,6,0.421479
671,7,0.411744
671,8,0.531294
671,9,0.453502
671,10,0.491712
671,11,0.446717
671,12,0.437005
671,13,0.506369
671,14,0.525622
671,15,0.475634
672,1,0.493604
672,2,0.489863
672,3,0.534377
672,4,0.574598
672,5,0.520477
672,6,0.574110
672,7,0.490210
672,8,0.537648
672,9,0.529108
672,10,0.524214
672,11,0.444408
672,12,0.437598
672,13,0.458367
672,14,0.490831
672,15,0.547988
673,1,0.437339
673,2,0.429244
673,3,0.472171
673,4,0.574110
673,5,0.527474
673,6,0.507843
673,7,0.503766
673,8,0.507244
673,9,0.439357
673,10,0.452690
673,11,0.440225
673,12,0.454736
673,13,0.497287
673,14,0.498501
673,15,0.535093
674,1,0.537823
674,2,0.527879
674,3,0.443039
674,4,0.496331
674,5,0.466556
674,6,0.334850
674,7,0.495343
674,8,0.286981
674,9,0.328059
674,10,0.444422
674,11,0.411744
674,12,0.505982
674,13,0.512790
674,14,0.286981
674,15,0.474943
675,1,0.442306
675,2,0.456919
675,3,0.474943
675,4,0.527817
675,5,0.468054
675,6,0.466524
675,7,0.432639
675,8,0.484138
675,9,0.506124
675,10,0.497841
675,11,0.343575
675,12,0.468367
675,13,0.290060
675,14,0.484364
675,15,0.469356
676,1,0.411744
676,2,0.534685
676,3,0.464786
676,4,0.449667
676,5,0.479999
676,6,0.490869
676,7,0.506124
676,8,0.552379
676,9,0.552379
676,10,0.577766
676,11,0.475381
676,12,0.447546
676,13,0.473996
676,14,0.279891
676,15,0.455094
677,1,0.339256
677,2,0.506369
677,3,0.514107
677,4,0.517551
677,5,0.454035
677,6,0.506369
677,7,0.362080
677,8,0.574110
677,9,0.533703
677,10,0.475183
677,11,0.279891
677,12,0.447546
677,13,0.473996
677,14,0.523217
677,15,0.447332
678,1,0.529910
678,2,0.544281
678,3,0.513670
678,4,0.552962
678,5,0.467425
678,6,0.531294
678,7,0.439357
678,8,0.483108
678,9,0.574110
678,10,0.545137
678,11,0.574110
678,12,0.342424
678,13,0.479895
678,14,0.474162
678,15,0.497175
679,1,0.508764
679,2,0.470755
679,3,0.527474
679,4,0.467733
679,5,0.498991
679,6,0.531294
679,7,0.574110
679,8,0.286981
679,9,0.452355
679,10,0.521063
679,11,0.464451
679,12,0.541922
679,13,0.547410
679,14,0.574206
679,15,0.537459
680,1,0.519583
680,2,0.452359
680,3,0.479895
680,4,0.442782
680,5,0.421207
680,6,0.456919
680,7,0.574110
680,8,0.286981
680,9,0.411744
680,10,0.514107
680,11,0.439561
680,12,0.411744
680,13,0.360901
680,14,0.465688
680,15,0.343729
681,1,0.487384
681,2,0.455187
681,3,0.466858
681,4,0.498689
681,5,0.524941
681,6,0.461098
681,7,0.480122
681,8,0.452769
681,9,0.481941
681,10,0.442306
681,11,0.456919
681,12,0.574110
681,13,0.438229
681,14,0.289726
681,15,0.452355
682,1,0.522257
682,2,0.488636
682,3,0.448554
682,4,0.442291
682,5,0.486774
682,6,0.490203
682,7,0.530367
682,8,0.439418
682,9,0.530367
682,10,0.506124
682,11,0.454583
682,12,0.486491
682,13,0.439561
682,14,0.411744
682,15,0.532282
683,1,0.531294
683,2,0.438229
683,3,0.354840
683,4,0.547988
683,5,0.466999
683,6,0.544869
683,7,0.439972
683,8,0.496259
683,9,0.490628
683,10,0.460070
683,11,0.501657
683,12,0.515757
683,13,0.457554
683,14,0.452863
683,15,0.516135
684,1,0.542884
684,2,0.343325
684,3,0.421479
684,4,0.452355
684,5,0.441431
684,6,0.435400
684,7,0.547988
684,8,0.360901
684,9,0.483108
684,10,0.516720
684,11,0.513670
684,12,0.499268
684,13,0.537459
684,14,0.547988
684,15,0.531783
685,1,0.530367
685,2,0.537459
685,3,0.574110
685,4,0.539966
685,5,0.574110
685,6,0.471671
685,7,0.442887
685,8,0.503766
685,9,0.552662
685,10,0.434260
685,11,0.453000
685,12,0.455288
685,13,0.444422
685,14,0.454589
685,15,0.459058
686,1,0.465059
686,2,0.554919
686,3,0.526161
686,4,0.464736
686,5,0.432981
686,6,0.459244
686,7,0.513768
686,8,0.450761
686,9,0.471627
686,10,0.493604
686,11,0.511084
686,12,0.514360
686,13,0.442633
686,14,0.547988
686,15,0.532282
687,1,0.566955
687,2,0.521767
687,3,0.507078
687,4,0.456423
687,5,0.457314
687,6,0.467401
687,7,0.444382
687,8,0.343789
687,9,0.484364
687,10,0.439561
687,11,0.421334
687,12,0.496497
687,13,0.518839
687,14,0.342810
687,15,0.506369
688,1,0.483108
688,2,0.542292
688,3,0.534052
688,4,0.342141
688,5,0.506369
688,6,0.343586
688,7,0.411744
688,8,0.475559
688,9,0.513767
688,10,0.574110
688,11,0.520477
688,12,0.437339
688,13,0.455094
688,14,0.290060
688,15,0.435400
689,1,0.473003
689,2,0.507396
689,3,0.444408
689,4,0.411744
689,5,0.480948
689,6,0.469386
689,7,0.503194
689,8,0.455899
689,9,0.482370
689,10,0.530367
689,11,0.557856
689,12,0.504366
689,13,0.539533
689,14,0.450645
689,15,0.432176
690,1,0.479897
690,2,0.489014
690,3,0.574110
690,4,0.525622
690,5,0.446717
690,6,0.574110
690,7,0.533703
690,8,0.471811
690,9,0.513957
690,10,0.500715
690,11,0.549686
690,12,0.574110
690,13,0.531294
690,14,0.506124
690,15,0.467425
691,1,0.488849
691,2,0.520813
691,3,0.564999
691,4,0.442699
691,5,0.421479
691,6,0.487710
691,7,0.493604
691,8,0.496380
691,9,0.290060
691,10,0.466752
691,11,0.574110
691,12,0.459058
691,13,0.451927
691,14,0.467425
691,15,0.441442
692,1,0.523751
692,2,0.290060
692,3,0.353723
692,4,0.431263
692,5,0.506369
692,6,0.515312
692,7,0.524587
692,8,0.508904
692,9,0.290060
692,10,0.486963
692,11,0.536450
692,12,0.442699
692,13,0.435005
692,14,0.512790
692,15,0.434589
693,1,0.505095
693,2,0.520813
693,3,0.512655
693,4,0.454583
693,5,0.270057
693,6,0.459056
693,7,0.470284
693,8,0.447609
693,9,0.506369
693,10,0.441442
693,11,0.545137
693,12,0.444074
693,13,0.488970
693,14,0.574110
693,15,0.531294
694,1,0.512390
694,2,0.506931
694,3,0.457129
694,4,0.501546
694,5,0.524647
694,6,0.507244
694,7,0.506124
694,8,0.475950
694,9,0.539533
694,10,0.528961
694,11,0.523927
694,12,0.444408
694,13,0.506369
694,14,0.446492
694,15,0.411744
695,1,0.496711
695,2,0.494875
695,3,0.533639
695,4,0.545580
695,5,0.442717
695,6,0.463701
695,7,0.447637
695,8,0.482669
695,9,0.520813
695,10,0.488678
695,11,0.342610
695,12,0.421479
695,13,0.421429
695,14,0.492090
695,15,0.467716
696,1,0.452176
696,2,0.279891
696,3,0.476507
696,4,0.473996
696,5,0.364186
696,6,0.353563
696,7,0.435400
696,8,0.443116
696,9,0.491868
696,10,0.501114
696,11,0.507843
696,12,0.493446
696,13,0.498975
696,14,0.574110
696,15,0.286981
697,1,0.452673
697,2,0.279891
697,3,0.452355
697,4,0.459821
697,5,0.454583
697,6,0.486491
697,7,0.547988
697,8,0.452925
697,9,0.452355
697,10,0.459821
697,11,0.340301
697,12,0.444422
697,13,0.453503
697,14,0.469764
697,15,0.460453
698,1,0.476630
698,2,0.467090
698,3,0.478546
698,4,0.463682
698,5,0.488806
698,6,0.564999
698,7,0.342610
698,8,0.479764
698,9,0.513335
698,10,0.488678
698,11,0.511180
698,12,0.483527
698,13,0.342360
698,14,0.437995
698,15,0.523915
699,1,0.506560
699,2,0.438229
699,3,0.535414
699,4,0.521612
699,5,0.520417
699,6,0.452838
699,7,0.454354
699,8,0.532282
699,9,0.505311
699,10,0.457093
699,11,0.466037
699,12,0.523915
699,13,0.549036
699,14,0.453889
699,15,0.486417
700,1,0.465379
700,2,0.506369
700,3,0.471671
700,4,0.447546
700,5,0.471114
700,6,0.469356
700,7,0.533704
700,8,0.514532
700,9,0.535952
700,10,0.490975
700,11,0.468327
700,12,0.531294
700,13,0.513670
700,14,0.473224
700,15,0.508188
701,1,0.574110
701,2,0.440379
701,3,0.533704
701,4,0.522493
701,5,0.513183
701,6,0.451800
701,7,0.499699
701,8,0.472325
701,9,0.512790
701,10,0.454583
701,11,0.496497
701,12,0.340301
701,13,0.480650
701,14,0.479897
701,15,0.434260
702,1,0.506369
702,2,0.507405
702,3,0.523217
702,4,0.456892
702,5,0.499833
702,6,0.506124
702,7,0.488849
702,8,0.530367
702,9,0.468327
702,10,0.531294
702,11,0.513670
702,12,0.460178
702,13,0.330143
702,14,0.421429
702,15,0.466346
703,1,0.457203
703,2,0.456919
703,3,0.444000
703,4,0.479432
703,5,0.574110
703,6,0.531294
703,7,0.506124
703,8,0.512859
703,9,0.467425
703,10,0.477173
703,11,0.444425
703,12,0.456319
703,13,0.460687
703,14,0.487912
703,15,0.467136
704,1,0.448729
704,2,0.511077
704,3,0.574110
704,4,0.467553
704,5,0.432130
704,6,0.528384
704,7,0.511976
704,8,0.539533
704,9,0.437005
704,10,0.486109
704,11,0.491392
704,12,0.534221
704,13,0.547988
704,14,0.457343
704,15,0.445175
705,1,0.496614
705,2,0.513014
705,3,0.512790
705,4,0.537459
705,5,0.520477
705,6,0.538777
705,7,0.498659
705,8,0.536502
705,9,0.526818
705,10,0.533990
705,11,0.536469
705,12,0.520157
705,13,0.440018
705,14,0.327608
705,15,0.456919
706,1,0.574110
706,2,0.520477
706,3,0.441442
706,4,0.343325
706,5,0.455031
706,6,0.505249
706,7,0.574110
706,8,0.531401
706,9,0.458221
706,10,0.447241
706,11,0.547988
706,12,0.469856
706,13,0.447332
706,14,0.437005
706,15,0.464128
707,1,0.498073
707,2,0.526056
707,3,0.533704
707,4,0.286981
707,5,0.474943
707,6,0.498079
707,7,0.442881
707,8,0.469562
707,9,0.451927
707,10,0.497965
707,11,0.506117
707,12,0.522182
707,13,0.464046
707,14,0.495844
707,15,0.495403
708,1,0.512655
708,2,0.439357
708,3,0.485720
708,4,0.547988
708,5,0.468411
708,6,0.467322
708,7,0.472472
708,8,0.460867
708,9,0.442493
708,10,0.503853
708,11,0.490393
708,12,0.463065
708,13,0.449667
708,14,0.490714
708,15,0.547988
709,1,0.504323
709,2,0.468327
709,3,0.506369
709,4,0.534685
709,5,0.513183
709,6,0.523217
709,7,0.540927
709,8,0.532890
709,9,0.513014
709,10,0.458221
709,11,0.380913
709,12,0.508757
709,13,0.516035
709,14,0.452414
709,15,0.250131
710,1,0.547988
710,2,0.520477
710,3,0.290060
710,4,0.479897
710,5,0.467553
710,6,0.427171
710,7,0.506369
710,8,0.430236
710,9,0.327608
710,10,0.411744
710,11,0.452048
710,12,0.506369
710,13,0.475559
710,14,0.475786
710,15,0.465712
711,1,0.516237
711,2,0.500905
711,3,0.537648
711,4,0.574110
711,5,0.471671
711,6,0.465762
711,7,0.496008
711,8,0.498975
711,9,0.459873
711,10,0.516911
711,11,0.355202
711,12,0.496008
711,13,0.503492
711,14,0.519249
711,15,0.442102
712,1,0.456919
712,2,0.351479
712,3,0.479897
712,4,0.493572
712,5,0.503378
712,6,0.541299
712,7,0.542516
712,8,0.483584
712,9,0.506855
712,10,0.444049
712,11,0.479316
712,12,0.490827
712,13,0.439972
712,14,0.464295
712,15,0.459095
713,1,0.504467
713,2,0.547988
713,3,0.505158
713,4,0.463784
713,5,0.279891
713,6,0.444422
713,7,0.421259
713,8,0.453059
713,9,0.482393
713,10,0.493637
713,11,0.533569
713,12,0.512859
713,13,0.511180
713,14,0.460625
713,15,0.449266
714,1,0.475559
714,2,0.464004
714,3,0.495724
714,4,0.343479
714,5,0.466566
714,6,0.510423
714,7,0.534946
714,8,0.434260
714,9,0.423146
714,10,0.452355
714,11,0.441431
714,12,0.435223
714,13,0.438643
714,14,0.506369
714,15,0.286981
715,1,0.470953
715,2,0.500715
715,3,0.488308
715,4,0.534060
715,5,0.467425
715,6,0.429850
715,7,0.445710
715,8,0.493650
715,9,0.504946
715,10,0.520001
715,11,0.437339
715,12,0.423146
715,13,0.411744
715,14,0.456139
715,15,0.486322
716,1,0.494364
716,2,0.456633
716,3,0.452582
716,4,0.492913
716,5,0.513767
716,6,0.521243
716,7,0.539397
716,8,0.471900
716,9,0.338269
716,10,0.437598
716,11,0.506271
716,12,0.511167
716,13,0.574110
716,14,0.537648
716,15,0.520477
717,1,0.555709
717,2,0.516074
717,3,0.437339
717,4,0.496877
717,5,0.342810
717,6,0.506369
717,7,0.525622
717,8,0.533703
717,9,0.520477
717,10,0.547988
717,11,0.442436
717,12,0.486184
717,13,0.489523
717,14,0.507051
717,15,0.455045
718,1,0.452355
718,2,0.483108
718,3,0.502280
718,4,0.469486
718,5,0.489386
718,6,0.514986
718,7,0.501822
718,8,0.380913
718,9,0.531975
718,10,0.554919
718,11,0.522257
718,12,0.566955
718,13,0.525349
718,14,0.470902
718,15,0.449393
719,1,0.467092
719,2,0.431263
719,3,0.421259
719,4,0.464739
719,5,0.472677
719,6,0.442828
719,7,0.461750
719,8,0.432639
719,9,0.439955
719,10,0.492355
719,11,0.533808
719,12,0.437005
719,13,0.411744
719,14,0.497424
719,15,0.340301
720,1,0.497424
720,2,0.490841
720,3,0.547988
720,4,0.502580
720,5,0.449614
720,6,0.491712
720,7,0.497377
720,8,0.545137
720,9,0.444074
720,10,0.441803
720,11,0.500391
720,12,0.441098
720,13,0.497424
720,14,0.474943
720,15,0.539966
721,1,0.442366
721,2,0.456054
721,3,0.457209
721,4,0.497469
721,5,0.506855
721,6,0.437005
721,7,0.442425
721,8,0.452690
721,9,0.471659
721,10,0.431263
721,11,0.476607
721,12,0.479350
721,13,0.467180
721,14,0.494004
721,15,0.453270
722,1,0.482266
722,2,0.513767
722,3,0.506124
722,4,0.537459
722,5,0.530367
722,6,0.521886
722,7,0.539860
722,8,0.547988
722,9,0.520813
722,10,0.445474
722,11,0.452819
722,12,0.439641
722,13,0.475409
722,14,0.499683
722,15,0.529539
723,1,0.544118
723,2,0.535158
723,3,0.521612
723,4,0.537012
723,5,0.457290
723,6,0.437598
723,7,0.574110
723,8,0.531294
723,9,0.476420
723,10,0.434260
723,11,0.423146
723,12,0.411744
723,13,0.498889
723,14,0.539533
723,15,0.464406
724,1,0.432664
724,2,0.397337
724,3,0.452138
724,4,0.574110
724,5,0.456706
724,6,0.479895
724,7,0.447546
724,8,0.511180
724,9,0.566955
724,10,0.530605
724,11,0.528034
724,12,0.535646
724,13,0.451494
724,14,0.490742
724,15,0.574110
725,1,0.442137
725,2,0.564999
725,3,0.442699
725,4,0.497424
725,5,0.340301
725,6,0.455630
725,7,0.458771
725,8,0.488152
725,9,0.464236
725,10,0.439972
725,11,0.449223
725,12,0.411744
725,13,0.481434
725,14,0.473996
725,15,0.431263
726,1,0.411744
726,2,0.519457
726,3,0.481084
726,4,0.464885
726,5,0.511912
726,6,0.506786
726,7,0.549036
726,8,0.534331
726,9,0.512859
726,10,0.508220
726,11,0.512655
726,12,0.475622
726,13,0.294895
726,14,0.442140
726,15,0.421429
727,1,0.506369
727,2,0.483108
727,3,0.458117
727,4,0.506369
727,5,0.503427
727,6,0.521886
727,7,0.520001
727,8,0.497586
727,9,0.523916
727,10,0.456892
727,11,0.475559
727,12,0.574110
727,13,0.471811
727,14,0.469131
727,15,0.462927
728,1,0.485464
728,2,0.353948
728,3,0.463633
728,4,0.507291
728,5,0.469168
728,6,0.431314
728,7,0.435400
728,8,0.490641
728,9,0.473539
728,10,0.535250
728,11,0.513014
728,12,0.508220
728,13,0.467926
728,14,0.447332
728,15,0.531591
729,1,0.458678
729,2,0.467711
729,3,0.500963
729,4,0.513409
729,5,0.397650
729,6,0.520813
729,7,0.512019
729,8,0.469856
729,9,0.470055
729,10,0.504511
729,11,0.513767
729,12,0.518546
729,13,0.473586
729,14,0.469131
729,15,0.431263
730,1,0.506369
730,2,0.517321
730,3,0.468327
730,4,0.449133
730,5,0.304613
730,6,0.516911
730,7,0.454281
730,8,0.506369
730,9,0.525622
730,10,0.510703
730,11,0.489100
730,12,0.530876
730,13,0.548281
730,14,0.547988
730,15,0.455193
731,1,0.501076
731,2,0.514107
731,3,0.517036
731,4,0.539966
731,5,0.542516
731,6,0.460721
731,7,0.448357
731,8,0.454764
731,9,0.492355
731,10,0.547988
731,11,0.504142
731,12,0.469842
731,13,0.360100
731,14,0.429600
731,15,0.475446
732,1,0.441358
732,2,0.447913
732,3,0.492721
732,4,0.467553
732,5,0.447546
732,6,0.503766
732,7,0.518839
732,8,0.464209
732,9,0.437275
732,10,0.514161
732,11,0.290060
732,12,0.411744
732,13,0.503758
732,14,0.458367
732,15,0.421479
733,1,0.468894
733,2,0.457410
733,3,0.501742
733,4,0.457660
733,5,0.449428
733,6,0.397337
733,7,0.474396
733,8,0.479350
733,9,0.574110
733,10,0.506014
733,11,0.458305
733,12,0.461964
733,13,0.467625
733,14,0.431094
733,15,0.466921
734,1,0.524795
734,2,0.503202
734,3,0.534527
734,4,0.554669
734,5,0.444408
734,6,0.497424
734,7,0.479895
734,8,0.459275
734,9,0.451927
734,10,0.440970
734,11,0.456919
734,12,0.511102
734,13,0.516035
734,14,0.290060
734,15,0.447913
735,1,0.521063
735,2,0.458400
735,3,0.446905
735,4,0.527474
735,5,0.453502
735,6,0.444884
735,7,0.513993
735,8,0.491105
735,9,0.531130
735,10,0.497891
735,11,0.314447
735,12,0.476734
735,13,0.442306
735,14,0.497424
735,15,0.340301
736,1,0.474267
736,2,0.504719
736,3,0.514532
736,4,0.574110
736,5,0.523217
736,6,0.452414
736,7,0.525266
736,8,0.529239
736,9,0.455820
736,10,0.462114
736,11,0.502791
736,12,0.442306
736,13,0.437522
736,14,0.460993
736,15,0.503766
737,1,0.511441
737,2,0.490922
737,3,0.537823
737,4,0.528570
737,5,0.485057
737,6,0.484908
737,7,0.523210
737,8,0.478344
737,9,0.537823
737,10,0.455563
737,11,0.466635
737,12,0.470131
737,13,0.279891
737,14,0.452656
737,15,0.470955
738,1,0.448318
738,2,0.453735
738,3,0.441442
738,4,0.547988
738,5,0.533487
738,6,0.535522
738,7,0.561723
738,8,0.554669
738,9,0.511180
738,10,0.511180
738,11,0.554919
738,12,0.508441
738,13,0.525957
738,14,0.444408
738,15,0.421479
739,1,0.433250
739,2,0.500261
739,3,0.459119
739,4,0.411744
739,5,0.456310
739,6,0.520813
739,7,0.504230
739,8,0.458305
739,9,0.496872
739,10,0.453542
739,11,0.411744
739,12,0.481127
739,13,0.343575
739,14,0.411744
739,15,0.523915
740,1,0.503119
740,2,0.513670
740,3,0.512655
740,4,0.511849
740,5,0.482925
740,6,0.526045
740,7,0.526490
740,8,0.353574
740,9,0.448417
740,10,0.421429
740,11,0.466673
740,12,0.498073
740,13,0.472276
740,14,0.450980
740,15,0.506369
741,1,0.514309
741,2,0.547988
741,3,0.442436
741,4,0.411744
741,5,0.474943
741,6,0.470952
741,7,0.491357
741,8,0.525583
741,9,0.496204
741,10,0.468327
741,11,0.527849
741,12,0.537823
741,13,0.529953
741,14,0.446764
741,15,0.430864
742,1,0.443134
742,2,0.435223
742,3,0.493498
742,4,0.436940
742,5,0.411744
742,6,0.503213
742,7,0.526818
742,8,0.535232
742,9,0.576623
742,10,0.473586
742,11,0.493604
742,12,0.547988
742,13,0.523915
742,14,0.475183
742,15,0.547988
743,1,0.466679
743,2,0.493604
743,3,0.517085
743,4,0.464594
743,5,0.514986
743,6,0.509306
743,7,0.519712
743,8,0.530389
743,9,0.525063
743,10,0.554669
743,11,0.471571
743,12,0.437598
743,13,0.547988
743,14,0.532282
743,15,0.439357
744,1,0.506369
744,2,0.503119
744,3,0.537648
744,4,0.531294
744,5,0.513670
744,6,0.467425
744,7,0.490518
744,8,0.434260
744,9,0.442280
744,10,0.482758
744,11,0.471595
744,12,0.480087
744,13,0.505445
744,14,0.537067
744,15,0.508413
745,1,0.521886
745,2,0.437005
745,3,0.496497
745,4,0.506124
745,5,0.496377
745,6,0.528159
745,7,0.457902
745,8,0.455795
745,9,0.290060
745,10,0.499833
745,11,0.457620
745,12,0.491712
745,13,0.464451
745,14,0.537742
745,15,0.437005
746,1,0.506369
746,2,0.471142
746,3,0.464335
746,4,0.483561
746,5,0.466983
746,6,0.475265
746,7,0.503766
746,8,0.498439
746,9,0.470606
746,10,0.431314
746,11,0.435400
746,12,0.574110
746,13,0.505581
746,14,0.524046
746,15,0.436940
747,1,0.480087
747,2,0.490827
747,3,0.574110
747,4,0.520477
747,5,0.525573
747,6,0.522257
747,7,0.519712
747,8,0.436464
747,9,0.289726
747,10,0.456054
747,11,0.513400
747,12,0.574110
747,13,0.439561
747,14,0.270057
747,15,0.449495
748,1,0.466646
748,2,0.290060
748,3,0.487219
748,4,0.506124
748,5,0.450761
748,6,0.452690
748,7,0.574110
748,8,0.286981
748,9,0.466125
748,10,0.459821
748,11,0.513670
748,12,0.512655
748,13,0.439357
748,14,0.452690
748,15,0.342610
749,1,0.330893
749,2,0.466761
749,3,0.492355
749,4,0.493922
749,5,0.513183
749,6,0.534790
749,7,0.532890
749,8,0.547988
749,9,0.522483
749,10,0.442770
749,11,0.478941
749,12,0.547988
749,13,0.520477
749,14,0.338426
749,15,0.270057
750,1,0.485193
750,2,0.574110
750,3,0.502949
750,4,0.520813
750,5,0.524093
750,6,0.523917
750,7,0.343575
750,8,0.499020
750,9,0.490841
750,10,0.452675
750,11,0.480087
750,12,0.531294
750,13,0.526224
750,14,0.511180
750,15,0.525754
751,1,0.507244
751,2,0.462727
751,3,0.502910
751,4,0.473996
751,5,0.499419
751,6,0.549036
751,7,0.520813
751,8,0.508220
751,9,0.512655
751,10,0.443258
751,11,0.441839
751,12,0.442815
751,13,0.479579
751,14,0.478889
751,15,0.442306
752,1,0.442876
752,2,0.421429
752,3,0.501691
752,4,0.467553
752,5,0.357827
752,6,0.437995
752,7,0.457269
752,8,0.441191
752,9,0.443671
752,10,0.443877
752,11,0.480809
752,12,0.501247
752,13,0.541934
752,14,0.534402
752,15,0.495286
753,1,0.523412
753,2,0.457308
753,3,0.290060
753,4,0.455090
753,5,0.459558
753,6,0.543035
753,7,0.495783
753,8,0.531294
753,9,0.449680
753,10,0.471135
753,11,0.469386
753,12,0.466999
753,13,0.442306
753,14,0.411744
753,15,0.500933
754,1,0.547988
754,2,0.290060
754,3,0.497424
754,4,0.286981
754,5,0.506369
754,6,0.474943
754,7,0.500715
754,8,0.510381
754,9,0.513670
754,10,0.452414
754,11,0.537930
754,12,0.529071
754,13,0.525595
754,14,0.453221
754,15,0.457702
755,1,0.450020
755,2,0.513258
755,3,0.514694
755,4,0.532282
755,5,0.561723
755,6,0.574110
755,7,0.520477
755,8,0.474705
755,9,0.555991
755,10,0.448586
755,11,0.480087
755,12,0.500748
755,13,0.513670
755,14,0.521099
755,15,0.530367
756,1,0.512859
756,2,0.442436
756,3,0.347218
756,4,0.447546
756,5,0.473903
756,6,0.495844
756,7,0.508506
756,8,0.467609
756,9,0.485407
756,10,0.574110
756,11,0.486746
756,12,0.537459
756,13,0.574110
756,14,0.462464
756,15,0.456319
757,1,0.574110
757,2,0.537742
757,3,0.539966
757,4,0.534212
757,5,0.533704
757,6,0.527077
757,7,0.512790
757,8,0.467425
757,9,0.533582
757,10,0.469663
757,11,0.524850
757,12,0.439685
757,13,0.499788
757,14,0.284236
757,15,0.441137
758,1,0.449495
758,2,0.358130
758,3,0.480514
758,4,0.491126
758,5,0.491798
758,6,0.341891
758,7,0.484590
758,8,0.530367
758,9,0.506583
758,10,0.466099
758,11,0.334611
758,12,0.434114
758,13,0.479350
758,14,0.471358
758,15,0.454717
759,1,0.457333
759,2,0.442256
759,3,0.494762
759,4,0.453460
759,5,0.484566
759,6,0.465188
759,7,0.466679
759,8,0.441923
759,9,0.479579
759,10,0.491135
759,11,0.526818
759,12,0.554858
759,13,0.436940
759,14,0.453656
759,15,0.532282
760,1,0.525622
760,2,0.479353
760,3,0.539533
760,4,0.533260
760,5,0.495783
760,6,0.531294
760,7,0.439357
760,8,0.270057
760,9,0.496877
760,10,0.547988
760,11,0.481084
760,12,0.539779
760,13,0.460387
760,14,0.493546
760,15,0.506117
761,1,0.532282
761,2,0.534518
761,3,0.451211
761,4,0.463445
761,5,0.510423
761,6,0.439685
761,7,0.469911
761,8,0.458392
761,9,0.444306
761,10,0.361722
761,11,0.465679
761,12,0.442306
761,13,0.506369
761,14,0.520477
761,15,0.439679
762,1,0.532890
762,2,0.286981
762,3,0.479764
762,4,0.507051
762,5,0.533913
762,6,0.530389
762,7,0.554858
762,8,0.448586
762,9,0.447546
762,10,0.470679
762,11,0.478580
762,12,0.547988
762,13,0.437339
762,14,0.480087
762,15,0.547988
763,1,0.472171
763,2,0.515668
763,3,0.509205
763,4,0.485880
763,5,0.524355
763,6,0.439972
763,7,0.442425
763,8,0.452138
763,9,0.498389
763,10,0.290060
763,11,0.499833
763,12,0.513670
763,13,0.342610
763,14,0.270057
763,15,0.411744
764,1,0.441431
764,2,0.486014
764,3,0.505338
764,4,0.549686
764,5,0.444408
764,6,0.411744
764,7,0.479895
764,8,0.547988
764,9,0.498073
764,10,0.507051
764,11,0.450761
764,12,0.483108
764,13,0.458136
764,14,0.481771
764,15,0.513434
765,1,0.507452
765,2,0.443033
765,3,0.470819
765,4,0.530367
765,5,0.502677
765,6,0.530389
765,7,0.544118
765,8,0.532437
765,9,0.469356
765,10,0.506369
765,11,0.537531
765,12,0.533704
765,13,0.529533
765,14,0.519145
765,15,0.503108
766,1,0.505365
766,2,0.533340
766,3,0.521283
766,4,0.552379
766,5,0.555735
766,6,0.472171
766,7,0.493604
766,8,0.547988
766,9,0.531294
766,10,0.470054
766,11,0.534090
766,12,0.547988
766,13,0.520813
766,14,0.574110
766,15,0.446717
767,1,0.468327
767,2,0.427171
767,3,0.456919
767,4,0.448318
767,5,0.343586
767,6,0.467899
767,7,0.505423
767,8,0.456968
767,9,0.421030
767,10,0.478779
767,11,0.411744
767,12,0.523915
767,13,0.515668
767,14,0.547988
767,15,0.523915
768,1,0.531294
768,2,0.512390
768,3,0.533569
768,4,0.439357
768,5,0.270057
768,6,0.454812
768,7,0.513269
768,8,0.547988
768,9,0.523915
768,10,0.455193
768,11,0.506369
768,12,0.492131
768,13,0.457081
768,14,0.506369
768,15,0.470584
769,1,0.531401
769,2,0.493029
769,3,0.545137
769,4,0.545137
769,5,0.535282
769,6,0.547988
769,7,0.463058
769,8,0.464246
769,9,0.547988
769,10,0.490146
769,11,0.516035
769,12,0.554919
769,13,0.511976
769,14,0.340301
769,15,0.411744
770,1,0.479895
770,2,0.531294
770,3,0.513670
770,4,0.442436
770,5,0.347218
770,6,0.461312
770,7,0.443544
770,8,0.442234
770,9,0.493002
770,10,0.437005
770,11,0.411744
770,12,0.532282
770,13,0.439357
770,14,0.353525
770,15,0.451798
771,1,0.464268
771,2,0.502262
771,3,0.492491
771,4,0.526512
771,5,0.516929
771,6,0.526161
771,7,0.512875
771,8,0.542814
771,9,0.541907
771,10,0.542634
771,11,0.532890
771,12,0.286981
771,13,0.346499
771,14,0.464030
771,15,0.494255
772,1,0.353948
772,2,0.479866
772,3,0.506560
772,4,0.360882
772,5,0.453426
772,6,0.460080
772,7,0.452355
772,8,0.494174
772,9,0.491018
772,10,0.434589
772,11,0.493637
772,12,0.536217
772,13,0.534474
772,14,0.550355
772,15,0.464694
773,1,0.484199
773,2,0.490458
773,3,0.437005
773,4,0.423146
773,5,0.456919
773,6,0.431263
773,7,0.493604
773,8,0.517085
773,9,0.442137
773,10,0.452819
773,11,0.506369
773,12,0.531294
773,13,0.574110
773,14,0.475183
773,15,0.279891
774,1,0.464030
774,2,0.506612
774,3,0.506858
774,4,0.467582
774,5,0.437598
774,6,0.503065
774,7,0.458556
774,8,0.443020
774,9,0.453203
774,10,0.454589
774,11,0.504664
774,12,0.436940
774,13,0.423146
774,14,0.451102
774,15,0.411744
775,1,0.523915
775,2,0.531294
775,3,0.496380
775,4,0.512390
775,5,0.536551
775,6,0.434260
775,7,0.471142
775,8,0.520813
775,9,0.488678
775,10,0.527086
775,11,0.554669
775,12,0.547988
775,13,0.532282
775,14,0.453735
775,15,0.456919
776,1,0.447546
776,2,0.438229
776,3,0.566955
776,4,0.526146
776,5,0.574110
776,6,0.541837
776,7,0.506124
776,8,0.540846
776,9,0.448417
776,10,0.437995
776,11,0.457402
776,12,0.486255
776,13,0.498355
776,14,0.505631
776,15,0.531214
777,1,0.534052
777,2,0.547988
777,3,0.523217
777,4,0.511976
777,5,0.475622
777,6,0.545137
777,7,0.444074
777,8,0.441803
777,9,0.466039
777,10,0.493734
777,11,0.442828
777,12,0.421030
777,13,0.421429
777,14,0.441010
777,15,0.421259
778,1,0.429684
778,2,0.547988
778,3,0.504932
778,4,0.574110
778,5,0.520477
778,6,0.479753
778,7,0.463117
778,8,0.455864
778,9,0.506271
778,10,0.530251
778,11,0.524557
778,12,0.535522
778,13,0.535366
778,14,0.562698
778,15,0.547988
779,1,0.442699
779,2,0.479764
779,3,0.439561
779,4,0.506369
779,5,0.463308
779,6,0.483108
779,7,0.289726
779,8,0.438098
779,9,0.443297
779,10,0.442770
779,11,0.464046
779,12,0.463300
779,13,0.554919
779,14,0.522241
779,15,0.471571
780,1,0.479764
780,2,0.502791
780,3,0.457620
780,4,0.515532
780,5,0.537823
780,6,0.533569
780,7,0.513014
780,8,0.511880
780,9,0.439679
780,10,0.289726
780,11,0.437598
780,12,0.508441
780,13,0.496306
780,14,0.506124
780,15,0.445858
781,1,0.328059
781,2,0.444884
781,3,0.441431
781,4,0.501076
781,5,0.518145
781,6,0.497740
781,7,0.547988
781,8,0.360432
781,9,0.498527
781,10,0.516035
781,11,0.497226
781,12,0.458305
781,13,0.506369
781,14,0.472190
781,15,0.437005
782,1,0.466975
782,2,0.484299
782,3,0.542292
782,4,0.444408
782,5,0.506369
782,6,0.501357
782,7,0.459558
782,8,0.493604
782,9,0.527202
782,10,0.290060
782,11,0.456277
782,12,0.532282
782,13,0.533704
782,14,0.443258
782,15,0.520001
783,1,0.437339
783,2,0.442425
783,3,0.421429
783,4,0.454606
783,5,0.441765
783,6,0.506369
783,7,0.453735
783,8,0.455094
783,9,0.511180
783,10,0.472945
783,11,0.334611
783,12,0.421429
783,13,0.455624
783,14,0.488488
783,15,0.534060
784,1,0.520813
784,2,0.437339
784,3,0.480087
784,4,0.507051
784,5,0.547988
784,6,0.520477
784,7,0.511180
784,8,0.475055
784,9,0.473825
784,10,0.574110
784,11,0.510695
784,12,0.436940
784,13,0.523217
784,14,0.342610
784,15,0.467732
785,1,0.496262
785,2,0.543952
785,3,0.455747
785,4,0.442354
785,5,0.441373
785,6,0.547988
785,7,0.531294
785,8,0.442102
785,9,0.436810
785,10,0.452138
785,11,0.574110
785,12,0.531294
785,13,0.449680
785,14,0.270057
785,15,0.506369
786,1,0.474430
786,2,0.431263
786,3,0.421259
786,4,0.443133
786,5,0.488311
786,6,0.484157
786,7,0.454104
786,8,0.527474
786,9,0.538777
786,10,0.547988
786,11,0.354840
786,12,0.480236
786,13,0.458021
786,14,0.493650
786,15,0.574110
787,1,0.446717
787,2,0.534471
787,3,0.547988
787,4,0.539966
787,5,0.455569
787,6,0.478209
787,7,0.466527
787,8,0.423113
787,9,0.473400
787,10,0.457152
787,11,0.429267
787,12,0.486089
787,13,0.440330
787,14,0.473758
787,15,0.442782
788,1,0.421207
788,2,0.470953
788,3,0.547988
788,4,0.538777
788,5,0.343325
788,6,0.506369
788,7,0.525622
788,8,0.503427
788,9,0.537648
788,10,0.547988
788,11,0.531783
788,12,0.442717
788,13,0.463701
788,14,0.547988
788,15,0.503490
789,1,0.495286
789,2,0.470652
789,3,0.438053
789,4,0.357904
789,5,0.448229
789,6,0.490771
789,7,0.518344
789,8,0.494350
789,9,0.512655
789,10,0.507244
789,11,0.439357
789,12,0.301782
789,13,0.520477
789,14,0.508233
789,15,0.532282
790,1,0.453735
790,2,0.447332
790,3,0.452675
790,4,0.452355
790,5,0.483108
790,6,0.513489
790,7,0.549036
790,8,0.458400
790,9,0.499496
790,10,0.464966
790,11,0.525622
790,12,0.434260
790,13,0.489427
790,14,0.501347
790,15,0.455255
791,1,0.539966
791,2,0.508270
791,3,0.547410
791,4,0.530367
791,5,0.451726
791,6,0.473972
791,7,0.453270
791,8,0.473422
791,9,0.547988
791,10,0.505559
791,11,0.539966
791,12,0.528743
791,13,0.536777
791,14,0.460721
791,15,0.529714
792,1,0.506124
792,2,0.439357
792,3,0.485720
792,4,0.490458
792,5,0.444105
792,6,0.452355
792,7,0.290060
792,8,0.499833
792,9,0.471485
792,10,0.530826
792,11,0.525818
792,12,0.574110
792,13,0.537742
792,14,0.562698
792,15,0.532957
793,1,0.478311
793,2,0.442815
793,3,0.506369
793,4,0.286981
793,5,0.479639
793,6,0.530367
793,7,0.434260
793,8,0.327608
793,9,0.443260
793,10,0.488593
793,11,0.498619
793,12,0.500928
793,13,0.458333
793,14,0.517738
793,15,0.537012
794,1,0.533569
794,2,0.554580
794,3,0.547988
794,4,0.467926
794,5,0.547430
794,6,0.513670
794,7,0.546134
794,8,0.537651
794,9,0.523839
794,10,0.458224
794,11,0.473116
794,12,0.432639
794,13,0.432291
794,14,0.467229
794,15,0.467063
795,1,0.446467
795,2,0.486074
795,3,0.541212
795,4,0.480569
795,5,0.466999
795,6,0.501477
795,7,0.498047
795,8,0.533736
795,9,0.520256
795,10,0.554669
795,11,0.537742
795,12,0.471671
795,13,0.465762
795,14,0.512380
795,15,0.514107
796,1,0.454736
796,2,0.465140
796,3,0.458597
796,4,0.443746
796,5,0.511180
796,6,0.477767
796,7,0.437005
796,8,0.496497
796,9,0.506124
796,10,0.475950
796,11,0.343575
796,12,0.496872
796,13,0.475132
796,14,0.532880
796,15,0.469070
797,1,0.483841
797,2,0.438400
797,3,0.450920
797,4,0.421259
797,5,0.458703
797,6,0.455834
797,7,0.470172
797,8,0.495364
797,9,0.513269
797,10,0.574110
797,11,0.505311
797,12,0.480115
797,13,0.525063
797,14,0.526504
797,15,0.496091
798,1,0.538875
798,2,0.444074
798,3,0.483527
798,4,0.464315
798,5,0.443116
798,6,0.411744
798,7,0.437598
798,8,0.547988
798,9,0.530605
798,10,0.355810
798,11,0.431314
798,12,0.443347
798,13,0.506369
798,14,0.477715
798,15,0.279891
799,1,0.506369
799,2,0.527474
799,3,0.513670
799,4,0.512790
799,5,0.452130
799,6,0.452960
799,7,0.462833
799,8,0.497577
799,9,0.458221
799,10,0.445443
799,11,0.467338
799,12,0.481814
799,13,0.458792
799,14,0.411744
799,15,0.523915
800,1,0.523915
800,2,0.520477
800,3,0.574110
800,4,0.521063
800,5,0.457081
800,6,0.508753
800,7,0.527474
800,8,0.451739
800,9,0.270057
800,10,0.421429
800,11,0.463097
800,12,0.510764
800,13,0.532282
800,14,0.537742
800,15,0.531591
801,1,0.523927
801,2,0.514439
801,3,0.574110
801,4,0.490776
801,5,0.355810
801,6,0.469711
801,7,0.470948
801,8,0.513186
801,9,0.489523
801,10,0.550355
801,11,0.507405
801,12,0.574110
801,13,0.512167
801,14,0.489292
801,15,0.524841
802,1,0.495973
802,2,0.437005
802,3,0.270057
802,4,0.442102
802,5,0.486048
802,6,0.466683
802,7,0.479316
802,8,0.469671
802,9,0.435096
802,10,0.506560
802,11,0.547988
802,12,0.532282
802,13,0.436940
802,14,0.289726
802,15,0.411744
803,1,0.290060
803,2,0.421429
803,3,0.450651
803,4,0.497469
803,5,0.441098
803,6,0.454589
803,7,0.433281
803,8,0.464636
803,9,0.497472
803,10,0.499364
803,11,0.355045
803,12,0.479720
803,13,0.488897
803,14,0.442782
803,15,0.474943
804,1,0.457081
804,2,0.452717
804,3,0.499833
804,4,0.507244
804,5,0.513670
804,6,0.547988
804,7,0.456813
804,8,0.459244
804,9,0.444425
804,10,0.468413
804,11,0.494488
804,12,0.531464
804,13,0.541979
804,14,0.538974
804,15,0.523917
805,1,0.439559
805,2,0.464451
805,3,0.500733
805,4,0.290060
805,5,0.499833
805,6,0.477984
805,7,0.343575
805,8,0.411744
805,9,0.501793
805,10,0.355810
805,11,0.574110
805,12,0.361690
805,13,0.484581
805,14,0.456650
805,15,0.435096
806,1,0.443116
806,2,0.421479
806,3,0.479897
806,4,0.495764
806,5,0.502623
806,6,0.482196
806,7,0.467711
806,8,0.452176
806,9,0.452851
806,10,0.467425
806,11,0.506369
806,12,0.520477
806,13,0.511180
806,14,0.532890
806,15,0.463308
807,1,0.480960
807,2,0.355963
807,3,0.466957
807,4,0.451064
807,5,0.435400
807,6,0.485581
807,7,0.432947
807,8,0.485514
807,9,0.473132
807,10,0.502404
807,11,0.498874
807,12,0.458209
807,13,0.421479
807,14,0.486089
807,15,0.498355
808,1,0.442366
808,2,0.506369
808,3,0.461183
808,4,0.465327
808,5,0.466855
808,6,0.522303
808,7,0.468497
808,8,0.481252
808,9,0.432981
808,10,0.493604
808,11,0.498389
808,12,0.512655
808,13,0.285830
808,14,0.476734
808,15,0.574110
809,1,0.529987
809,2,0.437005
809,3,0.464295
809,4,0.478580
809,5,0.574110
809,6,0.520813
809,7,0.479686
809,8,0.513183
809,9,0.536217
809,10,0.465176
809,11,0.432981
809,12,0.485858
809,13,0.494676
809,14,0.523927
809,15,0.547378
810,1,0.515326
810,2,0.574110
810,3,0.442633
810,4,0.539533
810,5,0.547988
810,6,0.539966
810,7,0.442366
810,8,0.492954
810,9,0.504946
810,10,0.467758
810,11,0.480087
810,12,0.493914
810,13,0.525542
810,14,0.448088
810,15,0.411744
811,1,0.520477
811,2,0.438229
811,3,0.338176
811,4,0.411744
811,5,0.465388
811,6,0.434260
811,7,0.442876
811,8,0.480514
811,9,0.505416
811,10,0.506858
811,11,0.435590
811,12,0.518315
811,13,0.519103
811,14,0.431515
811,15,0.496956
812,1,0.506583
812,2,0.489863
812,3,0.526056
812,4,0.458100
812,5,0.462877
812,6,0.529714
812,7,0.503415
812,8,0.535909
812,9,0.463492
812,10,0.447546
812,11,0.523972
812,12,0.579701
812,13,0.533704
812,14,0.527202
812,15,0.554919
813,1,0.444408
813,2,0.421479
813,3,0.441137
813,4,0.506369
813,5,0.343586
813,6,0.405085
813,7,0.337107
813,8,0.471202
813,9,0.524679
813,10,0.455093
813,11,0.452690
813,12,0.574110
813,13,0.340301
813,14,0.270057
813,15,0.492746
814,1,0.467855
814,2,0.448379
814,3,0.506369
814,4,0.533703
814,5,0.217795
814,6,0.474943
814,7,0.520477
814,8,0.457414
814,9,0.542752
814,10,0.509460
814,11,0.519249
814,12,0.439418
814,13,0.547430
814,14,0.532333
814,15,0.442717
815,1,0.497424
815,2,0.440070
815,3,0.479897
815,4,0.439561
815,5,0.456919
815,6,0.474712
815,7,0.511896
815,8,0.469168
815,9,0.547988
815,10,0.475559
815,11,0.574110
815,12,0.527817
815,13,0.290060
815,14,0.464743
815,15,0.484299
816,1,0.574110
816,2,0.286981
816,3,0.488284
816,4,0.466702
816,5,0.574110
816,6,0.489863
816,7,0.541990
816,8,0.575772
816,9,0.436940
816,10,0.423146
816,11,0.463449
816,12,0.451900
816,13,0.485447
816,14,0.513768
816,15,0.471358
817,1,0.484507
817,2,0.547988
817,3,0.448167
817,4,0.437995
817,5,0.459098
817,6,0.498782
817,7,0.453270
817,8,0.484951
817,9,0.574110
817,10,0.445858
817,11,0.473797
817,12,0.469556
817,13,0.530367
817,14,0.434260
817,15,0.496497
818,1,0.474943
818,2,0.531294
818,3,0.547988
818,4,0.520477
818,5,0.442436
818,6,0.467495
818,7,0.511976
818,8,0.498439
818,9,0.469637
818,10,0.437598
818,11,0.460494
818,12,0.475748
818,13,0.500862
818,14,0.518987
818,15,0.451726
819,1,0.484491
819,2,0.547988
819,3,0.500715
819,4,0.537742
819,5,0.529071
819,6,0.458055
819,7,0.485099
819,8,0.497560
819,9,0.473361
819,10,0.446165
819,11,0.432981
819,12,0.478342
819,13,0.459047
819,14,0.421259
819,15,0.465332
820,1,0.457474
820,2,0.445115
820,3,0.443192
820,4,0.468367
820,5,0.523217
820,6,0.445859
820,7,0.474943
820,8,0.469999
820,9,0.453865
820,10,0.469224
820,11,0.290060
820,12,0.456919
820,13,0.447932
820,14,0.465327
820,15,0.544118
821,1,0.527175
821,2,0.548470
821,3,0.552391
821,4,0.552391
821,5,0.510381
821,6,0.537742
821,7,0.520477
821,8,0.525573
821,9,0.290060
821,10,0.498071
821,11,0.547988
821,12,0.436940
821,13,0.547988
821,14,0.290060
821,15,0.466752
822,1,0.495535
822,2,0.539533
822,3,0.537926
822,4,0.534553
822,5,0.533639
822,6,0.453270
822,7,0.466858
822,8,0.342109
822,9,0.456319
822,10,0.453218
822,11,0.506369
822,12,0.473797
822,13,0.524679
822,14,0.286981
822,15,0.466752
823,1,0.469356
823,2,0.501793
823,3,0.290060
823,4,0.468210
823,5,0.461656
823,6,0.443116
823,7,0.499833
823,8,0.352207
823,9,0.444611
823,10,0.435400
823,11,0.506560
823,12,0.478405
823,13,0.456480
823,14,0.519095
823,15,0.529750
824,1,0.538656
824,2,0.532890
824,3,0.530997
824,4,0.585922
824,5,0.536603
824,6,0.547988
824,7,0.520477
824,8,0.547988
824,9,0.468876
824,10,0.493604
824,11,0.489863
824,12,0.482253
824,13,0.541990
824,14,0.442366
824,15,0.421479
825,1,0.421429
825,2,0.441010
825,3,0.411744
825,4,0.513402
825,5,0.505564
825,6,0.538075
825,7,0.539797
825,8,0.459012
825,9,0.475409
825,10,0.431263
825,11,0.467840
825,12,0.492234
825,13,0.513768
825,14,0.526056
825,15,0.547988
826,1,0.458055
826,2,0.464070
826,3,0.434589
826,4,0.450025
826,5,0.467471
826,6,0.457620
826,7,0.537459
826,8,0.513007
826,9,0.511180
826,10,0.511880
826,11,0.456892
826,12,0.497287
826,13,0.478941
826,14,0.442782
826,15,0.499833
827,1,0.574110
827,2,0.537742
827,3,0.520477
827,4,0.437339
827,5,0.498483
827,6,0.454336
827,7,0.496497
827,8,0.476957
827,9,0.453502
827,10,0.491712
827,11,0.439357
827,12,0.439677
827,13,0.344983
827,14,0.451927
827,15,0.452851
828,1,0.503766
828,2,0.487226
828,3,0.547988
828,4,0.532282
828,5,0.533703
828,6,0.504142
828,7,0.491105
828,8,0.547988
828,9,0.529627
828,10,0.493825
828,11,0.541801
828,12,0.464581
828,13,0.462184
828,14,0.444870
828,15,0.479897
829,1,0.554567
829,2,0.443033
829,3,0.497424
829,4,0.506124
829,5,0.474943
829,6,0.458918
829,7,0.506369
829,8,0.509753
829,9,0.505219
829,10,0.537823
829,11,0.442366
829,12,0.437411
829,13,0.506369
829,14,0.439357
829,15,0.329731
830,1,0.451383
830,2,0.492355
830,3,0.454893
830,4,0.485783
830,5,0.513768
830,6,0.491330
830,7,0.459373
830,8,0.448956
830,9,0.479895
830,10,0.442782
830,11,0.421207
830,12,0.443260
830,13,0.488356
830,14,0.452881
830,15,0.470898
831,1,0.516623
831,2,0.513670
831,3,0.525152
831,4,0.532880
831,5,0.547988
831,6,0.522316
831,7,0.523217
831,8,0.511880
831,9,0.511976
831,10,0.526170
831,11,0.506090
831,12,0.574110
831,13,0.476978
831,14,0.526818
831,15,0.549686
832,1,0.529108
832,2,0.470137
832,3,0.466291
832,4,0.479897
832,5,0.439561
832,6,0.455890
832,7,0.500765
832,8,0.467179
832,9,0.493604
832,10,0.466498
832,11,0.439679
832,12,0.456813
832,13,0.543947
832,14,0.539195
832,15,0.574110
833,1,0.486658
833,2,0.574110
833,3,0.339928
833,4,0.465076
833,5,0.458367
833,6,0.447913
833,7,0.454104
833,8,0.520477
833,9,0.456813
833,10,0.499833
833,11,0.477556
833,12,0.546088
833,13,0.533467
833,14,0.574110
833,15,0.520813
834,1,0.458221
834,2,0.471280
834,3,0.537648
834,4,0.539574
834,5,0.523915
834,6,0.523915
834,7,0.437339
834,8,0.506369
834,9,0.372344
834,10,0.506369
834,11,0.533703
834,12,0.527474
834,13,0.438229
834,14,0.469356
834,15,0.468894
835,1,0.535093
835,2,0.534661
835,3,0.526506
835,4,0.512790
835,5,0.310159
835,6,0.452690
835,7,0.301900
835,8,0.479897
835,9,0.439561
835,10,0.429459
835,11,0.485855
835,12,0.495772
835,13,0.535232
835,14,0.576075
835,15,0.457620
836,1,0.444884
836,2,0.503766
836,3,0.507843
836,4,0.520974
836,5,0.464451
836,6,0.524061
836,7,0.522989
836,8,0.454786
836,9,0.431502
836,10,0.465907
836,11,0.497320
836,12,0.518987
836,13,0.492032
836,14,0.439972
836,15,0.452690
837,1,0.467425
837,2,0.531294
837,3,0.449680
837,4,0.493604
837,5,0.459373
837,6,0.447546
837,7,0.446717
837,8,0.539966
837,9,0.454786
837,10,0.497424
837,11,0.458115
837,12,0.447066
837,13,0.525123
837,14,0.542257
837,15,0.530367
838,1,0.547988
838,2,0.451990
838,3,0.493604
838,4,0.474943
838,5,0.537488
838,6,0.533704
838,7,0.457308
838,8,0.290060
838,9,0.485948
838,10,0.498247
838,11,0.547988
838,12,0.344483
838,13,0.480437
838,14,0.456795
838,15,0.469117
839,1,0.506117
839,2,0.523915
839,3,0.470764
839,4,0.493604
839,5,0.431448
839,6,0.542183
839,7,0.566706
839,8,0.574110
839,9,0.531294
839,10,0.453735
839,11,0.452355
839,12,0.452802
839,13,0.456319
839,14,0.523217
839,15,0.513993
840,1,0.483275
840,2,0.512449
840,3,0.342141
840,4,0.411744
840,5,0.471671
840,6,0.442887
840,7,0.290060
840,8,0.479764
840,9,0.574110
840,10,0.529627
840,11,0.526161
840,12,0.562698
840,13,0.522565
840,14,0.455120
840,15,0.526436
841,1,0.537459
841,2,0.481084
841,3,0.456302
841,4,0.351269
841,5,0.337542
841,6,0.421429
841,7,0.482393
841,8,0.504380
841,9,0.477846
841,10,0.547988
841,11,0.483108
841,12,0.547988
841,13,0.290060
841,14,0.438098
841,15,0.483108
842,1,0.513489
842,2,0.574110
842,3,0.520477
842,4,0.474705
842,5,0.511180
842,6,0.343575
842,7,0.499833
842,8,0.506124
842,9,0.513670
842,10,0.456892
842,11,0.270057
842,12,0.470339
842,13,0.496680
842,14,0.468571
842,15,0.513405
843,1,0.547988
843,2,0.456813
843,3,0.422433
843,4,0.282743
843,5,0.476011
843,6,0.500525
843,7,0.480698
843,8,0.500690
843,9,0.547988
843,10,0.531294
843,11,0.506124
843,12,0.439357
843,13,0.456919
843,14,0.453112
843,15,0.503998
844,1,0.498073
844,2,0.507051
844,3,0.462276
844,4,0.279891
844,5,0.435400
844,6,0.488488
844,7,0.506619
844,8,0.552391
844,9,0.458371
844,10,0.468903
844,11,0.455167
844,12,0.466374
844,13,0.507265
844,14,0.443162
844,15,0.484251
845,1,0.476394
845,2,0.489931
845,3,0.457043
845,4,0.428565
845,5,0.450920
845,6,0.421259
845,7,0.479350
845,8,0.440330
845,9,0.497424
845,10,0.453735
845,11,0.322705
845,12,0.463913
845,13,0.457720
845,14,0.335949
845,15,0.434114
846,1,0.497424
846,2,0.497092
846,3,0.443116
846,4,0.488775
846,5,0.490137
846,6,0.462488
846,7,0.450025
846,8,0.503536
846,9,0.503017
846,10,0.546623
846,11,0.525622
846,12,0.538777
846,13,0.531294
846,14,0.529404
846,15,0.305480
847,1,0.448551
847,2,0.452960
847,3,0.459056
847,4,0.466679
847,5,0.498833
847,6,0.306980
847,7,0.446645
847,8,0.411744
847,9,0.471671
847,10,0.493604
847,11,0.439357
847,12,0.483108
847,13,0.468244
847,14,0.481771
847,15,0.493116
848,1,0.494217
848,2,0.309031
848,3,0.447241
848,4,0.503766
848,5,0.513014
848,6,0.452414
848,7,0.542183
848,8,0.541934
848,9,0.523917
848,10,0.290060
848,11,0.301782
848,12,0.506369
848,13,0.520477
848,14,0.456813
848,15,0.499833
849,1,0.514532
849,2,0.458305
849,3,0.506369
849,4,0.456919
849,5,0.446645
849,6,0.441191
849,7,0.506369
849,8,0.443065
849,9,0.537823
849,10,0.529359
849,11,0.508904
849,12,0.290060
849,13,0.508753
849,14,0.547988
849,15,0.523915
850,1,0.488266
850,2,0.536499
850,3,0.515326
850,4,0.543181
850,5,0.514203
850,6,0.342141
850,7,0.475559
850,8,0.531294
850,9,0.513670
850,10,0.512655
850,11,0.443258
850,12,0.457620
850,13,0.527474
850,14,0.455255
850,15,0.435590
851,1,0.452414
851,2,0.512790
851,3,0.454283
851,4,0.498833
851,5,0.290060
851,6,0.437598
851,7,0.509730
851,8,0.574110
851,9,0.533703
851,10,0.489005
851,11,0.447917
851,12,0.442425
851,13,0.411744
851,14,0.503632
851,15,0.290060
852,1,0.500208
852,2,0.296915
852,3,0.485000
852,4,0.513670
852,5,0.525573
852,6,0.511976
852,7,0.352782
852,8,0.467471
852,9,0.500715
852,10,0.442881
852,11,0.424773
852,12,0.468085
852,13,0.479350
852,14,0.574110
852,15,0.538075
853,1,0.531294
853,2,0.513670
853,3,0.492524
853,4,0.485880
853,5,0.579136
853,6,0.442717
853,7,0.423146
853,8,0.435400
853,9,0.574110
853,10,0.525622
853,11,0.453735
853,12,0.452355
853,13,0.480061
853,14,0.452359
853,15,0.432981
854,1,0.441137
854,2,0.435223
854,3,0.491353
854,4,0.474302
854,5,0.467132
854,6,0.513258
854,7,0.550355
854,8,0.513335
854,9,0.524112
854,10,0.453502
854,11,0.446645
854,12,0.468596
854,13,0.503017
854,14,0.457271
854,15,0.443893
855,1,0.505915
855,2,0.497430
855,3,0.441534
855,4,0.456919
855,5,0.464595
855,6,0.452851
855,7,0.441431
855,8,0.421259
855,9,0.506369
855,10,0.512167
855,11,0.439679
855,12,0.532890
855,13,0.552662
855,14,0.521791
855,15,0.574110
856,1,0.520813
856,2,0.538777
856,3,0.575772
856,4,0.466702
856,5,0.473738
856,6,0.476507
856,7,0.461366
856,8,0.457173
856,9,0.477870
856,10,0.489830
856,11,0.503522
856,12,0.470885
856,13,0.465128
856,14,0.458305
856,15,0.468965
857,1,0.459058
857,2,0.529714
857,3,0.453502
857,4,0.438229
857,5,0.515668
857,6,0.442436
857,7,0.473797
857,8,0.518987
857,9,0.516074
857,10,0.479750
857,11,0.500834
857,12,0.478070
857,13,0.500208
857,14,0.469356
857,15,0.524850
858,1,0.437005
858,2,0.486109
858,3,0.480152
858,4,0.499494
858,5,0.493855
858,6,0.545892
858,7,0.530367
858,8,0.462276
858,9,0.493604
858,10,0.513670
858,11,0.464966
858,12,0.509460
858,13,0.434260
858,14,0.479895
858,15,0.419837
859,1,0.469282
859,2,0.431041
859,3,0.422804
859,4,0.421259
859,5,0.485740
859,6,0.439561
859,7,0.441066
859,8,0.411744
859,9,0.470953
859,10,0.534221
859,11,0.550355
859,12,0.538777
859,13,0.474287
859,14,0.434608
859,15,0.447546
860,1,0.449728
860,2,0.506369
860,3,0.458115
860,4,0.447332
860,5,0.456287
860,6,0.541990
860,7,0.546675
860,8,0.537974
860,9,0.511180
860,10,0.512790
860,11,0.466489
860,12,0.506117
860,13,0.463863
860,14,0.458977
860,15,0.423146
861,1,0.479427
861,2,0.517627
861,3,0.454336
861,4,0.428765
861,5,0.535952
861,6,0.290393
861,7,0.270057
861,8,0.441137
861,9,0.497424
861,10,0.476347
861,11,0.485366
861,12,0.503259
861,13,0.493545
861,14,0.507121
861,15,0.522027
862,1,0.526359
862,2,0.553196
862,3,0.449296
862,4,0.438382
862,5,0.539444
862,6,0.543947
862,7,0.549016
862,8,0.576075
862,9,0.513335
862,10,0.538777
862,11,0.516929
862,12,0.504352
862,13,0.533334
862,14,0.444408
862,15,0.421479
863,1,0.436810
863,2,0.497424
863,3,0.574110
863,4,0.525622
863,5,0.531294
863,6,0.439357
863,7,0.452690
863,8,0.466646
863,9,0.472887
863,10,0.534001
863,11,0.442717
863,12,0.411744
863,13,0.435590
863,14,0.520477
863,15,0.459558
864,1,0.467425
864,2,0.515364
864,3,0.459558
864,4,0.495844
864,5,0.448953
864,6,0.474943
864,7,0.574110
864,8,0.531294
864,9,0.506124
864,10,0.475544
864,11,0.512790
864,12,0.507244
864,13,0.506583
864,14,0.519145
864,15,0.442102
865,1,0.327608
865,2,0.411744
865,3,0.477715
865,4,0.493604
865,5,0.495476
865,6,0.506802
865,7,0.524477
865,8,0.537897
865,9,0.526146
865,10,0.532880
865,11,0.479962
865,12,0.487035
865,13,0.514986
865,14,0.503766
865,15,0.439357
866,1,0.452690
866,2,0.474943
866,3,0.530222
866,4,0.540630
866,5,0.455120
866,6,0.499125
866,7,0.576905
866,8,0.472326
866,9,0.484507
866,10,0.508005
866,11,0.548848
866,12,0.467739
866,13,0.432811
866,14,0.574110
866,15,0.458378
867,1,0.506369
867,2,0.478606
867,3,0.342360
867,4,0.470819
867,5,0.520813
867,6,0.512655
867,7,0.564999
867,8,0.523915
867,9,0.535723
867,10,0.506124
867,11,0.506124
867,12,0.449680
867,13,0.447546
867,14,0.514107
867,15,0.467553
868,1,0.493161
868,2,0.554858
868,3,0.508892
868,4,0.493586
868,5,0.521791
868,6,0.574110
868,7,0.502802
868,8,0.488866
868,9,0.437005
868,10,0.485646
868,11,0.547988
868,12,0.489519
868,13,0.574110
868,14,0.426354
868,15,0.472687
869,1,0.279891
869,2,0.462423
869,3,0.574110
869,4,0.529404
869,5,0.476420
869,6,0.521886
869,7,0.464354
869,8,0.477366
869,9,0.513747
869,10,0.352218
869,11,0.547988
869,12,0.456813
869,13,0.483108
869,14,0.547430
869,15,0.481310
870,1,0.442815
870,2,0.486163
870,3,0.466107
870,4,0.435096
870,5,0.499029
870,6,0.498170
870,7,0.545776
870,8,0.547988
870,9,0.531591
870,10,0.540630
870,11,0.443039
870,12,0.484251
870,13,0.547988
870,14,0.456813
870,15,0.441191
871,1,0.472830
871,2,0.521357
871,3,0.519871
871,4,0.574110
871,5,0.530169
871,6,0.455120
871,7,0.524850
871,8,0.520813
871,9,0.525432
871,10,0.574110
871,11,0.520813
871,12,0.479847
871,13,0.437005
871,14,0.452355
871,15,0.290060
872,1,0.445820
872,2,0.458100
872,3,0.485116
872,4,0.520477
872,5,0.540227
872,6,0.534750
872,7,0.534568
872,8,0.513183
872,9,0.547988
872,10,0.523217
872,11,0.459126
872,12,0.469711
872,13,0.513767
872,14,0.533365
872,15,0.502802
873,1,0.529931
873,2,0.513148
873,3,0.547988
873,4,0.480044
873,5,0.454786
873,6,0.498703
873,7,0.460125
873,8,0.473996
873,9,0.441484
873,10,0.520515
873,11,0.574598
873,12,0.525163
873,13,0.525595
873,14,0.533734
873,15,0.437005
874,1,0.270057
874,2,0.485551
874,3,0.513670
874,4,0.524093
874,5,0.298474
874,6,0.431314
874,7,0.447546
874,8,0.491486
874,9,0.540733
874,10,0.520477
874,11,0.470606
874,12,0.503855
874,13,0.439561
874,14,0.478941
874,15,0.469386
875,1,0.451836
875,2,0.467804
875,3,0.481510
875,4,0.504798
875,5,0.552391
875,6,0.547988
875,7,0.456480
875,8,0.422433
875,9,0.478606
875,10,0.513993
875,11,0.511976
875,12,0.507244
875,13,0.464451
875,14,0.456480
875,15,0.493095
876,1,0.473797
876,2,0.505581
876,3,0.461406
876,4,0.497424
876,5,0.502655
876,6,0.513335
876,7,0.446905
876,8,0.437005
876,9,0.497424
876,10,0.459310
876,11,0.449266
876,12,0.497424
876,13,0.493214
876,14,0.520477
876,15,0.397650
877,1,0.456480
877,2,0.452355
877,3,0.446717
877,4,0.471811
877,5,0.475559
877,6,0.547988
877,7,0.520477
877,8,0.456642
877,9,0.471292
877,10,0.434589
877,11,0.497424
877,12,0.442137
877,13,0.518839
877,14,0.479948
877,15,0.457767
878,1,0.432268
878,2,0.486491
878,3,0.437005
878,4,0.437995
878,5,0.442782
878,6,0.327608
878,7,0.506369
878,8,0.463993
878,9,0.520477
878,10,0.523217
878,11,0.456480
878,12,0.489313
878,13,0.520813
878,14,0.475183
878,15,0.447546
879,1,0.531294
879,2,0.466099
879,3,0.547988
879,4,0.524980
879,5,0.442102
879,6,0.484299
879,7,0.519457
879,8,0.457093
879,9,0.356810
879,10,0.475559
879,11,0.547242
879,12,0.437005
879,13,0.496877
879,14,0.468608
879,15,0.367634
880,1,0.498418
880,2,0.290060
880,3,0.479895
880,4,0.476171
880,5,0.544948
880,6,0.456642
880,7,0.340718
880,8,0.467471
880,9,0.437005
880,10,0.456919
880,11,0.547988
880,12,0.489005
880,13,0.530367
880,14,0.488542
880,15,0.534008
881,1,0.530367
881,2,0.437275
881,3,0.555304
881,4,0.471360
881,5,0.465327
881,6,0.510423
881,7,0.529795
881,8,0.539533
881,9,0.434589
881,10,0.488714
881,11,0.501516
881,12,0.529795
881,13,0.547988
881,14,0.547988
881,15,0.574110
882,1,0.456480
882,2,0.446899
882,3,0.547988
882,4,0.542292
882,5,0.000000
882,6,0.521063
882,7,0.289726
882,8,0.327608
882,9,0.497424
882,10,0.442102
882,11,0.436810
882,12,0.452355
882,13,0.459558
882,14,0.432268
882,15,0.479895
883,1,0.539533
883,2,0.520477
883,3,0.434589
883,4,0.498483
883,5,0.457093
883,6,0.270057
883,7,0.476011
883,8,0.574110
883,9,0.442102
883,10,0.353525
883,11,0.434589
883,12,0.279891
883,13,0.574110
883,14,0.574110
883,15,0.456642
884,1,0.279891
884,2,0.492090
884,3,0.515668
884,4,0.547988
884,5,0.446717
884,6,0.434589
884,7,0.479353
884,8,0.457767
884,9,0.422433
884,10,0.466752
884,11,0.523905
884,12,0.521767
884,13,0.535272
884,14,0.453270
884,15,0.279891
885,1,0.456319
885,2,0.537742
885,3,0.531294
885,4,0.494256
885,5,0.445474
885,6,0.437005
885,7,0.327608
885,8,0.468894
885,9,0.574110
885,10,0.438229
885,11,0.534090
885,12,0.520477
885,13,0.547988
885,14,0.496995
885,15,0.469842
886,1,0.484270
886,2,0.471671
886,3,0.432130
886,4,0.533704
886,5,0.478695
886,6,0.460860
886,7,0.497424
886,8,0.442102
886,9,0.506369
886,10,0.475183
886,11,0.493604
886,12,0.441442
886,13,0.520477
886,14,0.442102
886,15,0.466125
887,1,0.534177
887,2,0.535414
887,3,0.547988
887,4,0.437005
887,5,0.466125
887,6,0.434589
887,7,0.466752
887,8,0.457767
887,9,0.496872
887,10,0.442102
887,11,0.454104
887,12,0.575785
887,13,0.531294
887,14,0.520813
887,15,0.457129
888,1,0.520477
888,2,0.289726
888,3,0.499833
888,4,0.574110
888,5,0.489005
888,6,0.529795
888,7,0.534950
888,8,0.547988
888,9,0.434589
888,10,0.497424
888,11,0.530367
888,12,0.457620
888,13,0.442887
888,14,0.309031
888,15,0.279891
889,1,0.470953
889,2,0.464335
889,3,0.465327
889,4,0.520873
889,5,0.480115
889,6,0.534090
889,7,0.464335
889,8,0.483108
889,9,0.457971
889,10,0.422433
889,11,0.337122
889,12,0.486491
889,13,0.546623
889,14,0.533913
889,15,0.539966
890,1,0.467087
890,2,0.527474
890,3,0.468157
890,4,0.466679
890,5,0.447332
890,6,0.534471
890,7,0.457620
890,8,0.442887
890,9,0.523217
890,10,0.464451
890,11,0.566955
890,12,0.547988
890,13,0.442102
890,14,0.353525
890,15,0.451798
891,1,0.497424
891,2,0.446717
891,3,0.437005
891,4,0.442425
891,5,0.411744
891,6,0.311617
891,7,0.503427
891,8,0.520813
891,9,0.442436
891,10,0.471292
891,11,0.507772
891,12,0.437005
891,13,0.452355
891,14,0.547988
891,15,0.459058
892,1,0.547988
892,2,0.456642
892,3,0.437995
892,4,0.475693
892,5,0.527474
892,6,0.488849
892,7,0.547988
892,8,0.442102
892,9,0.478606
892,10,0.505581
892,11,0.531975
892,12,0.533704
892,13,0.574110
892,14,0.488714
892,15,0.460860
893,1,0.456319
893,2,0.523217
893,3,0.547988
893,4,0.471671
893,5,0.447546
893,6,0.524679
893,7,0.479521
893,8,0.520477
893,9,0.533704
893,10,0.518839
893,11,0.442102
893,12,0.467544
893,13,0.503560
893,14,0.523917
893,15,0.537742
894,1,0.574110
894,2,0.531294
894,3,0.468157
894,4,0.467471
894,5,0.530367
894,6,0.442102
894,7,0.466125
894,8,0.547988
894,9,0.547988
894,10,0.488714
894,11,0.337390
894,12,0.521823
894,13,0.452819
894,14,0.486491
894,15,0.534008
895,1,0.464786
895,2,0.485829
895,3,0.453270
895,4,0.485489
895,5,0.537648
895,6,0.512959
895,7,0.442633
895,8,0.534090
895,9,0.456480
895,10,0.447332
895,11,0.437005
895,12,0.405085
895,13,0.405085
895,14,0.466752
895,15,0.482925
896,1,0.360432
896,2,0.574110
896,3,0.515668
896,4,0.523217
896,5,0.446717
896,6,0.453270
896,7,0.467732
896,8,0.545137
896,9,0.574110
896,10,0.515102
896,11,0.439679
896,12,0.533704
896,13,0.442102
896,14,0.479895
896,15,0.518987
897,1,0.543181
897,2,0.482488
897,3,0.495746
897,4,0.434589
897,5,0.411744
897,6,0.520477
897,7,0.456642
897,8,0.455094
897,9,0.521473
897,10,0.488542
897,11,0.518965
897,12,0.479948
897,13,0.290060
897,14,0.328573
897,15,0.304613
898,1,0.459676
898,2,0.506369
898,3,0.519457
898,4,0.492632
898,5,0.520256
898,6,0.442102
898,7,0.479895
898,8,0.490681
898,9,0.503017
898,10,0.537459
898,11,0.574110
898,12,0.489005
898,13,0.539966
898,14,0.534363
898,15,0.547988
899,1,0.446717
899,2,0.564999
899,3,0.442699
899,4,0.439677
899,5,0.481555
899,6,0.341891
899,7,0.438382
899,8,0.468059
899,9,0.515316
899,10,0.289726
899,11,0.411744
899,12,0.289726
899,13,0.436810
899,14,0.270057
899,15,0.405085
900,1,0.500186
900,2,0.457767
900,3,0.497424
900,4,0.520813
900,5,0.533704
900,6,0.488542
900,7,0.539966
900,8,0.534950
900,9,0.457081
900,10,0.541990
900,11,0.542292
900,12,0.516929
900,13,0.490699
900,14,0.574110
900,15,0.434589
901,1,0.531294
901,2,0.457456
901,3,0.279891
901,4,0.484382
901,5,0.498091
901,6,0.490390
901,7,0.444408
901,8,0.444306
901,9,0.334984
901,10,0.340718
901,11,0.527474
901,12,0.467425
901,13,0.411744
901,14,0.442102
901,15,0.327608
902,1,0.270057
902,2,0.437995
902,3,0.544361
902,4,0.547988
902,5,0.434589
902,6,0.531294
902,7,0.520813
902,8,0.533704
902,9,0.520477
902,10,0.442102
902,11,0.452355
902,12,0.459558
902,13,0.432130
902,14,0.217294
902,15,0.496877
903,1,0.530367
903,2,0.488542
903,3,0.537648
903,4,0.531294
903,5,0.530367
903,6,0.434589
903,7,0.449266
903,8,0.270057
903,9,0.449495
903,10,0.481345
903,11,0.505581
903,12,0.476662
903,13,0.574110
903,14,0.397650
903,15,0.452819
904,1,0.547988
904,2,0.478468
904,3,0.337390
904,4,0.513768
904,5,0.437005
904,6,0.479895
904,7,0.574110
904,8,0.443065
904,9,0.500261
904,10,0.480960
904,11,0.549036
904,12,0.474250
904,13,0.509328
904,14,0.457767
904,15,0.443065
905,1,0.437005
905,2,0.270057
905,3,0.506369
905,4,0.438229
905,5,0.576905
905,6,0.537488
905,7,0.574110
905,8,0.336338
905,9,0.547988
905,10,0.432130
905,11,0.289726
905,12,0.531294
905,13,0.479347
905,14,0.498058
905,15,0.534177
906,1,0.343325
906,2,0.470819
906,3,0.533299
906,4,0.533704
906,5,0.520813
906,6,0.547988
906,7,0.533704
906,8,0.442137
906,9,0.529795
906,10,0.342360
906,11,0.437995
906,12,0.547988
906,13,0.485880
906,14,0.531294
906,15,0.488542
907,1,0.468327
907,2,0.531294
907,3,0.442102
907,4,0.456319
907,5,0.542183
907,6,0.523217
907,7,0.459058
907,8,0.434589
907,9,0.489005
907,10,0.457081
907,11,0.517749
907,12,0.533808
907,13,0.538777
907,14,0.471671
907,15,0.530270
908,1,0.529795
908,2,0.522167
908,3,0.442102
908,4,0.497424
908,5,0.442137
908,6,0.520813
908,7,0.437339
908,8,0.486184
908,9,0.530367
908,10,0.442102
908,11,0.479895
908,12,0.478070
908,13,0.338176
908,14,0.479895
908,15,0.534090
909,1,0.538777
909,2,0.531294
909,3,0.475183
909,4,0.451025
909,5,0.464246
909,6,0.534826
909,7,0.531294
909,8,0.436940
909,9,0.513993
909,10,0.526170
909,11,0.475782
909,12,0.533704
909,13,0.442102
909,14,0.479895
909,15,0.539444
910,1,0.576905
910,2,0.529627
910,3,0.534177
910,4,0.562031
910,5,0.574110
910,6,0.466824
910,7,0.514107
910,8,0.520477
910,9,0.533230
910,10,0.442102
910,11,0.353525
910,12,0.431263
910,13,0.479897
910,14,0.475336
910,15,0.527474
911,1,0.397650
911,2,0.533808
911,3,0.574110
911,4,0.574110
911,5,0.519457
911,6,0.442137
911,7,0.520813
911,8,0.437005
911,9,0.481345
911,10,0.442782
911,11,0.486184
911,12,0.533808
911,13,0.541212
911,14,0.574110
911,15,0.442102
912,1,0.334984
912,2,0.304613
912,3,0.527474
912,4,0.456480
912,5,0.441191
912,6,0.452355
912,7,0.446717
912,8,0.471811
912,9,0.434589
912,10,0.506369
912,11,0.489005
912,12,0.457081
912,13,0.428541
912,14,0.574110
912,15,0.473956
913,1,0.555991
913,2,0.534377
913,3,0.468327
913,4,0.432268
913,5,0.270057
913,6,0.486184
913,7,0.437005
913,8,0.506369
913,9,0.443065
913,10,0.537823
913,11,0.536499
913,12,0.547988
913,13,0.442102
913,14,0.456319
913,15,0.480985
914,1,0.515668
914,2,0.372388
914,3,0.279891
914,4,0.434589
914,5,0.503119
914,6,0.464786
914,7,0.547988
914,8,0.574110
914,9,0.442102
914,10,0.436810
914,11,0.441191
914,12,0.439868
914,13,0.536618
914,14,0.576623
914,15,0.520477
915,1,0.437005
915,2,0.411744
915,3,0.289726
915,4,0.466125
915,5,0.463174
915,6,0.520477
915,7,0.442102
915,8,0.452355
915,9,0.467425
915,10,0.451025
915,11,0.411744
915,12,0.520477
915,13,0.533704
915,14,0.453735
915,15,0.422433
916,1,0.497424
916,2,0.520813
916,3,0.445474
916,4,0.574110
916,5,0.479353
916,6,0.533704
916,7,0.456480
916,8,0.441442
916,9,0.547430
916,10,0.533913
916,11,0.534008
916,12,0.437005
916,13,0.436810
916,14,0.471292
916,15,0.537488
917,1,0.354594
917,2,0.472419
917,3,0.496008
917,4,0.442137
917,5,0.547988
917,6,0.534377
917,7,0.437005
917,8,0.423146
917,9,0.411744
917,10,0.360901
917,11,0.447546
917,12,0.499811
917,13,0.520477
917,14,0.523217
917,15,0.434589
918,1,0.432268
918,2,0.304613
918,3,0.506369
918,4,0.519457
918,5,0.532751
918,6,0.530367
918,7,0.464451
918,8,0.530367
918,9,0.442102
918,10,0.466975
918,11,0.434589
918,12,0.411744
918,13,0.456642
918,14,0.475559
918,15,0.453270
919,1,0.467732
919,2,0.518987
919,3,0.533808
919,4,0.533913
919,5,0.520477
919,6,0.490210
919,7,0.457081
919,8,0.441757
919,9,0.469330
919,10,0.574110
919,11,0.489005
919,12,0.437005
919,13,0.497424
919,14,0.468157
919,15,0.434589
920,1,0.279891
920,2,0.456319
920,3,0.505559
920,4,0.533909
920,5,0.508220
920,6,0.491105
920,7,0.542640
920,8,0.534547
920,9,0.534177
920,10,0.457767
920,11,0.405085
920,12,0.411744
920,13,0.485880
920,14,0.467425
920,15,0.520477
921,1,0.516135
921,2,0.488352
921,3,0.532880
921,4,0.437005
921,5,0.480087
921,6,0.534377
921,7,0.520813
921,8,0.439679
921,9,0.532890
921,10,0.479521
921,11,0.355560
921,12,0.434589
921,13,0.503119
921,14,0.434589
921,15,0.456989
922,1,0.358405
922,2,0.574110
922,3,0.442102
922,4,0.466752
922,5,0.520074
922,6,0.523217
922,7,0.540733
922,8,0.520477
922,9,0.522257
922,10,0.468608
922,11,0.493604
922,12,0.438229
922,13,0.535414
922,14,0.547988
922,15,0.574110
923,1,0.442102
923,2,0.452355
923,3,0.490210
923,4,0.519583
923,5,0.531294
923,6,0.488636
923,7,0.532880
923,8,0.520813
923,9,0.463241
923,10,0.396328
923,11,0.539444
923,12,0.531975
923,13,0.544118
923,14,0.521063
923,15,0.474180
924,1,0.532569
924,2,0.289726
924,3,0.467092
924,4,0.435400
924,5,0.503632
924,6,0.439679
924,7,0.354594
924,8,0.437598
924,9,0.545566
924,10,0.520813
924,11,0.442102
924,12,0.486184
924,13,0.464786
924,14,0.279891
924,15,0.411744
925,1,0.438229
925,2,0.574110
925,3,0.519457
925,4,0.446905
925,5,0.468327
925,6,0.478468
925,7,0.503017
925,8,0.547988
925,9,0.547988
925,10,0.489005
925,11,0.574110
925,12,0.443065
925,13,0.529795
925,14,0.534177
925,15,0.455854
926,1,0.452010
926,2,0.531294
926,3,0.530367
926,4,0.574110
926,5,0.489181
926,6,0.434589
926,7,0.434589
926,8,0.531294
926,9,0.434589
926,10,0.446717
926,11,0.574110
926,12,0.457093
926,13,0.270057
926,14,0.436810
926,15,0.270057
927,1,0.356810
927,2,0.498527
927,3,0.576905
927,4,0.534377
927,5,0.437005
927,6,0.270057
927,7,0.452355
927,8,0.289726
927,9,0.411744
927,10,0.547988
927,11,0.489005
927,12,0.471811
927,13,0.446467
927,14,0.480236
927,15,0.544989
928,1,0.530191
928,2,0.543952
928,3,0.533704
928,4,0.446717
928,5,0.437005
928,6,0.497424
928,7,0.456642
928,8,0.486028
928,9,0.546623
928,10,0.546623
928,11,0.576623
928,12,0.529627
928,13,0.533704
928,14,0.520813
928,15,0.469127
929,1,0.484581
929,2,0.457620
929,3,0.547988
929,4,0.471671
929,5,0.432130
929,6,0.547988
929,7,0.336338
929,8,0.460860
929,9,0.441191
929,10,0.472378
929,11,0.537648
929,12,0.547988
929,13,0.520477
929,14,0.533704
929,15,0.574110
930,1,0.466824
930,2,0.502593
930,3,0.442782
930,4,0.470819
930,5,0.547988
930,6,0.547988
930,7,0.456480
930,8,0.471092
930,9,0.467471
930,10,0.456480
930,11,0.447332
930,12,0.437005
930,13,0.452355
930,14,0.456642
930,15,0.270057
931,1,0.470953
931,2,0.537823
931,3,0.513993
931,4,0.536618
931,5,0.437005
931,6,0.411744
931,7,0.279891
931,8,0.270057
931,9,0.466125
931,10,0.442782
931,11,0.444306
931,12,0.500261
931,13,0.517321
931,14,0.530367
931,15,0.574110
932,1,0.471671
932,2,0.449266
932,3,0.493604
932,4,0.530367
932,5,0.456642
932,6,0.330893
932,7,0.466761
932,8,0.355560
932,9,0.574110
932,10,0.501733
932,11,0.456480
932,12,0.448268
932,13,0.515316
932,14,0.456173
932,15,0.496872
933,1,0.545566
933,2,0.520813
933,3,0.521063
933,4,0.442102
933,5,0.466720
933,6,0.434589
933,7,0.479353
933,8,0.574110
933,9,0.466824
933,10,0.501209
933,11,0.464786
933,12,0.444884
933,13,0.574110
933,14,0.442102
933,15,0.466125
934,1,0.459058
934,2,0.279891
934,3,0.467471
934,4,0.541212
934,5,0.456480
934,6,0.543947
934,7,0.539444
934,8,0.523217
934,9,0.574110
934,10,0.574110
934,11,0.473956
934,12,0.547988
934,13,0.534090
934,14,0.564999
934,15,0.360901
935,1,0.480236
935,2,0.547242
935,3,0.546623
935,4,0.530367
935,5,0.485880
935,6,0.531294
935,7,0.488542
935,8,0.437005
935,9,0.452355
935,10,0.289726
935,11,0.497424
935,12,0.485880
935,13,0.574110
935,14,0.443065
935,15,0.574110
936,1,0.531294
936,2,0.520813
936,3,0.442436
936,4,0.270057
936,5,0.421429
936,6,0.476011
936,7,0.459095
936,8,0.529714
936,9,0.464451
936,10,0.539444
936,11,0.531850
936,12,0.289726
936,13,0.480236
936,14,0.471671
936,15,0.515532
937,1,0.547988
937,2,0.483618
937,3,0.434589
937,4,0.449266
937,5,0.270057
937,6,0.441191
937,7,0.445175
937,8,0.483108
937,9,0.452355
937,10,0.547988
937,11,0.520477
937,12,0.512790
937,13,0.488542
937,14,0.530367
937,15,0.479521
938,1,0.469356
938,2,0.536030
938,3,0.546623
938,4,0.547988
938,5,0.512167
938,6,0.485880
938,7,0.574110
938,8,0.520477
938,9,0.523217
938,10,0.468876
938,11,0.338269
938,12,0.479897
938,13,0.574110
938,14,0.443065
938,15,0.547988
939,1,0.442102
939,2,0.353525
939,3,0.471202
939,4,0.467425
939,5,0.506369
939,6,0.486746
939,7,0.437005
939,8,0.471292
939,9,0.574110
939,10,0.446717
939,11,0.471811
939,12,0.434589
939,13,0.492966
939,14,0.434589
939,15,0.430367
940,1,0.533704
940,2,0.488542
940,3,0.468327
940,4,0.512049
940,5,0.469842
940,6,0.494325
940,7,0.439418
940,8,0.547988
940,9,0.486746
940,10,0.483618
940,11,0.434589
940,12,0.279891
940,13,0.479895
940,14,0.506454
940,15,0.437005
941,1,0.467425
941,2,0.503427
941,3,0.564999
941,4,0.543179
941,5,0.520813
941,6,0.442102
941,7,0.471292
941,8,0.442306
941,9,0.471292
941,10,0.547988
941,11,0.479353
941,12,0.536618
941,13,0.503114
941,14,0.520813
941,15,0.439418
942,1,0.536737
942,2,0.473956
942,3,0.532569
942,4,0.549036
942,5,0.530367
942,6,0.479521
942,7,0.574110
942,8,0.464451
942,9,0.456480
942,10,0.471092
942,11,0.450025
942,12,0.470920
942,13,0.471050
942,14,0.547988
942,15,0.475559
943,1,0.471811
943,2,0.473797
943,3,0.289726
943,4,0.506369
943,5,0.531294
943,6,0.434589
943,7,0.547988
943,8,0.456480
943,9,0.452355
943,10,0.490518
943,11,0.434589
943,12,0.411744
943,13,0.520477
943,14,0.480723
943,15,0.459058
944,1,0.516911
944,2,0.479948
944,3,0.314447
944,4,0.518104
944,5,0.466824
944,6,0.279891
944,7,0.486014
944,8,0.564999
944,9,0.561723
944,10,0.534060
944,11,0.529795
944,12,0.539533
944,13,0.464006
944,14,0.270057
944,15,0.270057
945,1,0.467054
945,2,0.467843
945,3,0.431263
945,4,0.473797
945,5,0.547988
945,6,0.475183
945,7,0.503855
945,8,0.546623
945,9,0.520813
945,10,0.459058
945,11,0.547988
945,12,0.442887
945,13,0.536618
945,14,0.512959
945,15,0.475782
946,1,0.574110
946,2,0.530605
946,3,0.549036
946,4,0.519457
946,5,0.530222
946,6,0.454786
946,7,0.428541
946,8,0.289726
946,9,0.452673
946,10,0.456319
946,11,0.530605
946,12,0.547988
946,13,0.289726
946,14,0.329731
946,15,0.471202
947,1,0.471630
947,2,0.483108
947,3,0.434589
947,4,0.489005
947,5,0.532880
947,6,0.538777
947,7,0.561723
947,8,0.540733
947,9,0.520477
947,10,0.523217
947,11,0.513993
947,12,0.533704
947,13,0.474180
947,14,0.574110
947,15,0.479353
948,1,0.523217
948,2,0.528159
948,3,0.566955
948,4,0.360901
948,5,0.434589
948,6,0.405085
948,7,0.475183
948,8,0.547988
948,9,0.497782
948,10,0.527475
948,11,0.434589
948,12,0.428765
948,13,0.535178
948,14,0.536211
948,15,0.547242
949,1,0.547988
949,2,0.442102
949,3,0.452355
949,4,0.442102
949,5,0.270057
949,6,0.421429
949,7,0.456319
949,8,0.549036
949,9,0.520813
949,10,0.486746
949,11,0.546623
949,12,0.520813
949,13,0.574110
949,14,0.442102
949,15,0.452355
950,1,0.289726
950,2,0.411744
950,3,0.505564
950,4,0.495783
950,5,0.436940
950,6,0.354594
950,7,0.524980
950,8,0.359523
950,9,0.493604
950,10,0.456480
950,11,0.422433
950,12,0.486491
950,13,0.457620
950,14,0.463545
950,15,0.473956
951,1,0.530605
951,2,0.536499
951,3,0.528477
951,4,0.574110
951,5,0.473956
951,6,0.566955
951,7,0.510381
951,8,0.485880
951,9,0.464335
951,10,0.468613
951,11,0.480985
951,12,0.361690
951,13,0.469537
951,14,0.434589
951,15,0.520477
952,1,0.468876
952,2,0.465327
952,3,0.520651
952,4,0.486128
952,5,0.529795
952,6,0.457767
952,7,0.422433
952,8,0.270057
952,9,0.405085
952,10,0.482984
952,11,0.437005
952,12,0.456919
952,13,0.447546
952,14,0.503998
952,15,0.574110
953,1,0.473956
953,2,0.434589
953,3,0.489005
953,4,0.540988
953,5,0.513993
953,6,0.434589
953,7,0.498483
953,8,0.574110
953,9,0.443065
953,10,0.540988
953,11,0.531975
953,12,0.469356
953,13,0.380913
953,14,0.434589
953,15,0.471671
954,1,0.432268
954,2,0.436810
954,3,0.405085
954,4,0.428541
954,5,0.574110
954,6,0.443065
954,7,0.437005
954,8,0.411744
954,9,0.456480
954,10,0.428541
954,11,0.521063
954,12,0.442102
954,13,0.270057
954,14,0.531294
954,15,0.504946
955,1,0.520477
955,2,0.513993
955,3,0.464451
955,4,0.542292
955,5,0.289726
955,6,0.452355
955,7,0.289726
955,8,0.336338
955,9,0.460860
955,10,0.453112
955,11,0.306039
955,12,0.488813
955,13,0.467132
955,14,0.437005
955,15,0.456319
956,1,0.518987
956,2,0.578040
956,3,0.534377
956,4,0.453270
956,5,0.270057
956,6,0.421429
956,7,0.478606
956,8,0.533704
956,9,0.479347
956,10,0.467471
956,11,0.546623
956,12,0.546623
956,13,0.537823
956,14,0.513993
956,15,0.576905
957,1,0.535272
957,2,0.453270
957,3,0.457702
957,4,0.527474
957,5,0.520477
957,6,0.442102
957,7,0.336338
957,8,0.515668
957,9,0.289726
957,10,0.506369
957,11,0.547988
957,12,0.574110
957,13,0.486746
957,14,0.532880
957,15,0.537823
958,1,0.306039
958,2,0.301284
958,3,0.503522
958,4,0.508960
958,5,0.489901
958,6,0.531294
958,7,0.520477
958,8,0.445474
958,9,0.471360
958,10,0.338269
958,11,0.484864
958,12,0.520813
958,13,0.456642
958,14,0.356810
958,15,0.464030
959,1,0.442782
959,2,0.486843
959,3,0.547988
959,4,0.486746
959,5,0.574110
959,6,0.534377
959,7,0.537823
959,8,0.542893
959,9,0.520477
959,10,0.523217
959,11,0.475782
959,12,0.535723
959,13,0.546623
959,14,0.467425
959,15,0.574110
960,1,0.466824
960,2,0.514107
960,3,0.540988
960,4,0.534518
960,5,0.547242
960,6,0.537459
960,7,0.533808
960,8,0.452819
960,9,0.432811
960,10,0.512167
960,11,0.547988
960,12,0.520477
960,13,0.475782
960,14,0.574110
960,15,0.531294
961,1,0.486128
961,2,0.437005
961,3,0.327608
961,4,0.470339
961,5,0.495343
961,6,0.479948
961,7,0.457767
961,8,0.506369
961,9,0.547988
961,10,0.488714
961,11,0.503017
961,12,0.574110
961,13,0.520477
961,14,0.438229
961,15,0.355560
962,1,0.354314
962,2,0.465654
962,3,0.499899
962,4,0.547988
962,5,0.553196
962,6,0.512167
962,7,0.459058
962,8,0.547988
962,9,0.442102
962,10,0.456319
962,11,0.456480
962,12,0.422433
962,13,0.466125
962,14,0.329216
962,15,0.289726
963,1,0.574110
963,2,0.466824
963,3,0.497782
963,4,0.536618
963,5,0.437005
963,6,0.405085
963,7,0.531294
963,8,0.456642
963,9,0.506369
963,10,0.478606
963,11,0.523217
963,12,0.440379
963,13,0.342360
963,14,0.441191
963,15,0.486491
964,1,0.531300
964,2,0.442102
964,3,0.456319
964,4,0.506763
964,5,0.547242
964,6,0.576623
964,7,0.529627
964,8,0.574110
964,9,0.489005
964,10,0.534008
964,11,0.457081
964,12,0.497424
964,13,0.530367
964,14,0.468157
964,15,0.447546
965,1,0.503766
965,2,0.512390
965,3,0.442102
965,4,0.438098
965,5,0.428541
965,6,0.519867
965,7,0.530367
965,8,0.442102
965,9,0.353525
965,10,0.279891
965,11,0.411744
965,12,0.505564
965,13,0.553959
965,14,0.574110
965,15,0.456480
966,1,0.422433
966,2,0.506369
966,3,0.519457
966,4,0.446905
966,5,0.574110
966,6,0.479353
966,7,0.355560
966,8,0.506369
966,9,0.456642
966,10,0.340718
966,11,0.501516
966,12,0.437005
966,13,0.486109
966,14,0.520813
966,15,0.488352
967,1,0.537823
967,2,0.535723
967,3,0.529795
967,4,0.343325
967,5,0.459320
967,6,0.574110
967,7,0.574110
967,8,0.574110
967,9,0.488714
967,10,0.434589
967,11,0.337390
967,12,0.501516
967,13,0.437005
967,14,0.471292
967,15,0.456480
968,1,0.533808
968,2,0.540988
968,3,0.354594
968,4,0.498527
968,5,0.523915
968,6,0.438229
968,7,0.520477
968,8,0.531294
968,9,0.488542
968,10,0.437005
968,11,0.328059
968,12,0.411744
968,13,0.471292
968,14,0.574110
968,15,0.446717
969,1,0.547242
969,2,0.537823
969,3,0.547988
969,4,0.464451
969,5,0.534090
969,6,0.521122
969,7,0.540227
969,8,0.547988
969,9,0.462019
969,10,0.451025
969,11,0.452010
969,12,0.503295
969,13,0.485880
969,14,0.533808
969,15,0.483618
970,1,0.217294
970,2,0.451025
970,3,0.467732
970,4,0.524957
970,5,0.520813
970,6,0.442102
970,7,0.486184
970,8,0.530367
970,9,0.486128
970,10,0.434589
970,11,0.396328
970,12,0.512167
970,13,0.486746
970,14,0.452819
970,15,0.478606
971,1,0.501288
971,2,0.355560
971,3,0.368684
971,4,0.480211
971,5,0.532880
971,6,0.546623
971,7,0.547988
971,8,0.564999
971,9,0.574110
971,10,0.531294
971,11,0.488714
971,12,0.501516
971,13,0.576623
971,14,0.533808
971,15,0.529795
972,1,0.457767
972,2,0.411744
972,3,0.443065
972,4,0.534946
972,5,0.519583
972,6,0.446905
972,7,0.540988
972,8,0.456480
972,9,0.330893
972,10,0.482984
972,11,0.457620
972,12,0.432268
972,13,0.270057
972,14,0.336338
972,15,0.515668
973,1,0.531294
973,2,0.437275
973,3,0.574110
973,4,0.547988
973,5,0.489005
973,6,0.434589
973,7,0.443065
973,8,0.530367
973,9,0.547988
973,10,0.473956
973,11,0.289726
973,12,0.411744
973,13,0.505564
973,14,0.547242
973,15,0.456480
974,1,0.446899
974,2,0.457767
974,3,0.270057
974,4,0.314447
974,5,0.453112
974,6,0.483978
974,7,0.529714
974,8,0.442102
974,9,0.497424
974,10,0.486128
974,11,0.532880
974,12,0.437005
974,13,0.463533
974,14,0.503490
974,15,0.508817
975,1,0.529627
975,2,0.566955
975,3,0.444074
975,4,0.411744
975,5,0.474943
975,6,0.471811
975,7,0.489271
975,8,0.533704
975,9,0.574110
975,10,0.574110
975,11,0.475183
975,12,0.503017
975,13,0.527735
975,14,0.485880
975,15,0.456480
976,1,0.506369
976,2,0.574110
976,3,0.473956
976,4,0.547988
976,5,0.289726
976,6,0.436810
976,7,0.459244
976,8,0.450025
976,9,0.464166
976,10,0.512390
976,11,0.397650
976,12,0.531829
976,13,0.343325
976,14,0.468894
976,15,0.355560
977,1,0.476679
977,2,0.446879
977,3,0.279891
977,4,0.304613
977,5,0.431263
977,6,0.270057
977,7,0.508753
977,8,0.358405
977,9,0.279891
977,10,0.492090
977,11,0.498091
977,12,0.442782
977,13,0.421479
977,14,0.270057
977,15,0.344483
978,1,0.447546
978,2,0.464677
978,3,0.529795
978,4,0.289726
978,5,0.471292
978,6,0.541212
978,7,0.289726
978,8,0.421479
978,9,0.435400
978,10,0.457152
978,11,0.485829
978,12,0.542640
978,13,0.544947
978,14,0.549194
978,15,0.531294
979,1,0.574110
979,2,0.574110
979,3,0.479353
979,4,0.457767
979,5,0.448268
979,6,0.549036
979,7,0.537823
979,8,0.544118
979,9,0.544118
979,10,0.448817
979,11,0.411744
979,12,0.289726
979,13,0.466752
979,14,0.482925
979,15,0.544118
980,1,0.536499
980,2,0.533913
980,3,0.532880
980,4,0.474250
980,5,0.547988
980,6,0.547988
980,7,0.442102
980,8,0.353525
980,9,0.437995
980,10,0.520477
980,11,0.289726
980,12,0.411744
980,13,0.503119
980,14,0.474851
980,15,0.289726
981,1,0.547988
981,2,0.531294
981,3,0.574110
981,4,0.475183
981,5,0.311119
981,6,0.452656
981,7,0.301284
981,8,0.527474
981,9,0.547988
981,10,0.489181
981,11,0.574110
981,12,0.574110
981,13,0.520477
981,14,0.488352
981,15,0.547242
982,1,0.547988
982,2,0.486746
982,3,0.456480
982,4,0.459244
982,5,0.464166
982,6,0.534377
982,7,0.547988
982,8,0.464451
982,9,0.520477
982,10,0.535723
982,11,0.438214
982,12,0.446645
982,13,0.497424
982,14,0.457456
982,15,0.334984
983,1,0.467732
983,2,0.442782
983,3,0.411744
983,4,0.456480
983,5,0.452355
983,6,0.507236
983,7,0.452883
983,8,0.437995
983,9,0.527474
983,10,0.485880
983,11,0.540988
983,12,0.531975
983,13,0.522257
983,14,0.446905
983,15,0.453270
984,1,0.279891
984,2,0.452673
984,3,0.279891
984,4,0.421429
984,5,0.487710
984,6,0.501347
984,7,0.520477
984,8,0.475782
984,9,0.354594
984,10,0.279891
984,11,0.494256
984,12,0.452458
984,13,0.464246
984,14,0.333010
984,15,0.574110
985,1,0.456480
985,2,0.464166
985,3,0.464335
985,4,0.354314
985,5,0.451047
985,6,0.421429
985,7,0.486322
985,8,0.534008
985,9,0.541212
985,10,0.547988
985,11,0.456480
985,12,0.380913
985,13,0.535561
985,14,0.442102
985,15,0.452355
986,1,0.507170
986,2,0.547988
986,3,0.473956
986,4,0.521063
986,5,0.480115
986,6,0.549036
986,7,0.576623
986,8,0.437005
986,9,0.486109
986,10,0.520813
986,11,0.464966
986,12,0.475209
986,13,0.499388
986,14,0.457971
986,15,0.270057
987,1,0.506369
987,2,0.478606
987,3,0.544118
987,4,0.535708
987,5,0.452359
987,6,0.279891
987,7,0.421429
987,8,0.421429
987,9,0.506369
987,10,0.442102
987,11,0.327608
987,12,0.456319
987,13,0.505581
987,14,0.574110
987,15,0.456480
988,1,0.411744
988,2,0.489005
988,3,0.452819
988,4,0.486491
988,5,0.549802
988,6,0.519583
988,7,0.486746
988,8,0.456480
988,9,0.441191
988,10,0.428541
988,11,0.544118
988,12,0.536469
988,13,0.541212
988,14,0.521767
988,15,0.576905
989,1,0.547988
989,2,0.479353
989,3,0.457767
989,4,0.542292
989,5,0.547988
989,6,0.531294
989,7,0.479521
989,8,0.523217
989,9,0.574110
989,10,0.475183
989,11,0.354314
989,12,0.504394
989,13,0.534946
989,14,0.458765
989,15,0.442770
990,1,0.467425
990,2,0.464166
990,3,0.467620
990,4,0.494740
990,5,0.456287
990,6,0.422433
990,7,0.466125
990,8,0.523217
990,9,0.562031
990,10,0.434260
990,11,0.466125
990,12,0.549036
990,13,0.529627
990,14,0.526161
990,15,0.437005
991,1,0.478606
991,2,0.521063
991,3,0.451739
991,4,0.574110
991,5,0.512167
991,6,0.547988
991,7,0.436940
991,8,0.289726
991,9,0.458145
991,10,0.442782
991,11,0.421479
991,12,0.520477
991,13,0.485880
991,14,0.519457
991,15,0.574110
992,1,0.456480
992,2,0.444013
992,3,0.503017
992,4,0.529795
992,5,0.544118
992,6,0.217294
992,7,0.506117
992,8,0.456480
992,9,0.441191
992,10,0.472378
992,11,0.437005
992,12,0.463701
992,13,0.534177
992,14,0.512449
992,15,0.473956
993,1,0.457767
993,2,0.448580
993,3,0.515668
993,4,0.464246
993,5,0.314447
993,6,0.446645
993,7,0.270057
993,8,0.467471
993,9,0.532880
993,10,0.530367
993,11,0.547988
993,12,0.479521
993,13,0.355560
993,14,0.467881
993,15,0.431263
994,1,0.435400
994,2,0.505581
994,3,0.504507
994,4,0.442102
994,5,0.314447
994,6,0.358405
994,7,0.337390
994,8,0.493314
994,9,0.475782
994,10,0.544361
994,11,0.531294
994,12,0.547988
994,13,0.442102
994,14,0.411744
994,15,0.336338
995,1,0.473996
995,2,0.432268
995,3,0.270057
995,4,0.471292
995,5,0.547242
995,6,0.464335
995,7,0.465327
995,8,0.547988
995,9,0.531294
995,10,0.529871
995,11,0.533569
995,12,0.468157
995,13,0.503017
995,14,0.456480
995,15,0.436940
996,1,0.547988
996,2,0.442102
996,3,0.497424
996,4,0.457456
996,5,0.467471
996,6,0.579136
996,7,0.574110
996,8,0.547988
996,9,0.473956
996,10,0.354594
996,11,0.467471
996,12,0.437005
996,13,0.506369
996,14,0.505564
996,15,0.467425
997,1,0.432268
997,2,0.480236
997,3,0.540988
997,4,0.544118
997,5,0.519457
997,6,0.520813
997,7,0.520974
997,8,0.464451
997,9,0.314447
997,10,0.446645
997,11,0.506369
997,12,0.486746
997,13,0.574110
997,14,0.486746
997,15,0.464335
998,1,0.492659
998,2,0.498979
998,3,0.488352
998,4,0.533913
998,5,0.520813
998,6,0.434589
998,7,0.506369
998,8,0.436940
998,9,0.513993
998,10,0.523217
998,11,0.442102
998,12,0.279891
998,13,0.435400
998,14,0.518987
998,15,0.537488
999,1,0.471671
999,2,0.439245
999,3,0.553495
999,4,0.541212
999,5,0.547430
999,6,0.537459
999,7,0.547988
999,8,0.547988
999,9,0.473956
999,10,0.531975
999,11,0.544118
999,12,0.535708
999,13,0.448307
999,14,0.506369
999,15,0.485880
1000,1,0.547242
1000,2,0.574110
1000,3,0.466824
1000,4,0.279891
1000,5,0.436810
1000,6,0.506369
1000,7,0.459927
1000,8,0.492966
1000,9,0.574110
1000,10,0.458765
1000,11,0.411744
1000,12,0.501733
1000,13,0.463241
1000,14,0.470468
1000,15,0.549802
1001,1,0.471671
1001,2,0.485386
1001,3,0.547988
1001,4,0.501733
1001,5,0.306039
1001,6,0.411744
1001,7,0.467425
1001,8,0.451389
1001,9,0.467471
1001,10,0.529795
1001,11,0.457767
1001,12,0.473956
1001,13,0.306039
1001,14,0.497583
1001,15,0.338176
1002,1,0.465922
1002,2,0.358054
1002,3,0.484345
1002,4,0.451892
1002,5,0.411744
1002,6,0.289726
1002,7,0.480236
1002,8,0.488918
1002,9,0.527474
1002,10,0.488849
1002,11,0.574110
1002,12,0.457081
1002,13,0.446899
1002,14,0.357879
1002,15,0.503017
1003,1,0.529795
1003,2,0.524811
1003,3,0.549016
1003,4,0.540988
1003,5,0.547430
1003,6,0.540988
1003,7,0.456480
1003,8,0.515586
1003,9,0.437005
1003,10,0.497003
1003,11,0.489100
1003,12,0.547988
1003,13,0.547988
1003,14,0.479353
1003,15,0.542183
1004,1,0.574110
1004,2,0.486746
1004,3,0.546623
1004,4,0.464335
1004,5,0.473996
1004,6,0.482984
1004,7,0.454942
1004,8,0.506369
1004,9,0.456642
1004,10,0.486491
1004,11,0.447917
1004,12,0.411744
1004,13,0.456480
1004,14,0.422433
1004,15,0.314447
1005,1,0.484382
1005,2,0.498091
1005,3,0.566955
1005,4,0.510381
1005,5,0.464451
1005,6,0.467425
1005,7,0.279891
1005,8,0.482984
1005,9,0.491204
1005,10,0.486128
1005,11,0.464335
1005,12,0.493604
1005,13,0.574110
1005,14,0.531294
1005,15,0.456480
1006,1,0.411744
1006,2,0.486746
1006,3,0.456480
1006,4,0.422433
1006,5,0.270057
1006,6,0.411744
1006,7,0.456480
1006,8,0.411744
1006,9,0.519867
1006,10,0.457081
1006,11,0.464166
1006,12,0.452359
1006,13,0.498768
1006,14,0.289726
1006,15,0.497424
1007,1,0.488542
1007,2,0.513183
1007,3,0.536477
1007,4,0.546623
1007,5,0.547242
1007,6,0.534377
1007,7,0.437005
1007,8,0.474794
1007,9,0.533299
1007,10,0.533704
1007,11,0.488542
1007,12,0.546623
1007,13,0.537488
1007,14,0.533704
1007,15,0.520157
1008,1,0.464451
1008,2,0.574110
1008,3,0.574110
1008,4,0.547988
1008,5,0.473956
1008,6,0.574110
1008,7,0.445859
1008,8,0.547988
1008,9,0.478606
1008,10,0.289726
1008,11,0.336338
1008,12,0.488762
1008,13,0.503522
1008,14,0.489446
1008,15,0.289726
1009,1,0.436810
1009,2,0.456857
1009,3,0.523915
1009,4,0.485581
1009,5,0.432130
1009,6,0.533582
1009,7,0.289726
1009,8,0.482984
1009,9,0.452359
1009,10,0.334984
1009,11,0.467843
1009,12,0.279891
1009,13,0.336338
1009,14,0.000000
1009,15,0.547988
1010,1,0.289726
1010,2,0.466125
1010,3,0.501376
1010,4,0.289726
1010,5,0.411744
1010,6,0.574110
1010,7,0.486746
1010,8,0.456480
1010,9,0.463548
1010,10,0.534377
1010,11,0.547242
1010,12,0.547242
1010,13,0.447917
1010,14,0.480437
1010,15,0.541212
1011,1,0.469074
1011,2,0.484581
1011,3,0.457081
1011,4,0.471092
1011,5,0.279891
1011,6,0.493604
1011,7,0.456480
1011,8,0.464166
1011,9,0.541212
1011,10,0.520477
1011,11,0.523217
1011,12,0.495783
1011,13,0.466824
1011,14,0.279891
1011,15,0.478606
1012,1,0.506763
1012,2,0.540988
1012,3,0.544118
1012,4,0.574110
1012,5,0.442102
1012,6,0.486184
1012,7,0.534008
1012,8,0.486625
1012,9,0.457456
1012,10,0.452673
1012,11,0.478606
1012,12,0.533704
1012,13,0.474180
1012,14,0.467425
1012,15,0.465772
1013,1,0.452819
1013,2,0.456319
1013,3,0.494540
1013,4,0.574110
1013,5,0.442102
1013,6,0.497424
1013,7,0.442102
1013,8,0.326971
1013,9,0.515668
1013,10,0.289726
1013,11,0.501733
1013,12,0.456480
1013,13,0.493095
1013,14,0.493314
1013,15,0.507170
1014,1,0.547988
1014,2,0.437005
1014,3,0.490221
1014,4,0.547988
1014,5,0.485880
1014,6,0.434260
1014,7,0.506369
1014,8,0.574110
1014,9,0.520477
1014,10,0.485880
1014,11,0.520477
1014,12,0.548848
1014,13,0.541212
1014,14,0.524664
1014,15,0.444074
