episode,step,reward
0,1,0.506026
0,2,0.528195
0,3,0.463928
0,4,0.469030
0,5,0.505144
0,6,0.455683
0,7,0.450295
0,8,0.454859
0,9,0.499863
0,10,0.530892
0,11,0.522819
0,12,0.532687
0,13,0.527977
0,14,0.522507
0,15,0.523168
1,1,0.493080
1,2,0.527385
1,3,0.532330
1,4,0.458401
1,5,0.449349
1,6,0.448899
1,7,0.495786
1,8,0.496045
1,9,0.456075
1,10,0.446184
1,11,0.442876
1,12,0.457205
1,13,0.443479
1,14,0.495882
1,15,0.458401
2,1,0.486720
2,2,0.457967
2,3,0.451039
2,4,0.449878
2,5,0.506892
2,6,0.527346
2,7,0.525960
2,8,0.527275
2,9,0.460168
2,10,0.457597
2,11,0.454092
2,12,0.493846
2,13,0.499978
2,14,0.522163
2,15,0.529150
3,1,0.518766
3,2,0.456442
3,3,0.464574
3,4,0.459078
3,5,0.445991
3,6,0.490177
3,7,0.457599
3,8,0.449349
3,9,0.445610
3,10,0.451549
3,11,0.501486
3,12,0.493469
3,13,0.459777
3,14,0.454924
3,15,0.454520
4,1,0.497142
4,2,0.515932
4,3,0.519938
4,4,0.522680
4,5,0.527114
4,6,0.518622
4,7,0.527730
4,8,0.535491
4,9,0.521581
4,10,0.451314
4,11,0.445503
4,12,0.454859
4,13,0.489814
4,14,0.531999
4,15,0.531603
5,1,0.454172
5,2,0.451181
5,3,0.458915
5,4,0.461923
5,5,0.448595
5,6,0.495840
5,7,0.458130
5,8,0.482901
5,9,0.461550
5,10,0.452427
5,11,0.454123
5,12,0.493557
5,13,0.492618
5,14,0.450637
5,15,0.445221
6,1,0.453773
6,2,0.472640
6,3,0.491644
6,4,0.457228
6,5,0.455231
6,6,0.449031
6,7,0.489479
6,8,0.501898
6,9,0.461283
6,10,0.462159
6,11,0.463896
6,12,0.448795
6,13,0.457134
6,14,0.447069
6,15,0.456486
7,1,0.455128
7,2,0.463647
7,3,0.520588
7,4,0.460768
7,5,0.455771
7,6,0.447284
7,7,0.459305
7,8,0.446214
7,9,0.455718
7,10,0.448231
7,11,0.457067
7,12,0.498913
7,13,0.456683
7,14,0.464038
7,15,0.457760
8,1,0.484751
8,2,0.454382
8,3,0.451557
8,4,0.447686
8,5,0.498814
8,6,0.456787
8,7,0.450189
8,8,0.452902
8,9,0.457028
8,10,0.465540
8,11,0.451120
8,12,0.496177
8,13,0.524982
8,14,0.526740
8,15,0.460255
9,1,0.488245
9,2,0.453334
9,3,0.450776
9,4,0.451866
9,5,0.482042
9,6,0.523378
9,7,0.523612
9,8,0.511143
9,9,0.522302
9,10,0.522539
9,11,0.523019
9,12,0.461887
9,13,0.444640
9,14,0.448691
9,15,0.460880
10,1,0.483577
10,2,0.471683
10,3,0.521641
10,4,0.522347
10,5,0.458401
10,6,0.449766
10,7,0.447985
10,8,0.501030
10,9,0.489793
10,10,0.498066
10,11,0.497590
10,12,0.522302
10,13,0.527099
10,14,0.456985
10,15,0.453394
11,1,0.445221
11,2,0.450056
11,3,0.501560
11,4,0.460731
11,5,0.462190
11,6,0.449811
11,7,0.452316
11,8,0.456155
11,9,0.450442
11,10,0.452860
11,11,0.447252
11,12,0.451038
11,13,0.495503
11,14,0.517467
11,15,0.522959
12,1,0.456016
12,2,0.447553
12,3,0.462557
12,4,0.500589
12,5,0.453737
12,6,0.446993
12,7,0.447604
12,8,0.495432
12,9,0.459150
12,10,0.487866
12,11,0.459769
12,12,0.445411
12,13,0.447512
12,14,0.457868
12,15,0.451216
13,1,0.455718
13,2,0.464550
13,3,0.449884
13,4,0.500027
13,5,0.500325
13,6,0.455990
13,7,0.482608
13,8,0.506569
13,9,0.507860
13,10,0.458025
13,11,0.454770
13,12,0.454268
13,13,0.453682
13,14,0.446732
13,15,0.452091
14,1,0.514996
14,2,0.448123
14,3,0.451012
14,4,0.458915
14,5,0.447177
14,6,0.447281
14,7,0.456738
14,8,0.472902
14,9,0.457736
14,10,0.452832
14,11,0.452391
14,12,0.450342
14,13,0.454239
14,14,0.452903
14,15,0.476528
15,1,0.501660
15,2,0.458063
15,3,0.450117
15,4,0.461179
15,5,0.489814
15,6,0.497192
15,7,0.456511
15,8,0.451412
15,9,0.452843
15,10,0.450024
15,11,0.456296
15,12,0.492380
15,13,0.500771
15,14,0.464139
15,15,0.469994
16,1,0.506684
16,2,0.515284
16,3,0.521641
16,4,0.447908
16,5,0.449638
16,6,0.460047
16,7,0.491644
16,8,0.497041
16,9,0.456758
16,10,0.449766
16,11,0.446563
16,12,0.455542
16,13,0.456869
16,14,0.447281
16,15,0.457177
17,1,0.468545
17,2,0.471481
17,3,0.503947
17,4,0.529547
17,5,0.522856
17,6,0.521868
17,7,0.456754
17,8,0.450295
17,9,0.449878
17,10,0.492998
17,11,0.454682
17,12,0.487186
17,13,0.499067
17,14,0.501034
17,15,0.496164
18,1,0.522007
18,2,0.521641
18,3,0.450409
18,4,0.450149
18,5,0.451666
18,6,0.452276
18,7,0.454782
18,8,0.456047
18,9,0.449286
18,10,0.455084
18,11,0.456871
18,12,0.468607
18,13,0.460116
18,14,0.451689
18,15,0.451713
19,1,0.453758
19,2,0.452729
19,3,0.452472
19,4,0.451841
19,5,0.447921
19,6,0.448011
19,7,0.457750
19,8,0.467744
19,9,0.452034
19,10,0.500909
19,11,0.493296
19,12,0.520409
19,13,0.531929
19,14,0.461421
19,15,0.446390
20,1,0.455872
20,2,0.492343
20,3,0.464058
20,4,0.468766
20,5,0.497300
20,6,0.521646
20,7,0.517413
20,8,0.516962
20,9,0.527346
20,10,0.525906
20,11,0.526875
20,12,0.524108
20,13,0.521028
20,14,0.531521
20,15,0.521641
21,1,0.458401
21,2,0.487186
21,3,0.458881
21,4,0.445807
21,5,0.461103
21,6,0.464221
21,7,0.445608
21,8,0.455933
21,9,0.460484
21,10,0.455150
21,11,0.498992
21,12,0.454881
21,13,0.485963
21,14,0.457969
21,15,0.487693
22,1,0.461592
22,2,0.454128
22,3,0.451726
22,4,0.452361
22,5,0.451226
22,6,0.498149
22,7,0.522010
22,8,0.527064
22,9,0.525223
22,10,0.457637
22,11,0.445463
22,12,0.450668
22,13,0.448153
22,14,0.483263
22,15,0.479252
23,1,0.457637
23,2,0.487026
23,3,0.476619
23,4,0.456754
23,5,0.449400
23,6,0.449878
23,7,0.501588
23,8,0.501792
23,9,0.521275
23,10,0.521641
23,11,0.457223
23,12,0.445674
23,13,0.460047
23,14,0.446012
23,15,0.496320
24,1,0.503480
24,2,0.453999
24,3,0.450764
24,4,0.441536
24,5,0.470451
24,6,0.450329
24,7,0.457150
24,8,0.447603
24,9,0.445533
24,10,0.454510
24,11,0.464879
24,12,0.502722
24,13,0.457588
24,14,0.446498
24,15,0.448533
25,1,0.460265
25,2,0.450470
25,3,0.451918
25,4,0.448368
25,5,0.464422
25,6,0.470401
25,7,0.451114
25,8,0.458459
25,9,0.475992
25,10,0.494721
25,11,0.461127
25,12,0.453375
25,13,0.449410
25,14,0.456564
25,15,0.458886
26,1,0.454770
26,2,0.463560
26,3,0.468164
26,4,0.469416
26,5,0.450247
26,6,0.475992
26,7,0.518789
26,8,0.525277
26,9,0.521910
26,10,0.527020
26,11,0.522970
26,12,0.523565
26,13,0.516836
26,14,0.458077
26,15,0.466474
27,1,0.503970
27,2,0.461786
27,3,0.462625
27,4,0.443030
27,5,0.450192
27,6,0.493824
27,7,0.499628
27,8,0.529717
27,9,0.526369
27,10,0.456435
27,11,0.449927
27,12,0.458090
27,13,0.464511
27,14,0.478322
27,15,0.501034
28,1,0.530209
28,2,0.460021
28,3,0.465094
28,4,0.468832
28,5,0.453959
28,6,0.455007
28,7,0.457432
28,8,0.462663
28,9,0.485939
28,10,0.492225
28,11,0.526980
28,12,0.460255
28,13,0.454489
28,14,0.457158
28,15,0.508229
29,1,0.497277
29,2,0.532746
29,3,0.531613
29,4,0.527304
29,5,0.525906
29,6,0.521476
29,7,0.526467
29,8,0.463101
29,9,0.445496
29,10,0.447505
29,11,0.500062
29,12,0.491673
29,13,0.515125
29,14,0.530281
29,15,0.461283
30,1,0.462783
30,2,0.485435
30,3,0.497984
30,4,0.527064
30,5,0.524599
30,6,0.454934
30,7,0.450117
30,8,0.454268
30,9,0.490927
30,10,0.525522
30,11,0.528230
30,12,0.460764
30,13,0.449518
30,14,0.448989
30,15,0.457189
31,1,0.457929
31,2,0.448138
31,3,0.467146
31,4,0.451219
31,5,0.452401
31,6,0.503863
31,7,0.521641
31,8,0.456708
31,9,0.454054
31,10,0.454859
31,11,0.446012
31,12,0.459642
31,13,0.446581
31,14,0.444638
31,15,0.455590
32,1,0.464778
32,2,0.458609
32,3,0.482235
32,4,0.466599
32,5,0.449677
32,6,0.457395
32,7,0.450511
32,8,0.495166
32,9,0.458790
32,10,0.455545
32,11,0.463146
32,12,0.492919
32,13,0.494889
32,14,0.491409
32,15,0.530868
33,1,0.543422
33,2,0.526952
33,3,0.455567
33,4,0.452889
33,5,0.450870
33,6,0.503726
33,7,0.454854
33,8,0.456231
33,9,0.444002
33,10,0.453059
33,11,0.499009
33,12,0.458645
33,13,0.464439
33,14,0.497828
33,15,0.489966
34,1,0.457695
34,2,0.453169
34,3,0.460233
34,4,0.457511
34,5,0.463881
34,6,0.489797
34,7,0.498346
34,8,0.526740
34,9,0.456361
34,10,0.444220
34,11,0.460583
34,12,0.443492
34,13,0.456245
34,14,0.472607
34,15,0.499916
35,1,0.456754
35,2,0.453587
35,3,0.453075
35,4,0.466364
35,5,0.468205
35,6,0.494866
35,7,0.520771
35,8,0.455952
35,9,0.485828
35,10,0.455062
35,11,0.447971
35,12,0.452862
35,13,0.457295
35,14,0.483639
35,15,0.483363
36,1,0.479526
36,2,0.460826
36,3,0.490728
36,4,0.501076
36,5,0.495699
36,6,0.517854
36,7,0.455952
36,8,0.454428
36,9,0.455559
36,10,0.450511
36,11,0.458837
36,12,0.450548
36,13,0.458798
36,14,0.449634
36,15,0.452795
37,1,0.495085
37,2,0.491251
37,3,0.501545
37,4,0.523108
37,5,0.526491
37,6,0.531159
37,7,0.521774
37,8,0.456754
37,9,0.454054
37,10,0.455165
37,11,0.456254
37,12,0.453922
37,13,0.451512
37,14,0.452840
37,15,0.445623
38,1,0.451615
38,2,0.521831
38,3,0.526980
38,4,0.521049
38,5,0.522601
38,6,0.521823
38,7,0.527064
38,8,0.525223
38,9,0.523149
38,10,0.520500
38,11,0.459848
38,12,0.449449
38,13,0.447985
38,14,0.461316
38,15,0.450470
39,1,0.453723
39,2,0.450498
39,3,0.456155
39,4,0.454139
39,5,0.469027
39,6,0.453361
39,7,0.469549
39,8,0.450713
39,9,0.495855
39,10,0.490888
39,11,0.500898
39,12,0.459002
39,13,0.455677
39,14,0.447794
39,15,0.490944
40,1,0.531339
40,2,0.455576
40,3,0.485800
40,4,0.455062
40,5,0.480788
40,6,0.499110
40,7,0.498524
40,8,0.463766
40,9,0.460812
40,10,0.513293
40,11,0.522180
40,12,0.527346
40,13,0.464185
40,14,0.446297
40,15,0.470459
41,1,0.499468
41,2,0.521823
41,3,0.530161
41,4,0.463413
41,5,0.444968
41,6,0.448504
41,7,0.453951
41,8,0.447792
41,9,0.452286
41,10,0.465362
41,11,0.465261
41,12,0.450329
41,13,0.457628
41,14,0.459932
41,15,0.451692
42,1,0.454146
42,2,0.447982
42,3,0.451278
42,4,0.505395
42,5,0.502471
42,6,0.447867
42,7,0.481373
42,8,0.457234
42,9,0.448669
42,10,0.455872
42,11,0.455688
42,12,0.463726
42,13,0.454431
42,14,0.506135
42,15,0.521823
43,1,0.526980
43,2,0.525572
43,3,0.459750
43,4,0.446894
43,5,0.458043
43,6,0.454374
43,7,0.465562
43,8,0.449361
43,9,0.463063
43,10,0.466479
43,11,0.457595
43,12,0.451636
43,13,0.453242
43,14,0.450329
43,15,0.461341
44,1,0.467625
44,2,0.498347
44,3,0.494208
44,4,0.459019
44,5,0.482608
44,6,0.462327
44,7,0.471655
44,8,0.497818
44,9,0.493615
44,10,0.446604
44,11,0.482313
44,12,0.457969
44,13,0.445889
44,14,0.447701
44,15,0.494662
45,1,0.496060
45,2,0.526024
45,3,0.528120
45,4,0.521853
45,5,0.456508
45,6,0.445735
45,7,0.440722
45,8,0.465414
45,9,0.450713
45,10,0.500778
45,11,0.525185
45,12,0.521028
45,13,0.530281
45,14,0.523048
45,15,0.518909
46,1,0.455650
46,2,0.488742
46,3,0.530562
46,4,0.456600
46,5,0.447048
46,6,0.451666
46,7,0.485950
46,8,0.457336
46,9,0.483405
46,10,0.456052
46,11,0.452054
46,12,0.447079
46,13,0.450673
46,14,0.485979
46,15,0.490480
47,1,0.501370
47,2,0.501992
47,3,0.496907
47,4,0.521696
47,5,0.527304
47,6,0.525223
47,7,0.447038
47,8,0.450640
47,9,0.455780
47,10,0.490523
47,11,0.489218
47,12,0.526767
47,13,0.458789
47,14,0.466984
47,15,0.504091
48,1,0.455630
48,2,0.449560
48,3,0.450685
48,4,0.451545
48,5,0.455963
48,6,0.474613
48,7,0.493293
48,8,0.517872
48,9,0.515932
48,10,0.467265
48,11,0.456156
48,12,0.451701
48,13,0.491107
48,14,0.460943
48,15,0.481181
49,1,0.453439
49,2,0.445746
49,3,0.447701
49,4,0.500927
49,5,0.501898
49,6,0.490791
49,7,0.523191
49,8,0.524087
49,9,0.526546
49,10,0.530342
49,11,0.530112
49,12,0.462150
49,13,0.468483
49,14,0.495502
49,15,0.457277
50,1,0.449349
50,2,0.450360
50,3,0.448106
50,4,0.463627
50,5,0.495608
50,6,0.458403
50,7,0.471801
50,8,0.455062
50,9,0.450470
50,10,0.441536
50,11,0.465433
50,12,0.464263
50,13,0.465981
50,14,0.461826
50,15,0.450152
51,1,0.457126
51,2,0.461113
51,3,0.457080
51,4,0.453910
51,5,0.491300
51,6,0.457503
51,7,0.469763
51,8,0.452524
51,9,0.445088
51,10,0.446400
51,11,0.477343
51,12,0.497166
51,13,0.495944
51,14,0.456077
51,15,0.487026
52,1,0.497368
52,2,0.503840
52,3,0.455244
52,4,0.454252
52,5,0.451456
52,6,0.449329
52,7,0.461395
52,8,0.500682
52,9,0.499672
52,10,0.501460
52,11,0.520782
52,12,0.521914
52,13,0.522467
52,14,0.522660
52,15,0.520426
53,1,0.458082
53,2,0.450967
53,3,0.451910
53,4,0.455176
53,5,0.465594
53,6,0.449854
53,7,0.495404
53,8,0.501383
53,9,0.522959
53,10,0.518435
53,11,0.521369
53,12,0.521476
53,13,0.526978
53,14,0.525906
53,15,0.522959
54,1,0.518699
54,2,0.521169
54,3,0.455917
54,4,0.482538
54,5,0.464478
54,6,0.446604
54,7,0.452615
54,8,0.493974
54,9,0.457588
54,10,0.451721
54,11,0.449555
54,12,0.495465
54,13,0.531704
54,14,0.529837
54,15,0.518716
55,1,0.456375
55,2,0.467109
55,3,0.476325
55,4,0.455411
55,5,0.486610
55,6,0.454327
55,7,0.446298
55,8,0.443246
55,9,0.461531
55,10,0.503518
55,11,0.526649
55,12,0.460880
55,13,0.458910
55,14,0.456741
55,15,0.443569
56,1,0.450474
56,2,0.450640
56,3,0.458915
56,4,0.466545
56,5,0.506119
56,6,0.521476
56,7,0.527304
56,8,0.460512
56,9,0.452924
56,10,0.454929
56,11,0.459670
56,12,0.455449
56,13,0.444965
56,14,0.450339
56,15,0.457051
57,1,0.454790
57,2,0.449878
57,3,0.457631
57,4,0.487829
57,5,0.493915
57,6,0.458239
57,7,0.445223
57,8,0.461476
57,9,0.450535
57,10,0.456888
57,11,0.451734
57,12,0.455872
57,13,0.458078
57,14,0.449516
57,15,0.454899
58,1,0.457150
58,2,0.483230
58,3,0.479516
58,4,0.457588
58,5,0.444264
58,6,0.449726
58,7,0.495279
58,8,0.519531
58,9,0.521641
58,10,0.456754
58,11,0.450295
58,12,0.454331
58,13,0.499883
58,14,0.460168
58,15,0.455580
59,1,0.453580
59,2,0.457448
59,3,0.446163
59,4,0.451193
59,5,0.454632
59,6,0.466381
59,7,0.469328
59,8,0.450397
59,9,0.501672
59,10,0.529879
59,11,0.525960
59,12,0.527064
59,13,0.526369
59,14,0.458466
59,15,0.445463
60,1,0.452019
60,2,0.465721
60,3,0.505712
60,4,0.491847
60,5,0.456701
60,6,0.450423
60,7,0.458915
60,8,0.447111
60,9,0.490280
60,10,0.498163
60,11,0.521823
60,12,0.526980
60,13,0.456361
60,14,0.444331
60,15,0.449996
61,1,0.458328
61,2,0.450574
61,3,0.457505
61,4,0.467016
61,5,0.465981
61,6,0.466114
61,7,0.450922
61,8,0.455336
61,9,0.481386
61,10,0.500565
61,11,0.457199
61,12,0.445790
61,13,0.448767
61,14,0.484269
61,15,0.504867
62,1,0.490816
62,2,0.524434
62,3,0.461360
62,4,0.463100
62,5,0.500151
62,6,0.494514
62,7,0.522838
62,8,0.526769
62,9,0.456513
62,10,0.449914
62,11,0.467770
62,12,0.451729
62,13,0.446511
62,14,0.500694
62,15,0.491086
63,1,0.495716
63,2,0.521414
63,3,0.456696
63,4,0.482109
63,5,0.485101
63,6,0.496652
63,7,0.497450
63,8,0.520429
63,9,0.527332
63,10,0.462922
63,11,0.483154
63,12,0.460160
63,13,0.444766
63,14,0.469602
63,15,0.446811
64,1,0.450647
64,2,0.497470
64,3,0.514175
64,4,0.517650
64,5,0.456662
64,6,0.465566
64,7,0.458180
64,8,0.450314
64,9,0.462172
64,10,0.490523
64,11,0.518289
64,12,0.515955
64,13,0.454961
64,14,0.444083
64,15,0.455670
65,1,0.450511
65,2,0.495554
65,3,0.492557
65,4,0.466471
65,5,0.448283
65,6,0.451983
65,7,0.458404
65,8,0.446369
65,9,0.447369
65,10,0.459694
65,11,0.483268
65,12,0.489625
65,13,0.525700
65,14,0.459005
65,15,0.449065
66,1,0.451393
66,2,0.482931
66,3,0.530953
66,4,0.520584
66,5,0.524972
66,6,0.460512
66,7,0.470890
66,8,0.450348
66,9,0.451919
66,10,0.457536
66,11,0.446427
66,12,0.449009
66,13,0.500157
66,14,0.527304
66,15,0.525960
67,1,0.529947
67,2,0.461841
67,3,0.463322
67,4,0.500849
67,5,0.492755
67,6,0.522414
67,7,0.521458
67,8,0.521537
67,9,0.458031
67,10,0.446390
67,11,0.455872
67,12,0.499607
67,13,0.499186
67,14,0.493510
67,15,0.521696
68,1,0.521823
68,2,0.531155
68,3,0.527022
68,4,0.464185
68,5,0.450156
68,6,0.450115
68,7,0.461279
68,8,0.454459
68,9,0.470042
68,10,0.451321
68,11,0.496177
68,12,0.514268
68,13,0.449158
68,14,0.445674
68,15,0.451109
69,1,0.458641
69,2,0.450612
69,3,0.455052
69,4,0.468880
69,5,0.450584
69,6,0.444065
69,7,0.447123
69,8,0.454733
69,9,0.485174
69,10,0.475816
69,11,0.454881
69,12,0.445674
69,13,0.453590
69,14,0.457044
69,15,0.490523
70,1,0.457860
70,2,0.487035
70,3,0.457746
70,4,0.468696
70,5,0.472757
70,6,0.519968
70,7,0.525700
70,8,0.523916
70,9,0.523437
70,10,0.524497
70,11,0.527099
70,12,0.519294
70,13,0.530978
70,14,0.456595
70,15,0.482404
71,1,0.460505
71,2,0.454875
71,3,0.452862
71,4,0.457761
71,5,0.454310
71,6,0.478066
71,7,0.521409
71,8,0.527479
71,9,0.520594
71,10,0.456055
71,11,0.486557
71,12,0.508078
71,13,0.518685
71,14,0.523437
71,15,0.455331
72,1,0.447704
72,2,0.467188
72,3,0.468164
72,4,0.449418
72,5,0.502724
72,6,0.492535
72,7,0.524734
72,8,0.525740
72,9,0.521476
72,10,0.522174
72,11,0.521719
72,12,0.456708
72,13,0.450295
72,14,0.449940
72,15,0.502644
73,1,0.462639
73,2,0.463322
73,3,0.499565
73,4,0.448463
73,5,0.449766
73,6,0.448899
73,7,0.493570
73,8,0.457072
73,9,0.464305
73,10,0.458858
73,11,0.446681
73,12,0.447512
73,13,0.457883
73,14,0.450470
73,15,0.451918
74,1,0.461642
74,2,0.464194
74,3,0.452071
74,4,0.462572
74,5,0.457826
74,6,0.451650
74,7,0.451319
74,8,0.457563
74,9,0.454790
74,10,0.449878
74,11,0.497194
74,12,0.521458
74,13,0.526857
74,14,0.460041
74,15,0.483612
75,1,0.500108
75,2,0.460364
75,3,0.463729
75,4,0.441680
75,5,0.454495
75,6,0.483897
75,7,0.501306
75,8,0.496643
75,9,0.517395
75,10,0.522220
75,11,0.457660
75,12,0.448371
75,13,0.451910
75,14,0.465721
75,15,0.458979
76,1,0.451350
76,2,0.453261
76,3,0.507706
76,4,0.499201
76,5,0.493510
76,6,0.522432
76,7,0.526093
76,8,0.522210
76,9,0.527215
76,10,0.460809
76,11,0.463406
76,12,0.457176
76,13,0.500313
76,14,0.527830
76,15,0.522970
77,1,0.518909
77,2,0.457196
77,3,0.460529
77,4,0.459291
77,5,0.449414
77,6,0.445436
77,7,0.457299
77,8,0.465171
77,9,0.474932
77,10,0.523496
77,11,0.457120
77,12,0.489250
77,13,0.458979
77,14,0.450773
77,15,0.457099
78,1,0.506892
78,2,0.521774
78,3,0.521458
78,4,0.529837
78,5,0.525572
78,6,0.527162
78,7,0.521669
78,8,0.527356
78,9,0.520764
78,10,0.526816
78,11,0.456262
78,12,0.456580
78,13,0.443894
78,14,0.451725
78,15,0.493757
79,1,0.499688
79,2,0.526689
79,3,0.534030
79,4,0.533891
79,5,0.524757
79,6,0.455879
79,7,0.445545
79,8,0.441572
79,9,0.463615
79,10,0.449284
79,11,0.499616
79,12,0.461786
79,13,0.456231
79,14,0.447509
79,15,0.454389
80,1,0.488694
80,2,0.458122
80,3,0.483722
80,4,0.476779
80,5,0.504229
80,6,0.461035
80,7,0.488157
80,8,0.496707
80,9,0.503961
80,10,0.500684
80,11,0.517605
80,12,0.522061
80,13,0.451275
80,14,0.451679
80,15,0.441536
81,1,0.451397
81,2,0.452952
81,3,0.457091
81,4,0.449776
81,5,0.450774
81,6,0.467300
81,7,0.496969
81,8,0.503382
81,9,0.526550
81,10,0.525223
81,11,0.529597
81,12,0.521512
81,13,0.521645
81,14,0.526707
81,15,0.522790
82,1,0.523888
82,2,0.524428
82,3,0.522302
82,4,0.521774
82,5,0.455576
82,6,0.454054
82,7,0.453434
82,8,0.498247
82,9,0.459145
82,10,0.454940
82,11,0.450814
82,12,0.497311
82,13,0.530281
82,14,0.522970
82,15,0.522608
83,1,0.522604
83,2,0.454656
83,3,0.445616
83,4,0.456236
83,5,0.494059
83,6,0.454519
83,7,0.445940
83,8,0.451910
83,9,0.453397
83,10,0.446143
83,11,0.457865
83,12,0.459694
83,13,0.453292
83,14,0.452776
83,15,0.495811
84,1,0.495714
84,2,0.498528
84,3,0.495881
84,4,0.455070
84,5,0.450875
84,6,0.450767
84,7,0.452709
84,8,0.462277
84,9,0.448197
84,10,0.502277
84,11,0.461786
84,12,0.462856
84,13,0.477941
84,14,0.527097
84,15,0.522120
85,1,0.536065
85,2,0.455650
85,3,0.456885
85,4,0.448779
85,5,0.459826
85,6,0.483377
85,7,0.465184
85,8,0.482685
85,9,0.500855
85,10,0.493086
85,11,0.458632
85,12,0.466063
85,13,0.497456
85,14,0.498163
85,15,0.455952
86,1,0.481046
86,2,0.503662
86,3,0.488835
86,4,0.523797
86,5,0.459019
86,6,0.445463
86,7,0.454268
86,8,0.501965
86,9,0.525926
86,10,0.521645
86,11,0.458779
86,12,0.471121
86,13,0.490732
86,14,0.452235
86,15,0.444809
87,1,0.451526
87,2,0.457117
87,3,0.460176
87,4,0.463017
87,5,0.502484
87,6,0.464688
87,7,0.444686
87,8,0.464871
87,9,0.448141
87,10,0.495279
87,11,0.518832
87,12,0.521011
87,13,0.454492
87,14,0.444124
87,15,0.467558
88,1,0.451313
88,2,0.456045
88,3,0.447877
88,4,0.458653
88,5,0.449944
88,6,0.494257
88,7,0.493372
88,8,0.526612
88,9,0.458223
88,10,0.446847
88,11,0.446663
88,12,0.484492
88,13,0.497166
88,14,0.455848
88,15,0.450109
89,1,0.456374
89,2,0.493635
89,3,0.521853
89,4,0.529837
89,5,0.463413
89,6,0.489178
89,7,0.476828
89,8,0.529954
89,9,0.522120
89,10,0.460014
89,11,0.452820
89,12,0.447156
89,13,0.455076
89,14,0.447607
89,15,0.451382
90,1,0.447119
90,2,0.452886
90,3,0.497137
90,4,0.522332
90,5,0.457783
90,6,0.440355
90,7,0.501313
90,8,0.496304
90,9,0.524465
90,10,0.532411
90,11,0.525442
90,12,0.528954
90,13,0.529201
90,14,0.452944
90,15,0.449109
91,1,0.456037
91,2,0.492474
91,3,0.495616
91,4,0.455397
91,5,0.449778
91,6,0.456808
91,7,0.461777
91,8,0.463060
91,9,0.530256
91,10,0.520405
91,11,0.521458
91,12,0.521635
91,13,0.529837
91,14,0.521049
91,15,0.527232
92,1,0.460168
92,2,0.489178
92,3,0.506253
92,4,0.498346
92,5,0.529597
92,6,0.463413
92,7,0.455229
92,8,0.464128
92,9,0.455012
92,10,0.460427
92,11,0.475416
92,12,0.524087
92,13,0.513855
92,14,0.518200
92,15,0.445702
93,1,0.449524
93,2,0.449050
93,3,0.518160
93,4,0.517577
93,5,0.526612
93,6,0.525604
93,7,0.527107
93,8,0.522741
93,9,0.460696
93,10,0.444435
93,11,0.464554
93,12,0.463075
93,13,0.449103
93,14,0.495121
93,15,0.453680
94,1,0.465759
94,2,0.445221
94,3,0.450680
94,4,0.499682
94,5,0.521906
94,6,0.456754
94,7,0.485828
94,8,0.497368
94,9,0.527097
94,10,0.523435
94,11,0.521476
94,12,0.526278
94,13,0.521634
94,14,0.525959
94,15,0.524768
95,1,0.521357
95,2,0.522539
95,3,0.456659
95,4,0.463481
95,5,0.462131
95,6,0.453897
95,7,0.459319
95,8,0.446681
95,9,0.446081
95,10,0.457479
95,11,0.460427
95,12,0.463142
95,13,0.501457
95,14,0.498033
95,15,0.531746
96,1,0.522007
96,2,0.527022
96,3,0.457132
96,4,0.483963
96,5,0.506253
96,6,0.520767
96,7,0.455952
96,8,0.449479
96,9,0.440388
96,10,0.451313
96,11,0.505129
96,12,0.450588
96,13,0.483185
96,14,0.503136
96,15,0.500893
97,1,0.455990
97,2,0.449658
97,3,0.461529
97,4,0.492507
97,5,0.450426
97,6,0.482205
97,7,0.501846
97,8,0.490865
97,9,0.496425
97,10,0.529905
97,11,0.526001
97,12,0.457889
97,13,0.451142
97,14,0.458915
97,15,0.467259
98,1,0.454382
98,2,0.447232
98,3,0.452488
98,4,0.457070
98,5,0.487091
98,6,0.507066
98,7,0.456432
98,8,0.454182
98,9,0.451332
98,10,0.462687
98,11,0.457595
98,12,0.451325
98,13,0.458670
98,14,0.450556
98,15,0.456917
99,1,0.449796
99,2,0.452172
99,3,0.504811
99,4,0.518097
99,5,0.465090
99,6,0.454373
99,7,0.445625
99,8,0.490921
99,9,0.527873
99,10,0.516916
99,11,0.529779
99,12,0.520739
99,13,0.456819
99,14,0.450060
99,15,0.449031
100,1,0.502801
100,2,0.460630
100,3,0.454370
100,4,0.452843
100,5,0.483621
100,6,0.489540
100,7,0.498614
100,8,0.456225
100,9,0.454540
100,10,0.458996
100,11,0.507847
100,12,0.527022
100,13,0.521732
100,14,0.521357
100,15,0.455952
101,1,0.444400
101,2,0.444836
101,3,0.452620
101,4,0.508113
101,5,0.522194
101,6,0.521853
101,7,0.526533
101,8,0.529596
101,9,0.518909
101,10,0.452197
101,11,0.481878
101,12,0.476733
101,13,0.526980
101,14,0.460512
101,15,0.450467
102,1,0.468433
102,2,0.467325
102,3,0.444577
102,4,0.453285
102,5,0.451828
102,6,0.451439
102,7,0.485055
102,8,0.499628
102,9,0.456435
102,10,0.450777
102,11,0.454412
102,12,0.500974
102,13,0.458163
102,14,0.481864
102,15,0.504977
103,1,0.503947
103,2,0.518716
103,3,0.534654
103,4,0.518670
103,5,0.452334
103,6,0.452049
103,7,0.457168
103,8,0.455411
103,9,0.447687
103,10,0.448647
103,11,0.458844
103,12,0.451557
103,13,0.449057
103,14,0.459694
103,15,0.447607
104,1,0.462118
104,2,0.493178
104,3,0.531999
104,4,0.531339
104,5,0.521641
104,6,0.456754
104,7,0.449766
104,8,0.447985
104,9,0.490634
104,10,0.520816
104,11,0.523019
104,12,0.532523
104,13,0.452934
104,14,0.445141
104,15,0.452637
105,1,0.508470
105,2,0.517644
105,3,0.520483
105,4,0.526857
105,5,0.525223
105,6,0.456819
105,7,0.483275
105,8,0.469045
105,9,0.444531
105,10,0.453726
105,11,0.491354
105,12,0.506377
105,13,0.493510
105,14,0.520038
105,15,0.450888
106,1,0.481046
106,2,0.457969
106,3,0.446681
106,4,0.452900
106,5,0.456470
106,6,0.446922
106,7,0.457036
106,8,0.455629
106,9,0.450857
106,10,0.456701
106,11,0.471980
106,12,0.457526
106,13,0.449130
106,14,0.460040
106,15,0.457332
107,1,0.487373
107,2,0.520461
107,3,0.514482
107,4,0.531704
107,5,0.521641
107,6,0.521458
107,7,0.521641
107,8,0.457552
107,9,0.449349
107,10,0.443404
107,11,0.453474
107,12,0.447479
107,13,0.458146
107,14,0.476318
107,15,0.499928
108,1,0.533530
108,2,0.528573
108,3,0.536657
108,4,0.456086
108,5,0.444796
108,6,0.449557
108,7,0.506562
108,8,0.458879
108,9,0.487186
108,10,0.491939
108,11,0.527304
108,12,0.461283
108,13,0.453953
108,14,0.448783
108,15,0.496064
109,1,0.496773
109,2,0.497450
109,3,0.456497
109,4,0.470360
109,5,0.450111
109,6,0.450088
109,7,0.458029
109,8,0.500532
109,9,0.494208
109,10,0.455606
109,11,0.450764
109,12,0.453202
109,13,0.467848
109,14,0.487239
109,15,0.467923
110,1,0.446681
110,2,0.445436
110,3,0.455718
110,4,0.489798
110,5,0.492588
110,6,0.497929
110,7,0.456653
110,8,0.449349
110,9,0.452479
110,10,0.452599
110,11,0.490272
110,12,0.458077
110,13,0.482404
110,14,0.505333
110,15,0.506761
111,1,0.460263
111,2,0.460798
111,3,0.525177
111,4,0.520405
111,5,0.521635
111,6,0.456708
111,7,0.448906
111,8,0.444357
111,9,0.450843
111,10,0.455361
111,11,0.465886
111,12,0.451891
111,13,0.495795
111,14,0.457976
111,15,0.463438
112,1,0.495502
112,2,0.456701
112,3,0.450775
112,4,0.454859
112,5,0.508374
112,6,0.501600
112,7,0.526786
112,8,0.522370
112,9,0.522616
112,10,0.455783
112,11,0.444255
112,12,0.453590
112,13,0.464626
112,14,0.450738
112,15,0.457002
113,1,0.466589
113,2,0.450994
113,3,0.456183
113,4,0.500881
113,5,0.493916
113,6,0.529643
113,7,0.522070
113,8,0.523049
113,9,0.457070
113,10,0.444424
113,11,0.446973
113,12,0.506182
113,13,0.454881
113,14,0.444400
113,15,0.444836
114,1,0.447994
114,2,0.466536
114,3,0.485026
114,4,0.461677
114,5,0.462856
114,6,0.494393
114,7,0.499586
114,8,0.455952
114,9,0.485828
114,10,0.458858
114,11,0.453392
114,12,0.452900
114,13,0.459156
114,14,0.488240
114,15,0.494164
115,1,0.490816
115,2,0.515675
115,3,0.519851
115,4,0.521825
115,5,0.465390
115,6,0.445909
115,7,0.464566
115,8,0.446445
115,9,0.452702
115,10,0.490684
115,11,0.522539
115,12,0.455888
115,13,0.453645
115,14,0.443528
115,15,0.451117
116,1,0.460966
116,2,0.487693
116,3,0.502232
116,4,0.497340
116,5,0.458600
116,6,0.449938
116,7,0.448514
116,8,0.525262
116,9,0.459390
116,10,0.458085
116,11,0.461607
116,12,0.449578
116,13,0.451902
116,14,0.500778
116,15,0.497611
117,1,0.510533
117,2,0.520502
117,3,0.523090
117,4,0.523227
117,5,0.526546
117,6,0.458108
117,7,0.449658
117,8,0.449878
117,9,0.493933
117,10,0.517700
117,11,0.532298
117,12,0.521641
117,13,0.456754
117,14,0.454428
117,15,0.448681
118,1,0.496864
118,2,0.456509
118,3,0.486800
118,4,0.501888
118,5,0.490816
118,6,0.519025
118,7,0.456389
118,8,0.487091
118,9,0.494164
118,10,0.495821
118,11,0.523127
118,12,0.455245
118,13,0.462609
118,14,0.459986
118,15,0.459953
119,1,0.469644
119,2,0.469281
119,3,0.450713
119,4,0.501030
119,5,0.460680
119,6,0.462771
119,7,0.451095
119,8,0.460003
119,9,0.494211
119,10,0.455567
119,11,0.487026
119,12,0.465388
119,13,0.484761
119,14,0.455084
119,15,0.454505
120,1,0.481153
120,2,0.497368
120,3,0.455630
120,4,0.449349
120,5,0.452977
120,6,0.496923
120,7,0.491705
120,8,0.456435
120,9,0.445221
120,10,0.450057
120,11,0.458057
120,12,0.446791
120,13,0.447985
120,14,0.495694
120,15,0.489793
121,1,0.498191
121,2,0.457601
121,3,0.450252
121,4,0.474915
121,5,0.457678
121,6,0.448253
121,7,0.450961
121,8,0.507944
121,9,0.458401
121,10,0.485963
121,11,0.499723
121,12,0.461141
121,13,0.483531
121,14,0.499617
121,15,0.491852
122,1,0.498262
122,2,0.518553
122,3,0.529643
122,4,0.521053
122,5,0.455321
122,6,0.449361
122,7,0.460047
122,8,0.465215
122,9,0.458689
122,10,0.452709
122,11,0.452566
122,12,0.453144
122,13,0.490746
122,14,0.527304
122,15,0.525906
123,1,0.531746
123,2,0.521823
123,3,0.521458
123,4,0.529245
123,5,0.456361
123,6,0.452951
123,7,0.463896
123,8,0.463517
123,9,0.446115
123,10,0.449129
123,11,0.466727
123,12,0.524027
123,13,0.462423
123,14,0.462976
123,15,0.506151
124,1,0.507258
124,2,0.456754
124,3,0.485963
124,4,0.465388
124,5,0.482270
124,6,0.455830
124,7,0.488853
124,8,0.501639
124,9,0.458096
124,10,0.447610
124,11,0.463313
124,12,0.451659
124,13,0.451412
124,14,0.496344
124,15,0.520241
125,1,0.522633
125,2,0.521458
125,3,0.526740
125,4,0.524986
125,5,0.458154
125,6,0.449698
125,7,0.454059
125,8,0.468881
125,9,0.497990
125,10,0.458077
125,11,0.444817
125,12,0.441536
125,13,0.449350
125,14,0.496257
125,15,0.503949
126,1,0.456884
126,2,0.446297
126,3,0.450368
126,4,0.499527
126,5,0.459837
126,6,0.453283
126,7,0.445765
126,8,0.457856
126,9,0.454684
126,10,0.446424
126,11,0.498040
126,12,0.455784
126,13,0.455442
126,14,0.445452
126,15,0.455397
127,1,0.492813
127,2,0.461736
127,3,0.477155
127,4,0.503752
127,5,0.499728
127,6,0.458201
127,7,0.445476
127,8,0.444182
127,9,0.452387
127,10,0.453262
127,11,0.467409
127,12,0.456324
127,13,0.466658
127,14,0.491502
127,15,0.517510
128,1,0.455533
128,2,0.481998
128,3,0.489645
128,4,0.495714
128,5,0.516827
128,6,0.516962
128,7,0.527022
128,8,0.522741
128,9,0.522147
128,10,0.518911
128,11,0.528007
128,12,0.526980
128,13,0.459776
128,14,0.445422
128,15,0.448876
129,1,0.504183
129,2,0.518622
129,3,0.522608
129,4,0.522363
129,5,0.454132
129,6,0.450347
129,7,0.446973
129,8,0.499529
129,9,0.489914
129,10,0.493357
129,11,0.456662
129,12,0.445353
129,13,0.450140
129,14,0.502657
129,15,0.502286
130,1,0.523149
130,2,0.518973
130,3,0.526922
130,4,0.519188
130,5,0.519478
130,6,0.527731
130,7,0.522808
130,8,0.521420
130,9,0.455952
130,10,0.482404
130,11,0.508302
130,12,0.521578
130,13,0.522318
130,14,0.526781
130,15,0.524175
131,1,0.541305
131,2,0.531155
131,3,0.531010
131,4,0.460255
131,5,0.462783
131,6,0.452837
131,7,0.446399
131,8,0.461179
131,9,0.508126
131,10,0.452636
131,11,0.454969
131,12,0.445078
131,13,0.458986
131,14,0.502106
131,15,0.457199
132,1,0.447008
132,2,0.452065
132,3,0.452212
132,4,0.480358
132,5,0.499694
132,6,0.456662
132,7,0.452149
132,8,0.453723
132,9,0.471400
132,10,0.470652
132,11,0.445734
132,12,0.450917
132,13,0.500401
132,14,0.498268
132,15,0.527004
133,1,0.519132
133,2,0.527346
133,3,0.526545
133,4,0.459019
133,5,0.451142
133,6,0.458915
133,7,0.448241
133,8,0.450768
133,9,0.524390
133,10,0.449433
133,11,0.482404
133,12,0.496688
133,13,0.454921
133,14,0.444943
133,15,0.453287
134,1,0.470873
134,2,0.529879
134,3,0.518716
134,4,0.526298
134,5,0.531999
134,6,0.448023
134,7,0.449400
134,8,0.449878
134,9,0.504183
134,10,0.522370
134,11,0.518288
134,12,0.531052
134,13,0.461561
134,14,0.489178
134,15,0.461327
135,1,0.449503
135,2,0.441536
135,3,0.449781
135,4,0.461341
135,5,0.451325
135,6,0.450420
135,7,0.457586
135,8,0.483518
135,9,0.504970
135,10,0.528881
135,11,0.464463
135,12,0.474145
135,13,0.487395
135,14,0.461040
135,15,0.481446
136,1,0.456125
136,2,0.446036
136,3,0.467747
136,4,0.469931
136,5,0.453803
136,6,0.503680
136,7,0.460035
136,8,0.463456
136,9,0.496725
136,10,0.495138
136,11,0.524067
136,12,0.521641
136,13,0.526533
136,14,0.518716
136,15,0.462833
137,1,0.452988
137,2,0.468831
137,3,0.446398
137,4,0.455820
137,5,0.462879
137,6,0.456148
137,7,0.453083
137,8,0.501027
137,9,0.500076
137,10,0.525816
137,11,0.454706
137,12,0.464437
137,13,0.447509
137,14,0.495694
137,15,0.493012
138,1,0.457253
138,2,0.452309
138,3,0.453723
138,4,0.452303
138,5,0.499780
138,6,0.492535
138,7,0.473361
138,8,0.446121
138,9,0.450161
138,10,0.499257
138,11,0.522819
138,12,0.522147
138,13,0.529735
138,14,0.532465
138,15,0.527304
139,1,0.522741
139,2,0.462150
139,3,0.468483
139,4,0.490677
139,5,0.457134
139,6,0.450423
139,7,0.454268
139,8,0.502114
139,9,0.514308
139,10,0.526570
139,11,0.519997
139,12,0.455879
139,13,0.486797
139,14,0.457234
139,15,0.447979
140,1,0.454754
140,2,0.490643
140,3,0.517637
140,4,0.515085
140,5,0.526817
140,6,0.520727
140,7,0.529714
140,8,0.460512
140,9,0.468097
140,10,0.458979
140,11,0.449503
140,12,0.452776
140,13,0.506765
140,14,0.499220
140,15,0.521537
141,1,0.531339
141,2,0.526980
141,3,0.522318
141,4,0.522959
141,5,0.522195
141,6,0.522497
141,7,0.458879
141,8,0.449766
141,9,0.455462
141,10,0.466383
141,11,0.449710
141,12,0.501130
141,13,0.514919
141,14,0.460526
141,15,0.487942
142,1,0.507066
142,2,0.530102
142,3,0.531704
142,4,0.521641
142,5,0.527887
142,6,0.517824
142,7,0.521823
142,8,0.459724
142,9,0.446390
142,10,0.451715
142,11,0.446124
142,12,0.451727
142,13,0.483214
142,14,0.531688
142,15,0.529879
143,1,0.522318
143,2,0.526612
143,3,0.520739
143,4,0.455931
143,5,0.453026
143,6,0.452212
143,7,0.459694
143,8,0.447057
143,9,0.451910
143,10,0.467259
143,11,0.489770
143,12,0.515284
143,13,0.527828
143,14,0.521634
143,15,0.522474
144,1,0.453177
144,2,0.459237
144,3,0.452809
144,4,0.452370
144,5,0.455408
144,6,0.488332
144,7,0.460981
144,8,0.447313
144,9,0.450110
144,10,0.458252
144,11,0.482313
144,12,0.490732
144,13,0.450083
144,14,0.470807
144,15,0.475973
145,1,0.522094
145,2,0.519158
145,3,0.522601
145,4,0.521958
145,5,0.457451
145,6,0.449766
145,7,0.452479
145,8,0.452790
145,9,0.495292
145,10,0.507643
145,11,0.521537
145,12,0.458401
145,13,0.450295
145,14,0.450868
145,15,0.482260
146,1,0.460981
146,2,0.446976
146,3,0.444571
146,4,0.457619
146,5,0.472610
146,6,0.494889
146,7,0.522370
146,8,0.530790
146,9,0.522615
146,10,0.526550
146,11,0.459081
146,12,0.470450
146,13,0.471099
146,14,0.458343
146,15,0.444817
147,1,0.451526
147,2,0.451211
147,3,0.457558
147,4,0.466585
147,5,0.453439
147,6,0.454379
147,7,0.455578
147,8,0.450511
147,9,0.455780
147,10,0.446026
147,11,0.457591
147,12,0.466308
147,13,0.458018
147,14,0.453135
147,15,0.455025
148,1,0.508113
148,2,0.526707
148,3,0.518716
148,4,0.521466
148,5,0.531734
148,6,0.527304
148,7,0.522970
148,8,0.521466
148,9,0.458309
148,10,0.449868
148,11,0.455670
148,12,0.444652
148,13,0.458523
148,14,0.455519
148,15,0.451096
149,1,0.456870
149,2,0.460598
149,3,0.447427
149,4,0.446477
149,5,0.456491
149,6,0.501334
149,7,0.489196
149,8,0.522848
149,9,0.463069
149,10,0.462085
149,11,0.448674
149,12,0.501683
149,13,0.489781
149,14,0.518423
149,15,0.456235
150,1,0.449698
150,2,0.452511
150,3,0.483402
150,4,0.455202
150,5,0.487012
150,6,0.498171
150,7,0.520771
150,8,0.527304
150,9,0.522790
150,10,0.523317
150,11,0.529619
150,12,0.523925
150,13,0.526546
150,14,0.529619
150,15,0.521475
151,1,0.447986
151,2,0.450682
151,3,0.444042
151,4,0.449945
151,5,0.489960
151,6,0.458300
151,7,0.452589
151,8,0.453723
151,9,0.450193
151,10,0.457898
151,11,0.465325
151,12,0.506154
151,13,0.460526
151,14,0.449766
151,15,0.448899
152,1,0.458584
152,2,0.446546
152,3,0.454859
152,4,0.460949
152,5,0.450994
152,6,0.450508
152,7,0.499852
152,8,0.521641
152,9,0.455952
152,10,0.449349
152,11,0.444357
152,12,0.450917
152,13,0.492095
152,14,0.531704
152,15,0.526980
153,1,0.525572
153,2,0.465930
153,3,0.445659
153,4,0.451553
153,5,0.458634
153,6,0.447971
153,7,0.451729
153,8,0.450633
153,9,0.454488
153,10,0.452625
153,11,0.450348
153,12,0.455760
153,13,0.495474
153,14,0.458932
153,15,0.488001
154,1,0.497368
154,2,0.526773
154,3,0.518716
154,4,0.522449
154,5,0.521414
154,6,0.458405
154,7,0.485828
154,8,0.451094
154,9,0.454779
154,10,0.449349
154,11,0.440388
154,12,0.467966
154,13,0.444778
154,14,0.456590
154,15,0.444911
155,1,0.455280
155,2,0.446934
155,3,0.447851
155,4,0.494837
155,5,0.458348
155,6,0.449432
155,7,0.448622
155,8,0.458468
155,9,0.442977
155,10,0.448093
155,11,0.466498
155,12,0.483268
155,13,0.464289
155,14,0.487693
155,15,0.490148
156,1,0.530465
156,2,0.521458
156,3,0.531333
156,4,0.529837
156,5,0.518766
156,6,0.522285
156,7,0.456389
156,8,0.444910
156,9,0.453190
156,10,0.472383
156,11,0.489083
156,12,0.459019
156,13,0.446601
156,14,0.444275
156,15,0.451147
157,1,0.508113
157,2,0.458879
157,3,0.487186
157,4,0.496598
157,5,0.458077
157,6,0.445815
157,7,0.453723
157,8,0.449508
157,9,0.474641
157,10,0.505000
157,11,0.525808
157,12,0.529947
157,13,0.526247
157,14,0.526174
157,15,0.521810
158,1,0.516596
158,2,0.456754
158,3,0.450347
158,4,0.443404
158,5,0.450884
158,6,0.452598
158,7,0.457928
158,8,0.458951
158,9,0.452448
158,10,0.450585
158,11,0.460099
158,12,0.487321
158,13,0.501398
158,14,0.461135
158,15,0.453996
159,1,0.444002
159,2,0.455113
159,3,0.495374
159,4,0.525331
159,5,0.520902
159,6,0.530497
159,7,0.529837
159,8,0.518766
159,9,0.454678
159,10,0.463878
159,11,0.470851
159,12,0.496850
159,13,0.527064
159,14,0.523916
159,15,0.523269
160,1,0.526247
160,2,0.516715
160,3,0.455851
160,4,0.444779
160,5,0.450929
160,6,0.447686
160,7,0.453010
160,8,0.485112
160,9,0.451896
160,10,0.489266
160,11,0.501639
160,12,0.461141
160,13,0.447127
160,14,0.454170
160,15,0.477015
161,1,0.501702
161,2,0.460946
161,3,0.471817
161,4,0.465565
161,5,0.449895
161,6,0.497115
161,7,0.494584
161,8,0.455990
161,9,0.450060
161,10,0.443746
161,11,0.462708
161,12,0.457560
161,13,0.484053
161,14,0.461282
161,15,0.445503
162,1,0.456794
162,2,0.458717
162,3,0.453593
162,4,0.453330
162,5,0.455188
162,6,0.468681
162,7,0.453016
162,8,0.457594
162,9,0.449671
162,10,0.447217
162,11,0.479296
162,12,0.458401
162,13,0.445372
162,14,0.454142
162,15,0.464588
163,1,0.501415
163,2,0.500618
163,3,0.498475
163,4,0.458714
163,5,0.449698
163,6,0.458090
163,7,0.450835
163,8,0.450793
163,9,0.462489
163,10,0.457060
163,11,0.487321
163,12,0.506296
163,13,0.530203
163,14,0.525960
163,15,0.457722
164,1,0.451262
164,2,0.450432
164,3,0.446368
164,4,0.455920
164,5,0.457571
164,6,0.463142
164,7,0.496100
164,8,0.489743
164,9,0.501730
164,10,0.457556
164,11,0.465745
164,12,0.451466
164,13,0.445189
164,14,0.443312
164,15,0.455045
165,1,0.460314
165,2,0.451527
165,3,0.452170
165,4,0.496751
165,5,0.522926
165,6,0.455397
165,7,0.490210
165,8,0.457268
165,9,0.455447
165,10,0.462172
165,11,0.492343
165,12,0.460474
165,13,0.446314
165,14,0.444747
165,15,0.450608
166,1,0.501326
166,2,0.455265
166,3,0.452555
166,4,0.452479
166,5,0.497391
166,6,0.527022
166,7,0.522318
166,8,0.445860
166,9,0.448847
166,10,0.450668
166,11,0.451100
166,12,0.450111
166,13,0.499634
166,14,0.463536
166,15,0.454301
167,1,0.455497
167,2,0.445438
167,3,0.451769
167,4,0.455738
167,5,0.445705
167,6,0.454983
167,7,0.459242
167,8,0.487239
167,9,0.480718
167,10,0.459717
167,11,0.466120
167,12,0.460939
167,13,0.448516
167,14,0.496169
167,15,0.498979
168,1,0.455952
168,2,0.454054
168,3,0.460211
168,4,0.485950
168,5,0.495920
168,6,0.499037
168,7,0.531339
168,8,0.455952
168,9,0.450347
168,10,0.447101
168,11,0.495636
168,12,0.501940
168,13,0.457736
168,14,0.449918
168,15,0.459196
169,1,0.464848
169,2,0.504014
169,3,0.502341
169,4,0.517148
169,5,0.528153
169,6,0.525808
169,7,0.529779
169,8,0.460880
169,9,0.454948
169,10,0.463227
169,11,0.448715
169,12,0.455698
169,13,0.492344
169,14,0.499633
169,15,0.523268
170,1,0.531521
170,2,0.458879
170,3,0.449766
170,4,0.452566
170,5,0.451763
170,6,0.484524
170,7,0.501015
170,8,0.523014
170,9,0.523616
170,10,0.525579
170,11,0.457677
170,12,0.488078
170,13,0.457969
170,14,0.446399
170,15,0.449878
171,1,0.527878
171,2,0.518685
171,3,0.458082
171,4,0.451184
171,5,0.455559
171,6,0.461956
171,7,0.450713
171,8,0.458781
171,9,0.483722
171,10,0.501639
171,11,0.496652
171,12,0.455571
171,13,0.447046
171,14,0.472723
171,15,0.497993
172,1,0.531655
172,2,0.530203
172,3,0.461026
172,4,0.444522
172,5,0.452809
172,6,0.475794
172,7,0.492902
172,8,0.456673
172,9,0.464153
172,10,0.506030
172,11,0.529879
172,12,0.519779
172,13,0.519559
172,14,0.532933
172,15,0.522515
173,1,0.533027
173,2,0.458879
173,3,0.451012
173,4,0.460211
173,5,0.461805
173,6,0.464899
173,7,0.449324
173,8,0.500153
173,9,0.503505
173,10,0.521028
173,11,0.458405
173,12,0.485828
173,13,0.455731
173,14,0.451031
173,15,0.474679
174,1,0.457920
174,2,0.485962
174,3,0.504844
174,4,0.529837
174,5,0.524033
174,6,0.462833
174,7,0.449677
174,8,0.449661
174,9,0.497194
174,10,0.531655
174,11,0.527304
174,12,0.525185
174,13,0.526781
174,14,0.455397
174,15,0.463815
175,1,0.496088
175,2,0.494657
175,3,0.525021
175,4,0.522819
175,5,0.524434
175,6,0.527977
175,7,0.456086
175,8,0.448924
175,9,0.471529
175,10,0.459694
175,11,0.446681
175,12,0.447402
175,13,0.495432
175,14,0.524973
175,15,0.461283
176,1,0.450156
176,2,0.460429
176,3,0.491149
176,4,0.492954
176,5,0.527049
176,6,0.530233
176,7,0.522471
176,8,0.456880
176,9,0.445680
176,10,0.452784
176,11,0.448112
176,12,0.450916
176,13,0.452159
176,14,0.455901
176,15,0.492812
177,1,0.461044
177,2,0.450764
177,3,0.447985
177,4,0.459694
177,5,0.483722
177,6,0.498509
177,7,0.501522
177,8,0.457325
177,9,0.453499
177,10,0.452566
177,11,0.449528
177,12,0.484524
177,13,0.459180
177,14,0.449909
177,15,0.453431
178,1,0.473154
178,2,0.457420
178,3,0.486453
178,4,0.506569
178,5,0.449032
178,6,0.487866
178,7,0.504764
178,8,0.521154
178,9,0.454974
178,10,0.487321
178,11,0.499466
178,12,0.519968
178,13,0.530718
178,14,0.531339
178,15,0.529837
179,1,0.460255
179,2,0.447820
179,3,0.458651
179,4,0.466979
179,5,0.505509
179,6,0.529630
179,7,0.456875
179,8,0.450778
179,9,0.461249
179,10,0.500275
179,11,0.459571
179,12,0.453072
179,13,0.452212
179,14,0.459694
179,15,0.488957
180,1,0.503662
180,2,0.460630
180,3,0.452188
180,4,0.459996
180,5,0.448533
180,6,0.455150
180,7,0.460519
180,8,0.475152
180,9,0.478333
180,10,0.524131
180,11,0.516852
180,12,0.526125
180,13,0.456662
180,14,0.453486
180,15,0.453723
181,1,0.449508
181,2,0.489881
181,3,0.457599
181,4,0.445815
181,5,0.444571
181,6,0.456459
181,7,0.493825
181,8,0.473913
181,9,0.471027
181,10,0.506135
181,11,0.530203
181,12,0.525906
181,13,0.447867
181,14,0.445476
181,15,0.448053
182,1,0.455225
182,2,0.447057
182,3,0.450110
182,4,0.504183
182,5,0.457162
182,6,0.448741
182,7,0.461986
182,8,0.448112
182,9,0.449517
182,10,0.485997
182,11,0.461550
182,12,0.447971
182,13,0.455961
182,14,0.462866
182,15,0.489583
183,1,0.504540
183,2,0.494657
183,3,0.458201
183,4,0.449766
183,5,0.453075
183,6,0.495795
183,7,0.495821
183,8,0.531607
183,9,0.527304
183,10,0.525223
183,11,0.456435
183,12,0.450117
183,13,0.452256
183,14,0.509166
183,15,0.457099
184,1,0.487321
184,2,0.505993
184,3,0.496089
184,4,0.524465
184,5,0.521860
184,6,0.459115
184,7,0.486487
184,8,0.506263
184,9,0.461786
184,10,0.483004
184,11,0.502758
184,12,0.514518
184,13,0.522838
184,14,0.462060
184,15,0.450746
185,1,0.456327
185,2,0.484508
185,3,0.460281
185,4,0.483031
185,5,0.502232
185,6,0.497340
185,7,0.525006
185,8,0.532298
185,9,0.458401
185,10,0.449349
185,11,0.446973
185,12,0.460178
185,13,0.451557
185,14,0.447686
185,15,0.495811
186,1,0.529879
186,2,0.524599
186,3,0.531607
186,4,0.453331
186,5,0.485963
186,6,0.460981
186,7,0.487012
186,8,0.505089
186,9,0.462321
186,10,0.455580
186,11,0.449555
186,12,0.507375
186,13,0.455952
186,14,0.485828
186,15,0.499042
187,1,0.527022
187,2,0.526491
187,3,0.455286
187,4,0.488078
187,5,0.499901
187,6,0.490816
187,7,0.463856
187,8,0.448670
187,9,0.461820
187,10,0.448226
187,11,0.447530
187,12,0.475754
187,13,0.501076
187,14,0.488662
187,15,0.457325
188,1,0.488879
188,2,0.460505
188,3,0.447971
188,4,0.454574
188,5,0.447399
188,6,0.455150
188,7,0.501702
188,8,0.521451
188,9,0.531055
188,10,0.521458
188,11,0.458401
188,12,0.449349
188,13,0.441536
188,14,0.451397
188,15,0.452054
189,1,0.460827
189,2,0.483056
189,3,0.467957
189,4,0.451609
189,5,0.459034
189,6,0.456262
189,7,0.444312
189,8,0.450649
189,9,0.458330
189,10,0.482235
189,11,0.501639
189,12,0.497340
189,13,0.532687
189,14,0.520111
189,15,0.457997
190,1,0.487873
190,2,0.506386
190,3,0.521458
190,4,0.457599
190,5,0.485828
190,6,0.506502
190,7,0.502395
190,8,0.457325
190,9,0.453072
190,10,0.453424
190,11,0.446368
190,12,0.448507
190,13,0.453124
190,14,0.458996
190,15,0.445898
191,1,0.451157
191,2,0.491885
191,3,0.520584
191,4,0.526980
191,5,0.522970
191,6,0.521714
191,7,0.519071
191,8,0.530203
191,9,0.526491
191,10,0.532517
191,11,0.458077
191,12,0.487321
191,13,0.459803
191,14,0.488176
191,15,0.502758
192,1,0.518364
192,2,0.527084
192,3,0.518622
192,4,0.522608
192,5,0.530209
192,6,0.461026
192,7,0.456836
192,8,0.459302
192,9,0.447173
192,10,0.457618
192,11,0.492931
192,12,0.501667
192,13,0.493477
192,14,0.456662
192,15,0.449130
193,1,0.455025
193,2,0.456681
193,3,0.445044
193,4,0.453768
193,5,0.490746
193,6,0.506030
193,7,0.458401
193,8,0.450295
193,9,0.454859
193,10,0.457544
193,11,0.484027
193,12,0.496647
193,13,0.532514
193,14,0.527346
193,15,0.522970
194,1,0.522608
194,2,0.522597
194,3,0.520024
194,4,0.459723
194,5,0.454207
194,6,0.446141
194,7,0.458972
194,8,0.484468
194,9,0.456896
194,10,0.450764
194,11,0.441536
194,12,0.448703
194,13,0.452140
194,14,0.455239
194,15,0.445399
195,1,0.446238
195,2,0.498695
195,3,0.458239
195,4,0.446660
195,5,0.452469
195,6,0.454576
195,7,0.487783
195,8,0.497368
195,9,0.458979
195,10,0.488001
195,11,0.505089
195,12,0.521891
195,13,0.456985
195,14,0.446321
195,15,0.452176
196,1,0.467160
196,2,0.505076
196,3,0.462097
196,4,0.454370
196,5,0.460649
196,6,0.446011
196,7,0.449439
196,8,0.482990
196,9,0.496663
196,10,0.532194
196,11,0.525438
196,12,0.522741
196,13,0.522856
196,14,0.457372
196,15,0.446791
197,1,0.441536
197,2,0.466383
197,3,0.447097
197,4,0.473511
197,5,0.464247
197,6,0.454315
197,7,0.454709
197,8,0.495363
197,9,0.518685
197,10,0.522007
197,11,0.531521
197,12,0.521458
197,13,0.457599
197,14,0.452076
197,15,0.454268
198,1,0.514996
198,2,0.530203
198,3,0.525906
198,4,0.521910
198,5,0.458879
198,6,0.487186
198,7,0.504255
198,8,0.502304
198,9,0.522601
198,10,0.526707
198,11,0.520882
198,12,0.455779
198,13,0.487848
198,14,0.502758
198,15,0.522741
199,1,0.526166
199,2,0.453503
199,3,0.450911
199,4,0.452091
199,5,0.446145
199,6,0.465290
199,7,0.456809
199,8,0.453292
199,9,0.467747
199,10,0.450511
199,11,0.503635
199,12,0.457588
199,13,0.446498
199,14,0.455621
199,15,0.450397
200,1,0.460505
200,2,0.447313
200,3,0.449130
200,4,0.448964
200,5,0.458849
200,6,0.461898
200,7,0.447970
200,8,0.446491
200,9,0.473601
200,10,0.474920
200,11,0.472159
200,12,0.459490
200,13,0.450574
200,14,0.469693
200,15,0.454068
201,1,0.505129
201,2,0.531155
201,3,0.458401
201,4,0.449766
201,5,0.448681
201,6,0.503887
201,7,0.517589
201,8,0.515927
201,9,0.527346
201,10,0.525906
201,11,0.459848
201,12,0.454000
201,13,0.453770
201,14,0.458781
201,15,0.471931
202,1,0.459827
202,2,0.449199
202,3,0.455559
202,4,0.465500
202,5,0.467218
202,6,0.446504
202,7,0.451597
202,8,0.499677
202,9,0.454315
202,10,0.484955
202,11,0.502010
202,12,0.499826
202,13,0.529869
202,14,0.461026
202,15,0.446498
203,1,0.444315
203,2,0.452965
203,3,0.448299
203,4,0.451355
203,5,0.501593
203,6,0.520902
203,7,0.458466
203,8,0.450722
203,9,0.454268
203,10,0.458543
203,11,0.488001
203,12,0.456533
203,13,0.486240
203,14,0.507372
203,15,0.531155
204,1,0.457599
204,2,0.485963
204,3,0.458632
204,4,0.455854
204,5,0.462172
204,6,0.454496
204,7,0.469097
204,8,0.507242
204,9,0.530203
204,10,0.522741
204,11,0.460014
204,12,0.450525
204,13,0.449830
204,14,0.501436
204,15,0.528881
205,1,0.522790
205,2,0.527162
205,3,0.454903
205,4,0.483556
205,5,0.496707
205,6,0.458239
205,7,0.444686
205,8,0.448533
205,9,0.496672
205,10,0.493012
205,11,0.527352
205,12,0.523227
205,13,0.522089
205,14,0.522363
205,15,0.528007
206,1,0.457099
206,2,0.450117
206,3,0.454859
206,4,0.497877
206,5,0.455990
206,6,0.446791
206,7,0.452566
206,8,0.452118
206,9,0.452159
206,10,0.448029
206,11,0.461291
206,12,0.462319
206,13,0.447571
206,14,0.455105
206,15,0.448790
207,1,0.471772
207,2,0.494285
207,3,0.498594
207,4,0.457786
207,5,0.487026
207,6,0.505615
207,7,0.503505
207,8,0.522414
207,9,0.532044
207,10,0.458401
207,11,0.485963
207,12,0.459803
207,13,0.450470
207,14,0.452566
207,15,0.453144
208,1,0.532111
208,2,0.458077
208,3,0.451012
208,4,0.458915
208,5,0.485950
208,6,0.506182
208,7,0.521823
208,8,0.530203
208,9,0.526545
208,10,0.457637
208,11,0.445084
208,12,0.461179
208,13,0.492893
208,14,0.526689
208,15,0.526125
209,1,0.459628
209,2,0.451814
209,3,0.443371
209,4,0.446085
209,5,0.454707
209,6,0.458367
209,7,0.462904
209,8,0.447423
209,9,0.456567
209,10,0.453725
209,11,0.453709
209,12,0.449032
209,13,0.497068
209,14,0.528881
209,15,0.524154
210,1,0.524434
210,2,0.519724
210,3,0.528532
210,4,0.452334
210,5,0.445638
210,6,0.462514
210,7,0.490199
210,8,0.461325
210,9,0.450764
210,10,0.444571
210,11,0.451439
210,12,0.446514
210,13,0.451730
210,14,0.448360
210,15,0.456397
211,1,0.453509
211,2,0.489583
211,3,0.459803
211,4,0.451839
211,5,0.454268
211,6,0.458717
211,7,0.483350
211,8,0.502758
211,9,0.520203
211,10,0.455972
211,11,0.484954
211,12,0.506834
211,13,0.531339
211,14,0.458879
211,15,0.487942
212,1,0.507076
212,2,0.503505
212,3,0.521461
212,4,0.457599
212,5,0.450764
212,6,0.455559
212,7,0.453598
212,8,0.457814
212,9,0.457378
212,10,0.455615
212,11,0.446845
212,12,0.458172
212,13,0.465736
212,14,0.484405
212,15,0.458998
213,1,0.487474
213,2,0.501398
213,3,0.465114
213,4,0.456559
213,5,0.453626
213,6,0.502919
213,7,0.497340
213,8,0.461509
213,9,0.483968
213,10,0.499565
213,11,0.527830
213,12,0.518124
213,13,0.528010
213,14,0.526369
213,15,0.459536
214,1,0.487321
214,2,0.496438
214,3,0.531155
214,4,0.531704
214,5,0.521823
214,6,0.458401
214,7,0.450117
214,8,0.454859
214,9,0.502053
214,10,0.500891
214,11,0.522601
214,12,0.526980
214,13,0.522790
214,14,0.462150
214,15,0.468483
215,1,0.495918
215,2,0.508044
215,3,0.526533
215,4,0.522790
215,5,0.461137
215,6,0.488787
215,7,0.505770
215,8,0.521823
215,9,0.521458
215,10,0.531149
215,11,0.455952
215,12,0.451012
215,13,0.453206
215,14,0.456909
215,15,0.464899
216,1,0.465405
216,2,0.446584
216,3,0.457496
216,4,0.506602
216,5,0.531339
216,6,0.457599
216,7,0.444779
216,8,0.454268
216,9,0.507944
216,10,0.531704
216,11,0.521354
216,12,0.457599
216,13,0.487186
216,14,0.459803
216,15,0.450470
217,1,0.455718
217,2,0.466008
217,3,0.501639
217,4,0.457588
217,5,0.481910
217,6,0.497828
217,7,0.530203
217,8,0.526545
217,9,0.532313
217,10,0.532330
217,11,0.530203
217,12,0.524154
217,13,0.533337
217,14,0.522511
217,15,0.457637
218,1,0.445084
218,2,0.460380
218,3,0.463100
218,4,0.445536
218,5,0.467100
218,6,0.463465
218,7,0.461938
218,8,0.448715
218,9,0.474004
218,10,0.463240
218,11,0.456232
218,12,0.456210
218,13,0.501215
218,14,0.461286
218,15,0.453613
219,1,0.451393
219,2,0.456240
219,3,0.458759
219,4,0.457448
219,5,0.482543
219,6,0.504255
219,7,0.499423
219,8,0.462972
219,9,0.483975
219,10,0.490001
219,11,0.531339
219,12,0.531339
219,13,0.529714
219,14,0.526491
219,15,0.457325
220,1,0.450250
220,2,0.453770
220,3,0.494837
220,4,0.531704
220,5,0.521641
220,6,0.457599
220,7,0.451181
220,8,0.458915
220,9,0.453245
220,10,0.450768
220,11,0.492722
220,12,0.498372
220,13,0.458466
220,14,0.450060
220,15,0.455670
221,1,0.445856
221,2,0.474974
221,3,0.453874
221,4,0.463083
221,5,0.504844
221,6,0.530203
221,7,0.461818
221,8,0.470062
221,9,0.469693
221,10,0.459851
221,11,0.451557
221,12,0.445714
221,13,0.474272
221,14,0.451596
221,15,0.450360
222,1,0.455262
222,2,0.506154
222,3,0.456754
222,4,0.449766
222,5,0.441536
222,6,0.450511
222,7,0.494839
222,8,0.457599
222,9,0.482539
222,10,0.458915
222,11,0.454379
222,12,0.452776
222,13,0.495685
222,14,0.494657
222,15,0.530723
223,1,0.531969
223,2,0.521641
223,3,0.531521
223,4,0.521823
223,5,0.531052
223,6,0.526491
223,7,0.532746
223,8,0.458401
223,9,0.487942
223,10,0.505993
223,11,0.502341
223,12,0.532111
223,13,0.530203
223,14,0.526491
223,15,0.529807
224,1,0.526491
224,2,0.532111
224,3,0.530203
224,4,0.525217
224,5,0.525084
224,6,0.456710
224,7,0.455847
224,8,0.446763
224,9,0.461946
224,10,0.452412
224,11,0.455559
224,12,0.470451
224,13,0.449884
224,14,0.499955
224,15,0.527304
225,1,0.522790
225,2,0.525837
225,3,0.526322
225,4,0.525922
225,5,0.521357
225,6,0.457599
225,7,0.450465
225,8,0.454268
225,9,0.491863
225,10,0.531429
225,11,0.531965
225,12,0.529837
225,13,0.522318
225,14,0.529732
225,15,0.463350
226,1,0.452977
226,2,0.450508
226,3,0.497634
226,4,0.531655
226,5,0.527022
226,6,0.524154
226,7,0.526546
226,8,0.529869
226,9,0.518622
226,10,0.456985
226,11,0.482384
226,12,0.457870
226,13,0.449677
226,14,0.447985
226,15,0.459795
227,1,0.447313
227,2,0.457471
227,3,0.499154
227,4,0.509427
227,5,0.449770
227,6,0.446791
227,7,0.445610
227,8,0.462708
227,9,0.454531
227,10,0.484587
227,11,0.460178
227,12,0.451031
227,13,0.476212
227,14,0.457325
227,15,0.450117
228,1,0.451910
228,2,0.445393
228,3,0.450284
228,4,0.452702
228,5,0.450828
228,6,0.498695
228,7,0.530281
228,8,0.525783
228,9,0.531865
228,10,0.458401
228,11,0.453587
228,12,0.453723
228,13,0.449508
228,14,0.481487
228,15,0.531339
229,1,0.531339
229,2,0.531052
229,3,0.526491
229,4,0.457352
229,5,0.450722
229,6,0.462193
229,7,0.455846
229,8,0.453036
229,9,0.449517
229,10,0.446011
229,11,0.445695
229,12,0.450686
229,13,0.447455
229,14,0.450882
229,15,0.458092
230,1,0.486797
230,2,0.505333
230,3,0.524616
230,4,0.455952
230,5,0.449400
230,6,0.454268
230,7,0.509166
230,8,0.531339
230,9,0.530203
230,10,0.461026
230,11,0.462783
230,12,0.506386
230,13,0.461745
230,14,0.485828
230,15,0.459803
231,1,0.451557
231,2,0.452566
231,3,0.454540
231,4,0.446530
231,5,0.444312
231,6,0.457418
231,7,0.493573
231,8,0.459095
231,9,0.450762
231,10,0.461179
231,11,0.497170
231,12,0.531551
231,13,0.530161
231,14,0.525223
231,15,0.531159
232,1,0.531704
232,2,0.460526
232,3,0.450764
232,4,0.447985
232,5,0.491812
232,6,0.460050
232,7,0.450117
232,8,0.481106
232,9,0.463240
232,10,0.456725
232,11,0.445695
232,12,0.476375
232,13,0.498272
232,14,0.459332
232,15,0.450308
233,1,0.472792
233,2,0.500207
233,3,0.515367
233,4,0.523317
233,5,0.458309
233,6,0.482313
233,7,0.496772
233,8,0.493086
233,9,0.521231
233,10,0.459490
233,11,0.489100
233,12,0.506569
233,13,0.499220
233,14,0.457599
233,15,0.486585
234,1,0.531052
234,2,0.524033
234,3,0.526298
234,4,0.458420
234,5,0.489562
234,6,0.502151
234,7,0.502341
234,8,0.529765
234,9,0.525704
234,10,0.468892
234,11,0.455720
234,12,0.467844
234,13,0.467750
234,14,0.445624
234,15,0.448721
235,1,0.457872
235,2,0.450336
235,3,0.499529
235,4,0.495821
235,5,0.457325
235,6,0.453876
235,7,0.449878
235,8,0.458328
235,9,0.452215
235,10,0.452900
235,11,0.501671
235,12,0.502341
235,13,0.457411
235,14,0.450117
235,15,0.454859
236,1,0.503829
236,2,0.532537
236,3,0.453670
236,4,0.453960
236,5,0.461177
236,6,0.467982
236,7,0.453578
236,8,0.505129
236,9,0.457599
236,10,0.445674
236,11,0.462193
236,12,0.492343
236,13,0.491672
236,14,0.451540
236,15,0.482608
237,1,0.505333
237,2,0.521440
237,3,0.461026
237,4,0.447820
237,5,0.445379
237,6,0.451793
237,7,0.454215
237,8,0.445923
237,9,0.474782
237,10,0.497639
237,11,0.458404
237,12,0.446369
237,13,0.445315
237,14,0.453144
237,15,0.504155
238,1,0.521451
238,2,0.532560
238,3,0.530203
238,4,0.522741
238,5,0.460014
238,6,0.481674
238,7,0.458245
238,8,0.451689
238,9,0.449733
238,10,0.499806
238,11,0.456297
238,12,0.450117
238,13,0.449878
238,14,0.509166
238,15,0.531339
239,1,0.456621
239,2,0.485963
239,3,0.459803
239,4,0.487693
239,5,0.496778
239,6,0.528557
239,7,0.526491
239,8,0.459019
239,9,0.450574
239,10,0.447985
239,11,0.498792
239,12,0.518808
239,13,0.456030
239,14,0.446791
239,15,0.448232
240,1,0.461341
240,2,0.451689
240,3,0.461179
240,4,0.490935
240,5,0.456623
240,6,0.451557
240,7,0.455578
240,8,0.454068
240,9,0.503887
240,10,0.498730
240,11,0.529947
240,12,0.522370
240,13,0.529765
240,14,0.526369
240,15,0.526294
241,1,0.530203
241,2,0.525960
241,3,0.457637
241,4,0.486797
241,5,0.507066
241,6,0.460526
241,7,0.450117
241,8,0.456646
241,9,0.458092
241,10,0.450775
241,11,0.449878
241,12,0.504183
241,13,0.522492
241,14,0.527985
241,15,0.455952
242,1,0.487186
242,2,0.460505
242,3,0.452500
242,4,0.453770
242,5,0.459803
242,6,0.450775
242,7,0.454593
242,8,0.483142
242,9,0.496039
242,10,0.497340
242,11,0.456343
242,12,0.446481
242,13,0.448780
242,14,0.500927
242,15,0.460526
243,1,0.450117
243,2,0.458915
243,3,0.484689
243,4,0.471586
243,5,0.507128
243,6,0.522970
243,7,0.456985
243,8,0.454373
243,9,0.464552
243,10,0.447948
243,11,0.530475
243,12,0.530102
243,13,0.529714
243,14,0.460255
243,15,0.445206
244,1,0.450960
244,2,0.447398
244,3,0.455928
244,4,0.473001
244,5,0.497040
244,6,0.523227
244,7,0.526298
244,8,0.459802
244,9,0.450117
244,10,0.451910
244,11,0.456909
244,12,0.464899
244,13,0.452803
244,14,0.451847
244,15,0.469134
245,1,0.453587
245,2,0.453723
245,3,0.446368
245,4,0.456768
245,5,0.457055
245,6,0.461545
245,7,0.448792
245,8,0.505129
245,9,0.529569
245,10,0.525223
245,11,0.526550
245,12,0.460255
245,13,0.488245
245,14,0.500688
245,15,0.529879
246,1,0.461026
246,2,0.451721
246,3,0.457158
246,4,0.493635
246,5,0.530233
246,6,0.460880
246,7,0.446498
246,8,0.450797
246,9,0.472508
246,10,0.458707
246,11,0.487321
246,12,0.497368
246,13,0.458031
246,14,0.445978
246,15,0.452670
247,1,0.464325
247,2,0.453373
247,3,0.456507
247,4,0.457134
247,5,0.445760
247,6,0.455353
247,7,0.457365
247,8,0.451616
247,9,0.451061
247,10,0.459710
247,11,0.488744
247,12,0.460505
247,13,0.483042
247,14,0.503635
247,15,0.458130
248,1,0.482974
248,2,0.456122
248,3,0.483120
248,4,0.502758
248,5,0.462321
248,6,0.488157
248,7,0.504482
248,8,0.524465
248,9,0.529827
248,10,0.459931
248,11,0.451721
248,12,0.461737
248,13,0.492060
248,14,0.473524
248,15,0.453876
249,1,0.475455
249,2,0.496414
249,3,0.519188
249,4,0.533337
249,5,0.521802
249,6,0.531999
249,7,0.459724
249,8,0.453499
249,9,0.455559
249,10,0.469568
249,11,0.445734
249,12,0.455387
249,13,0.468693
249,14,0.457952
249,15,0.449698
250,1,0.460380
250,2,0.489814
250,3,0.530209
250,4,0.523925
250,5,0.465180
250,6,0.457657
250,7,0.450508
250,8,0.504183
250,9,0.460021
250,10,0.451721
250,11,0.452158
250,12,0.497040
250,13,0.460168
250,14,0.455580
250,15,0.455850
251,1,0.453447
251,2,0.485264
251,3,0.504014
251,4,0.502341
251,5,0.455333
251,6,0.488078
251,7,0.505338
251,8,0.503505
251,9,0.456581
251,10,0.450425
251,11,0.461179
251,12,0.463082
251,13,0.489650
251,14,0.460626
251,15,0.487012
252,1,0.505333
252,2,0.530281
252,3,0.531155
252,4,0.522451
252,5,0.460526
252,6,0.451181
252,7,0.462193
252,8,0.455846
252,9,0.489649
252,10,0.497491
252,11,0.531704
252,12,0.455952
252,13,0.450117
252,14,0.461179
252,15,0.492343
253,1,0.520127
253,2,0.525778
253,3,0.528532
253,4,0.455973
253,5,0.447766
253,6,0.446897
253,7,0.451994
253,8,0.447110
253,9,0.453092
253,10,0.473061
253,11,0.504445
253,12,0.522866
253,13,0.525837
253,14,0.456350
253,15,0.487321
254,1,0.506296
254,2,0.458401
254,3,0.451012
254,4,0.455872
254,5,0.457920
254,6,0.446191
254,7,0.446745
254,8,0.486113
254,9,0.531521
254,10,0.460526
254,11,0.450117
254,12,0.450635
254,13,0.508625
254,14,0.531339
254,15,0.521641
255,1,0.531155
255,2,0.455576
255,3,0.449766
255,4,0.444571
255,5,0.457569
255,6,0.460782
255,7,0.453488
255,8,0.473710
255,9,0.454233
255,10,0.488064
255,11,0.460849
255,12,0.487801
255,13,0.499067
255,14,0.493351
255,15,0.529762
256,1,0.525862
256,2,0.457325
256,3,0.486797
256,4,0.506751
256,5,0.503505
256,6,0.458734
256,7,0.450574
256,8,0.452472
256,9,0.473154
256,10,0.455881
256,11,0.453587
256,12,0.453770
256,13,0.502232
256,14,0.524021
256,15,0.532313
257,1,0.531521
257,2,0.521823
257,3,0.530161
257,4,0.460790
257,5,0.488245
257,6,0.459068
257,7,0.450470
257,8,0.447686
257,9,0.501030
257,10,0.458239
257,11,0.482974
257,12,0.503406
257,13,0.502395
257,14,0.522167
257,15,0.530203
258,1,0.522970
258,2,0.524434
258,3,0.452197
258,4,0.462945
258,5,0.497175
258,6,0.498514
258,7,0.523317
258,8,0.459019
258,9,0.455842
258,10,0.453075
258,11,0.499800
258,12,0.496663
258,13,0.529964
258,14,0.526545
258,15,0.529947
259,1,0.463776
259,2,0.470062
259,3,0.460279
259,4,0.451031
259,5,0.461179
259,6,0.454496
259,7,0.463726
259,8,0.448638
259,9,0.506215
259,10,0.462815
259,11,0.452977
259,12,0.452843
259,13,0.447173
259,14,0.453097
259,15,0.445739
260,1,0.448803
260,2,0.459803
260,3,0.453587
260,4,0.471885
260,5,0.458867
260,6,0.489411
260,7,0.458156
260,8,0.487814
260,9,0.502758
260,10,0.458130
260,11,0.447334
260,12,0.452949
260,13,0.452813
260,14,0.444270
260,15,0.453178
261,1,0.485361
261,2,0.460981
261,3,0.452599
261,4,0.446256
261,5,0.451763
261,6,0.446588
261,7,0.450691
261,8,0.496414
261,9,0.455265
261,10,0.447704
261,11,0.451130
261,12,0.447757
261,13,0.456955
261,14,0.493801
261,15,0.458108
262,1,0.487026
262,2,0.530803
262,3,0.461561
262,4,0.490210
262,5,0.501625
262,6,0.504146
262,7,0.458201
262,8,0.450139
262,9,0.451080
262,10,0.530195
262,11,0.526491
262,12,0.530203
262,13,0.461026
262,14,0.452728
262,15,0.468382
263,1,0.445349
263,2,0.461522
263,3,0.493797
263,4,0.497194
263,5,0.529888
263,6,0.461026
263,7,0.450156
263,8,0.451994
263,9,0.455304
263,10,0.464899
263,11,0.449942
263,12,0.495795
263,13,0.462212
263,14,0.469030
263,15,0.502758
264,1,0.525328
264,2,0.532517
264,3,0.530161
264,4,0.524033
264,5,0.462833
264,6,0.489747
264,7,0.495279
264,8,0.507086
264,9,0.460255
264,10,0.461850
264,11,0.486642
264,12,0.461135
264,13,0.489178
264,14,0.494866
264,15,0.531704
265,1,0.530203
265,2,0.525906
265,3,0.521275
265,4,0.521823
265,5,0.457099
265,6,0.450117
265,7,0.454859
265,8,0.489934
265,9,0.526946
265,10,0.525351
265,11,0.457060
265,12,0.450574
265,13,0.444477
265,14,0.450797
265,15,0.508177
266,1,0.531155
266,2,0.458401
266,3,0.451012
266,4,0.451910
266,5,0.450401
266,6,0.447774
266,7,0.447624
266,8,0.459272
266,9,0.455069
266,10,0.490728
266,11,0.459803
266,12,0.487693
266,13,0.497676
266,14,0.492675
266,15,0.455294
267,1,0.486797
267,2,0.507372
267,3,0.460526
267,4,0.488123
267,5,0.459616
267,6,0.450815
267,7,0.456043
267,8,0.505953
267,9,0.492435
267,10,0.458236
267,11,0.486344
267,12,0.505089
267,13,0.503505
267,14,0.458466
267,15,0.483275
268,1,0.493915
268,2,0.461135
268,3,0.489178
268,4,0.495502
268,5,0.531010
268,6,0.525862
268,7,0.529947
268,8,0.522492
268,9,0.531220
268,10,0.459724
268,11,0.451012
268,12,0.451910
268,13,0.483121
268,14,0.460279
268,15,0.450764
269,1,0.445610
269,2,0.453546
269,3,0.455377
269,4,0.445148
269,5,0.474970
269,6,0.458230
269,7,0.450775
269,8,0.455119
269,9,0.522414
269,10,0.453327
269,11,0.450347
269,12,0.450360
269,13,0.447105
269,14,0.448415
269,15,0.453625
270,1,0.457314
270,2,0.446839
270,3,0.473211
270,4,0.506202
270,5,0.521721
270,6,0.524643
270,7,0.532298
270,8,0.531704
270,9,0.527346
270,10,0.522741
270,11,0.518909
270,12,0.456941
270,13,0.483093
270,14,0.498656
270,15,0.518808
271,1,0.529947
271,2,0.455397
271,3,0.447512
271,4,0.445221
271,5,0.453459
271,6,0.461361
271,7,0.453724
271,8,0.462897
271,9,0.456246
271,10,0.460551
271,11,0.455330
271,12,0.453029
271,13,0.454615
271,14,0.497426
271,15,0.530203
272,1,0.522741
272,2,0.526817
272,3,0.529638
272,4,0.460880
272,5,0.455518
272,6,0.446797
272,7,0.459319
272,8,0.483042
272,9,0.491433
272,10,0.506554
272,11,0.461934
272,12,0.446297
272,13,0.457966
272,14,0.445796
272,15,0.445373
273,1,0.460182
273,2,0.453265
273,3,0.453006
273,4,0.460827
273,5,0.483350
273,6,0.494621
273,7,0.495818
273,8,0.515927
273,9,0.455952
273,10,0.449766
273,11,0.452566
273,12,0.458639
273,13,0.500822
273,14,0.463024
273,15,0.451944
274,1,0.457894
274,2,0.493295
274,3,0.461370
274,4,0.449677
274,5,0.455489
274,6,0.492060
274,7,0.530209
274,8,0.461561
274,9,0.451721
274,10,0.462207
274,11,0.493350
274,12,0.527878
274,13,0.460880
274,14,0.454705
274,15,0.466291
275,1,0.503887
275,2,0.502286
275,3,0.459019
275,4,0.482838
275,5,0.455538
275,6,0.488571
275,7,0.460562
275,8,0.488001
275,9,0.506135
275,10,0.531339
275,11,0.458401
275,12,0.488078
275,13,0.457268
275,14,0.450470
275,15,0.465801
276,1,0.515833
276,2,0.529879
276,3,0.461818
276,4,0.452977
276,5,0.456327
276,6,0.448112
276,7,0.474463
276,8,0.493374
276,9,0.457782
276,10,0.444401
276,11,0.443361
276,12,0.447867
276,13,0.483773
276,14,0.500997
276,15,0.457099
277,1,0.450117
277,2,0.492252
277,3,0.504183
277,4,0.502341
277,5,0.457325
277,6,0.472013
277,7,0.460505
277,8,0.445889
277,9,0.455559
277,10,0.457888
277,11,0.446692
277,12,0.455748
277,13,0.469798
277,14,0.458707
277,15,0.453836
278,1,0.450635
278,2,0.509614
278,3,0.460526
278,4,0.450117
278,5,0.458915
278,6,0.455611
278,7,0.459095
278,8,0.447187
278,9,0.447624
278,10,0.504769
278,11,0.531098
278,12,0.531339
278,13,0.526980
278,14,0.526491
278,15,0.457325
279,1,0.453072
279,2,0.447947
279,3,0.450498
279,4,0.461341
279,5,0.446399
279,6,0.447238
279,7,0.445776
279,8,0.455931
279,9,0.499200
279,10,0.461880
279,11,0.485021
279,12,0.506322
279,13,0.499037
279,14,0.458401
279,15,0.485828
280,1,0.504764
280,2,0.497340
280,3,0.521231
280,4,0.521414
280,5,0.530203
280,6,0.464463
280,7,0.451721
280,8,0.450652
280,9,0.458026
280,10,0.453072
280,11,0.453723
280,12,0.449508
280,13,0.506247
280,14,0.500939
280,15,0.522601
281,1,0.457498
281,2,0.450250
281,3,0.441237
281,4,0.467966
281,5,0.469416
281,6,0.450703
281,7,0.479502
281,8,0.493628
281,9,0.532808
281,10,0.531891
281,11,0.529879
281,12,0.521732
281,13,0.527552
281,14,0.529879
281,15,0.456875
282,1,0.446498
282,2,0.445695
282,3,0.474389
282,4,0.457781
282,5,0.453687
282,6,0.443929
282,7,0.451708
282,8,0.453210
282,9,0.455150
282,10,0.532298
282,11,0.457599
282,12,0.487186
282,13,0.458881
282,14,0.448930
282,15,0.454254
283,1,0.529506
283,2,0.526300
283,3,0.522616
283,4,0.457599
283,5,0.454428
283,6,0.435094
283,7,0.458693
283,8,0.465635
283,9,0.465413
283,10,0.447648
283,11,0.448507
283,12,0.454625
283,13,0.449308
283,14,0.495636
283,15,0.456754
284,1,0.453159
284,2,0.451910
284,3,0.485950
284,4,0.458707
284,5,0.456635
284,6,0.441695
284,7,0.471763
284,8,0.449710
284,9,0.499955
284,10,0.504271
284,11,0.525906
284,12,0.526922
284,13,0.522492
284,14,0.521461
284,15,0.521641
285,1,0.541402
285,2,0.455952
285,3,0.487942
285,4,0.503970
285,5,0.525328
285,6,0.527985
285,7,0.460526
285,8,0.487321
285,9,0.502758
285,10,0.495821
285,11,0.457352
285,12,0.488879
285,13,0.501639
285,14,0.497340
285,15,0.494677
286,1,0.520821
286,2,0.525235
286,3,0.523278
286,4,0.522115
286,5,0.460526
286,6,0.487942
286,7,0.496438
286,8,0.457455
286,9,0.450295
286,10,0.455872
286,11,0.491506
286,12,0.525454
286,13,0.460021
286,14,0.488713
286,15,0.459803
287,1,0.453292
287,2,0.452601
287,3,0.457595
287,4,0.447607
287,5,0.456290
287,6,0.499359
287,7,0.455866
287,8,0.488367
287,9,0.460505
287,10,0.488449
287,11,0.460505
287,12,0.445889
287,13,0.444571
287,14,0.451885
287,15,0.451591
288,1,0.450713
288,2,0.499883
288,3,0.517379
288,4,0.527107
288,5,0.461283
288,6,0.450156
288,7,0.451068
288,8,0.458092
288,9,0.449658
288,10,0.454859
288,11,0.491115
288,12,0.490134
288,13,0.522458
288,14,0.524972
288,15,0.531999
289,1,0.531339
289,2,0.521458
289,3,0.458401
289,4,0.449766
289,5,0.457826
289,6,0.452303
289,7,0.504960
289,8,0.527304
289,9,0.523019
289,10,0.522856
289,11,0.527184
289,12,0.522903
289,13,0.456985
289,14,0.443214
289,15,0.442923
290,1,0.450551
290,2,0.482045
290,3,0.497931
290,4,0.490816
290,5,0.457421
290,6,0.444561
290,7,0.446225
290,8,0.456149
290,9,0.449584
290,10,0.457176
290,11,0.492264
290,12,0.491450
290,13,0.454037
290,14,0.456282
290,15,0.462400
291,1,0.492095
291,2,0.500734
291,3,0.518634
291,4,0.457325
291,5,0.451181
291,6,0.455025
291,7,0.508393
291,8,0.528373
291,9,0.532514
291,10,0.460526
291,11,0.452589
291,12,0.451526
291,13,0.456549
291,14,0.457753
291,15,0.448290
292,1,0.462963
292,2,0.453385
292,3,0.453979
292,4,0.468236
292,5,0.501306
292,6,0.455952
292,7,0.445398
292,8,0.453075
292,9,0.501030
292,10,0.493351
292,11,0.514644
292,12,0.527304
292,13,0.522741
292,14,0.468209
292,15,0.466580
293,1,0.465540
293,2,0.449111
293,3,0.460178
293,4,0.455447
293,5,0.490403
293,6,0.492601
293,7,0.458347
293,8,0.450250
293,9,0.454747
293,10,0.454799
293,11,0.459803
293,12,0.453876
293,13,0.461179
293,14,0.457659
293,15,0.457403
294,1,0.456746
294,2,0.464072
294,3,0.449425
294,4,0.499780
294,5,0.502295
294,6,0.515125
294,7,0.517294
294,8,0.531364
294,9,0.530161
294,10,0.525808
294,11,0.531130
294,12,0.460880
294,13,0.454705
294,14,0.445419
294,15,0.452619
295,1,0.446238
295,2,0.447223
295,3,0.448961
295,4,0.463157
295,5,0.466400
295,6,0.463952
295,7,0.450032
295,8,0.496921
295,9,0.495821
295,10,0.529717
295,11,0.518565
295,12,0.522605
295,13,0.525705
295,14,0.461561
295,15,0.464437
296,1,0.465541
296,2,0.461227
296,3,0.449669
296,4,0.458405
296,5,0.453961
296,6,0.457471
296,7,0.458693
296,8,0.464388
296,9,0.496450
296,10,0.503061
296,11,0.457637
296,12,0.453296
296,13,0.450133
296,14,0.448141
296,15,0.503884
297,1,0.499373
297,2,0.462150
297,3,0.445331
297,4,0.445359
297,5,0.452211
297,6,0.484524
297,7,0.503008
297,8,0.459268
297,9,0.447916
297,10,0.452843
297,11,0.452974
297,12,0.461713
297,13,0.517493
297,14,0.526763
297,15,0.529184
298,1,0.462972
298,2,0.464873
298,3,0.456824
298,4,0.446399
298,5,0.458915
298,6,0.452147
298,7,0.449638
298,8,0.453152
298,9,0.471936
298,10,0.458881
298,11,0.447057
298,12,0.459034
298,13,0.450116
298,14,0.451261
298,15,0.499468
299,1,0.540853
299,2,0.541402
299,3,0.458401
299,4,0.450465
299,5,0.461179
299,6,0.499480
299,7,0.459326
299,8,0.458888
299,9,0.453723
299,10,0.450135
299,11,0.505932
299,12,0.531155
299,13,0.455952
299,14,0.481046
299,15,0.459068
300,1,0.451379
300,2,0.458915
300,3,0.490650
300,4,0.504844
300,5,0.460050
300,6,0.488123
300,7,0.460505
300,8,0.454379
300,9,0.451526
300,10,0.449173
300,11,0.447156
300,12,0.450768
300,13,0.458227
300,14,0.451898
300,15,0.452312
301,1,0.502801
301,2,0.493615
301,3,0.526133
301,4,0.531704
301,5,0.454974
301,6,0.450347
301,7,0.452566
301,8,0.457980
301,9,0.493797
301,10,0.495465
301,11,0.526980
301,12,0.524203
301,13,0.461137
301,14,0.483399
301,15,0.504540
302,1,0.461786
302,2,0.484444
302,3,0.506386
302,4,0.532330
302,5,0.530161
302,6,0.523019
302,7,0.522608
302,8,0.458108
302,9,0.450574
302,10,0.448681
302,11,0.458858
302,12,0.446681
302,13,0.447577
302,14,0.506218
302,15,0.497340
303,1,0.518909
303,2,0.518417
303,3,0.452944
303,4,0.454691
303,5,0.447604
303,6,0.456996
303,7,0.484960
303,8,0.500501
303,9,0.454881
303,10,0.449349
303,11,0.444571
303,12,0.460221
303,13,0.484524
303,14,0.457651
303,15,0.487012
304,1,0.501924
304,2,0.494657
304,3,0.522178
304,4,0.519188
304,5,0.452780
304,6,0.450181
304,7,0.450392
304,8,0.459977
304,9,0.483210
304,10,0.507188
304,11,0.531704
304,12,0.458401
304,13,0.449400
304,14,0.451910
304,15,0.447305
305,1,0.449452
305,2,0.520327
305,3,0.518789
305,4,0.522741
305,5,0.524434
305,6,0.461360
305,7,0.447817
305,8,0.446788
305,9,0.463051
305,10,0.449030
305,11,0.458411
305,12,0.493708
305,13,0.456485
305,14,0.491191
305,15,0.506030
306,1,0.507006
306,2,0.531521
306,3,0.532149
306,4,0.531704
306,5,0.529837
306,6,0.456875
306,7,0.450156
306,8,0.452242
306,9,0.466033
306,10,0.454194
306,11,0.483801
306,12,0.502758
306,13,0.496501
306,14,0.524578
306,15,0.519342
307,1,0.531999
307,2,0.531155
307,3,0.531155
307,4,0.530203
307,5,0.525906
307,6,0.529900
307,7,0.522819
307,8,0.522856
307,9,0.456662
307,10,0.453104
307,11,0.453424
307,12,0.467714
307,13,0.450713
307,14,0.499778
307,15,0.495821
308,1,0.457770
308,2,0.449263
308,3,0.451526
308,4,0.454453
308,5,0.496790
308,6,0.502069
308,7,0.532111
308,8,0.454974
308,9,0.450764
308,10,0.448681
308,11,0.457235
308,12,0.447313
308,13,0.449878
308,14,0.498695
308,15,0.455687
309,1,0.450764
309,2,0.453723
309,3,0.444819
309,4,0.456194
309,5,0.518090
309,6,0.530803
309,7,0.526545
309,8,0.529869
309,9,0.522615
309,10,0.531965
309,11,0.531155
309,12,0.458401
309,13,0.485963
309,14,0.504764
309,15,0.502341
310,1,0.530041
310,2,0.526369
310,3,0.532313
310,4,0.531704
310,5,0.531521
310,6,0.458401
310,7,0.449349
310,8,0.452063
310,9,0.505089
310,10,0.498524
310,11,0.526546
310,12,0.532517
310,13,0.531521
310,14,0.459641
310,15,0.450764
311,1,0.445610
311,2,0.452211
311,3,0.448299
311,4,0.457579
311,5,0.463791
311,6,0.449249
311,7,0.457425
311,8,0.492337
311,9,0.528769
311,10,0.531339
311,11,0.529714
311,12,0.525808
311,13,0.527275
311,14,0.526423
311,15,0.456123
312,1,0.450060
312,2,0.441237
312,3,0.445197
312,4,0.453219
312,5,0.448101
312,6,0.451355
312,7,0.457058
312,8,0.500517
312,9,0.500247
312,10,0.532560
312,11,0.521641
312,12,0.531704
312,13,0.458401
312,14,0.450764
312,15,0.444571
313,1,0.447752
313,2,0.483554
313,3,0.506871
313,4,0.462155
313,5,0.455533
313,6,0.458418
313,7,0.500713
313,8,0.458049
313,9,0.446041
313,10,0.447848
313,11,0.458130
313,12,0.448009
313,13,0.451409
313,14,0.454211
313,15,0.465138
314,1,0.445463
314,2,0.452952
314,3,0.502818
314,4,0.457332
314,5,0.451721
314,6,0.450652
314,7,0.505956
314,8,0.531613
314,9,0.527022
314,10,0.526545
314,11,0.529869
314,12,0.522615
314,13,0.529638
314,14,0.525507
314,15,0.518888
315,1,0.453921
315,2,0.449677
315,3,0.449756
315,4,0.455405
315,5,0.447825
315,6,0.454123
315,7,0.521306
315,8,0.455265
315,9,0.452786
315,10,0.444611
315,11,0.459891
315,12,0.449598
315,13,0.456211
315,14,0.492384
315,15,0.467473
316,1,0.484410
316,2,0.531309
316,3,0.531521
316,4,0.531521
316,5,0.459724
316,6,0.482539
316,7,0.507112
316,8,0.503505
316,9,0.521357
316,10,0.521823
316,11,0.530161
316,12,0.460255
316,13,0.445206
316,14,0.456236
316,15,0.501286
317,1,0.460354
317,2,0.450117
317,3,0.449878
317,4,0.529882
317,5,0.461026
317,6,0.446297
317,7,0.450652
317,8,0.501561
317,9,0.457599
317,10,0.450117
317,11,0.449878
317,12,0.501561
317,13,0.530468
317,14,0.521537
317,15,0.521635
318,1,0.530563
318,2,0.461026
318,3,0.454705
318,4,0.467188
318,5,0.444577
318,6,0.450973
318,7,0.452852
318,8,0.445399
318,9,0.447985
318,10,0.467616
318,11,0.488694
318,12,0.455608
318,13,0.450775
318,14,0.452029
318,15,0.483922
319,1,0.505238
319,2,0.458204
319,3,0.450117
319,4,0.475455
319,5,0.475675
319,6,0.450117
319,7,0.461599
319,8,0.449176
319,9,0.452359
319,10,0.464824
319,11,0.527946
319,12,0.461026
319,13,0.489178
319,14,0.496555
319,15,0.505014
320,1,0.522705
320,2,0.532111
320,3,0.526980
320,4,0.525906
320,5,0.457410
320,6,0.487321
320,7,0.460505
320,8,0.449677
320,9,0.448808
320,10,0.458993
320,11,0.451325
320,12,0.450728
320,13,0.516030
320,14,0.531521
320,15,0.458077
321,1,0.445815
321,2,0.471885
321,3,0.503635
321,4,0.497329
321,5,0.508454
321,6,0.521802
321,7,0.527090
321,8,0.518622
321,9,0.527812
321,10,0.455650
321,11,0.441484
321,12,0.443350
321,13,0.449925
321,14,0.455990
321,15,0.455328
322,1,0.452842
322,2,0.475644
322,3,0.494712
322,4,0.529947
322,5,0.522819
322,6,0.460780
322,7,0.452297
322,8,0.450865
322,9,0.492898
322,10,0.460526
322,11,0.487321
322,12,0.459616
322,13,0.451689
322,14,0.454268
322,15,0.498247
323,1,0.521641
323,2,0.531959
323,3,0.460526
323,4,0.452589
323,5,0.455559
323,6,0.453881
323,7,0.452952
323,8,0.457448
323,9,0.483288
323,10,0.455062
323,11,0.458470
323,12,0.453882
323,13,0.469931
323,14,0.446327
323,15,0.452217
324,1,0.506135
324,2,0.507128
324,3,0.526491
324,4,0.523049
324,5,0.460526
324,6,0.487321
324,7,0.455062
324,8,0.446681
324,9,0.445242
324,10,0.453846
324,11,0.495211
324,12,0.495976
324,13,0.523876
324,14,0.457372
324,15,0.446601
325,1,0.452566
325,2,0.453144
325,3,0.499417
325,4,0.459955
325,5,0.443996
325,6,0.448177
325,7,0.441544
325,8,0.487925
325,9,0.458858
325,10,0.451689
325,11,0.452615
325,12,0.529506
325,13,0.523306
325,14,0.456527
325,15,0.445988
326,1,0.456941
326,2,0.460370
326,3,0.447464
326,4,0.454271
326,5,0.447330
326,6,0.473905
326,7,0.454823
326,8,0.447797
326,9,0.451319
326,10,0.506030
326,11,0.531155
326,12,0.531155
326,13,0.457552
326,14,0.482846
326,15,0.507188
327,1,0.540853
327,2,0.529714
327,3,0.526878
327,4,0.521461
327,5,0.527302
327,6,0.523019
327,7,0.521576
327,8,0.522830
327,9,0.523188
327,10,0.531222
327,11,0.527767
327,12,0.519825
327,13,0.520407
327,14,0.531451
327,15,0.519735
328,1,0.519856
328,2,0.520082
328,3,0.460760
328,4,0.451935
328,5,0.458560
328,6,0.446654
328,7,0.454575
328,8,0.502758
328,9,0.525328
328,10,0.529947
328,11,0.518701
328,12,0.527162
328,13,0.520120
328,14,0.523049
328,15,0.455956
329,1,0.469898
329,2,0.459769
329,3,0.488731
329,4,0.465919
329,5,0.465608
329,6,0.504255
329,7,0.461786
329,8,0.462856
329,9,0.460505
329,10,0.450764
329,11,0.447985
329,12,0.460505
329,13,0.452753
329,14,0.454268
329,15,0.529506
330,1,0.522819
330,2,0.519559
330,3,0.525778
330,4,0.461370
330,5,0.463834
330,6,0.468831
330,7,0.448260
330,8,0.452022
330,9,0.504445
330,10,0.526491
330,11,0.530041
330,12,0.523306
330,13,0.524434
330,14,0.460623
330,15,0.462678
331,1,0.460534
331,2,0.452379
331,3,0.452274
331,4,0.506892
331,5,0.460526
331,6,0.487321
331,7,0.503645
331,8,0.461786
331,9,0.447974
331,10,0.451257
331,11,0.501326
331,12,0.524283
331,13,0.462150
331,14,0.468483
331,15,0.505594
332,1,0.529954
332,2,0.522970
332,3,0.529545
332,4,0.464400
332,5,0.455677
332,6,0.447058
332,7,0.468057
332,8,0.451072
332,9,0.450110
332,10,0.492897
332,11,0.526980
332,12,0.525808
332,13,0.516596
332,14,0.521635
332,15,0.530203
333,1,0.461818
333,2,0.469030
333,3,0.495146
333,4,0.526024
333,5,0.524154
333,6,0.524434
333,7,0.523719
333,8,0.519731
333,9,0.527871
333,10,0.522318
333,11,0.457352
333,12,0.450250
333,13,0.455559
333,14,0.468249
333,15,0.459319
334,1,0.454875
334,2,0.453764
334,3,0.501561
334,4,0.541218
334,5,0.530161
334,6,0.525808
334,7,0.526216
334,8,0.461129
334,9,0.490210
334,10,0.506871
334,11,0.461677
334,12,0.490210
334,13,0.504219
334,14,0.502341
334,15,0.527352
335,1,0.460021
335,2,0.462319
335,3,0.480637
335,4,0.471195
335,5,0.526612
335,6,0.526369
335,7,0.521275
335,8,0.458401
335,9,0.450117
335,10,0.451910
335,11,0.484412
335,12,0.505950
335,13,0.527304
335,14,0.523019
335,15,0.526999
336,1,0.524156
336,2,0.526786
336,3,0.526369
336,4,0.529900
336,5,0.524520
336,6,0.526298
336,7,0.458420
336,8,0.449658
336,9,0.454859
336,10,0.499607
336,11,0.456591
336,12,0.481836
336,13,0.502151
336,14,0.496110
336,15,0.531207
337,1,0.525006
337,2,0.534561
337,3,0.455973
337,4,0.467916
337,5,0.459943
337,6,0.449677
337,7,0.444571
337,8,0.460257
337,9,0.500427
337,10,0.509186
337,11,0.455665
337,12,0.461591
337,13,0.527275
337,14,0.526491
337,15,0.529659
338,1,0.456659
338,2,0.451721
338,3,0.451605
338,4,0.495465
338,5,0.530161
338,6,0.525808
338,7,0.521028
338,8,0.521958
338,9,0.521458
338,10,0.530161
338,11,0.525906
338,12,0.455286
338,13,0.446858
338,14,0.453206
338,15,0.464264
339,1,0.506673
339,2,0.499464
339,3,0.457132
339,4,0.451483
339,5,0.450341
339,6,0.497677
339,7,0.459724
339,8,0.487321
339,9,0.505993
339,10,0.461026
339,11,0.447553
339,12,0.454980
339,13,0.448238
339,14,0.453263
339,15,0.483748
340,1,0.497385
340,2,0.496501
340,3,0.464538
340,4,0.464283
340,5,0.456348
340,6,0.483722
340,7,0.502758
340,8,0.458239
340,9,0.445403
340,10,0.456289
340,11,0.459600
340,12,0.456738
340,13,0.462361
340,14,0.468294
340,15,0.449884
341,1,0.460279
341,2,0.450764
341,3,0.443371
341,4,0.454068
341,5,0.501030
341,6,0.460189
341,7,0.461759
341,8,0.529900
341,9,0.531155
341,10,0.531155
341,11,0.458077
341,12,0.471256
341,13,0.498421
341,14,0.502625
341,15,0.521049
342,1,0.531159
342,2,0.455952
342,3,0.444817
342,4,0.445523
342,5,0.459000
342,6,0.494030
342,7,0.499916
342,8,0.522194
342,9,0.521458
342,10,0.530203
342,11,0.525906
342,12,0.532194
342,13,0.526980
342,14,0.525223
342,15,0.530607
343,1,0.531155
343,2,0.458077
343,3,0.488078
343,4,0.457421
343,5,0.450470
343,6,0.441536
343,7,0.448644
343,8,0.450298
343,9,0.456050
343,10,0.471887
343,11,0.521666
343,12,0.460526
343,13,0.451012
343,14,0.454754
343,15,0.463082
344,1,0.446993
344,2,0.447094
344,3,0.506300
344,4,0.530718
344,5,0.526980
344,6,0.529547
344,7,0.461189
344,8,0.443561
344,9,0.451450
344,10,0.460060
344,11,0.447313
344,12,0.456043
344,13,0.489814
344,14,0.457601
344,15,0.446819
345,1,0.450635
345,2,0.497194
345,3,0.524616
345,4,0.456754
345,5,0.450295
345,6,0.449878
345,7,0.498643
345,8,0.526423
345,9,0.455294
345,10,0.487091
345,11,0.503970
345,12,0.502341
345,13,0.529717
345,14,0.525372
345,15,0.532687
346,1,0.526262
346,2,0.529869
346,3,0.522741
346,4,0.462833
346,5,0.446666
346,6,0.452200
346,7,0.454106
346,8,0.468498
346,9,0.449945
346,10,0.450547
346,11,0.490072
346,12,0.520767
346,13,0.530203
346,14,0.525906
346,15,0.527043
347,1,0.460475
347,2,0.451721
347,3,0.456338
347,4,0.491601
347,5,0.457018
347,6,0.450761
347,7,0.476145
347,8,0.456757
347,9,0.446180
347,10,0.447123
347,11,0.496234
347,12,0.499220
347,13,0.458077
347,14,0.482404
347,15,0.506502
348,1,0.502341
348,2,0.527208
348,3,0.458879
348,4,0.449766
348,5,0.453723
348,6,0.453065
348,7,0.495811
348,8,0.458879
348,9,0.451012
348,10,0.449878
348,11,0.501911
348,12,0.497422
348,13,0.529469
348,14,0.523251
348,15,0.524412
349,1,0.461497
349,2,0.444958
349,3,0.463446
349,4,0.467481
349,5,0.448596
349,6,0.496047
349,7,0.489804
349,8,0.493047
349,9,0.526918
349,10,0.455850
349,11,0.445817
349,12,0.461491
349,13,0.492215
349,14,0.492952
349,15,0.529619
350,1,0.460894
350,2,0.446498
350,3,0.448173
350,4,0.502758
350,5,0.458130
350,6,0.462856
350,7,0.458266
350,8,0.452753
350,9,0.461097
350,10,0.500237
350,11,0.522414
350,12,0.529879
350,13,0.456875
350,14,0.450156
350,15,0.471839
351,1,0.530089
351,2,0.522741
351,3,0.460014
351,4,0.445988
351,5,0.445695
351,6,0.473133
351,7,0.502114
351,8,0.526300
351,9,0.458082
351,10,0.445503
351,11,0.450633
351,12,0.505348
351,13,0.498189
351,14,0.522147
351,15,0.529971
352,1,0.456256
352,2,0.449026
352,3,0.453626
352,4,0.500778
352,5,0.501383
352,6,0.529638
352,7,0.522554
352,8,0.461526
352,9,0.461565
352,10,0.445707
352,11,0.452275
352,12,0.448299
352,13,0.451265
352,14,0.505101
352,15,0.521641
353,1,0.531339
353,2,0.457223
353,3,0.449349
353,4,0.443371
353,5,0.461116
353,6,0.452517
353,7,0.499955
353,8,0.458077
353,9,0.466474
353,10,0.506569
353,11,0.531339
353,12,0.529837
353,13,0.460512
353,14,0.462783
353,15,0.506001
354,1,0.526491
354,2,0.527232
354,3,0.463928
354,4,0.446297
354,5,0.449972
354,6,0.491204
354,7,0.458405
354,8,0.450347
354,9,0.445610
354,10,0.474331
354,11,0.532111
354,12,0.529837
354,13,0.518766
354,14,0.459750
354,15,0.445659
355,1,0.450656
355,2,0.463408
355,3,0.460505
355,4,0.447971
355,5,0.455872
355,6,0.499607
355,7,0.499759
355,8,0.526180
355,9,0.525638
355,10,0.465092
355,11,0.483050
355,12,0.452098
355,13,0.484235
355,14,0.460981
355,15,0.445889
356,1,0.448571
356,2,0.503008
356,3,0.461135
356,4,0.468009
356,5,0.457490
356,6,0.470932
356,7,0.505795
356,8,0.462494
356,9,0.488001
356,10,0.504764
356,11,0.461670
356,12,0.489178
356,13,0.505200
356,14,0.458401
356,15,0.449400
357,1,0.472672
357,2,0.500348
357,3,0.498946
357,4,0.455657
357,5,0.454202
357,6,0.456338
357,7,0.492338
357,8,0.520632
357,9,0.526980
357,10,0.457132
357,11,0.455580
357,12,0.451605
357,13,0.507600
357,14,0.521641
357,15,0.460526
358,1,0.452501
358,2,0.448681
358,3,0.501933
358,4,0.521823
358,5,0.530161
358,6,0.460790
358,7,0.455613
358,8,0.453085
358,9,0.455209
358,10,0.494260
358,11,0.490756
358,12,0.525837
358,13,0.457610
358,14,0.446087
358,15,0.452212
359,1,0.506386
359,2,0.456754
359,3,0.485963
359,4,0.458881
359,5,0.453509
359,6,0.453666
359,7,0.454566
359,8,0.447038
359,9,0.452434
359,10,0.469307
359,11,0.460505
359,12,0.447971
359,13,0.447916
359,14,0.453238
359,15,0.476857
360,1,0.458330
360,2,0.451031
360,3,0.455889
360,4,0.453457
360,5,0.456649
360,6,0.473950
360,7,0.493295
360,8,0.494240
360,9,0.526684
360,10,0.455544
360,11,0.446297
360,12,0.450778
360,13,0.499468
360,14,0.458405
360,15,0.450117
361,1,0.454859
361,2,0.490126
361,3,0.497582
361,4,0.459019
361,5,0.451142
361,6,0.460310
361,7,0.500275
361,8,0.530209
361,9,0.526491
361,10,0.522601
361,11,0.531052
361,12,0.526491
361,13,0.526802
361,14,0.525686
361,15,0.522616
362,1,0.456758
362,2,0.449349
362,3,0.453075
362,4,0.491229
362,5,0.455630
362,6,0.481181
362,7,0.506296
362,8,0.499037
362,9,0.531339
362,10,0.526980
362,11,0.518716
362,12,0.518909
362,13,0.464277
362,14,0.450695
362,15,0.451947
363,1,0.467180
363,2,0.503801
363,3,0.524205
363,4,0.523450
363,5,0.528562
363,6,0.526491
363,7,0.529807
363,8,0.461026
363,9,0.463815
363,10,0.457171
363,11,0.447971
363,12,0.449965
363,13,0.452162
363,14,0.445427
363,15,0.451910
364,1,0.445393
364,2,0.450133
364,3,0.458921
364,4,0.450856
364,5,0.455168
364,6,0.502292
364,7,0.526369
364,8,0.526782
364,9,0.520564
364,10,0.529765
364,11,0.456875
364,12,0.455672
364,13,0.452414
364,14,0.457772
364,15,0.448748
365,1,0.461338
365,2,0.499458
365,3,0.500793
365,4,0.528779
365,5,0.524763
365,6,0.458154
365,7,0.450060
365,8,0.452842
365,9,0.447989
365,10,0.482772
365,11,0.490285
365,12,0.457601
365,13,0.449896
365,14,0.447985
365,15,0.503635
366,1,0.502341
366,2,0.526218
366,3,0.461283
366,4,0.446297
366,5,0.472249
366,6,0.456681
366,7,0.445044
366,8,0.453441
366,9,0.499600
366,10,0.456696
366,11,0.450764
366,12,0.451526
366,13,0.457479
366,14,0.497011
366,15,0.499238
367,1,0.499760
367,2,0.454280
367,3,0.450903
367,4,0.455791
367,5,0.467347
367,6,0.532141
367,7,0.527424
367,8,0.461283
367,9,0.469030
367,10,0.495065
367,11,0.493388
367,12,0.521357
367,13,0.532149
367,14,0.531521
367,15,0.460526
368,1,0.450117
368,2,0.449878
368,3,0.509614
368,4,0.457599
368,5,0.486585
368,6,0.457969
368,7,0.453392
368,8,0.452900
368,9,0.459795
368,10,0.445889
368,11,0.447701
368,12,0.457217
368,13,0.446491
368,14,0.458464
368,15,0.457367
369,1,0.445536
369,2,0.445440
369,3,0.453789
369,4,0.455154
369,5,0.456970
369,6,0.492338
369,7,0.492481
369,8,0.462063
369,9,0.445945
369,10,0.445373
369,11,0.456246
369,12,0.451133
369,13,0.449714
369,14,0.505341
369,15,0.502341
370,1,0.532482
370,2,0.458401
370,3,0.450347
370,4,0.444571
370,5,0.459313
370,6,0.463547
370,7,0.452903
370,8,0.449861
370,9,0.448861
370,10,0.450531
370,11,0.490981
370,12,0.494434
370,13,0.498239
370,14,0.467195
370,15,0.442627
371,1,0.459353
371,2,0.445715
371,3,0.444242
371,4,0.452038
371,5,0.446002
371,6,0.446017
371,7,0.456173
371,8,0.450767
371,9,0.452460
371,10,0.457922
371,11,0.452074
371,12,0.458016
371,13,0.487321
371,14,0.497651
371,15,0.526980
372,1,0.461283
372,2,0.455580
372,3,0.453662
372,4,0.458016
372,5,0.450612
372,6,0.451910
372,7,0.447824
372,8,0.456004
372,9,0.457454
372,10,0.462719
372,11,0.496939
372,12,0.497125
372,13,0.456754
372,14,0.449766
372,15,0.455559
373,1,0.450498
373,2,0.459526
373,3,0.446635
373,4,0.447079
373,5,0.449337
373,6,0.499867
373,7,0.491228
373,8,0.529947
373,9,0.522493
373,10,0.521853
373,11,0.455851
373,12,0.449091
373,13,0.450774
373,14,0.501233
373,15,0.499653
374,1,0.525837
374,2,0.532808
374,3,0.458401
374,4,0.469763
374,5,0.466420
374,6,0.486240
374,7,0.508119
374,8,0.458401
374,9,0.485828
374,10,0.460279
374,11,0.487012
374,12,0.503662
374,13,0.502341
374,14,0.458154
374,15,0.450077
375,1,0.454268
375,2,0.501793
375,3,0.527304
375,4,0.523019
375,5,0.522285
375,6,0.532060
375,7,0.522194
375,8,0.527064
375,9,0.523019
375,10,0.460014
375,11,0.446170
375,12,0.452100
375,13,0.483558
375,14,0.507590
375,15,0.499402
376,1,0.529879
376,2,0.457132
376,3,0.455580
376,4,0.457543
376,5,0.507779
376,6,0.526707
376,7,0.522121
376,8,0.465180
376,9,0.469685
376,10,0.496688
376,11,0.521458
376,12,0.531051
376,13,0.458401
376,14,0.453432
376,15,0.455025
377,1,0.506201
377,2,0.459889
377,3,0.447155
377,4,0.445221
377,5,0.455406
377,6,0.459923
377,7,0.484205
377,8,0.463427
377,9,0.452599
377,10,0.455559
377,11,0.468613
377,12,0.457220
377,13,0.446399
377,14,0.449878
377,15,0.504445
378,1,0.460880
378,2,0.469509
378,3,0.499901
378,4,0.458239
378,5,0.483004
378,6,0.457933
378,7,0.471628
378,8,0.456329
378,9,0.450369
378,10,0.457399
378,11,0.445893
378,12,0.465693
378,13,0.503008
378,14,0.503946
378,15,0.455990
379,1,0.453072
379,2,0.453075
379,3,0.501030
379,4,0.497166
379,5,0.521804
379,6,0.531548
379,7,0.521458
379,8,0.529879
379,9,0.525906
379,10,0.529885
379,11,0.526247
379,12,0.456231
379,13,0.450060
379,14,0.448592
379,15,0.501306
380,1,0.460751
380,2,0.450117
380,3,0.458915
380,4,0.471244
380,5,0.505341
380,6,0.525273
380,7,0.455294
380,8,0.486797
380,9,0.496072
380,10,0.530203
380,11,0.522741
380,12,0.462150
380,13,0.453115
380,14,0.453085
380,15,0.452370
381,1,0.457988
381,2,0.451031
381,3,0.462193
381,4,0.500853
381,5,0.452636
381,6,0.461691
381,7,0.460534
381,8,0.450703
381,9,0.457879
381,10,0.451689
381,11,0.459034
381,12,0.447177
381,13,0.463348
381,14,0.447825
381,15,0.458993
382,1,0.487012
382,2,0.496598
382,3,0.460943
382,4,0.454845
382,5,0.443371
382,6,0.465433
382,7,0.470164
382,8,0.468361
382,9,0.501030
382,10,0.458239
382,11,0.484490
382,12,0.515030
382,13,0.531339
382,14,0.521458
382,15,0.526980
383,1,0.530839
383,2,0.526298
383,3,0.457325
383,4,0.487321
383,5,0.457969
383,6,0.447979
383,7,0.449965
383,8,0.530723
383,9,0.531521
383,10,0.459724
383,11,0.472058
383,12,0.461450
383,13,0.487012
383,14,0.456709
383,15,0.489411
384,1,0.517046
384,2,0.508912
384,3,0.521641
384,4,0.460526
384,5,0.450764
384,6,0.448681
384,7,0.460265
384,8,0.450470
384,9,0.444098
384,10,0.452387
384,11,0.491863
384,12,0.458405
384,13,0.449349
384,14,0.443404
384,15,0.450884
385,1,0.451254
385,2,0.462984
385,3,0.493654
385,4,0.529292
385,5,0.521891
385,6,0.525630
385,7,0.529881
385,8,0.522819
385,9,0.522030
385,10,0.529947
385,11,0.523227
385,12,0.527162
385,13,0.524808
385,14,0.521806
385,15,0.529549
386,1,0.530203
386,2,0.461818
386,3,0.451721
386,4,0.460429
386,5,0.493350
386,6,0.499916
386,7,0.531339
386,8,0.530203
386,9,0.525906
386,10,0.456941
386,11,0.449698
386,12,0.461179
386,13,0.501101
386,14,0.496911
386,15,0.531393
387,1,0.457599
387,2,0.487321
387,3,0.501398
387,4,0.521945
387,5,0.462150
387,6,0.450525
387,7,0.450567
387,8,0.462531
387,9,0.502458
387,10,0.505144
387,11,0.498070
387,12,0.455606
387,13,0.446601
387,14,0.444136
387,15,0.456097
388,1,0.494463
388,2,0.516356
388,3,0.531521
388,4,0.531704
388,5,0.458077
388,6,0.487186
388,7,0.503931
388,8,0.497340
388,9,0.456895
388,10,0.454395
388,11,0.448886
388,12,0.457933
388,13,0.455668
388,14,0.452776
388,15,0.456399
389,1,0.452083
389,2,0.467747
389,3,0.453065
389,4,0.495099
389,5,0.509284
389,6,0.459724
389,7,0.487321
389,8,0.505333
389,9,0.502949
389,10,0.524353
389,11,0.447867
389,12,0.445815
389,13,0.441536
389,14,0.450498
389,15,0.506562
390,1,0.528881
390,2,0.461283
390,3,0.450540
390,4,0.460102
390,5,0.491965
390,6,0.459233
390,7,0.484321
390,8,0.505333
390,9,0.531155
390,10,0.453796
390,11,0.444779
390,12,0.454268
390,13,0.500869
390,14,0.455038
390,15,0.456346
391,1,0.444273
391,2,0.460114
391,3,0.456180
391,4,0.445408
391,5,0.457630
391,6,0.471759
391,7,0.523946
391,8,0.531891
391,9,0.457599
391,10,0.449349
391,11,0.443371
391,12,0.450511
391,13,0.495432
391,14,0.449534
391,15,0.449766
392,1,0.453075
392,2,0.503887
392,3,0.502286
392,4,0.531159
392,5,0.521641
392,6,0.448283
392,7,0.445674
392,8,0.455165
392,9,0.502382
392,10,0.525328
392,11,0.521910
392,12,0.458713
392,13,0.446374
392,14,0.447985
392,15,0.503887
393,1,0.494657
393,2,0.527043
393,3,0.525808
393,4,0.531420
393,5,0.531339
393,6,0.541218
393,7,0.460526
393,8,0.451012
393,9,0.460211
393,10,0.490650
393,11,0.495811
393,12,0.456432
393,13,0.450764
393,14,0.445610
393,15,0.455542
394,1,0.466471
394,2,0.495795
394,3,0.495134
394,4,0.531174
394,5,0.530161
394,6,0.461047
394,7,0.453703
394,8,0.448783
394,9,0.495811
394,10,0.455630
394,11,0.450295
394,12,0.454859
394,13,0.492343
394,14,0.461370
394,15,0.445638
395,1,0.475219
395,2,0.502029
395,3,0.460880
395,4,0.456026
395,5,0.459124
395,6,0.469568
395,7,0.449884
395,8,0.462716
395,9,0.486175
395,10,0.506827
395,11,0.500358
395,12,0.530089
395,13,0.526369
395,14,0.523269
395,15,0.520963
396,1,0.529469
396,2,0.460790
396,3,0.490210
396,4,0.460116
396,5,0.452753
396,6,0.454268
396,7,0.457944
396,8,0.450601
396,9,0.454268
396,10,0.504577
396,11,0.517949
396,12,0.524956
396,13,0.464100
396,14,0.488800
396,15,0.507188
397,1,0.540853
397,2,0.458401
397,3,0.450465
397,4,0.458915
397,5,0.455176
397,6,0.467810
397,7,0.448609
397,8,0.499529
397,9,0.497622
397,10,0.522608
397,11,0.530209
397,12,0.526491
397,13,0.531159
397,14,0.527022
397,15,0.518716
398,1,0.532687
398,2,0.522515
398,3,0.531130
398,4,0.460880
398,5,0.446297
398,6,0.450115
398,7,0.499730
398,8,0.457977
398,9,0.450117
398,10,0.461179
398,11,0.457525
398,12,0.455510
398,13,0.450396
398,14,0.503210
398,15,0.499212
399,1,0.518888
399,2,0.518985
399,3,0.455963
399,4,0.450903
399,5,0.451061
399,6,0.496456
399,7,0.459724
399,8,0.453587
399,9,0.453723
399,10,0.450498
399,11,0.491002
399,12,0.529837
399,13,0.525906
399,14,0.517148
399,15,0.530203
400,1,0.522741
400,2,0.456985
400,3,0.448877
400,4,0.449982
400,5,0.531812
400,6,0.526980
400,7,0.460255
400,8,0.446498
400,9,0.463896
400,10,0.465428
400,11,0.449884
400,12,0.500550
400,13,0.514919
400,14,0.521641
400,15,0.529714
401,1,0.524033
401,2,0.527812
401,3,0.526720
401,4,0.530237
401,5,0.456754
401,6,0.451012
401,7,0.455922
401,8,0.458783
401,9,0.451842
401,10,0.455025
401,11,0.455990
401,12,0.487026
401,13,0.458154
401,14,0.487012
401,15,0.505089
402,1,0.461677
402,2,0.455580
402,3,0.457966
402,4,0.456628
402,5,0.468035
402,6,0.450975
402,7,0.491422
402,8,0.514045
402,9,0.517818
402,10,0.522618
402,11,0.518716
402,12,0.523317
402,13,0.522601
402,14,0.529837
402,15,0.520426
403,1,0.526412
403,2,0.529137
403,3,0.522790
403,4,0.526617
403,5,0.457933
403,6,0.443992
403,7,0.471523
403,8,0.522060
403,9,0.459150
403,10,0.485828
403,11,0.465388
403,12,0.451434
403,13,0.457583
403,14,0.449385
403,15,0.455963
404,1,0.460375
404,2,0.444472
404,3,0.444879
404,4,0.449528
404,5,0.447110
404,6,0.445513
404,7,0.454701
404,8,0.448030
404,9,0.457633
404,10,0.465004
404,11,0.488755
404,12,0.503008
404,13,0.457588
404,14,0.445087
404,15,0.450115
405,1,0.457752
405,2,0.453072
405,3,0.455559
405,4,0.470451
405,5,0.445734
405,6,0.454560
405,7,0.489170
405,8,0.507965
405,9,0.521205
405,10,0.458401
405,11,0.485828
405,12,0.499067
405,13,0.456817
405,14,0.457420
405,15,0.448783
406,1,0.505932
406,2,0.458401
406,3,0.449400
406,4,0.454268
406,5,0.504183
406,6,0.524656
406,7,0.521461
406,8,0.454650
406,9,0.453876
406,10,0.451910
406,11,0.452026
406,12,0.467216
406,13,0.464729
406,14,0.451736
406,15,0.501672
407,1,0.456754
407,2,0.450764
407,3,0.441536
407,4,0.446023
407,5,0.451190
407,6,0.452447
407,7,0.449723
407,8,0.502758
407,9,0.494657
407,10,0.526802
407,11,0.458789
407,12,0.482280
407,13,0.461550
407,14,0.454755
407,15,0.441536
408,1,0.461999
408,2,0.445608
408,3,0.452367
408,4,0.452736
408,5,0.452474
408,6,0.451864
408,7,0.450699
408,8,0.532808
408,9,0.527871
408,10,0.530731
408,11,0.524434
408,12,0.523942
408,13,0.520279
408,14,0.520682
408,15,0.528532
409,1,0.521136
409,2,0.521200
409,3,0.457526
409,4,0.446276
409,5,0.445610
409,6,0.461549
409,7,0.453595
409,8,0.465486
409,9,0.464620
409,10,0.449631
409,11,0.450722
409,12,0.527175
409,13,0.526247
409,14,0.455919
409,15,0.446276
410,1,0.441237
410,2,0.461999
410,3,0.464398
410,4,0.462114
410,5,0.469703
410,6,0.453881
410,7,0.457488
410,8,0.493836
410,9,0.504886
410,10,0.499212
410,11,0.460014
410,12,0.462065
410,13,0.463895
410,14,0.461734
410,15,0.462058
411,1,0.461956
411,2,0.446978
411,3,0.456216
411,4,0.494276
411,5,0.532111
411,6,0.531155
411,7,0.456754
411,8,0.469763
411,9,0.458915
411,10,0.451031
411,11,0.457583
411,12,0.467259
411,13,0.452409
411,14,0.450470
411,15,0.449057
412,1,0.460640
412,2,0.451325
412,3,0.459806
412,4,0.453616
412,5,0.446116
412,6,0.451777
412,7,0.447945
412,8,0.482228
412,9,0.460812
412,10,0.466344
412,11,0.501683
412,12,0.489966
412,13,0.494662
412,14,0.505215
412,15,0.461026
413,1,0.482931
413,2,0.502758
413,3,0.457588
413,4,0.447688
413,5,0.459576
413,6,0.452708
413,7,0.478964
413,8,0.493756
413,9,0.459408
413,10,0.487091
413,11,0.460981
413,12,0.445889
413,13,0.453075
413,14,0.503361
413,15,0.461786
414,1,0.453996
414,2,0.469687
414,3,0.453222
414,4,0.500906
414,5,0.492801
414,6,0.522597
414,7,0.519458
414,8,0.464218
414,9,0.468928
414,10,0.459680
414,11,0.447055
414,12,0.453003
414,13,0.458887
414,14,0.455653
414,15,0.435094
415,1,0.447906
415,2,0.501130
415,3,0.457599
415,4,0.485828
415,5,0.457234
415,6,0.487693
415,7,0.501639
415,8,0.461643
415,9,0.475341
415,10,0.459410
415,11,0.447210
415,12,0.456238
415,13,0.469466
415,14,0.459326
415,15,0.451367
416,1,0.448681
416,2,0.505966
416,3,0.525328
416,4,0.521028
416,5,0.522007
416,6,0.458401
416,7,0.485828
416,8,0.457234
416,9,0.454136
416,10,0.446279
416,11,0.457837
416,12,0.455631
416,13,0.454146
416,14,0.506182
416,15,0.526980
417,1,0.460512
417,2,0.481998
417,3,0.461161
417,4,0.487012
417,5,0.458156
417,6,0.488449
417,7,0.507188
417,8,0.531521
417,9,0.531965
417,10,0.454172
417,11,0.446851
417,12,0.455872
417,13,0.457322
417,14,0.466772
417,15,0.490001
418,1,0.459724
418,2,0.452589
418,3,0.453723
418,4,0.453476
418,5,0.452899
418,6,0.453758
418,7,0.468089
418,8,0.500805
418,9,0.457588
418,10,0.451721
418,11,0.470743
418,12,0.529947
418,13,0.466251
418,14,0.452977
418,15,0.461986
419,1,0.455744
419,2,0.446494
419,3,0.456214
419,4,0.453758
419,5,0.483503
419,6,0.507066
419,7,0.459150
419,8,0.485963
419,9,0.497651
419,10,0.498163
419,11,0.455952
419,12,0.485828
419,13,0.504496
419,14,0.495651
419,15,0.492620
420,1,0.526786
420,2,0.526369
420,3,0.456893
420,4,0.446601
420,5,0.453075
420,6,0.460966
420,7,0.483722
420,8,0.501907
420,9,0.461786
420,10,0.454419
420,11,0.464369
420,12,0.463777
420,13,0.450248
420,14,0.495603
420,15,0.457062
421,1,0.483544
421,2,0.503706
421,3,0.494657
421,4,0.448804
421,5,0.451060
421,6,0.461179
421,7,0.491798
421,8,0.452945
421,9,0.450601
421,10,0.458915
421,11,0.453245
421,12,0.451979
421,13,0.446612
421,14,0.447544
421,15,0.451561
422,1,0.514996
422,2,0.519437
422,3,0.531339
422,4,0.529837
422,5,0.456104
422,6,0.461850
422,7,0.461550
422,8,0.488001
422,9,0.506135
422,10,0.527304
422,11,0.522970
422,12,0.524270
422,13,0.463653
422,14,0.445638
422,15,0.459890
423,1,0.456632
423,2,0.452085
423,3,0.451061
423,4,0.494281
423,5,0.516481
423,6,0.457060
423,7,0.450117
423,8,0.449878
423,9,0.454750
423,10,0.450775
423,11,0.459034
423,12,0.453783
423,13,0.461613
423,14,0.446314
423,15,0.448152
424,1,0.459901
424,2,0.450442
424,3,0.456374
424,4,0.532746
424,5,0.527084
424,6,0.461283
424,7,0.451721
424,8,0.462557
424,9,0.499973
424,10,0.491644
424,11,0.460418
424,12,0.488934
424,13,0.505338
424,14,0.461135
424,15,0.446297
425,1,0.473664
425,2,0.462147
425,3,0.489650
425,4,0.501683
425,5,0.502341
425,6,0.532560
425,7,0.529879
425,8,0.526491
425,9,0.526844
425,10,0.523227
425,11,0.524434
425,12,0.460197
425,13,0.453115
425,14,0.469039
425,15,0.450498
426,1,0.461341
426,2,0.484205
426,3,0.505333
426,4,0.456754
426,5,0.453587
426,6,0.453723
426,7,0.468329
426,8,0.450247
426,9,0.490257
426,10,0.508918
426,11,0.454172
426,12,0.487321
426,13,0.495918
426,14,0.532330
426,15,0.455952
427,1,0.449400
427,2,0.451910
427,3,0.449385
427,4,0.451338
427,5,0.506285
427,6,0.460526
427,7,0.487942
427,8,0.499067
427,9,0.457588
427,10,0.468409
427,11,0.504014
427,12,0.502341
427,13,0.447867
427,14,0.451491
427,15,0.455780
428,1,0.457367
428,2,0.454022
428,3,0.448595
428,4,0.460491
428,5,0.446496
428,6,0.444098
428,7,0.450107
428,8,0.448739
428,9,0.454681
428,10,0.485317
428,11,0.503381
428,12,0.463367
428,13,0.450525
428,14,0.450592
428,15,0.506383
429,1,0.531339
429,2,0.521641
429,3,0.531155
429,4,0.457599
429,5,0.449400
429,6,0.458915
429,7,0.465833
429,8,0.502910
429,9,0.502341
429,10,0.526412
429,11,0.455952
429,12,0.450149
429,13,0.449455
429,14,0.493934
429,15,0.454978
430,1,0.453170
430,2,0.471189
430,3,0.505712
430,4,0.504271
430,5,0.498189
430,6,0.526546
430,7,0.527275
430,8,0.526369
430,9,0.523359
430,10,0.518622
430,11,0.519477
430,12,0.452934
430,13,0.461574
430,14,0.497003
430,15,0.455630
431,1,0.443946
431,2,0.441536
431,3,0.470517
431,4,0.449710
431,5,0.500927
431,6,0.520405
431,7,0.526980
431,8,0.521049
431,9,0.454531
431,10,0.485963
431,11,0.499901
431,12,0.458239
431,13,0.481983
431,14,0.495279
431,15,0.457601
432,1,0.449766
432,2,0.445610
432,3,0.452952
432,4,0.483528
432,5,0.491229
432,6,0.520405
432,7,0.458401
432,8,0.454770
432,9,0.455605
432,10,0.497948
432,11,0.491990
432,12,0.457170
432,13,0.483641
432,14,0.504745
432,15,0.525185
433,1,0.456893
433,2,0.453397
433,3,0.470014
433,4,0.450498
433,5,0.503635
433,6,0.523075
433,7,0.525837
433,8,0.455990
433,9,0.446087
433,10,0.466402
433,11,0.470795
433,12,0.446327
433,13,0.452897
433,14,0.501326
433,15,0.455544
434,1,0.449506
434,2,0.450115
434,3,0.494164
434,4,0.515367
434,5,0.462833
434,6,0.445817
434,7,0.456756
434,8,0.457826
434,9,0.446069
434,10,0.466065
434,11,0.467936
434,12,0.461691
434,13,0.449418
434,14,0.465213
434,15,0.458634
435,1,0.447916
435,2,0.465261
435,3,0.503346
435,4,0.497153
435,5,0.494058
435,6,0.524464
435,7,0.455333
435,8,0.450762
435,9,0.454268
435,10,0.509166
435,11,0.527304
435,12,0.525906
435,13,0.457426
435,14,0.444292
435,15,0.452566
436,1,0.453144
436,2,0.508113
436,3,0.455952
436,4,0.450347
436,5,0.444571
436,6,0.449877
436,7,0.455405
436,8,0.445467
436,9,0.456794
436,10,0.455688
436,11,0.483943
436,12,0.497300
436,13,0.448463
436,14,0.485828
436,15,0.507868
437,1,0.531155
437,2,0.459724
437,3,0.445495
437,4,0.454859
437,5,0.491798
437,6,0.505747
437,7,0.531155
437,8,0.455576
437,9,0.482404
437,10,0.455821
437,11,0.488449
437,12,0.495636
437,13,0.517379
437,14,0.458401
437,15,0.486720
438,1,0.503008
438,2,0.503505
438,3,0.529921
438,4,0.523227
438,5,0.455845
438,6,0.453293
438,7,0.454563
438,8,0.450608
438,9,0.448284
438,10,0.471642
438,11,0.497194
438,12,0.522048
438,13,0.455952
438,14,0.445398
438,15,0.453723
439,1,0.471400
439,2,0.471400
439,3,0.468159
439,4,0.459233
439,5,0.450187
439,6,0.446758
439,7,0.454321
439,8,0.483178
439,9,0.505102
439,10,0.530161
439,11,0.526491
439,12,0.531865
439,13,0.526707
439,14,0.523019
439,15,0.465862
440,1,0.451090
440,2,0.471695
440,3,0.458707
440,4,0.451181
440,5,0.455025
440,6,0.458921
440,7,0.488758
440,8,0.457234
440,9,0.483722
440,10,0.498695
440,11,0.496209
440,12,0.465180
440,13,0.469535
440,14,0.459803
440,15,0.451839
441,1,0.461097
441,2,0.500511
441,3,0.501326
441,4,0.456011
441,5,0.462428
441,6,0.494021
441,7,0.498785
441,8,0.455877
441,9,0.450431
441,10,0.451148
441,11,0.445627
441,12,0.450434
441,13,0.450814
441,14,0.450486
441,15,0.521612
442,1,0.531010
442,2,0.461561
442,3,0.469030
442,4,0.506834
442,5,0.526980
442,6,0.518537
442,7,0.522201
442,8,0.529869
442,9,0.522741
442,10,0.462150
442,11,0.461373
442,12,0.443498
442,13,0.450211
442,14,0.448309
442,15,0.447919
443,1,0.473001
443,2,0.495248
443,3,0.526762
443,4,0.519188
443,5,0.519099
443,6,0.526382
443,7,0.455918
443,8,0.456132
443,9,0.446478
443,10,0.499901
443,11,0.461786
443,12,0.483004
443,13,0.489351
443,14,0.503904
443,15,0.457132
444,1,0.482931
444,2,0.506030
444,3,0.459150
444,4,0.486313
444,5,0.507064
444,6,0.529837
444,7,0.521634
444,8,0.527352
444,9,0.526247
444,10,0.527352
444,11,0.526491
444,12,0.527352
444,13,0.526369
444,14,0.458154
444,15,0.449698
445,1,0.453206
445,2,0.449385
445,3,0.455963
445,4,0.463898
445,5,0.483309
445,6,0.502758
445,7,0.461026
445,8,0.455576
445,9,0.447404
445,10,0.503887
445,11,0.492480
445,12,0.530909
445,13,0.521641
445,14,0.457552
445,15,0.449349
446,1,0.453075
446,2,0.489428
446,3,0.498524
446,4,0.465180
446,5,0.452988
446,6,0.445707
446,7,0.451215
446,8,0.506602
446,9,0.521641
446,10,0.529921
446,11,0.522790
446,12,0.525837
446,13,0.525705
446,14,0.526098
446,15,0.522167
447,1,0.458401
447,2,0.485828
447,3,0.460505
447,4,0.488449
447,5,0.494866
447,6,0.529837
447,7,0.459005
447,8,0.446678
447,9,0.459196
447,10,0.484996
447,11,0.461550
447,12,0.446976
447,13,0.439468
447,14,0.455025
447,15,0.451097
448,1,0.446106
448,2,0.464078
448,3,0.449296
448,4,0.501510
448,5,0.529837
448,6,0.525572
448,7,0.525266
448,8,0.458466
448,9,0.449698
448,10,0.460380
448,11,0.469287
448,12,0.527878
448,13,0.524003
448,14,0.526298
448,15,0.530471
449,1,0.530161
449,2,0.525277
449,3,0.526922
449,4,0.456256
449,5,0.461668
449,6,0.496979
449,7,0.503505
449,8,0.525984
449,9,0.459630
449,10,0.450863
449,11,0.452073
449,12,0.458413
449,13,0.483042
449,14,0.485514
449,15,0.477291
450,1,0.521458
450,2,0.457599
450,3,0.450465
450,4,0.457934
450,5,0.485981
450,6,0.499983
450,7,0.530902
450,8,0.530203
450,9,0.526878
450,10,0.521910
450,11,0.528007
450,12,0.531521
450,13,0.530161
450,14,0.523019
450,15,0.521292
451,1,0.454914
451,2,0.483093
451,3,0.461550
451,4,0.490202
451,5,0.501639
451,6,0.495821
451,7,0.522414
451,8,0.521641
451,9,0.455952
451,10,0.485828
451,11,0.456709
451,12,0.446298
451,13,0.469651
451,14,0.469568
451,15,0.445734
452,1,0.455748
452,2,0.455917
452,3,0.466339
452,4,0.468057
452,5,0.448709
452,6,0.451964
452,7,0.444700
452,8,0.448602
452,9,0.499780
452,10,0.456637
452,11,0.446297
452,12,0.457158
452,13,0.491765
452,14,0.522662
452,15,0.527022
453,1,0.518487
453,2,0.456985
453,3,0.453378
453,4,0.449510
453,5,0.456069
453,6,0.456288
453,7,0.460966
453,8,0.487693
453,9,0.459616
453,10,0.483843
453,11,0.499466
453,12,0.458401
453,13,0.488078
453,14,0.507066
453,15,0.507086
454,1,0.524154
454,2,0.525837
454,3,0.522302
454,4,0.458879
454,5,0.453499
454,6,0.443371
454,7,0.450511
454,8,0.458618
454,9,0.488449
454,10,0.485101
454,11,0.457588
454,12,0.450511
454,13,0.449649
454,14,0.458330
454,15,0.450764
455,1,0.447985
455,2,0.502657
455,3,0.489739
455,4,0.462807
455,5,0.456709
455,6,0.457448
455,7,0.493557
455,8,0.493469
455,9,0.455921
455,10,0.452742
455,11,0.456207
455,12,0.447531
455,13,0.499867
455,14,0.464534
455,15,0.461835
456,1,0.458898
456,2,0.486718
456,3,0.459803
456,4,0.450470
456,5,0.447686
456,6,0.457836
456,7,0.451583
456,8,0.454123
456,9,0.503318
456,10,0.525203
456,11,0.531929
456,12,0.456754
456,13,0.450295
456,14,0.461179
456,15,0.501101
457,1,0.458015
457,2,0.452003
457,3,0.450732
457,4,0.452989
457,5,0.467730
457,6,0.464502
457,7,0.447169
457,8,0.458133
457,9,0.496953
457,10,0.518666
457,11,0.521329
457,12,0.526612
457,13,0.522981
457,14,0.463096
457,15,0.445458
458,1,0.462358
458,2,0.449934
458,3,0.505955
458,4,0.457599
458,5,0.451359
458,6,0.461179
458,7,0.483040
458,8,0.477269
458,9,0.500044
458,10,0.523049
458,11,0.530161
458,12,0.460790
458,13,0.454292
458,14,0.469644
458,15,0.468512
459,1,0.506562
459,2,0.460050
459,3,0.451557
459,4,0.444571
459,5,0.451885
459,6,0.462371
459,7,0.485381
459,8,0.530203
459,9,0.526545
459,10,0.521476
459,11,0.529624
459,12,0.522790
459,13,0.455971
459,14,0.485649
459,15,0.503008
460,1,0.503505
460,2,0.533788
460,3,0.463197
460,4,0.452352
460,5,0.447509
460,6,0.484993
460,7,0.530203
460,8,0.522741
460,9,0.465862
460,10,0.452850
460,11,0.453643
460,12,0.452386
460,13,0.452619
460,14,0.454497
460,15,0.446855
461,1,0.461231
461,2,0.454511
461,3,0.454810
461,4,0.500869
461,5,0.522615
461,6,0.523191
461,7,0.524692
461,8,0.527730
461,9,0.524680
461,10,0.461370
461,11,0.483093
461,12,0.497364
461,13,0.457503
461,14,0.485828
461,15,0.457969
462,1,0.447313
462,2,0.451729
462,3,0.456083
462,4,0.450570
462,5,0.472675
462,6,0.502595
462,7,0.532948
462,8,0.521823
462,9,0.531704
462,10,0.455952
462,11,0.449400
462,12,0.458915
462,13,0.449385
462,14,0.452186
462,15,0.450504
463,1,0.463696
463,2,0.526372
463,3,0.522597
463,4,0.455807
463,5,0.448977
463,6,0.455549
463,7,0.467166
463,8,0.459994
463,9,0.451020
463,10,0.461179
463,11,0.501106
463,12,0.453632
463,13,0.453587
463,14,0.453075
463,15,0.506218
464,1,0.523075
464,2,0.526298
464,3,0.523049
464,4,0.448023
464,5,0.446374
464,6,0.441536
464,7,0.454954
464,8,0.456522
464,9,0.495274
464,10,0.528693
464,11,0.526550
464,12,0.529900
464,13,0.459081
464,14,0.456231
464,15,0.443841
465,1,0.451337
465,2,0.498614
465,3,0.457479
465,4,0.446498
465,5,0.447263
465,6,0.455898
465,7,0.483577
465,8,0.497068
465,9,0.458077
465,10,0.450764
465,11,0.444571
465,12,0.451967
465,13,0.455738
465,14,0.445655
465,15,0.453989
466,1,0.489814
466,2,0.459883
466,3,0.449519
466,4,0.441237
466,5,0.444819
466,6,0.455308
466,7,0.483392
466,8,0.456348
466,9,0.446681
466,10,0.457395
466,11,0.469931
466,12,0.445734
466,13,0.451803
466,14,0.459406
466,15,0.487321
467,1,0.505770
467,2,0.464572
467,3,0.487186
467,4,0.495636
467,5,0.529837
467,6,0.461283
467,7,0.469030
467,8,0.495636
467,9,0.457599
467,10,0.450347
467,11,0.453723
467,12,0.452394
467,13,0.459313
467,14,0.453210
467,15,0.455942
468,1,0.456232
468,2,0.482840
468,3,0.504482
468,4,0.461026
468,5,0.489178
468,6,0.499843
468,7,0.492488
468,8,0.457253
468,9,0.482838
468,10,0.497651
468,11,0.457277
468,12,0.444400
468,13,0.448681
468,14,0.505966
468,15,0.503505
469,1,0.445391
469,2,0.450347
469,3,0.445610
469,4,0.451549
469,5,0.499658
469,6,0.459724
469,7,0.444817
469,8,0.446771
469,9,0.486498
469,10,0.502286
469,11,0.456968
469,12,0.450250
469,13,0.444571
469,14,0.452211
469,15,0.457169
470,1,0.447458
470,2,0.466548
470,3,0.449524
470,4,0.452090
470,5,0.446626
470,6,0.519719
470,7,0.457654
470,8,0.464860
470,9,0.460049
470,10,0.450663
470,11,0.461442
470,12,0.451031
470,13,0.458915
470,14,0.447898
470,15,0.455901
471,1,0.497586
471,2,0.498695
471,3,0.527424
471,4,0.461137
471,5,0.461709
471,6,0.496140
471,7,0.460630
471,8,0.461762
471,9,0.456867
471,10,0.451031
471,11,0.458915
471,12,0.484689
471,13,0.457394
471,14,0.453292
471,15,0.452776
472,1,0.456399
472,2,0.487769
472,3,0.500805
472,4,0.528927
472,5,0.521714
472,6,0.529541
472,7,0.526098
472,8,0.527184
472,9,0.460885
472,10,0.452977
472,11,0.456338
472,12,0.458039
472,13,0.450081
472,14,0.457119
472,15,0.453704
473,1,0.445558
473,2,0.448595
473,3,0.502232
473,4,0.461135
473,5,0.447553
473,6,0.457822
473,7,0.467748
473,8,0.496320
473,9,0.518741
473,10,0.456819
473,11,0.450250
473,12,0.443746
473,13,0.450390
473,14,0.496790
473,15,0.498189
474,1,0.457667
474,2,0.483771
474,3,0.499294
474,4,0.502341
474,5,0.456837
474,6,0.448984
474,7,0.449050
474,8,0.493084
474,9,0.531339
474,10,0.457599
474,11,0.446390
474,12,0.458915
474,13,0.451545
474,14,0.451727
474,15,0.452200
475,1,0.452426
475,2,0.459038
475,3,0.454223
475,4,0.451964
475,5,0.452758
475,6,0.448837
475,7,0.490670
475,8,0.499586
475,9,0.521458
475,10,0.457599
475,11,0.466339
475,12,0.460715
475,13,0.487012
475,14,0.458154
475,15,0.451031
476,1,0.454859
476,2,0.467626
476,3,0.507926
476,4,0.531429
476,5,0.531704
476,6,0.458077
476,7,0.445815
476,8,0.453770
476,9,0.467848
476,10,0.450934
476,11,0.467906
476,12,0.446023
476,13,0.456960
476,14,0.469925
476,15,0.506892
477,1,0.527558
477,2,0.461047
477,3,0.452977
477,4,0.451605
477,5,0.519243
477,6,0.457479
477,7,0.469030
477,8,0.499342
477,9,0.521021
477,10,0.531155
477,11,0.521458
477,12,0.530161
477,13,0.525960
477,14,0.521910
477,15,0.521458
478,1,0.459678
478,2,0.487321
478,3,0.459803
478,4,0.450775
478,5,0.454859
478,6,0.494601
478,7,0.458420
478,8,0.488449
478,9,0.508119
478,10,0.455952
478,11,0.482539
478,12,0.494866
478,13,0.530161
478,14,0.461026
478,15,0.446498
479,1,0.469644
479,2,0.450535
479,3,0.531278
479,4,0.530685
479,5,0.522790
479,6,0.525975
479,7,0.530327
479,8,0.463928
479,9,0.451721
479,10,0.460429
479,11,0.492769
479,12,0.461174
479,13,0.472060
479,14,0.501639
479,15,0.461786
480,1,0.450586
480,2,0.460429
480,3,0.493930
480,4,0.522178
480,5,0.521617
480,6,0.526546
480,7,0.521666
480,8,0.458401
480,9,0.485963
480,10,0.505089
480,11,0.501034
480,12,0.457253
480,13,0.452086
480,14,0.453723
480,15,0.470451
481,1,0.446327
481,2,0.457372
481,3,0.491609
481,4,0.462813
481,5,0.489583
481,6,0.501683
481,7,0.461135
481,8,0.453996
481,9,0.445975
481,10,0.457780
481,11,0.448096
481,12,0.455119
481,13,0.501952
481,14,0.522493
481,15,0.530867
482,1,0.461988
482,2,0.457437
482,3,0.465821
482,4,0.450236
482,5,0.446065
482,6,0.453179
482,7,0.446329
482,8,0.452702
482,9,0.458972
482,10,0.489840
482,11,0.499901
482,12,0.464007
482,13,0.447688
482,14,0.443407
482,15,0.456908
483,1,0.461306
483,2,0.448220
483,3,0.452388
483,4,0.456908
483,5,0.493836
483,6,0.523079
483,7,0.459318
483,8,0.455383
483,9,0.456878
483,10,0.468843
483,11,0.452695
483,12,0.446276
483,13,0.448838
483,14,0.501030
483,15,0.463962
484,1,0.488358
484,2,0.459334
484,3,0.487012
484,4,0.457234
484,5,0.446651
484,6,0.459034
484,7,0.447686
484,8,0.451374
484,9,0.454701
484,10,0.451760
484,11,0.441695
484,12,0.448703
484,13,0.452257
484,14,0.500151
484,15,0.460381
485,1,0.451469
485,2,0.454228
485,3,0.451870
485,4,0.489223
485,5,0.459967
485,6,0.451689
485,7,0.449878
485,8,0.504822
485,9,0.523925
485,10,0.462833
485,11,0.490728
485,12,0.500724
485,13,0.489781
485,14,0.494814
485,15,0.523461
486,1,0.461205
486,2,0.464564
486,3,0.461507
486,4,0.483042
486,5,0.463681
486,6,0.449199
486,7,0.453596
486,8,0.460966
486,9,0.447865
486,10,0.459096
486,11,0.450116
486,12,0.451449
486,13,0.520766
486,14,0.529879
486,15,0.461026
487,1,0.452790
487,2,0.452611
487,3,0.461997
487,4,0.447110
487,5,0.467827
487,6,0.469221
487,7,0.447571
487,8,0.448905
487,9,0.465291
487,10,0.507123
487,11,0.497340
487,12,0.522856
487,13,0.451939
487,14,0.488973
487,15,0.504496
488,1,0.519880
488,2,0.526857
488,3,0.523227
488,4,0.522969
488,5,0.520502
488,6,0.455990
488,7,0.450250
488,8,0.457014
488,9,0.447571
488,10,0.454084
488,11,0.448298
488,12,0.455034
488,13,0.447111
488,14,0.445930
488,15,0.452437
489,1,0.483811
489,2,0.458719
489,3,0.450250
489,4,0.441536
489,5,0.444173
489,6,0.455842
489,7,0.492379
489,8,0.494233
489,9,0.529796
489,10,0.527022
489,11,0.460034
489,12,0.446498
489,13,0.465541
489,14,0.446708
489,15,0.455970
490,1,0.476460
490,2,0.457516
490,3,0.453086
490,4,0.467844
490,5,0.467113
490,6,0.456615
490,7,0.460211
490,8,0.452808
490,9,0.484240
490,10,0.458239
490,11,0.445585
490,12,0.471209
490,13,0.446593
490,14,0.450598
490,15,0.497040
491,1,0.523227
491,2,0.462833
491,3,0.452575
491,4,0.468831
491,5,0.449324
491,6,0.495811
491,7,0.459102
491,8,0.450117
491,9,0.461179
491,10,0.496721
491,11,0.492353
491,12,0.456349
491,13,0.444250
491,14,0.469956
491,15,0.466370
492,1,0.450224
492,2,0.457082
492,3,0.464968
492,4,0.470088
492,5,0.495502
492,6,0.521458
492,7,0.526533
492,8,0.459784
492,9,0.454705
492,10,0.448868
492,11,0.506182
492,12,0.520584
492,13,0.521458
492,14,0.455952
492,15,0.485828
493,1,0.501639
493,2,0.458239
493,3,0.483963
493,4,0.504540
493,5,0.502341
493,6,0.523049
493,7,0.456657
493,8,0.449396
493,9,0.452212
493,10,0.495935
493,11,0.456373
493,12,0.455702
493,13,0.461737
493,14,0.455846
493,15,0.449733
494,1,0.455416
494,2,0.462928
494,3,0.484430
494,4,0.499294
494,5,0.464117
494,6,0.447820
494,7,0.451793
494,8,0.498927
494,9,0.528881
494,10,0.460255
494,11,0.454489
494,12,0.461249
494,13,0.494639
494,14,0.457214
494,15,0.487026
495,1,0.501199
495,2,0.531521
495,3,0.530161
495,4,0.524599
495,5,0.531174
495,6,0.527022
495,7,0.522119
495,8,0.527137
495,9,0.522615
495,10,0.458154
495,11,0.487321
495,12,0.497368
495,13,0.492061
495,14,0.526980
495,15,0.521634
496,1,0.526846
496,2,0.521774
496,3,0.455952
496,4,0.485828
496,5,0.499067
496,6,0.462960
496,7,0.463435
496,8,0.445221
496,9,0.453459
496,10,0.460593
496,11,0.453599
496,12,0.449244
496,13,0.468083
496,14,0.506609
496,15,0.501603
497,1,0.534050
497,2,0.461026
497,3,0.483963
497,4,0.461550
497,5,0.449677
497,6,0.444571
497,7,0.459000
497,8,0.492892
497,9,0.526448
497,10,0.528687
497,11,0.531350
497,12,0.456508
497,13,0.492980
497,14,0.456268
497,15,0.483350
498,1,0.505338
498,2,0.523925
498,3,0.526298
498,4,0.525705
498,5,0.525185
498,6,0.456123
498,7,0.450060
498,8,0.449031
498,9,0.495890
498,10,0.457708
498,11,0.451012
498,12,0.461179
498,13,0.455813
498,14,0.448471
498,15,0.452011
499,1,0.483527
499,2,0.453978
499,3,0.453834
499,4,0.444932
499,5,0.449173
499,6,0.467509
499,7,0.468797
499,8,0.462905
499,9,0.456876
499,10,0.445848
499,11,0.468474
499,12,0.462319
499,13,0.462454
499,14,0.469779
499,15,0.469416
500,1,0.446978
500,2,0.472690
500,3,0.502818
500,4,0.522741
500,5,0.527812
500,6,0.520345
500,7,0.456350
500,8,0.454597
500,9,0.451630
500,10,0.482114
500,11,0.495134
500,12,0.526875
500,13,0.523306
500,14,0.464723
500,15,0.455720
501,1,0.465545
501,2,0.461971
501,3,0.470114
501,4,0.469513
501,5,0.450032
501,6,0.501729
501,7,0.527022
501,8,0.525906
501,9,0.527184
501,10,0.526247
501,11,0.456464
501,12,0.485733
501,13,0.460505
501,14,0.447971
501,15,0.450728
502,1,0.507636
502,2,0.456754
502,3,0.450347
502,4,0.447985
502,5,0.505966
502,6,0.525185
502,7,0.532560
502,8,0.527304
502,9,0.522790
502,10,0.522856
502,11,0.458309
502,12,0.482313
502,13,0.499901
502,14,0.463466
502,15,0.457824
503,1,0.461387
503,2,0.492215
503,3,0.494661
503,4,0.533891
503,5,0.521909
503,6,0.522363
503,7,0.527042
503,8,0.518901
503,9,0.465180
503,10,0.446779
503,11,0.447797
503,12,0.505129
503,13,0.531521
503,14,0.460526
503,15,0.451012
504,1,0.449878
504,2,0.458330
504,3,0.487693
504,4,0.483363
504,5,0.494657
504,6,0.446220
504,7,0.466249
504,8,0.503888
504,9,0.504146
504,10,0.523317
504,11,0.458155
504,12,0.451433
504,13,0.461323
504,14,0.506201
504,15,0.493628
505,1,0.526448
505,2,0.524142
505,3,0.524154
505,4,0.524680
505,5,0.521351
505,6,0.521795
505,7,0.526703
505,8,0.526220
505,9,0.456075
505,10,0.481250
505,11,0.505333
505,12,0.517510
505,13,0.517539
505,14,0.458466
505,15,0.472614
506,1,0.501333
506,2,0.501299
506,3,0.521869
506,4,0.454706
506,5,0.489178
506,6,0.496327
506,7,0.504271
506,8,0.525446
506,9,0.525084
506,10,0.522511
506,11,0.529905
506,12,0.525947
506,13,0.457676
506,14,0.469898
506,15,0.503904
507,1,0.495821
507,2,0.457325
507,3,0.487026
507,4,0.459769
507,5,0.446681
507,6,0.447686
507,7,0.485690
507,8,0.530161
507,9,0.523019
507,10,0.521576
507,11,0.455294
507,12,0.450574
507,13,0.443371
507,14,0.445722
507,15,0.453510
508,1,0.448552
508,2,0.475308
508,3,0.458063
508,4,0.450077
508,5,0.452256
508,6,0.499257
508,7,0.521114
508,8,0.518240
508,9,0.519587
508,10,0.522862
508,11,0.518583
508,12,0.527064
508,13,0.462815
508,14,0.447820
508,15,0.445221
509,1,0.455397
509,2,0.494545
509,3,0.496541
509,4,0.456297
509,5,0.445495
509,6,0.454268
509,7,0.452036
509,8,0.444604
509,9,0.451078
509,10,0.456297
509,11,0.452883
509,12,0.454121
509,13,0.500778
509,14,0.495651
509,15,0.489197
510,1,0.456587
510,2,0.446114
510,3,0.447604
510,4,0.496923
510,5,0.458085
510,6,0.461878
510,7,0.505091
510,8,0.525062
510,9,0.456435
510,10,0.453159
510,11,0.454433
510,12,0.467047
510,13,0.504540
510,14,0.461786
510,15,0.452034
511,1,0.480214
511,2,0.492919
511,3,0.520632
511,4,0.457599
511,5,0.450295
511,6,0.449878
511,7,0.498247
511,8,0.531155
511,9,0.457552
511,10,0.444374
511,11,0.445934
511,12,0.462696
511,13,0.450152
511,14,0.457010
511,15,0.499313
512,1,0.505474
512,2,0.495164
512,3,0.536148
512,4,0.520407
512,5,0.452058
512,6,0.466543
512,7,0.497651
512,8,0.456530
512,9,0.482539
512,10,0.500805
512,11,0.461786
512,12,0.484444
512,13,0.502700
512,14,0.458073
512,15,0.462753
513,1,0.505200
513,2,0.528195
513,3,0.522741
513,4,0.462150
513,5,0.462775
513,6,0.499565
513,7,0.525700
513,8,0.523019
513,9,0.522285
513,10,0.520783
513,11,0.526980
513,12,0.460255
513,13,0.446498
513,14,0.469644
513,15,0.469800
514,1,0.469150
514,2,0.446575
514,3,0.455820
514,4,0.484338
514,5,0.496077
514,6,0.525727
514,7,0.521823
514,8,0.531339
514,9,0.457223
514,10,0.448350
514,11,0.445610
514,12,0.474092
514,13,0.493836
514,14,0.457750
514,15,0.450574
515,1,0.453075
515,2,0.498958
515,3,0.455916
515,4,0.488285
515,5,0.460281
515,6,0.445889
515,7,0.449518
515,8,0.500778
515,9,0.491228
515,10,0.458466
515,11,0.446276
515,12,0.448681
515,13,0.498794
515,14,0.495489
515,15,0.516856
516,1,0.532808
516,2,0.527304
516,3,0.522790
516,4,0.526546
516,5,0.532359
516,6,0.531155
516,7,0.521635
516,8,0.522007
516,9,0.456754
516,10,0.454054
516,11,0.460047
516,12,0.491115
516,13,0.495416
516,14,0.453110
516,15,0.444292
517,1,0.453366
517,2,0.456315
517,3,0.464466
517,4,0.456267
517,5,0.453246
517,6,0.453075
517,7,0.495811
517,8,0.521458
517,9,0.527304
517,10,0.525626
517,11,0.532560
517,12,0.526980
517,13,0.463413
517,14,0.446297
517,15,0.456374
518,1,0.499359
518,2,0.494661
518,3,0.523872
518,4,0.527090
518,5,0.461415
518,6,0.452977
518,7,0.456338
518,8,0.499416
518,9,0.529905
518,10,0.523306
518,11,0.526298
518,12,0.532746
518,13,0.531521
518,14,0.530161
518,15,0.461026
519,1,0.451842
519,2,0.459302
519,3,0.454419
519,4,0.444616
519,5,0.472512
519,6,0.498116
519,7,0.457588
519,8,0.489178
519,9,0.499067
519,10,0.503559
519,11,0.457253
519,12,0.450343
519,13,0.450918
519,14,0.459095
519,15,0.486374
520,1,0.460981
520,2,0.483042
520,3,0.505333
520,4,0.529837
520,5,0.456875
520,6,0.452977
520,7,0.457158
520,8,0.493638
520,9,0.529619
520,10,0.522819
520,11,0.524412
520,12,0.524076
520,13,0.457325
520,14,0.450764
520,15,0.448681
521,1,0.495636
521,2,0.524616
521,3,0.455576
521,4,0.486720
521,5,0.500805
521,6,0.490816
521,7,0.514821
521,8,0.455458
521,9,0.468808
521,10,0.504867
521,11,0.503382
521,12,0.456507
521,13,0.450764
521,14,0.445610
521,15,0.451967
522,1,0.504445
522,2,0.460880
522,3,0.487061
522,4,0.504977
522,5,0.449534
522,6,0.453170
522,7,0.453075
522,8,0.459233
522,9,0.450411
522,10,0.454123
522,11,0.502818
522,12,0.500396
522,13,0.525837
522,14,0.529541
522,15,0.461026
523,1,0.447334
523,2,0.459302
523,3,0.451148
523,4,0.460537
523,5,0.455634
523,6,0.463279
523,7,0.444616
523,8,0.473220
523,9,0.493669
523,10,0.532808
523,11,0.531704
523,12,0.458401
523,13,0.450295
523,14,0.455025
523,15,0.501702
524,1,0.518622
524,2,0.522147
524,3,0.529516
524,4,0.531704
524,5,0.527304
524,6,0.522790
524,7,0.522856
524,8,0.522363
524,9,0.527304
524,10,0.525960
524,11,0.529827
524,12,0.522493
524,13,0.526612
524,14,0.526491
524,15,0.458082
525,1,0.486797
525,2,0.475816
525,3,0.531339
525,4,0.530161
525,5,0.522790
525,6,0.518909
525,7,0.519514
525,8,0.456055
525,9,0.449677
525,10,0.473905
525,11,0.467642
525,12,0.505363
525,13,0.522370
525,14,0.529659
525,15,0.526491
526,1,0.459536
526,2,0.471256
526,3,0.501924
526,4,0.521052
526,5,0.515675
526,6,0.452934
526,7,0.455486
526,8,0.454563
526,9,0.458628
526,10,0.493576
526,11,0.454769
526,12,0.446542
526,13,0.450081
526,14,0.527175
526,15,0.521539
527,1,0.526546
527,2,0.526517
527,3,0.525947
527,4,0.521910
527,5,0.457599
527,6,0.449400
527,7,0.449044
527,8,0.492708
527,9,0.531521
527,10,0.458401
527,11,0.452501
527,12,0.448681
527,13,0.459858
527,14,0.456012
527,15,0.445152
528,1,0.451913
528,2,0.447416
528,3,0.450470
528,4,0.504822
528,5,0.525328
528,6,0.455321
528,7,0.487091
528,8,0.494473
528,9,0.521021
528,10,0.531155
528,11,0.452525
528,12,0.445398
528,13,0.448681
528,14,0.459858
528,15,0.488001
529,1,0.503970
529,2,0.461786
529,3,0.462625
529,4,0.465091
529,5,0.452529
529,6,0.449129
529,7,0.447402
529,8,0.448650
529,9,0.457696
529,10,0.446976
529,11,0.443371
529,12,0.467016
529,13,0.467016
529,14,0.448282
529,15,0.454190
530,1,0.526836
530,2,0.525151
530,3,0.457637
530,4,0.455138
530,5,0.452212
530,6,0.499529
530,7,0.493699
530,8,0.459536
530,9,0.451012
530,10,0.451910
530,11,0.452094
530,12,0.479465
530,13,0.492642
530,14,0.525727
530,15,0.530161
531,1,0.526491
531,2,0.456507
531,3,0.450060
531,4,0.447985
531,5,0.505129
531,6,0.503904
531,7,0.502822
531,8,0.455070
531,9,0.486838
531,10,0.457185
531,11,0.449677
531,12,0.452391
531,13,0.452387
531,14,0.457934
531,15,0.450735
532,1,0.455119
532,2,0.498695
532,3,0.531895
532,4,0.525328
532,5,0.458154
532,6,0.487783
532,7,0.495636
532,8,0.530281
532,9,0.526980
532,10,0.518766
532,11,0.522856
532,12,0.534296
532,13,0.522741
532,14,0.523317
532,15,0.529516
533,1,0.460943
533,2,0.449896
533,3,0.447985
533,4,0.494662
533,5,0.499037
533,6,0.526740
533,7,0.523019
533,8,0.456985
533,9,0.488631
533,10,0.458858
533,11,0.447769
533,12,0.448681
533,13,0.498643
533,14,0.501383
533,15,0.460839
534,1,0.482838
534,2,0.459616
534,3,0.451557
534,4,0.447985
534,5,0.459515
534,6,0.487998
534,7,0.458855
534,8,0.445889
534,9,0.447811
534,10,0.501030
534,11,0.457133
534,12,0.454277
534,13,0.460360
534,14,0.457694
534,15,0.483293
535,1,0.460281
535,2,0.487693
535,3,0.496688
535,4,0.529837
535,5,0.463156
535,6,0.455479
535,7,0.454136
535,8,0.485036
535,9,0.525643
535,10,0.527304
535,11,0.460512
535,12,0.462783
535,13,0.505483
535,14,0.498600
535,15,0.529837
536,1,0.522741
536,2,0.462150
536,3,0.483968
536,4,0.489512
536,5,0.508918
536,6,0.521635
536,7,0.521452
536,8,0.521641
536,9,0.526857
536,10,0.522741
536,11,0.456985
536,12,0.443434
536,13,0.464156
536,14,0.495811
536,15,0.530161
537,1,0.461283
537,2,0.462783
537,3,0.504540
537,4,0.457588
537,5,0.461201
537,6,0.467188
537,7,0.449324
537,8,0.496923
537,9,0.492480
537,10,0.504866
537,11,0.519052
537,12,0.454901
537,13,0.461351
537,14,0.445359
537,15,0.450701
538,1,0.506042
538,2,0.529954
538,3,0.525906
538,4,0.532048
538,5,0.527020
538,6,0.524599
538,7,0.529701
538,8,0.522493
538,9,0.532746
538,10,0.521458
538,11,0.458401
538,12,0.485828
538,13,0.503136
538,14,0.502341
538,15,0.521212
539,1,0.521458
539,2,0.526980
539,3,0.521049
539,4,0.521268
539,5,0.453847
539,6,0.455200
539,7,0.468069
539,8,0.450934
539,9,0.447732
539,10,0.458411
539,11,0.458030
539,12,0.464564
539,13,0.460116
539,14,0.447075
539,15,0.452029
540,1,0.484659
540,2,0.497014
540,3,0.493795
540,4,0.523127
540,5,0.524380
540,6,0.531607
540,7,0.460526
540,8,0.449766
540,9,0.445610
540,10,0.449528
540,11,0.464376
540,12,0.457804
540,13,0.446872
540,14,0.448773
540,15,0.491229
541,1,0.521458
541,2,0.521903
541,3,0.527346
541,4,0.461283
541,5,0.482931
541,6,0.499843
541,7,0.491368
541,8,0.521332
541,9,0.524775
541,10,0.522856
541,11,0.452212
541,12,0.481861
541,13,0.503662
541,14,0.504146
541,15,0.522025
542,1,0.532060
542,2,0.527031
542,3,0.460255
542,4,0.488365
542,5,0.506135
542,6,0.521641
542,7,0.526533
542,8,0.522970
542,9,0.523317
542,10,0.522932
542,11,0.522493
542,12,0.457352
542,13,0.482014
542,14,0.496772
542,15,0.458700
543,1,0.461868
543,2,0.505089
543,3,0.497340
543,4,0.522147
543,5,0.532560
543,6,0.458879
543,7,0.487186
543,8,0.458881
543,9,0.452899
543,10,0.453770
543,11,0.484492
543,12,0.491174
543,13,0.526922
543,14,0.522493
543,15,0.527352
544,1,0.460880
544,2,0.462319
544,3,0.458098
544,4,0.451039
544,5,0.451873
544,6,0.466328
544,7,0.475327
544,8,0.528557
544,9,0.521634
544,10,0.521476
544,11,0.457599
544,12,0.452501
544,13,0.453770
544,14,0.502901
544,15,0.493351
545,1,0.531865
545,2,0.531613
545,3,0.521458
545,4,0.455952
545,5,0.451012
545,6,0.453206
545,7,0.453245
545,8,0.457129
545,9,0.493662
545,10,0.521548
545,11,0.531471
545,12,0.530203
545,13,0.526491
545,14,0.532746
545,15,0.457599
546,1,0.485963
546,2,0.494819
546,3,0.488732
546,4,0.502930
546,5,0.496745
546,6,0.530867
546,7,0.522492
546,8,0.529732
546,9,0.525604
546,10,0.527275
546,11,0.526545
546,12,0.532298
546,13,0.530159
546,14,0.524412
546,15,0.516715
547,1,0.530281
547,2,0.461026
547,3,0.446297
547,4,0.455508
547,5,0.501326
547,6,0.455265
547,7,0.446204
547,8,0.460821
547,9,0.449932
547,10,0.498855
547,11,0.490816
547,12,0.502280
547,13,0.527120
547,14,0.519724
547,15,0.520821
548,1,0.522716
548,2,0.522621
548,3,0.519109
548,4,0.533066
548,5,0.532471
548,6,0.523651
548,7,0.532359
548,8,0.527022
548,9,0.461283
548,10,0.446059
548,11,0.462557
548,12,0.494141
548,13,0.520327
548,14,0.456758
548,15,0.452076
549,1,0.454268
549,2,0.498247
549,3,0.530203
549,4,0.522741
549,5,0.522147
549,6,0.529971
549,7,0.526069
549,8,0.529869
549,9,0.461026
549,10,0.462783
549,11,0.496555
549,12,0.525700
549,13,0.457132
549,14,0.445184
549,15,0.456236
550,1,0.460184
550,2,0.449771
550,3,0.446840
550,4,0.456632
550,5,0.493600
550,6,0.496962
550,7,0.527012
550,8,0.522615
550,9,0.522616
550,10,0.521725
550,11,0.455952
550,12,0.449349
550,13,0.444357
550,14,0.450390
550,15,0.457274
551,1,0.450775
551,2,0.450728
551,3,0.504886
551,4,0.499212
551,5,0.522147
551,6,0.525765
551,7,0.522615
551,8,0.530041
551,9,0.460885
551,10,0.456231
551,11,0.445221
551,12,0.450091
551,13,0.495404
551,14,0.499506
551,15,0.521461
552,1,0.458401
552,2,0.450295
552,3,0.450929
552,4,0.455176
552,5,0.458081
552,6,0.460116
552,7,0.451031
552,8,0.454859
552,9,0.459757
552,10,0.448939
552,11,0.455706
552,12,0.474646
552,13,0.459965
552,14,0.461351
552,15,0.454561
553,1,0.486567
553,2,0.458348
553,3,0.455118
553,4,0.453434
553,5,0.503051
553,6,0.498284
553,7,0.456985
553,8,0.463386
553,9,0.445221
553,10,0.456417
553,11,0.460552
553,12,0.485259
553,13,0.505333
553,14,0.529879
553,15,0.456875
554,1,0.457552
554,2,0.453479
554,3,0.473154
554,4,0.501583
554,5,0.448128
554,6,0.445674
554,7,0.453726
554,8,0.455688
554,9,0.446885
554,10,0.455979
554,11,0.458330
554,12,0.449008
554,13,0.451084
554,14,0.446975
554,15,0.446974
555,1,0.462682
555,2,0.459903
555,3,0.451689
555,4,0.454777
555,5,0.492264
555,6,0.500734
555,7,0.455631
555,8,0.460838
555,9,0.475816
555,10,0.505482
555,11,0.456183
555,12,0.483612
555,13,0.454458
555,14,0.445472
555,15,0.444050
556,1,0.448106
556,2,0.453844
556,3,0.447582
556,4,0.497677
556,5,0.521458
556,6,0.458401
556,7,0.451012
556,8,0.461179
556,9,0.477104
556,10,0.529506
556,11,0.460021
556,12,0.469030
556,13,0.501398
556,14,0.462321
556,15,0.464860
557,1,0.452611
557,2,0.451891
557,3,0.459180
557,4,0.467657
557,5,0.491502
557,6,0.458654
557,7,0.450764
557,8,0.441536
557,9,0.449508
557,10,0.471410
557,11,0.514919
557,12,0.531155
557,13,0.458401
557,14,0.450347
557,15,0.447985
558,1,0.505129
558,2,0.531052
558,3,0.461026
558,4,0.446297
558,5,0.452949
558,6,0.447114
558,7,0.452068
558,8,0.499637
558,9,0.458343
558,10,0.445815
558,11,0.443371
558,12,0.452316
558,13,0.499780
558,14,0.454331
558,15,0.463310
559,1,0.506478
559,2,0.527042
559,3,0.460512
559,4,0.467023
559,5,0.506322
559,6,0.455952
559,7,0.471121
559,8,0.458881
559,9,0.449199
559,10,0.445436
559,11,0.449173
559,12,0.447732
559,13,0.455935
559,14,0.500186
559,15,0.492217
560,1,0.492952
560,2,0.521853
560,3,0.521641
560,4,0.522900
560,5,0.524154
560,6,0.525404
560,7,0.532060
560,8,0.456657
560,9,0.485887
560,10,0.458858
560,11,0.471628
560,12,0.493081
560,13,0.495818
560,14,0.521212
560,15,0.521915
561,1,0.529474
561,2,0.525808
561,3,0.530209
561,4,0.460556
561,5,0.452977
561,6,0.459302
561,7,0.450329
561,8,0.450768
561,9,0.508393
561,10,0.521641
561,11,0.456708
561,12,0.449766
561,13,0.451526
561,14,0.455630
561,15,0.456794
562,1,0.488603
562,2,0.499067
562,3,0.461786
562,4,0.459486
562,5,0.451605
562,6,0.458227
562,7,0.449823
562,8,0.453945
562,9,0.506536
562,10,0.499037
562,11,0.526980
562,12,0.460255
562,13,0.462783
562,14,0.458574
562,15,0.487012
563,1,0.494866
563,2,0.531521
563,3,0.531704
563,4,0.455952
563,5,0.486720
563,6,0.495636
563,7,0.495714
563,8,0.518766
563,9,0.456985
563,10,0.454833
563,11,0.448638
563,12,0.458781
563,13,0.487239
563,14,0.456196
563,15,0.447067
564,1,0.461097
564,2,0.474529
564,3,0.493796
564,4,0.527352
564,5,0.460880
564,6,0.456231
564,7,0.461607
564,8,0.463075
564,9,0.444270
564,10,0.457731
564,11,0.489316
564,12,0.504977
564,13,0.514919
564,14,0.459724
564,15,0.487321
565,1,0.459769
565,2,0.451689
565,3,0.456290
565,4,0.491880
565,5,0.453786
565,6,0.444454
565,7,0.455263
565,8,0.457920
565,9,0.483336
565,10,0.463142
565,11,0.487922
565,12,0.458858
565,13,0.447971
565,14,0.456865
565,15,0.460949
566,1,0.489583
566,2,0.495636
566,3,0.456432
566,4,0.487321
566,5,0.493081
566,6,0.457588
566,7,0.447820
566,8,0.462419
566,9,0.466003
566,10,0.446504
566,11,0.458033
566,12,0.468693
566,13,0.505638
566,14,0.530281
566,15,0.461026
567,1,0.456617
567,2,0.458226
567,3,0.453457
567,4,0.448026
567,5,0.456265
567,6,0.463816
567,7,0.448012
567,8,0.452370
567,9,0.508625
567,10,0.457599
567,11,0.487186
567,12,0.506386
567,13,0.508297
567,14,0.458879
567,15,0.487942
568,1,0.458915
568,2,0.487693
568,3,0.497491
568,4,0.530685
568,5,0.526491
568,6,0.456523
568,7,0.450117
568,8,0.460151
568,9,0.449598
568,10,0.472637
568,11,0.527552
568,12,0.460818
568,13,0.470542
568,14,0.454478
568,15,0.452648
569,1,0.462193
569,2,0.492507
569,3,0.531245
569,4,0.522194
569,5,0.529837
569,6,0.456875
569,7,0.456231
569,8,0.443407
569,9,0.454952
569,10,0.489329
569,11,0.501384
569,12,0.454813
569,13,0.446085
569,14,0.445707
569,15,0.457126
570,1,0.455361
570,2,0.446223
570,3,0.448638
570,4,0.495955
570,5,0.499371
570,6,0.533043
570,7,0.535157
570,8,0.521798
570,9,0.531999
570,10,0.531704
570,11,0.531704
570,12,0.457599
570,13,0.487321
570,14,0.494866
570,15,0.499402
571,1,0.531339
571,2,0.456378
571,3,0.449400
571,4,0.450635
571,5,0.453274
571,6,0.487783
571,7,0.500805
571,8,0.502395
571,9,0.529827
571,10,0.456402
571,11,0.469030
571,12,0.454438
571,13,0.483210
571,14,0.498849
571,15,0.502341
572,1,0.527094
572,2,0.518537
572,3,0.527162
572,4,0.454903
572,5,0.445945
572,6,0.448986
572,7,0.477780
572,8,0.526491
572,9,0.526781
572,10,0.526300
572,11,0.520574
572,12,0.529887
572,13,0.460512
572,14,0.450156
572,15,0.455850
573,1,0.499976
573,2,0.499854
573,3,0.499727
573,4,0.459019
573,5,0.482608
573,6,0.460093
573,7,0.489039
573,8,0.505089
573,9,0.461677
573,10,0.447974
573,11,0.451984
573,12,0.445796
573,13,0.449665
573,14,0.498652
573,15,0.514518
574,1,0.518359
574,2,0.524650
574,3,0.522302
574,4,0.531429
574,5,0.456754
574,6,0.450764
574,7,0.445610
574,8,0.471157
574,9,0.493279
574,10,0.505074
574,11,0.523314
574,12,0.523632
574,13,0.519109
574,14,0.462150
574,15,0.450525
575,1,0.480214
575,2,0.492095
575,3,0.455959
575,4,0.461650
575,5,0.449722
575,6,0.495636
575,7,0.521458
575,8,0.529837
575,9,0.523925
575,10,0.462150
575,11,0.454949
575,12,0.450413
575,13,0.459095
575,14,0.486453
575,15,0.506296
576,1,0.521641
576,2,0.527304
576,3,0.529776
576,4,0.525715
576,5,0.525439
576,6,0.457127
576,7,0.445070
576,8,0.449885
576,9,0.478235
576,10,0.499220
576,11,0.530728
576,12,0.461026
576,13,0.462783
576,14,0.458154
576,15,0.449677
577,1,0.451526
577,2,0.457479
577,3,0.492626
577,4,0.501139
577,5,0.521853
577,6,0.530412
577,7,0.520889
577,8,0.459536
577,9,0.488053
577,10,0.490732
577,11,0.520584
577,12,0.458025
577,13,0.452367
577,14,0.455872
577,15,0.500348
578,1,0.455959
578,2,0.450914
578,3,0.450494
578,4,0.448212
578,5,0.447643
578,6,0.496485
578,7,0.521641
578,8,0.452056
578,9,0.487321
578,10,0.494866
578,11,0.455952
578,12,0.444779
578,13,0.449455
578,14,0.502369
578,15,0.496866
579,1,0.531274
579,2,0.526980
579,3,0.518716
579,4,0.458721
579,5,0.485021
579,6,0.499564
579,7,0.521891
579,8,0.531091
579,9,0.456007
579,10,0.455300
579,11,0.445243
579,12,0.457451
579,13,0.492095
579,14,0.518268
579,15,0.521371
580,1,0.530203
580,2,0.461283
580,3,0.451721
580,4,0.456808
580,5,0.465763
580,6,0.523946
580,7,0.522266
580,8,0.521732
580,9,0.517854
580,10,0.526707
580,11,0.525572
580,12,0.520840
580,13,0.527285
580,14,0.519419
580,15,0.446707
581,1,0.450066
581,2,0.448224
581,3,0.451053
581,4,0.497566
581,5,0.521774
581,6,0.526857
581,7,0.462943
581,8,0.468097
581,9,0.500033
581,10,0.456754
581,11,0.450295
581,12,0.461075
581,13,0.491686
581,14,0.454502
581,15,0.487783
582,1,0.460505
582,2,0.453587
582,3,0.453075
582,4,0.470118
582,5,0.517510
582,6,0.463614
582,7,0.463257
582,8,0.506002
582,9,0.527304
582,10,0.523019
582,11,0.521714
582,12,0.527309
582,13,0.459384
582,14,0.462783
582,15,0.454675
583,1,0.489411
583,2,0.467770
583,3,0.450012
583,4,0.452900
583,5,0.457868
583,6,0.454022
583,7,0.456598
583,8,0.458446
583,9,0.462954
583,10,0.444229
583,11,0.457126
583,12,0.457523
583,13,0.484074
583,14,0.529882
583,15,0.461677
584,1,0.456653
584,2,0.457839
584,3,0.446522
584,4,0.454707
584,5,0.457096
584,6,0.447939
584,7,0.496959
584,8,0.489396
584,9,0.456634
584,10,0.445634
584,11,0.455295
584,12,0.493887
584,13,0.496320
584,14,0.515544
584,15,0.524434
585,1,0.464390
585,2,0.460888
585,3,0.446319
585,4,0.457966
585,5,0.490593
585,6,0.491753
585,7,0.519478
585,8,0.529947
585,9,0.519188
585,10,0.518909
585,11,0.523742
585,12,0.522662
585,13,0.456754
585,14,0.487186
585,15,0.503662
586,1,0.494657
586,2,0.516715
586,3,0.527302
586,4,0.525686
586,5,0.526875
586,6,0.459931
586,7,0.469030
586,8,0.495557
586,9,0.461228
586,10,0.450764
586,11,0.453075
586,12,0.456485
586,13,0.447428
586,14,0.449045
586,15,0.496923
587,1,0.489955
587,2,0.453342
587,3,0.444602
587,4,0.473981
587,5,0.522414
587,6,0.530161
587,7,0.525223
587,8,0.521910
587,9,0.527346
587,10,0.464185
587,11,0.450055
587,12,0.467958
587,13,0.455267
587,14,0.450766
587,15,0.459310
588,1,0.454425
588,2,0.444879
588,3,0.457563
588,4,0.457753
588,5,0.483606
588,6,0.454976
588,7,0.455842
588,8,0.453075
588,9,0.495115
588,10,0.455431
588,11,0.450347
588,12,0.448681
588,13,0.505509
588,14,0.526024
588,15,0.525223
589,1,0.532746
589,2,0.527424
589,3,0.461026
589,4,0.489178
589,5,0.496332
589,6,0.530728
589,7,0.456875
589,8,0.454705
589,9,0.443881
589,10,0.453904
589,11,0.448797
589,12,0.455264
589,13,0.504886
589,14,0.455213
589,15,0.456026
590,1,0.459936
590,2,0.464348
590,3,0.446504
590,4,0.456674
590,5,0.447013
590,6,0.463168
590,7,0.449949
590,8,0.500171
590,9,0.458239
590,10,0.452195
590,11,0.458218
590,12,0.460773
590,13,0.448185
590,14,0.460471
590,15,0.483042
591,1,0.501933
591,2,0.515284
591,3,0.458077
591,4,0.482404
591,5,0.471683
591,6,0.521458
591,7,0.530161
591,8,0.523019
591,9,0.532523
591,10,0.522476
591,11,0.456100
591,12,0.453316
591,13,0.445351
591,14,0.494082
591,15,0.457809
592,1,0.471121
592,2,0.499901
592,3,0.489966
592,4,0.495371
592,5,0.450745
592,6,0.448497
592,7,0.463532
592,8,0.509246
592,9,0.454096
592,10,0.448620
592,11,0.476220
592,12,0.523049
592,13,0.458405
592,14,0.449349
592,15,0.455462
593,1,0.446368
593,2,0.451651
593,3,0.499916
593,4,0.530161
593,5,0.522790
593,6,0.459000
593,7,0.448331
593,8,0.455671
593,9,0.458371
593,10,0.449583
593,11,0.451783
593,12,0.452776
593,13,0.450250
593,14,0.452842
593,15,0.457619
594,1,0.454747
594,2,0.451399
594,3,0.449665
594,4,0.532560
594,5,0.530203
594,6,0.461026
594,7,0.450156
594,8,0.462113
594,9,0.447905
594,10,0.454647
594,11,0.508269
594,12,0.531052
594,13,0.461026
594,14,0.451721
594,15,0.450652
595,1,0.458783
595,2,0.450764
595,3,0.453723
595,4,0.446023
595,5,0.455260
595,6,0.458761
595,7,0.452317
595,8,0.453217
595,9,0.454570
595,10,0.470839
595,11,0.469437
595,12,0.450397
595,13,0.470818
595,14,0.458401
595,15,0.485963
596,1,0.506827
596,2,0.465080
596,3,0.474626
596,4,0.497748
596,5,0.530161
596,6,0.522790
596,7,0.525975
596,8,0.457526
596,9,0.450764
596,10,0.441536
596,11,0.450511
596,12,0.461341
596,13,0.487693
596,14,0.476779
596,15,0.459581
597,1,0.488904
597,2,0.458858
597,3,0.451689
597,4,0.457583
597,5,0.485950
597,6,0.489862
597,7,0.494434
597,8,0.516232
597,9,0.523269
597,10,0.525859
597,11,0.526073
597,12,0.518345
597,13,0.457933
597,14,0.485176
597,15,0.500616
598,1,0.524973
598,2,0.526491
598,3,0.454132
598,4,0.482309
598,5,0.495652
598,6,0.489461
598,7,0.508454
598,8,0.498296
598,9,0.528035
598,10,0.518353
598,11,0.456648
598,12,0.482029
598,13,0.498730
598,14,0.497158
598,15,0.529827
599,1,0.522615
599,2,0.446604
599,3,0.449449
599,4,0.457541
599,5,0.450197
599,6,0.445300
599,7,0.457980
599,8,0.500596
599,9,0.497422
599,10,0.522926
599,11,0.459157
599,12,0.463815
599,13,0.489645
599,14,0.455952
599,15,0.450465
600,1,0.477860
600,2,0.492645
600,3,0.493510
600,4,0.457214
600,5,0.449658
600,6,0.449050
600,7,0.459710
600,8,0.451060
600,9,0.452562
600,10,0.469210
600,11,0.461550
600,12,0.451557
600,13,0.452776
600,14,0.504812
600,15,0.530478
601,1,0.526545
601,2,0.530972
601,3,0.530203
601,4,0.461026
601,5,0.469030
601,6,0.460626
601,7,0.451350
601,8,0.458090
601,9,0.467836
601,10,0.505358
601,11,0.500219
601,12,0.527043
601,13,0.523306
601,14,0.467192
601,15,0.456709
602,1,0.454520
602,2,0.500679
602,3,0.500758
602,4,0.524923
602,5,0.460397
602,6,0.455588
602,7,0.451621
602,8,0.504559
602,9,0.521891
602,10,0.465090
602,11,0.450723
602,12,0.451799
602,13,0.491014
602,14,0.522048
602,15,0.456754
603,1,0.452076
603,2,0.461075
603,3,0.491798
603,4,0.457136
603,5,0.488001
603,6,0.496598
603,7,0.498346
603,8,0.528881
603,9,0.529826
603,10,0.526617
603,11,0.454514
603,12,0.443199
603,13,0.460880
603,14,0.446624
603,15,0.456283
604,1,0.497700
604,2,0.519974
604,3,0.457503
604,4,0.449766
604,5,0.453723
604,6,0.452316
604,7,0.472155
604,8,0.457330
604,9,0.449349
604,10,0.451526
604,11,0.447752
604,12,0.446232
604,13,0.449503
604,14,0.502758
604,15,0.514518
605,1,0.456895
605,2,0.462571
605,3,0.455524
605,4,0.466164
605,5,0.457766
605,6,0.450470
605,7,0.455718
605,8,0.469118
605,9,0.449342
605,10,0.479460
605,11,0.489955
605,12,0.500684
605,13,0.457933
605,14,0.444433
605,15,0.446193
606,1,0.454541
606,2,0.501067
606,3,0.456194
606,4,0.446903
606,5,0.451994
606,6,0.463610
606,7,0.456400
606,8,0.488001
606,9,0.455821
606,10,0.447068
606,11,0.455264
606,12,0.499881
606,13,0.499113
606,14,0.496235
606,15,0.530209
607,1,0.526247
607,2,0.527232
607,3,0.523277
607,4,0.518364
607,5,0.518129
607,6,0.527454
607,7,0.524312
607,8,0.461535
607,9,0.453326
607,10,0.457019
607,11,0.450468
607,12,0.450208
607,13,0.522060
607,14,0.456653
607,15,0.449349
608,1,0.447985
608,2,0.455523
608,3,0.465404
608,4,0.465575
608,5,0.449199
608,6,0.443371
608,7,0.448535
608,8,0.495554
608,9,0.457802
608,10,0.449916
608,11,0.450110
608,12,0.487103
608,13,0.499901
608,14,0.494657
608,15,0.457221
609,1,0.455328
609,2,0.453543
609,3,0.459694
609,4,0.450934
609,5,0.455718
609,6,0.450932
609,7,0.490637
609,8,0.509100
609,9,0.527304
609,10,0.524599
609,11,0.457325
609,12,0.453836
609,13,0.455872
609,14,0.458717
609,15,0.441650
610,1,0.518203
610,2,0.517644
610,3,0.518288
610,4,0.458304
610,5,0.485828
610,6,0.489769
610,7,0.506761
610,8,0.521732
610,9,0.459536
610,10,0.450764
610,11,0.453075
610,12,0.500332
610,13,0.530688
610,14,0.459248
610,15,0.445815
611,1,0.444571
611,2,0.458639
611,3,0.493070
611,4,0.453488
611,5,0.462715
611,6,0.469677
611,7,0.470476
611,8,0.447169
611,9,0.455338
611,10,0.459670
611,11,0.445887
611,12,0.452060
611,13,0.449632
611,14,0.455081
611,15,0.500671
612,1,0.493336
612,2,0.492244
612,3,0.527933
612,4,0.518622
612,5,0.522147
612,6,0.529083
612,7,0.532694
612,8,0.461026
612,9,0.451721
612,10,0.451873
612,11,0.455744
612,12,0.448152
612,13,0.459694
612,14,0.447146
612,15,0.447701
613,1,0.459242
613,2,0.446681
613,3,0.447875
613,4,0.505865
613,5,0.457503
613,6,0.450295
613,7,0.454331
613,8,0.453543
613,9,0.445901
613,10,0.451472
613,11,0.466843
613,12,0.445702
613,13,0.453459
613,14,0.446238
613,15,0.453060
614,1,0.531052
614,2,0.526878
614,3,0.521723
614,4,0.455851
614,5,0.444400
614,6,0.443404
614,7,0.450390
614,8,0.459710
614,9,0.446791
614,10,0.446432
614,11,0.467966
614,12,0.447138
614,13,0.441115
614,14,0.465531
614,15,0.457939
615,1,0.448770
615,2,0.443390
615,3,0.461712
615,4,0.449433
615,5,0.457137
615,6,0.501694
615,7,0.502106
615,8,0.460228
615,9,0.488367
615,10,0.502758
615,11,0.458239
615,12,0.444686
615,13,0.451375
615,14,0.451134
615,15,0.494201
616,1,0.461141
616,2,0.446297
616,3,0.452191
616,4,0.449598
616,5,0.456027
616,6,0.491765
616,7,0.514217
616,8,0.521774
616,9,0.529837
616,10,0.460512
616,11,0.452427
616,12,0.463896
616,13,0.462938
616,14,0.460489
616,15,0.470164
617,1,0.470451
617,2,0.468613
617,3,0.502232
617,4,0.502341
617,5,0.526595
617,6,0.460818
617,7,0.489178
617,8,0.495502
617,9,0.527097
617,10,0.461283
617,11,0.451174
617,12,0.450057
617,13,0.500991
617,14,0.451185
617,15,0.485828
618,1,0.490732
618,2,0.460157
618,3,0.451012
618,4,0.454268
618,5,0.453620
618,6,0.450450
618,7,0.451910
618,8,0.452190
618,9,0.445951
618,10,0.457375
618,11,0.460561
618,12,0.446868
618,13,0.456106
618,14,0.459072
618,15,0.459249
619,1,0.463403
619,2,0.453867
619,3,0.458239
619,4,0.493860
619,5,0.450554
619,6,0.453486
619,7,0.453723
619,8,0.444819
619,9,0.455351
619,10,0.507393
619,11,0.502902
619,12,0.527090
619,13,0.460021
619,14,0.489400
619,15,0.458205
620,1,0.446407
620,2,0.444477
620,3,0.449173
620,4,0.463083
620,5,0.489042
620,6,0.526980
620,7,0.460255
620,8,0.464437
620,9,0.468832
620,10,0.460683
620,11,0.448122
620,12,0.476412
620,13,0.461736
620,14,0.452165
620,15,0.457757
621,1,0.453122
621,2,0.454644
621,3,0.447222
621,4,0.457989
621,5,0.494506
621,6,0.503447
621,7,0.524412
621,8,0.526162
621,9,0.521914
621,10,0.458401
621,11,0.485963
621,12,0.507066
621,13,0.526980
621,14,0.518537
621,15,0.518909
622,1,0.518985
622,2,0.518897
622,3,0.526180
622,4,0.528934
622,5,0.452944
622,6,0.456791
622,7,0.447361
622,8,0.460259
622,9,0.501258
622,10,0.459397
622,11,0.451181
622,12,0.458915
622,13,0.470532
622,14,0.506739
622,15,0.530718
623,1,0.529879
623,2,0.461283
623,3,0.489178
623,4,0.494732
623,5,0.527304
623,6,0.522790
623,7,0.464166
623,8,0.450932
623,9,0.453567
623,10,0.458018
623,11,0.488001
623,12,0.497676
623,13,0.502395
623,14,0.521461
623,15,0.527346
624,1,0.526491
624,2,0.522784
624,3,0.530161
624,4,0.461283
624,5,0.455580
624,6,0.456808
624,7,0.491116
624,8,0.458678
624,9,0.458015
624,10,0.450146
624,11,0.491077
624,12,0.531704
624,13,0.527304
624,14,0.529826
624,15,0.459000
625,1,0.450181
625,2,0.456037
625,3,0.453961
625,4,0.449308
625,5,0.454265
625,6,0.483712
625,7,0.495944
625,8,0.457588
625,9,0.483458
625,10,0.499294
625,11,0.457493
625,12,0.461732
625,13,0.454452
625,14,0.455459
625,15,0.454146
626,1,0.503635
626,2,0.495640
626,3,0.517565
626,4,0.531566
626,5,0.527030
626,6,0.525906
626,7,0.456123
626,8,0.485733
626,9,0.501199
626,10,0.528557
626,11,0.460255
626,12,0.456231
626,13,0.447509
626,14,0.496864
626,15,0.509284
627,1,0.521823
627,2,0.521641
627,3,0.521641
627,4,0.517818
627,5,0.458025
627,6,0.485828
627,7,0.459616
627,8,0.446681
627,9,0.445436
627,10,0.457892
627,11,0.449178
627,12,0.451354
627,13,0.459665
627,14,0.453072
627,15,0.453075
628,1,0.505412
628,2,0.527871
628,3,0.461026
628,4,0.469030
628,5,0.504789
628,6,0.503505
628,7,0.530089
628,8,0.460790
628,9,0.455580
628,10,0.453662
628,11,0.505740
628,12,0.525205
628,13,0.456507
628,14,0.449658
628,15,0.458090
629,1,0.448025
629,2,0.456047
629,3,0.463593
629,4,0.507038
629,5,0.460050
629,6,0.450764
629,7,0.453723
629,8,0.447571
629,9,0.450667
629,10,0.501560
629,11,0.530731
629,12,0.462833
629,13,0.453654
629,14,0.466752
629,15,0.497782
630,1,0.498189
630,2,0.522608
630,3,0.529909
630,4,0.460168
630,5,0.451721
630,6,0.461737
630,7,0.453961
630,8,0.484884
630,9,0.504219
630,10,0.461786
630,11,0.456653
630,12,0.441371
630,13,0.450110
630,14,0.458921
630,15,0.450077
631,1,0.458915
631,2,0.489389
631,3,0.489725
631,4,0.464522
631,5,0.451183
631,6,0.478395
631,7,0.456030
631,8,0.446276
631,9,0.453424
631,10,0.470880
631,11,0.445734
631,12,0.452217
631,13,0.502382
631,14,0.513821
631,15,0.526429
632,1,0.527352
632,2,0.461026
632,3,0.462783
632,4,0.467950
632,5,0.521458
632,6,0.458833
632,7,0.454770
632,8,0.451531
632,9,0.460099
632,10,0.466977
632,11,0.457969
632,12,0.446681
632,13,0.449057
632,14,0.490255
632,15,0.526024
633,1,0.523821
633,2,0.527090
633,3,0.523306
633,4,0.522856
633,5,0.526875
633,6,0.522819
633,7,0.526298
633,8,0.527048
633,9,0.460243
633,10,0.449627
633,11,0.451117
633,12,0.502114
633,13,0.520203
633,14,0.462150
633,15,0.489676
634,1,0.495252
634,2,0.495821
634,3,0.522178
634,4,0.455397
634,5,0.450917
634,6,0.455886
634,7,0.493350
634,8,0.521974
634,9,0.529879
634,10,0.522970
634,11,0.457735
634,12,0.450932
634,13,0.452861
634,14,0.450351
634,15,0.451772
635,1,0.449023
635,2,0.452223
635,3,0.491186
635,4,0.460640
635,5,0.451216
635,6,0.445893
635,7,0.454326
635,8,0.488113
635,9,0.460311
635,10,0.449806
635,11,0.462193
635,12,0.493799
635,13,0.502782
635,14,0.455764
635,15,0.450764
636,1,0.444571
636,2,0.473590
636,3,0.453725
636,4,0.462013
636,5,0.449015
636,6,0.503109
636,7,0.501383
636,8,0.457533
636,9,0.471764
636,10,0.493081
636,11,0.455799
636,12,0.444927
636,13,0.448108
636,14,0.453711
636,15,0.490386
637,1,0.457077
637,2,0.450207
637,3,0.467839
637,4,0.456925
637,5,0.444796
637,6,0.447238
637,7,0.495373
637,8,0.489804
637,9,0.457523
637,10,0.455486
637,11,0.447415
637,12,0.449528
637,13,0.465117
637,14,0.457266
637,15,0.486826
638,1,0.506569
638,2,0.529954
638,3,0.461026
638,4,0.456231
638,5,0.443407
638,6,0.451661
638,7,0.459319
638,8,0.447865
638,9,0.451026
638,10,0.498247
638,11,0.528054
638,12,0.523048
638,13,0.462833
638,14,0.485021
638,15,0.497456
639,1,0.498163
639,2,0.527022
639,3,0.523925
639,4,0.465180
639,5,0.489107
639,6,0.475683
639,7,0.502188
639,8,0.530161
639,9,0.522970
639,10,0.457667
639,11,0.464283
639,12,0.504844
639,13,0.522007
639,14,0.458355
639,15,0.449400
640,1,0.454268
640,2,0.531309
640,3,0.530161
640,4,0.522741
640,5,0.465180
640,6,0.468786
640,7,0.506478
640,8,0.529879
640,9,0.521732
640,10,0.532313
640,11,0.522266
640,12,0.521346
640,13,0.458154
640,14,0.450764
640,15,0.443371
641,1,0.446201
641,2,0.475650
641,3,0.494586
641,4,0.519669
641,5,0.521915
641,6,0.455952
641,7,0.445674
641,8,0.450929
641,9,0.464830
641,10,0.498758
641,11,0.456817
641,12,0.451715
641,13,0.449982
641,14,0.464828
641,15,0.446201
642,1,0.505565
642,2,0.509100
642,3,0.529879
642,4,0.525906
642,5,0.526550
642,6,0.455245
642,7,0.446183
642,8,0.457158
642,9,0.457281
642,10,0.444715
642,11,0.455654
642,12,0.496470
642,13,0.497990
642,14,0.527020
642,15,0.461283
643,1,0.456026
643,2,0.445221
643,3,0.454670
643,4,0.469756
643,5,0.497068
643,6,0.498784
643,7,0.531339
643,8,0.531149
643,9,0.529714
643,10,0.525571
643,11,0.456435
643,12,0.446087
643,13,0.446238
643,14,0.494818
643,15,0.457332
644,1,0.445595
644,2,0.453632
644,3,0.462954
644,4,0.447680
644,5,0.490615
644,6,0.453276
644,7,0.444817
644,8,0.455559
644,9,0.470432
644,10,0.470451
644,11,0.465981
644,12,0.450329
644,13,0.459463
644,14,0.450629
644,15,0.458124
645,1,0.456538
645,2,0.452995
645,3,0.450828
645,4,0.458443
645,5,0.469745
645,6,0.497368
645,7,0.451659
645,8,0.446506
645,9,0.450352
645,10,0.495295
645,11,0.489825
645,12,0.456516
645,13,0.462487
645,14,0.456383
645,15,0.475458
646,1,0.451216
646,2,0.469602
646,3,0.450498
646,4,0.459123
646,5,0.483615
646,6,0.501027
646,7,0.490816
646,8,0.496287
646,9,0.526786
646,10,0.525229
646,11,0.446220
646,12,0.487321
646,13,0.458915
646,14,0.487693
646,15,0.459992
647,1,0.483722
647,2,0.455062
647,3,0.467657
647,4,0.503662
647,5,0.503015
647,6,0.500686
647,7,0.456389
647,8,0.449658
647,9,0.454059
647,10,0.458011
647,11,0.451137
647,12,0.455312
647,13,0.472706
647,14,0.451443
647,15,0.445146
648,1,0.441536
648,2,0.462948
648,3,0.449552
648,4,0.490853
648,5,0.451900
648,6,0.449362
648,7,0.454189
648,8,0.465721
648,9,0.452780
648,10,0.449510
648,11,0.458714
648,12,0.452436
648,13,0.451642
648,14,0.457240
648,15,0.487012
649,1,0.458180
649,2,0.450369
649,3,0.454777
649,4,0.491158
649,5,0.530562
649,6,0.526482
649,7,0.526369
649,8,0.520909
649,9,0.455952
649,10,0.464981
649,11,0.502965
649,12,0.495138
649,13,0.521028
649,14,0.527020
649,15,0.525523
650,1,0.460014
650,2,0.483399
650,3,0.496647
650,4,0.459150
650,5,0.451669
650,6,0.451666
650,7,0.451663
650,8,0.446017
650,9,0.457508
650,10,0.492579
650,11,0.499113
650,12,0.456485
650,13,0.450911
650,14,0.475219
650,15,0.509614
651,1,0.529626
651,2,0.523019
651,3,0.459750
651,4,0.442085
651,5,0.443714
651,6,0.451011
651,7,0.496998
651,8,0.495699
651,9,0.457889
651,10,0.450117
651,11,0.454268
651,12,0.505149
651,13,0.499212
651,14,0.518888
651,15,0.455650
652,1,0.468161
652,2,0.458156
652,3,0.449677
652,4,0.447985
652,5,0.477176
652,6,0.495543
652,7,0.520689
652,8,0.457498
652,9,0.450287
652,10,0.447282
652,11,0.453065
652,12,0.459694
652,13,0.474348
652,14,0.497368
652,15,0.502625
653,1,0.498196
653,2,0.497457
653,3,0.521914
653,4,0.529879
653,5,0.461026
653,6,0.454705
653,7,0.450797
653,8,0.456558
653,9,0.493863
653,10,0.454519
653,11,0.444874
653,12,0.454981
653,13,0.456609
653,14,0.459922
653,15,0.454495
654,1,0.483801
654,2,0.491112
654,3,0.521641
654,4,0.521537
654,5,0.531155
654,6,0.521823
654,7,0.529879
654,8,0.518716
654,9,0.524270
654,10,0.527238
654,11,0.519636
654,12,0.535600
654,13,0.527434
654,14,0.458505
654,15,0.464950
655,1,0.501625
655,2,0.524465
655,3,0.531343
655,4,0.458879
655,5,0.450764
655,6,0.443371
655,7,0.450026
655,8,0.452015
655,9,0.502732
655,10,0.501792
655,11,0.456234
655,12,0.450303
655,13,0.448681
655,14,0.498392
655,15,0.491129
656,1,0.500438
656,2,0.449893
656,3,0.487321
656,4,0.466123
656,5,0.483042
656,6,0.458122
656,7,0.487693
656,8,0.489455
656,9,0.498524
656,10,0.462833
656,11,0.484431
656,12,0.460505
656,13,0.446976
656,14,0.447875
656,15,0.495115
657,1,0.506879
657,2,0.524742
657,3,0.523437
657,4,0.523306
657,5,0.458874
657,6,0.450083
657,7,0.460887
657,8,0.454991
657,9,0.483260
657,10,0.460366
657,11,0.483722
657,12,0.505089
657,13,0.502341
657,14,0.502687
657,15,0.461934
658,1,0.455127
658,2,0.452352
658,3,0.508055
658,4,0.457455
658,5,0.467151
658,6,0.456466
658,7,0.450826
658,8,0.460428
658,9,0.456909
658,10,0.462678
658,11,0.449382
658,12,0.470507
658,13,0.453732
658,14,0.458915
658,15,0.465802
659,1,0.495076
659,2,0.493132
659,3,0.460692
659,4,0.461691
659,5,0.464429
659,6,0.450389
659,7,0.496015
659,8,0.459724
659,9,0.487186
659,10,0.494819
659,11,0.495642
659,12,0.457683
659,13,0.456719
659,14,0.465540
659,15,0.449324
660,1,0.494792
660,2,0.497177
660,3,0.492431
660,4,0.540724
660,5,0.527238
660,6,0.527004
660,7,0.528010
660,8,0.522492
660,9,0.532560
660,10,0.526980
660,11,0.519742
660,12,0.522959
660,13,0.529360
660,14,0.521426
660,15,0.449788
661,1,0.444833
661,2,0.453372
661,3,0.452047
661,4,0.450888
661,5,0.458601
661,6,0.461736
661,7,0.451020
661,8,0.448214
661,9,0.484089
661,10,0.503085
661,11,0.461135
661,12,0.462203
661,13,0.448780
661,14,0.501030
661,15,0.500219
662,1,0.457637
662,2,0.449698
662,3,0.458915
662,4,0.445443
662,5,0.462678
662,6,0.448683
662,7,0.460265
662,8,0.449677
662,9,0.453723
662,10,0.469568
662,11,0.469416
662,12,0.461826
662,13,0.452517
662,14,0.492178
662,15,0.456754
663,1,0.449400
663,2,0.454859
663,3,0.492919
663,4,0.460761
663,5,0.448979
663,6,0.441237
663,7,0.448548
663,8,0.455412
663,9,0.447607
663,10,0.457479
663,11,0.457480
663,12,0.459917
663,13,0.521704
663,14,0.527097
663,15,0.524742
664,1,0.447157
664,2,0.449222
664,3,0.450847
664,4,0.455552
664,5,0.449034
664,6,0.450948
664,7,0.452696
664,8,0.492310
664,9,0.529879
664,10,0.522318
664,11,0.527012
664,12,0.455544
664,13,0.462783
664,14,0.455524
664,15,0.483722
665,1,0.459616
665,2,0.484761
665,3,0.496772
665,4,0.457588
665,5,0.447688
665,6,0.467809
665,7,0.449496
665,8,0.490637
665,9,0.455952
665,10,0.450149
665,11,0.451715
665,12,0.443819
665,13,0.462748
665,14,0.467349
665,15,0.464479
666,1,0.466869
666,2,0.495811
666,3,0.498386
666,4,0.531149
666,5,0.458077
666,6,0.446390
666,7,0.449455
666,8,0.500720
666,9,0.502348
666,10,0.527552
666,11,0.529837
666,12,0.525277
666,13,0.521910
666,14,0.521458
666,15,0.456754
667,1,0.451012
667,2,0.451910
667,3,0.455176
667,4,0.446846
667,5,0.454856
667,6,0.459021
667,7,0.452853
667,8,0.504809
667,9,0.522493
667,10,0.521476
667,11,0.458761
667,12,0.487321
667,13,0.455821
667,14,0.451689
667,15,0.455770
668,1,0.494189
668,2,0.499615
668,3,0.461988
668,4,0.470062
668,5,0.499843
668,6,0.498785
668,7,0.514088
668,8,0.527933
668,9,0.523925
668,10,0.524434
668,11,0.522054
668,12,0.455336
668,13,0.445503
668,14,0.454268
668,15,0.496258
669,1,0.531655
669,2,0.522900
669,3,0.517751
669,4,0.522856
669,5,0.522115
669,6,0.454132
669,7,0.449400
669,8,0.450929
669,9,0.449253
669,10,0.456866
669,11,0.454839
669,12,0.482856
669,13,0.521474
669,14,0.456701
669,15,0.485828
670,1,0.491939
670,2,0.451181
670,3,0.450764
670,4,0.453723
670,5,0.467966
670,6,0.448610
670,7,0.502430
670,8,0.456432
670,9,0.487866
670,10,0.495652
670,11,0.500358
670,12,0.520689
670,13,0.456653
670,14,0.449766
670,15,0.453723
671,1,0.447511
671,2,0.460668
671,3,0.463294
671,4,0.489583
671,5,0.504014
671,6,0.504146
671,7,0.501730
671,8,0.458813
671,9,0.449316
671,10,0.449510
671,11,0.446161
671,12,0.445018
671,13,0.456400
671,14,0.456528
671,15,0.450256
672,1,0.464704
672,2,0.446409
672,3,0.449437
672,4,0.508174
672,5,0.503904
672,6,0.522790
672,7,0.522147
672,8,0.522520
672,9,0.519109
672,10,0.519499
672,11,0.463653
672,12,0.450400
672,13,0.451095
672,14,0.482215
672,15,0.458858
673,1,0.451760
673,2,0.451094
673,3,0.472334
673,4,0.509166
673,5,0.521458
673,6,0.527022
673,7,0.518487
673,8,0.460014
673,9,0.446653
673,10,0.446788
673,11,0.456462
673,12,0.465750
673,13,0.460178
673,14,0.453451
673,15,0.460211
674,1,0.449598
674,2,0.451979
674,3,0.447173
674,4,0.451629
674,5,0.454613
674,6,0.451874
674,7,0.499229
674,8,0.519993
674,9,0.516165
674,10,0.524901
674,11,0.527114
674,12,0.526247
674,13,0.526946
674,14,0.525837
674,15,0.529900
675,1,0.459940
675,2,0.445767
675,3,0.457085
675,4,0.498412
675,5,0.531525
675,6,0.522007
675,7,0.457599
675,8,0.452076
675,9,0.455025
675,10,0.459397
675,11,0.450764
675,12,0.444571
675,13,0.455416
675,14,0.459403
675,15,0.455100
676,1,0.448352
676,2,0.458858
676,3,0.445889
676,4,0.453770
676,5,0.496864
676,6,0.531339
676,7,0.455952
676,8,0.449479
676,9,0.441536
676,10,0.450353
676,11,0.471790
676,12,0.450859
676,13,0.453973
676,14,0.453075
676,15,0.457836
677,1,0.483722
677,2,0.459068
677,3,0.451031
677,4,0.453206
677,5,0.453457
677,6,0.456211
677,7,0.492579
677,8,0.499691
677,9,0.502841
677,10,0.502914
677,11,0.530025
677,12,0.520733
677,13,0.523987
677,14,0.526596
677,15,0.522493
678,1,0.525816
678,2,0.517503
678,3,0.460014
678,4,0.443434
678,5,0.443956
678,6,0.451301
678,7,0.501326
678,8,0.518260
678,9,0.522891
678,10,0.529947
678,11,0.455397
678,12,0.461668
678,13,0.488527
678,14,0.458031
678,15,0.452172
679,1,0.450360
679,2,0.457479
679,3,0.502310
679,4,0.495126
679,5,0.523049
679,6,0.458077
679,7,0.487186
679,8,0.461592
679,9,0.445807
679,10,0.456269
679,11,0.449413
679,12,0.458405
679,13,0.484267
679,14,0.483363
679,15,0.489966
680,1,0.524212
680,2,0.455990
680,3,0.482543
680,4,0.499466
680,5,0.456701
680,6,0.449400
680,7,0.449044
680,8,0.501648
680,9,0.459248
680,10,0.444817
680,11,0.441536
680,12,0.451313
680,13,0.495087
680,14,0.495750
680,15,0.527107
681,1,0.460703
681,2,0.452352
681,3,0.443407
681,4,0.456826
681,5,0.473401
681,6,0.489459
681,7,0.502054
681,8,0.502048
681,9,0.521476
681,10,0.531155
681,11,0.456754
681,12,0.449766
681,13,0.452479
681,14,0.447752
681,15,0.451591
682,1,0.456144
682,2,0.464588
682,3,0.495540
682,4,0.529837
682,5,0.521732
682,6,0.454961
682,7,0.444779
682,8,0.454859
682,9,0.488813
682,10,0.522601
682,11,0.522007
682,12,0.458401
682,13,0.449400
682,14,0.460047
682,15,0.508374
683,1,0.456783
683,2,0.450428
683,3,0.455373
683,4,0.476138
683,5,0.500734
683,6,0.493510
683,7,0.451429
683,8,0.487321
683,9,0.496688
683,10,0.530281
683,11,0.457599
683,12,0.449349
683,13,0.453075
683,14,0.495811
683,15,0.527304
684,1,0.460255
684,2,0.453703
684,3,0.442020
684,4,0.451317
684,5,0.449031
684,6,0.456436
684,7,0.456674
684,8,0.452265
684,9,0.446993
684,10,0.484240
684,11,0.489333
684,12,0.468864
684,13,0.449311
684,14,0.494925
684,15,0.458239
685,1,0.484479
685,2,0.500849
685,3,0.497155
685,4,0.500684
685,5,0.526598
685,6,0.527882
685,7,0.455973
685,8,0.462037
685,9,0.476635
685,10,0.450764
685,11,0.445610
685,12,0.459000
685,13,0.475873
685,14,0.493814
685,15,0.455452
686,1,0.451472
686,2,0.453206
686,3,0.465833
686,4,0.455552
686,5,0.482860
686,6,0.457299
686,7,0.446651
686,8,0.450929
686,9,0.455176
686,10,0.444708
686,11,0.454808
686,12,0.458175
686,13,0.453028
686,14,0.471183
686,15,0.459227
687,1,0.486448
687,2,0.457268
687,3,0.451689
687,4,0.456249
687,5,0.458717
687,6,0.483859
687,7,0.459803
687,8,0.487693
687,9,0.468658
687,10,0.483722
687,11,0.460505
687,12,0.483722
687,13,0.498858
687,14,0.526980
687,15,0.461047
688,1,0.453703
688,2,0.462945
688,3,0.463517
688,4,0.445349
688,5,0.457321
688,6,0.458851
688,7,0.464736
688,8,0.456125
688,9,0.455235
688,10,0.453770
688,11,0.458867
688,12,0.447908
688,13,0.462172
688,14,0.491644
688,15,0.457325
689,1,0.449698
689,2,0.450635
689,3,0.497194
689,4,0.526707
689,5,0.522195
689,6,0.526174
689,7,0.520963
689,8,0.457410
689,9,0.450574
689,10,0.457505
689,11,0.464331
689,12,0.446333
689,13,0.455393
689,14,0.495280
689,15,0.494512
690,1,0.525396
690,2,0.455473
690,3,0.451483
690,4,0.451613
690,5,0.452776
690,6,0.450556
690,7,0.457325
690,8,0.450077
690,9,0.449878
690,10,0.504886
690,11,0.526247
690,12,0.517148
690,13,0.531704
690,14,0.531339
690,15,0.529837
691,1,0.460512
691,2,0.454014
691,3,0.453643
691,4,0.456919
691,5,0.446143
691,6,0.454290
691,7,0.463167
691,8,0.450247
691,9,0.499529
691,10,0.496298
691,11,0.522959
691,12,0.522554
691,13,0.455845
691,14,0.486978
691,15,0.503933
692,1,0.500493
692,2,0.456819
692,3,0.446601
692,4,0.444518
692,5,0.457628
692,6,0.460998
692,7,0.455209
692,8,0.447749
692,9,0.449528
692,10,0.455971
692,11,0.448673
692,12,0.492032
692,13,0.527022
692,14,0.461283
692,15,0.481857
693,1,0.497782
693,2,0.489966
693,3,0.521231
693,4,0.457214
693,5,0.449658
693,6,0.449050
693,7,0.506892
693,8,0.527302
693,9,0.522790
693,10,0.526108
693,11,0.458309
693,12,0.451355
693,13,0.453723
693,14,0.467016
693,15,0.466296
694,1,0.468451
694,2,0.506135
694,3,0.530203
694,4,0.461283
694,5,0.455893
694,6,0.470827
694,7,0.509106
694,8,0.502914
694,9,0.522776
694,10,0.532560
694,11,0.458879
694,12,0.450764
694,13,0.455559
694,14,0.486727
694,15,0.485310
695,1,0.458401
695,2,0.450764
695,3,0.443371
695,4,0.466662
695,5,0.500334
695,6,0.451181
695,7,0.481181
695,8,0.501888
695,9,0.490816
695,10,0.502280
695,11,0.458487
695,12,0.462561
695,13,0.458998
695,14,0.446976
695,15,0.443371
696,1,0.448535
696,2,0.505509
696,3,0.530161
696,4,0.460512
696,5,0.454489
696,6,0.451261
696,7,0.463302
696,8,0.453195
696,9,0.457581
696,10,0.447769
696,11,0.453361
696,12,0.447937
696,13,0.456809
696,14,0.494776
696,15,0.455286
697,1,0.451402
697,2,0.485086
697,3,0.458987
697,4,0.445970
697,5,0.451589
697,6,0.457480
697,7,0.448602
697,8,0.446139
697,9,0.468057
697,10,0.450470
697,11,0.452601
697,12,0.496923
697,13,0.457976
697,14,0.455186
697,15,0.443881
698,1,0.479502
698,2,0.496953
698,3,0.519579
698,4,0.531929
698,5,0.531149
698,6,0.460526
698,7,0.450764
698,8,0.441536
698,9,0.447532
698,10,0.495513
698,11,0.531339
698,12,0.527304
698,13,0.523019
698,14,0.531978
698,15,0.527021
699,1,0.451807
699,2,0.483093
699,3,0.454478
699,4,0.467055
699,5,0.506502
699,6,0.501522
699,7,0.522598
699,8,0.455952
699,9,0.449766
699,10,0.447985
699,11,0.497414
699,12,0.458239
699,13,0.481983
699,14,0.496491
699,15,0.449534
700,1,0.482404
700,2,0.505668
700,3,0.459380
700,4,0.482074
700,5,0.490857
700,6,0.504755
700,7,0.499046
700,8,0.525837
700,9,0.456781
700,10,0.482543
700,11,0.493081
700,12,0.461786
700,13,0.464860
700,14,0.443407
700,15,0.451322
701,1,0.505011
701,2,0.455683
701,3,0.450295
701,4,0.450929
701,5,0.464511
701,6,0.452994
701,7,0.466878
701,8,0.457668
701,9,0.449400
701,10,0.449878
701,11,0.492162
701,12,0.454801
701,13,0.450894
701,14,0.448742
701,15,0.496485
702,1,0.507181
702,2,0.527022
702,3,0.457132
702,4,0.469030
702,5,0.499565
702,6,0.521641
702,7,0.458077
702,8,0.482404
702,9,0.459769
702,10,0.488001
702,11,0.457234
702,12,0.454073
702,13,0.451025
702,14,0.451301
702,15,0.445316
703,1,0.452849
703,2,0.458508
703,3,0.457536
703,4,0.461486
703,5,0.451290
703,6,0.463009
703,7,0.457592
703,8,0.464101
703,9,0.465605
703,10,0.467619
703,11,0.485797
703,12,0.459233
703,13,0.448624
703,14,0.468154
703,15,0.491609
704,1,0.455707
704,2,0.443946
704,3,0.441695
704,4,0.449350
704,5,0.499780
704,6,0.492535
704,7,0.527107
704,8,0.460168
704,9,0.447058
704,10,0.475802
704,11,0.502292
704,12,0.498268
704,13,0.526295
704,14,0.522597
704,15,0.455544
705,1,0.450156
705,2,0.475635
705,3,0.496306
705,4,0.450565
705,5,0.446601
705,6,0.453723
705,7,0.467966
705,8,0.468827
705,9,0.459319
705,10,0.447769
705,11,0.447686
705,12,0.506562
705,13,0.459150
705,14,0.450295
705,15,0.450774
706,1,0.502491
706,2,0.525205
706,3,0.457770
706,4,0.450722
706,5,0.461179
706,6,0.489814
706,7,0.459233
706,8,0.450574
706,9,0.447985
706,10,0.501306
706,11,0.498600
706,12,0.531521
706,13,0.455952
706,14,0.449349
706,15,0.455462
707,1,0.444819
707,2,0.454899
707,3,0.459857
707,4,0.453870
707,5,0.461737
707,6,0.468463
707,7,0.449325
707,8,0.451665
707,9,0.484972
707,10,0.523698
707,11,0.516781
707,12,0.531865
707,13,0.530685
707,14,0.523974
707,15,0.526162
708,1,0.457409
708,2,0.444556
708,3,0.452620
708,4,0.492192
708,5,0.502484
708,6,0.461632
708,7,0.488157
708,8,0.465324
708,9,0.446687
708,10,0.453007
708,11,0.453370
708,12,0.482529
708,13,0.503662
708,14,0.497340
708,15,0.463856
709,1,0.489683
709,2,0.505333
709,3,0.530161
709,4,0.525223
709,5,0.526740
709,6,0.524792
709,7,0.530041
709,8,0.461415
709,9,0.451191
709,10,0.460790
709,11,0.457868
709,12,0.454219
709,13,0.457461
709,14,0.496015
709,15,0.498346
710,1,0.531704
710,2,0.531155
710,3,0.526980
710,4,0.525906
710,5,0.517148
710,6,0.456754
710,7,0.450295
710,8,0.454859
710,9,0.457920
710,10,0.486025
710,11,0.505333
710,12,0.457330
710,13,0.449260
710,14,0.443371
710,15,0.450026
711,1,0.453780
711,2,0.502758
711,3,0.464037
711,4,0.469030
711,5,0.459580
711,6,0.487002
711,7,0.458122
711,8,0.454073
711,9,0.453458
711,10,0.492337
711,11,0.520801
711,12,0.531708
711,13,0.460526
711,14,0.451012
711,15,0.451910
712,1,0.445655
712,2,0.453993
712,3,0.450142
712,4,0.449805
712,5,0.502782
712,6,0.529837
712,7,0.525808
712,8,0.529732
712,9,0.459940
712,10,0.454489
712,11,0.455711
712,12,0.501357
712,13,0.521891
712,14,0.524434
712,15,0.520082
713,1,0.519812
713,2,0.527114
713,3,0.525185
713,4,0.526781
713,5,0.456256
713,6,0.457552
713,7,0.461607
713,8,0.448571
713,9,0.503680
713,10,0.518131
713,11,0.522862
713,12,0.531521
713,13,0.455905
713,14,0.444400
713,15,0.453723
714,1,0.451313
714,2,0.494839
714,3,0.518789
714,4,0.461283
714,5,0.455580
714,6,0.451605
714,7,0.490072
714,8,0.503947
714,9,0.522318
714,10,0.455763
714,11,0.449400
714,12,0.457934
714,13,0.455176
714,14,0.469310
714,15,0.447169
715,1,0.459253
715,2,0.500705
715,3,0.518978
715,4,0.458155
715,5,0.450077
715,6,0.455240
715,7,0.506892
715,8,0.521458
715,9,0.457599
715,10,0.450476
715,11,0.443371
715,12,0.467016
715,13,0.449418
715,14,0.495432
715,15,0.498600
716,1,0.529597
716,2,0.456361
716,3,0.454489
716,4,0.461737
716,5,0.460019
716,6,0.462168
716,7,0.518922
716,8,0.458401
716,9,0.451181
716,10,0.458915
716,11,0.449385
716,12,0.452576
716,13,0.447336
716,14,0.450421
716,15,0.522601
717,1,0.526707
717,2,0.518766
717,3,0.460014
717,4,0.443434
717,5,0.448726
717,6,0.503887
717,7,0.502341
717,8,0.457586
717,9,0.445463
717,10,0.450161
717,11,0.506114
717,12,0.500317
717,13,0.499977
717,14,0.529881
717,15,0.522741
718,1,0.456985
718,2,0.450932
718,3,0.450500
718,4,0.502758
718,5,0.518808
718,6,0.529638
718,7,0.460168
718,8,0.446297
718,9,0.451994
718,10,0.447256
718,11,0.454692
718,12,0.508979
718,13,0.456754
718,14,0.485963
718,15,0.460505
719,1,0.446681
719,2,0.447402
719,3,0.453183
719,4,0.483579
719,5,0.498421
719,6,0.521021
719,7,0.531155
719,8,0.527346
719,9,0.525960
719,10,0.521910
719,11,0.456653
719,12,0.454428
719,13,0.454457
719,14,0.495115
719,15,0.457599
720,1,0.445398
720,2,0.447985
720,3,0.461341
720,4,0.446681
720,5,0.449045
720,6,0.490459
720,7,0.528881
720,8,0.525223
720,9,0.457770
720,10,0.450762
720,11,0.453441
720,12,0.508177
720,13,0.507006
720,14,0.541402
720,15,0.529837
721,1,0.456104
721,2,0.447261
721,3,0.443528
721,4,0.455716
721,5,0.460852
721,6,0.460151
721,7,0.449598
721,8,0.455986
721,9,0.491516
721,10,0.495476
721,11,0.521904
721,12,0.527024
721,13,0.523306
721,14,0.526429
721,15,0.455294
722,1,0.451896
722,2,0.454983
722,3,0.502275
722,4,0.460630
722,5,0.483121
722,6,0.457185
722,7,0.454790
722,8,0.449878
722,9,0.502491
722,10,0.503505
722,11,0.529638
722,12,0.459081
722,13,0.450156
722,14,0.454759
722,15,0.527331
723,1,0.525372
723,2,0.526922
723,3,0.460168
723,4,0.450156
723,5,0.462113
723,6,0.452527
723,7,0.467178
723,8,0.452189
723,9,0.496625
723,10,0.531155
723,11,0.457599
723,12,0.450295
723,13,0.455025
723,14,0.502758
723,15,0.497340
724,1,0.525084
724,2,0.521806
724,3,0.456461
724,4,0.487026
724,5,0.499407
724,6,0.521641
724,7,0.531521
724,8,0.459724
724,9,0.445495
724,10,0.458915
724,11,0.448417
724,12,0.452654
724,13,0.456701
724,14,0.446398
724,15,0.454483
725,1,0.466410
725,2,0.455810
725,3,0.451579
725,4,0.461019
725,5,0.471903
725,6,0.504351
725,7,0.529724
725,8,0.522739
725,9,0.457526
725,10,0.450762
725,11,0.461179
725,12,0.499616
725,13,0.500008
725,14,0.491705
725,15,0.529947
726,1,0.526369
726,2,0.457325
726,3,0.487783
726,4,0.504482
726,5,0.461786
726,6,0.452893
726,7,0.464038
726,8,0.448015
726,9,0.501130
726,10,0.499220
726,11,0.529837
726,12,0.461283
726,13,0.446498
726,14,0.447926
726,15,0.467848
727,1,0.487012
727,2,0.503970
727,3,0.461786
727,4,0.446249
727,5,0.449019
727,6,0.455267
727,7,0.486374
727,8,0.495636
727,9,0.531965
727,10,0.527304
727,11,0.526491
727,12,0.530725
727,13,0.527106
727,14,0.461283
727,15,0.454705
728,1,0.468382
728,2,0.447167
728,3,0.472786
728,4,0.499886
728,5,0.525205
728,6,0.532048
728,7,0.527304
728,8,0.524203
728,9,0.523888
728,10,0.455963
728,11,0.463976
728,12,0.497357
728,13,0.457330
728,14,0.451012
728,15,0.461179
729,1,0.500596
729,2,0.495082
729,3,0.459867
729,4,0.451166
729,5,0.459350
729,6,0.445960
729,7,0.468853
729,8,0.445350
729,9,0.461522
729,10,0.492919
729,11,0.525331
729,12,0.522741
729,13,0.465862
729,14,0.445988
729,15,0.461376
730,1,0.456521
730,2,0.450033
730,3,0.459242
730,4,0.484270
730,5,0.453767
730,6,0.449876
730,7,0.452655
730,8,0.450783
730,9,0.460966
730,10,0.447971
730,11,0.455770
730,12,0.458284
730,13,0.492891
730,14,0.472969
730,15,0.453557
731,1,0.453145
731,2,0.449176
731,3,0.450579
731,4,0.522178
731,5,0.457261
731,6,0.484186
731,7,0.498554
731,8,0.494657
731,9,0.529882
731,10,0.526491
731,11,0.529638
731,12,0.526247
731,13,0.532482
731,14,0.457599
731,15,0.450117
732,1,0.453206
732,2,0.451426
732,3,0.467943
732,4,0.455408
732,5,0.457737
732,6,0.454269
732,7,0.495432
732,8,0.458401
732,9,0.454428
732,10,0.453543
732,11,0.459694
732,12,0.447501
732,13,0.457702
732,14,0.455152
732,15,0.461833
733,1,0.444504
733,2,0.459585
733,3,0.492919
733,4,0.526320
733,5,0.460168
733,6,0.450156
733,7,0.450763
733,8,0.462600
733,9,0.507010
733,10,0.529837
733,11,0.522741
733,12,0.462150
733,13,0.448335
733,14,0.478867
733,15,0.492003
734,1,0.458472
734,2,0.487186
734,3,0.458401
734,4,0.449400
734,5,0.454268
734,6,0.527552
734,7,0.525205
734,8,0.454876
734,9,0.450250
734,10,0.443371
734,11,0.450113
734,12,0.469703
734,13,0.469416
734,14,0.450247
734,15,0.461442
735,1,0.446635
735,2,0.449344
735,3,0.457595
735,4,0.450775
735,5,0.454859
735,6,0.457367
735,7,0.463970
735,8,0.454756
735,9,0.447813
735,10,0.451858
735,11,0.492162
735,12,0.517095
735,13,0.527483
735,14,0.527120
735,15,0.531380
736,1,0.530925
736,2,0.455476
736,3,0.453585
736,4,0.444757
736,5,0.496577
736,6,0.458077
736,7,0.446390
736,8,0.451666
736,9,0.446998
736,10,0.519719
736,11,0.517773
736,12,0.521599
736,13,0.456662
736,14,0.467575
736,15,0.460815
737,1,0.482270
737,2,0.501668
737,3,0.498239
737,4,0.527162
737,5,0.526670
737,6,0.524757
737,7,0.521696
737,8,0.529564
737,9,0.530111
737,10,0.464418
737,11,0.455847
737,12,0.474032
737,13,0.475459
737,14,0.452162
737,15,0.446359
738,1,0.451910
738,2,0.452685
738,3,0.451386
738,4,0.461697
738,5,0.461925
738,6,0.447370
738,7,0.449317
738,8,0.531059
738,9,0.529837
738,10,0.521049
738,11,0.455606
738,12,0.445463
738,13,0.454859
738,14,0.455688
738,15,0.446976
739,1,0.456015
739,2,0.460505
739,3,0.447769
739,4,0.453075
739,5,0.495811
739,6,0.461228
739,7,0.487321
739,8,0.504764
739,9,0.499718
739,10,0.517148
739,11,0.531794
739,12,0.527346
739,13,0.522970
739,14,0.525837
739,15,0.456773
740,1,0.453486
740,2,0.453723
740,3,0.471763
740,4,0.450713
740,5,0.496177
740,6,0.450283
740,7,0.485963
740,8,0.457969
740,9,0.483722
740,10,0.458881
740,11,0.453509
740,12,0.462193
740,13,0.458875
740,14,0.464994
740,15,0.465769
741,1,0.449932
741,2,0.499780
741,3,0.457588
741,4,0.456768
741,5,0.459962
741,6,0.444672
741,7,0.456276
741,8,0.448017
741,9,0.446292
741,10,0.454944
741,11,0.504183
741,12,0.494166
741,13,0.455661
741,14,0.463513
741,15,0.463617
742,1,0.468645
742,2,0.458781
742,3,0.446399
742,4,0.451526
742,5,0.456097
742,6,0.472610
742,7,0.530209
742,8,0.523227
742,9,0.455845
742,10,0.462578
742,11,0.458296
742,12,0.486826
742,13,0.458858
742,14,0.451689
742,15,0.450696
743,1,0.472150
743,2,0.467837
743,3,0.450607
743,4,0.455512
743,5,0.492823
743,6,0.500261
743,7,0.457733
743,8,0.488867
743,9,0.495279
743,10,0.459724
743,11,0.458577
743,12,0.458224
743,13,0.451763
743,14,0.457259
743,15,0.448674
744,1,0.496015
744,2,0.527346
744,3,0.461283
744,4,0.489178
744,5,0.458858
744,6,0.453961
744,7,0.475455
744,8,0.502818
744,9,0.459837
744,10,0.452977
744,11,0.472792
744,12,0.524080
744,13,0.530281
744,14,0.461026
744,15,0.446498
745,1,0.451941
745,2,0.475803
745,3,0.460657
745,4,0.445933
745,5,0.450198
745,6,0.463242
745,7,0.505089
745,8,0.462321
745,9,0.453792
745,10,0.452611
745,11,0.451322
745,12,0.504989
745,13,0.530203
745,14,0.461026
745,15,0.454705
746,1,0.452611
746,2,0.479502
746,3,0.501192
746,4,0.459187
746,5,0.487026
746,6,0.459616
746,7,0.471628
746,8,0.494819
746,9,0.461141
746,10,0.446764
746,11,0.474050
746,12,0.470872
746,13,0.515469
746,14,0.522097
746,15,0.521641
747,1,0.460526
747,2,0.471121
747,3,0.459616
747,4,0.484761
747,5,0.500805
747,6,0.494657
747,7,0.446934
747,8,0.481573
747,9,0.505407
747,10,0.530203
747,11,0.461561
747,12,0.469030
747,13,0.507066
747,14,0.455683
747,15,0.450764
748,1,0.453075
748,2,0.459319
748,3,0.487693
748,4,0.507066
748,5,0.458401
748,6,0.452172
748,7,0.453989
748,8,0.496923
748,9,0.502341
748,10,0.521275
748,11,0.455952
748,12,0.444400
748,13,0.443670
748,14,0.451053
748,15,0.490108
749,1,0.457599
749,2,0.486585
749,3,0.458180
749,4,0.451039
749,5,0.454754
749,6,0.469748
749,7,0.452212
749,8,0.450601
749,9,0.454981
749,10,0.472698
749,11,0.526786
749,12,0.460021
749,13,0.451953
749,14,0.452158
749,15,0.457837
750,1,0.455653
750,2,0.449117
750,3,0.447571
750,4,0.457390
750,5,0.448790
750,6,0.451458
750,7,0.471126
750,8,0.523496
750,9,0.458130
750,10,0.484479
750,11,0.458799
750,12,0.452297
750,13,0.452749
750,14,0.496015
750,15,0.521641
751,1,0.521641
751,2,0.460526
751,3,0.450764
751,4,0.453723
751,5,0.449496
751,6,0.503680
751,7,0.458085
751,8,0.483077
751,9,0.497805
751,10,0.458401
751,11,0.487186
751,12,0.501639
751,13,0.489966
751,14,0.522147
751,15,0.458155
752,1,0.444961
752,2,0.453770
752,3,0.475992
752,4,0.489099
752,5,0.458355
752,6,0.449766
752,7,0.453723
752,8,0.471400
752,9,0.469416
752,10,0.462167
752,11,0.452044
752,12,0.449528
752,13,0.451738
752,14,0.457339
752,15,0.499469
753,1,0.502053
753,2,0.526723
753,3,0.455990
753,4,0.453417
753,5,0.454059
753,6,0.457367
753,7,0.456474
753,8,0.476521
753,9,0.524617
753,10,0.523538
753,11,0.522025
753,12,0.520410
753,13,0.458707
753,14,0.451181
753,15,0.458915
754,1,0.447898
754,2,0.459471
754,3,0.488526
754,4,0.523081
754,5,0.531155
754,6,0.526857
754,7,0.460255
754,8,0.451412
754,9,0.452158
754,10,0.502758
754,11,0.521324
754,12,0.533337
754,13,0.529074
754,14,0.465651
754,15,0.449677
755,1,0.456092
755,2,0.494577
755,3,0.496598
755,4,0.458783
755,5,0.487848
755,6,0.504496
755,7,0.464007
755,8,0.457843
755,9,0.457083
755,10,0.456472
755,11,0.457169
755,12,0.488001
755,13,0.501924
755,14,0.502458
755,15,0.516856
756,1,0.526762
756,2,0.529724
756,3,0.525837
756,4,0.527090
756,5,0.526423
756,6,0.530132
756,7,0.522741
756,8,0.524434
756,9,0.523719
756,10,0.530209
756,11,0.526369
756,12,0.529575
756,13,0.521308
756,14,0.521476
756,15,0.527828
757,1,0.525862
757,2,0.527184
757,3,0.529855
757,4,0.518724
757,5,0.459971
757,6,0.449497
757,7,0.453535
757,8,0.463522
757,9,0.461341
757,10,0.452847
757,11,0.448571
757,12,0.491229
757,13,0.457809
757,14,0.449766
757,15,0.445523
758,1,0.457479
758,2,0.474361
758,3,0.501500
758,4,0.455657
758,5,0.454252
758,6,0.447058
758,7,0.469120
758,8,0.447428
758,9,0.445067
758,10,0.454757
758,11,0.493269
758,12,0.505957
758,13,0.458401
758,14,0.485963
758,15,0.459068
759,1,0.451031
759,2,0.451910
759,3,0.447686
759,4,0.450585
759,5,0.451350
759,6,0.446391
759,7,0.455961
759,8,0.456886
759,9,0.448203
759,10,0.447701
759,11,0.457744
759,12,0.499445
759,13,0.460746
759,14,0.489880
759,15,0.496707
760,1,0.456578
760,2,0.489178
760,3,0.460505
760,4,0.454379
760,5,0.453882
760,6,0.451313
760,7,0.460991
760,8,0.451830
760,9,0.448506
760,10,0.496672
760,11,0.497340
760,12,0.455661
760,13,0.453654
760,14,0.448638
760,15,0.458867
761,1,0.447971
761,2,0.450578
761,3,0.464541
761,4,0.499247
761,5,0.502195
761,6,0.460526
761,7,0.450764
761,8,0.453770
761,9,0.457220
761,10,0.446681
761,11,0.444594
761,12,0.451530
761,13,0.455058
761,14,0.466389
761,15,0.459319
762,1,0.484724
762,2,0.502747
762,3,0.502822
762,4,0.529947
762,5,0.519188
762,6,0.526378
762,7,0.526584
762,8,0.522471
762,9,0.464236
762,10,0.453441
762,11,0.455960
762,12,0.496064
762,13,0.503382
762,14,0.456075
762,15,0.449766
763,1,0.448681
763,2,0.495432
763,3,0.529879
763,4,0.461283
763,5,0.451483
763,6,0.457002
763,7,0.492346
763,8,0.505149
763,9,0.523227
763,10,0.524434
763,11,0.520821
763,12,0.528444
763,13,0.453026
763,14,0.445638
763,15,0.456037
764,1,0.492060
764,2,0.527114
764,3,0.522741
764,4,0.524434
764,5,0.526971
764,6,0.476267
764,7,0.487848
764,8,0.459616
764,9,0.487693
764,10,0.494819
764,11,0.461677
764,12,0.446921
764,13,0.467188
764,14,0.447167
764,15,0.456190
765,1,0.457560
765,2,0.453433
765,3,0.448418
765,4,0.481356
765,5,0.486168
765,6,0.518203
765,7,0.528915
765,8,0.525975
765,9,0.531865
765,10,0.531339
765,11,0.521635
765,12,0.455952
765,13,0.450764
765,14,0.453075
765,15,0.494837
766,1,0.508918
766,2,0.529714
766,3,0.522790
766,4,0.460014
766,5,0.463281
766,6,0.459903
766,7,0.483722
766,8,0.505616
766,9,0.458348
766,10,0.443946
766,11,0.443404
766,12,0.452568
766,13,0.464431
766,14,0.469608
766,15,0.448193
767,1,0.454272
767,2,0.448926
767,3,0.452880
767,4,0.446350
767,5,0.454558
767,6,0.505712
767,7,0.457599
767,8,0.445674
767,9,0.451910
767,10,0.449275
767,11,0.455012
767,12,0.499170
767,13,0.460310
767,14,0.446993
767,15,0.448803
768,1,0.461341
768,2,0.451365
768,3,0.453866
768,4,0.486111
768,5,0.468332
768,6,0.451275
768,7,0.441695
768,8,0.450353
768,9,0.495761
768,10,0.489903
768,11,0.514080
768,12,0.523872
768,13,0.521914
768,14,0.458405
768,15,0.448398
769,1,0.444571
769,2,0.451530
769,3,0.456878
769,4,0.453516
769,5,0.496672
769,6,0.453379
769,7,0.451673
769,8,0.451310
769,9,0.453758
769,10,0.446516
769,11,0.448848
769,12,0.448978
769,13,0.457692
769,14,0.488694
769,15,0.503568
770,1,0.462571
770,2,0.455769
770,3,0.466291
770,4,0.491609
770,5,0.526024
770,6,0.460255
770,7,0.462783
770,8,0.456108
770,9,0.451557
770,10,0.447686
770,11,0.457134
770,12,0.451216
770,13,0.445436
770,14,0.452387
770,15,0.497410
771,1,0.465254
771,2,0.489314
771,3,0.504977
771,4,0.530718
771,5,0.527304
771,6,0.525906
771,7,0.530972
771,8,0.531155
771,9,0.530203
771,10,0.522741
771,11,0.527162
771,12,0.525905
771,13,0.520948
771,14,0.521798
771,15,0.457637
772,1,0.488078
772,2,0.496598
772,3,0.498346
772,4,0.531704
772,5,0.529879
772,6,0.522970
772,7,0.460014
772,8,0.452332
772,9,0.453893
772,10,0.456820
772,11,0.492908
772,12,0.530498
772,13,0.530161
772,14,0.523019
772,15,0.465180
773,1,0.452988
773,2,0.467858
773,3,0.505341
773,4,0.526491
773,5,0.527107
773,6,0.461026
773,7,0.463815
773,8,0.462026
773,9,0.447313
773,10,0.453764
773,11,0.507944
773,12,0.531521
773,13,0.458401
773,14,0.451359
773,15,0.454268
774,1,0.501952
774,2,0.526369
774,3,0.457253
774,4,0.453810
774,5,0.451526
774,6,0.457537
774,7,0.464712
774,8,0.500501
774,9,0.506761
774,10,0.456104
774,11,0.452790
774,12,0.453626
774,13,0.500153
774,14,0.494603
774,15,0.473289
775,1,0.445793
775,2,0.467709
775,3,0.505509
775,4,0.515284
775,5,0.526980
775,6,0.518766
775,7,0.523888
775,8,0.456533
775,9,0.446114
775,10,0.444229
775,11,0.452275
775,12,0.450747
775,13,0.459380
775,14,0.458222
775,15,0.456132
776,1,0.464366
776,2,0.469437
776,3,0.465981
776,4,0.465261
776,5,0.449418
776,6,0.503010
776,7,0.502286
776,8,0.445974
776,9,0.443706
776,10,0.451456
776,11,0.448070
776,12,0.475386
776,13,0.456153
776,14,0.450764
776,15,0.451526
777,1,0.473977
777,2,0.457042
777,3,0.449698
777,4,0.451910
777,5,0.444254
777,6,0.455199
777,7,0.443932
777,8,0.449339
777,9,0.447137
777,10,0.506795
777,11,0.531521
777,12,0.458879
777,13,0.487186
777,14,0.491502
777,15,0.530718
778,1,0.459724
778,2,0.487186
778,3,0.488999
778,4,0.528557
778,5,0.460255
778,6,0.483963
778,7,0.459803
778,8,0.487769
778,9,0.506827
778,10,0.503559
778,11,0.455763
778,12,0.449400
778,13,0.449878
778,14,0.501793
778,15,0.457066
779,1,0.457250
779,2,0.466502
779,3,0.445045
779,4,0.450647
779,5,0.460827
779,6,0.446462
779,7,0.441536
779,8,0.446201
779,9,0.456528
779,10,0.475918
779,11,0.461554
779,12,0.455687
779,13,0.464515
779,14,0.448057
779,15,0.499867
780,1,0.500130
780,2,0.530725
780,3,0.456758
780,4,0.449766
780,5,0.441536
780,6,0.448703
780,7,0.448932
780,8,0.483732
780,9,0.516127
780,10,0.521823
780,11,0.531521
780,12,0.531339
780,13,0.527022
780,14,0.461283
780,15,0.446297
781,1,0.461249
781,2,0.453581
781,3,0.447005
781,4,0.446450
781,5,0.449399
781,6,0.452220
781,7,0.453468
781,8,0.507287
781,9,0.455952
781,10,0.450295
781,11,0.451910
781,12,0.456382
781,13,0.462157
781,14,0.449921
781,15,0.460248
782,1,0.453650
782,2,0.476504
782,3,0.508177
782,4,0.530161
782,5,0.463156
782,6,0.451577
782,7,0.460583
782,8,0.450992
782,9,0.455608
782,10,0.479100
782,11,0.463047
782,12,0.463275
782,13,0.501639
782,14,0.461670
782,15,0.489178
783,1,0.495146
783,2,0.458401
783,3,0.450295
783,4,0.453726
783,5,0.444148
783,6,0.529803
783,7,0.460168
783,8,0.467285
783,9,0.456393
783,10,0.444270
783,11,0.458608
783,12,0.500902
783,13,0.531052
783,14,0.461026
783,15,0.452034
784,1,0.459196
784,2,0.454204
784,3,0.462319
784,4,0.450032
784,5,0.498900
784,6,0.457287
784,7,0.462203
784,8,0.453787
784,9,0.453518
784,10,0.531077
784,11,0.457599
784,12,0.485828
784,13,0.500707
784,14,0.458239
784,15,0.448899
785,1,0.471961
785,2,0.500644
785,3,0.518622
785,4,0.532687
785,5,0.523415
785,6,0.450676
785,7,0.446601
785,8,0.452472
785,9,0.457989
785,10,0.494506
785,11,0.455990
785,12,0.470962
785,13,0.507006
785,14,0.531333
785,15,0.529879
786,1,0.461026
786,2,0.446297
786,3,0.450869
786,4,0.484706
786,5,0.496527
786,6,0.499402
786,7,0.529879
786,8,0.522741
786,9,0.526546
786,10,0.526256
786,11,0.524142
786,12,0.464236
786,13,0.444958
786,14,0.461371
786,15,0.444270
787,1,0.473721
787,2,0.494566
787,3,0.455942
787,4,0.488123
787,5,0.502758
787,6,0.494657
787,7,0.525371
787,8,0.529837
787,9,0.523925
787,10,0.525837
787,11,0.529947
787,12,0.522492
787,13,0.529900
787,14,0.525686
787,15,0.529900
788,1,0.526369
788,2,0.523049
788,3,0.531339
788,4,0.526980
788,5,0.460034
788,6,0.446059
788,7,0.456374
788,8,0.454648
788,9,0.456082
788,10,0.457231
788,11,0.493628
788,12,0.459114
788,13,0.482270
788,14,0.453439
788,15,0.488001
789,1,0.456709
789,2,0.452386
789,3,0.451873
789,4,0.447824
789,5,0.451933
789,6,0.452643
789,7,0.447748
789,8,0.491077
789,9,0.526024
789,10,0.460592
789,11,0.450063
789,12,0.452373
789,13,0.485054
789,14,0.501076
789,15,0.461040
790,1,0.484444
790,2,0.502010
790,3,0.490709
790,4,0.458444
790,5,0.454515
790,6,0.464557
790,7,0.447664
790,8,0.459451
790,9,0.483722
790,10,0.506386
790,11,0.532330
790,12,0.527022
790,13,0.521732
790,14,0.448251
790,15,0.455328
791,1,0.447985
791,2,0.495510
791,3,0.505482
791,4,0.457132
791,5,0.463685
791,6,0.447509
791,7,0.505826
791,8,0.521774
791,9,0.531010
791,10,0.460790
791,11,0.451721
791,12,0.455850
791,13,0.491689
791,14,0.461653
791,15,0.361733
792,1,0.468178
792,2,0.471167
792,3,0.480136
792,4,0.521458
792,5,0.456754
792,6,0.451012
792,7,0.451910
792,8,0.456909
792,9,0.446143
792,10,0.457575
792,11,0.471652
792,12,0.531052
792,13,0.522741
792,14,0.462833
792,15,0.491191
793,1,0.461327
793,2,0.482831
793,3,0.496979
793,4,0.518808
793,5,0.521028
793,6,0.530212
793,7,0.455452
793,8,0.451181
793,9,0.455025
793,10,0.506051
793,11,0.524412
793,12,0.462545
793,13,0.490159
793,14,0.502010
793,15,0.495821
794,1,0.456941
794,2,0.487026
794,3,0.498423
794,4,0.530161
794,5,0.525223
794,6,0.446604
794,7,0.481573
794,8,0.458113
794,9,0.450805
794,10,0.455559
794,11,0.453065
794,12,0.505509
794,13,0.530718
794,14,0.531339
794,15,0.529837
795,1,0.526491
795,2,0.455294
795,3,0.450250
795,4,0.452212
795,5,0.483406
795,6,0.457287
795,7,0.457190
795,8,0.459832
795,9,0.468558
795,10,0.453196
795,11,0.495811
795,12,0.451759
795,13,0.487942
795,14,0.502758
795,15,0.526545
796,1,0.529921
796,2,0.523227
796,3,0.518909
796,4,0.526670
796,5,0.520485
796,6,0.459198
796,7,0.452532
796,8,0.468831
796,9,0.449457
796,10,0.498652
796,11,0.514465
796,12,0.457667
796,13,0.454515
796,14,0.447604
796,15,0.503635
797,1,0.521891
797,2,0.462150
797,3,0.448670
797,4,0.455187
797,5,0.491759
797,6,0.495363
797,7,0.458875
797,8,0.450762
797,9,0.461529
797,10,0.501567
797,11,0.519880
797,12,0.529879
797,13,0.523925
797,14,0.533337
797,15,0.524680
798,1,0.521200
798,2,0.519132
798,3,0.531155
798,4,0.458401
798,5,0.449349
798,6,0.443404
798,7,0.457130
798,8,0.458707
798,9,0.465090
798,10,0.529900
798,11,0.521641
798,12,0.531235
798,13,0.455952
798,14,0.451181
798,15,0.462193
799,1,0.493543
799,2,0.501421
799,3,0.524813
799,4,0.457372
799,5,0.445503
799,6,0.452562
799,7,0.451539
799,8,0.456089
799,9,0.454580
799,10,0.450019
799,11,0.452102
799,12,0.455984
799,13,0.464835
799,14,0.447638
799,15,0.454707
800,1,0.442676
800,2,0.472137
800,3,0.501030
800,4,0.460189
800,5,0.488157
800,6,0.505144
800,7,0.459724
800,8,0.487186
800,9,0.498858
800,10,0.503782
800,11,0.499781
800,12,0.456075
800,13,0.448505
800,14,0.450299
800,15,0.498695
801,1,0.458879
801,2,0.454770
801,3,0.461075
801,4,0.490223
801,5,0.499201
801,6,0.490301
801,7,0.521891
801,8,0.529947
801,9,0.526491
801,10,0.529900
801,11,0.461026
801,12,0.482931
801,13,0.459291
801,14,0.446496
801,15,0.453723
802,1,0.448644
802,2,0.452002
802,3,0.454640
802,4,0.447583
802,5,0.444275
802,6,0.455777
802,7,0.498679
802,8,0.454075
802,9,0.483522
802,10,0.477085
802,11,0.489743
802,12,0.494662
802,13,0.525783
802,14,0.524033
802,15,0.460696
803,1,0.446088
803,2,0.451316
803,3,0.463258
803,4,0.496759
803,5,0.460050
803,6,0.450117
803,7,0.451910
803,8,0.446649
803,9,0.468190
803,10,0.468055
803,11,0.449203
803,12,0.462236
803,13,0.483959
803,14,0.503662
803,15,0.501353
804,1,0.529338
804,2,0.522981
804,3,0.533563
804,4,0.528380
804,5,0.521732
804,6,0.452944
804,7,0.445638
804,8,0.452010
804,9,0.445867
804,10,0.470839
804,11,0.469437
804,12,0.465715
804,13,0.457354
804,14,0.463142
804,15,0.472438
805,1,0.498636
805,2,0.521729
805,3,0.517313
805,4,0.458467
805,5,0.445804
805,6,0.450796
805,7,0.497828
805,8,0.494603
805,9,0.458466
805,10,0.446276
805,11,0.453424
805,12,0.444819
805,13,0.456884
805,14,0.508070
805,15,0.508962
806,1,0.456802
806,2,0.450738
806,3,0.456092
806,4,0.459262
806,5,0.455846
806,6,0.445940
806,7,0.458589
806,8,0.458851
806,9,0.483525
806,10,0.457987
806,11,0.451031
806,12,0.452615
806,13,0.497194
806,14,0.529837
806,15,0.525808
807,1,0.458707
807,2,0.450574
807,3,0.441536
807,4,0.471400
807,5,0.447019
807,6,0.449910
807,7,0.455047
807,8,0.450775
807,9,0.454123
807,10,0.459233
807,11,0.454793
807,12,0.451526
807,13,0.448106
807,14,0.446977
807,15,0.451222
808,1,0.504886
808,2,0.526423
808,3,0.529900
808,4,0.524351
808,5,0.532194
808,6,0.527302
808,7,0.461026
808,8,0.489178
808,9,0.494318
808,10,0.493795
808,11,0.458154
808,12,0.449449
808,13,0.452566
808,14,0.449173
808,15,0.443850
809,1,0.505712
809,2,0.530102
809,3,0.457599
809,4,0.445398
809,5,0.447985
809,6,0.506562
809,7,0.458348
809,8,0.443946
809,9,0.455956
809,10,0.444878
809,11,0.456282
809,12,0.494033
809,13,0.502114
809,14,0.460880
809,15,0.449627
810,1,0.455428
810,2,0.492070
810,3,0.456268
810,4,0.454459
810,5,0.451294
810,6,0.446349
810,7,0.451064
810,8,0.484141
810,9,0.465324
810,10,0.488176
810,11,0.483363
810,12,0.490816
810,13,0.457667
810,14,0.449947
810,15,0.450826
811,1,0.495367
811,2,0.527022
811,3,0.457132
811,4,0.447820
811,5,0.448780
811,6,0.454075
811,7,0.452224
811,8,0.450450
811,9,0.445779
811,10,0.452506
811,11,0.497040
811,12,0.457588
811,13,0.455318
811,14,0.447319
811,15,0.471050
812,1,0.456754
812,2,0.450347
812,3,0.444571
812,4,0.454396
812,5,0.478626
812,6,0.465888
812,7,0.449073
812,8,0.447926
812,9,0.495115
812,10,0.494434
812,11,0.495701
812,12,0.524434
812,13,0.529074
812,14,0.528934
812,15,0.521909
813,1,0.531812
813,2,0.460526
813,3,0.471121
813,4,0.458855
813,5,0.487769
813,6,0.497491
813,7,0.527346
813,8,0.461283
813,9,0.453748
813,10,0.445221
813,11,0.456576
813,12,0.460810
813,13,0.461814
813,14,0.463136
813,15,0.450024
814,1,0.499901
814,2,0.458239
814,3,0.450519
814,4,0.451068
814,5,0.504822
814,6,0.460168
814,7,0.483154
814,8,0.496707
814,9,0.502069
814,10,0.458082
814,11,0.482313
814,12,0.497368
814,13,0.522007
814,14,0.459678
814,15,0.451012
815,1,0.450635
815,2,0.491560
815,3,0.527304
815,4,0.523916
815,5,0.455678
815,6,0.450764
815,7,0.453075
815,8,0.495115
815,9,0.520584
815,10,0.527064
815,11,0.460200
815,12,0.454489
815,13,0.450304
815,14,0.492095
815,15,0.456754
816,1,0.450347
816,2,0.451526
816,3,0.457892
816,4,0.466453
816,5,0.503358
816,6,0.503505
816,7,0.456435
816,8,0.449400
816,9,0.451910
816,10,0.446542
816,11,0.450250
816,12,0.452922
816,13,0.482608
816,14,0.458858
816,15,0.487693
817,1,0.497676
817,2,0.520729
817,3,0.529779
817,4,0.461420
817,5,0.488713
817,6,0.499901
817,7,0.489966
817,8,0.502280
817,9,0.455037
817,10,0.457922
817,11,0.453407
817,12,0.449311
817,13,0.456843
817,14,0.446071
817,15,0.457550
818,1,0.497908
818,2,0.504445
818,3,0.459889
818,4,0.456653
818,5,0.459962
818,6,0.446695
818,7,0.504773
818,8,0.461697
818,9,0.449766
818,10,0.453723
818,11,0.444819
818,12,0.450715
818,13,0.492219
818,14,0.458401
818,15,0.487321
819,1,0.477490
819,2,0.454172
819,3,0.450764
819,4,0.453075
819,5,0.455870
819,6,0.446224
819,7,0.446256
819,8,0.449528
819,9,0.467618
819,10,0.455775
819,11,0.450470
819,12,0.447814
819,13,0.460178
819,14,0.451557
819,15,0.453075
820,1,0.499944
820,2,0.459984
820,3,0.464823
820,4,0.505200
820,5,0.458401
820,6,0.450347
820,7,0.452575
820,8,0.447571
820,9,0.450667
820,10,0.455927
820,11,0.449698
820,12,0.451084
820,13,0.467012
820,14,0.466661
820,15,0.483501
821,1,0.499901
821,2,0.497340
821,3,0.455571
821,4,0.450932
821,5,0.450761
821,6,0.460279
821,7,0.451181
821,8,0.461179
821,9,0.489814
821,10,0.507626
821,11,0.531745
821,12,0.531708
821,13,0.521458
821,14,0.530203
821,15,0.525906
822,1,0.458399
822,2,0.483275
822,3,0.457733
822,4,0.486240
822,5,0.467923
822,6,0.449226
822,7,0.459034
822,8,0.453238
822,9,0.456691
822,10,0.460098
822,11,0.463428
822,12,0.496625
822,13,0.521458
822,14,0.526533
822,15,0.523916
823,1,0.445860
823,2,0.448847
823,3,0.453989
823,4,0.458046
823,5,0.461959
823,6,0.526763
823,7,0.518622
823,8,0.527162
823,9,0.456194
823,10,0.473597
823,11,0.448941
823,12,0.449341
823,13,0.456607
823,14,0.498424
823,15,0.495207
824,1,0.459044
824,2,0.487026
824,3,0.458858
824,4,0.447971
824,5,0.454777
824,6,0.454044
824,7,0.454079
824,8,0.449588
824,9,0.496044
824,10,0.457588
824,11,0.447035
824,12,0.466825
824,13,0.448658
824,14,0.467949
824,15,0.449677
825,1,0.446475
825,2,0.454593
825,3,0.462829
825,4,0.456125
825,5,0.446429
825,6,0.462611
825,7,0.499863
825,8,0.459187
825,9,0.487439
825,10,0.496325
825,11,0.499586
825,12,0.455952
825,13,0.482404
825,14,0.460505
825,15,0.447057
826,1,0.456646
826,2,0.459484
826,3,0.447769
826,4,0.447686
826,5,0.505596
826,6,0.527097
826,7,0.461934
826,8,0.446498
826,9,0.453623
826,10,0.466934
826,11,0.455098
826,12,0.447744
826,13,0.496668
826,14,0.504271
826,15,0.522970
827,1,0.462150
827,2,0.490728
827,3,0.506345
827,4,0.530161
827,5,0.524203
827,6,0.525837
827,7,0.521414
827,8,0.528323
827,9,0.529879
827,10,0.526491
827,11,0.526970
827,12,0.458445
827,13,0.463322
827,14,0.465644
827,15,0.451553
828,1,0.456928
828,2,0.492686
828,3,0.455247
828,4,0.463173
828,5,0.462947
828,6,0.462950
828,7,0.449639
828,8,0.499616
828,9,0.490816
828,10,0.493586
828,11,0.458720
828,12,0.486871
828,13,0.455638
828,14,0.486240
828,15,0.499407
829,1,0.521641
829,2,0.458077
829,3,0.451012
829,4,0.454268
829,5,0.458783
829,6,0.451802
829,7,0.454983
829,8,0.457669
829,9,0.449260
829,10,0.469583
829,11,0.450511
829,12,0.500778
829,13,0.500219
829,14,0.516715
829,15,0.522007
830,1,0.458401
830,2,0.488078
830,3,0.482529
830,4,0.494657
830,5,0.456123
830,6,0.450250
830,7,0.453424
830,8,0.450511
830,9,0.496923
830,10,0.495079
830,11,0.521910
830,12,0.457599
830,13,0.450117
830,14,0.451910
830,15,0.447686
831,1,0.457562
831,2,0.509571
831,3,0.509395
831,4,0.520699
831,5,0.525922
831,6,0.521891
831,7,0.526546
831,8,0.521868
831,9,0.522007
831,10,0.527304
831,11,0.461283
831,12,0.462159
831,13,0.463896
831,14,0.449295
831,15,0.447544
832,1,0.475348
832,2,0.453758
832,3,0.450764
832,4,0.453723
832,5,0.449426
832,6,0.499529
832,7,0.458239
832,8,0.450464
832,9,0.458061
832,10,0.463319
832,11,0.498184
832,12,0.499628
832,13,0.525984
832,14,0.459081
832,15,0.463815
833,1,0.494925
833,2,0.494657
833,3,0.518532
833,4,0.517903
833,5,0.527184
833,6,0.523306
833,7,0.526546
833,8,0.522621
833,9,0.461429
833,10,0.461372
833,11,0.463234
833,12,0.449470
833,13,0.450326
833,14,0.524693
833,15,0.529626
834,1,0.522970
834,2,0.527007
834,3,0.458155
834,4,0.450574
834,5,0.454983
834,6,0.504812
834,7,0.455952
834,8,0.454428
834,9,0.447887
834,10,0.455523
834,11,0.446681
834,12,0.447238
834,13,0.449671
834,14,0.475349
834,15,0.508481
835,1,0.529837
835,2,0.521049
835,3,0.521910
835,4,0.530203
835,5,0.529547
835,6,0.456985
835,7,0.469528
835,8,0.499294
835,9,0.489966
835,10,0.516856
835,11,0.455990
835,12,0.482608
835,13,0.502232
835,14,0.502341
835,15,0.526218
836,1,0.519697
836,2,0.530089
836,3,0.526491
836,4,0.526922
836,5,0.521064
836,6,0.531174
836,7,0.529888
836,8,0.460123
836,9,0.449065
836,10,0.449555
836,11,0.504445
836,12,0.461677
836,13,0.457257
836,14,0.452843
836,15,0.454886
837,1,0.454634
837,2,0.489802
837,3,0.456956
837,4,0.455215
837,5,0.447745
837,6,0.454644
837,7,0.455548
837,8,0.455559
837,9,0.446368
837,10,0.458292
837,11,0.456461
837,12,0.447123
837,13,0.451614
837,14,0.520327
837,15,0.532514
838,1,0.531155
838,2,0.455952
838,3,0.445815
838,4,0.448681
838,5,0.499780
838,6,0.502286
838,7,0.526875
838,8,0.522748
838,9,0.523149
838,10,0.453847
838,11,0.442836
838,12,0.466236
838,13,0.450126
838,14,0.453922
838,15,0.447580
839,1,0.458591
839,2,0.492111
839,3,0.500870
839,4,0.530132
839,5,0.526491
839,6,0.531420
839,7,0.528373
839,8,0.458401
839,9,0.453587
839,10,0.453723
839,11,0.449496
839,12,0.459242
839,13,0.447428
839,14,0.445459
839,15,0.452387
840,1,0.500991
840,2,0.453327
840,3,0.487321
840,4,0.505333
840,5,0.460526
840,6,0.451012
840,7,0.454859
840,8,0.494596
840,9,0.494634
840,10,0.458155
840,11,0.482608
840,12,0.459616
840,13,0.451031
840,14,0.450578
840,15,0.445668
841,1,0.447287
841,2,0.456491
841,3,0.460427
841,4,0.462437
841,5,0.460592
841,6,0.482838
841,7,0.455619
841,8,0.449260
841,9,0.447985
841,10,0.480277
841,11,0.474283
841,12,0.493885
841,13,0.526727
841,14,0.522615
841,15,0.529779
842,1,0.460021
842,2,0.446641
842,3,0.452094
842,4,0.483605
842,5,0.494071
842,6,0.457229
842,7,0.461732
842,8,0.494732
842,9,0.506761
842,10,0.460512
842,11,0.445496
842,12,0.445695
842,13,0.461697
842,14,0.492174
842,15,0.526723
843,1,0.457637
843,2,0.445503
843,3,0.457403
843,4,0.499468
843,5,0.459724
843,6,0.444817
843,7,0.443883
843,8,0.451763
843,9,0.468094
843,10,0.495777
843,11,0.497622
843,12,0.457785
843,13,0.462065
843,14,0.445857
843,15,0.450572
844,1,0.454502
844,2,0.487783
844,3,0.499067
844,4,0.492308
844,5,0.455718
844,6,0.450762
844,7,0.454268
844,8,0.457059
844,9,0.455365
844,10,0.467938
844,11,0.450717
844,12,0.492178
844,13,0.451977
844,14,0.466315
844,15,0.503662
845,1,0.462904
845,2,0.464057
845,3,0.465541
845,4,0.448005
845,5,0.457980
845,6,0.492344
845,7,0.464433
845,8,0.448907
845,9,0.462567
845,10,0.493613
845,11,0.527903
845,12,0.518563
845,13,0.456507
845,14,0.470732
845,15,0.493944
846,1,0.460487
846,2,0.490210
846,3,0.494318
846,4,0.489743
846,5,0.461366
846,6,0.451234
846,7,0.452194
846,8,0.452361
846,9,0.501362
846,10,0.457053
846,11,0.455923
846,12,0.443841
846,13,0.449214
846,14,0.524944
846,15,0.518808
847,1,0.532517
847,2,0.528195
847,3,0.526491
847,4,0.531865
847,5,0.531339
847,6,0.459724
847,7,0.482539
847,8,0.489769
847,9,0.518789
847,10,0.463413
847,11,0.446297
847,12,0.455850
847,13,0.491149
847,14,0.499727
847,15,0.519819
848,1,0.458401
848,2,0.450117
848,3,0.458915
848,4,0.447898
848,5,0.460118
848,6,0.499274
848,7,0.455010
848,8,0.483943
848,9,0.489512
848,10,0.526024
848,11,0.464836
848,12,0.463926
848,13,0.468832
848,14,0.464729
848,15,0.457650
849,1,0.453589
849,2,0.460505
849,3,0.447769
849,4,0.447985
849,5,0.495694
849,6,0.492480
849,7,0.531159
849,8,0.529888
849,9,0.525783
849,10,0.456435
849,11,0.448979
849,12,0.450020
849,13,0.459484
849,14,0.446145
849,15,0.449733
850,1,0.522601
850,2,0.521458
850,3,0.529921
850,4,0.461818
850,5,0.454292
850,6,0.470027
850,7,0.446522
850,8,0.451823
850,9,0.446575
850,10,0.452270
850,11,0.517282
850,12,0.529879
850,13,0.518487
850,14,0.519559
850,15,0.462107
851,1,0.462729
851,2,0.463450
851,3,0.454287
851,4,0.450397
851,5,0.483720
851,6,0.460505
851,7,0.451689
851,8,0.454777
851,9,0.474333
851,10,0.459658
851,11,0.455205
851,12,0.459136
851,13,0.465833
851,14,0.479562
851,15,0.491182
852,1,0.457811
852,2,0.483859
852,3,0.457969
852,4,0.450470
852,5,0.451053
852,6,0.453199
852,7,0.497194
852,8,0.457330
852,9,0.450764
852,10,0.451526
852,11,0.451763
852,12,0.446238
852,13,0.447013
852,14,0.458929
852,15,0.456742
853,1,0.450585
853,2,0.498987
853,3,0.527346
853,4,0.461026
853,5,0.469030
853,6,0.503180
853,7,0.461620
853,8,0.469103
853,9,0.494318
853,10,0.516624
853,11,0.531159
853,12,0.527022
853,13,0.461026
853,14,0.446297
853,15,0.454109
854,1,0.499045
854,2,0.498082
854,3,0.457599
854,4,0.445398
854,5,0.444571
854,6,0.447752
854,7,0.451516
854,8,0.451626
854,9,0.465922
854,10,0.495656
854,11,0.461786
854,12,0.490690
854,13,0.460223
854,14,0.451031
854,15,0.454268
855,1,0.532111
855,2,0.454974
855,3,0.450764
855,4,0.453723
855,5,0.447571
855,6,0.452897
855,7,0.458783
855,8,0.449538
855,9,0.450431
855,10,0.457466
855,11,0.462508
855,12,0.457826
855,13,0.445874
855,14,0.456253
855,15,0.499973
856,1,0.499879
856,2,0.500831
856,3,0.467087
856,4,0.467885
856,5,0.460506
856,6,0.448557
856,7,0.480385
856,8,0.497177
856,9,0.495371
856,10,0.523025
856,11,0.520641
856,12,0.521357
856,13,0.526980
856,14,0.521732
856,15,0.523049
857,1,0.458401
857,2,0.488078
857,3,0.507066
857,4,0.521823
857,5,0.457599
857,6,0.481181
857,7,0.496772
857,8,0.461670
857,9,0.454014
857,10,0.455168
857,11,0.509166
857,12,0.529837
857,13,0.456361
857,14,0.456231
857,15,0.463896
858,1,0.461873
858,2,0.443924
858,3,0.472398
858,4,0.523049
858,5,0.456754
858,6,0.454428
858,7,0.441536
858,8,0.467966
858,9,0.467246
858,10,0.465548
858,11,0.469684
858,12,0.450713
858,13,0.500153
858,14,0.461141
858,15,0.450465
859,1,0.468242
859,2,0.502114
859,3,0.457271
859,4,0.447820
859,5,0.465541
859,6,0.450533
859,7,0.474004
859,8,0.492174
859,9,0.455959
859,10,0.455696
859,11,0.468157
859,12,0.466293
859,13,0.448057
859,14,0.457595
859,15,0.487239
860,1,0.453529
860,2,0.454533
860,3,0.461097
860,4,0.499616
860,5,0.499449
860,6,0.498946
860,7,0.465158
860,8,0.446098
860,9,0.464552
860,10,0.447397
860,11,0.454156
860,12,0.458984
860,13,0.463723
860,14,0.450765
860,15,0.491974
861,1,0.459851
861,2,0.448894
861,3,0.454291
861,4,0.448802
861,5,0.505966
861,6,0.521891
861,7,0.531091
861,8,0.527238
861,9,0.520397
861,10,0.455476
861,11,0.466878
861,12,0.459210
861,13,0.451985
861,14,0.452391
861,15,0.447752
862,1,0.484568
862,2,0.456824
862,3,0.447313
862,4,0.453061
862,5,0.453397
862,6,0.461469
862,7,0.449429
862,8,0.482647
862,9,0.496662
862,10,0.492168
862,11,0.527843
862,12,0.455397
862,13,0.452065
862,14,0.451021
862,15,0.498695
863,1,0.531521
863,2,0.521641
863,3,0.526980
863,4,0.457132
863,5,0.453141
863,6,0.450763
863,7,0.444681
863,8,0.458778
863,9,0.456797
863,10,0.488078
863,11,0.460505
863,12,0.451072
863,13,0.457036
863,14,0.463240
863,15,0.450994
864,1,0.454600
864,2,0.453594
864,3,0.458360
864,4,0.452616
864,5,0.451236
864,6,0.475750
864,7,0.461651
864,8,0.462540
864,9,0.498126
864,10,0.531155
864,11,0.455952
864,12,0.451012
864,13,0.455165
864,14,0.502740
864,15,0.456437
865,1,0.450156
865,2,0.451321
865,3,0.497194
865,4,0.499402
865,5,0.458401
865,6,0.450117
865,7,0.451910
865,8,0.449253
865,9,0.450709
865,10,0.455744
865,11,0.467013
865,12,0.453795
865,13,0.446966
865,14,0.457339
865,15,0.507117
866,1,0.500275
866,2,0.451443
866,3,0.481650
866,4,0.487431
866,5,0.462212
866,6,0.469103
866,7,0.486360
866,8,0.491893
866,9,0.458645
866,10,0.487091
866,11,0.496598
866,12,0.499031
866,13,0.527304
866,14,0.460512
866,15,0.480924
867,1,0.455524
867,2,0.445515
867,3,0.450643
867,4,0.456944
867,5,0.452974
867,6,0.495432
867,7,0.526980
867,8,0.456361
867,9,0.459497
867,10,0.459680
867,11,0.447794
867,12,0.449130
867,13,0.453924
867,14,0.468994
867,15,0.469281
868,1,0.446504
868,2,0.456117
868,3,0.448066
868,4,0.458246
868,5,0.471759
868,6,0.529881
868,7,0.460168
868,8,0.455580
868,9,0.462557
868,10,0.494141
868,11,0.457858
868,12,0.450928
868,13,0.458915
868,14,0.447708
868,15,0.452111
869,1,0.530803
869,2,0.461561
869,3,0.451721
869,4,0.455850
869,5,0.459709
869,6,0.449774
869,7,0.458995
869,8,0.504307
869,9,0.494588
869,10,0.455665
869,11,0.447312
869,12,0.453481
869,13,0.457696
869,14,0.445889
869,15,0.450213
870,1,0.494457
870,2,0.526024
870,3,0.522970
870,4,0.462833
870,5,0.452977
870,6,0.456338
870,7,0.450245
870,8,0.448220
870,9,0.448218
870,10,0.490035
870,11,0.528557
870,12,0.460790
870,13,0.451721
870,14,0.455988
870,15,0.492346
871,1,0.521853
871,2,0.529837
871,3,0.456104
871,4,0.455229
871,5,0.441418
871,6,0.450148
871,7,0.459094
871,8,0.450117
871,9,0.454268
871,10,0.500194
871,11,0.522554
871,12,0.522856
871,13,0.525888
871,14,0.525351
871,15,0.522167
872,1,0.530161
872,2,0.522741
872,3,0.525837
872,4,0.529803
872,5,0.526369
872,6,0.522959
872,7,0.519188
872,8,0.457667
872,9,0.444435
872,10,0.464552
872,11,0.468025
872,12,0.468737
872,13,0.469568
872,14,0.446978
872,15,0.456768
873,1,0.463979
873,2,0.456623
873,3,0.451557
873,4,0.441536
873,5,0.446201
873,6,0.463005
873,7,0.457085
873,8,0.464397
873,9,0.514551
873,10,0.451367
873,11,0.443439
873,12,0.448899
873,13,0.497900
873,14,0.457133
873,15,0.448110
874,1,0.456758
874,2,0.456718
874,3,0.447571
874,4,0.452952
874,5,0.455405
874,6,0.488001
874,7,0.478012
874,8,0.505661
874,9,0.529837
874,10,0.456104
874,11,0.446297
874,12,0.456808
874,13,0.456794
874,14,0.449581
874,15,0.457051
875,1,0.492347
875,2,0.455990
875,3,0.450601
875,4,0.460380
875,5,0.499616
875,6,0.455668
875,7,0.478901
875,8,0.523049
875,9,0.449770
875,10,0.445674
875,11,0.457934
875,12,0.463784
875,13,0.467007
875,14,0.449904
875,15,0.457619
876,1,0.497949
876,2,0.491281
876,3,0.532940
876,4,0.525293
876,5,0.457637
876,6,0.482608
876,7,0.502965
876,8,0.503505
876,9,0.527099
876,10,0.522195
876,11,0.531607
876,12,0.458713
876,13,0.451012
876,14,0.462088
876,15,0.454627
877,1,0.453561
877,2,0.461704
877,3,0.465138
877,4,0.461126
877,5,0.452637
877,6,0.457503
877,7,0.468461
877,8,0.457406
877,9,0.445084
877,10,0.456130
877,11,0.460398
877,12,0.466291
877,13,0.494318
877,14,0.464117
877,15,0.455580
878,1,0.451605
878,2,0.502558
878,3,0.459508
878,4,0.453328
878,5,0.456733
878,6,0.463746
878,7,0.478341
878,8,0.461773
878,9,0.482993
878,10,0.488892
878,11,0.526769
878,12,0.524484
878,13,0.465180
878,14,0.482923
878,15,0.500555
879,1,0.492169
879,2,0.522050
879,3,0.531155
879,4,0.529837
879,5,0.456361
879,6,0.457552
879,7,0.468832
879,8,0.449558
879,9,0.450667
879,10,0.492898
879,11,0.456653
879,12,0.487612
879,13,0.454327
879,14,0.446651
879,15,0.457332
880,1,0.467138
880,2,0.532330
880,3,0.531339
880,4,0.521458
880,5,0.531155
880,6,0.526740
880,7,0.518766
880,8,0.455971
880,9,0.462629
880,10,0.501050
880,11,0.503382
880,12,0.521212
880,13,0.521354
880,14,0.521452
880,15,0.458879
881,1,0.451012
881,2,0.459967
881,3,0.452823
881,4,0.448302
881,5,0.447402
881,6,0.452045
881,7,0.498083
881,8,0.519072
881,9,0.527275
881,10,0.461026
881,11,0.463815
881,12,0.506002
881,13,0.458077
881,14,0.487321
881,15,0.496102
882,1,0.460526
882,2,0.450764
882,3,0.448681
882,4,0.457134
882,5,0.448347
882,6,0.450867
882,7,0.498415
882,8,0.529837
882,9,0.524154
882,10,0.465930
882,11,0.492283
882,12,0.529620
882,13,0.526491
882,14,0.527798
882,15,0.527304
883,1,0.523925
883,2,0.462833
883,3,0.450525
883,4,0.455433
883,5,0.468170
883,6,0.452250
883,7,0.445044
883,8,0.451084
883,9,0.445414
883,10,0.453004
883,11,0.475949
883,12,0.446145
883,13,0.449731
883,14,0.452918
883,15,0.452048
884,1,0.463525
884,2,0.491077
884,3,0.530161
884,4,0.523019
884,5,0.526617
884,6,0.464000
884,7,0.454767
884,8,0.445243
884,9,0.458864
884,10,0.492823
884,11,0.497422
884,12,0.458875
884,13,0.450077
884,14,0.457564
884,15,0.447588
885,1,0.450604
885,2,0.460949
885,3,0.452884
885,4,0.458090
885,5,0.451545
885,6,0.451854
885,7,0.497100
885,8,0.521458
885,9,0.522007
885,10,0.527304
885,11,0.525906
885,12,0.521461
885,13,0.454974
885,14,0.450117
885,15,0.455025
886,1,0.457070
886,2,0.450250
886,3,0.447985
886,4,0.499780
886,5,0.489751
886,6,0.460460
886,7,0.443367
886,8,0.459514
886,9,0.451572
886,10,0.453328
886,11,0.462915
886,12,0.458998
886,13,0.471056
886,14,0.500805
886,15,0.462694
887,1,0.453279
887,2,0.450652
887,3,0.491250
887,4,0.449773
887,5,0.451669
887,6,0.450728
887,7,0.451130
887,8,0.449623
887,9,0.455670
887,10,0.448555
887,11,0.456220
887,12,0.485952
887,13,0.458867
887,14,0.447971
887,15,0.451858
888,1,0.458328
888,2,0.450722
888,3,0.461179
888,4,0.475983
888,5,0.456523
888,6,0.486453
888,7,0.483515
888,8,0.496209
888,9,0.496996
888,10,0.456773
888,11,0.450060
888,12,0.445516
888,13,0.461549
888,14,0.447110
888,15,0.453557
889,1,0.456758
889,2,0.447971
889,3,0.455961
889,4,0.492153
889,5,0.491862
889,6,0.456540
889,7,0.453035
889,8,0.447745
889,9,0.494438
889,10,0.495507
889,11,0.456875
889,12,0.462856
889,13,0.457171
889,14,0.482440
889,15,0.496772
890,1,0.525328
890,2,0.456123
890,3,0.449263
890,4,0.452212
890,5,0.496952
890,6,0.492592
890,7,0.491063
890,8,0.531794
890,9,0.456708
890,10,0.453159
890,11,0.461179
890,12,0.451812
890,13,0.469502
890,14,0.496707
890,15,0.504205
891,1,0.492253
891,2,0.533527
891,3,0.464202
891,4,0.451518
891,5,0.452242
891,6,0.468581
891,7,0.494217
891,8,0.455354
891,9,0.449360
891,10,0.485725
891,11,0.541731
891,12,0.527964
891,13,0.520682
891,14,0.520682
891,15,0.520191
892,1,0.521263
892,2,0.529074
892,3,0.454195
892,4,0.481722
892,5,0.454478
892,6,0.450446
892,7,0.453061
892,8,0.483121
892,9,0.497010
892,10,0.501340
892,11,0.521174
892,12,0.463069
892,13,0.482539
892,14,0.467035
892,15,0.454628
893,1,0.448620
893,2,0.471993
893,3,0.528881
893,4,0.523019
893,5,0.457735
893,6,0.445331
893,7,0.464026
893,8,0.451222
893,9,0.451014
893,10,0.465199
893,11,0.483503
893,12,0.502789
893,13,0.498189
893,14,0.532687
893,15,0.527238
894,1,0.519995
894,2,0.520594
894,3,0.521224
894,4,0.521116
894,5,0.449893
894,6,0.482608
894,7,0.504563
894,8,0.530161
894,9,0.525223
894,10,0.531159
894,11,0.521458
894,12,0.528153
894,13,0.525185
894,14,0.532194
894,15,0.458401
895,1,0.449349
895,2,0.453075
895,3,0.502657
895,4,0.457133
895,5,0.456090
895,6,0.464929
895,7,0.468649
895,8,0.521580
895,9,0.456754
895,10,0.454428
895,11,0.440388
895,12,0.449350
895,13,0.494557
895,14,0.457976
895,15,0.447458
896,1,0.443149
896,2,0.450361
896,3,0.500787
896,4,0.531155
896,5,0.531521
896,6,0.530203
896,7,0.526491
896,8,0.458972
896,9,0.487091
896,10,0.493021
896,11,0.458403
896,12,0.471121
896,13,0.459068
896,14,0.487012
896,15,0.458881
897,1,0.454875
897,2,0.462090
897,3,0.500723
897,4,0.491674
897,5,0.493510
897,6,0.454592
897,7,0.445895
897,8,0.465536
897,9,0.445176
897,10,0.457980
897,11,0.492095
897,12,0.454010
897,13,0.445922
897,14,0.467995
897,15,0.455286
898,1,0.453922
898,2,0.446951
898,3,0.459579
898,4,0.486725
898,5,0.453827
898,6,0.446738
898,7,0.445846
898,8,0.452515
898,9,0.498772
898,10,0.457088
898,11,0.451767
898,12,0.452843
898,13,0.464658
898,14,0.519719
898,15,0.460173
899,1,0.452536
899,2,0.444070
899,3,0.456091
899,4,0.452366
899,5,0.458186
899,6,0.453457
899,7,0.453263
899,8,0.483748
899,9,0.506189
899,10,0.456754
899,11,0.451012
899,12,0.461179
899,13,0.464761
899,14,0.452071
899,15,0.458907
900,1,0.447085
900,2,0.458327
900,3,0.464460
900,4,0.449345
900,5,0.491974
900,6,0.459150
900,7,0.451359
900,8,0.458915
900,9,0.465133
900,10,0.456975
900,11,0.503028
900,12,0.458239
900,13,0.445040
900,14,0.456374
900,15,0.491720
901,1,0.490931
901,2,0.529619
901,3,0.518701
901,4,0.524290
901,5,0.519880
901,6,0.458405
901,7,0.449772
901,8,0.454859
901,9,0.490643
901,10,0.517850
901,11,0.530203
901,12,0.461283
901,13,0.450156
901,14,0.450115
901,15,0.520045
902,1,0.456620
902,2,0.485733
902,3,0.495502
902,4,0.455630
902,5,0.443946
902,6,0.452479
902,7,0.452387
902,8,0.492060
902,9,0.458077
902,10,0.445815
902,11,0.445610
902,12,0.453546
902,13,0.493529
902,14,0.503111
902,15,0.504619
903,1,0.519159
903,2,0.521663
903,3,0.456773
903,4,0.486797
903,5,0.467957
903,6,0.469206
903,7,0.495652
903,8,0.489966
903,9,0.532137
903,10,0.462107
903,11,0.454102
903,12,0.465670
903,13,0.447642
903,14,0.450667
903,15,0.501326
904,1,0.525328
904,2,0.455333
904,3,0.450117
904,4,0.454859
904,5,0.457920
904,6,0.450770
904,7,0.449379
904,8,0.447687
904,9,0.450893
904,10,0.493933
904,11,0.517521
904,12,0.526922
904,13,0.522370
904,14,0.530725
904,15,0.458300
905,1,0.450347
905,2,0.452566
905,3,0.459313
905,4,0.448790
905,5,0.448638
905,6,0.484259
905,7,0.490531
905,8,0.526835
905,9,0.522120
905,10,0.463043
905,11,0.452946
905,12,0.460799
905,13,0.461970
905,14,0.448960
905,15,0.457696
906,1,0.447313
906,2,0.457471
906,3,0.492629
906,4,0.499948
906,5,0.523306
906,6,0.524434
906,7,0.456710
906,8,0.480986
906,9,0.459943
906,10,0.452500
906,11,0.453723
906,12,0.464531
906,13,0.466498
906,14,0.449418
906,15,0.501030
907,1,0.500219
907,2,0.456189
907,3,0.487452
907,4,0.458881
907,5,0.453392
907,6,0.453972
907,7,0.460966
907,8,0.446681
907,9,0.452776
907,10,0.458461
907,11,0.484205
907,12,0.458915
907,13,0.489488
907,14,0.458881
907,15,0.447313
908,1,0.451858
908,2,0.523741
908,3,0.458077
908,4,0.449766
908,5,0.444571
908,6,0.479000
908,7,0.458947
908,8,0.452037
908,9,0.450528
908,10,0.457448
908,11,0.488242
908,12,0.501924
908,13,0.456817
908,14,0.445569
908,15,0.451068
909,1,0.503921
909,2,0.515854
909,3,0.457785
909,4,0.463820
909,5,0.458858
909,6,0.455835
909,7,0.462611
909,8,0.501101
909,9,0.464058
909,10,0.463834
909,11,0.445243
909,12,0.453391
909,13,0.520052
909,14,0.456620
909,15,0.452482
910,1,0.464669
910,2,0.452386
910,3,0.451421
910,4,0.506602
910,5,0.520767
910,6,0.517824
910,7,0.526980
910,8,0.518537
910,9,0.527162
910,10,0.526382
910,11,0.521795
910,12,0.527024
910,13,0.460168
910,14,0.446297
910,15,0.449019
911,1,0.458046
911,2,0.450888
911,3,0.454123
911,4,0.496414
911,5,0.461819
911,6,0.451673
911,7,0.451793
911,8,0.499069
911,9,0.498864
911,10,0.459070
911,11,0.450709
911,12,0.444401
911,13,0.454882
911,14,0.500911
911,15,0.463515
912,1,0.452117
912,2,0.456850
912,3,0.493084
912,4,0.531521
912,5,0.532102
912,6,0.518766
912,7,0.522856
912,8,0.530404
912,9,0.526491
912,10,0.531929
912,11,0.526980
912,12,0.456361
912,13,0.451721
912,14,0.451613
912,15,0.451758
913,1,0.449627
913,2,0.486304
913,3,0.523306
913,4,0.522608
913,5,0.456461
913,6,0.449868
913,7,0.454121
913,8,0.490663
913,9,0.454881
913,10,0.482404
913,11,0.487638
913,12,0.461026
913,13,0.446297
913,14,0.454182
913,15,0.484706
914,1,0.505101
914,2,0.453306
914,3,0.445978
914,4,0.452566
914,5,0.461997
914,6,0.464152
914,7,0.471760
914,8,0.461341
914,9,0.483042
914,10,0.460981
914,11,0.453587
914,12,0.455559
914,13,0.446368
914,14,0.460976
914,15,0.453210
915,1,0.474779
915,2,0.498134
915,3,0.532746
915,4,0.530161
915,5,0.525906
915,6,0.526781
915,7,0.459157
915,8,0.448465
915,9,0.452843
915,10,0.453029
915,11,0.452523
915,12,0.481487
915,13,0.530465
915,14,0.532330
915,15,0.458879
916,1,0.488123
916,2,0.493915
916,3,0.502395
916,4,0.532746
916,5,0.530203
916,6,0.523925
916,7,0.527007
916,8,0.532746
916,9,0.527030
916,10,0.523019
916,11,0.531978
916,12,0.520872
916,13,0.532060
916,14,0.526959
916,15,0.523277
917,1,0.461724
917,2,0.489676
917,3,0.463677
917,4,0.446593
917,5,0.456004
917,6,0.444743
917,7,0.451857
917,8,0.448309
917,9,0.445909
917,10,0.457904
917,11,0.497813
917,12,0.531309
917,13,0.527304
917,14,0.460512
917,15,0.446059
918,1,0.452242
918,2,0.458124
918,3,0.448573
918,4,0.460880
918,5,0.451689
918,6,0.450578
918,7,0.439959
918,8,0.452224
918,9,0.495076
918,10,0.492498
918,11,0.447861
918,12,0.480111
918,13,0.505333
918,14,0.497110
918,15,0.531235
919,1,0.533060
919,2,0.524154
919,3,0.532687
919,4,0.455963
919,5,0.475487
919,6,0.495845
919,7,0.523049
919,8,0.451896
919,9,0.443856
919,10,0.443371
919,11,0.445918
919,12,0.456190
919,13,0.493784
919,14,0.522414
919,15,0.526980
920,1,0.460512
920,2,0.453703
920,3,0.466236
920,4,0.467093
920,5,0.445276
920,6,0.454707
920,7,0.451139
920,8,0.451799
920,9,0.456278
920,10,0.486682
920,11,0.506296
920,12,0.518343
920,13,0.518716
920,14,0.525156
920,15,0.456708
921,1,0.482313
921,2,0.501846
921,3,0.462551
921,4,0.443250
921,5,0.461327
921,6,0.455334
921,7,0.452566
921,8,0.451994
921,9,0.448299
921,10,0.451171
921,11,0.497138
921,12,0.524021
921,13,0.531607
921,14,0.530161
921,15,0.461283
922,1,0.481857
922,2,0.503406
922,3,0.498082
922,4,0.523565
922,5,0.456773
922,6,0.448803
922,7,0.451084
922,8,0.482236
922,9,0.456473
922,10,0.447890
922,11,0.457056
922,12,0.458755
922,13,0.446027
922,14,0.448580
922,15,0.457610
923,1,0.455483
923,2,0.457220
923,3,0.447313
923,4,0.455872
923,5,0.499607
923,6,0.499425
923,7,0.454071
923,8,0.453456
923,9,0.451084
923,10,0.444916
923,11,0.446704
923,12,0.496879
923,13,0.498178
923,14,0.522147
923,15,0.523108
924,1,0.523306
924,2,0.521841
924,3,0.517540
924,4,0.458405
924,5,0.485828
924,6,0.497651
924,7,0.529954
924,8,0.461283
924,9,0.446297
924,10,0.474972
924,11,0.500348
924,12,0.489927
924,13,0.516030
924,14,0.527304
924,15,0.525223
925,1,0.529717
925,2,0.524738
925,3,0.521028
925,4,0.521774
925,5,0.528153
925,6,0.522790
925,7,0.532687
925,8,0.523872
925,9,0.457372
925,10,0.487321
925,11,0.454174
925,12,0.467966
925,13,0.500805
925,14,0.502341
925,15,0.458230
926,1,0.488123
926,2,0.505333
926,3,0.530281
926,4,0.456754
926,5,0.485828
926,6,0.490571
926,7,0.505296
926,8,0.524502
926,9,0.526550
926,10,0.518728
926,11,0.460014
926,12,0.454167
926,13,0.466370
926,14,0.458883
926,15,0.523978
927,1,0.515004
927,2,0.459678
927,3,0.467571
927,4,0.505638
927,5,0.502341
927,6,0.520909
927,7,0.455952
927,8,0.449432
927,9,0.455872
927,10,0.457916
927,11,0.463489
927,12,0.494318
927,13,0.490816
927,14,0.494027
927,15,0.520120
928,1,0.529947
928,2,0.526369
928,3,0.531668
928,4,0.459724
928,5,0.482404
928,6,0.484267
928,7,0.489966
928,8,0.460696
928,9,0.446114
928,10,0.445707
928,11,0.450185
928,12,0.459609
928,13,0.483064
928,14,0.505333
928,15,0.525700
929,1,0.518487
929,2,0.527162
929,3,0.452934
929,4,0.456834
929,5,0.446763
929,6,0.456122
929,7,0.447769
929,8,0.447686
929,9,0.461767
929,10,0.446934
929,11,0.453972
929,12,0.505333
929,13,0.530281
929,14,0.458833
929,15,0.489743
930,1,0.467770
930,2,0.447971
930,3,0.449733
930,4,0.457136
930,5,0.450286
930,6,0.449894
930,7,0.505509
930,8,0.500618
930,9,0.492098
930,10,0.523127
930,11,0.526247
930,12,0.532298
930,13,0.527304
930,14,0.522790
930,15,0.461724
931,1,0.452002
931,2,0.461491
931,3,0.492215
931,4,0.499113
931,5,0.498946
931,6,0.456267
931,7,0.446114
931,8,0.445891
931,9,0.455113
931,10,0.493773
931,11,0.498927
931,12,0.458401
931,13,0.485828
931,14,0.504563
931,15,0.457330
932,1,0.452172
932,2,0.470177
932,3,0.460966
932,4,0.445889
932,5,0.441536
932,6,0.444819
932,7,0.458723
932,8,0.490272
932,9,0.505200
932,10,0.499220
932,11,0.531704
932,12,0.458879
932,13,0.471256
932,14,0.453439
932,15,0.446596
933,1,0.452091
933,2,0.493205
933,3,0.500261
933,4,0.457958
933,5,0.448984
933,6,0.454059
933,7,0.493628
933,8,0.452093
933,9,0.450797
933,10,0.450868
933,11,0.456736
933,12,0.492898
933,13,0.449770
933,14,0.444786
933,15,0.453206
934,1,0.447092
934,2,0.461073
934,3,0.497775
934,4,0.528273
934,5,0.526423
934,6,0.532194
934,7,0.530161
934,8,0.522970
934,9,0.526817
934,10,0.526699
934,11,0.519052
934,12,0.460696
934,13,0.452988
934,14,0.444804
934,15,0.458009
935,1,0.495287
935,2,0.457269
935,3,0.448149
935,4,0.461737
935,5,0.492215
935,6,0.519364
935,7,0.530476
935,8,0.460168
935,9,0.462783
935,10,0.497870
935,11,0.493797
935,12,0.490058
935,13,0.457599
935,14,0.450347
935,15,0.451526
936,1,0.453144
936,2,0.506042
936,3,0.521641
936,4,0.527304
936,5,0.523916
936,6,0.520391
936,7,0.526980
936,8,0.461283
936,9,0.462783
936,10,0.495502
936,11,0.527965
936,12,0.528120
936,13,0.459000
936,14,0.452820
936,15,0.464637
937,1,0.460952
937,2,0.453292
937,3,0.453882
937,4,0.450511
937,5,0.500153
937,6,0.494603
937,7,0.532560
937,8,0.529879
937,9,0.526491
937,10,0.531865
937,11,0.458077
937,12,0.451012
937,13,0.461179
937,14,0.455688
937,15,0.447141
938,1,0.459350
938,2,0.453890
938,3,0.454564
938,4,0.492665
938,5,0.512783
938,6,0.522007
938,7,0.458077
938,8,0.446390
938,9,0.454723
938,10,0.488813
938,11,0.499468
938,12,0.527345
938,13,0.525906
938,14,0.527352
938,15,0.463069
939,1,0.446297
939,2,0.456374
939,3,0.499890
939,4,0.499113
939,5,0.490996
939,6,0.532517
939,7,0.529837
939,8,0.521732
939,9,0.517854
939,10,0.526980
939,11,0.522790
939,12,0.522856
939,13,0.529643
939,14,0.519188
939,15,0.527541
940,1,0.522054
940,2,0.450676
940,3,0.445895
940,4,0.444571
940,5,0.462708
940,6,0.465171
940,7,0.452733
940,8,0.450023
940,9,0.526320
940,10,0.525283
940,11,0.456819
940,12,0.445463
940,13,0.453989
940,14,0.490231
940,15,0.519387
941,1,0.531708
941,2,0.458401
941,3,0.485963
941,4,0.459803
941,5,0.450470
941,6,0.453882
941,7,0.448644
941,8,0.472398
941,9,0.497216
941,10,0.457599
941,11,0.449349
941,12,0.452575
941,13,0.467966
941,14,0.466498
941,15,0.465261
942,1,0.450329
942,2,0.454717
942,3,0.502292
942,4,0.460703
942,5,0.456341
942,6,0.450652
942,7,0.501561
942,8,0.521906
942,9,0.527304
942,10,0.463413
942,11,0.454705
942,12,0.447509
942,13,0.504769
942,14,0.507245
942,15,0.531521
943,1,0.527304
943,2,0.526491
943,3,0.522616
943,4,0.529888
943,5,0.523359
943,6,0.527812
943,7,0.518868
943,8,0.522484
943,9,0.522363
943,10,0.531969
943,11,0.527022
943,12,0.522318
943,13,0.457770
943,14,0.449361
943,15,0.455003
944,1,0.469610
944,2,0.496708
944,3,0.531521
944,4,0.529597
944,5,0.521732
944,6,0.445860
944,7,0.449222
944,8,0.455924
944,9,0.475313
944,10,0.455665
944,11,0.449915
944,12,0.480508
944,13,0.517996
944,14,0.458155
944,15,0.482608
945,1,0.508555
945,2,0.527304
945,3,0.460512
945,4,0.480924
945,5,0.504823
945,6,0.457736
945,7,0.447553
945,8,0.452843
945,9,0.446962
945,10,0.464899
945,11,0.451243
945,12,0.480460
945,13,0.490883
945,14,0.460014
945,15,0.451228
946,1,0.461478
946,2,0.468607
946,3,0.452708
946,4,0.448507
946,5,0.452785
946,6,0.451907
946,7,0.509166
946,8,0.457599
946,9,0.449400
946,10,0.454859
946,11,0.465215
946,12,0.529638
946,13,0.460021
946,14,0.470062
946,15,0.458979
947,1,0.487002
947,2,0.503970
947,3,0.502341
947,4,0.515125
947,5,0.522657
947,6,0.521732
947,7,0.454934
947,8,0.487091
947,9,0.503662
947,10,0.460381
947,11,0.446498
947,12,0.457457
947,13,0.450397
947,14,0.503680
947,15,0.496608
948,1,0.532946
948,2,0.526491
948,3,0.529947
948,4,0.525062
948,5,0.521461
948,6,0.455855
948,7,0.448877
948,8,0.461179
948,9,0.499863
948,10,0.458236
948,11,0.445181
948,12,0.448884
948,13,0.456758
948,14,0.447433
948,15,0.450867
949,1,0.502246
949,2,0.515940
949,3,0.521452
949,4,0.460526
949,5,0.449766
949,6,0.447985
949,7,0.464624
949,8,0.451714
949,9,0.453369
949,10,0.494800
949,11,0.492061
949,12,0.467217
949,13,0.464873
949,14,0.479390
949,15,0.503947
950,1,0.522970
950,2,0.526298
950,3,0.456619
950,4,0.471988
950,5,0.459477
950,6,0.449677
950,7,0.441536
950,8,0.465433
950,9,0.446160
950,10,0.457461
950,11,0.495105
950,12,0.498187
950,13,0.522007
950,14,0.526980
950,15,0.460255
951,1,0.455229
951,2,0.460583
951,3,0.450397
951,4,0.490853
951,5,0.457211
951,6,0.450423
951,7,0.450728
951,8,0.499468
951,9,0.456758
951,10,0.449396
951,11,0.443276
951,12,0.449865
951,13,0.502481
951,14,0.456414
951,15,0.464556
952,1,0.447522
952,2,0.442546
952,3,0.455694
952,4,0.457594
952,5,0.451112
952,6,0.450246
952,7,0.463447
952,8,0.455841
952,9,0.447156
952,10,0.449878
952,11,0.498247
952,12,0.456754
952,13,0.454428
952,14,0.456018
952,15,0.450776
953,1,0.448474
953,2,0.457378
953,3,0.493460
953,4,0.456369
953,5,0.448979
953,6,0.441237
953,7,0.447474
953,8,0.459584
953,9,0.451689
953,10,0.461097
953,11,0.484241
953,12,0.503504
953,13,0.496742
953,14,0.519632
953,15,0.526980
954,1,0.518766
954,2,0.522147
954,3,0.529643
954,4,0.460880
954,5,0.449627
954,6,0.455066
954,7,0.493027
954,8,0.499634
954,9,0.458130
954,10,0.451833
954,11,0.452742
954,12,0.467597
954,13,0.506306
954,14,0.458077
954,15,0.454770
955,1,0.458915
955,2,0.484659
955,3,0.458594
955,4,0.449074
955,5,0.455559
955,6,0.447712
955,7,0.452276
955,8,0.482080
955,9,0.489914
955,10,0.497956
955,11,0.456497
955,12,0.455408
955,13,0.443133
955,14,0.449351
955,15,0.448533
956,1,0.452286
956,2,0.490134
956,3,0.456701
956,4,0.464981
956,5,0.491502
956,6,0.504229
956,7,0.523916
956,8,0.456435
956,9,0.449693
956,10,0.460112
956,11,0.488034
956,12,0.480378
956,13,0.508169
956,14,0.456533
956,15,0.483650
957,1,0.459803
957,2,0.450117
957,3,0.451910
957,4,0.444916
957,5,0.448214
957,6,0.524087
957,7,0.461677
957,8,0.482931
957,9,0.494055
957,10,0.503299
957,11,0.522856
957,12,0.456461
957,13,0.450060
957,14,0.447123
957,15,0.495811
958,1,0.528881
958,2,0.522970
958,3,0.533337
958,4,0.526720
958,5,0.530209
958,6,0.522741
958,7,0.532687
958,8,0.455226
958,9,0.461730
958,10,0.497491
958,11,0.456754
958,12,0.487186
958,13,0.497651
958,14,0.499220
958,15,0.522171
959,1,0.518716
959,2,0.524270
959,3,0.521802
959,4,0.521914
959,5,0.531471
959,6,0.527304
959,7,0.460512
959,8,0.445542
959,9,0.447319
959,10,0.455971
959,11,0.455493
959,12,0.453206
959,13,0.456909
959,14,0.446399
959,15,0.451946
960,1,0.530409
960,2,0.525205
960,3,0.530209
960,4,0.526247
960,5,0.521028
960,6,0.531339
960,7,0.527304
960,8,0.525906
960,9,0.522959
960,10,0.518300
960,11,0.524791
960,12,0.518985
960,13,0.520864
960,14,0.527517
960,15,0.523925
961,1,0.525084
961,2,0.534030
961,3,0.465092
961,4,0.455847
961,5,0.462358
961,6,0.447055
961,7,0.498697
961,8,0.494603
961,9,0.458977
961,10,0.488078
961,11,0.460981
961,12,0.466977
961,13,0.504563
961,14,0.530718
961,15,0.457099
962,1,0.450764
962,2,0.447985
962,3,0.503635
962,4,0.499505
962,5,0.531607
962,6,0.530203
962,7,0.522741
962,8,0.526546
962,9,0.455990
962,10,0.455653
962,11,0.441536
962,12,0.465500
962,13,0.446327
962,14,0.451589
962,15,0.448213
963,1,0.450823
963,2,0.447636
963,3,0.448193
963,4,0.446982
963,5,0.450652
963,6,0.491560
963,7,0.530161
963,8,0.460512
963,9,0.456836
963,10,0.453643
963,11,0.456919
963,12,0.466374
963,13,0.468269
963,14,0.495636
963,15,0.530718
964,1,0.461745
964,2,0.449400
964,3,0.454268
964,4,0.457510
964,5,0.484208
964,6,0.457324
964,7,0.484031
964,8,0.491502
964,9,0.528557
964,10,0.520179
964,11,0.521461
964,12,0.526980
964,13,0.521634
964,14,0.522306
964,15,0.454930
965,1,0.445468
965,2,0.447319
965,3,0.505568
965,4,0.521458
965,5,0.530203
965,6,0.463928
965,7,0.451412
965,8,0.452688
965,9,0.466640
965,10,0.501869
965,11,0.502341
965,12,0.522167
965,13,0.532149
965,14,0.521641
965,15,0.527304
966,1,0.526293
966,2,0.526922
966,3,0.463781
966,4,0.455518
966,5,0.440889
966,6,0.451207
966,7,0.466665
966,8,0.499598
966,9,0.499037
966,10,0.458401
966,11,0.449349
966,12,0.447985
966,13,0.459242
966,14,0.453029
966,15,0.450590
967,1,0.505509
967,2,0.457352
967,3,0.450476
967,4,0.450229
967,5,0.452387
967,6,0.455510
967,7,0.446555
967,8,0.453723
967,9,0.449496
967,10,0.458144
967,11,0.484617
967,12,0.478524
967,13,0.458220
967,14,0.441388
967,15,0.460047
968,1,0.450470
968,2,0.447811
968,3,0.458569
968,4,0.450410
968,5,0.455502
968,6,0.476390
968,7,0.459417
968,8,0.450077
968,9,0.454859
968,10,0.492554
968,11,0.516852
968,12,0.452944
968,13,0.484285
968,14,0.461291
968,15,0.448624
969,1,0.447947
969,2,0.462840
969,3,0.452051
969,4,0.497214
969,5,0.531528
969,6,0.455952
969,7,0.487186
969,8,0.458915
969,9,0.488484
969,10,0.464995
969,11,0.447067
969,12,0.451858
969,13,0.457136
969,14,0.487485
969,15,0.503662
970,1,0.496209
970,2,0.522147
970,3,0.522598
970,4,0.458401
970,5,0.485963
970,6,0.505616
970,7,0.455952
970,8,0.452172
970,9,0.452575
970,10,0.448427
970,11,0.495509
970,12,0.492655
970,13,0.464976
970,14,0.452511
970,15,0.455549
971,1,0.496906
971,2,0.502738
971,3,0.461803
971,4,0.451833
971,5,0.476053
971,6,0.498522
971,7,0.531296
971,8,0.457599
971,9,0.454054
971,10,0.462734
971,11,0.474681
971,12,0.506253
971,13,0.458401
971,14,0.486585
971,15,0.457969
972,1,0.447971
972,2,0.451946
972,3,0.506892
972,4,0.449534
972,5,0.450465
972,6,0.460047
972,7,0.489814
972,8,0.449893
972,9,0.450060
972,10,0.452212
972,11,0.503887
972,12,0.497177
972,13,0.518909
972,14,0.452934
972,15,0.455621
973,1,0.462616
973,2,0.445553
973,3,0.456245
973,4,0.472741
973,5,0.456822
973,6,0.450247
973,7,0.453094
973,8,0.454165
973,9,0.449471
973,10,0.457595
973,11,0.447501
973,12,0.456010
973,13,0.490328
973,14,0.490913
973,15,0.521850
974,1,0.526423
974,2,0.522414
974,3,0.455952
974,4,0.444779
974,5,0.449044
974,6,0.453758
974,7,0.487771
974,8,0.499901
974,9,0.501034
974,10,0.519887
974,11,0.529835
974,12,0.518766
974,13,0.521169
974,14,0.517540
974,15,0.531429
975,1,0.458401
975,2,0.455425
975,3,0.453723
975,4,0.446023
975,5,0.451243
975,6,0.471216
975,7,0.527828
975,8,0.521634
975,9,0.457325
975,10,0.450060
975,11,0.453075
975,12,0.454987
975,13,0.446575
975,14,0.468007
975,15,0.449365
976,1,0.446329
976,2,0.452449
976,3,0.452159
976,4,0.448481
976,5,0.454125
976,6,0.491773
976,7,0.532411
976,8,0.521458
976,9,0.521458
976,10,0.521458
976,11,0.455576
976,12,0.454428
976,13,0.456971
976,14,0.452790
976,15,0.488843
977,1,0.525438
977,2,0.525906
977,3,0.529779
977,4,0.460021
977,5,0.465094
977,6,0.445419
977,7,0.456576
977,8,0.457560
977,9,0.456135
977,10,0.444070
977,11,0.449517
977,12,0.467288
977,13,0.470043
977,14,0.456754
977,15,0.450347
978,1,0.452063
978,2,0.499800
978,3,0.494603
978,4,0.521645
978,5,0.531978
978,6,0.521458
978,7,0.530161
978,8,0.525960
978,9,0.526922
978,10,0.456408
978,11,0.483693
978,12,0.494925
978,13,0.495651
978,14,0.463766
978,15,0.449310
979,1,0.453059
979,2,0.448235
979,3,0.454882
979,4,0.495349
979,5,0.497481
979,6,0.455952
979,7,0.454054
979,8,0.454268
979,9,0.458783
979,10,0.451142
979,11,0.454268
979,12,0.459095
979,13,0.450315
979,14,0.460310
979,15,0.454337
980,1,0.445959
980,2,0.453097
980,3,0.448018
980,4,0.446561
980,5,0.468872
980,6,0.464140
980,7,0.468430
980,8,0.446504
980,9,0.456148
980,10,0.448817
980,11,0.449960
980,12,0.498082
980,13,0.458403
980,14,0.487186
980,15,0.497785
981,1,0.502875
981,2,0.527090
981,3,0.460556
981,4,0.489178
981,5,0.495146
981,6,0.508918
981,7,0.522347
981,8,0.531155
981,9,0.456708
981,10,0.453170
981,11,0.451526
981,12,0.461187
981,13,0.500230
981,14,0.493776
981,15,0.523251
982,1,0.458879
982,2,0.449766
982,3,0.453075
982,4,0.457220
982,5,0.451216
982,6,0.457180
982,7,0.457845
982,8,0.450032
982,9,0.472365
982,10,0.516145
982,11,0.526980
982,12,0.519742
982,13,0.447507
982,14,0.444790
982,15,0.450432
983,1,0.446368
983,2,0.455308
983,3,0.458611
983,4,0.471033
983,5,0.450122
983,6,0.496015
983,7,0.455707
983,8,0.448894
983,9,0.451053
983,10,0.453479
983,11,0.452109
983,12,0.482744
983,13,0.493662
983,14,0.460630
983,15,0.457006
984,1,0.454739
984,2,0.468365
984,3,0.531551
984,4,0.527302
984,5,0.460512
984,6,0.468097
984,7,0.485472
984,8,0.493797
984,9,0.522616
984,10,0.448123
984,11,0.445674
984,12,0.453434
984,13,0.494142
984,14,0.492782
984,15,0.457810
985,1,0.466343
985,2,0.507503
985,3,0.458077
985,4,0.482404
985,5,0.500805
985,6,0.489966
985,7,0.492620
985,8,0.522288
985,9,0.520299
985,10,0.521357
985,11,0.456754
985,12,0.485828
985,13,0.457969
985,14,0.484761
985,15,0.497532
986,1,0.458239
986,2,0.481983
986,3,0.491073
986,4,0.458077
986,5,0.449766
986,6,0.445523
986,7,0.455806
986,8,0.493284
986,9,0.502043
986,10,0.502239
986,11,0.532194
986,12,0.522272
986,13,0.527022
986,14,0.525906
986,15,0.526612
987,1,0.524175
987,2,0.526612
987,3,0.525658
987,4,0.532313
987,5,0.522272
987,6,0.461421
987,7,0.449766
987,8,0.453723
987,9,0.449508
987,10,0.458584
987,11,0.451216
987,12,0.448881
987,13,0.455135
987,14,0.448347
987,15,0.457474
988,1,0.458717
988,2,0.449792
988,3,0.476081
988,4,0.452162
988,5,0.446276
988,6,0.444275
988,7,0.447752
988,8,0.449605
988,9,0.463398
988,10,0.457322
988,11,0.449933
988,12,0.456275
988,13,0.457678
988,14,0.459341
988,15,0.451947
989,1,0.484364
989,2,0.459961
989,3,0.457499
989,4,0.447744
989,5,0.458232
989,6,0.487239
989,7,0.498801
989,8,0.530718
989,9,0.455952
989,10,0.449349
989,11,0.452977
989,12,0.457595
989,13,0.447971
989,14,0.453007
989,15,0.491863
990,1,0.456653
990,2,0.469898
990,3,0.495652
990,4,0.517644
990,5,0.517148
990,6,0.456754
990,7,0.485828
990,8,0.454174
990,9,0.447971
990,10,0.459096
990,11,0.449385
990,12,0.451226
990,13,0.452775
990,14,0.446031
990,15,0.460806
991,1,0.449613
991,2,0.467923
991,3,0.450764
991,4,0.447985
991,5,0.457086
991,6,0.483554
991,7,0.457957
991,8,0.453501
991,9,0.455415
991,10,0.457837
991,11,0.488810
991,12,0.497532
991,13,0.458239
991,14,0.463245
991,15,0.489840
992,1,0.458077
992,2,0.449766
992,3,0.444571
992,4,0.458226
992,5,0.446591
992,6,0.450226
992,7,0.502920
992,8,0.496643
992,9,0.525720
992,10,0.456941
992,11,0.450060
992,12,0.450608
992,13,0.456454
992,14,0.455880
992,15,0.469617
993,1,0.503084
993,2,0.461466
993,3,0.450109
993,4,0.456358
993,5,0.478596
993,6,0.514919
993,7,0.521452
993,8,0.455576
993,9,0.481018
993,10,0.456291
993,11,0.481684
993,12,0.456533
993,13,0.455548
993,14,0.452601
993,15,0.475953
994,1,0.497483
994,2,0.456788
994,3,0.467121
994,4,0.501924
994,5,0.505330
994,6,0.531377
994,7,0.531090
994,8,0.462096
994,9,0.482357
994,10,0.495192
994,11,0.496154
994,12,0.495777
994,13,0.529637
994,14,0.522581
994,15,0.456659
995,1,0.446297
995,2,0.455066
995,3,0.499105
995,4,0.492350
995,5,0.523049
995,6,0.526978
995,7,0.525906
995,8,0.526781
995,9,0.524175
995,10,0.530209
995,11,0.461561
995,12,0.451721
995,13,0.454759
995,14,0.493557
995,15,0.498507
996,1,0.524132
996,2,0.461040
996,3,0.476123
996,4,0.480861
996,5,0.518139
996,6,0.521853
996,7,0.455952
996,8,0.445674
996,9,0.449518
996,10,0.500677
996,11,0.493480
996,12,0.531420
996,13,0.448123
996,14,0.450149
996,15,0.450352
997,1,0.539954
997,2,0.459724
997,3,0.453876
997,4,0.458915
997,5,0.445443
997,6,0.452931
997,7,0.448577
997,8,0.466070
997,9,0.499946
997,10,0.463962
997,11,0.447868
997,12,0.452469
997,13,0.457975
997,14,0.451367
997,15,0.468016
998,1,0.451496
998,2,0.505509
998,3,0.529228
998,4,0.522007
998,5,0.455952
998,6,0.454428
998,7,0.447887
998,8,0.488970
998,9,0.531155
998,10,0.455952
998,11,0.457667
998,12,0.453723
998,13,0.449848
998,14,0.451599
998,15,0.496268
999,1,0.502172
999,2,0.526491
999,3,0.529900
999,4,0.459081
999,5,0.441702
999,6,0.455524
999,7,0.482121
999,8,0.454327
999,9,0.450489
999,10,0.444743
999,11,0.450301
999,12,0.495806
999,13,0.455952
999,14,0.445674
999,15,0.450929
1000,1,0.453055
1000,2,0.461875
1000,3,0.462738
1000,4,0.450409
1000,5,0.454403
1000,6,0.448633
1000,7,0.449450
1000,8,0.495076
1000,9,0.505806
1000,10,0.525906
1000,11,0.522458
1000,12,0.521641
1000,13,0.522858
1000,14,0.519742
1000,15,0.516715
1001,1,0.526978
1001,2,0.460255
1001,3,0.482931
1001,4,0.495446
1001,5,0.456653
1001,6,0.449766
1001,7,0.452566
1001,8,0.451763
1001,9,0.455971
1001,10,0.449439
1001,11,0.489901
1001,12,0.460050
1001,13,0.451012
1001,14,0.458915
1001,15,0.485950
1002,1,0.455209
1002,2,0.453492
1002,3,0.462090
1002,4,0.456604
1002,5,0.467225
1002,6,0.519390
1002,7,0.516501
1002,8,0.525798
1002,9,0.455397
1002,10,0.462858
1002,11,0.490670
1002,12,0.531965
1002,13,0.521452
1002,14,0.521537
1002,15,0.521348
1003,1,0.531521
1003,2,0.531155
1003,3,0.526533
1003,4,0.519742
1003,5,0.455705
1003,6,0.482976
1003,7,0.457234
1003,8,0.450470
1003,9,0.451918
1003,10,0.457823
1003,11,0.493624
1003,12,0.495313
1003,13,0.502595
1003,14,0.530159
1003,15,0.461028
1004,1,0.450156
1004,2,0.454929
1004,3,0.492886
1004,4,0.459326
1004,5,0.456754
1004,6,0.466579
1004,7,0.445294
1004,8,0.451378
1004,9,0.453333
1004,10,0.450412
1004,11,0.453907
1004,12,0.456315
1004,13,0.473344
1004,14,0.497294
1004,15,0.507636
1005,1,0.456754
1005,2,0.453159
1005,3,0.453451
1005,4,0.452190
1005,5,0.464179
1005,6,0.450079
1005,7,0.459961
1005,8,0.489806
1005,9,0.461925
1005,10,0.459009
1005,11,0.459034
1005,12,0.455152
1005,13,0.447823
1005,14,0.459943
1005,15,0.450612
1006,1,0.461179
1006,2,0.509904
1006,3,0.460905
1006,4,0.462487
1006,5,0.447794
1006,6,0.496625
1006,7,0.454881
1006,8,0.445105
1006,9,0.447985
1006,10,0.501030
1006,11,0.489955
1006,12,0.468119
1006,13,0.462825
1006,14,0.498109
1006,15,0.499506
1007,1,0.445860
1007,2,0.450157
1007,3,0.441536
1007,4,0.452157
1007,5,0.475020
1007,6,0.458034
1007,7,0.488001
1007,8,0.506296
1007,9,0.455683
1007,10,0.487186
1007,11,0.455974
1007,12,0.451608
1007,13,0.475455
1007,14,0.498695
1007,15,0.530161
1008,1,0.525223
1008,2,0.456123
1008,3,0.450251
1008,4,0.455240
1008,5,0.456681
1008,6,0.450060
1008,7,0.443746
1008,8,0.454121
1008,9,0.462125
1008,10,0.499187
1008,11,0.488862
1008,12,0.532665
1008,13,0.522511
1008,14,0.522363
1008,15,0.521774
1009,1,0.526533
1009,2,0.522318
1009,3,0.522862
1009,4,0.457599
1009,5,0.450347
1009,6,0.453723
1009,7,0.471400
1009,8,0.444778
1009,9,0.456241
1009,10,0.457830
1009,11,0.462963
1009,12,0.477317
1009,13,0.502949
1009,14,0.521314
1009,15,0.460034
1010,1,0.449039
1010,2,0.461189
1010,3,0.464609
1010,4,0.489583
1010,5,0.490677
1010,6,0.520857
1010,7,0.456378
1010,8,0.454054
1010,9,0.450774
1010,10,0.453620
1010,11,0.449207
1010,12,0.454475
1010,13,0.501030
1010,14,0.500219
1010,15,0.519887
1011,1,0.455956
1011,2,0.445674
1011,3,0.451471
1011,4,0.446856
1011,5,0.457282
1011,6,0.455145
1011,7,0.451074
1011,8,0.455176
1011,9,0.462834
1011,10,0.446734
1011,11,0.464907
1011,12,0.457327
1011,13,0.455245
1011,14,0.459368
1011,15,0.462296
1012,1,0.448203
1012,2,0.521580
1012,3,0.526980
1012,4,0.518766
1012,5,0.527214
1012,6,0.527536
1012,7,0.521795
1012,8,0.457481
1012,9,0.454843
1012,10,0.451849
1012,11,0.465751
1012,12,0.502383
1012,13,0.500219
1012,14,0.518288
1012,15,0.522539
1013,1,0.521634
1013,2,0.526875
1013,3,0.522544
1013,4,0.523149
1013,5,0.519332
1013,6,0.456819
1013,7,0.487758
1013,8,0.497012
1013,9,0.456528
1013,10,0.449400
1013,11,0.454859
1013,12,0.508374
1013,13,0.499618
1013,14,0.523354
1013,15,0.458404
1014,1,0.482543
1014,2,0.455821
1014,3,0.481468
1014,4,0.499223
1014,5,0.504207
1014,6,0.530960
1014,7,0.466612
1014,8,0.443673
1014,9,0.457543
1014,10,0.483955
1014,11,0.499067
1014,12,0.457083
1014,13,0.464296
1014,14,0.466788
1014,15,0.482723
