episode,step,reward
0,1,0.506026
0,2,0.522633
0,3,0.459724
0,4,0.444817
0,5,0.441536
0,6,0.462948
0,7,0.463063
0,8,0.450329
0,9,0.457983
0,10,0.499223
0,11,0.456623
0,12,0.451557
0,13,0.448681
0,14,0.491609
0,15,0.495759
1,1,0.493080
1,2,0.371766
1,3,0.457873
1,4,0.452949
1,5,0.446073
1,6,0.496421
1,7,0.521774
1,8,0.526980
1,9,0.456875
1,10,0.450156
1,11,0.450960
1,12,0.442249
1,13,0.491077
1,14,0.458879
1,15,0.451012
2,1,0.461179
2,2,0.491363
2,3,0.495476
2,4,0.496084
2,5,0.530685
2,6,0.456875
2,7,0.456231
2,8,0.448783
2,9,0.504515
2,10,0.528557
2,11,0.523019
2,12,0.518909
2,13,0.459224
2,14,0.469738
2,15,0.451019
3,1,0.456592
3,2,0.465671
3,3,0.445918
3,4,0.454483
3,5,0.456771
3,6,0.445839
3,7,0.452472
3,8,0.496485
3,9,0.458077
3,10,0.444817
3,11,0.445523
3,12,0.457117
3,13,0.458317
3,14,0.490113
3,15,0.497137
4,1,0.532694
4,2,0.525808
4,3,0.531865
4,4,0.527424
4,5,0.522741
4,6,0.527162
4,7,0.464390
4,8,0.449109
4,9,0.449661
4,10,0.487512
4,11,0.501659
4,12,0.529837
4,13,0.456361
4,14,0.449065
4,15,0.455457
5,1,0.493333
5,2,0.521666
5,3,0.522007
5,4,0.460480
5,5,0.450117
5,6,0.449878
5,7,0.458783
5,8,0.486453
5,9,0.458771
5,10,0.455835
5,11,0.463186
5,12,0.457163
5,13,0.456737
5,14,0.446715
5,15,0.457061
6,1,0.450117
6,2,0.458915
6,3,0.465802
6,4,0.503109
6,5,0.501034
6,6,0.530607
6,7,0.521458
6,8,0.527064
6,9,0.525223
6,10,0.529250
6,11,0.525354
6,12,0.531055
6,13,0.457599
6,14,0.449349
6,15,0.455462
7,1,0.467287
7,2,0.448666
7,3,0.465287
7,4,0.452747
7,5,0.452107
7,6,0.448551
7,7,0.469617
7,8,0.457651
7,9,0.483830
7,10,0.496778
7,11,0.497359
7,12,0.526293
7,13,0.460512
7,14,0.450156
7,15,0.451393
8,1,0.466591
8,2,0.494982
8,3,0.456760
8,4,0.453947
8,5,0.446041
8,6,0.475992
8,7,0.530281
8,8,0.456708
8,9,0.488986
8,10,0.496598
8,11,0.508297
8,12,0.459724
8,13,0.444817
8,14,0.453723
8,15,0.470451
9,1,0.465261
9,2,0.465548
9,3,0.450247
9,4,0.498196
9,5,0.527022
9,6,0.520426
9,7,0.521645
9,8,0.458405
9,9,0.449772
9,10,0.455768
9,11,0.455688
9,12,0.451823
9,13,0.450393
9,14,0.454980
9,15,0.448780
10,1,0.498691
10,2,0.494657
10,3,0.526875
10,4,0.523227
10,5,0.460014
10,6,0.448877
10,7,0.450955
10,8,0.462529
10,9,0.458858
10,10,0.449677
10,11,0.444571
10,12,0.457479
10,13,0.490984
10,14,0.507996
10,15,0.501646
11,1,0.461537
11,2,0.445250
11,3,0.456092
11,4,0.455864
11,5,0.464057
11,6,0.469654
11,7,0.491624
11,8,0.522858
11,9,0.459262
11,10,0.451577
11,11,0.442212
11,12,0.451678
11,13,0.448362
11,14,0.453319
11,15,0.499166
12,1,0.456627
12,2,0.449496
12,3,0.455644
12,4,0.501127
12,5,0.499730
12,6,0.529941
12,7,0.518622
12,8,0.456985
12,9,0.451938
12,10,0.450761
12,11,0.496321
12,12,0.525205
12,13,0.446220
12,14,0.443885
12,15,0.443059
13,1,0.450296
13,2,0.498384
13,3,0.457479
13,4,0.489178
13,5,0.490001
13,6,0.521823
13,7,0.521641
13,8,0.529837
13,9,0.525906
13,10,0.529947
13,11,0.459304
13,12,0.444206
13,13,0.498912
13,14,0.457442
13,15,0.450519
14,1,0.453193
14,2,0.445490
14,3,0.445696
14,4,0.450593
14,5,0.458469
14,6,0.445503
14,7,0.454913
14,8,0.464214
14,9,0.458177
14,10,0.448319
14,11,0.445383
14,12,0.454490
14,13,0.465048
14,14,0.496765
14,15,0.500108
15,1,0.526491
15,2,0.455990
15,3,0.449658
15,4,0.449878
15,5,0.499092
15,6,0.458310
15,7,0.446920
15,8,0.452620
15,9,0.467550
15,10,0.458268
15,11,0.450397
15,12,0.454522
15,13,0.453443
15,14,0.445720
15,15,0.457389
16,1,0.492343
16,2,0.490860
16,3,0.454037
16,4,0.482185
16,5,0.505200
16,6,0.458654
16,7,0.487321
16,8,0.504563
16,9,0.448087
16,10,0.485800
16,11,0.457234
16,12,0.445746
16,13,0.444963
16,14,0.450781
16,15,0.490192
17,1,0.520584
17,2,0.529714
17,3,0.523974
17,4,0.532687
17,5,0.527238
17,6,0.519724
17,7,0.520948
17,8,0.521136
17,9,0.523987
17,10,0.520898
17,11,0.531704
17,12,0.526980
17,13,0.522790
17,14,0.526617
17,15,0.454514
18,1,0.442691
18,2,0.463313
18,3,0.450922
18,4,0.495636
18,5,0.531704
18,6,0.521458
18,7,0.527304
18,8,0.525808
18,9,0.527184
18,10,0.460021
18,11,0.483500
18,12,0.504540
18,13,0.490816
18,14,0.489938
18,15,0.456695
19,1,0.475111
19,2,0.452154
19,3,0.485972
19,4,0.486868
19,5,0.499577
19,6,0.456608
19,7,0.450077
19,8,0.451910
19,9,0.458410
19,10,0.447281
19,11,0.450585
19,12,0.524719
19,13,0.459883
19,14,0.456231
19,15,0.441714
20,1,0.447781
20,2,0.456163
20,3,0.445624
20,4,0.451575
20,5,0.502715
20,6,0.497329
20,7,0.494086
20,8,0.519261
20,9,0.522735
20,10,0.449622
20,11,0.449868
20,12,0.451554
20,13,0.452279
20,14,0.452600
20,15,0.483503
21,1,0.458855
21,2,0.445472
21,3,0.445067
21,4,0.447752
21,5,0.449688
21,6,0.451297
21,7,0.454891
21,8,0.467426
21,9,0.465388
21,10,0.449595
21,11,0.444571
21,12,0.452387
21,13,0.453282
21,14,0.449356
21,15,0.462068
22,1,0.477640
22,2,0.504379
22,3,0.454884
22,4,0.453941
22,5,0.444474
22,6,0.472703
22,7,0.458453
22,8,0.450888
22,9,0.458915
22,10,0.452190
22,11,0.461858
22,12,0.446846
22,13,0.456214
22,14,0.447887
22,15,0.493145
23,1,0.529888
23,2,0.521892
23,3,0.467195
23,4,0.451938
23,5,0.458387
23,6,0.483261
23,7,0.494562
23,8,0.457455
23,9,0.463815
23,10,0.489279
23,11,0.499037
23,12,0.529714
23,13,0.459784
23,14,0.447949
23,15,0.479390
24,1,0.506554
24,2,0.461818
24,3,0.464437
24,4,0.443881
24,5,0.452275
24,6,0.449357
24,7,0.476431
24,8,0.504450
24,9,0.456365
24,10,0.445118
24,11,0.451004
24,12,0.455014
24,13,0.445025
24,14,0.456611
24,15,0.500545
25,1,0.465176
25,2,0.447022
25,3,0.444747
25,4,0.456820
25,5,0.494572
25,6,0.451275
25,7,0.487091
25,8,0.499067
25,9,0.463466
25,10,0.455586
25,11,0.451613
25,12,0.465020
25,13,0.461095
25,14,0.445334
25,15,0.453547
26,1,0.499468
26,2,0.521958
26,3,0.456332
26,4,0.449400
26,5,0.449878
26,6,0.502306
26,7,0.498159
26,8,0.532304
26,9,0.522539
26,10,0.461026
26,11,0.482931
26,12,0.472067
26,13,0.497745
26,14,0.529597
26,15,0.525223
27,1,0.531055
27,2,0.527304
27,3,0.524599
27,4,0.526922
27,5,0.456262
27,6,0.462319
27,7,0.499209
27,8,0.497561
27,9,0.527304
27,10,0.522741
27,11,0.526546
27,12,0.521868
27,13,0.529365
27,14,0.521610
27,15,0.523535
28,1,0.524737
28,2,0.522089
28,3,0.517497
28,4,0.526980
28,5,0.522970
28,6,0.465180
28,7,0.464797
28,8,0.445877
28,9,0.451003
28,10,0.454939
28,11,0.484043
28,12,0.471683
28,13,0.501940
28,14,0.457736
28,15,0.467956
29,1,0.500041
29,2,0.502830
29,3,0.501347
29,4,0.526906
29,5,0.521954
29,6,0.455990
29,7,0.466249
29,8,0.493944
29,9,0.488835
29,10,0.501734
29,11,0.501734
29,12,0.457861
29,13,0.452034
29,14,0.453495
29,15,0.459095
30,1,0.451367
30,2,0.455670
30,3,0.450193
30,4,0.454084
30,5,0.463415
30,6,0.476642
30,7,0.522014
30,8,0.455452
30,9,0.453587
30,10,0.453723
30,11,0.450193
30,12,0.451999
30,13,0.497878
30,14,0.496707
30,15,0.515783
31,1,0.522194
31,2,0.529245
31,3,0.523916
31,4,0.521476
31,5,0.458025
31,6,0.449400
31,7,0.450929
31,8,0.455401
31,9,0.464096
31,10,0.465875
31,11,0.452270
31,12,0.528724
31,13,0.514355
31,14,0.520522
31,15,0.516265
32,1,0.526790
32,2,0.460512
32,3,0.465963
32,4,0.459962
32,5,0.447846
32,6,0.503109
32,7,0.497340
32,8,0.460014
32,9,0.445659
32,10,0.454513
32,11,0.459611
32,12,0.454244
32,13,0.446974
32,14,0.458395
32,15,0.483823
33,1,0.450808
33,2,0.447068
33,3,0.454484
33,4,0.504704
33,5,0.501788
33,6,0.517148
33,7,0.529837
33,8,0.519742
33,9,0.455321
33,10,0.449073
33,11,0.454121
33,12,0.501406
33,13,0.498858
33,14,0.526922
33,15,0.518863
34,1,0.455845
34,2,0.443087
34,3,0.458310
34,4,0.457834
34,5,0.445185
34,6,0.457941
34,7,0.464864
34,8,0.495656
34,9,0.495821
34,10,0.524544
34,11,0.523974
34,12,0.532687
34,13,0.465137
34,14,0.474074
34,15,0.478000
35,1,0.531744
35,2,0.455952
35,3,0.450295
35,4,0.458671
35,5,0.455405
35,6,0.450212
35,7,0.494008
35,8,0.519109
35,9,0.524434
35,10,0.461370
35,11,0.450522
35,12,0.449879
35,13,0.498927
35,14,0.498784
35,15,0.456655
36,1,0.450117
36,2,0.449878
36,3,0.471846
36,4,0.445961
36,5,0.449534
36,6,0.495234
36,7,0.459050
36,8,0.450117
36,9,0.458915
36,10,0.447177
36,11,0.449123
36,12,0.457329
36,13,0.467436
36,14,0.495045
36,15,0.458034
37,1,0.487942
37,2,0.503970
37,3,0.501522
37,4,0.474666
37,5,0.487091
37,6,0.505089
37,7,0.464579
37,8,0.455127
37,9,0.453626
37,10,0.495811
37,11,0.527349
37,12,0.521891
37,13,0.523565
37,14,0.517084
37,15,0.529562
38,1,0.525277
38,2,0.455606
38,3,0.458471
38,4,0.453790
38,5,0.491609
38,6,0.459248
38,7,0.446608
38,8,0.452776
38,9,0.458569
38,10,0.446158
38,11,0.448473
38,12,0.503970
38,13,0.497340
38,14,0.525566
38,15,0.453558
39,1,0.446864
39,2,0.471432
39,3,0.501326
39,4,0.496124
39,5,0.455990
39,6,0.486797
39,7,0.501639
39,8,0.458096
39,9,0.451767
39,10,0.462090
39,11,0.468266
39,12,0.500521
39,13,0.520764
39,14,0.456123
39,15,0.486797
40,1,0.457268
40,2,0.457913
40,3,0.453075
40,4,0.459242
40,5,0.447707
40,6,0.467543
40,7,0.449045
40,8,0.501130
40,9,0.527304
40,10,0.522741
40,11,0.525837
40,12,0.519132
40,13,0.528007
40,14,0.531521
40,15,0.527022
41,1,0.461283
41,2,0.481857
41,3,0.496305
41,4,0.529837
41,5,0.460512
41,6,0.455229
41,7,0.463947
41,8,0.461873
41,9,0.445535
41,10,0.449000
41,11,0.472103
41,12,0.459694
41,13,0.483722
41,14,0.491845
41,15,0.494966
42,1,0.530161
42,2,0.460255
42,3,0.450156
42,4,0.452688
42,5,0.486181
42,6,0.493196
42,7,0.530718
42,8,0.522007
42,9,0.458031
42,10,0.449896
42,11,0.445523
42,12,0.451823
42,13,0.447444
42,14,0.445320
42,15,0.451490
43,1,0.496701
43,2,0.448123
43,3,0.445674
43,4,0.448622
43,5,0.492980
43,6,0.465866
43,7,0.465235
43,8,0.454342
43,9,0.470056
43,10,0.514045
43,11,0.524972
43,12,0.460512
43,13,0.446297
43,14,0.455850
43,15,0.499284
44,1,0.457061
44,2,0.507864
44,3,0.530409
44,4,0.521891
44,5,0.527162
44,6,0.534923
44,7,0.455963
44,8,0.450315
44,9,0.463270
44,10,0.504977
44,11,0.457599
44,12,0.444817
44,13,0.451526
44,14,0.447752
44,15,0.463050
45,1,0.454109
45,2,0.491812
45,3,0.527830
45,4,0.515646
45,5,0.522147
45,6,0.530223
45,7,0.527346
45,8,0.464185
45,9,0.464437
45,10,0.448177
45,11,0.469364
45,12,0.459376
45,13,0.488001
45,14,0.500805
45,15,0.503459
46,1,0.502230
46,2,0.521950
46,3,0.456773
46,4,0.450574
46,5,0.444571
46,6,0.455416
46,7,0.453397
46,8,0.462707
46,9,0.468004
46,10,0.452806
46,11,0.457581
46,12,0.451072
46,13,0.451873
46,14,0.449385
46,15,0.455901
47,1,0.458822
47,2,0.451132
47,3,0.451867
47,4,0.503234
47,5,0.455213
47,6,0.456231
47,7,0.448872
47,8,0.496923
47,9,0.494657
47,10,0.529469
47,11,0.521142
47,12,0.521645
47,13,0.526707
47,14,0.456728
47,15,0.463815
48,1,0.464038
48,2,0.452427
48,3,0.455119
48,4,0.456369
48,5,0.486797
48,6,0.495918
48,7,0.503947
48,8,0.500465
48,9,0.526875
48,10,0.460021
48,11,0.455051
48,12,0.456212
48,13,0.474484
48,14,0.459410
48,15,0.455540
49,1,0.465617
49,2,0.459334
49,3,0.483350
49,4,0.498652
49,5,0.458130
49,6,0.446297
49,7,0.451066
49,8,0.463301
49,9,0.494681
49,10,0.498784
49,11,0.526980
49,12,0.525223
49,13,0.526802
49,14,0.520861
49,15,0.530607
50,1,0.458077
50,2,0.445815
50,3,0.448681
50,4,0.495432
50,5,0.455630
50,6,0.487321
50,7,0.456533
50,8,0.450286
50,9,0.453144
50,10,0.459694
50,11,0.451219
50,12,0.462090
50,13,0.490523
50,14,0.527048
50,15,0.522917
51,1,0.459070
51,2,0.446383
51,3,0.449684
51,4,0.445743
51,5,0.446486
51,6,0.451396
51,7,0.456817
51,8,0.450412
51,9,0.455095
51,10,0.476439
51,11,0.499965
51,12,0.527304
51,13,0.523916
51,14,0.455382
51,15,0.445124
52,1,0.449902
52,2,0.455184
52,3,0.447680
52,4,0.496672
52,5,0.495134
52,6,0.457372
52,7,0.487091
52,8,0.470913
52,9,0.526773
52,10,0.461934
52,11,0.455693
52,12,0.453308
52,13,0.468262
52,14,0.497159
52,15,0.529365
53,1,0.461283
53,2,0.469030
53,3,0.494393
53,4,0.457892
53,5,0.451637
53,6,0.447985
53,7,0.491229
53,8,0.455952
53,9,0.446390
53,10,0.451910
53,11,0.447686
53,12,0.457629
53,13,0.450065
53,14,0.457980
53,15,0.501155
54,1,0.499534
54,2,0.496944
54,3,0.457325
54,4,0.450117
54,5,0.453206
54,6,0.454261
54,7,0.461798
54,8,0.467566
54,9,0.446978
54,10,0.451206
54,11,0.493933
54,12,0.459989
54,13,0.457190
54,14,0.464369
54,15,0.444329
55,1,0.453696
55,2,0.467239
55,3,0.478539
55,4,0.493221
55,5,0.517313
55,6,0.456710
55,7,0.457550
55,8,0.466753
55,9,0.446782
55,10,0.455873
55,11,0.467735
55,12,0.454416
55,13,0.446497
55,14,0.461975
55,15,0.492188
56,1,0.458802
56,2,0.488461
56,3,0.454327
56,4,0.446410
56,5,0.450578
56,6,0.456909
56,7,0.462661
56,8,0.447689
56,9,0.499780
56,10,0.458239
56,11,0.448946
56,12,0.450763
56,13,0.445965
56,14,0.450893
56,15,0.455571
57,1,0.446074
57,2,0.449878
57,3,0.498067
57,4,0.500216
57,5,0.466055
57,6,0.462775
57,7,0.488480
57,8,0.529956
57,9,0.526545
57,10,0.455763
57,11,0.469669
57,12,0.455731
57,13,0.445363
57,14,0.453811
57,15,0.458305
58,1,0.502230
58,2,0.516505
58,3,0.517318
58,4,0.456350
58,5,0.486114
58,6,0.458711
58,7,0.445710
58,8,0.448809
58,9,0.455309
58,10,0.480962
58,11,0.506296
58,12,0.455752
58,13,0.469763
58,14,0.501639
58,15,0.462178
59,1,0.454370
59,2,0.452242
59,3,0.448286
59,4,0.447984
59,5,0.451913
59,6,0.457837
59,7,0.451367
59,8,0.441695
59,9,0.448703
59,10,0.457008
59,11,0.462808
59,12,0.458707
59,13,0.452753
59,14,0.459034
59,15,0.452166
60,1,0.447544
60,2,0.453603
60,3,0.462781
60,4,0.461949
60,5,0.466683
60,6,0.493007
60,7,0.456820
60,8,0.462046
60,9,0.454700
60,10,0.445700
60,11,0.454773
60,12,0.447968
60,13,0.457136
60,14,0.451367
60,15,0.444571
61,1,0.451147
61,2,0.453620
61,3,0.447394
61,4,0.443663
61,5,0.453192
61,6,0.489003
61,7,0.521400
61,8,0.526782
61,9,0.518716
61,10,0.460014
61,11,0.461526
61,12,0.495140
61,13,0.458073
61,14,0.462625
61,15,0.447224
62,1,0.499294
62,2,0.496773
62,3,0.527162
62,4,0.462253
62,5,0.466080
62,6,0.458682
62,7,0.449171
62,8,0.449731
62,9,0.447177
62,10,0.460216
62,11,0.468498
62,12,0.448596
62,13,0.495121
62,14,0.491943
62,15,0.462406
63,1,0.450873
63,2,0.445711
63,3,0.455761
63,4,0.443043
63,5,0.526386
63,6,0.524779
63,7,0.459192
63,8,0.450117
63,9,0.458855
63,10,0.457134
63,11,0.448152
63,12,0.459694
63,13,0.454511
63,14,0.459806
63,15,0.453924
64,1,0.446621
64,2,0.451687
64,3,0.492992
64,4,0.457355
64,5,0.471121
64,6,0.503136
64,7,0.499316
64,8,0.525897
64,9,0.523600
64,10,0.529921
64,11,0.525906
64,12,0.526612
64,13,0.456262
64,14,0.468788
64,15,0.501170
65,1,0.490476
65,2,0.456584
65,3,0.451944
65,4,0.457179
65,5,0.499408
65,6,0.459410
65,7,0.463716
65,8,0.497003
65,9,0.522716
65,10,0.455576
65,11,0.449349
65,12,0.445523
65,13,0.449214
65,14,0.498008
65,15,0.456437
66,1,0.447916
66,2,0.457116
66,3,0.491723
66,4,0.494027
66,5,0.455990
66,6,0.450722
66,7,0.456738
66,8,0.458081
66,9,0.455794
66,10,0.507116
66,11,0.527880
66,12,0.526491
66,13,0.456075
66,14,0.450764
66,15,0.447985
67,1,0.457220
67,2,0.447428
67,3,0.455559
67,4,0.451313
67,5,0.495564
67,6,0.457172
67,7,0.455520
67,8,0.444191
67,9,0.472452
67,10,0.499468
67,11,0.527031
67,12,0.523048
67,13,0.462150
67,14,0.442627
67,15,0.455747
68,1,0.446593
68,2,0.447577
68,3,0.490205
68,4,0.498784
68,5,0.455952
68,6,0.485828
68,7,0.475331
68,8,0.493615
68,9,0.527064
68,10,0.526491
68,11,0.523317
68,12,0.518227
68,13,0.458027
68,14,0.443087
68,15,0.443371
69,1,0.452029
69,2,0.507636
69,3,0.521823
69,4,0.526980
69,5,0.518716
69,6,0.522449
69,7,0.526762
69,8,0.525351
69,9,0.530909
69,10,0.531155
69,11,0.458077
69,12,0.451012
69,13,0.460211
69,14,0.463657
69,15,0.464882
70,1,0.449876
70,2,0.457656
70,3,0.449307
70,4,0.459896
70,5,0.457777
70,6,0.449733
70,7,0.454963
70,8,0.470071
70,9,0.494509
70,10,0.457470
70,11,0.464437
70,12,0.447509
70,13,0.458371
70,14,0.467446
70,15,0.485101
71,1,0.496773
71,2,0.458316
71,3,0.449518
71,4,0.454784
71,5,0.459811
71,6,0.445320
71,7,0.462388
71,8,0.446522
71,9,0.451651
71,10,0.490192
71,11,0.520767
71,12,0.522243
71,13,0.521635
71,14,0.455530
71,15,0.444400
72,1,0.443670
72,2,0.454705
72,3,0.507910
72,4,0.494241
72,5,0.466269
72,6,0.454819
72,7,0.451559
72,8,0.454753
72,9,0.448650
72,10,0.495554
72,11,0.496599
72,12,0.456107
72,13,0.461878
72,14,0.457660
72,15,0.488001
73,1,0.457266
73,2,0.452095
73,3,0.462172
73,4,0.491644
73,5,0.522363
73,6,0.522539
73,7,0.525572
73,8,0.518746
73,9,0.519411
73,10,0.522848
73,11,0.455544
73,12,0.446408
73,13,0.450368
73,14,0.502029
73,15,0.495015
74,1,0.523640
74,2,0.450411
74,3,0.505797
74,4,0.451147
74,5,0.446154
74,6,0.451910
74,7,0.464511
74,8,0.495223
74,9,0.449534
74,10,0.453482
74,11,0.462193
74,12,0.492507
74,13,0.524695
74,14,0.523075
74,15,0.465090
75,1,0.450525
75,2,0.450260
75,3,0.463165
75,4,0.476841
75,5,0.521958
75,6,0.521537
75,7,0.526533
75,8,0.461283
75,9,0.462783
75,10,0.462591
75,11,0.452468
75,12,0.450131
75,13,0.506188
75,14,0.499506
75,15,0.526324
76,1,0.518626
76,2,0.527455
76,3,0.524901
76,4,0.520601
76,5,0.522231
76,6,0.456754
76,7,0.451012
76,8,0.454859
76,9,0.458204
76,10,0.465001
76,11,0.463391
76,12,0.449521
76,13,0.457398
76,14,0.442127
76,15,0.445719
77,1,0.448621
77,2,0.464376
77,3,0.455775
77,4,0.449970
77,5,0.451983
77,6,0.518843
77,7,0.515470
77,8,0.519209
77,9,0.525631
77,10,0.531812
77,11,0.521458
77,12,0.527304
77,13,0.460255
77,14,0.449065
77,15,0.450413
78,1,0.450870
78,2,0.458548
78,3,0.504089
78,4,0.522493
78,5,0.526612
78,6,0.521605
78,7,0.522601
78,8,0.521458
78,9,0.521458
78,10,0.521458
78,11,0.460567
78,12,0.449349
78,13,0.451526
78,14,0.457980
78,15,0.501863
79,1,0.473810
79,2,0.450354
79,3,0.447926
79,4,0.490912
79,5,0.518343
79,6,0.516827
79,7,0.526922
79,8,0.460021
79,9,0.453165
79,10,0.445017
79,11,0.453181
79,12,0.453246
79,13,0.450984
79,14,0.504183
79,15,0.460983
80,1,0.488936
80,2,0.494943
80,3,0.490816
80,4,0.493874
80,5,0.521414
80,6,0.521458
80,7,0.521635
80,8,0.526980
80,9,0.529776
80,10,0.522608
80,11,0.446404
80,12,0.444781
80,13,0.449876
80,14,0.459484
80,15,0.482747
81,1,0.497368
81,2,0.519531
81,3,0.526980
81,4,0.518766
81,5,0.521144
81,6,0.521222
81,7,0.518675
81,8,0.456754
81,9,0.450347
81,10,0.450360
81,11,0.457479
81,12,0.451848
81,13,0.451399
81,14,0.449243
81,15,0.483872
82,1,0.477993
82,2,0.505482
82,3,0.460512
82,4,0.448827
82,5,0.455650
82,6,0.455880
82,7,0.444250
82,8,0.460952
82,9,0.462530
82,10,0.448129
82,11,0.457595
82,12,0.450470
82,13,0.453770
82,14,0.459694
82,15,0.450925
83,1,0.451910
83,2,0.465133
83,3,0.444260
83,4,0.451017
83,5,0.449602
83,6,0.471066
83,7,0.476099
83,8,0.458879
83,9,0.450764
83,10,0.451526
83,11,0.447752
83,12,0.464006
83,13,0.463524
83,14,0.469931
83,15,0.453952
84,1,0.449528
84,2,0.453451
84,3,0.454692
84,4,0.497675
84,5,0.522007
84,6,0.450409
84,7,0.445680
84,8,0.451910
84,9,0.448109
84,10,0.453384
84,11,0.455015
84,12,0.447971
84,13,0.452029
84,14,0.454648
84,15,0.460959
85,1,0.459243
85,2,0.449314
85,3,0.457220
85,4,0.455447
85,5,0.452029
85,6,0.446131
85,7,0.451547
85,8,0.500579
85,9,0.496736
85,10,0.466874
85,11,0.465579
85,12,0.445707
85,13,0.456168
85,14,0.448353
85,15,0.455305
86,1,0.490932
86,2,0.495192
86,3,0.457146
86,4,0.450077
86,5,0.450559
86,6,0.452283
86,7,0.453806
86,8,0.494880
86,9,0.519713
86,10,0.458300
86,11,0.449400
86,12,0.454859
86,13,0.459599
86,14,0.445797
86,15,0.447764
87,1,0.461652
87,2,0.501540
87,3,0.519342
87,4,0.527090
87,5,0.522370
87,6,0.521476
87,7,0.457066
87,8,0.485963
87,9,0.457938
87,10,0.446651
87,11,0.451635
87,12,0.495964
87,13,0.455952
87,14,0.450149
87,15,0.450774
88,1,0.506602
88,2,0.521032
88,3,0.459724
88,4,0.445495
88,5,0.458915
88,6,0.453457
88,7,0.452576
88,8,0.447518
88,9,0.489512
88,10,0.449889
88,11,0.450826
88,12,0.454754
88,13,0.455509
88,14,0.456235
88,15,0.447370
89,1,0.491609
89,2,0.494434
89,3,0.498528
89,4,0.526617
89,5,0.462042
89,6,0.455498
89,7,0.465547
89,8,0.455106
89,9,0.458875
89,10,0.456709
89,11,0.449067
89,12,0.459123
89,13,0.451689
89,14,0.453423
89,15,0.452524
90,1,0.449734
90,2,0.451480
90,3,0.451752
90,4,0.448410
90,5,0.455816
90,6,0.445444
90,7,0.452611
90,8,0.474499
90,9,0.482608
90,10,0.496598
90,11,0.527346
90,12,0.522970
90,13,0.523565
90,14,0.527223
90,15,0.520766
91,1,0.456435
91,2,0.449053
91,3,0.447273
91,4,0.452274
91,5,0.446960
91,6,0.446081
91,7,0.447660
91,8,0.464918
91,9,0.453305
91,10,0.486606
91,11,0.488999
91,12,0.521641
91,13,0.521823
91,14,0.457599
91,15,0.487321
92,1,0.493081
92,2,0.487601
92,3,0.455447
92,4,0.451437
92,5,0.450966
92,6,0.491863
92,7,0.458879
92,8,0.451012
92,9,0.450635
92,10,0.502491
92,11,0.515004
92,12,0.460090
92,13,0.474088
92,14,0.480388
92,15,0.490247
93,1,0.529215
93,2,0.462614
93,3,0.457597
93,4,0.454472
93,5,0.457837
93,6,0.451367
93,7,0.450959
93,8,0.456099
93,9,0.470070
93,10,0.501326
93,11,0.524370
93,12,0.533588
93,13,0.519724
93,14,0.520407
93,15,0.519132
94,1,0.521641
94,2,0.455952
94,3,0.444400
94,4,0.451313
94,5,0.457934
94,6,0.493727
94,7,0.456194
94,8,0.444635
94,9,0.452934
94,10,0.484274
94,11,0.496957
94,12,0.492290
94,13,0.526852
94,14,0.518930
94,15,0.527373
95,1,0.518985
95,2,0.521119
95,3,0.526786
95,4,0.454760
95,5,0.453571
95,6,0.445655
95,7,0.451798
95,8,0.456798
95,9,0.462785
95,10,0.463723
95,11,0.449103
95,12,0.451097
95,13,0.448397
95,14,0.456844
95,15,0.467987
96,1,0.518617
96,2,0.518229
96,3,0.526587
96,4,0.523699
96,5,0.526534
96,6,0.521749
96,7,0.530161
96,8,0.522741
96,9,0.519559
96,10,0.457943
96,11,0.447101
96,12,0.448638
96,13,0.505129
96,14,0.504229
96,15,0.524203
97,1,0.532687
97,2,0.522511
97,3,0.522621
97,4,0.461026
97,5,0.442635
97,6,0.467834
97,7,0.447055
97,8,0.457389
97,9,0.492469
97,10,0.458809
97,11,0.446272
97,12,0.441237
97,13,0.450223
97,14,0.495761
97,15,0.489666
98,1,0.455768
98,2,0.458076
98,3,0.465748
98,4,0.453186
98,5,0.457066
98,6,0.453491
98,7,0.450073
98,8,0.451395
98,9,0.444718
98,10,0.492594
98,11,0.522267
98,12,0.526857
98,13,0.525862
98,14,0.458201
98,15,0.446601
99,1,0.453075
99,2,0.484492
99,3,0.471293
99,4,0.456435
99,5,0.482335
99,6,0.502929
99,7,0.496148
99,8,0.457412
99,9,0.450242
99,10,0.455578
99,11,0.450511
99,12,0.503635
99,13,0.464688
99,14,0.464057
99,15,0.448705
100,1,0.460009
100,2,0.447609
100,3,0.456286
100,4,0.494260
100,5,0.522739
100,6,0.518143
100,7,0.522429
100,8,0.456754
100,9,0.449766
100,10,0.445523
100,11,0.452932
100,12,0.465875
100,13,0.458375
100,14,0.451810
100,15,0.455116
101,1,0.459484
101,2,0.488171
101,3,0.505770
101,4,0.514919
101,5,0.526533
101,6,0.456361
101,7,0.481857
101,8,0.454643
101,9,0.467164
101,10,0.501888
101,11,0.501522
101,12,0.447799
101,13,0.446087
101,14,0.454121
101,15,0.501199
102,1,0.519281
102,2,0.460638
102,3,0.481857
102,4,0.504091
102,5,0.455683
102,6,0.486610
102,7,0.458180
102,8,0.449199
102,9,0.444571
102,10,0.459000
102,11,0.474320
102,12,0.460107
102,13,0.463727
102,14,0.495279
102,15,0.531155
103,1,0.456754
103,2,0.450295
103,3,0.460047
103,4,0.499356
103,5,0.492235
103,6,0.501600
103,7,0.523049
103,8,0.456754
103,9,0.449349
103,10,0.444357
103,11,0.436828
103,12,0.459569
103,13,0.447694
103,14,0.496923
103,15,0.494657
104,1,0.502348
104,2,0.527424
104,3,0.526369
104,4,0.456941
104,5,0.450574
104,6,0.467858
104,7,0.448644
104,8,0.452140
104,9,0.454105
104,10,0.451312
104,11,0.447874
104,12,0.494662
104,13,0.454881
104,14,0.454715
104,15,0.444571
105,1,0.455777
105,2,0.492726
105,3,0.452852
105,4,0.445008
105,5,0.451195
105,6,0.451928
105,7,0.456626
105,8,0.483961
105,9,0.526054
105,10,0.514919
105,11,0.526740
105,12,0.526491
105,13,0.456507
105,14,0.449252
105,15,0.453681
106,1,0.506218
106,2,0.500164
106,3,0.530826
106,4,0.518912
106,5,0.464249
106,6,0.443905
106,7,0.446129
106,8,0.451166
106,9,0.464864
106,10,0.497991
106,11,0.456874
106,12,0.488317
106,13,0.459046
106,14,0.449199
106,15,0.451526
107,1,0.453144
107,2,0.453262
107,3,0.445229
107,4,0.446162
107,5,0.454432
107,6,0.452434
107,7,0.451514
107,8,0.498348
107,9,0.500569
107,10,0.457722
107,11,0.487321
107,12,0.457268
107,13,0.488051
107,14,0.496598
107,15,0.496837
108,1,0.521641
108,2,0.521719
108,3,0.526740
108,4,0.460512
108,5,0.465759
108,6,0.452335
108,7,0.451984
108,8,0.454324
108,9,0.445425
108,10,0.444144
108,11,0.451456
108,12,0.455876
108,13,0.485070
108,14,0.453247
108,15,0.483389
109,1,0.458180
109,2,0.452753
109,3,0.454123
109,4,0.459019
109,5,0.482199
109,6,0.500805
109,7,0.501034
109,8,0.454876
109,9,0.450060
109,10,0.441536
109,11,0.444652
109,12,0.459503
109,13,0.454421
109,14,0.450713
109,15,0.500334
110,1,0.502625
110,2,0.459014
110,3,0.447315
110,4,0.452843
110,5,0.446670
110,6,0.448600
110,7,0.490961
110,8,0.457455
110,9,0.450295
110,10,0.451910
110,11,0.465037
110,12,0.457336
110,13,0.483722
110,14,0.494819
110,15,0.456479
111,1,0.482931
111,2,0.477377
111,3,0.502341
111,4,0.532111
111,5,0.521641
111,6,0.458077
111,7,0.449896
111,8,0.454457
111,9,0.463140
111,10,0.447501
111,11,0.450696
111,12,0.447686
111,13,0.457067
111,14,0.474903
111,15,0.498098
112,1,0.532808
112,2,0.459356
112,3,0.450592
112,4,0.455104
112,5,0.463979
112,6,0.442330
112,7,0.458263
112,8,0.449921
112,9,0.453724
112,10,0.454828
112,11,0.445898
112,12,0.450927
112,13,0.446923
112,14,0.449813
112,15,0.493084
113,1,0.451185
113,2,0.444400
113,3,0.440388
113,4,0.446023
113,5,0.458915
113,6,0.451629
113,7,0.452755
113,8,0.459408
113,9,0.451142
113,10,0.461179
113,11,0.453130
113,12,0.459922
113,13,0.450615
113,14,0.483350
113,15,0.457969
114,1,0.446681
114,2,0.452391
114,3,0.452387
114,4,0.488821
114,5,0.528557
114,6,0.528120
114,7,0.526298
114,8,0.528582
114,9,0.531155
114,10,0.529879
114,11,0.522970
114,12,0.524434
114,13,0.455963
114,14,0.454790
114,15,0.461616
115,1,0.445883
115,2,0.455129
115,3,0.456803
115,4,0.453047
115,5,0.449665
115,6,0.527550
115,7,0.529625
115,8,0.525837
115,9,0.449820
115,10,0.453557
115,11,0.461070
115,12,0.494313
115,13,0.494183
115,14,0.456620
115,15,0.454416
116,1,0.465541
116,2,0.445535
116,3,0.452828
116,4,0.497379
116,5,0.531339
116,6,0.526980
116,7,0.521049
116,8,0.521078
116,9,0.517903
116,10,0.525224
116,11,0.455336
116,12,0.443537
116,13,0.442827
116,14,0.460166
116,15,0.493963
117,1,0.452093
117,2,0.483315
117,3,0.487124
117,4,0.491632
117,5,0.456075
117,6,0.487091
117,7,0.491502
117,8,0.527304
117,9,0.463413
117,10,0.468097
117,11,0.475327
117,12,0.498346
117,13,0.521641
117,14,0.531333
117,15,0.456754
118,1,0.485828
118,2,0.452524
118,3,0.450314
118,4,0.461179
118,5,0.493338
118,6,0.528769
118,7,0.522007
118,8,0.522858
118,9,0.525223
118,10,0.529212
118,11,0.459396
118,12,0.456836
118,13,0.462557
118,14,0.499973
118,15,0.495804
119,1,0.516556
119,2,0.529869
119,3,0.455544
119,4,0.444146
119,5,0.459962
119,6,0.468516
119,7,0.448645
119,8,0.496044
119,9,0.495821
119,10,0.496612
119,11,0.521641
119,12,0.521452
119,13,0.522007
119,14,0.454650
119,15,0.450117
120,1,0.455872
120,2,0.466198
120,3,0.458347
120,4,0.447207
120,5,0.478514
120,6,0.523216
120,7,0.464197
120,8,0.449957
120,9,0.451316
120,10,0.466221
120,11,0.453840
120,12,0.446331
120,13,0.443371
120,14,0.467016
120,15,0.446504
121,1,0.454838
121,2,0.498479
121,3,0.455952
121,4,0.481046
121,5,0.494819
121,6,0.492376
121,7,0.523437
121,8,0.519109
121,9,0.522182
121,10,0.474730
121,11,0.488805
121,12,0.457969
121,13,0.450470
121,14,0.447985
121,15,0.504155
122,1,0.515728
122,2,0.456754
122,3,0.449349
122,4,0.452977
122,5,0.465239
122,6,0.488014
122,7,0.500778
122,8,0.497340
122,9,0.498454
122,10,0.530815
122,11,0.520429
122,12,0.527376
122,13,0.526369
122,14,0.474353
122,15,0.487091
123,1,0.502758
123,2,0.458239
123,3,0.462753
123,4,0.506253
123,5,0.521823
123,6,0.455905
123,7,0.453926
123,8,0.453622
123,9,0.498216
123,10,0.463240
123,11,0.470446
123,12,0.461550
123,13,0.446681
123,14,0.455718
123,15,0.449127
124,1,0.496716
124,2,0.494176
124,3,0.452991
124,4,0.449252
124,5,0.448037
124,6,0.457595
124,7,0.447425
124,8,0.461315
124,9,0.464108
124,10,0.450116
124,11,0.495761
124,12,0.489903
124,13,0.488343
124,14,0.523378
124,15,0.522515
125,1,0.457637
125,2,0.445503
125,3,0.452562
125,4,0.456909
125,5,0.447624
125,6,0.457881
125,7,0.449107
125,8,0.459478
125,9,0.493243
125,10,0.453740
125,11,0.446262
125,12,0.443480
125,13,0.455338
125,14,0.463901
125,15,0.457802
126,1,0.495687
126,2,0.457501
126,3,0.482404
126,4,0.497368
126,5,0.457503
126,6,0.450295
126,7,0.461075
126,8,0.462078
126,9,0.448176
126,10,0.453958
126,11,0.491993
126,12,0.519321
126,13,0.518229
126,14,0.522959
126,15,0.524782
127,1,0.518145
127,2,0.520872
127,3,0.529619
127,4,0.461561
127,5,0.457873
127,6,0.456338
127,7,0.460737
127,8,0.452195
127,9,0.449833
127,10,0.449781
127,11,0.482823
127,12,0.458915
127,13,0.472667
127,14,0.461592
127,15,0.482507
128,1,0.504219
128,2,0.522741
128,3,0.523565
128,4,0.474885
128,5,0.467173
128,6,0.466276
128,7,0.464155
128,8,0.482132
128,9,0.458061
128,10,0.449287
128,11,0.460085
128,12,0.475513
128,13,0.503976
128,14,0.505382
128,15,0.458257
129,1,0.485021
129,2,0.489008
129,3,0.514919
129,4,0.458879
129,5,0.453587
129,6,0.453770
129,7,0.498542
129,8,0.498513
129,9,0.499061
129,10,0.522842
129,11,0.459945
129,12,0.484502
129,13,0.497782
129,14,0.457229
129,15,0.453649
130,1,0.459832
130,2,0.446639
130,3,0.496257
130,4,0.498570
130,5,0.529837
130,6,0.463156
130,7,0.481998
130,8,0.461327
130,9,0.450773
130,10,0.452029
130,11,0.462770
130,12,0.470889
130,13,0.463035
130,14,0.452172
130,15,0.451526
131,1,0.455209
131,2,0.491885
131,3,0.458678
131,4,0.452367
131,5,0.450635
131,6,0.494260
131,7,0.495093
131,8,0.457930
131,9,0.474729
131,10,0.477998
131,11,0.453067
131,12,0.446124
131,13,0.450961
131,14,0.504559
131,15,0.459096
132,1,0.483004
132,2,0.458122
132,3,0.455447
132,4,0.450696
132,5,0.451418
132,6,0.453199
132,7,0.458902
132,8,0.451849
132,9,0.455590
132,10,0.489775
132,11,0.493224
132,12,0.527830
132,13,0.461026
132,14,0.450156
132,15,0.462207
133,1,0.493473
133,2,0.531364
133,3,0.521823
133,4,0.530161
133,5,0.460255
133,6,0.455580
133,7,0.450652
133,8,0.458422
133,9,0.448979
133,10,0.443746
133,11,0.456129
133,12,0.473300
133,13,0.500260
133,14,0.453668
133,15,0.443494
134,1,0.446673
134,2,0.465309
134,3,0.470580
134,4,0.465265
134,5,0.487239
134,6,0.505089
134,7,0.503505
134,8,0.458201
134,9,0.455653
134,10,0.448681
134,11,0.454733
134,12,0.447428
134,13,0.462383
134,14,0.448666
134,15,0.451967
135,1,0.454714
135,2,0.488484
135,3,0.489769
135,4,0.527022
135,5,0.457132
135,6,0.461709
135,7,0.496199
135,8,0.497125
135,9,0.527304
135,10,0.529776
135,11,0.521714
135,12,0.531999
135,13,0.530281
135,14,0.522741
135,15,0.519559
136,1,0.462107
136,2,0.448139
136,3,0.466483
136,4,0.470858
136,5,0.450032
136,6,0.491218
136,7,0.491624
136,8,0.457599
136,9,0.452076
136,10,0.458915
136,11,0.485981
136,12,0.455810
136,13,0.446942
136,14,0.455632
136,15,0.454366
137,1,0.446541
137,2,0.459136
137,3,0.454886
137,4,0.451629
137,5,0.448267
137,6,0.451149
137,7,0.459975
137,8,0.450762
137,9,0.461179
137,10,0.454496
137,11,0.446486
137,12,0.464899
137,13,0.451694
137,14,0.489428
137,15,0.479031
138,1,0.531174
138,2,0.459145
138,3,0.487321
138,4,0.505616
138,5,0.530718
138,6,0.458401
138,7,0.449349
138,8,0.453770
138,9,0.496485
138,10,0.521641
138,11,0.455952
138,12,0.444400
138,13,0.446973
138,14,0.460966
138,15,0.489411
139,1,0.507188
139,2,0.458401
139,3,0.487186
139,4,0.502758
139,5,0.458239
139,6,0.469007
139,7,0.457087
139,8,0.472002
139,9,0.451325
139,10,0.456659
139,11,0.466996
139,12,0.513003
139,13,0.524412
139,14,0.465180
139,15,0.454373
140,1,0.463254
140,2,0.450402
140,3,0.459566
140,4,0.463166
140,5,0.451447
140,6,0.454054
140,7,0.446976
140,8,0.453361
140,9,0.450484
140,10,0.500823
140,11,0.490813
140,12,0.459136
140,13,0.454959
140,14,0.447797
140,15,0.460742
141,1,0.489177
141,2,0.454174
141,3,0.453728
141,4,0.452515
141,5,0.453233
141,6,0.452844
141,7,0.460183
141,8,0.446161
141,9,0.454707
141,10,0.458284
141,11,0.449785
141,12,0.521508
141,13,0.519284
141,14,0.518288
141,15,0.531521
142,1,0.529837
142,2,0.518766
142,3,0.457708
142,4,0.462629
142,5,0.490670
142,6,0.530161
142,7,0.460512
142,8,0.461709
142,9,0.458609
142,10,0.445189
142,11,0.443746
142,12,0.450793
142,13,0.455688
142,14,0.467450
142,15,0.455821
143,1,0.453292
143,2,0.451526
143,3,0.451211
143,4,0.491182
143,5,0.527346
143,6,0.524599
143,7,0.522351
143,8,0.529564
143,9,0.460255
143,10,0.481998
143,11,0.461327
143,12,0.445889
143,13,0.445932
143,14,0.452620
143,15,0.496641
144,1,0.459155
144,2,0.482118
144,3,0.506263
144,4,0.461135
144,5,0.456617
144,6,0.455030
144,7,0.468320
144,8,0.521080
144,9,0.448873
144,10,0.448894
144,11,0.444571
144,12,0.454121
144,13,0.444592
144,14,0.506253
144,15,0.529879
145,1,0.526491
145,2,0.521028
145,3,0.527031
145,4,0.525056
145,5,0.526922
145,6,0.521064
145,7,0.526740
145,8,0.460168
145,9,0.457552
145,10,0.461607
145,11,0.461164
145,12,0.461432
145,13,0.448960
145,14,0.496864
145,15,0.503904
146,1,0.521049
146,2,0.454961
146,3,0.450157
146,4,0.450360
146,5,0.452118
146,6,0.449725
146,7,0.456888
146,8,0.483808
146,9,0.498421
146,10,0.530203
146,11,0.524599
146,12,0.456968
146,13,0.486490
146,14,0.484267
146,15,0.492675
147,1,0.521723
147,2,0.455851
147,3,0.469898
147,4,0.457234
147,5,0.450369
147,6,0.462090
147,7,0.455783
147,8,0.445472
147,9,0.469681
147,10,0.470495
147,11,0.447748
147,12,0.455667
147,13,0.497806
147,14,0.526978
147,15,0.460512
148,1,0.445496
148,2,0.452072
148,3,0.500906
148,4,0.504984
148,5,0.496287
148,6,0.526091
148,7,0.525372
148,8,0.527685
148,9,0.524581
148,10,0.527024
148,11,0.530034
148,12,0.522147
148,13,0.456389
148,14,0.487509
148,15,0.485101
149,1,0.461786
149,2,0.488230
149,3,0.500590
149,4,0.461786
149,5,0.464437
149,6,0.467809
149,7,0.450397
149,8,0.490637
149,9,0.458979
149,10,0.450559
149,11,0.444571
149,12,0.447752
149,13,0.447497
149,14,0.462322
149,15,0.469199
150,1,0.530790
150,2,0.525429
150,3,0.522430
150,4,0.520279
150,5,0.527031
150,6,0.523916
150,7,0.525959
150,8,0.521605
150,9,0.456819
150,10,0.482313
150,11,0.496598
150,12,0.452525
150,13,0.444779
150,14,0.454859
150,15,0.491115
151,1,0.458697
151,2,0.446691
151,3,0.455222
151,4,0.460505
151,5,0.447971
151,6,0.451910
151,7,0.449598
151,8,0.455986
151,9,0.492159
151,10,0.500092
151,11,0.456191
151,12,0.463795
151,13,0.495146
151,14,0.456701
151,15,0.469763
152,1,0.501639
152,2,0.458239
152,3,0.461805
152,4,0.488999
152,5,0.519531
152,6,0.460526
152,7,0.488078
152,8,0.458881
152,9,0.446651
152,10,0.450696
152,11,0.448403
152,12,0.456984
152,13,0.447432
152,14,0.453210
152,15,0.504445
153,1,0.502402
153,2,0.532313
153,3,0.530161
153,4,0.460255
153,5,0.464437
153,6,0.452611
153,7,0.448003
153,8,0.457789
153,9,0.445982
153,10,0.452231
153,11,0.457934
153,12,0.454130
153,13,0.447250
153,14,0.458092
153,15,0.449823
154,1,0.453441
154,2,0.492532
154,3,0.449534
154,4,0.452076
154,5,0.461179
154,6,0.489814
154,7,0.457540
154,8,0.481969
154,9,0.457552
154,10,0.447055
154,11,0.452942
154,12,0.503334
154,13,0.459837
154,14,0.454782
154,15,0.462996
155,1,0.442062
155,2,0.452564
155,3,0.455483
155,4,0.457824
155,5,0.453678
155,6,0.503635
155,7,0.495651
155,8,0.522838
155,9,0.457269
155,10,0.462945
155,11,0.502712
155,12,0.501481
155,13,0.526846
155,14,0.457599
155,15,0.464981
156,1,0.459616
156,2,0.454875
156,3,0.461179
156,4,0.499616
156,5,0.491363
156,6,0.499201
156,7,0.460048
156,8,0.464873
156,9,0.451781
156,10,0.452913
156,11,0.469583
156,12,0.469239
156,13,0.445775
156,14,0.456282
156,15,0.507453
157,1,0.454597
157,2,0.450738
157,3,0.454481
157,4,0.455881
157,5,0.452979
157,6,0.447779
157,7,0.455254
157,8,0.467380
157,9,0.450000
157,10,0.484240
157,11,0.494657
157,12,0.521476
157,13,0.518522
157,14,0.458879
157,15,0.451012
158,1,0.451910
158,2,0.445949
158,3,0.450768
158,4,0.454561
158,5,0.449792
158,6,0.449878
158,7,0.457448
158,8,0.445520
158,9,0.447985
158,10,0.460640
158,11,0.450187
158,12,0.453770
158,13,0.457220
158,14,0.483722
158,15,0.465062
159,1,0.447216
159,2,0.458464
159,3,0.499574
159,4,0.493415
159,5,0.491644
159,6,0.458686
159,7,0.487168
159,8,0.460559
159,9,0.487693
159,10,0.490732
159,11,0.499402
159,12,0.454881
159,13,0.444817
159,14,0.452566
159,15,0.453144
160,1,0.493557
160,2,0.460635
160,3,0.464296
160,4,0.499400
160,5,0.528557
160,6,0.525277
160,7,0.529964
160,8,0.522970
160,9,0.465862
160,10,0.455797
160,11,0.458080
160,12,0.451918
160,13,0.451788
160,14,0.456278
160,15,0.449823
161,1,0.453423
161,2,0.463129
161,3,0.464882
161,4,0.451569
161,5,0.457559
161,6,0.501321
161,7,0.464010
161,8,0.448851
161,9,0.466352
161,10,0.469299
161,11,0.469437
161,12,0.446575
161,13,0.463541
161,14,0.449231
161,15,0.456653
162,1,0.447757
162,2,0.448274
162,3,0.498151
162,4,0.495406
162,5,0.517854
162,6,0.521958
162,7,0.531339
162,8,0.456754
162,9,0.450347
162,10,0.445610
162,11,0.451639
162,12,0.448043
162,13,0.448913
162,14,0.477360
162,15,0.457146
163,1,0.453072
163,2,0.453424
163,3,0.452316
163,4,0.489881
163,5,0.519754
163,6,0.459678
163,7,0.482539
163,8,0.455062
163,9,0.450470
163,10,0.451053
163,11,0.452778
163,12,0.454105
163,13,0.467480
163,14,0.455785
163,15,0.487321
164,1,0.508119
164,2,0.528881
164,3,0.460592
164,4,0.469030
164,5,0.466622
164,6,0.451689
164,7,0.454123
164,8,0.491626
164,9,0.518310
164,10,0.447908
164,11,0.442358
164,12,0.446973
164,13,0.475613
164,14,0.457809
164,15,0.449766
165,1,0.448899
165,2,0.496923
165,3,0.489955
165,4,0.456461
165,5,0.454396
165,6,0.449630
165,7,0.455718
165,8,0.450250
165,9,0.441237
165,10,0.463280
165,11,0.450336
165,12,0.495513
165,13,0.454881
165,14,0.482404
165,15,0.493915
166,1,0.493878
166,2,0.490213
166,3,0.531861
166,4,0.526980
166,5,0.521634
166,6,0.448251
166,7,0.451757
166,8,0.454121
166,9,0.458993
166,10,0.450470
166,11,0.441695
166,12,0.466383
166,13,0.450484
166,14,0.500153
166,15,0.525328
167,1,0.520909
167,2,0.527345
167,3,0.460168
167,4,0.464437
167,5,0.455817
167,6,0.501030
167,7,0.494603
167,8,0.456189
167,9,0.447904
167,10,0.451923
167,11,0.450985
167,12,0.453689
167,13,0.482092
167,14,0.498701
167,15,0.504843
168,1,0.501155
168,2,0.458420
168,3,0.453296
168,4,0.450133
168,5,0.448679
168,6,0.490304
168,7,0.459724
168,8,0.452589
168,9,0.452479
168,10,0.453546
168,11,0.499257
168,12,0.497700
168,13,0.453812
168,14,0.455797
168,15,0.450761
169,1,0.456002
169,2,0.447286
169,3,0.453669
169,4,0.451967
169,5,0.499257
169,6,0.494392
169,7,0.531174
169,8,0.455890
169,9,0.487321
169,10,0.494819
169,11,0.502341
169,12,0.521028
169,13,0.521641
169,14,0.527304
169,15,0.463413
170,1,0.445496
170,2,0.446296
170,3,0.499557
170,4,0.501751
170,5,0.526718
170,6,0.523227
170,7,0.461903
170,8,0.449518
170,9,0.455013
170,10,0.491503
170,11,0.499622
170,12,0.454227
170,13,0.447209
170,14,0.451613
170,15,0.483273
171,1,0.496343
171,2,0.523912
171,3,0.458098
171,4,0.445206
171,5,0.450652
171,6,0.456580
171,7,0.486453
171,8,0.455062
171,9,0.452599
171,10,0.453596
171,11,0.457553
171,12,0.450470
171,13,0.453882
171,14,0.450511
171,15,0.496923
172,1,0.490752
172,2,0.519487
172,3,0.527352
172,4,0.460021
172,5,0.482467
172,6,0.502174
172,7,0.497340
172,8,0.522147
172,9,0.462240
172,10,0.445036
172,11,0.449878
172,12,0.504183
172,13,0.500396
172,14,0.499530
172,15,0.520821
173,1,0.525778
173,2,0.528532
173,3,0.520682
173,4,0.524813
173,5,0.523268
173,6,0.530161
173,7,0.460512
173,8,0.451483
173,9,0.451613
173,10,0.455529
173,11,0.446563
173,12,0.457496
173,13,0.449357
173,14,0.464299
173,15,0.463240
174,1,0.484954
174,2,0.507188
174,3,0.460526
174,4,0.450764
174,5,0.441536
174,6,0.450498
174,7,0.457595
174,8,0.447865
174,9,0.457702
174,10,0.449030
174,11,0.475879
174,12,0.502782
174,13,0.527304
174,14,0.523019
174,15,0.462900
175,1,0.461500
175,2,0.463254
175,3,0.446329
175,4,0.456743
175,5,0.497933
175,6,0.498901
175,7,0.501239
175,8,0.526180
175,9,0.521224
175,10,0.524757
175,11,0.532746
175,12,0.460526
175,13,0.450117
175,14,0.451910
175,15,0.447402
176,1,0.446392
176,2,0.450629
176,3,0.448017
176,4,0.467326
176,5,0.502758
176,6,0.495821
176,7,0.459848
176,8,0.446791
176,9,0.445610
176,10,0.454991
176,11,0.448790
176,12,0.456678
176,13,0.492700
176,14,0.521828
176,15,0.521958
177,1,0.530161
177,2,0.460255
177,3,0.446297
177,4,0.457038
177,5,0.493315
177,6,0.507130
177,7,0.461026
177,8,0.482931
177,9,0.462026
177,10,0.487321
177,11,0.505333
177,12,0.460526
177,13,0.487321
177,14,0.488999
177,15,0.457277
178,1,0.449766
178,2,0.448681
178,3,0.505208
178,4,0.459724
178,5,0.451181
178,6,0.461179
178,7,0.493628
178,8,0.524751
178,9,0.526369
178,10,0.454071
178,11,0.450762
178,12,0.461179
178,13,0.455688
178,14,0.447613
178,15,0.475850
179,1,0.541455
179,2,0.527022
179,3,0.526491
179,4,0.527352
179,5,0.461415
179,6,0.488713
179,7,0.460592
179,8,0.450117
179,9,0.450635
179,10,0.509614
179,11,0.521458
179,12,0.529714
179,13,0.525808
179,14,0.518288
179,15,0.458405
180,1,0.487186
180,2,0.502758
180,3,0.458130
180,4,0.446249
180,5,0.454402
180,6,0.448264
180,7,0.456296
180,8,0.491765
180,9,0.532560
180,10,0.529837
180,11,0.526491
180,12,0.531865
180,13,0.530161
180,14,0.460255
180,15,0.481998
181,1,0.495065
181,2,0.462851
181,3,0.448905
181,4,0.458071
181,5,0.489695
181,6,0.459577
181,7,0.487693
181,8,0.501907
181,9,0.525328
181,10,0.531929
181,11,0.460526
181,12,0.487186
181,13,0.496598
181,14,0.530161
181,15,0.522790
182,1,0.522856
182,2,0.530209
182,3,0.460021
182,4,0.455361
182,5,0.452592
182,6,0.500927
182,7,0.526980
182,8,0.526491
182,9,0.531159
182,10,0.455952
182,11,0.481046
182,12,0.503008
182,13,0.499373
182,14,0.524465
182,15,0.523450
183,1,0.529971
183,2,0.524422
183,3,0.525837
183,4,0.457637
183,5,0.453810
183,6,0.467858
183,7,0.455025
183,8,0.448507
183,9,0.484524
183,10,0.460278
183,11,0.447971
183,12,0.453206
183,13,0.490650
183,14,0.454093
183,15,0.482666
184,1,0.501924
184,2,0.514518
184,3,0.462150
184,4,0.444767
184,5,0.465718
184,6,0.496672
184,7,0.494657
184,8,0.457428
184,9,0.445625
184,10,0.444571
184,11,0.455209
184,12,0.502029
184,13,0.502471
184,14,0.531420
184,15,0.531603
185,1,0.531155
185,2,0.458025
185,3,0.455842
185,4,0.451384
185,5,0.447571
185,6,0.448507
185,7,0.455482
185,8,0.464810
185,9,0.463928
185,10,0.530790
185,11,0.461026
185,12,0.469030
185,13,0.479879
185,14,0.530203
185,15,0.524033
186,1,0.522608
186,2,0.523329
186,3,0.529888
186,4,0.525223
186,5,0.455294
186,6,0.450009
186,7,0.454268
186,8,0.457070
186,9,0.446976
186,10,0.453361
186,11,0.461956
186,12,0.457514
186,13,0.461669
186,14,0.468147
186,15,0.503635
187,1,0.461026
187,2,0.482931
187,3,0.496647
187,4,0.531274
187,5,0.527022
187,6,0.524154
187,7,0.532687
187,8,0.523651
187,9,0.527024
187,10,0.524490
187,11,0.525720
187,12,0.529113
187,13,0.522471
187,14,0.518888
187,15,0.519709
188,1,0.525778
188,2,0.526180
188,3,0.521909
188,4,0.521914
188,5,0.531339
188,6,0.521458
188,7,0.456754
188,8,0.451359
188,9,0.458915
188,10,0.489389
188,11,0.502383
188,12,0.502341
188,13,0.530089
188,14,0.526756
188,15,0.458154
189,1,0.450117
189,2,0.449878
189,3,0.498695
189,4,0.520241
189,5,0.530161
189,6,0.525862
189,7,0.529779
189,8,0.460168
189,9,0.457597
189,10,0.451747
189,11,0.446970
189,12,0.447564
189,13,0.447946
189,14,0.449791
189,15,0.451555
190,1,0.526109
190,2,0.526978
190,3,0.456104
190,4,0.481998
190,5,0.504014
190,6,0.461786
190,7,0.461835
190,8,0.460241
190,9,0.444571
190,10,0.449050
190,11,0.482529
190,12,0.459103
190,13,0.447820
190,14,0.461976
190,15,0.452832
191,1,0.496276
191,2,0.458230
191,3,0.487091
191,4,0.501924
191,5,0.494657
191,6,0.527043
191,7,0.526369
191,8,0.448804
191,9,0.445463
191,10,0.455924
191,11,0.492919
191,12,0.529243
191,13,0.526098
191,14,0.532757
191,15,0.459940
192,1,0.463311
192,2,0.450445
192,3,0.448969
192,4,0.483293
192,5,0.468896
192,6,0.484031
192,7,0.458881
192,8,0.445889
192,9,0.467384
192,10,0.449682
192,11,0.496672
192,12,0.495821
192,13,0.450883
192,14,0.450385
192,15,0.446432
193,1,0.458693
193,2,0.453476
193,3,0.457321
193,4,0.464955
193,5,0.450237
193,6,0.456092
193,7,0.492641
193,8,0.458230
193,9,0.487848
193,10,0.505333
193,11,0.530465
193,12,0.521641
193,13,0.459724
193,14,0.449766
193,15,0.453723
194,1,0.460985
194,2,0.455228
194,3,0.448892
194,4,0.473511
194,5,0.492449
194,6,0.532298
194,7,0.458879
194,8,0.487942
194,9,0.507349
194,10,0.531704
194,11,0.531155
194,12,0.456378
194,13,0.487942
194,14,0.494866
194,15,0.527828
195,1,0.460255
195,2,0.453703
195,3,0.445221
195,4,0.450078
195,5,0.499883
195,6,0.523227
195,7,0.525837
195,8,0.529803
195,9,0.460168
195,10,0.490210
195,11,0.500501
195,12,0.529879
195,13,0.524033
195,14,0.533337
195,15,0.456710
196,1,0.462766
196,2,0.501625
196,3,0.496678
196,4,0.522969
196,5,0.522383
196,6,0.456773
196,7,0.449088
196,8,0.455926
196,9,0.460949
196,10,0.453385
196,11,0.496862
196,12,0.530209
196,13,0.461561
196,14,0.454705
196,15,0.466898
197,1,0.499901
197,2,0.522741
197,3,0.518909
197,4,0.524680
197,5,0.521351
197,6,0.456778
197,7,0.485021
197,8,0.496688
197,9,0.531155
197,10,0.526980
197,11,0.522970
197,12,0.526546
197,13,0.522302
197,14,0.531891
197,15,0.460526
198,1,0.453587
198,2,0.446112
198,3,0.453476
198,4,0.456194
198,5,0.506210
198,6,0.530161
198,7,0.460255
198,8,0.446498
198,9,0.465430
198,10,0.503884
198,11,0.495821
198,12,0.519975
198,13,0.455952
198,14,0.444779
198,15,0.473443
199,1,0.508393
199,2,0.458879
199,3,0.450764
199,4,0.447985
199,5,0.491609
199,6,0.521689
199,7,0.522970
199,8,0.456985
199,9,0.445447
199,10,0.468831
199,11,0.450397
199,12,0.498411
199,13,0.501887
199,14,0.528017
199,15,0.526980
200,1,0.518487
200,2,0.519559
200,3,0.520960
200,4,0.530132
200,5,0.526545
200,6,0.458082
200,7,0.445100
200,8,0.440915
200,9,0.456772
200,10,0.470451
200,11,0.446368
200,12,0.455537
200,13,0.488168
200,14,0.507188
200,15,0.460526
201,1,0.452589
201,2,0.453075
201,3,0.506182
201,4,0.499220
201,5,0.530685
201,6,0.525808
201,7,0.457325
201,8,0.450060
201,9,0.443652
201,10,0.456279
201,11,0.492797
201,12,0.531999
201,13,0.531704
201,14,0.531155
201,15,0.457599
202,1,0.487321
202,2,0.507066
202,3,0.528153
202,4,0.522790
202,5,0.456985
202,6,0.482384
202,7,0.459901
202,8,0.445889
202,9,0.451526
202,10,0.453144
202,11,0.502114
202,12,0.525062
202,13,0.445391
202,14,0.446276
202,15,0.433924
203,1,0.457888
203,2,0.454193
203,3,0.467318
203,4,0.507188
203,5,0.458401
203,6,0.449766
203,7,0.448899
203,8,0.485943
203,9,0.498189
203,10,0.522147
203,11,0.530132
203,12,0.460168
203,13,0.452698
203,14,0.455988
203,15,0.491235
204,1,0.489926
204,2,0.527090
204,3,0.461129
204,4,0.445728
204,5,0.447505
204,6,0.458122
204,7,0.451325
204,8,0.455770
204,9,0.494407
204,10,0.530790
204,11,0.522741
204,12,0.465180
204,13,0.445659
204,14,0.450339
204,15,0.454800
205,1,0.484045
205,2,0.505089
205,3,0.498524
205,4,0.522838
205,5,0.520872
205,6,0.529577
205,7,0.530161
205,8,0.525808
205,9,0.518288
205,10,0.454650
205,11,0.453499
205,12,0.448681
205,13,0.505641
205,14,0.522741
205,15,0.526298
206,1,0.527048
206,2,0.524003
206,3,0.526623
206,4,0.532746
206,5,0.529879
206,6,0.461026
206,7,0.469030
206,8,0.460281
206,9,0.487769
206,10,0.458858
206,11,0.451557
206,12,0.443371
206,13,0.455192
206,14,0.461999
206,15,0.446327
207,1,0.455047
207,2,0.456395
207,3,0.448705
207,4,0.460966
207,5,0.447865
207,6,0.457036
207,7,0.499616
207,8,0.491755
207,9,0.455665
207,10,0.464873
207,11,0.505076
207,12,0.503505
207,13,0.523049
207,14,0.458405
207,15,0.450117
208,1,0.451910
208,2,0.456607
208,3,0.461635
208,4,0.452949
208,5,0.502758
208,6,0.522741
208,7,0.462150
208,8,0.451641
208,9,0.448621
208,10,0.504972
208,11,0.531521
208,12,0.527304
208,13,0.461283
208,14,0.454705
208,15,0.458100
209,1,0.447757
209,2,0.453354
209,3,0.458581
209,4,0.452366
209,5,0.457184
209,6,0.468366
209,7,0.491433
209,8,0.529569
209,9,0.460790
209,10,0.454705
209,11,0.445695
209,12,0.452275
209,13,0.487210
209,14,0.459265
209,15,0.449698
210,1,0.480006
210,2,0.492919
210,3,0.499916
210,4,0.455956
210,5,0.453159
210,6,0.453726
210,7,0.490761
210,8,0.506405
210,9,0.521906
210,10,0.531704
210,11,0.529837
210,12,0.521732
210,13,0.526216
210,14,0.461561
210,15,0.489178
211,1,0.480637
211,2,0.463319
211,3,0.484479
211,4,0.459393
211,5,0.451812
211,6,0.443390
211,7,0.463202
211,8,0.470066
211,9,0.471703
211,10,0.457595
211,11,0.446399
211,12,0.455559
211,13,0.471400
211,14,0.448666
211,15,0.456758
212,1,0.448048
212,2,0.447985
212,3,0.489945
212,4,0.460751
212,5,0.450764
212,6,0.435760
212,7,0.448070
212,8,0.473209
212,9,0.500443
212,10,0.531155
212,11,0.457599
212,12,0.450347
212,13,0.448113
212,14,0.482363
212,15,0.518808
213,1,0.458707
213,2,0.450764
213,3,0.453710
213,4,0.453144
213,5,0.496414
213,6,0.456456
213,7,0.447688
213,8,0.451941
213,9,0.451211
213,10,0.457060
213,11,0.453587
213,12,0.452566
213,13,0.480104
213,14,0.457777
213,15,0.485895
214,1,0.460505
214,2,0.452599
214,3,0.445216
214,4,0.447752
214,5,0.447657
214,6,0.450540
214,7,0.459710
214,8,0.451031
214,9,0.462172
214,10,0.497170
214,11,0.525079
214,12,0.524283
214,13,0.462833
214,14,0.448360
214,15,0.444747
215,1,0.472800
215,2,0.454474
215,3,0.489691
215,4,0.529013
215,5,0.525056
215,6,0.527012
215,7,0.523227
215,8,0.526546
215,9,0.457325
215,10,0.449658
215,11,0.451910
215,12,0.464264
215,13,0.459298
215,14,0.450773
215,15,0.458915
216,1,0.485981
216,2,0.505333
216,3,0.521823
216,4,0.460526
216,5,0.488078
216,6,0.459769
216,7,0.446681
216,8,0.465925
216,9,0.528724
216,10,0.523075
216,11,0.525837
216,12,0.532359
216,13,0.521731
216,14,0.460526
216,15,0.449766
217,1,0.448379
217,2,0.467610
217,3,0.467011
217,4,0.452753
217,5,0.458915
217,6,0.451545
217,7,0.454411
217,8,0.492276
217,9,0.502481
217,10,0.522741
217,11,0.524434
217,12,0.462348
217,13,0.470580
217,14,0.479523
217,15,0.531155
218,1,0.460526
218,2,0.451181
218,3,0.461179
218,4,0.492095
218,5,0.452636
218,6,0.483026
218,7,0.461550
218,8,0.445889
218,9,0.448681
218,10,0.505333
218,11,0.507860
218,12,0.529879
218,13,0.522318
218,14,0.530496
218,15,0.461026
219,1,0.446770
219,2,0.469003
219,3,0.470387
219,4,0.451160
219,5,0.456960
219,6,0.501817
219,7,0.492941
219,8,0.508979
219,9,0.529837
219,10,0.526545
219,11,0.531159
219,12,0.542028
219,13,0.531704
219,14,0.456754
219,15,0.449400
220,1,0.455025
220,2,0.499634
220,3,0.498566
220,4,0.458705
220,5,0.445460
220,6,0.444451
220,7,0.455427
220,8,0.532966
220,9,0.532514
220,10,0.455952
220,11,0.454845
220,12,0.448113
220,13,0.500927
220,14,0.521641
220,15,0.456297
221,1,0.450764
221,2,0.444571
221,3,0.450342
221,4,0.447654
221,5,0.465572
221,6,0.503109
221,7,0.461026
221,8,0.451937
221,9,0.450304
221,10,0.458717
221,11,0.488078
221,12,0.503662
221,13,0.464117
221,14,0.463310
221,15,0.496688
222,1,0.531521
222,2,0.458355
222,3,0.450117
222,4,0.454268
222,5,0.508393
222,6,0.531339
222,7,0.521641
222,8,0.458401
222,9,0.449349
222,10,0.440388
222,11,0.447392
222,12,0.474170
222,13,0.458635
222,14,0.464601
222,15,0.505338
223,1,0.503505
223,2,0.529885
223,3,0.526247
223,4,0.530132
223,5,0.522741
223,6,0.461189
223,7,0.453167
223,8,0.459320
223,9,0.462418
223,10,0.445318
223,11,0.452150
223,12,0.462947
223,13,0.499671
223,14,0.504797
223,15,0.525906
224,1,0.531420
224,2,0.451896
224,3,0.444817
224,4,0.453075
224,5,0.505966
224,6,0.497340
224,7,0.523620
224,8,0.524650
224,9,0.527024
224,10,0.526369
224,11,0.530790
224,12,0.522615
224,13,0.529921
224,14,0.525808
224,15,0.530972
225,1,0.530203
225,2,0.461561
225,3,0.464437
225,4,0.465541
225,5,0.463075
225,6,0.450032
225,7,0.481311
225,8,0.458401
225,9,0.452172
225,10,0.450360
225,11,0.450888
225,12,0.507503
225,13,0.455952
225,14,0.485963
225,15,0.506386
226,1,0.457330
226,2,0.454428
226,3,0.460060
226,4,0.468236
226,5,0.503635
226,6,0.490816
226,7,0.455661
226,8,0.468483
226,9,0.502776
226,10,0.515445
226,11,0.518909
226,12,0.522120
226,13,0.456461
226,14,0.450574
226,15,0.444571
227,1,0.471250
227,2,0.507944
227,3,0.530161
227,4,0.461283
227,5,0.488104
227,6,0.457208
227,7,0.447313
227,8,0.462895
227,9,0.490680
227,10,0.509980
227,11,0.461786
227,12,0.450464
227,13,0.454759
227,14,0.498082
227,15,0.531155
228,1,0.530203
228,2,0.524033
228,3,0.525084
228,4,0.453680
228,5,0.482357
228,6,0.500501
228,7,0.457007
228,8,0.451012
228,9,0.461179
228,10,0.490935
228,11,0.457877
228,12,0.448422
228,13,0.448070
228,14,0.461442
228,15,0.487321
229,1,0.498421
229,2,0.522007
229,3,0.531339
229,4,0.526980
229,5,0.523019
229,6,0.525837
229,7,0.529643
229,8,0.461841
229,9,0.489747
229,10,0.502481
229,11,0.498189
229,12,0.527162
229,13,0.519724
229,14,0.459198
229,15,0.449915
230,1,0.460644
230,2,0.498716
230,3,0.457526
230,4,0.486797
230,5,0.503645
230,6,0.500742
230,7,0.522856
230,8,0.525014
230,9,0.461026
230,10,0.452977
230,11,0.456338
230,12,0.500349
230,13,0.453695
230,14,0.447072
230,15,0.444547
231,1,0.475510
231,2,0.525663
231,3,0.522926
231,4,0.519109
231,5,0.518909
231,6,0.520502
231,7,0.531364
231,8,0.455952
231,9,0.487942
231,10,0.457268
231,11,0.488731
231,12,0.459530
231,13,0.488771
231,14,0.504177
231,15,0.503505
232,1,0.458707
232,2,0.451181
232,3,0.462193
232,4,0.468320
232,5,0.458717
232,6,0.446976
232,7,0.447985
232,8,0.505129
232,9,0.529837
232,10,0.523974
232,11,0.524434
232,12,0.520082
232,13,0.520485
232,14,0.521891
232,15,0.529869
233,1,0.456402
233,2,0.483963
233,3,0.495146
233,4,0.528881
233,5,0.524742
233,6,0.458228
233,7,0.449400
233,8,0.458915
233,9,0.449598
233,10,0.454142
233,11,0.446818
233,12,0.450416
233,13,0.500417
233,14,0.460850
233,15,0.469030
234,1,0.499209
234,2,0.531712
234,3,0.521458
234,4,0.457599
234,5,0.464981
234,6,0.507066
234,7,0.531339
234,8,0.532514
234,9,0.531339
234,10,0.532330
234,11,0.531155
234,12,0.521635
234,13,0.522007
234,14,0.452056
234,15,0.449766
235,1,0.452670
235,2,0.452211
235,3,0.448927
235,4,0.505341
235,5,0.461523
235,6,0.446297
235,7,0.450652
235,8,0.504445
235,9,0.530369
235,10,0.465052
235,11,0.489683
235,12,0.501076
235,13,0.515445
235,14,0.460696
235,15,0.446666
236,1,0.457158
236,2,0.500229
236,3,0.453161
236,4,0.453645
236,5,0.454573
236,6,0.451421
236,7,0.475502
236,8,0.506123
236,9,0.500208
236,10,0.462464
236,11,0.490728
236,12,0.506345
236,13,0.530161
236,14,0.525223
236,15,0.530132
237,1,0.526545
237,2,0.531055
237,3,0.526857
237,4,0.523491
237,5,0.465180
237,6,0.454949
237,7,0.455467
237,8,0.448305
237,9,0.448233
237,10,0.485997
237,11,0.504773
237,12,0.527022
237,13,0.518487
237,14,0.462150
237,15,0.444767
238,1,0.466736
238,2,0.448715
238,3,0.454084
238,4,0.464475
238,5,0.499424
238,6,0.489955
238,7,0.522147
238,8,0.457372
238,9,0.487091
238,10,0.499901
238,11,0.499505
238,12,0.529947
238,13,0.524003
238,14,0.524412
238,15,0.461040
239,1,0.455486
239,2,0.452142
239,3,0.452019
239,4,0.529243
239,5,0.521682
239,6,0.468119
239,7,0.456848
239,8,0.464552
239,9,0.456533
239,10,0.451401
239,11,0.455604
239,12,0.454080
239,13,0.517016
239,14,0.516189
239,15,0.528404
240,1,0.520407
240,2,0.529577
240,3,0.531704
240,4,0.527346
240,5,0.526491
240,6,0.456123
240,7,0.489362
240,8,0.502758
240,9,0.523925
240,10,0.465862
240,11,0.447578
240,12,0.450413
240,13,0.458328
240,14,0.482313
240,15,0.503970
241,1,0.463928
241,2,0.446498
241,3,0.445221
241,4,0.452617
241,5,0.452097
241,6,0.449271
241,7,0.460849
241,8,0.487012
241,9,0.460505
241,10,0.452753
241,11,0.461179
241,12,0.475313
241,13,0.491260
241,14,0.449893
241,15,0.445084
242,1,0.460380
242,2,0.500853
242,3,0.502914
242,4,0.523509
242,5,0.531999
242,6,0.530161
242,7,0.522970
242,8,0.525156
242,9,0.525807
242,10,0.461026
242,11,0.488365
242,12,0.496707
242,13,0.502341
242,14,0.459848
242,15,0.450574
243,1,0.445610
243,2,0.453144
243,3,0.497849
243,4,0.518351
243,5,0.456139
243,6,0.451896
243,7,0.452566
243,8,0.462708
243,9,0.466323
243,10,0.448219
243,11,0.473336
243,12,0.530475
243,13,0.530102
243,14,0.521641
243,15,0.458077
244,1,0.449254
244,2,0.457116
244,3,0.445141
244,4,0.456567
244,5,0.446253
244,6,0.451686
244,7,0.507967
244,8,0.531521
244,9,0.458401
244,10,0.485828
244,11,0.507066
244,12,0.529879
244,13,0.522318
244,14,0.456819
244,15,0.450250
245,1,0.468178
245,2,0.449496
245,3,0.460505
245,4,0.484031
245,5,0.507066
245,6,0.530161
245,7,0.526491
245,8,0.522862
245,9,0.531965
245,10,0.456754
245,11,0.450295
245,12,0.451910
245,13,0.484542
245,14,0.506701
245,15,0.527097
246,1,0.523925
246,2,0.524434
246,3,0.534030
246,4,0.520279
246,5,0.456665
246,6,0.446779
246,7,0.455372
246,8,0.451870
246,9,0.448790
246,10,0.451043
246,11,0.508177
246,12,0.531704
246,13,0.531521
246,14,0.529879
246,15,0.522741
247,1,0.525837
247,2,0.530404
247,3,0.522917
247,4,0.457108
247,5,0.444958
247,6,0.466894
247,7,0.460880
247,8,0.488001
247,9,0.501639
247,10,0.497340
247,11,0.527812
247,12,0.519156
247,13,0.522504
247,14,0.525807
247,15,0.461026
248,1,0.456231
248,2,0.464517
248,3,0.470750
248,4,0.470652
248,5,0.457650
248,6,0.452517
248,7,0.502758
248,8,0.514518
248,9,0.454666
248,10,0.446225
248,11,0.450732
248,12,0.446277
248,13,0.452949
248,14,0.447177
248,15,0.446143
249,1,0.452372
249,2,0.506765
249,3,0.530161
249,4,0.460255
249,5,0.452924
249,6,0.451401
249,7,0.453763
249,8,0.446793
249,9,0.445176
249,10,0.456290
249,11,0.454531
249,12,0.450745
249,13,0.454520
249,14,0.501793
249,15,0.531339
250,1,0.531521
250,2,0.521641
250,3,0.529879
250,4,0.522741
250,5,0.460014
250,6,0.444767
250,7,0.445359
250,8,0.476414
250,9,0.501061
250,10,0.456724
250,11,0.447101
250,12,0.467844
250,13,0.453874
250,14,0.449129
250,15,0.450571
251,1,0.480793
251,2,0.492095
251,3,0.515359
251,4,0.523612
251,5,0.515762
251,6,0.521116
251,7,0.528830
251,8,0.460526
251,9,0.450117
251,10,0.451910
251,11,0.484689
251,12,0.495608
251,13,0.457599
251,14,0.482404
251,15,0.499466
252,1,0.530161
252,2,0.525862
252,3,0.541809
252,4,0.531339
252,5,0.457599
252,6,0.450764
252,7,0.447985
252,8,0.460880
252,9,0.446681
252,10,0.447079
252,11,0.462906
252,12,0.470652
252,13,0.450686
252,14,0.463527
252,15,0.488078
253,1,0.459068
253,2,0.450369
253,3,0.449733
253,4,0.458783
253,5,0.486718
253,6,0.502758
253,7,0.495821
253,8,0.531159
253,9,0.521823
253,10,0.531339
253,11,0.530728
253,12,0.526545
253,13,0.521357
253,14,0.457599
253,15,0.482404
254,1,0.455731
254,2,0.451379
254,3,0.458855
254,4,0.457310
254,5,0.454692
254,6,0.499733
254,7,0.531052
254,8,0.461026
254,9,0.446770
254,10,0.454166
254,11,0.463138
254,12,0.447471
254,13,0.456194
254,14,0.456116
254,15,0.450574
255,1,0.468178
255,2,0.467610
255,3,0.506218
255,4,0.461370
255,5,0.452977
255,6,0.452843
255,7,0.445786
255,8,0.464899
255,9,0.446840
255,10,0.475773
255,11,0.454499
255,12,0.453072
255,13,0.452212
255,14,0.505616
255,15,0.531521
256,1,0.532330
256,2,0.531521
256,3,0.458401
256,4,0.452589
256,5,0.451526
256,6,0.448106
256,7,0.446284
256,8,0.452903
256,9,0.451828
256,10,0.448309
256,11,0.444999
256,12,0.451322
256,13,0.502172
256,14,0.527346
256,15,0.461026
257,1,0.488282
257,2,0.474707
257,3,0.529954
257,4,0.521891
257,5,0.461189
257,6,0.445508
257,7,0.473302
257,8,0.501215
257,9,0.499545
257,10,0.519990
257,11,0.532298
257,12,0.531521
257,13,0.521458
257,14,0.529837
257,15,0.518487
258,1,0.456985
258,2,0.451641
258,3,0.452749
258,4,0.450344
258,5,0.447985
258,6,0.449426
258,7,0.515206
258,8,0.531339
258,9,0.530203
258,10,0.461818
258,11,0.456026
258,12,0.453669
258,13,0.475794
258,14,0.500348
258,15,0.499082
259,1,0.526786
259,2,0.519188
259,3,0.525837
259,4,0.532746
259,5,0.457599
259,6,0.488879
259,7,0.460505
259,8,0.489039
259,9,0.500108
259,10,0.496208
259,11,0.532746
259,12,0.456754
259,13,0.449400
259,14,0.449878
259,15,0.459397
260,1,0.452316
260,2,0.447947
260,3,0.472169
260,4,0.460505
260,5,0.487693
260,6,0.457266
260,7,0.449677
260,8,0.441536
260,9,0.448965
260,10,0.501306
260,11,0.530161
260,12,0.522741
260,13,0.462833
260,14,0.485021
260,15,0.506858
261,1,0.461026
261,2,0.446297
261,3,0.452242
261,4,0.454106
261,5,0.450000
261,6,0.505509
261,7,0.455952
261,8,0.445495
261,9,0.449878
261,10,0.492095
261,11,0.527022
261,12,0.522741
261,13,0.525837
261,14,0.525783
261,15,0.526423
262,1,0.529732
262,2,0.524166
262,3,0.461011
262,4,0.444811
262,5,0.449401
262,6,0.459397
262,7,0.450574
262,8,0.453770
262,9,0.501030
262,10,0.500218
262,11,0.502214
262,12,0.460168
262,13,0.454705
262,14,0.465091
262,15,0.466172
263,1,0.507188
263,2,0.531155
263,3,0.530161
263,4,0.525808
263,5,0.530972
263,6,0.459724
263,7,0.450117
263,8,0.478993
263,9,0.491115
263,10,0.490860
263,11,0.457005
263,12,0.469844
263,13,0.498957
263,14,0.462321
263,15,0.489178
264,1,0.498957
264,2,0.489304
264,3,0.523977
264,4,0.527024
264,5,0.525351
264,6,0.531420
264,7,0.531704
264,8,0.530203
264,9,0.522741
264,10,0.518909
264,11,0.454240
264,12,0.469115
264,13,0.502758
264,14,0.495821
264,15,0.529779
265,1,0.526491
265,2,0.455678
265,3,0.487026
265,4,0.459616
265,5,0.447971
265,6,0.459096
265,7,0.449030
265,8,0.450585
265,9,0.504886
265,10,0.524412
265,11,0.465180
265,12,0.454499
265,13,0.463895
265,14,0.446584
265,15,0.456139
266,1,0.532560
266,2,0.522347
266,3,0.527022
266,4,0.522970
266,5,0.522147
266,6,0.467030
266,7,0.449130
266,8,0.451910
266,9,0.444462
266,10,0.454797
266,11,0.451914
266,12,0.462424
266,13,0.506386
266,14,0.458401
266,15,0.450347
267,1,0.446754
267,2,0.455635
267,3,0.451591
267,4,0.456720
267,5,0.493703
267,6,0.507944
267,7,0.531155
267,8,0.522007
267,9,0.530203
267,10,0.525906
267,11,0.456435
267,12,0.469792
267,13,0.501924
267,14,0.490816
267,15,0.522147
268,1,0.532060
268,2,0.455952
268,3,0.449349
268,4,0.443404
268,5,0.456890
268,6,0.452274
268,7,0.456725
268,8,0.495082
268,9,0.456007
268,10,0.489744
268,11,0.496491
268,12,0.508918
268,13,0.531339
268,14,0.529837
268,15,0.518487
269,1,0.525837
269,2,0.532313
269,3,0.525396
269,4,0.521732
269,5,0.531159
269,6,0.527424
269,7,0.523925
269,8,0.527007
269,9,0.532060
269,10,0.457599
269,11,0.485828
269,12,0.455821
269,13,0.446681
269,14,0.453770
269,15,0.495811
270,1,0.530504
270,2,0.532426
270,3,0.522741
270,4,0.525837
270,5,0.457637
270,6,0.449698
270,7,0.451910
270,8,0.445393
270,9,0.455469
270,10,0.499928
270,11,0.492314
270,12,0.459808
270,13,0.443640
270,14,0.454118
270,15,0.506215
271,1,0.503505
271,2,0.522167
271,3,0.530161
271,4,0.525906
271,5,0.522497
271,6,0.460839
271,7,0.451060
271,8,0.458915
271,9,0.445668
271,10,0.446911
271,11,0.503887
271,12,0.460835
271,13,0.481910
271,14,0.461327
271,15,0.451557
272,1,0.451053
272,2,0.451613
272,3,0.529506
272,4,0.461677
272,5,0.451721
272,6,0.455030
272,7,0.499908
272,8,0.465151
272,9,0.472480
272,10,0.474915
272,11,0.521313
272,12,0.526247
272,13,0.530209
272,14,0.526369
272,15,0.532313
273,1,0.460526
273,2,0.451012
273,3,0.458915
273,4,0.449492
273,5,0.451132
273,6,0.506892
273,7,0.530203
273,8,0.525906
273,9,0.458734
273,10,0.455653
273,11,0.447985
273,12,0.502657
273,13,0.460035
273,14,0.446921
273,15,0.443841
274,1,0.474600
274,2,0.493749
274,3,0.458606
274,4,0.471256
274,5,0.495938
274,6,0.457588
274,7,0.489178
274,8,0.504844
274,9,0.503559
274,10,0.526922
274,11,0.524412
274,12,0.532687
274,13,0.520872
274,14,0.529905
274,15,0.460168
275,1,0.451721
275,2,0.461880
275,3,0.490199
275,4,0.494925
275,5,0.494657
275,6,0.457325
275,7,0.451472
275,8,0.455872
275,9,0.491918
275,10,0.530867
275,11,0.522492
275,12,0.521723
275,13,0.529899
275,14,0.525906
275,15,0.530790
276,1,0.526491
276,2,0.458707
276,3,0.450764
276,4,0.441536
276,5,0.468625
276,6,0.496923
276,7,0.494603
276,8,0.521910
276,9,0.460526
276,10,0.487321
276,11,0.505333
276,12,0.521205
276,13,0.457599
276,14,0.451012
276,15,0.451910
277,1,0.483142
277,2,0.457171
277,3,0.488123
277,4,0.460279
277,5,0.449677
277,6,0.453075
277,7,0.458993
277,8,0.488176
277,9,0.460505
277,10,0.446681
277,11,0.441695
277,12,0.447473
277,13,0.456382
277,14,0.490778
277,15,0.458873
278,1,0.491672
278,2,0.506030
278,3,0.530161
278,4,0.522970
278,5,0.525428
278,6,0.458420
278,7,0.450762
278,8,0.459517
278,9,0.466642
278,10,0.449179
278,11,0.460265
278,12,0.454533
278,13,0.454433
278,14,0.484412
278,15,0.491229
279,1,0.530161
279,2,0.526491
279,3,0.532560
279,4,0.521458
279,5,0.530203
279,6,0.522741
279,7,0.461871
279,8,0.445666
279,9,0.450508
279,10,0.458932
279,11,0.489241
279,12,0.502481
279,13,0.461026
279,14,0.464437
279,15,0.448868
280,1,0.460265
280,2,0.455447
280,3,0.454777
280,4,0.498627
280,5,0.490301
280,6,0.456191
280,7,0.456754
280,8,0.445607
280,9,0.451344
280,10,0.458921
280,11,0.451367
280,12,0.445957
280,13,0.450063
280,14,0.521851
280,15,0.460818
281,1,0.456231
281,2,0.447930
281,3,0.491229
281,4,0.457599
281,5,0.481046
281,6,0.506386
281,7,0.460526
281,8,0.488879
281,9,0.505089
281,10,0.497340
281,11,0.502280
281,12,0.521345
281,13,0.455990
281,14,0.449698
281,15,0.453206
282,1,0.447177
282,2,0.446052
282,3,0.455576
282,4,0.486111
282,5,0.506135
282,6,0.527304
282,7,0.522790
282,8,0.456985
282,9,0.483429
282,10,0.504472
282,11,0.527310
282,12,0.526817
282,13,0.523872
282,14,0.452212
282,15,0.481631
283,1,0.460279
283,2,0.450764
283,3,0.448681
283,4,0.495795
283,5,0.495134
283,6,0.532298
283,7,0.458405
283,8,0.449400
283,9,0.453434
283,10,0.459484
283,11,0.449072
283,12,0.451526
283,13,0.447752
283,14,0.447145
283,15,0.446143
284,1,0.474633
284,2,0.453725
284,3,0.489583
284,4,0.495608
284,5,0.518929
284,6,0.531704
284,7,0.458879
284,8,0.487321
284,9,0.505616
284,10,0.531155
284,11,0.531704
284,12,0.528153
284,13,0.523974
284,14,0.462406
284,15,0.465094
285,1,0.453623
285,2,0.505089
285,3,0.502341
285,4,0.526875
285,5,0.459931
285,6,0.490210
285,7,0.495279
285,8,0.530655
285,9,0.458401
285,10,0.449766
285,11,0.457298
285,12,0.450498
285,13,0.499616
285,14,0.491228
285,15,0.529900
286,1,0.523306
286,2,0.465862
286,3,0.452850
286,4,0.454520
286,5,0.459622
286,6,0.450735
286,7,0.449878
286,8,0.491863
286,9,0.530478
286,10,0.526491
286,11,0.456507
286,12,0.449658
286,13,0.449050
286,14,0.500194
286,15,0.525808
287,1,0.532111
287,2,0.458401
287,3,0.450295
287,4,0.454268
287,5,0.502491
287,6,0.499133
287,7,0.522608
287,8,0.526762
287,9,0.460880
287,10,0.446498
287,11,0.451271
287,12,0.451211
287,13,0.502782
287,14,0.531704
287,15,0.530161
288,1,0.461561
288,2,0.454705
288,3,0.447509
288,4,0.502758
288,5,0.495821
288,6,0.527043
288,7,0.524033
288,8,0.533337
288,9,0.524808
288,10,0.526720
288,11,0.455919
288,12,0.450640
288,13,0.460211
288,14,0.457310
288,15,0.452576
289,1,0.446869
289,2,0.469664
289,3,0.467783
289,4,0.491974
289,5,0.514919
289,6,0.458401
289,7,0.487186
289,8,0.502758
289,9,0.463466
289,10,0.456026
289,11,0.445695
289,12,0.472510
289,13,0.530132
289,14,0.460703
289,15,0.451721
290,1,0.451718
290,2,0.448428
290,3,0.462364
290,4,0.492716
290,5,0.460073
290,6,0.449829
290,7,0.450732
290,8,0.446011
290,9,0.463348
290,10,0.455403
290,11,0.461494
290,12,0.468792
290,13,0.466249
290,14,0.469703
290,15,0.457514
291,1,0.485432
291,2,0.458867
291,3,0.447769
291,4,0.447577
291,5,0.460178
291,6,0.450470
291,7,0.468178
291,8,0.446023
291,9,0.453354
291,10,0.504183
291,11,0.499506
291,12,0.526860
291,13,0.526247
291,14,0.457253
291,15,0.465308
292,1,0.461263
292,2,0.447017
292,3,0.444743
292,4,0.475376
292,5,0.500986
292,6,0.490996
292,7,0.452323
292,8,0.449658
292,9,0.451910
292,10,0.484659
292,11,0.461341
292,12,0.453392
292,13,0.453519
292,14,0.467610
292,15,0.491812
293,1,0.499037
293,2,0.527022
293,3,0.461026
293,4,0.456026
293,5,0.454804
293,6,0.449324
293,7,0.459242
293,8,0.450187
293,9,0.454274
293,10,0.458618
293,11,0.451689
293,12,0.455770
293,13,0.492627
293,14,0.529947
293,15,0.519188
294,1,0.460731
294,2,0.451090
294,3,0.449925
294,4,0.504183
294,5,0.526491
294,6,0.526781
294,7,0.525482
294,8,0.527043
294,9,0.529625
294,10,0.462150
294,11,0.446666
294,12,0.461133
294,13,0.497340
294,14,0.462739
294,15,0.453780
295,1,0.471737
295,2,0.503635
295,3,0.493699
295,4,0.530041
295,5,0.522819
295,6,0.526162
295,7,0.458707
295,8,0.487091
295,9,0.496598
295,10,0.458403
295,11,0.451669
295,12,0.460211
295,13,0.447177
295,14,0.462678
295,15,0.445991
296,1,0.456841
296,2,0.465149
296,3,0.462966
296,4,0.446399
296,5,0.475310
296,6,0.493825
296,7,0.523591
296,8,0.456474
296,9,0.453991
296,10,0.447745
296,11,0.496124
296,12,0.531339
296,13,0.456754
296,14,0.450117
296,15,0.458915
297,1,0.447177
297,2,0.449439
297,3,0.458867
297,4,0.445889
297,5,0.445216
297,6,0.457117
297,7,0.455701
297,8,0.450213
297,9,0.486083
297,10,0.458098
297,11,0.449933
297,12,0.459184
297,13,0.446978
297,14,0.445424
297,15,0.456384
298,1,0.492926
298,2,0.491114
298,3,0.452636
298,4,0.490728
298,5,0.507120
298,6,0.503505
298,7,0.458466
298,8,0.487783
298,9,0.460281
298,10,0.484031
298,11,0.467011
298,12,0.447971
298,13,0.449733
298,14,0.494183
298,15,0.456664
299,1,0.446498
299,2,0.443844
299,3,0.448057
299,4,0.459132
299,5,0.483505
299,6,0.496688
299,7,0.455683
299,8,0.487967
299,9,0.460279
299,10,0.487012
299,11,0.505338
299,12,0.498189
299,13,0.456985
299,14,0.447426
299,15,0.455170
300,1,0.461830
300,2,0.456269
300,3,0.363746
300,4,0.449322
300,5,0.449474
300,6,0.452373
300,7,0.457269
300,8,0.446127
300,9,0.465844
300,10,0.456809
300,11,0.451031
300,12,0.450578
300,13,0.446542
300,14,0.455901
300,15,0.493254
301,1,0.499282
301,2,0.531794
301,3,0.531339
301,4,0.530161
301,5,0.461026
301,6,0.482931
301,7,0.489868
301,8,0.524973
301,9,0.461283
301,10,0.455580
301,11,0.452949
301,12,0.448533
301,13,0.450709
301,14,0.446908
301,15,0.458929
302,1,0.453331
302,2,0.446897
302,3,0.476126
302,4,0.500517
302,5,0.521552
302,6,0.524705
302,7,0.525108
302,8,0.462063
302,9,0.482357
302,10,0.495636
302,11,0.522817
302,12,0.531155
302,13,0.529597
302,14,0.521049
302,15,0.457770
303,1,0.450117
303,2,0.454859
303,3,0.459753
303,4,0.446220
303,5,0.447680
303,6,0.498904
303,7,0.494603
303,8,0.529938
303,9,0.458879
303,10,0.487186
303,11,0.507066
303,12,0.532330
303,13,0.459724
303,14,0.488078
303,15,0.457969
304,1,0.451760
304,2,0.447079
304,3,0.471400
304,4,0.450247
304,5,0.482839
304,6,0.491140
304,7,0.515471
304,8,0.519200
304,9,0.527352
304,10,0.460021
304,11,0.447820
304,12,0.448780
304,13,0.499495
304,14,0.521641
304,15,0.457552
305,1,0.444779
305,2,0.450635
305,3,0.508979
305,4,0.454974
305,5,0.450117
305,6,0.451910
305,7,0.454873
305,8,0.447624
305,9,0.501306
305,10,0.529837
305,11,0.518766
305,12,0.527162
305,13,0.456710
305,14,0.449812
305,15,0.455489
306,1,0.491765
306,2,0.520632
306,3,0.527346
306,4,0.525906
306,5,0.526802
306,6,0.524738
306,7,0.455246
306,8,0.481250
306,9,0.458122
306,10,0.486240
306,11,0.460505
306,12,0.483722
306,13,0.459803
306,14,0.450470
306,15,0.444571
307,1,0.455777
307,2,0.492067
307,3,0.497460
307,4,0.526111
307,5,0.525798
307,6,0.527352
307,7,0.526932
307,8,0.526922
307,9,0.519109
307,10,0.532687
307,11,0.523942
307,12,0.461453
307,13,0.455677
307,14,0.447173
307,15,0.455397
308,1,0.454531
308,2,0.446885
308,3,0.461663
308,4,0.491794
308,5,0.452602
308,6,0.483093
308,7,0.497782
308,8,0.458239
308,9,0.448110
308,10,0.451271
308,11,0.451967
308,12,0.498384
308,13,0.515004
308,14,0.518909
308,15,0.526598
309,1,0.518190
309,2,0.531812
309,3,0.530161
309,4,0.460255
309,5,0.447820
309,6,0.459936
309,7,0.461956
309,8,0.453187
309,9,0.452217
309,10,0.506322
309,11,0.529879
309,12,0.525906
309,13,0.457060
309,14,0.487091
309,15,0.506296
310,1,0.500108
310,2,0.530161
310,3,0.525223
310,4,0.527184
310,5,0.460168
310,6,0.447058
310,7,0.450115
310,8,0.529620
310,9,0.525205
310,10,0.531159
310,11,0.529879
310,12,0.461026
310,13,0.447820
310,14,0.444672
310,15,0.472531
311,1,0.496414
311,2,0.516973
311,3,0.532636
311,4,0.524154
311,5,0.525084
311,6,0.521802
311,7,0.529803
311,8,0.526491
311,9,0.530041
311,10,0.460885
311,11,0.470062
311,12,0.504827
311,13,0.461135
311,14,0.445087
311,15,0.450115
312,1,0.505149
312,2,0.524003
312,3,0.532687
312,4,0.463653
312,5,0.491815
312,6,0.497058
312,7,0.490709
312,8,0.519025
312,9,0.523049
312,10,0.529888
312,11,0.460790
312,12,0.489178
312,13,0.506386
312,14,0.457099
312,15,0.450117
313,1,0.458915
313,2,0.489358
313,3,0.459068
313,4,0.487693
313,5,0.504703
313,6,0.459377
313,7,0.455855
313,8,0.462134
313,9,0.452701
313,10,0.473154
313,11,0.458092
313,12,0.487091
313,13,0.459616
313,14,0.489411
313,15,0.507353
314,1,0.492675
314,2,0.529779
314,3,0.519188
314,4,0.456041
314,5,0.483968
314,6,0.502758
314,7,0.498524
314,8,0.462150
314,9,0.446792
314,10,0.454032
314,11,0.527552
314,12,0.514518
314,13,0.520522
314,14,0.447157
314,15,0.487321
315,1,0.460505
315,2,0.487693
315,3,0.495636
315,4,0.531155
315,5,0.529837
315,6,0.523019
315,7,0.462150
315,8,0.469535
315,9,0.467834
315,10,0.454666
315,11,0.455559
315,12,0.470814
315,13,0.445775
315,14,0.453436
315,15,0.524925
316,1,0.530203
316,2,0.461818
316,3,0.469030
316,4,0.460505
316,5,0.450470
316,6,0.452983
316,7,0.501130
316,8,0.526551
316,9,0.526347
316,10,0.531420
316,11,0.531155
316,12,0.531521
316,13,0.529879
316,14,0.522741
316,15,0.518909
317,1,0.461360
317,2,0.482357
317,3,0.454984
317,4,0.452808
317,5,0.454729
317,6,0.462702
317,7,0.506124
317,8,0.527346
317,9,0.522970
317,10,0.526546
317,11,0.452323
317,12,0.449658
317,13,0.460380
317,14,0.454671
317,15,0.451650
318,1,0.452784
318,2,0.456246
318,3,0.457811
318,4,0.485037
318,5,0.505358
318,6,0.503946
318,7,0.457637
318,8,0.450060
318,9,0.452212
318,10,0.501030
318,11,0.461632
318,12,0.445087
318,13,0.450115
318,14,0.505071
318,15,0.461026
319,1,0.456026
319,2,0.445695
319,3,0.455406
319,4,0.502235
319,5,0.491768
319,6,0.527024
319,7,0.526247
319,8,0.531159
319,9,0.531978
319,10,0.458879
319,11,0.450764
319,12,0.447985
319,13,0.492032
319,14,0.532330
319,15,0.454974
320,1,0.488078
320,2,0.459769
320,3,0.446651
320,4,0.449878
320,5,0.458092
320,6,0.449658
320,7,0.460211
320,8,0.485981
320,9,0.477115
320,10,0.455952
320,11,0.450764
320,12,0.443371
320,13,0.453821
320,14,0.461271
320,15,0.457777
321,1,0.447312
321,2,0.463170
321,3,0.466366
321,4,0.452051
321,5,0.485408
321,6,0.521891
321,7,0.522147
321,8,0.520463
321,9,0.457599
321,10,0.446390
321,11,0.458915
321,12,0.449385
321,13,0.461341
321,14,0.500596
321,15,0.491450
322,1,0.452944
322,2,0.449812
322,3,0.454576
322,4,0.458719
322,5,0.450762
322,6,0.461179
322,7,0.455846
322,8,0.449733
322,9,0.451741
322,10,0.508177
322,11,0.531010
322,12,0.461026
322,13,0.482931
322,14,0.501683
322,15,0.461786
323,1,0.483150
323,2,0.494925
323,3,0.457588
323,4,0.455613
323,5,0.461221
323,6,0.450397
323,7,0.506011
323,8,0.497177
323,9,0.461509
323,10,0.463078
323,11,0.456348
323,12,0.451974
323,13,0.454268
323,14,0.501982
323,15,0.499373
324,1,0.525084
324,2,0.525778
324,3,0.523872
324,4,0.541510
324,5,0.530161
324,6,0.461026
324,7,0.451721
324,8,0.449555
324,9,0.499733
324,10,0.457599
324,11,0.449400
324,12,0.457934
324,13,0.483768
324,14,0.456899
324,15,0.451676
325,1,0.460380
325,2,0.492629
325,3,0.509427
325,4,0.521458
325,5,0.521641
325,6,0.527022
325,7,0.529547
325,8,0.518909
325,9,0.527120
325,10,0.526025
325,11,0.530233
325,12,0.526369
325,13,0.527184
325,14,0.526247
325,15,0.455678
326,1,0.451142
326,2,0.462193
326,3,0.458183
326,4,0.450677
326,5,0.456133
326,6,0.492841
326,7,0.508393
326,8,0.527304
326,9,0.526491
326,10,0.531174
326,11,0.531891
326,12,0.531704
326,13,0.530203
326,14,0.526491
326,15,0.459019
327,1,0.482838
327,2,0.504563
327,3,0.522451
327,4,0.521641
327,5,0.531339
327,6,0.531235
327,7,0.458077
327,8,0.445495
327,9,0.462193
327,10,0.458875
327,11,0.451090
327,12,0.453937
327,13,0.498247
327,14,0.527346
327,15,0.526491
328,1,0.531746
328,2,0.529714
328,3,0.460512
328,4,0.449191
328,5,0.456195
328,6,0.459481
328,7,0.449669
328,8,0.503635
328,9,0.461786
328,10,0.466292
328,11,0.462334
328,12,0.449030
328,13,0.462616
328,14,0.452753
328,15,0.457583
329,1,0.484438
329,2,0.495432
329,3,0.527097
329,4,0.464463
329,5,0.475238
329,6,0.504430
329,7,0.456701
329,8,0.456795
329,9,0.452479
329,10,0.451967
329,11,0.494366
329,12,0.494149
329,13,0.459070
329,14,0.482719
329,15,0.501683
330,1,0.526491
330,2,0.457325
330,3,0.472058
330,4,0.504496
330,5,0.494657
330,6,0.521461
330,7,0.459724
330,8,0.451181
330,9,0.480006
330,10,0.455846
330,11,0.446799
330,12,0.450433
330,13,0.459095
330,14,0.449373
330,15,0.461179
331,1,0.501146
331,2,0.492186
331,3,0.462129
331,4,0.469144
331,5,0.467487
331,6,0.453500
331,7,0.445067
331,8,0.451857
331,9,0.453255
331,10,0.448713
331,11,0.496688
331,12,0.531155
331,13,0.527346
331,14,0.522741
331,15,0.532687
332,1,0.525789
332,2,0.526786
332,3,0.518701
332,4,0.519477
332,5,0.455963
332,6,0.454691
332,7,0.445707
332,8,0.450185
332,9,0.504811
332,10,0.461677
332,11,0.455580
332,12,0.453643
332,13,0.456936
332,14,0.452702
332,15,0.454534
333,1,0.504827
333,2,0.522741
333,3,0.457667
333,4,0.451907
333,5,0.450683
333,6,0.452852
333,7,0.452085
333,8,0.453061
333,9,0.469931
333,10,0.445734
333,11,0.473412
333,12,0.504559
333,13,0.523227
333,14,0.457667
333,15,0.454515
334,1,0.460618
334,2,0.444925
334,3,0.451224
334,4,0.506154
334,5,0.456754
334,6,0.450117
334,7,0.451910
334,8,0.447824
334,9,0.450926
334,10,0.503671
334,11,0.498401
334,12,0.526514
334,13,0.455990
334,14,0.453296
334,15,0.453424
335,1,0.445963
335,2,0.452952
335,3,0.454937
335,4,0.445799
335,5,0.456605
335,6,0.466111
335,7,0.482476
335,8,0.456672
335,9,0.487758
335,10,0.499901
335,11,0.495821
335,12,0.532560
335,13,0.531052
335,14,0.523925
335,15,0.526546
336,1,0.527352
336,2,0.524490
336,3,0.461206
336,4,0.450932
336,5,0.456092
336,6,0.492060
336,7,0.530209
336,8,0.526369
336,9,0.527985
336,10,0.455956
336,11,0.452076
336,12,0.454268
336,13,0.459622
336,14,0.483121
336,15,0.499901
337,1,0.495651
337,2,0.490996
337,3,0.457253
337,4,0.487091
337,5,0.501639
337,6,0.489966
337,7,0.490832
337,8,0.529947
337,9,0.526545
337,10,0.532746
337,11,0.529562
337,12,0.460790
337,13,0.488245
337,14,0.482756
337,15,0.458239
338,1,0.445450
338,2,0.450447
338,3,0.446641
338,4,0.453065
338,5,0.464540
338,6,0.461412
338,7,0.447313
338,8,0.454859
338,9,0.491930
338,10,0.501112
338,11,0.523278
338,12,0.532966
338,13,0.531965
338,14,0.457599
338,15,0.450476
339,1,0.447985
339,2,0.498901
339,3,0.496707
339,4,0.459019
339,5,0.450764
339,6,0.453770
339,7,0.460880
339,8,0.487693
339,9,0.495938
339,10,0.524249
339,11,0.525084
339,12,0.524585
339,13,0.527275
339,14,0.526491
339,15,0.458154
340,1,0.449449
340,2,0.445610
340,3,0.451996
340,4,0.529243
340,5,0.525328
340,6,0.529717
340,7,0.460021
340,8,0.445767
340,9,0.461117
340,10,0.500360
340,11,0.491512
340,12,0.451540
340,13,0.446087
340,14,0.448268
340,15,0.448535
341,1,0.505712
341,2,0.454974
341,3,0.487321
341,4,0.495636
341,5,0.498614
341,6,0.461283
341,7,0.446498
341,8,0.441714
341,9,0.446953
341,10,0.454106
341,11,0.450874
341,12,0.451053
341,13,0.457269
341,14,0.451033
341,15,0.451472
342,1,0.489069
342,2,0.501030
342,3,0.492108
342,4,0.493626
342,5,0.529619
342,6,0.523306
342,7,0.527007
342,8,0.531999
342,9,0.531339
342,10,0.456332
342,11,0.449766
342,12,0.453723
342,13,0.454870
342,14,0.495761
342,15,0.495821
343,1,0.531420
343,2,0.527022
343,3,0.529776
343,4,0.457667
343,5,0.446151
343,6,0.450732
343,7,0.463473
343,8,0.502562
343,9,0.499505
343,10,0.458154
343,11,0.486797
343,12,0.458122
343,13,0.450286
343,14,0.448538
343,15,0.447000
344,1,0.455990
344,2,0.488113
344,3,0.503872
344,4,0.497339
344,5,0.531869
344,6,0.524653
344,7,0.457637
344,8,0.482543
344,9,0.505333
344,10,0.521646
344,11,0.523019
344,12,0.518909
344,13,0.522190
344,14,0.529881
344,15,0.526369
345,1,0.531607
345,2,0.531155
345,3,0.531704
345,4,0.529879
345,5,0.526491
345,6,0.459536
345,7,0.450077
345,8,0.453206
345,9,0.447814
345,10,0.456004
345,11,0.474486
345,12,0.499927
345,13,0.452602
345,14,0.445250
345,15,0.455735
346,1,0.509226
346,2,0.462122
346,3,0.446073
346,4,0.452742
346,5,0.455529
346,6,0.448642
346,7,0.492178
346,8,0.531155
346,9,0.529390
346,10,0.455890
346,11,0.467956
346,12,0.506030
346,13,0.526980
346,14,0.521634
346,15,0.531607
347,1,0.531521
347,2,0.460526
347,3,0.451012
347,4,0.449878
347,5,0.500720
347,6,0.529185
347,7,0.465052
347,8,0.451767
347,9,0.470027
347,10,0.469437
347,11,0.445805
347,12,0.449528
347,13,0.446530
347,14,0.472202
347,15,0.503635
348,1,0.502198
348,2,0.457889
348,3,0.487321
348,4,0.502758
348,5,0.489966
348,6,0.459678
348,7,0.448519
348,8,0.456518
348,9,0.446943
348,10,0.449245
348,11,0.487349
348,12,0.525273
348,13,0.457325
348,14,0.487783
348,15,0.476869
349,1,0.458403
349,2,0.451012
349,3,0.451910
349,4,0.446564
349,5,0.457357
349,6,0.492932
349,7,0.529971
349,8,0.455397
349,9,0.451191
349,10,0.450304
349,11,0.452876
349,12,0.446601
349,13,0.441536
349,14,0.467623
349,15,0.500332
350,1,0.528679
350,2,0.520946
350,3,0.458154
350,4,0.449698
350,5,0.449878
350,6,0.507600
350,7,0.526980
350,8,0.522741
350,9,0.456985
350,10,0.489683
350,11,0.456348
350,12,0.448669
350,13,0.456865
350,14,0.458078
350,15,0.449733
351,1,0.451653
351,2,0.499634
351,3,0.458130
351,4,0.446660
351,5,0.456236
351,6,0.497206
351,7,0.507798
351,8,0.453720
351,9,0.447044
351,10,0.450339
351,11,0.474793
351,12,0.450574
351,13,0.445610
351,14,0.449528
351,15,0.447732
352,1,0.454662
352,2,0.463427
352,3,0.506871
352,4,0.525328
352,5,0.458466
352,6,0.445044
352,7,0.450849
352,8,0.493084
352,9,0.530685
352,10,0.521634
352,11,0.530041
352,12,0.522981
352,13,0.527043
352,14,0.520000
352,15,0.452334
353,1,0.445385
353,2,0.455489
353,3,0.456362
353,4,0.484128
353,5,0.499564
353,6,0.461620
353,7,0.474081
353,8,0.479948
353,9,0.496012
353,10,0.521167
353,11,0.521195
353,12,0.519559
353,13,0.456533
353,14,0.481722
353,15,0.506834
354,1,0.531155
354,2,0.531155
354,3,0.459724
354,4,0.451012
354,5,0.454268
354,6,0.459157
354,7,0.446791
354,8,0.467042
354,9,0.460265
354,10,0.451689
354,11,0.455770
354,12,0.457367
354,13,0.464666
354,14,0.503085
354,15,0.461135
355,1,0.489178
355,2,0.459803
355,3,0.451557
355,4,0.444098
355,5,0.454866
355,6,0.493435
355,7,0.514565
355,8,0.527346
355,9,0.522741
355,10,0.460696
355,11,0.483182
355,12,0.506834
355,13,0.531521
355,14,0.458401
355,15,0.449400
356,1,0.471065
356,2,0.529506
356,3,0.525381
356,4,0.529947
356,5,0.460021
356,6,0.448314
356,7,0.473345
356,8,0.458328
356,9,0.486797
356,10,0.503362
356,11,0.498069
356,12,0.499977
356,13,0.530209
356,14,0.460880
356,15,0.469599
357,1,0.495502
357,2,0.531155
357,3,0.527346
357,4,0.461283
357,5,0.451469
357,6,0.470027
357,7,0.445349
357,8,0.451879
357,9,0.504827
357,10,0.461677
357,11,0.451412
357,12,0.452100
357,13,0.445796
357,14,0.447151
357,15,0.458867
358,1,0.447971
358,2,0.457919
358,3,0.470532
358,4,0.454459
358,5,0.453798
358,6,0.453210
358,7,0.497426
358,8,0.531521
358,9,0.531704
358,10,0.527022
358,11,0.522970
358,12,0.522147
358,13,0.459019
358,14,0.451142
358,15,0.461599
359,1,0.485981
359,2,0.458156
359,3,0.453451
359,4,0.463186
359,5,0.463240
359,6,0.454853
359,7,0.456253
359,8,0.454797
359,9,0.445874
359,10,0.455167
359,11,0.501561
359,12,0.518310
359,13,0.531339
359,14,0.531704
359,15,0.460526
360,1,0.457190
360,2,0.462734
360,3,0.490650
360,4,0.503406
360,5,0.504668
360,6,0.524154
360,7,0.462107
360,8,0.474074
360,9,0.473590
360,10,0.458809
360,11,0.483056
360,12,0.459803
360,13,0.450470
360,14,0.441695
360,15,0.448982
361,1,0.456420
361,2,0.450411
361,3,0.454777
361,4,0.500596
361,5,0.454594
361,6,0.484285
361,7,0.500930
361,8,0.497340
361,9,0.522838
361,10,0.460933
361,11,0.452889
361,12,0.447795
361,13,0.480752
361,14,0.527830
361,15,0.522970
362,1,0.525837
362,2,0.459019
362,3,0.450574
362,4,0.444571
362,5,0.447752
362,6,0.446163
362,7,0.465486
362,8,0.460785
362,9,0.449203
362,10,0.491609
362,11,0.527022
362,12,0.457132
362,13,0.469030
362,14,0.459202
362,15,0.487693
363,1,0.456464
363,2,0.488808
363,3,0.506822
363,4,0.459724
363,5,0.449766
363,6,0.441536
363,7,0.471400
363,8,0.462862
363,9,0.465413
363,10,0.465413
363,11,0.453288
363,12,0.452596
363,13,0.492095
363,14,0.522539
363,15,0.525862
364,1,0.532746
364,2,0.529956
364,3,0.464185
364,4,0.476270
364,5,0.507339
364,6,0.499034
364,7,0.526298
364,8,0.529869
364,9,0.518622
364,10,0.459040
364,11,0.448877
364,12,0.448924
364,13,0.492648
364,14,0.494664
364,15,0.529701
365,1,0.461988
365,2,0.489178
365,3,0.495146
365,4,0.456754
365,5,0.453499
365,6,0.445610
365,7,0.459313
365,8,0.447110
365,9,0.467827
365,10,0.453780
365,11,0.461374
365,12,0.471207
365,13,0.502758
365,14,0.461135
365,15,0.462783
366,1,0.502151
366,2,0.498189
366,3,0.462833
366,4,0.456116
366,5,0.446763
366,6,0.495076
366,7,0.529837
366,8,0.521011
366,9,0.529469
366,10,0.522370
366,11,0.532313
366,12,0.526707
366,13,0.521732
366,14,0.521028
366,15,0.457223
367,1,0.481046
367,2,0.496598
367,3,0.458401
367,4,0.485828
367,5,0.454174
367,6,0.483722
367,7,0.507503
367,8,0.527304
367,9,0.522741
367,10,0.456985
367,11,0.483968
367,12,0.504789
367,13,0.464037
367,14,0.455580
367,15,0.462207
368,1,0.463258
368,2,0.484951
368,3,0.502151
368,4,0.493795
368,5,0.455893
368,6,0.481900
368,7,0.502758
368,8,0.503559
368,9,0.457637
368,10,0.486797
368,11,0.463885
368,12,0.453132
368,13,0.460295
368,14,0.468625
368,15,0.485893
369,1,0.530912
369,2,0.527304
369,3,0.460512
369,4,0.452951
369,5,0.465091
369,6,0.464348
369,7,0.464614
369,8,0.445734
369,9,0.461186
369,10,0.493524
369,11,0.492438
369,12,0.521798
369,13,0.522115
369,14,0.450249
369,15,0.444642
370,1,0.455872
370,2,0.503829
370,3,0.502914
370,4,0.496235
370,5,0.532779
370,6,0.529837
370,7,0.521732
370,8,0.457637
370,9,0.449698
370,10,0.451910
370,11,0.444133
370,12,0.449773
370,13,0.459803
370,14,0.487321
370,15,0.505333
371,1,0.532149
371,2,0.522817
371,3,0.531155
371,4,0.458401
371,5,0.487321
371,6,0.502758
371,7,0.489966
371,8,0.499616
371,9,0.525778
371,10,0.521224
371,11,0.456055
371,12,0.485329
371,13,0.523759
371,14,0.516337
371,15,0.450523
372,1,0.481250
372,2,0.506296
372,3,0.497291
372,4,0.525808
372,5,0.456893
372,6,0.450077
372,7,0.449878
372,8,0.509614
372,9,0.530161
372,10,0.524203
372,11,0.461137
372,12,0.454949
372,13,0.456092
372,14,0.491765
372,15,0.529869
373,1,0.519109
373,2,0.519499
373,3,0.455226
373,4,0.480810
373,5,0.458945
373,6,0.451031
373,7,0.453206
373,8,0.467866
373,9,0.456061
373,10,0.446214
373,11,0.441536
373,12,0.448978
373,13,0.495432
373,14,0.459724
373,15,0.445815
374,1,0.445934
374,2,0.445963
374,3,0.456975
374,4,0.474142
374,5,0.502012
374,6,0.532560
374,7,0.458401
374,8,0.485828
374,9,0.498716
374,10,0.503559
374,11,0.521028
374,12,0.529837
374,13,0.456361
374,14,0.481185
374,15,0.496707
375,1,0.457422
375,2,0.448357
375,3,0.465541
375,4,0.463075
375,5,0.468430
375,6,0.450713
375,7,0.455147
375,8,0.451624
375,9,0.450578
375,10,0.445443
375,11,0.449638
375,12,0.495373
375,13,0.514840
375,14,0.461099
375,15,0.490159
376,1,0.490670
376,2,0.527022
376,3,0.522741
376,4,0.525837
376,5,0.519819
376,6,0.530161
376,7,0.461026
376,8,0.457552
376,9,0.448783
376,10,0.495834
376,11,0.490782
376,12,0.520524
376,13,0.454172
376,14,0.444779
376,15,0.454859
377,1,0.489814
377,2,0.496427
377,3,0.527948
377,4,0.456728
377,5,0.461040
377,6,0.505144
377,7,0.529837
377,8,0.518766
377,9,0.518200
377,10,0.520082
377,11,0.522504
377,12,0.452323
377,13,0.446791
377,14,0.444571
377,15,0.450390
378,1,0.493933
378,2,0.523355
378,3,0.525837
378,4,0.517497
378,5,0.458713
378,6,0.449766
378,7,0.447985
378,8,0.490062
378,9,0.458401
378,10,0.450295
378,11,0.455025
378,12,0.458016
378,13,0.487012
378,14,0.507372
378,15,0.456754
379,1,0.449349
379,2,0.447101
379,3,0.460265
379,4,0.454039
379,5,0.468212
379,6,0.446023
379,7,0.448507
379,8,0.446106
379,9,0.466316
379,10,0.454181
379,11,0.453589
379,12,0.506985
379,13,0.531155
379,14,0.457223
379,15,0.449349
380,1,0.453723
380,2,0.450511
380,3,0.457692
380,4,0.451307
380,5,0.456876
380,6,0.502265
380,7,0.498674
380,8,0.457843
380,9,0.450574
380,10,0.444571
380,11,0.473229
380,12,0.498293
380,13,0.502491
380,14,0.522741
380,15,0.456985
381,1,0.445680
381,2,0.451316
381,3,0.445813
381,4,0.450909
381,5,0.449186
381,6,0.457070
381,7,0.450585
381,8,0.496414
381,9,0.495093
381,10,0.461206
381,11,0.451470
381,12,0.463368
381,13,0.494211
381,14,0.522277
381,15,0.517240
382,1,0.457087
382,2,0.487091
382,3,0.495652
382,4,0.456450
382,5,0.483458
382,6,0.502151
382,7,0.501532
382,8,0.455763
382,9,0.455653
382,10,0.444571
382,11,0.452952
382,12,0.466339
382,13,0.529900
382,14,0.522817
382,15,0.530203
383,1,0.463072
383,2,0.489397
383,3,0.506253
383,4,0.522007
383,5,0.530161
383,6,0.525906
383,7,0.453268
383,8,0.450117
383,9,0.460211
383,10,0.473250
383,11,0.466473
383,12,0.456742
383,13,0.448506
383,14,0.506182
383,15,0.502625
384,1,0.523019
384,2,0.527162
384,3,0.522989
384,4,0.530132
384,5,0.461026
384,6,0.446498
384,7,0.465091
384,8,0.444850
384,9,0.452897
384,10,0.501334
384,11,0.497546
384,12,0.519019
384,13,0.455956
384,14,0.452172
384,15,0.453075
385,1,0.496923
385,2,0.489751
385,3,0.499146
385,4,0.529947
385,5,0.455544
385,6,0.446408
385,7,0.450224
385,8,0.508625
385,9,0.457599
385,10,0.481046
385,11,0.455062
385,12,0.483641
385,13,0.502758
385,14,0.495821
385,15,0.521028
386,1,0.531787
386,2,0.526980
386,3,0.456361
386,4,0.488245
386,5,0.504844
386,6,0.459724
386,7,0.451012
386,8,0.450774
386,9,0.458328
386,10,0.454359
386,11,0.455025
386,12,0.505149
386,13,0.522819
386,14,0.462150
386,15,0.449518
387,1,0.471695
387,2,0.491561
387,3,0.526980
387,4,0.521049
387,5,0.532298
387,6,0.458401
387,7,0.450347
387,8,0.443404
387,9,0.455542
387,10,0.455954
387,11,0.451651
387,12,0.503053
387,13,0.518176
387,14,0.521910
387,15,0.456653
388,1,0.449766
388,2,0.441536
388,3,0.471400
388,4,0.467246
388,5,0.448881
388,6,0.463625
388,7,0.453953
388,8,0.449045
388,9,0.459343
388,10,0.447313
388,11,0.455872
388,12,0.463082
388,13,0.453993
388,14,0.445695
388,15,0.450056
389,1,0.498229
389,2,0.456754
389,3,0.453876
389,4,0.453206
389,5,0.484412
389,6,0.495027
389,7,0.489965
389,8,0.465872
389,9,0.452332
389,10,0.448317
389,11,0.456267
389,12,0.485066
389,13,0.496039
389,14,0.503307
389,15,0.457785
390,1,0.444263
390,2,0.465091
390,3,0.468164
390,4,0.446048
390,5,0.452620
390,6,0.523021
390,7,0.515229
390,8,0.525837
390,9,0.456389
390,10,0.446087
390,11,0.455371
390,12,0.444298
390,13,0.455919
390,14,0.466952
390,15,0.499537
391,1,0.461228
391,2,0.450764
391,3,0.451526
391,4,0.449528
391,5,0.456878
391,6,0.462652
391,7,0.449429
391,8,0.459319
391,9,0.451031
391,10,0.454268
391,11,0.454423
391,12,0.449163
391,13,0.453723
391,14,0.466133
391,15,0.449559
392,1,0.479671
392,2,0.491710
392,3,0.499015
392,4,0.529329
392,5,0.531521
392,6,0.456754
392,7,0.485963
392,8,0.504496
392,9,0.463357
392,10,0.467153
392,11,0.465091
392,12,0.444763
392,13,0.455546
392,14,0.490386
392,15,0.500275
393,1,0.527012
393,2,0.518622
393,3,0.522856
393,4,0.522302
393,5,0.527022
393,6,0.518716
393,7,0.462150
393,8,0.483975
393,9,0.454793
393,10,0.449973
393,11,0.443371
393,12,0.452677
393,13,0.456194
393,14,0.457448
393,15,0.444924
394,1,0.476427
394,2,0.497194
394,3,0.531155
394,4,0.531155
394,5,0.531521
394,6,0.522007
394,7,0.526980
394,8,0.530731
394,9,0.526546
394,10,0.456662
394,11,0.450060
394,12,0.450608
394,13,0.447752
394,14,0.448790
394,15,0.448635
395,1,0.458255
395,2,0.469536
395,3,0.452116
395,4,0.452952
395,5,0.502054
395,6,0.496010
395,7,0.455914
395,8,0.453293
395,9,0.444229
395,10,0.448344
395,11,0.447732
395,12,0.448638
395,13,0.451752
395,14,0.448068
395,15,0.447110
396,1,0.448186
396,2,0.495955
396,3,0.493012
396,4,0.456507
396,5,0.451012
396,6,0.471065
396,7,0.497863
396,8,0.456708
396,9,0.452790
396,10,0.448537
396,11,0.505358
396,12,0.499373
396,13,0.525837
396,14,0.529947
396,15,0.522370
397,1,0.530209
397,2,0.523306
397,3,0.457930
397,4,0.449367
397,5,0.459136
397,6,0.452133
397,7,0.481681
397,8,0.462464
397,9,0.484954
397,10,0.462632
397,11,0.487474
397,12,0.507066
397,13,0.505482
397,14,0.522790
397,15,0.525266
398,1,0.529643
398,2,0.454760
398,3,0.446297
398,4,0.477452
398,5,0.457939
398,6,0.453836
398,7,0.450635
398,8,0.457975
398,9,0.447017
398,10,0.451910
398,11,0.454648
398,12,0.450570
398,13,0.456493
398,14,0.493601
398,15,0.504886
399,1,0.456402
399,2,0.446498
399,3,0.441714
399,4,0.453459
399,5,0.455629
399,6,0.462157
399,7,0.445797
399,8,0.451591
399,9,0.452687
399,10,0.456139
399,11,0.457070
399,12,0.451031
399,13,0.462172
399,14,0.461890
399,15,0.444316
400,1,0.450180
400,2,0.485037
400,3,0.505333
400,4,0.531155
400,5,0.455952
400,6,0.466339
400,7,0.456709
400,8,0.446681
400,9,0.453972
400,10,0.504748
400,11,0.461141
400,12,0.446921
400,13,0.451941
400,14,0.448266
400,15,0.458654
401,1,0.447229
401,2,0.474920
401,3,0.503446
401,4,0.497700
401,5,0.525720
401,6,0.530166
401,7,0.460880
401,8,0.488713
401,9,0.457171
401,10,0.450400
401,11,0.447985
401,12,0.459242
401,13,0.483268
401,14,0.496015
401,15,0.521646
402,1,0.522970
402,2,0.526108
402,3,0.529619
402,4,0.520168
402,5,0.521028
402,6,0.521958
402,7,0.530161
402,8,0.460255
402,9,0.481998
402,10,0.505200
402,11,0.527828
402,12,0.521634
402,13,0.526844
402,14,0.456402
402,15,0.470062
403,1,0.461550
403,2,0.447313
403,3,0.449093
403,4,0.455482
403,5,0.458029
403,6,0.492654
403,7,0.490693
403,8,0.520682
403,9,0.453026
403,10,0.446779
403,11,0.466352
403,12,0.464329
403,13,0.447097
403,14,0.454707
403,15,0.447280
404,1,0.458523
404,2,0.524369
404,3,0.456826
404,4,0.442640
404,5,0.452441
404,6,0.460813
404,7,0.449357
404,8,0.462090
404,9,0.492641
404,10,0.531130
404,11,0.526423
404,12,0.526612
404,13,0.518435
404,14,0.459163
404,15,0.452002
405,1,0.461820
405,2,0.484980
405,3,0.498659
405,4,0.459499
405,5,0.448357
405,6,0.447372
405,7,0.506218
405,8,0.461632
405,9,0.451673
405,10,0.455031
405,11,0.446557
405,12,0.450554
405,13,0.498711
405,14,0.515445
405,15,0.460245
406,1,0.485571
406,2,0.460981
406,3,0.452599
406,4,0.449518
406,5,0.491609
406,6,0.458348
406,7,0.488001
406,8,0.459803
406,9,0.451689
406,10,0.449733
406,11,0.501657
406,12,0.525328
406,13,0.529638
406,14,0.518701
406,15,0.522888
407,1,0.457463
407,2,0.488973
407,3,0.507066
407,4,0.459724
407,5,0.487321
407,6,0.458122
407,7,0.452095
407,8,0.460211
407,9,0.453238
407,10,0.452871
407,11,0.450743
407,12,0.456814
407,13,0.493991
407,14,0.498038
407,15,0.458343
408,1,0.483205
408,2,0.508119
408,3,0.521641
408,4,0.459724
408,5,0.444817
408,6,0.445934
408,7,0.446201
408,8,0.457166
408,9,0.447145
408,10,0.462594
408,11,0.459471
408,12,0.450403
408,13,0.454534
408,14,0.505123
408,15,0.457455
409,1,0.450295
409,2,0.454859
409,3,0.494189
409,4,0.456757
409,5,0.486797
409,6,0.459068
409,7,0.450775
409,8,0.458915
409,9,0.467866
409,10,0.505200
409,11,0.457809
409,12,0.450117
409,13,0.454859
409,14,0.475313
409,15,0.513723
410,1,0.495525
410,2,0.497445
410,3,0.456816
410,4,0.458374
410,5,0.452212
410,6,0.500157
410,7,0.530203
410,8,0.524154
410,9,0.532687
410,10,0.520298
410,11,0.523872
410,12,0.529881
410,13,0.461026
410,14,0.469249
410,15,0.506253
411,1,0.531704
411,2,0.458401
411,3,0.452537
411,4,0.462193
411,5,0.455688
411,6,0.454066
411,7,0.449834
411,8,0.458319
411,9,0.482313
411,10,0.457234
411,11,0.450470
411,12,0.444098
411,13,0.448767
411,14,0.448588
411,15,0.447013
412,1,0.479542
412,2,0.479413
412,3,0.527352
412,4,0.460880
412,5,0.482931
412,6,0.458494
412,7,0.487693
412,8,0.462327
412,9,0.447313
412,10,0.454859
412,11,0.453886
412,12,0.480070
412,13,0.519819
412,14,0.521458
412,15,0.521641
413,1,0.529879
413,2,0.457132
413,3,0.454705
413,4,0.463896
413,5,0.448715
413,6,0.448507
413,7,0.448790
413,8,0.451182
413,9,0.493870
413,10,0.499220
413,11,0.531339
413,12,0.529879
413,13,0.456875
413,14,0.482931
413,15,0.505756
414,1,0.459724
414,2,0.450117
414,3,0.462193
414,4,0.455846
414,5,0.484118
414,6,0.454701
414,7,0.455179
414,8,0.444743
414,9,0.475190
414,10,0.454853
414,11,0.460867
414,12,0.470027
414,13,0.450498
414,14,0.458867
414,15,0.450117
415,1,0.450635
415,2,0.500151
415,3,0.463357
415,4,0.451727
415,5,0.457966
415,6,0.465032
415,7,0.458708
415,8,0.488001
415,9,0.503662
415,10,0.497220
415,11,0.521231
415,12,0.531999
415,13,0.456754
415,14,0.454428
415,15,0.454314
416,1,0.453678
416,2,0.503635
416,3,0.489966
416,4,0.533337
416,5,0.519724
416,6,0.521200
416,7,0.529947
416,8,0.460880
416,9,0.456231
416,10,0.465541
416,11,0.445259
416,12,0.451872
416,13,0.448739
416,14,0.457328
416,15,0.497869
417,1,0.504375
417,2,0.529376
417,3,0.459272
417,4,0.463251
417,5,0.506037
417,6,0.503505
417,7,0.530790
417,8,0.458077
417,9,0.451012
417,10,0.452256
417,11,0.458333
417,12,0.452262
417,13,0.454268
417,14,0.458016
417,15,0.451031
418,1,0.462279
418,2,0.461890
418,3,0.452553
418,4,0.449107
418,5,0.519981
418,6,0.521811
418,7,0.532137
418,8,0.536230
418,9,0.524581
418,10,0.455567
418,11,0.450250
418,12,0.443371
418,13,0.455025
418,14,0.475627
418,15,0.492095
419,1,0.455959
419,2,0.464873
419,3,0.506030
419,4,0.529837
419,5,0.456104
419,6,0.465759
419,7,0.465541
419,8,0.445259
419,9,0.457496
419,10,0.501738
419,11,0.525536
419,12,0.454729
419,13,0.448299
419,14,0.445517
419,15,0.453459
420,1,0.446879
420,2,0.474865
420,3,0.496392
420,4,0.523547
420,5,0.458283
420,6,0.451117
420,7,0.453206
420,8,0.447177
420,9,0.446143
420,10,0.452218
420,11,0.483017
420,12,0.456116
420,13,0.450343
420,14,0.447985
420,15,0.494837
421,1,0.531098
421,2,0.459724
421,3,0.450764
421,4,0.444571
421,5,0.452387
421,6,0.457091
421,7,0.482227
421,8,0.500108
421,9,0.461670
421,10,0.451721
421,11,0.462207
421,12,0.474205
421,13,0.455230
421,14,0.483583
421,15,0.502586
422,1,0.500226
422,2,0.457325
422,3,0.450077
422,4,0.460211
422,5,0.470532
422,6,0.458976
422,7,0.450176
422,8,0.454859
422,9,0.454337
422,10,0.451650
422,11,0.450413
422,12,0.527175
422,13,0.461026
422,14,0.447553
422,15,0.449972
423,1,0.457213
423,2,0.451985
423,3,0.453897
423,4,0.506215
423,5,0.498178
423,6,0.499611
423,7,0.519477
423,8,0.460840
423,9,0.473862
423,10,0.506701
423,11,0.529879
423,12,0.522970
423,13,0.460696
423,14,0.444435
423,15,0.447257
424,1,0.505568
424,2,0.527097
424,3,0.525239
424,4,0.530209
424,5,0.526369
424,6,0.530725
424,7,0.458405
424,8,0.451359
424,9,0.461179
424,10,0.500573
424,11,0.500039
424,12,0.529201
424,13,0.523876
424,14,0.530132
424,15,0.460168
425,1,0.451193
425,2,0.451066
425,3,0.445989
425,4,0.468861
425,5,0.468055
425,6,0.468430
425,7,0.452903
425,8,0.452118
425,9,0.456843
425,10,0.448186
425,11,0.500629
425,12,0.458510
425,13,0.451012
425,14,0.452256
425,15,0.458186
426,1,0.449416
426,2,0.471065
426,3,0.453544
426,4,0.472585
426,5,0.476619
426,6,0.508734
426,7,0.531155
426,8,0.529837
426,9,0.461283
426,10,0.482931
426,11,0.498332
426,12,0.517644
426,13,0.524189
426,14,0.460021
426,15,0.451191
427,1,0.457966
427,2,0.484689
427,3,0.505341
427,4,0.502395
427,5,0.529732
427,6,0.526369
427,7,0.534033
427,8,0.458426
427,9,0.462783
427,10,0.505200
427,11,0.458401
427,12,0.449400
427,13,0.449878
427,14,0.459233
427,15,0.483210
428,1,0.460562
428,2,0.487321
428,3,0.460505
428,4,0.467657
428,5,0.458405
428,6,0.489411
428,7,0.497368
428,8,0.524973
428,9,0.526491
428,10,0.529947
428,11,0.524412
428,12,0.462150
428,13,0.483399
428,14,0.506037
428,15,0.497340
429,1,0.526162
429,2,0.526452
429,3,0.519109
429,4,0.527162
429,5,0.518346
429,6,0.530209
429,7,0.526545
429,8,0.522048
429,9,0.521641
429,10,0.460526
429,11,0.451012
429,12,0.453206
429,13,0.490680
429,14,0.461224
429,15,0.487239
430,1,0.498696
430,2,0.531521
430,3,0.531155
430,4,0.531155
430,5,0.526857
430,6,0.525223
430,7,0.531159
430,8,0.531339
430,9,0.521458
430,10,0.457599
430,11,0.450764
430,12,0.451526
430,13,0.472398
430,14,0.459456
430,15,0.486797
431,1,0.508921
431,2,0.459724
431,3,0.445495
431,4,0.451910
431,5,0.489358
431,6,0.504540
431,7,0.497155
431,8,0.460826
431,9,0.483968
431,10,0.501625
431,11,0.461786
431,12,0.446297
431,13,0.473837
431,14,0.464609
431,15,0.452117
432,1,0.462680
432,2,0.463738
432,3,0.454022
432,4,0.459242
432,5,0.446960
432,6,0.445610
432,7,0.451967
432,8,0.522060
432,9,0.455952
432,10,0.485828
432,11,0.529948
432,12,0.456754
432,13,0.449349
432,14,0.440388
432,15,0.445377
433,1,0.475135
433,2,0.493564
433,3,0.492008
433,4,0.500270
433,5,0.527048
433,6,0.526369
433,7,0.532746
433,8,0.527022
433,9,0.522970
433,10,0.522147
433,11,0.521829
433,12,0.454297
433,13,0.452444
433,14,0.451203
433,15,0.463358
434,1,0.497128
434,2,0.497812
434,3,0.532746
434,4,0.458401
434,5,0.487321
434,6,0.461450
434,7,0.488571
434,8,0.460981
434,9,0.483350
434,10,0.485514
434,11,0.531155
434,12,0.530161
434,13,0.522970
434,14,0.518746
434,15,0.519226
435,1,0.521136
435,2,0.520733
435,3,0.521889
435,4,0.522601
435,5,0.530203
435,6,0.526545
435,7,0.458154
435,8,0.453072
435,9,0.452212
435,10,0.503887
435,11,0.458085
435,12,0.447774
435,13,0.458880
435,14,0.462954
435,15,0.451618
436,1,0.449186
436,2,0.447732
436,3,0.450149
436,4,0.456258
436,5,0.450117
436,6,0.449878
436,7,0.458333
436,8,0.467056
436,9,0.493915
436,10,0.457588
436,11,0.482912
436,12,0.459803
436,13,0.487693
436,14,0.506476
436,15,0.528881
437,1,0.522790
437,2,0.522856
437,3,0.459956
437,4,0.486797
437,5,0.463216
437,6,0.480788
437,7,0.502965
437,8,0.499266
437,9,0.532313
437,10,0.531704
437,11,0.522007
437,12,0.526980
437,13,0.518487
437,14,0.522969
437,15,0.458487
438,1,0.454691
438,2,0.471595
438,3,0.460041
438,4,0.449503
438,5,0.452776
438,6,0.496234
438,7,0.458401
438,8,0.485963
438,9,0.507066
438,10,0.526024
438,11,0.525808
438,12,0.523191
438,13,0.526883
438,14,0.457436
438,15,0.489676
439,1,0.505307
439,2,0.498268
439,3,0.501699
439,4,0.468005
439,5,0.472384
439,6,0.482529
439,7,0.488835
439,8,0.499551
439,9,0.525359
439,10,0.526786
439,11,0.524929
439,12,0.526907
439,13,0.459246
439,14,0.450295
439,15,0.457934
440,1,0.453055
440,2,0.471672
440,3,0.495796
440,4,0.490586
440,5,0.520405
440,6,0.460526
440,7,0.451181
440,8,0.462193
440,9,0.475313
440,10,0.507366
440,11,0.490996
440,12,0.457637
440,13,0.450574
440,14,0.444571
440,15,0.451530
441,1,0.447657
441,2,0.450470
441,3,0.492095
441,4,0.531155
441,5,0.460526
441,6,0.449766
441,7,0.445610
441,8,0.455368
441,9,0.499287
441,10,0.459114
441,11,0.487091
441,12,0.503970
441,13,0.461643
441,14,0.469103
441,15,0.459215
442,1,0.451031
442,2,0.473686
442,3,0.499154
442,4,0.521853
442,5,0.457099
442,6,0.450117
442,7,0.454859
442,8,0.458078
442,9,0.462478
442,10,0.505200
442,11,0.523742
442,12,0.521641
442,13,0.455952
442,14,0.449400
442,15,0.454859
443,1,0.456724
443,2,0.445846
443,3,0.450057
443,4,0.442387
443,5,0.447290
443,6,0.496864
443,7,0.460526
443,8,0.450117
443,9,0.449878
443,10,0.507944
443,11,0.525522
443,12,0.521151
443,13,0.523616
443,14,0.525362
443,15,0.527332
444,1,0.460894
444,2,0.513667
444,3,0.508470
444,4,0.462212
444,5,0.489250
444,6,0.504540
444,7,0.497155
444,8,0.495371
444,9,0.527309
444,10,0.455634
444,11,0.456885
444,12,0.466353
444,13,0.446584
444,14,0.455615
444,15,0.501977
445,1,0.510166
445,2,0.502276
445,3,0.523329
445,4,0.530281
445,5,0.522970
445,6,0.460014
445,7,0.484452
445,8,0.461637
445,9,0.452500
445,10,0.467747
445,11,0.445856
445,12,0.450600
445,13,0.459622
445,14,0.451557
445,15,0.444098
446,1,0.456279
446,2,0.474726
446,3,0.499905
446,4,0.454071
446,5,0.487026
446,6,0.505333
446,7,0.521641
446,8,0.530203
446,9,0.463928
446,10,0.454705
446,11,0.453479
446,12,0.451946
446,13,0.497216
446,14,0.519531
446,15,0.456378
447,1,0.486720
447,2,0.457268
447,3,0.488176
447,4,0.503010
447,5,0.489966
447,6,0.458201
447,7,0.455818
447,8,0.448835
447,9,0.492203
447,10,0.453509
447,11,0.447840
447,12,0.449588
447,13,0.491433
447,14,0.526773
447,15,0.522120
448,1,0.465090
448,2,0.444562
448,3,0.452119
448,4,0.456908
448,5,0.500327
448,6,0.493112
448,7,0.455879
448,8,0.449708
448,9,0.441237
448,10,0.469568
448,11,0.466268
448,12,0.446878
448,13,0.450917
448,14,0.490094
448,15,0.457603
449,1,0.444400
449,2,0.465088
449,3,0.485893
449,4,0.461228
449,5,0.487186
449,6,0.496598
449,7,0.524973
449,8,0.526491
449,9,0.531174
449,10,0.526980
449,11,0.523019
449,12,0.460764
449,13,0.468483
449,14,0.459680
449,15,0.447971
450,1,0.454859
450,2,0.456570
450,3,0.452790
450,4,0.454022
450,5,0.460640
450,6,0.450470
450,7,0.451918
450,8,0.448551
450,9,0.448790
450,10,0.451182
450,11,0.488806
450,12,0.527304
450,13,0.522970
450,14,0.519559
450,15,0.519965
451,1,0.521662
451,2,0.458092
451,3,0.486797
451,4,0.504496
451,5,0.495821
451,6,0.526740
451,7,0.461026
451,8,0.490210
451,9,0.489868
451,10,0.521646
451,11,0.456965
451,12,0.461157
451,13,0.469003
451,14,0.450498
451,15,0.496716
452,1,0.493296
452,2,0.446934
452,3,0.471539
452,4,0.501639
452,5,0.495531
452,6,0.464852
452,7,0.446401
452,8,0.451613
452,9,0.463473
452,10,0.489088
452,11,0.531052
452,12,0.526491
452,13,0.521910
452,14,0.458077
452,15,0.454770
453,1,0.502576
453,2,0.507944
453,3,0.458879
453,4,0.450117
453,5,0.454859
453,6,0.453886
453,7,0.449639
453,8,0.450109
453,9,0.448267
453,10,0.472892
453,11,0.456369
453,12,0.449163
453,13,0.444571
453,14,0.455635
453,15,0.455315
454,1,0.446806
454,2,0.451393
454,3,0.483484
454,4,0.501933
454,5,0.531521
454,6,0.455952
454,7,0.453876
454,8,0.454859
454,9,0.453882
454,10,0.460164
454,11,0.449718
454,12,0.501130
454,13,0.458879
454,14,0.450764
454,15,0.453723
455,1,0.469568
455,2,0.446044
455,3,0.471835
455,4,0.504897
455,5,0.521774
455,6,0.526980
455,7,0.521049
455,8,0.526908
455,9,0.522741
455,10,0.524434
455,11,0.525778
455,12,0.523876
455,13,0.457843
455,14,0.450077
455,15,0.454268
456,1,0.529900
456,2,0.526247
456,3,0.529947
456,4,0.526491
456,5,0.529879
456,6,0.526491
456,7,0.522601
456,8,0.457498
456,9,0.486891
456,10,0.504496
456,11,0.502341
456,12,0.528642
456,13,0.526491
456,14,0.457637
456,15,0.482313
457,1,0.460505
457,2,0.453961
457,3,0.457471
457,4,0.490550
457,5,0.519071
457,6,0.526707
457,7,0.525862
457,8,0.527275
457,9,0.525063
457,10,0.530041
457,11,0.522741
457,12,0.526546
457,13,0.455606
457,14,0.444331
457,15,0.451606
458,1,0.532111
458,2,0.531521
458,3,0.529879
458,4,0.461283
458,5,0.457552
458,6,0.448626
458,7,0.500909
458,8,0.461786
458,9,0.489250
458,10,0.500501
458,11,0.529879
458,12,0.525906
458,13,0.456941
458,14,0.487321
458,15,0.458156
459,1,0.450470
459,2,0.433924
459,3,0.490284
459,4,0.496177
459,5,0.458401
459,6,0.450764
459,7,0.441536
459,8,0.449439
459,9,0.459200
459,10,0.450934
459,11,0.444098
459,12,0.472680
459,13,0.498555
459,14,0.459019
459,15,0.446791
460,1,0.444571
460,2,0.450390
460,3,0.453536
460,4,0.447378
460,5,0.448681
460,6,0.457595
460,7,0.447983
460,8,0.447916
460,9,0.465049
460,10,0.504867
460,11,0.490894
460,12,0.499046
460,13,0.527514
460,14,0.520192
460,15,0.521853
461,1,0.458077
461,2,0.487942
461,3,0.500805
461,4,0.489966
461,5,0.490832
461,6,0.526976
461,7,0.526247
461,8,0.532746
461,9,0.527022
461,10,0.457132
461,11,0.447315
461,12,0.452991
461,13,0.446874
461,14,0.464899
461,15,0.466779
462,1,0.495761
462,2,0.505330
462,3,0.501567
462,4,0.457843
462,5,0.450574
462,6,0.452566
462,7,0.449528
462,8,0.456878
462,9,0.448131
462,10,0.489565
462,11,0.458077
462,12,0.445815
462,13,0.453723
462,14,0.471400
462,15,0.447097
463,1,0.457866
463,2,0.448576
463,3,0.446250
463,4,0.459727
463,5,0.498927
463,6,0.458401
463,7,0.454770
463,8,0.449878
463,9,0.507188
463,10,0.527304
463,11,0.525223
463,12,0.526922
463,13,0.455397
463,14,0.461891
463,15,0.460446
464,1,0.450805
464,2,0.433924
464,3,0.453052
464,4,0.503887
464,5,0.495651
464,6,0.506209
464,7,0.525137
464,8,0.528830
464,9,0.530685
464,10,0.460255
464,11,0.489178
464,12,0.453590
464,13,0.483184
464,14,0.460505
464,15,0.453392
465,1,0.451918
465,2,0.447660
465,3,0.445747
465,4,0.452352
465,5,0.456813
465,6,0.469221
465,7,0.451373
465,8,0.461341
465,9,0.488014
465,10,0.500151
465,11,0.457588
465,12,0.447035
465,13,0.446988
465,14,0.450458
465,15,0.458921
466,1,0.488001
466,2,0.454327
466,3,0.447313
466,4,0.453764
466,5,0.453620
466,6,0.444221
466,7,0.447707
466,8,0.495432
466,9,0.503904
466,10,0.518716
466,11,0.527162
466,12,0.520738
466,13,0.520601
466,14,0.522048
466,15,0.529837
467,1,0.456361
467,2,0.455580
467,3,0.455168
467,4,0.493933
467,5,0.460635
467,6,0.445087
467,7,0.471303
467,8,0.457325
467,9,0.449698
467,10,0.449050
467,11,0.523049
467,12,0.529888
467,13,0.461026
467,14,0.483963
467,15,0.505333
468,1,0.459150
468,2,0.470520
468,3,0.506039
468,4,0.524973
468,5,0.461026
468,6,0.482931
468,7,0.497034
468,8,0.495821
468,9,0.457637
468,10,0.451020
468,11,0.453858
468,12,0.470532
468,13,0.460278
468,14,0.446593
468,15,0.449595
469,1,0.505509
469,2,0.530203
469,3,0.461026
469,4,0.452977
469,5,0.453538
469,6,0.453305
469,7,0.450811
469,8,0.458707
469,9,0.450117
469,10,0.449878
469,11,0.509181
469,12,0.531891
469,13,0.531155
469,14,0.527346
469,15,0.522970
470,1,0.524434
470,2,0.523872
470,3,0.527352
470,4,0.522819
470,5,0.523314
470,6,0.522302
470,7,0.458077
470,8,0.453587
470,9,0.452566
470,10,0.462708
470,11,0.501154
470,12,0.500599
470,13,0.501202
470,14,0.531350
470,15,0.530964
471,1,0.454195
471,2,0.445817
471,3,0.450413
471,4,0.498695
471,5,0.529564
471,6,0.456104
471,7,0.446297
471,8,0.459996
471,9,0.452393
471,10,0.452585
471,11,0.507375
471,12,0.521641
471,13,0.529837
471,14,0.460790
471,15,0.490210
472,1,0.502151
472,2,0.518808
472,3,0.529701
472,4,0.518785
472,5,0.523698
472,6,0.522302
472,7,0.522581
472,8,0.518622
472,9,0.462150
472,10,0.454499
472,11,0.446812
472,12,0.489441
472,13,0.495714
472,14,0.492781
472,15,0.518288
473,1,0.531155
473,2,0.455576
473,3,0.450295
473,4,0.454859
473,5,0.489814
473,6,0.451789
473,7,0.447394
473,8,0.453882
473,9,0.446023
473,10,0.449129
473,11,0.466410
473,12,0.506765
473,13,0.458879
473,14,0.449766
473,15,0.455559
474,1,0.461956
474,2,0.449418
474,3,0.504133
474,4,0.492061
474,5,0.457560
474,6,0.443321
474,7,0.453463
474,8,0.455302
474,9,0.469583
474,10,0.502151
474,11,0.460931
474,12,0.482269
474,13,0.496945
474,14,0.490816
474,15,0.456985
475,1,0.443087
475,2,0.445600
475,3,0.475754
475,4,0.497701
475,5,0.523436
475,6,0.532746
475,7,0.455952
475,8,0.449432
475,9,0.455959
475,10,0.491115
475,11,0.454037
475,12,0.449497
475,13,0.450339
475,14,0.499976
475,15,0.455956
476,1,0.481181
476,2,0.500805
476,3,0.458239
476,4,0.466430
476,5,0.496199
476,6,0.520767
476,7,0.531339
476,8,0.527346
476,9,0.524033
476,10,0.524026
476,11,0.526786
476,12,0.525915
476,13,0.458874
476,14,0.489683
476,15,0.502151
477,1,0.458239
477,2,0.446921
477,3,0.444813
477,4,0.449949
477,5,0.505121
477,6,0.523306
477,7,0.521264
477,8,0.531865
477,9,0.452529
477,10,0.445398
477,11,0.447985
477,12,0.506218
477,13,0.525328
477,14,0.529647
477,15,0.529855
478,1,0.522147
478,2,0.527238
478,3,0.524940
478,4,0.529779
478,5,0.461415
478,6,0.468703
478,7,0.459903
478,8,0.446681
478,9,0.455578
478,10,0.470164
478,11,0.469568
478,12,0.449884
478,13,0.505509
478,14,0.458403
478,15,0.451472
479,1,0.450635
479,2,0.457070
479,3,0.445191
479,4,0.453075
479,5,0.461341
479,6,0.484724
479,7,0.507034
479,8,0.498239
479,9,0.522285
479,10,0.531999
479,11,0.527302
479,12,0.460255
479,13,0.445206
479,14,0.454999
479,15,0.499401
480,1,0.520380
480,2,0.521798
480,3,0.450676
480,4,0.444414
480,5,0.452431
480,6,0.452147
480,7,0.466853
480,8,0.467325
480,9,0.469703
480,10,0.451222
480,11,0.506011
480,12,0.525273
480,13,0.529869
480,14,0.526220
480,15,0.456435
481,1,0.449698
481,2,0.453441
481,3,0.532746
481,4,0.531521
481,5,0.531339
481,6,0.521354
481,7,0.527304
481,8,0.525808
481,9,0.458466
481,10,0.487553
481,11,0.504977
481,12,0.458401
481,13,0.450465
481,14,0.458915
481,15,0.453451
482,1,0.461085
482,2,0.448238
482,3,0.450540
482,4,0.509614
482,5,0.521641
482,6,0.457599
482,7,0.450295
482,8,0.453726
482,9,0.491644
482,10,0.455645
482,11,0.449658
482,12,0.454059
482,13,0.494434
482,14,0.526684
482,15,0.522493
483,1,0.531420
483,2,0.530203
483,3,0.522970
483,4,0.526999
483,5,0.458849
483,6,0.471115
483,7,0.504827
483,8,0.462321
483,9,0.464437
483,10,0.450797
483,11,0.457958
483,12,0.454747
483,13,0.446578
483,14,0.445312
483,15,0.473461
484,1,0.509166
484,2,0.527022
484,3,0.518487
484,4,0.460014
484,5,0.485021
484,6,0.459680
484,7,0.450470
484,8,0.469583
484,9,0.452303
484,10,0.491609
484,11,0.459150
484,12,0.449766
484,13,0.467650
484,14,0.446368
484,15,0.454084
485,1,0.485405
485,2,0.528799
485,3,0.526839
485,4,0.526844
485,5,0.464031
485,6,0.450308
485,7,0.451613
485,8,0.462376
485,9,0.496343
485,10,0.458077
485,11,0.445495
485,12,0.453011
485,13,0.446213
485,14,0.468190
485,15,0.453548
486,1,0.502232
486,2,0.461670
486,3,0.456026
486,4,0.448780
486,5,0.495811
486,6,0.525700
486,7,0.456361
486,8,0.455672
486,9,0.446035
486,10,0.459308
486,11,0.450260
486,12,0.442029
486,13,0.445918
486,14,0.457814
486,15,0.475561
487,1,0.453478
487,2,0.444090
487,3,0.462498
487,4,0.445442
487,5,0.455630
487,6,0.482440
487,7,0.461760
487,8,0.455966
487,9,0.466400
487,10,0.450397
487,11,0.460966
487,12,0.452095
487,13,0.455025
487,14,0.504183
487,15,0.460748
488,1,0.447553
488,2,0.471695
488,3,0.457637
488,4,0.445084
488,5,0.451084
488,6,0.484659
488,7,0.453576
488,8,0.453152
488,9,0.453120
488,10,0.495795
488,11,0.457976
488,12,0.456231
488,13,0.443407
488,14,0.452524
488,15,0.494361
489,1,0.457424
489,2,0.489178
489,3,0.454701
489,4,0.483120
489,5,0.470913
489,6,0.530177
489,7,0.531155
489,8,0.531521
489,9,0.531155
489,10,0.530161
489,11,0.525277
489,12,0.530132
489,13,0.460168
489,14,0.447058
489,15,0.454615
490,1,0.504214
490,2,0.523227
490,3,0.541590
490,4,0.521802
490,5,0.531999
490,6,0.526978
490,7,0.519742
490,8,0.446220
490,9,0.452170
490,10,0.448232
490,11,0.490912
490,12,0.507860
490,13,0.456708
490,14,0.450347
490,15,0.446973
491,1,0.457170
491,2,0.484043
491,3,0.458858
491,4,0.487012
491,5,0.459769
491,6,0.451689
491,7,0.457583
491,8,0.485981
491,9,0.461325
491,10,0.452500
491,11,0.451526
491,12,0.451211
491,13,0.501937
491,14,0.531218
491,15,0.524991
492,1,0.526786
492,2,0.519188
492,3,0.522147
492,4,0.449509
492,5,0.450511
492,6,0.449146
492,7,0.452387
492,8,0.452008
492,9,0.445836
492,10,0.449790
492,11,0.497244
492,12,0.454172
492,13,0.444779
492,14,0.451715
492,15,0.448241
493,1,0.456561
493,2,0.490072
493,3,0.531339
493,4,0.521458
493,5,0.527828
493,6,0.522705
493,7,0.516962
493,8,0.531339
493,9,0.457223
493,10,0.485800
493,11,0.457969
493,12,0.447971
493,13,0.455770
493,14,0.500406
493,15,0.460726
494,1,0.448734
494,2,0.470014
494,3,0.450498
494,4,0.501306
494,5,0.498346
494,6,0.457599
494,7,0.450764
494,8,0.444571
494,9,0.452387
494,10,0.501560
494,11,0.522378
494,12,0.465180
494,13,0.452850
494,14,0.461521
494,15,0.455028
495,1,0.452117
495,2,0.452200
495,3,0.449598
495,4,0.454503
495,5,0.507926
495,6,0.522007
495,7,0.531521
495,8,0.531155
495,9,0.521719
495,10,0.455952
495,11,0.485828
495,12,0.503970
495,13,0.502341
495,14,0.526612
495,15,0.526491
496,1,0.532482
496,2,0.531521
496,3,0.458401
496,4,0.469763
496,5,0.507066
496,6,0.506879
496,7,0.525906
496,8,0.526860
496,9,0.522981
496,10,0.521318
496,11,0.455990
496,12,0.487321
496,13,0.467923
496,14,0.447890
496,15,0.455119
497,1,0.458641
497,2,0.472059
497,3,0.453439
497,4,0.483309
497,5,0.454817
497,6,0.445495
497,7,0.454268
497,8,0.456369
497,9,0.470732
497,10,0.504496
497,11,0.502341
497,12,0.455990
497,13,0.449658
497,14,0.460211
497,15,0.453924
498,1,0.446840
498,2,0.473919
498,3,0.502225
498,4,0.498898
498,5,0.522862
498,6,0.526980
498,7,0.523019
498,8,0.464916
498,9,0.450905
498,10,0.452207
498,11,0.448054
498,12,0.456272
498,13,0.521565
498,14,0.519017
498,15,0.460168
499,1,0.462783
499,2,0.488759
499,3,0.527873
499,4,0.522970
499,5,0.522856
499,6,0.525359
499,7,0.461026
499,8,0.489178
499,9,0.489512
499,10,0.456701
499,11,0.481046
499,12,0.490732
499,13,0.456528
499,14,0.485828
499,15,0.459769
500,1,0.483510
500,2,0.498654
500,3,0.457588
500,4,0.447035
500,5,0.448861
500,6,0.502901
500,7,0.500273
500,8,0.521476
500,9,0.518626
500,10,0.527106
500,11,0.522970
500,12,0.524270
500,13,0.455963
500,14,0.452142
500,15,0.452958
501,1,0.460741
501,2,0.453246
501,3,0.451526
501,4,0.456386
501,5,0.496513
501,6,0.456754
501,7,0.451359
501,8,0.461075
501,9,0.455835
501,10,0.446869
501,11,0.445036
501,12,0.476397
501,13,0.497040
501,14,0.456402
501,15,0.483150
502,1,0.457531
502,2,0.445374
502,3,0.447079
502,4,0.446023
502,5,0.451651
502,6,0.455752
502,7,0.445427
502,8,0.451026
502,9,0.509427
502,10,0.457599
502,11,0.446390
502,12,0.454859
502,13,0.467199
502,14,0.502517
502,15,0.521958
503,1,0.458077
503,2,0.445815
503,3,0.443883
503,4,0.452118
503,5,0.448790
503,6,0.452591
503,7,0.450822
503,8,0.461357
503,9,0.498812
503,10,0.530209
503,11,0.522819
503,12,0.457667
503,13,0.485021
503,14,0.506701
503,15,0.520584
504,1,0.531965
504,2,0.458401
504,3,0.450295
504,4,0.453434
504,5,0.457837
504,6,0.449538
504,7,0.457344
504,8,0.446118
504,9,0.447648
504,10,0.457595
504,11,0.447877
504,12,0.456010
504,13,0.499930
504,14,0.501505
504,15,0.520567
505,1,0.457225
505,2,0.475574
505,3,0.485564
505,4,0.516364
505,5,0.516477
505,6,0.516713
505,7,0.464055
505,8,0.470580
505,9,0.457933
505,10,0.450470
505,11,0.453075
505,12,0.460966
505,13,0.446681
505,14,0.447577
505,15,0.480027
506,1,0.458401
506,2,0.485828
506,3,0.491502
506,4,0.530718
506,5,0.531339
506,6,0.521635
506,7,0.518189
506,8,0.529921
506,9,0.460971
506,10,0.450156
506,11,0.462207
506,12,0.491366
506,13,0.494993
506,14,0.495174
506,15,0.459019
507,1,0.446791
507,2,0.466100
507,3,0.497900
507,4,0.497340
507,5,0.524434
507,6,0.519201
507,7,0.452889
507,8,0.449677
507,9,0.475124
507,10,0.493145
507,11,0.521915
507,12,0.457599
507,13,0.444817
507,14,0.445523
507,15,0.457508
508,1,0.459977
508,2,0.446525
508,3,0.445319
508,4,0.456576
508,5,0.460566
508,6,0.446570
508,7,0.447950
508,8,0.491138
508,9,0.525016
508,10,0.518808
508,11,0.457770
508,12,0.486613
508,13,0.459769
508,14,0.455193
508,15,0.463336
509,1,0.507660
509,2,0.494661
509,3,0.495555
509,4,0.449893
509,5,0.445503
509,6,0.454859
509,7,0.459599
509,8,0.486265
509,9,0.515913
509,10,0.458077
509,11,0.450149
509,12,0.455768
509,13,0.492343
509,14,0.455959
509,15,0.446670
510,1,0.479959
510,2,0.524850
510,3,0.522820
510,4,0.521458
510,5,0.529569
510,6,0.522970
510,7,0.460764
510,8,0.456512
510,9,0.453085
510,10,0.451322
510,11,0.490572
510,12,0.457599
510,13,0.450764
510,14,0.441536
510,15,0.447476
511,1,0.505129
511,2,0.449534
511,3,0.482539
511,4,0.505089
511,5,0.504146
511,6,0.500684
511,7,0.518878
511,8,0.529571
511,9,0.523227
511,10,0.519288
511,11,0.518985
511,12,0.520594
511,13,0.452334
511,14,0.464873
511,15,0.500381
512,1,0.495699
512,2,0.527184
512,3,0.523227
512,4,0.462833
512,5,0.462847
512,6,0.453097
512,7,0.458999
512,8,0.483891
512,9,0.495386
512,10,0.458239
512,11,0.447868
512,12,0.458071
512,13,0.462233
512,14,0.467820
512,15,0.447211
513,1,0.455873
513,2,0.505084
513,3,0.496993
513,4,0.522363
513,5,0.455956
513,6,0.445971
513,7,0.450774
513,8,0.492115
513,9,0.455952
513,10,0.444817
513,11,0.446771
513,12,0.501027
513,13,0.456637
513,14,0.454456
513,15,0.453758
514,1,0.517028
514,2,0.517383
514,3,0.521136
514,4,0.458505
514,5,0.471744
514,6,0.451901
514,7,0.495279
514,8,0.529630
514,9,0.518716
514,10,0.522856
514,11,0.532746
514,12,0.531521
514,13,0.530161
514,14,0.526491
514,15,0.529779
515,1,0.526810
515,2,0.530972
515,3,0.522007
515,4,0.522007
515,5,0.531704
515,6,0.530161
515,7,0.525223
515,8,0.530209
515,9,0.460880
515,10,0.452977
515,11,0.457822
515,12,0.500349
515,13,0.458807
515,14,0.450820
515,15,0.474709
516,1,0.523081
516,2,0.516906
516,3,0.526860
516,4,0.523227
516,5,0.521380
516,6,0.529619
516,7,0.455397
516,8,0.488713
516,9,0.503933
516,10,0.490476
516,11,0.522524
516,12,0.465137
516,13,0.454202
516,14,0.449830
516,15,0.502214
517,1,0.526369
517,2,0.526904
517,3,0.462298
517,4,0.456341
517,5,0.451401
517,6,0.501326
517,7,0.520780
517,8,0.452173
517,9,0.450157
517,10,0.444571
517,11,0.451642
517,12,0.453592
517,13,0.450514
517,14,0.460615
517,15,0.446201
518,1,0.452754
518,2,0.506123
518,3,0.528195
518,4,0.523925
518,5,0.462150
518,6,0.453115
518,7,0.448638
518,8,0.458307
518,9,0.454837
518,10,0.458724
518,11,0.465843
518,12,0.501076
518,13,0.461786
518,14,0.451673
518,15,0.449555
519,1,0.497161
519,2,0.501792
519,3,0.521645
519,4,0.521641
519,5,0.531155
519,6,0.460526
519,7,0.451012
519,8,0.451910
519,9,0.465006
519,10,0.506358
519,11,0.529564
519,12,0.461283
519,13,0.462783
519,14,0.489231
519,15,0.524179
520,1,0.456754
520,2,0.450295
520,3,0.449878
520,4,0.508113
520,5,0.531521
520,6,0.531521
520,7,0.529837
520,8,0.521634
520,9,0.531055
520,10,0.530203
520,11,0.522741
520,12,0.525837
520,13,0.526684
520,14,0.526369
520,15,0.526846
521,1,0.531745
521,2,0.456754
521,3,0.485828
521,4,0.504563
521,5,0.531155
521,6,0.521458
521,7,0.457599
521,8,0.449432
521,9,0.455872
521,10,0.455154
521,11,0.447861
521,12,0.450792
521,13,0.526944
521,14,0.526491
521,15,0.457637
522,1,0.450762
522,2,0.462895
522,3,0.453572
522,4,0.480321
522,5,0.456793
522,6,0.453780
522,7,0.446555
522,8,0.475376
522,9,0.501192
522,10,0.500722
522,11,0.522615
522,12,0.529827
522,13,0.459304
522,14,0.452790
522,15,0.447273
523,1,0.473039
523,2,0.499730
523,3,0.499485
523,4,0.529837
523,5,0.522318
523,6,0.522601
523,7,0.529888
523,8,0.460512
523,9,0.462159
523,10,0.445695
523,11,0.461697
523,12,0.457435
523,13,0.454459
523,14,0.448181
523,15,0.459177
524,1,0.487239
524,2,0.508119
524,3,0.531155
524,4,0.530203
524,5,0.525960
524,6,0.529900
524,7,0.525808
524,8,0.521723
524,9,0.459192
524,10,0.450764
524,11,0.447985
524,12,0.505932
524,13,0.460526
524,14,0.450764
524,15,0.444571
525,1,0.449311
525,2,0.448299
525,3,0.456020
525,4,0.492697
525,5,0.500722
525,6,0.525915
525,7,0.520074
525,8,0.457325
525,9,0.487026
525,10,0.501924
525,11,0.488835
525,12,0.459550
525,13,0.444252
525,14,0.452749
525,15,0.458319
526,1,0.500661
526,2,0.500275
526,3,0.455678
526,4,0.487321
526,5,0.467957
526,6,0.450470
526,7,0.452776
526,8,0.508430
526,9,0.526195
526,10,0.455990
526,11,0.448842
526,12,0.449878
526,13,0.529638
526,14,0.524018
526,15,0.461206
527,1,0.444811
527,2,0.449292
527,3,0.454668
527,4,0.467555
527,5,0.459104
527,6,0.451669
527,7,0.454123
527,8,0.522414
527,9,0.531704
527,10,0.456754
527,11,0.455118
527,12,0.460211
527,13,0.447402
527,14,0.447624
527,15,0.460471
528,1,0.450470
528,2,0.441695
528,3,0.444878
528,4,0.458915
528,5,0.455953
528,6,0.468165
528,7,0.449439
528,8,0.454462
528,9,0.445653
528,10,0.446948
528,11,0.502901
528,12,0.460465
528,13,0.454026
528,14,0.434675
528,15,0.468737
529,1,0.467783
529,2,0.500757
529,3,0.452525
529,4,0.485963
529,5,0.504563
529,6,0.458031
529,7,0.449766
529,8,0.453723
529,9,0.449508
529,10,0.496864
529,11,0.453274
529,12,0.444779
529,13,0.450734
529,14,0.444313
529,15,0.449883
530,1,0.462803
530,2,0.494052
530,3,0.459408
530,4,0.455842
530,5,0.453543
530,6,0.495694
530,7,0.496546
530,8,0.496596
530,9,0.519884
530,10,0.458420
530,11,0.445503
530,12,0.449878
530,13,0.491097
530,14,0.457599
530,15,0.485963
531,1,0.505333
531,2,0.530465
531,3,0.529569
531,4,0.523916
531,5,0.529947
531,6,0.522492
531,7,0.529947
531,8,0.518622
531,9,0.456985
531,10,0.482150
531,11,0.496707
531,12,0.464117
531,13,0.464057
531,14,0.466065
531,15,0.468164
532,1,0.468512
532,2,0.461231
532,3,0.447486
532,4,0.444783
532,5,0.474470
532,6,0.459456
532,7,0.446399
532,8,0.450635
532,9,0.458921
532,10,0.451839
532,11,0.454123
532,12,0.504886
532,13,0.494149
532,14,0.496879
532,15,0.519071
533,1,0.521906
533,2,0.522007
533,3,0.531704
533,4,0.459724
533,5,0.451012
533,6,0.454268
533,7,0.456539
533,8,0.450450
533,9,0.450559
533,10,0.449253
533,11,0.448095
533,12,0.467258
533,13,0.457134
533,14,0.456635
533,15,0.444098
534,1,0.452546
534,2,0.451283
534,3,0.446451
534,4,0.454489
534,5,0.450947
534,6,0.461938
534,7,0.486351
534,8,0.458405
534,9,0.483722
534,10,0.460505
534,11,0.488001
534,12,0.501924
534,13,0.461032
534,14,0.469064
534,15,0.502151
535,1,0.518685
535,2,0.521461
535,3,0.530161
535,4,0.526491
535,5,0.455294
535,6,0.485856
535,7,0.456339
535,8,0.444779
535,9,0.445516
535,10,0.456158
535,11,0.473387
535,12,0.501192
535,13,0.457526
535,14,0.487026
535,15,0.459769
536,1,0.488731
536,2,0.466123
536,3,0.447017
536,4,0.456428
536,5,0.449060
536,6,0.499529
536,7,0.494657
536,8,0.509181
536,9,0.457958
536,10,0.450117
536,11,0.460211
536,12,0.470532
536,13,0.504977
536,14,0.526980
536,15,0.520426
537,1,0.521723
537,2,0.531155
537,3,0.527304
537,4,0.523019
537,5,0.525266
537,6,0.456461
537,7,0.455138
537,8,0.445793
537,9,0.453453
537,10,0.445629
537,11,0.447227
537,12,0.454645
537,13,0.447161
537,14,0.451561
537,15,0.506278
538,1,0.454974
538,2,0.450347
538,3,0.444571
538,4,0.449214
538,5,0.493637
538,6,0.460173
538,7,0.447553
538,8,0.452949
538,9,0.463457
538,10,0.494111
538,11,0.490894
538,12,0.527162
538,13,0.458680
538,14,0.454394
538,15,0.469542
539,1,0.486991
539,2,0.458098
539,3,0.488800
539,4,0.458858
539,5,0.454875
539,6,0.462090
539,7,0.477104
539,8,0.509614
539,9,0.531339
539,10,0.527304
539,11,0.522790
539,12,0.525975
539,13,0.522477
539,14,0.520861
539,15,0.517148
540,1,0.458833
540,2,0.454770
540,3,0.454754
540,4,0.457514
540,5,0.449638
540,6,0.455351
540,7,0.461536
540,8,0.464447
540,9,0.469041
540,10,0.462032
540,11,0.468827
540,12,0.458508
540,13,0.451487
540,14,0.448134
540,15,0.447331
541,1,0.455241
541,2,0.491640
541,3,0.460449
541,4,0.464019
541,5,0.497300
541,6,0.455851
541,7,0.444400
541,8,0.446973
541,9,0.500065
541,10,0.495714
541,11,0.456104
541,12,0.446297
541,13,0.455850
541,14,0.492043
541,15,0.520801
542,1,0.531521
542,2,0.521354
542,3,0.521458
542,4,0.457599
542,5,0.481046
542,6,0.506296
542,7,0.530102
542,8,0.458879
542,9,0.451012
542,10,0.454268
542,11,0.497426
542,12,0.532469
542,13,0.525906
542,14,0.456819
542,15,0.450574
543,1,0.444571
543,2,0.450342
543,3,0.483661
543,4,0.497216
543,5,0.525700
543,6,0.518766
543,7,0.524695
543,8,0.456708
543,9,0.448393
543,10,0.445793
543,11,0.451147
543,12,0.489960
543,13,0.528054
543,14,0.521049
543,15,0.527043
544,1,0.524994
544,2,0.532499
544,3,0.523306
544,4,0.525084
544,5,0.456710
544,6,0.456176
544,7,0.449725
544,8,0.456535
544,9,0.447971
544,10,0.458382
544,11,0.494579
544,12,0.496414
544,13,0.515367
544,14,0.525837
544,15,0.523049
545,1,0.530203
545,2,0.461818
545,3,0.469030
545,4,0.459202
545,5,0.487801
545,6,0.506296
545,7,0.458879
545,8,0.449766
545,9,0.453075
545,10,0.506562
545,11,0.521400
545,12,0.530203
545,13,0.522970
545,14,0.456985
545,15,0.454959
546,1,0.454747
546,2,0.450143
546,3,0.447063
546,4,0.452135
546,5,0.501954
546,6,0.493221
546,7,0.499855
546,8,0.526786
546,9,0.530112
546,10,0.462833
546,11,0.452988
546,12,0.464552
546,13,0.450021
546,14,0.494839
546,15,0.498784
547,1,0.529630
547,2,0.464720
547,3,0.462061
547,4,0.444945
547,5,0.451103
547,6,0.456806
547,7,0.453110
547,8,0.452312
547,9,0.458046
547,10,0.451557
547,11,0.455578
547,12,0.450511
547,13,0.461341
547,14,0.450775
547,15,0.453423
548,1,0.485981
548,2,0.501015
548,3,0.494657
548,4,0.525984
548,5,0.521520
548,6,0.529638
548,7,0.460983
548,8,0.456341
548,9,0.451061
548,10,0.501561
548,11,0.451367
548,12,0.454054
548,13,0.458915
548,14,0.484689
548,15,0.489797
549,1,0.530161
549,2,0.523019
549,3,0.521144
549,4,0.450522
549,5,0.449658
549,6,0.449050
549,7,0.506191
549,8,0.460021
549,9,0.451412
549,10,0.451605
549,11,0.491863
549,12,0.526980
549,13,0.525808
549,14,0.455763
549,15,0.487186
550,1,0.457378
550,2,0.447067
550,3,0.449878
550,4,0.499916
550,5,0.455851
550,6,0.445815
550,7,0.448113
550,8,0.495811
550,9,0.448463
550,10,0.446506
550,11,0.454723
550,12,0.460949
550,13,0.448215
550,14,0.466502
550,15,0.449350
551,1,0.498652
551,2,0.521891
551,3,0.462060
551,4,0.451090
551,5,0.456092
551,6,0.452928
551,7,0.453114
551,8,0.447509
551,9,0.485953
551,10,0.525328
551,11,0.458201
551,12,0.450077
551,13,0.454859
551,14,0.453004
551,15,0.455801
552,1,0.468126
552,2,0.472486
552,3,0.509614
552,4,0.460526
552,5,0.449766
552,6,0.453723
552,7,0.447571
552,8,0.458292
552,9,0.484623
552,10,0.455177
552,11,0.467177
552,12,0.476869
552,13,0.504229
552,14,0.525960
552,15,0.521461
553,1,0.529921
553,2,0.461047
553,3,0.463435
553,4,0.463896
553,5,0.449167
553,6,0.490746
553,7,0.528881
553,8,0.521314
553,9,0.532687
553,10,0.523719
553,11,0.527090
553,12,0.460168
553,13,0.462783
553,14,0.506871
553,15,0.500439
554,1,0.455606
554,2,0.487091
554,3,0.459616
554,4,0.451697
554,5,0.451713
554,6,0.503051
554,7,0.460818
554,8,0.454705
554,9,0.451295
554,10,0.451946
554,11,0.496366
554,12,0.499537
554,13,0.531229
554,14,0.526533
554,15,0.518716
555,1,0.521714
555,2,0.526786
555,3,0.458299
555,4,0.462319
555,5,0.488866
555,6,0.459751
555,7,0.448894
555,8,0.448681
555,9,0.495890
555,10,0.498163
555,11,0.457599
555,12,0.485963
555,13,0.498421
555,14,0.521641
555,15,0.531417
556,1,0.529879
556,2,0.461283
556,3,0.452977
556,4,0.456338
556,5,0.455975
556,6,0.445558
556,7,0.447151
556,8,0.495076
556,9,0.499586
556,10,0.521458
556,11,0.526980
556,12,0.525808
556,13,0.457637
556,14,0.450117
556,15,0.449878
557,1,0.501156
557,2,0.523227
557,3,0.527812
557,4,0.458680
557,5,0.444661
557,6,0.460596
557,7,0.455827
557,8,0.499946
557,9,0.490617
557,10,0.524840
557,11,0.522601
557,12,0.521958
557,13,0.456754
557,14,0.452172
557,15,0.452575
558,1,0.464642
558,2,0.448604
558,3,0.456448
558,4,0.456768
558,5,0.456843
558,6,0.446209
558,7,0.458833
558,8,0.492943
558,9,0.529541
558,10,0.521475
558,11,0.530607
558,12,0.459724
558,13,0.451012
558,14,0.455025
558,15,0.454499
559,1,0.482747
559,2,0.457234
559,3,0.450363
559,4,0.449596
559,5,0.446115
559,6,0.461341
559,7,0.499615
559,8,0.492171
559,9,0.492186
559,10,0.456663
559,11,0.463834
559,12,0.457176
559,13,0.459319
559,14,0.487321
559,15,0.505333
560,1,0.457330
560,2,0.488078
560,3,0.505089
560,4,0.497340
560,5,0.465180
560,6,0.461373
560,7,0.465545
560,8,0.469221
560,9,0.469437
560,10,0.465126
560,11,0.451222
560,12,0.506562
560,13,0.531704
560,14,0.457599
560,15,0.487186
561,1,0.459616
561,2,0.447313
561,3,0.451910
561,4,0.450952
561,5,0.456705
561,6,0.490946
561,7,0.521731
561,8,0.529837
561,9,0.521049
561,10,0.530725
561,11,0.458343
561,12,0.449766
561,13,0.469485
561,14,0.469504
561,15,0.447571
562,1,0.474170
562,2,0.461664
562,3,0.465205
562,4,0.496247
562,5,0.508918
562,6,0.531155
562,7,0.527304
562,8,0.525960
562,9,0.527184
562,10,0.522981
562,11,0.460137
562,12,0.449316
562,13,0.455482
562,14,0.492948
562,15,0.503274
563,1,0.522370
563,2,0.456708
563,3,0.445044
563,4,0.460660
563,5,0.493543
563,6,0.453161
563,7,0.454022
563,8,0.453481
563,9,0.457881
563,10,0.447584
563,11,0.458464
563,12,0.452470
563,13,0.463899
563,14,0.510406
563,15,0.460285
564,1,0.453323
564,2,0.445655
564,3,0.455926
564,4,0.458239
564,5,0.454333
564,6,0.448679
564,7,0.454637
564,8,0.454831
564,9,0.462818
564,10,0.457610
564,11,0.452739
564,12,0.451770
564,13,0.450410
564,14,0.450469
564,15,0.498616
565,1,0.503382
565,2,0.532532
565,3,0.529564
565,4,0.519575
565,5,0.471785
565,6,0.445213
565,7,0.454289
565,8,0.503726
565,9,0.517129
565,10,0.522147
565,11,0.456662
565,12,0.488449
565,13,0.497368
565,14,0.450110
565,15,0.450295
566,1,0.454268
566,2,0.501793
566,3,0.531052
566,4,0.461561
566,5,0.488282
566,6,0.459903
566,7,0.453392
566,8,0.453519
566,9,0.449508
566,10,0.494839
566,11,0.499037
566,12,0.458833
566,13,0.453587
566,14,0.453075
566,15,0.503884
567,1,0.457588
567,2,0.447916
567,3,0.453538
567,4,0.485981
567,5,0.489973
567,6,0.530102
567,7,0.455952
567,8,0.469763
567,9,0.466599
567,10,0.468898
567,11,0.457354
567,12,0.450470
567,13,0.444963
567,14,0.449112
567,15,0.500401
568,1,0.521891
568,2,0.520642
568,3,0.527429
568,4,0.522115
568,5,0.526980
568,6,0.525862
568,7,0.457325
568,8,0.450250
568,9,0.444890
568,10,0.460575
568,11,0.446238
568,12,0.446944
568,13,0.474170
568,14,0.492881
568,15,0.521379
569,1,0.521641
569,2,0.456754
569,3,0.454845
569,4,0.447985
569,5,0.461341
569,6,0.450470
569,7,0.444571
569,8,0.457299
569,9,0.492836
569,10,0.532746
569,11,0.526980
569,12,0.460255
569,13,0.456231
569,14,0.461607
569,15,0.463075
570,1,0.447564
570,2,0.455773
570,3,0.476593
570,4,0.532298
570,5,0.526980
570,6,0.521732
570,7,0.529947
570,8,0.461026
570,9,0.483963
570,10,0.460281
570,11,0.488001
570,12,0.459803
570,13,0.455548
570,14,0.463160
570,15,0.455910
571,1,0.456960
571,2,0.494524
571,3,0.495151
571,4,0.526369
571,5,0.521723
571,6,0.458401
571,7,0.485963
571,8,0.505333
571,9,0.514919
571,10,0.531521
571,11,0.456754
571,12,0.453587
571,13,0.453075
571,14,0.496167
571,15,0.528665
572,1,0.525960
572,2,0.456941
572,3,0.450117
572,4,0.454859
572,5,0.455688
572,6,0.452802
572,7,0.453097
572,8,0.462336
572,9,0.493797
572,10,0.530541
572,11,0.456402
572,12,0.446498
572,13,0.461607
572,14,0.446708
572,15,0.457383
573,1,0.502527
573,2,0.461608
573,3,0.491191
573,4,0.495636
573,5,0.458077
573,6,0.450117
573,7,0.454268
573,8,0.508393
573,9,0.531521
573,10,0.460526
573,11,0.488879
573,12,0.502758
573,13,0.457588
573,14,0.447334
573,15,0.455554
574,1,0.497326
574,2,0.454194
574,3,0.489263
574,4,0.459903
574,5,0.451689
574,6,0.449878
574,7,0.501588
574,8,0.500758
574,9,0.527184
574,10,0.526491
574,11,0.531865
574,12,0.456754
574,13,0.450347
574,14,0.451526
574,15,0.448106
575,1,0.463083
575,2,0.460311
575,3,0.451367
575,4,0.441695
575,5,0.449508
575,6,0.499529
575,7,0.494657
575,8,0.457889
575,9,0.454527
575,10,0.444571
575,11,0.452952
575,12,0.454316
575,13,0.445041
575,14,0.455212
575,15,0.489869
576,1,0.521958
576,2,0.526533
576,3,0.459262
576,4,0.466779
576,5,0.469693
576,6,0.529837
576,7,0.522318
576,8,0.456507
576,9,0.449658
576,10,0.454268
576,11,0.490927
576,12,0.525123
576,13,0.525906
576,14,0.531420
576,15,0.521641
577,1,0.531155
577,2,0.530161
577,3,0.460255
577,4,0.467444
577,5,0.466353
577,6,0.447474
577,7,0.472818
577,8,0.507711
577,9,0.460526
577,10,0.488078
577,11,0.499901
577,12,0.517644
577,13,0.527424
577,14,0.530731
577,15,0.524434
578,1,0.452934
578,2,0.445294
578,3,0.479304
578,4,0.500853
578,5,0.523876
578,6,0.529947
578,7,0.523227
578,8,0.527162
578,9,0.458557
578,10,0.490159
578,11,0.506386
578,12,0.508734
578,13,0.527304
578,14,0.525808
578,15,0.522048
579,1,0.521635
579,2,0.531704
579,3,0.527304
579,4,0.523019
579,5,0.527649
579,6,0.525359
579,7,0.522662
579,8,0.531052
579,9,0.526491
579,10,0.521910
579,11,0.456758
579,12,0.469763
579,13,0.505616
579,14,0.531091
579,15,0.456754
580,1,0.449349
580,2,0.443404
580,3,0.455897
580,4,0.449179
580,5,0.449144
580,6,0.446238
580,7,0.452006
580,8,0.448664
580,9,0.453918
580,10,0.457647
580,11,0.451724
580,12,0.506218
580,13,0.498524
580,14,0.462060
580,15,0.450525
581,1,0.471017
581,2,0.508177
581,3,0.529837
581,4,0.524033
581,5,0.527812
581,6,0.522511
581,7,0.452212
581,8,0.453296
581,9,0.450608
581,10,0.452617
581,11,0.489053
581,12,0.504229
581,13,0.525960
581,14,0.455294
581,15,0.486797
582,1,0.494066
582,2,0.489618
582,3,0.460109
582,4,0.456836
582,5,0.462557
582,6,0.500841
582,7,0.494917
582,8,0.522443
582,9,0.521774
582,10,0.527304
582,11,0.463413
582,12,0.450156
582,13,0.451621
582,14,0.525705
582,15,0.525185
583,1,0.529921
583,2,0.522741
583,3,0.462972
583,4,0.461087
583,5,0.453481
583,6,0.486702
583,7,0.498244
583,8,0.501800
583,9,0.527397
583,10,0.520821
583,11,0.522507
583,12,0.449782
583,13,0.450574
583,14,0.448681
583,15,0.489945
584,1,0.457599
584,2,0.445674
584,3,0.449044
584,4,0.493084
584,5,0.458879
584,6,0.487186
584,7,0.494819
584,8,0.457083
584,9,0.450109
584,10,0.460108
584,11,0.470614
584,12,0.499801
584,13,0.494657
584,14,0.532482
584,15,0.521823
585,1,0.527106
585,2,0.524599
585,3,0.456507
585,4,0.486797
585,5,0.470913
585,6,0.529837
585,7,0.521049
585,8,0.456435
585,9,0.449658
585,10,0.449050
585,11,0.448115
585,12,0.482199
585,13,0.477549
585,14,0.497291
585,15,0.525960
586,1,0.458154
586,2,0.454330
586,3,0.454239
586,4,0.457595
586,5,0.447501
586,6,0.459034
586,7,0.484659
586,8,0.505129
586,9,0.531521
586,10,0.522451
586,11,0.456378
586,12,0.471121
586,13,0.507066
586,14,0.508734
586,15,0.456332
587,1,0.486585
587,2,0.497651
587,3,0.526773
587,4,0.457132
587,5,0.461504
587,6,0.496780
587,7,0.457599
587,8,0.450295
587,9,0.450685
587,10,0.452384
587,11,0.442180
587,12,0.450597
587,13,0.455370
587,14,0.451043
587,15,0.451466
588,1,0.446417
588,2,0.451910
588,3,0.448027
588,4,0.456325
588,5,0.500518
588,6,0.492619
588,7,0.530685
588,8,0.531471
588,9,0.527346
588,10,0.526491
588,11,0.532194
588,12,0.458713
588,13,0.449349
588,14,0.445610
588,15,0.451549
589,1,0.508403
589,2,0.521458
589,3,0.527022
589,4,0.525906
589,5,0.455294
589,6,0.486797
589,7,0.499901
589,8,0.494657
589,9,0.531607
589,10,0.531155
589,11,0.457599
589,12,0.444400
589,13,0.445523
589,14,0.456937
589,15,0.500427
590,1,0.493836
590,2,0.455567
590,3,0.450250
590,4,0.451526
590,5,0.457479
590,6,0.457638
590,7,0.462899
590,8,0.497137
590,9,0.531339
590,10,0.522007
590,11,0.527304
590,12,0.460512
590,13,0.443218
590,14,0.452220
590,15,0.496359
591,1,0.456297
591,2,0.445815
591,3,0.447985
591,4,0.505129
591,5,0.518832
591,6,0.521732
591,7,0.457722
591,8,0.446791
591,9,0.447100
591,10,0.498551
591,11,0.492802
591,12,0.458707
591,13,0.450574
591,14,0.453075
591,15,0.457595
592,1,0.458634
592,2,0.452862
592,3,0.501023
592,4,0.526980
592,5,0.456875
592,6,0.463815
592,7,0.476151
592,8,0.454881
592,9,0.445815
592,10,0.451526
592,11,0.459000
592,12,0.494572
592,13,0.499845
592,14,0.455557
592,15,0.452449
593,1,0.452100
593,2,0.447094
593,3,0.451663
593,4,0.529506
593,5,0.526300
593,6,0.526922
593,7,0.523309
593,8,0.455990
593,9,0.446601
593,10,0.443371
593,11,0.448548
593,12,0.499660
593,13,0.496599
593,14,0.510042
593,15,0.498119
594,1,0.528827
594,2,0.458401
594,3,0.488123
594,4,0.458858
594,5,0.447313
594,6,0.454268
594,7,0.501909
594,8,0.524741
594,9,0.462833
594,10,0.445988
594,11,0.466352
594,12,0.452202
594,13,0.499107
594,14,0.494603
594,15,0.520240
595,1,0.521458
595,2,0.521641
595,3,0.530161
595,4,0.461283
595,5,0.451412
595,6,0.459196
595,7,0.467780
595,8,0.491792
595,9,0.529837
595,10,0.523019
595,11,0.527649
595,12,0.463023
595,13,0.446792
595,14,0.449925
595,15,0.458328
596,1,0.452883
596,2,0.453075
596,3,0.495937
596,4,0.492957
596,5,0.523127
596,6,0.521810
596,7,0.526612
596,8,0.518435
596,9,0.519099
596,10,0.453558
596,11,0.469364
596,12,0.495502
596,13,0.451181
596,14,0.449400
596,15,0.457934
597,1,0.453280
597,2,0.451809
597,3,0.456906
597,4,0.457872
597,5,0.465186
597,6,0.445909
597,7,0.461943
597,8,0.500307
597,9,0.465834
597,10,0.464257
597,11,0.504844
597,12,0.456384
597,13,0.445889
597,14,0.445610
597,15,0.452952
598,1,0.452939
598,2,0.479963
598,3,0.508625
598,4,0.520584
598,5,0.458401
598,6,0.450117
598,7,0.458915
598,8,0.464511
598,9,0.505579
598,10,0.523694
598,11,0.525808
598,12,0.521645
598,13,0.527424
598,14,0.522970
598,15,0.527007
599,1,0.526786
599,2,0.522370
599,3,0.522845
599,4,0.522231
599,5,0.529837
599,6,0.461283
599,7,0.451721
599,8,0.459196
599,9,0.462546
599,10,0.445036
599,11,0.461697
599,12,0.451848
599,13,0.450811
599,14,0.464430
599,15,0.479841
600,1,0.457385
600,2,0.483056
600,3,0.459803
600,4,0.449677
600,5,0.444571
600,6,0.451439
600,7,0.447240
600,8,0.480130
600,9,0.525559
600,10,0.457060
600,11,0.487321
600,12,0.503008
600,13,0.461135
600,14,0.456231
600,15,0.447263
601,1,0.495432
601,2,0.499220
601,3,0.517818
601,4,0.457177
601,5,0.482539
601,6,0.505668
601,7,0.495142
601,8,0.454492
601,9,0.453119
601,10,0.454268
601,11,0.489902
601,12,0.460526
601,13,0.453499
601,14,0.448681
601,15,0.490634
602,1,0.494434
602,2,0.456965
602,3,0.445496
602,4,0.441714
602,5,0.455052
602,6,0.494294
602,7,0.508979
602,8,0.527346
602,9,0.461283
602,10,0.446297
602,11,0.450652
602,12,0.493084
602,13,0.458879
602,14,0.450117
602,15,0.458915
603,1,0.453451
603,2,0.480321
603,3,0.491205
603,4,0.493297
603,5,0.519396
603,6,0.455544
603,7,0.444146
603,8,0.442188
603,9,0.450346
603,10,0.499890
603,11,0.521205
603,12,0.460526
603,13,0.471256
603,14,0.460981
603,15,0.454218
604,1,0.450426
604,2,0.447177
604,3,0.450971
604,4,0.496044
604,5,0.523925
604,6,0.524465
604,7,0.532687
604,8,0.526498
604,9,0.531393
604,10,0.531339
604,11,0.522007
604,12,0.521823
604,13,0.529879
604,14,0.521011
604,15,0.526612
605,1,0.459396
605,2,0.450751
605,3,0.460429
605,4,0.456638
605,5,0.452715
605,6,0.468897
605,7,0.445695
605,8,0.455021
605,9,0.499199
605,10,0.497481
605,11,0.455952
605,12,0.450347
605,13,0.453723
605,14,0.451313
605,15,0.495432
606,1,0.521823
606,2,0.455952
606,3,0.466474
606,4,0.506296
606,5,0.458879
606,6,0.487321
606,7,0.494819
606,8,0.487481
606,9,0.495665
606,10,0.530778
606,11,0.458405
606,12,0.454054
606,13,0.450635
606,14,0.504121
606,15,0.459706
607,1,0.469950
607,2,0.498368
607,3,0.507084
607,4,0.455952
607,5,0.485963
607,6,0.501199
607,7,0.457601
607,8,0.451181
607,9,0.460211
607,10,0.490680
607,11,0.457651
607,12,0.446681
607,13,0.441695
607,14,0.445856
607,15,0.452899
608,1,0.496063
608,2,0.492581
608,3,0.455705
608,4,0.445111
608,5,0.444477
608,6,0.453192
608,7,0.496414
608,8,0.518701
608,9,0.522147
608,10,0.522662
608,11,0.526980
608,12,0.521049
608,13,0.517148
608,14,0.457498
608,15,0.449766
609,1,0.443371
609,2,0.465433
609,3,0.446504
609,4,0.461296
609,5,0.464440
609,6,0.469568
609,7,0.446978
609,8,0.457839
609,9,0.457642
609,10,0.484564
609,11,0.503010
609,12,0.502341
609,13,0.501890
609,14,0.526423
609,15,0.522616
610,1,0.527304
610,2,0.461283
610,3,0.451174
610,4,0.452100
610,5,0.449755
610,6,0.457811
610,7,0.457136
610,8,0.449863
610,9,0.450635
610,10,0.501702
610,11,0.522741
610,12,0.518909
610,13,0.526598
610,14,0.520864
610,15,0.455990
611,1,0.449526
611,2,0.448681
611,3,0.491609
611,4,0.528881
611,5,0.521314
611,6,0.457667
611,7,0.446514
611,8,0.454567
611,9,0.491767
611,10,0.525816
611,11,0.522633
611,12,0.456754
611,13,0.454428
611,14,0.454314
611,15,0.465707
612,1,0.469669
612,2,0.465126
612,3,0.450922
612,4,0.450647
612,5,0.490304
612,6,0.518675
612,7,0.448283
612,8,0.444400
612,9,0.453075
612,10,0.495811
612,11,0.530206
612,12,0.525462
612,13,0.530209
612,14,0.526369
612,15,0.526970
613,1,0.526491
613,2,0.529947
613,3,0.526491
613,4,0.521028
613,5,0.522048
613,6,0.455952
613,7,0.444779
613,8,0.457934
613,9,0.459208
613,10,0.452931
613,11,0.454526
613,12,0.527175
613,13,0.519506
613,14,0.517483
613,15,0.458707
614,1,0.450117
614,2,0.451910
614,3,0.447686
614,4,0.451727
614,5,0.451910
614,6,0.451025
614,7,0.523098
614,8,0.517379
614,9,0.526922
614,10,0.455397
614,11,0.445879
614,12,0.455876
614,13,0.497121
614,14,0.500432
614,15,0.499408
615,1,0.532746
615,2,0.522272
615,3,0.522007
615,4,0.522618
615,5,0.459776
615,6,0.455672
615,7,0.447509
615,8,0.491201
615,9,0.522138
615,10,0.526545
615,11,0.521461
615,12,0.526707
615,13,0.518766
615,14,0.534706
615,15,0.520525
616,1,0.528577
616,2,0.518310
616,3,0.530203
616,4,0.461818
616,5,0.469030
616,6,0.486433
616,7,0.458348
616,8,0.450476
616,9,0.443371
616,10,0.450498
616,11,0.458781
616,12,0.446681
616,13,0.449518
616,14,0.478313
616,15,0.453184
617,1,0.448957
617,2,0.446121
617,3,0.457697
617,4,0.492445
617,5,0.456773
617,6,0.445329
617,7,0.460310
617,8,0.467162
617,9,0.499916
617,10,0.527031
617,11,0.525223
617,12,0.527184
617,13,0.522819
617,14,0.518888
617,15,0.455040
618,1,0.455677
618,2,0.464683
618,3,0.446972
618,4,0.456764
618,5,0.501455
618,6,0.492745
618,7,0.518027
618,8,0.522302
618,9,0.527083
618,10,0.524328
618,11,0.457410
618,12,0.488053
618,13,0.484267
618,14,0.497340
618,15,0.494662
619,1,0.525014
619,2,0.521098
619,3,0.531055
619,4,0.521641
619,5,0.459676
619,6,0.487186
619,7,0.500108
619,8,0.490816
619,9,0.459768
619,10,0.453167
619,11,0.442763
619,12,0.456195
619,13,0.457116
619,14,0.455694
619,15,0.493087
620,1,0.459802
620,2,0.450574
620,3,0.445610
620,4,0.449173
620,5,0.463860
620,6,0.464899
620,7,0.465126
620,8,0.446522
620,9,0.452952
620,10,0.457271
620,11,0.483288
620,12,0.458915
620,13,0.450470
620,14,0.447686
620,15,0.489249
621,1,0.455356
621,2,0.452172
621,3,0.451313
621,4,0.452844
621,5,0.502847
621,6,0.493221
621,7,0.522308
621,8,0.517084
621,9,0.448123
621,10,0.481046
621,11,0.503136
621,12,0.499316
621,13,0.526174
621,14,0.526756
621,15,0.457637
622,1,0.466249
622,2,0.453439
622,3,0.450470
622,4,0.447686
622,5,0.496952
622,6,0.498931
622,7,0.521278
622,8,0.522662
622,9,0.459724
622,10,0.450117
622,11,0.461179
622,12,0.482586
622,13,0.459816
622,14,0.440351
622,15,0.507120
623,1,0.461135
623,2,0.446498
623,3,0.464266
623,4,0.458569
623,5,0.467581
623,6,0.469966
623,7,0.453803
623,8,0.495892
623,9,0.458177
623,10,0.446390
623,11,0.453206
623,12,0.450952
623,13,0.452480
623,14,0.456701
623,15,0.468991
624,1,0.453901
624,2,0.504155
624,3,0.518260
624,4,0.456895
624,5,0.454373
624,6,0.444456
624,7,0.457227
624,8,0.458407
624,9,0.464981
624,10,0.458546
624,11,0.449163
624,12,0.452038
624,13,0.459694
624,14,0.451325
624,15,0.452854
625,1,0.504719
625,2,0.455833
625,3,0.461526
625,4,0.524609
625,5,0.531521
625,6,0.527304
625,7,0.460512
625,8,0.456231
625,9,0.451769
625,10,0.451211
625,11,0.497132
625,12,0.458779
625,13,0.487186
625,14,0.493081
625,15,0.495818
626,1,0.531865
626,2,0.455952
626,3,0.449349
626,4,0.444571
626,5,0.451967
626,6,0.499961
626,7,0.499133
626,8,0.462150
626,9,0.451716
626,10,0.458071
626,11,0.466882
626,12,0.458249
626,13,0.487012
626,14,0.494866
626,15,0.501898
627,1,0.523019
627,2,0.525975
627,3,0.459490
627,4,0.487091
627,5,0.497368
627,6,0.508918
627,7,0.458077
627,8,0.445815
627,9,0.445610
627,10,0.452952
627,11,0.463814
627,12,0.458487
627,13,0.451155
627,14,0.455121
627,15,0.501101
628,1,0.496155
628,2,0.521795
628,3,0.458420
628,4,0.484617
628,5,0.501199
628,6,0.507128
628,7,0.499046
628,8,0.511460
628,9,0.526946
628,10,0.519514
628,11,0.456665
628,12,0.454102
628,13,0.451166
628,14,0.457695
628,15,0.492943
629,1,0.521612
629,2,0.528881
629,3,0.525808
629,4,0.456123
629,5,0.450762
629,6,0.458090
629,7,0.451545
629,8,0.455901
629,9,0.475913
629,10,0.456724
629,11,0.452894
629,12,0.462334
629,13,0.450498
629,14,0.465374
629,15,0.465608
630,1,0.504016
630,2,0.461026
630,3,0.456026
630,4,0.444945
630,5,0.456576
630,6,0.459257
630,7,0.484582
630,8,0.514265
630,9,0.461677
630,10,0.482931
630,11,0.502898
630,12,0.495651
630,13,0.455972
630,14,0.446653
630,15,0.455943
631,1,0.445961
631,2,0.457383
631,3,0.461214
631,4,0.451217
631,5,0.457368
631,6,0.462290
631,7,0.453953
631,8,0.466763
631,9,0.466091
631,10,0.453702
631,11,0.446106
631,12,0.457015
631,13,0.455286
631,14,0.470640
631,15,0.453550
632,1,0.449677
632,2,0.446475
632,3,0.453546
632,4,0.485753
632,5,0.463890
632,6,0.448946
632,7,0.452206
632,8,0.459095
632,9,0.449863
632,10,0.450081
632,11,0.455678
632,12,0.450077
632,13,0.451910
632,14,0.454091
632,15,0.452950
633,1,0.459242
633,2,0.447689
633,3,0.453061
633,4,0.457134
633,5,0.462678
633,6,0.447624
633,7,0.457618
633,8,0.450590
633,9,0.441536
633,10,0.447532
633,11,0.506021
633,12,0.503209
633,13,0.527090
633,14,0.521064
633,15,0.458466
634,1,0.451472
634,2,0.455872
634,3,0.460949
634,4,0.455221
634,5,0.453910
634,6,0.483613
634,7,0.504927
634,8,0.522147
634,9,0.522302
634,10,0.522467
634,11,0.456104
634,12,0.463435
634,13,0.446365
634,14,0.452262
634,15,0.462421
635,1,0.475419
635,2,0.499835
635,3,0.459609
635,4,0.463435
635,5,0.451139
635,6,0.506619
635,7,0.521823
635,8,0.531521
635,9,0.526980
635,10,0.456361
635,11,0.465963
635,12,0.456645
635,13,0.448106
635,14,0.506436
635,15,0.531155
636,1,0.530203
636,2,0.464185
636,3,0.451721
636,4,0.459302
636,5,0.455744
636,6,0.447143
636,7,0.496921
636,8,0.461135
636,9,0.445087
636,10,0.460429
636,11,0.499402
636,12,0.490619
636,13,0.524563
636,14,0.524695
636,15,0.532746
637,1,0.454978
637,2,0.449400
637,3,0.462193
637,4,0.492343
637,5,0.491705
637,6,0.520423
637,7,0.527304
637,8,0.460790
637,9,0.451721
637,10,0.451613
637,11,0.445610
637,12,0.474798
637,13,0.494639
637,14,0.527376
637,15,0.526545
638,1,0.457325
638,2,0.450117
638,3,0.449878
638,4,0.457448
638,5,0.483002
638,6,0.502758
638,7,0.458239
638,8,0.446297
638,9,0.462207
638,10,0.457826
638,11,0.455290
638,12,0.450994
638,13,0.460614
638,14,0.492943
638,15,0.530329
639,1,0.530161
639,2,0.460512
639,3,0.460776
639,4,0.501970
639,5,0.502341
639,6,0.498109
639,7,0.517138
639,8,0.531174
639,9,0.530161
639,10,0.525808
639,11,0.457087
639,12,0.445495
639,13,0.454859
639,14,0.489522
639,15,0.529643
640,1,0.524023
640,2,0.462833
640,3,0.455720
640,4,0.446621
640,5,0.490177
640,6,0.518789
640,7,0.525223
640,8,0.529638
640,9,0.460021
640,10,0.445767
640,11,0.461249
640,12,0.474401
640,13,0.491726
640,14,0.455879
640,15,0.449170
641,1,0.453206
641,2,0.456382
641,3,0.458946
641,4,0.464179
641,5,0.460457
641,6,0.449203
641,7,0.459694
641,8,0.484724
641,9,0.503662
641,10,0.522790
641,11,0.465862
641,12,0.463820
641,13,0.500374
641,14,0.491624
641,15,0.514912
642,1,0.529639
642,2,0.457132
642,3,0.455893
642,4,0.456900
642,5,0.500348
642,6,0.455665
642,7,0.454890
642,8,0.454563
642,9,0.451299
642,10,0.494450
642,11,0.494071
642,12,0.456985
642,13,0.455720
642,14,0.461371
642,15,0.450370
643,1,0.498855
643,2,0.491932
643,3,0.492673
643,4,0.455879
643,5,0.470962
643,6,0.504563
643,7,0.520584
643,8,0.456701
643,9,0.454428
643,10,0.450015
643,11,0.450390
643,12,0.486671
643,13,0.458405
643,14,0.450764
643,15,0.444571
644,1,0.459000
644,2,0.499659
644,3,0.502093
644,4,0.525922
644,5,0.531296
644,6,0.526429
644,7,0.531812
644,8,0.458879
644,9,0.451012
644,10,0.449878
644,11,0.519488
644,12,0.527095
644,13,0.522970
644,14,0.457735
644,15,0.453943
645,1,0.451679
645,2,0.486111
645,3,0.505238
645,4,0.531339
645,5,0.531339
645,6,0.521641
645,7,0.527064
645,8,0.522592
645,9,0.456985
645,10,0.451641
645,11,0.452749
645,12,0.456787
645,13,0.455993
645,14,0.451537
645,15,0.456764
646,1,0.456906
646,2,0.444958
646,3,0.452638
646,4,0.458643
646,5,0.447865
646,6,0.454777
646,7,0.459595
646,8,0.442601
646,9,0.459291
646,10,0.486693
646,11,0.499294
646,12,0.494657
646,13,0.526802
646,14,0.525965
646,15,0.525070
647,1,0.455879
647,2,0.487181
647,3,0.498421
647,4,0.530161
647,5,0.460255
647,6,0.454489
647,7,0.459302
647,8,0.455529
647,9,0.448152
647,10,0.502392
647,11,0.497166
647,12,0.459865
647,13,0.482384
647,14,0.495279
647,15,0.456701
648,1,0.445610
648,2,0.447686
648,3,0.500044
648,4,0.492535
648,5,0.526718
648,6,0.522554
648,7,0.540940
648,8,0.455963
648,9,0.446333
648,10,0.449490
648,11,0.484102
648,12,0.480637
648,13,0.478864
648,14,0.506760
648,15,0.456876
649,1,0.445406
649,2,0.448966
649,3,0.503887
649,4,0.460680
649,5,0.489250
649,6,0.459803
649,7,0.488758
649,8,0.500805
649,9,0.488835
649,10,0.457421
649,11,0.448997
649,12,0.456092
649,13,0.473627
649,14,0.499854
649,15,0.508822
650,1,0.525625
650,2,0.525678
650,3,0.520540
650,4,0.459200
650,5,0.482889
650,6,0.453384
650,7,0.447313
650,8,0.456249
650,9,0.499916
650,10,0.521641
650,11,0.521458
650,12,0.458077
650,13,0.451012
650,14,0.450774
650,15,0.457059
651,1,0.486682
651,2,0.507349
651,3,0.508918
651,4,0.457552
651,5,0.487628
651,6,0.493915
651,7,0.458239
651,8,0.461732
651,9,0.504977
651,10,0.456754
651,11,0.451181
651,12,0.458915
651,13,0.484689
651,14,0.491679
651,15,0.531339
652,1,0.460526
652,2,0.450764
652,3,0.447985
652,4,0.505509
652,5,0.458204
652,6,0.482342
652,7,0.500805
652,8,0.463459
652,9,0.470062
652,10,0.499698
652,11,0.520405
652,12,0.531339
652,13,0.455952
652,14,0.449432
652,15,0.450929
653,1,0.454419
653,2,0.465569
653,3,0.453014
653,4,0.460471
653,5,0.483031
653,6,0.494866
653,7,0.458979
653,8,0.452877
653,9,0.453770
653,10,0.457759
653,11,0.468205
653,12,0.456619
653,13,0.447067
653,14,0.459034
653,15,0.485950
654,1,0.500549
654,2,0.521823
654,3,0.455905
654,4,0.482539
654,5,0.471683
654,6,0.498346
654,7,0.526980
654,8,0.525223
654,9,0.455990
654,10,0.450060
654,11,0.450702
654,12,0.457980
654,13,0.501155
654,14,0.493836
654,15,0.520423
655,1,0.522222
655,2,0.526533
655,3,0.522307
655,4,0.524125
655,5,0.450676
655,6,0.450601
655,7,0.458090
655,8,0.452311
655,9,0.457606
655,10,0.445025
655,11,0.456480
655,12,0.457688
655,13,0.449163
655,14,0.447985
655,15,0.495043
656,1,0.502286
656,2,0.523269
656,3,0.460168
656,4,0.461970
656,5,0.459680
656,6,0.454875
656,7,0.449310
656,8,0.456944
656,9,0.468893
656,10,0.461653
656,11,0.492264
656,12,0.490860
656,13,0.499791
656,14,0.453959
656,15,0.449698
657,1,0.453441
657,2,0.501965
657,3,0.523227
657,4,0.533337
657,5,0.465137
657,6,0.475172
657,7,0.482043
657,8,0.524993
657,9,0.525432
657,10,0.527024
657,11,0.526369
657,12,0.529807
657,13,0.463069
657,14,0.469030
657,15,0.504219
658,1,0.498268
658,2,0.526298
658,3,0.456350
658,4,0.486114
658,5,0.497368
658,6,0.495714
658,7,0.525223
658,8,0.526612
658,9,0.461847
658,10,0.490159
658,11,0.501683
658,12,0.461786
658,13,0.461835
658,14,0.495146
658,15,0.521823
659,1,0.452525
659,2,0.448537
659,3,0.458915
659,4,0.464908
659,5,0.464160
659,6,0.448650
659,7,0.460640
659,8,0.451689
659,9,0.452029
659,10,0.445605
659,11,0.456473
659,12,0.497194
659,13,0.522048
659,14,0.531965
659,15,0.531521
660,1,0.532149
660,2,0.526533
660,3,0.518537
660,4,0.459000
660,5,0.452820
660,6,0.444378
660,7,0.455633
660,8,0.453926
660,9,0.469052
660,10,0.450224
660,11,0.456190
660,12,0.493324
660,13,0.452929
660,14,0.466478
660,15,0.480982
661,1,0.460364
661,2,0.451721
661,3,0.451613
661,4,0.450889
661,5,0.450787
661,6,0.482586
661,7,0.496071
661,8,0.525318
661,9,0.464089
661,10,0.463810
661,11,0.446797
661,12,0.454176
661,13,0.454112
661,14,0.462172
661,15,0.454337
662,1,0.489583
662,2,0.490062
662,3,0.460751
662,4,0.445978
662,5,0.451526
662,6,0.453144
662,7,0.496739
662,8,0.499369
662,9,0.522804
662,10,0.445775
662,11,0.446087
662,12,0.455670
662,13,0.444652
662,14,0.456182
662,15,0.473130
663,1,0.499933
663,2,0.459984
663,3,0.469252
663,4,0.470049
663,5,0.518789
663,6,0.521049
663,7,0.526550
663,8,0.521430
663,9,0.526950
663,10,0.518974
663,11,0.522089
663,12,0.455917
663,13,0.481373
663,14,0.507349
663,15,0.527304
664,1,0.524203
664,2,0.524834
664,3,0.522601
664,4,0.531891
664,5,0.531155
664,6,0.521458
664,7,0.456754
664,8,0.449349
664,9,0.444571
664,10,0.450342
664,11,0.445403
664,12,0.472111
664,13,0.456758
664,14,0.468015
664,15,0.501639
665,1,0.497340
665,2,0.522838
665,3,0.461157
665,4,0.485964
665,5,0.495502
665,6,0.530902
665,7,0.530718
665,8,0.527346
665,9,0.526491
665,10,0.529900
665,11,0.460021
665,12,0.455051
665,13,0.451657
665,14,0.456434
665,15,0.444628
666,1,0.455863
666,2,0.459942
666,3,0.454788
666,4,0.464899
666,5,0.466078
666,6,0.453488
666,7,0.493011
666,8,0.530902
666,9,0.527304
666,10,0.523019
666,11,0.518364
666,12,0.527248
666,13,0.453680
666,14,0.460253
666,15,0.459243
667,1,0.500228
667,2,0.522819
667,3,0.519559
667,4,0.456210
667,5,0.448519
667,6,0.448411
667,7,0.463720
667,8,0.466639
667,9,0.448879
667,10,0.501062
667,11,0.521458
667,12,0.531339
667,13,0.455952
667,14,0.469763
667,15,0.497676
668,1,0.461786
668,2,0.450109
668,3,0.461305
668,4,0.493350
668,5,0.526762
668,6,0.461561
668,7,0.489178
668,8,0.502151
668,9,0.501479
668,10,0.516159
668,11,0.530202
668,12,0.526491
668,13,0.526048
668,14,0.518622
668,15,0.527730
669,1,0.521553
669,2,0.525478
669,3,0.459384
669,4,0.456415
669,5,0.455445
669,6,0.509614
669,7,0.522716
669,8,0.521641
669,9,0.455576
669,10,0.450893
669,11,0.441536
669,12,0.444652
669,13,0.451599
669,14,0.505936
669,15,0.528195
670,1,0.526491
670,2,0.527184
670,3,0.526247
670,4,0.523293
670,5,0.522958
670,6,0.527141
670,7,0.517620
670,8,0.451540
670,9,0.488078
670,10,0.477549
670,11,0.528195
670,12,0.461026
670,13,0.450156
670,14,0.452191
670,15,0.445796
671,1,0.447143
671,2,0.499495
671,3,0.527346
671,4,0.526491
671,5,0.526550
671,6,0.522195
671,7,0.521476
671,8,0.522266
671,9,0.522121
671,10,0.522285
671,11,0.529516
671,12,0.455952
671,13,0.449400
671,14,0.451910
671,15,0.446542
672,1,0.455552
672,2,0.457837
672,3,0.446105
672,4,0.453456
672,5,0.467294
672,6,0.484477
672,7,0.498268
672,8,0.500438
672,9,0.456350
672,10,0.450764
672,11,0.441536
672,12,0.467016
672,13,0.446545
672,14,0.451651
672,15,0.458793
673,1,0.451367
673,2,0.448808
673,3,0.495811
673,4,0.495507
673,5,0.529547
673,6,0.527812
673,7,0.458680
673,8,0.455139
673,9,0.445895
673,10,0.451435
673,11,0.445338
673,12,0.446116
673,13,0.449253
673,14,0.458073
673,15,0.446320
674,1,0.450044
674,2,0.501491
674,3,0.457488
674,4,0.451078
674,5,0.459891
674,6,0.447187
674,7,0.445696
674,8,0.455873
674,9,0.462548
674,10,0.446175
674,11,0.445696
674,12,0.448620
674,13,0.447315
674,14,0.448185
674,15,0.455428
675,1,0.482529
675,2,0.494866
675,3,0.457503
675,4,0.448894
675,5,0.444357
675,6,0.456064
675,7,0.447475
675,8,0.452257
675,9,0.520801
675,10,0.527031
675,11,0.526369
675,12,0.523127
675,13,0.518256
675,14,0.524412
675,15,0.453558
676,1,0.445736
676,2,0.446045
676,3,0.455937
676,4,0.492344
676,5,0.456508
676,6,0.482860
676,7,0.531528
676,8,0.527304
676,9,0.461026
676,10,0.455580
676,11,0.455850
676,12,0.494723
676,13,0.458945
676,14,0.445503
676,15,0.454913
677,1,0.490374
677,2,0.500439
677,3,0.455021
677,4,0.446393
677,5,0.445444
677,6,0.459663
677,7,0.449100
677,8,0.457099
677,9,0.504559
677,10,0.525259
677,11,0.521910
677,12,0.526980
677,13,0.521049
677,14,0.532194
677,15,0.457599
678,1,0.450347
678,2,0.448681
678,3,0.456005
678,4,0.454218
678,5,0.461179
678,6,0.457525
678,7,0.446993
678,8,0.445663
678,9,0.450167
678,10,0.495777
678,11,0.518808
678,12,0.446220
678,13,0.482014
678,14,0.499067
678,15,0.494520
679,1,0.515018
679,2,0.520514
679,3,0.526786
679,4,0.518840
679,5,0.527007
679,6,0.466247
679,7,0.487091
679,8,0.504540
679,9,0.461141
679,10,0.453915
679,11,0.461825
679,12,0.484980
679,13,0.497934
679,14,0.492535
679,15,0.526922
680,1,0.523306
680,2,0.460014
680,3,0.448877
680,4,0.449401
680,5,0.497363
680,6,0.457162
680,7,0.455127
680,8,0.464369
680,9,0.451299
680,10,0.463497
680,11,0.500539
680,12,0.490219
680,13,0.495476
680,14,0.521619
680,15,0.525454
681,1,0.456402
681,2,0.454705
681,3,0.443407
681,4,0.451522
681,5,0.458150
681,6,0.470875
681,7,0.500456
681,8,0.502195
681,9,0.526980
681,10,0.518766
681,11,0.521714
681,12,0.517601
681,13,0.521641
681,14,0.526980
681,15,0.523019
682,1,0.522608
682,2,0.446404
682,3,0.449252
682,4,0.444571
682,5,0.450793
682,6,0.502264
682,7,0.460168
682,8,0.446498
682,9,0.448010
682,10,0.469800
682,11,0.445805
682,12,0.457839
682,13,0.493419
682,14,0.495082
682,15,0.452944
683,1,0.463834
683,2,0.452588
683,3,0.500032
683,4,0.495377
683,5,0.523437
683,6,0.518256
683,7,0.521604
683,8,0.450722
683,9,0.445503
683,10,0.454913
683,11,0.458046
683,12,0.454766
683,13,0.454860
683,14,0.456702
683,15,0.465366
684,1,0.460818
684,2,0.454269
684,3,0.458254
684,4,0.450775
684,5,0.449878
684,6,0.523757
684,7,0.515074
684,8,0.521635
684,9,0.456708
684,10,0.454054
684,11,0.449878
684,12,0.495403
684,13,0.455952
684,14,0.444400
684,15,0.441536
685,1,0.462948
685,2,0.448437
685,3,0.452422
685,4,0.501729
685,5,0.529837
685,6,0.457132
685,7,0.462783
685,8,0.456085
685,9,0.446036
685,10,0.452601
685,11,0.496864
685,12,0.509284
685,13,0.531600
685,14,0.530203
685,15,0.526491
686,1,0.532048
686,2,0.458401
686,3,0.450117
686,4,0.449878
686,5,0.497040
686,6,0.455360
686,7,0.457245
686,8,0.451908
686,9,0.489680
686,10,0.460680
686,11,0.453855
686,12,0.468560
686,13,0.450070
686,14,0.496923
686,15,0.490816
687,1,0.518317
687,2,0.522161
687,3,0.455952
687,4,0.481046
687,5,0.503662
687,6,0.493615
687,7,0.528547
687,8,0.523277
687,9,0.532141
687,10,0.452544
687,11,0.511359
687,12,0.458932
687,13,0.447769
687,14,0.447577
687,15,0.503635
688,1,0.490804
688,2,0.519559
688,3,0.523872
688,4,0.527090
688,5,0.461026
688,6,0.463815
688,7,0.459680
688,8,0.447579
688,9,0.447875
688,10,0.491609
688,11,0.498784
688,12,0.455952
688,13,0.450295
688,14,0.449044
688,15,0.459408
689,1,0.483746
689,2,0.527946
689,3,0.524021
689,4,0.449633
689,5,0.487091
689,6,0.497676
689,7,0.526491
689,8,0.457325
689,9,0.453397
689,10,0.451526
689,11,0.450790
689,12,0.448309
689,13,0.463844
689,14,0.446708
689,15,0.461872
690,1,0.497491
690,2,0.455718
690,3,0.487783
690,4,0.496598
690,5,0.527304
690,6,0.525223
690,7,0.529947
690,8,0.461841
690,9,0.489747
690,10,0.499294
690,11,0.457493
690,12,0.453792
690,13,0.452335
690,14,0.473061
690,15,0.499257
691,1,0.457442
691,2,0.447820
691,3,0.453623
691,4,0.489875
691,5,0.530102
691,6,0.521823
691,7,0.521823
691,8,0.530203
691,9,0.525906
691,10,0.518288
691,11,0.526635
691,12,0.522819
691,13,0.462150
691,14,0.446321
691,15,0.456756
692,1,0.455286
692,2,0.445716
692,3,0.449865
692,4,0.497538
692,5,0.498322
692,6,0.532746
692,7,0.458405
692,8,0.454054
692,9,0.454591
692,10,0.489522
692,11,0.518993
692,12,0.522492
692,13,0.526922
692,14,0.520739
692,15,0.530089
693,1,0.460703
693,2,0.489178
693,3,0.457179
693,4,0.466170
693,5,0.462124
693,6,0.451449
693,7,0.463332
693,8,0.461217
693,9,0.465126
693,10,0.461826
693,11,0.449418
693,12,0.506562
693,13,0.528881
693,14,0.521314
693,15,0.532687
694,1,0.527238
694,2,0.526723
694,3,0.529971
694,4,0.518701
694,5,0.522856
694,6,0.455659
694,7,0.486797
694,8,0.489769
694,9,0.456754
694,10,0.485828
694,11,0.506296
694,12,0.533542
694,13,0.522741
694,14,0.460014
694,15,0.444252
695,1,0.466841
695,2,0.491229
695,3,0.507086
695,4,0.522741
695,5,0.524434
695,6,0.520948
695,7,0.520821
695,8,0.521200
695,9,0.522597
695,10,0.519188
695,11,0.519559
695,12,0.455650
695,13,0.454102
695,14,0.453623
695,15,0.503361
696,1,0.461786
696,2,0.451469
696,3,0.445175
696,4,0.449528
696,5,0.449357
696,6,0.472324
696,7,0.521767
696,8,0.460526
696,9,0.451472
696,10,0.480006
696,11,0.500853
696,12,0.452602
696,13,0.488800
696,14,0.467834
696,15,0.483042
697,1,0.456320
697,2,0.445807
697,3,0.449344
697,4,0.500985
697,5,0.493699
697,6,0.526875
697,7,0.524738
697,8,0.457372
697,9,0.445463
697,10,0.452019
697,11,0.453395
697,12,0.458929
697,13,0.457252
697,14,0.462944
697,15,0.464899
698,1,0.448057
698,2,0.503680
698,3,0.462301
698,4,0.445328
698,5,0.466353
698,6,0.469437
698,7,0.450247
698,8,0.495940
698,9,0.494342
698,10,0.508393
698,11,0.455956
698,12,0.444400
698,13,0.441536
698,14,0.448644
698,15,0.454707
699,1,0.447127
699,2,0.444770
699,3,0.483039
699,4,0.518721
699,5,0.529506
699,6,0.521891
699,7,0.521316
699,8,0.519880
699,9,0.458077
699,10,0.449766
699,11,0.452566
699,12,0.454584
699,13,0.455629
699,14,0.445909
699,15,0.458058
700,1,0.493419
700,2,0.497939
700,3,0.527304
700,4,0.531010
700,5,0.525404
700,6,0.527275
700,7,0.460703
700,8,0.452352
700,9,0.443407
700,10,0.452038
700,11,0.462922
700,12,0.457060
700,13,0.471256
700,14,0.497304
700,15,0.502195
701,1,0.521823
701,2,0.458077
701,3,0.450893
701,4,0.435094
701,5,0.449508
701,6,0.498618
701,7,0.456373
701,8,0.461716
701,9,0.455587
701,10,0.486793
701,11,0.455821
701,12,0.446976
701,13,0.447985
701,14,0.458569
701,15,0.456295
702,1,0.452670
702,2,0.520778
702,3,0.530281
702,4,0.460526
702,5,0.449766
702,6,0.455559
702,7,0.469568
702,8,0.447097
702,9,0.458008
702,10,0.462149
702,11,0.453029
702,12,0.451665
702,13,0.457134
702,14,0.474420
702,15,0.453381
703,1,0.467280
703,2,0.530792
703,3,0.523966
703,4,0.457722
703,5,0.446791
703,6,0.446279
703,7,0.453800
703,8,0.466410
703,9,0.495512
703,10,0.454885
703,11,0.451173
703,12,0.454268
703,13,0.453683
703,14,0.450776
703,15,0.454591
704,1,0.495310
704,2,0.447940
704,3,0.487091
704,4,0.461263
704,5,0.452935
704,6,0.452479
704,7,0.448106
704,8,0.455965
704,9,0.453606
704,10,0.451907
704,11,0.499634
704,12,0.523227
704,13,0.526488
704,14,0.531999
704,15,0.459724
705,1,0.452589
705,2,0.451526
705,3,0.457479
705,4,0.493711
705,5,0.458579
705,6,0.452883
705,7,0.451526
705,8,0.448106
705,9,0.456878
705,10,0.448295
705,11,0.504059
705,12,0.461786
705,13,0.481910
705,14,0.495939
705,15,0.514919
706,1,0.517818
706,2,0.457599
706,3,0.487186
706,4,0.502002
706,5,0.448463
706,6,0.481827
706,7,0.456709
706,8,0.489894
706,9,0.458156
706,10,0.455447
706,11,0.452029
706,12,0.454849
706,13,0.447179
706,14,0.505932
706,15,0.531155
707,1,0.531339
707,2,0.531704
707,3,0.530161
707,4,0.523019
707,5,0.522856
707,6,0.521868
707,7,0.521641
707,8,0.521452
707,9,0.531965
707,10,0.456754
707,11,0.450295
707,12,0.453622
707,13,0.468626
707,14,0.458236
707,15,0.482313
708,1,0.458632
708,2,0.449677
708,3,0.455559
708,4,0.444652
708,5,0.455260
708,6,0.501380
708,7,0.494358
708,8,0.532298
708,9,0.527346
708,10,0.522970
708,11,0.526546
708,12,0.526452
708,13,0.524853
708,14,0.528109
708,15,0.525352
709,1,0.530685
709,2,0.529888
709,3,0.460512
709,4,0.456231
709,5,0.467188
709,6,0.446391
709,7,0.455143
709,8,0.463263
709,9,0.484741
709,10,0.499801
709,11,0.458239
709,12,0.447916
709,13,0.454874
709,14,0.483458
709,15,0.506002
710,1,0.455952
710,2,0.450764
710,3,0.453075
710,4,0.495694
710,5,0.461286
710,6,0.457111
710,7,0.469644
710,8,0.469437
710,9,0.451222
710,10,0.501306
710,11,0.514268
710,12,0.531339
710,13,0.456378
710,14,0.449347
710,15,0.440388
711,1,0.447476
711,2,0.457595
711,3,0.483042
711,4,0.508555
711,5,0.531704
711,6,0.521458
711,7,0.521823
711,8,0.526980
711,9,0.461283
711,10,0.452427
711,11,0.445221
711,12,0.452275
711,13,0.450860
711,14,0.451626
711,15,0.487905
712,1,0.460505
712,2,0.488484
712,3,0.457969
712,4,0.446681
712,5,0.472261
712,6,0.496015
712,7,0.521646
712,8,0.461561
712,9,0.469030
712,10,0.480376
712,11,0.500927
712,12,0.455429
712,13,0.453664
712,14,0.447363
712,15,0.465749
713,1,0.448347
713,2,0.472083
713,3,0.496570
713,4,0.491739
713,5,0.456781
713,6,0.458758
713,7,0.453085
713,8,0.456820
713,9,0.506187
713,10,0.499623
713,11,0.456461
713,12,0.488078
713,13,0.486220
713,14,0.461786
713,15,0.446297
714,1,0.462207
714,2,0.500589
714,3,0.458048
714,4,0.455804
714,5,0.455433
714,6,0.495897
714,7,0.527914
714,8,0.520699
714,9,0.456662
714,10,0.446791
714,11,0.443371
714,12,0.464550
714,13,0.469416
714,14,0.468361
714,15,0.500927
715,1,0.531155
715,2,0.531155
715,3,0.458355
715,4,0.487186
715,5,0.457234
715,6,0.450369
715,7,0.457702
715,8,0.452166
715,9,0.464304
715,10,0.458329
715,11,0.449289
715,12,0.453752
715,13,0.529693
715,14,0.525205
715,15,0.445860
716,1,0.454726
716,2,0.455240
716,3,0.494994
716,4,0.491838
716,5,0.499509
716,6,0.517148
716,7,0.531655
716,8,0.526980
716,9,0.460255
716,10,0.482931
716,11,0.461550
716,12,0.453303
716,13,0.449219
716,14,0.496864
716,15,0.528557
717,1,0.457526
717,2,0.464437
717,3,0.465541
717,4,0.449324
717,5,0.489897
717,6,0.499220
717,7,0.525268
717,8,0.521049
717,9,0.529900
717,10,0.460703
717,11,0.453738
717,12,0.461737
717,13,0.499854
717,14,0.455959
717,15,0.444983
718,1,0.460481
718,2,0.502559
718,3,0.522819
718,4,0.527162
718,5,0.452934
718,6,0.445237
718,7,0.442962
718,8,0.450732
718,9,0.447598
718,10,0.457507
718,11,0.489753
718,12,0.502132
718,13,0.498365
718,14,0.494097
718,15,0.461526
719,1,0.483975
719,2,0.499891
719,3,0.461951
719,4,0.490210
719,5,0.499901
719,6,0.490816
719,7,0.496748
719,8,0.529516
719,9,0.521458
719,10,0.455952
719,11,0.485963
719,12,0.501199
719,13,0.458654
719,14,0.450117
719,15,0.455025
720,1,0.521474
720,2,0.460021
720,3,0.468565
720,4,0.499565
720,5,0.526024
720,6,0.525808
720,7,0.531607
720,8,0.455956
720,9,0.445674
720,10,0.450734
720,11,0.449331
720,12,0.452112
720,13,0.502054
720,14,0.494746
720,15,0.461206
721,1,0.446114
721,2,0.447745
721,3,0.505129
721,4,0.521021
721,5,0.529837
721,6,0.523019
721,7,0.535415
721,8,0.526670
721,9,0.524185
721,10,0.522115
721,11,0.527304
721,12,0.525906
721,13,0.532746
721,14,0.521641
721,15,0.521458
722,1,0.460526
722,2,0.451012
722,3,0.462193
722,4,0.468320
722,5,0.504396
722,6,0.522222
722,7,0.526980
722,8,0.522970
722,9,0.457667
722,10,0.448360
722,11,0.466736
722,12,0.449131
722,13,0.503884
722,14,0.518808
722,15,0.457325
723,1,0.450060
723,2,0.445610
723,3,0.451147
723,4,0.502029
723,5,0.456365
723,6,0.454705
723,7,0.463896
723,8,0.445444
723,9,0.452721
723,10,0.525144
723,11,0.530161
723,12,0.460512
723,13,0.473168
723,14,0.463947
723,15,0.468703
724,1,0.495086
724,2,0.503505
724,3,0.532298
724,4,0.527304
724,5,0.525223
724,6,0.455705
724,7,0.449698
724,8,0.460380
724,9,0.467290
724,10,0.521312
724,11,0.458401
724,12,0.450347
724,13,0.444571
724,14,0.451885
724,15,0.447145
725,1,0.445684
725,2,0.465272
725,3,0.501538
725,4,0.523049
725,5,0.455956
725,6,0.444400
725,7,0.445934
725,8,0.455192
725,9,0.445775
725,10,0.456139
725,11,0.502292
725,12,0.461026
725,13,0.448882
725,14,0.453412
725,15,0.445889
726,1,0.450213
726,2,0.505932
726,3,0.521823
726,4,0.455952
726,5,0.444817
726,6,0.455462
726,7,0.449769
726,8,0.454483
726,9,0.483967
726,10,0.503406
726,11,0.461620
726,12,0.446921
726,13,0.446413
726,14,0.504419
726,15,0.457599
727,1,0.449766
727,2,0.455559
727,3,0.469568
727,4,0.450247
727,5,0.495811
727,6,0.529228
727,7,0.455952
727,8,0.453159
727,9,0.449878
727,10,0.474651
727,11,0.459226
727,12,0.444571
727,13,0.452952
727,14,0.449771
727,15,0.457881
728,1,0.495843
728,2,0.456701
728,3,0.451012
728,4,0.458915
728,5,0.457461
728,6,0.469328
728,7,0.468046
728,8,0.495811
728,9,0.507860
728,10,0.458401
728,11,0.486720
728,12,0.465422
728,13,0.458081
728,14,0.444098
728,15,0.457299
729,1,0.459318
729,2,0.452818
729,3,0.453736
729,4,0.483382
729,5,0.507188
729,6,0.458879
729,7,0.450117
729,8,0.453206
729,9,0.456607
729,10,0.462988
729,11,0.449631
729,12,0.451496
729,13,0.447782
729,14,0.454381
729,15,0.448973
730,1,0.450949
730,2,0.507944
730,3,0.530161
730,4,0.523974
730,5,0.523888
730,6,0.527238
730,7,0.529389
730,8,0.455476
730,9,0.451090
730,10,0.461737
730,11,0.493047
730,12,0.451443
730,13,0.487321
730,14,0.507066
730,15,0.525700
731,1,0.456104
731,2,0.449065
731,3,0.451613
731,4,0.446670
731,5,0.446411
731,6,0.467475
731,7,0.498690
731,8,0.532746
731,9,0.458401
731,10,0.453587
731,11,0.453075
731,12,0.459242
731,13,0.485400
731,14,0.502758
731,15,0.500666
732,1,0.525084
732,2,0.455228
732,3,0.483650
732,4,0.453795
732,5,0.449503
732,6,0.444601
732,7,0.451794
732,8,0.451738
732,9,0.452954
732,10,0.458274
732,11,0.452373
732,12,0.461609
732,13,0.457445
732,14,0.463115
732,15,0.465438
733,1,0.447769
733,2,0.447875
733,3,0.498904
733,4,0.495134
733,5,0.529779
733,6,0.522493
733,7,0.532298
733,8,0.522194
733,9,0.458879
733,10,0.450117
733,11,0.458915
733,12,0.449385
733,13,0.452048
733,14,0.455100
733,15,0.448012
734,1,0.452224
734,2,0.507944
734,3,0.455952
734,4,0.449432
734,5,0.451910
734,6,0.451545
734,7,0.450768
734,8,0.452980
734,9,0.471656
734,10,0.498171
734,11,0.520405
734,12,0.526980
734,13,0.525343
734,14,0.524434
734,15,0.464390
735,1,0.471127
735,2,0.497407
735,3,0.456583
735,4,0.451367
735,5,0.452566
735,6,0.454802
735,7,0.446588
735,8,0.451375
735,9,0.505327
735,10,0.461026
735,11,0.469030
735,12,0.458156
735,13,0.451031
735,14,0.450578
735,15,0.468551
736,1,0.491106
736,2,0.458077
736,3,0.446390
736,4,0.449878
736,5,0.457986
736,6,0.448255
736,7,0.448681
736,8,0.502901
736,9,0.457287
736,10,0.446297
736,11,0.455850
736,12,0.455880
736,13,0.464746
736,14,0.506701
736,15,0.530203
737,1,0.461283
737,2,0.456231
737,3,0.452352
737,4,0.460650
737,5,0.485583
737,6,0.504496
737,7,0.457445
737,8,0.470062
737,9,0.459334
737,10,0.447313
737,11,0.455852
737,12,0.499953
737,13,0.466830
737,14,0.482391
737,15,0.514787
738,1,0.530161
738,2,0.529596
738,3,0.522856
738,4,0.522520
738,5,0.519109
738,6,0.522430
738,7,0.520966
738,8,0.527031
738,9,0.525223
738,10,0.532295
738,11,0.455851
738,12,0.481046
738,13,0.507076
738,14,0.461135
738,15,0.446343
739,1,0.451068
739,2,0.509614
739,3,0.521958
739,4,0.456754
739,5,0.487321
739,6,0.495918
739,7,0.459248
739,8,0.449766
739,9,0.453723
739,10,0.449508
739,11,0.458867
739,12,0.484724
739,13,0.495938
739,14,0.494408
739,15,0.519559
740,1,0.519156
740,2,0.525638
740,3,0.521909
740,4,0.461433
740,5,0.450764
740,6,0.441536
740,7,0.466383
740,8,0.470652
740,9,0.469703
740,10,0.466133
740,11,0.457514
740,12,0.449669
740,13,0.459319
740,14,0.449677
740,15,0.445436
741,1,0.451239
741,2,0.492576
741,3,0.458299
741,4,0.469252
741,5,0.459990
741,6,0.452824
741,7,0.452391
741,8,0.457226
741,9,0.472375
741,10,0.499015
741,11,0.528769
741,12,0.527022
741,13,0.522741
741,14,0.460014
741,15,0.444640
742,1,0.447624
742,2,0.460505
742,3,0.451689
742,4,0.454123
742,5,0.455405
742,6,0.484031
742,7,0.458156
742,8,0.487693
742,9,0.497368
742,10,0.526024
742,11,0.525906
742,12,0.523269
742,13,0.518256
742,14,0.457529
742,15,0.471631
743,1,0.494801
743,2,0.456757
743,3,0.447583
743,4,0.445893
743,5,0.451953
743,6,0.484128
743,7,0.498597
743,8,0.527873
743,9,0.518808
743,10,0.522959
743,11,0.521308
743,12,0.527184
743,13,0.524940
743,14,0.458761
743,15,0.451359
744,1,0.459942
744,2,0.495667
744,3,0.455718
744,4,0.450250
744,5,0.447123
744,6,0.458031
744,7,0.452017
744,8,0.460428
744,9,0.465261
744,10,0.459803
744,11,0.449677
744,12,0.453202
744,13,0.500927
744,14,0.458401
744,15,0.452076
745,1,0.458915
745,2,0.456909
745,3,0.464515
745,4,0.463014
745,5,0.446327
745,6,0.455183
745,7,0.443074
745,8,0.466087
745,9,0.449677
745,10,0.444571
745,11,0.455777
745,12,0.456625
745,13,0.449385
745,14,0.480443
745,15,0.458039
746,1,0.485197
746,2,0.460281
746,3,0.449698
746,4,0.449878
746,5,0.530589
746,6,0.457599
746,7,0.487321
746,8,0.502232
746,9,0.503505
746,10,0.527090
746,11,0.455397
746,12,0.456723
746,13,0.467188
746,14,0.465866
746,15,0.461561
747,1,0.450032
747,2,0.496864
747,3,0.455952
747,4,0.449349
747,5,0.447985
747,6,0.499529
747,7,0.463165
747,8,0.451852
747,9,0.455066
747,10,0.517199
747,11,0.521772
747,12,0.526369
747,13,0.456123
747,14,0.485733
747,15,0.484267
748,1,0.514518
748,2,0.518480
748,3,0.522601
748,4,0.460526
748,5,0.450117
748,6,0.462193
748,7,0.492343
748,8,0.499534
748,9,0.514751
748,10,0.452150
748,11,0.445044
748,12,0.453190
748,13,0.455813
748,14,0.465266
748,15,0.506030
749,1,0.456754
749,2,0.450295
749,3,0.454754
749,4,0.455384
749,5,0.462435
749,6,0.496277
749,7,0.456701
749,8,0.449892
749,9,0.445610
749,10,0.456937
749,11,0.460009
749,12,0.444593
749,13,0.453036
749,14,0.488951
749,15,0.495502
750,1,0.499220
750,2,0.499586
750,3,0.521823
750,4,0.541218
750,5,0.457599
750,6,0.485963
750,7,0.503662
750,8,0.496209
750,9,0.526344
750,10,0.521954
750,11,0.518739
750,12,0.456754
750,13,0.450295
750,14,0.450774
750,15,0.497643
751,1,0.498268
751,2,0.456985
751,3,0.445988
751,4,0.447173
751,5,0.455736
751,6,0.494406
751,7,0.491863
751,8,0.458401
751,9,0.487186
751,10,0.498171
751,11,0.522007
751,12,0.527064
751,13,0.460512
751,14,0.461037
751,15,0.505333
752,1,0.530203
752,2,0.525906
752,3,0.526718
752,4,0.522073
752,5,0.530041
752,6,0.523048
752,7,0.525837
752,8,0.531999
752,9,0.531155
752,10,0.458879
752,11,0.450764
752,12,0.447985
752,13,0.457509
752,14,0.486747
752,15,0.528472
753,1,0.526491
753,2,0.526875
753,3,0.459081
753,4,0.488713
753,5,0.505089
753,6,0.461786
753,7,0.451721
753,8,0.451605
753,9,0.452997
753,10,0.483002
753,11,0.496688
753,12,0.520584
753,13,0.457599
753,14,0.464981
753,15,0.456709
754,1,0.446409
754,2,0.452256
754,3,0.499730
754,4,0.531155
754,5,0.457223
754,6,0.449766
754,7,0.453723
754,8,0.471400
754,9,0.451222
754,10,0.506562
754,11,0.531521
754,12,0.521641
754,13,0.457599
754,14,0.445815
754,15,0.447985
755,1,0.503887
755,2,0.498350
755,3,0.498015
755,4,0.521364
755,5,0.519632
755,6,0.459624
755,7,0.450764
755,8,0.453075
755,9,0.500778
755,10,0.457287
755,11,0.461805
755,12,0.463901
755,13,0.446593
755,14,0.453598
755,15,0.452897
756,1,0.509166
756,2,0.530281
756,3,0.525960
756,4,0.458201
756,5,0.445503
756,6,0.454913
756,7,0.493216
756,8,0.459184
756,9,0.450869
756,10,0.469003
756,11,0.452333
756,12,0.474087
756,13,0.496835
756,14,0.496773
756,15,0.527812
757,1,0.456710
757,2,0.445952
757,3,0.449550
757,4,0.499634
757,5,0.459989
757,6,0.446611
757,7,0.452843
757,8,0.455304
757,9,0.454996
757,10,0.495432
757,11,0.528881
757,12,0.522790
757,13,0.462150
757,14,0.445473
757,15,0.473604
758,1,0.492338
758,2,0.459114
758,3,0.450117
758,4,0.451910
758,5,0.464295
758,6,0.460505
758,7,0.455334
758,8,0.453596
758,9,0.501030
758,10,0.458239
758,11,0.451673
758,12,0.461249
758,13,0.455028
758,14,0.447031
758,15,0.447210
759,1,0.459000
759,2,0.448782
759,3,0.454662
759,4,0.457480
759,5,0.446124
759,6,0.457574
759,7,0.527090
759,8,0.522370
759,9,0.518349
759,10,0.522071
759,11,0.527304
759,12,0.523916
759,13,0.521461
759,14,0.521903
759,15,0.455905
760,1,0.450295
760,2,0.454754
760,3,0.500121
760,4,0.452687
760,5,0.452002
760,6,0.461491
760,7,0.509106
760,8,0.499759
760,9,0.508292
760,10,0.453720
760,11,0.447988
760,12,0.456929
760,13,0.492919
760,14,0.452051
760,15,0.482313
761,1,0.490459
761,2,0.522495
761,3,0.461026
761,4,0.464437
761,5,0.466353
761,6,0.447542
761,7,0.474139
761,8,0.506210
761,9,0.456754
761,10,0.450295
761,11,0.451531
761,12,0.502029
761,13,0.522492
761,14,0.526922
761,15,0.460880
762,1,0.451721
762,2,0.462557
762,3,0.460019
762,4,0.444602
762,5,0.444265
762,6,0.457850
762,7,0.498283
762,8,0.458108
762,9,0.487026
762,10,0.458881
762,11,0.445472
762,12,0.449518
762,13,0.503635
762,14,0.500219
762,15,0.531159
763,1,0.530161
763,2,0.525862
763,3,0.458707
763,4,0.487321
763,5,0.469180
763,6,0.456701
763,7,0.481046
763,8,0.504496
763,9,0.495651
763,10,0.516856
763,11,0.457288
763,12,0.453309
763,13,0.448681
763,14,0.459694
763,15,0.452224
764,1,0.446162
764,2,0.448015
764,3,0.456310
764,4,0.468530
764,5,0.452897
764,6,0.456681
764,7,0.449698
764,8,0.449878
764,9,0.459233
764,10,0.450764
764,11,0.447985
764,12,0.459694
764,13,0.447865
764,14,0.452848
764,15,0.502029
765,1,0.522493
765,2,0.532298
765,3,0.459724
765,4,0.449254
765,5,0.446424
765,6,0.493933
765,7,0.501361
765,8,0.455990
765,9,0.472384
765,10,0.494866
765,11,0.459724
765,12,0.450117
765,13,0.455872
765,14,0.501101
765,15,0.507871
766,1,0.498040
766,2,0.527012
766,3,0.526423
766,4,0.521028
766,5,0.456754
766,6,0.451012
766,7,0.454268
766,8,0.499961
766,9,0.526300
766,10,0.456435
766,11,0.454110
766,12,0.451526
766,13,0.452387
766,14,0.500592
766,15,0.457078
767,1,0.484027
767,2,0.505333
767,3,0.458077
767,4,0.487186
767,5,0.503970
767,6,0.461643
767,7,0.446249
767,8,0.451621
767,9,0.501561
767,10,0.522281
767,11,0.526740
767,12,0.461818
767,13,0.452977
767,14,0.453538
767,15,0.446962
768,1,0.445760
768,2,0.452096
768,3,0.464244
768,4,0.496923
768,5,0.497340
768,6,0.462150
768,7,0.489833
768,8,0.496332
768,9,0.529837
768,10,0.525808
768,11,0.456581
768,12,0.485963
768,13,0.458881
768,14,0.483722
768,15,0.457421
769,1,0.488758
769,2,0.505333
769,3,0.457599
769,4,0.450347
769,5,0.447985
769,6,0.454987
769,7,0.447971
769,8,0.450867
769,9,0.457274
769,10,0.450775
769,11,0.459034
769,12,0.448964
769,13,0.456027
769,14,0.470741
769,15,0.454455
770,1,0.456322
770,2,0.455559
770,3,0.447571
770,4,0.457488
770,5,0.495274
770,6,0.459942
770,7,0.483036
770,8,0.502758
770,9,0.498642
770,10,0.456123
770,11,0.454428
770,12,0.453723
770,13,0.471763
770,14,0.449710
770,15,0.459242
771,1,0.454039
771,2,0.453075
771,3,0.459343
771,4,0.447313
771,5,0.450578
771,6,0.454648
771,7,0.456178
771,8,0.467284
771,9,0.448058
771,10,0.455750
771,11,0.464721
771,12,0.510406
771,13,0.521506
771,14,0.532313
771,15,0.455956
772,1,0.450117
772,2,0.454268
772,3,0.493557
772,4,0.459889
772,5,0.483004
772,6,0.506609
772,7,0.498189
772,8,0.527162
772,9,0.520872
772,10,0.532808
772,11,0.530203
772,12,0.525906
772,13,0.532560
772,14,0.526980
772,15,0.456104
773,1,0.445496
773,2,0.446708
773,3,0.498402
773,4,0.461786
773,5,0.489178
773,6,0.457394
773,7,0.447971
773,8,0.453180
773,9,0.453496
773,10,0.464579
773,11,0.461355
773,12,0.450569
773,13,0.459260
773,14,0.464822
773,15,0.455841
774,1,0.489039
774,2,0.460505
774,3,0.484031
774,4,0.467923
774,5,0.454875
774,6,0.457702
774,7,0.453547
774,8,0.448152
774,9,0.503098
774,10,0.460184
774,11,0.450680
774,12,0.479052
774,13,0.521828
774,14,0.458779
774,15,0.487186
775,1,0.500805
775,2,0.461022
775,3,0.468028
775,4,0.487395
775,5,0.478864
775,6,0.462060
775,7,0.454791
775,8,0.449664
775,9,0.490511
775,10,0.460526
775,11,0.449766
775,12,0.447985
775,13,0.498695
775,14,0.465377
775,15,0.453520
776,1,0.461737
776,2,0.493287
776,3,0.491644
776,4,0.492206
776,5,0.532966
776,6,0.532226
776,7,0.459724
776,8,0.445815
776,9,0.444571
776,10,0.457117
776,11,0.494506
776,12,0.492820
776,13,0.458740
776,14,0.452218
776,15,0.453075
777,1,0.487097
777,2,0.464117
777,3,0.457843
777,4,0.468382
777,5,0.459481
777,6,0.446048
777,7,0.451105
777,8,0.459665
777,9,0.450775
777,10,0.454123
777,11,0.507368
777,12,0.456653
777,13,0.488123
777,14,0.457969
777,15,0.447017
778,1,0.445436
778,2,0.475292
778,3,0.500230
778,4,0.501192
778,5,0.454071
778,6,0.453072
778,7,0.453075
778,8,0.458618
778,9,0.456295
778,10,0.446475
778,11,0.456937
778,12,0.457422
778,13,0.446785
778,14,0.455424
778,15,0.458168
779,1,0.445591
779,2,0.453613
779,3,0.448534
779,4,0.454535
779,5,0.447091
779,6,0.455013
779,7,0.470117
779,8,0.505966
779,9,0.461786
779,10,0.462625
779,11,0.447509
779,12,0.503028
779,13,0.494657
779,14,0.445391
779,15,0.486086
780,1,0.459616
780,2,0.447313
780,3,0.451729
780,4,0.454874
780,5,0.468504
780,6,0.466639
780,7,0.469416
780,8,0.449418
780,9,0.502341
780,10,0.464631
780,11,0.452237
780,12,0.455262
780,13,0.458016
780,14,0.450117
780,15,0.454859
781,1,0.457920
781,2,0.446460
781,3,0.461561
781,4,0.464515
781,5,0.466496
781,6,0.450713
781,7,0.495761
781,8,0.493351
781,9,0.526781
781,10,0.526369
781,11,0.456123
781,12,0.450762
781,13,0.454472
781,14,0.505071
781,15,0.526369
782,1,0.456581
782,2,0.488123
782,3,0.488049
782,4,0.527304
782,5,0.522970
782,6,0.521466
782,7,0.522845
782,8,0.529956
782,9,0.524653
782,10,0.529701
782,11,0.529709
782,12,0.459886
782,13,0.445817
782,14,0.454883
782,15,0.485997
783,1,0.491679
783,2,0.454881
783,3,0.466474
783,4,0.506296
783,5,0.454881
783,6,0.485963
783,7,0.496598
783,8,0.530203
783,9,0.522970
783,10,0.525837
783,11,0.527571
783,12,0.525947
783,13,0.458154
783,14,0.487091
783,15,0.506296
784,1,0.526980
784,2,0.521634
784,3,0.516596
784,4,0.458300
784,5,0.451181
784,6,0.458915
784,7,0.452190
784,8,0.455689
784,9,0.491229
784,10,0.502195
784,11,0.531339
784,12,0.458879
784,13,0.471878
784,14,0.502758
784,15,0.457588
785,1,0.445087
785,2,0.455030
785,3,0.465345
785,4,0.485895
785,5,0.505333
785,6,0.530203
785,7,0.522741
785,8,0.518909
785,9,0.522808
785,10,0.456077
785,11,0.449658
785,12,0.455025
785,13,0.501326
785,14,0.459889
785,15,0.468565
786,1,0.496688
786,2,0.458879
786,3,0.450117
786,4,0.458915
786,5,0.485950
786,6,0.505333
786,7,0.521641
786,8,0.460526
786,9,0.451012
786,10,0.461179
786,11,0.475079
786,12,0.493128
786,13,0.496195
786,14,0.457338
786,15,0.490728
787,1,0.506386
787,2,0.507086
787,3,0.524599
787,4,0.520909
787,5,0.530161
787,6,0.525808
787,7,0.455070
787,8,0.449658
787,9,0.455025
787,10,0.456681
787,11,0.448979
787,12,0.453075
787,13,0.504988
787,14,0.502395
787,15,0.457836
788,1,0.485733
788,2,0.500805
788,3,0.495138
788,4,0.458466
788,5,0.451954
788,6,0.455780
788,7,0.508094
788,8,0.500959
788,9,0.509365
788,10,0.520821
788,11,0.526952
788,12,0.529869
788,13,0.461561
788,14,0.469030
788,15,0.505592
789,1,0.454172
789,2,0.488078
789,3,0.507066
789,4,0.460480
789,5,0.488078
789,6,0.503662
789,7,0.524285
789,8,0.522167
789,9,0.460526
789,10,0.450764
789,11,0.441536
789,12,0.449350
789,13,0.461014
789,14,0.454447
789,15,0.447642
790,1,0.475794
790,2,0.457560
790,3,0.456671
790,4,0.456844
790,5,0.495082
790,6,0.502827
790,7,0.534400
790,8,0.524312
790,9,0.528986
790,10,0.529129
790,11,0.533488
790,12,0.529477
790,13,0.528847
790,14,0.454195
790,15,0.449991
791,1,0.453734
791,2,0.451423
791,3,0.457692
791,4,0.452809
791,5,0.449186
791,6,0.451591
791,7,0.451276
791,8,0.495365
791,9,0.497514
791,10,0.526218
791,11,0.460021
791,12,0.446498
791,13,0.447319
791,14,0.454075
791,15,0.452224
792,1,0.445658
792,2,0.459958
792,3,0.487319
792,4,0.501130
792,5,0.523694
792,6,0.525223
792,7,0.456941
792,8,0.450764
792,9,0.441536
792,10,0.450026
792,11,0.456597
792,12,0.502189
792,13,0.522378
792,14,0.526991
792,15,0.517662
793,1,0.526689
793,2,0.520821
793,3,0.523278
793,4,0.455879
793,5,0.466478
793,6,0.506827
793,7,0.497220
793,8,0.494677
793,9,0.524581
793,10,0.455879
793,11,0.482313
793,12,0.495938
793,13,0.488732
793,14,0.522253
793,15,0.464744
794,1,0.463229
794,2,0.473753
794,3,0.501130
794,4,0.522007
794,5,0.458833
794,6,0.449766
794,7,0.447985
794,8,0.491229
794,9,0.496688
794,10,0.521823
794,11,0.529837
794,12,0.525223
794,13,0.531156
794,14,0.531521
794,15,0.529879
795,1,0.522970
795,2,0.466612
795,3,0.453654
795,4,0.453085
795,5,0.460528
795,6,0.482856
795,7,0.460068
795,8,0.483820
795,9,0.459892
795,10,0.450773
795,11,0.461986
795,12,0.465710
795,13,0.446799
795,14,0.451647
795,15,0.483900
796,1,0.499798
796,2,0.457330
796,3,0.471256
796,4,0.501639
796,5,0.492675
796,6,0.459019
796,7,0.450574
796,8,0.444477
796,9,0.456459
796,10,0.475873
796,11,0.460566
796,12,0.464468
796,13,0.456896
796,14,0.451557
796,15,0.452776
797,1,0.499529
797,2,0.490816
797,3,0.492457
797,4,0.528004
797,5,0.460475
797,6,0.469030
797,7,0.460281
797,8,0.487693
797,9,0.457234
797,10,0.489488
797,11,0.502758
797,12,0.497340
797,13,0.522147
797,14,0.522363
797,15,0.529837
798,1,0.525808
798,2,0.454934
798,3,0.450574
798,4,0.441536
798,5,0.459576
798,6,0.447747
798,7,0.490897
798,8,0.526773
798,9,0.519262
798,10,0.530041
798,11,0.462491
798,12,0.452977
798,13,0.459302
798,14,0.485500
798,15,0.476666
799,1,0.531052
799,2,0.461561
799,3,0.451721
799,4,0.461387
799,5,0.457826
799,6,0.447022
799,7,0.447173
799,8,0.451322
799,9,0.496605
799,10,0.457281
799,11,0.450543
799,12,0.451718
799,13,0.464474
799,14,0.496199
799,15,0.454921
800,1,0.486720
800,2,0.505089
800,3,0.498524
800,4,0.525758
800,5,0.453503
800,6,0.485021
800,7,0.458979
800,8,0.450773
800,9,0.462172
800,10,0.474529
800,11,0.494661
800,12,0.455778
800,13,0.453960
800,14,0.444447
800,15,0.453979
801,1,0.457136
801,2,0.486682
801,3,0.504496
801,4,0.489966
801,5,0.513225
801,6,0.524650
801,7,0.457997
801,8,0.450574
801,9,0.447985
801,10,0.491609
801,11,0.528881
801,12,0.526932
801,13,0.526922
801,14,0.455397
801,15,0.445767
802,1,0.456024
802,2,0.474608
802,3,0.490860
802,4,0.503866
802,5,0.459333
802,6,0.354822
802,7,0.469202
802,8,0.450498
802,9,0.457692
802,10,0.451624
802,11,0.451848
802,12,0.451106
802,13,0.451563
802,14,0.496927
802,15,0.532514
803,1,0.458401
803,2,0.450295
803,3,0.497539
803,4,0.458707
803,5,0.487321
803,6,0.501398
803,7,0.461677
803,8,0.482931
803,9,0.458594
803,10,0.445286
803,11,0.450128
803,12,0.493545
803,13,0.527022
803,14,0.456875
803,15,0.469030
804,1,0.498730
804,2,0.458204
804,3,0.454583
804,4,0.448780
804,5,0.459694
804,6,0.447146
804,7,0.469027
804,8,0.456164
804,9,0.451837
804,10,0.487142
804,11,0.461632
804,12,0.450109
804,13,0.452000
804,14,0.503796
804,15,0.462371
805,1,0.485414
805,2,0.462855
805,3,0.453292
805,4,0.454146
805,5,0.506562
805,6,0.521021
805,7,0.528557
805,8,0.522790
805,9,0.523888
805,10,0.520872
805,11,0.457214
805,12,0.487026
805,13,0.455821
805,14,0.449677
805,15,0.467747
806,1,0.446368
806,2,0.452054
806,3,0.501837
806,4,0.457498
806,5,0.487186
806,6,0.497491
806,7,0.460526
806,8,0.451012
806,9,0.461075
806,10,0.451654
806,11,0.463928
806,12,0.520203
806,13,0.459624
806,14,0.445495
806,15,0.454859
807,1,0.489814
807,2,0.500096
807,3,0.460526
807,4,0.451012
807,5,0.454268
807,6,0.457939
807,7,0.448979
807,8,0.453075
807,9,0.503887
807,10,0.528698
807,11,0.462833
807,12,0.463820
807,13,0.499294
807,14,0.494657
807,15,0.526875
808,1,0.524298
808,2,0.457526
808,3,0.450117
808,4,0.454268
808,5,0.498695
808,6,0.457503
808,7,0.454428
808,8,0.444571
808,9,0.471578
808,10,0.505488
808,11,0.498284
808,12,0.500684
808,13,0.461157
808,14,0.446445
808,15,0.453085
809,1,0.473154
809,2,0.459154
809,3,0.450722
809,4,0.458915
809,5,0.451545
809,6,0.455942
809,7,0.499339
809,8,0.503729
809,9,0.495897
809,10,0.524585
809,11,0.458309
809,12,0.487026
809,13,0.456297
809,14,0.487769
809,15,0.468658
810,1,0.454479
810,2,0.452113
810,3,0.504155
810,4,0.518789
810,5,0.514651
810,6,0.526817
810,7,0.526452
810,8,0.460880
810,9,0.446297
810,10,0.450224
810,11,0.499961
810,12,0.515445
810,13,0.459768
810,14,0.463281
810,15,0.460626
811,1,0.452427
811,2,0.450578
811,3,0.446874
811,4,0.453875
811,5,0.464160
811,6,0.464614
811,7,0.447164
811,8,0.474096
811,9,0.457975
811,10,0.450077
811,11,0.454859
811,12,0.491354
811,13,0.494774
811,14,0.531154
811,15,0.460243
812,1,0.462319
812,2,0.501683
812,3,0.525328
812,4,0.521212
812,5,0.526980
812,6,0.521732
812,7,0.458082
812,8,0.450060
812,9,0.456693
812,10,0.447571
812,11,0.451597
812,12,0.502724
812,13,0.521174
812,14,0.526980
812,15,0.523019
813,1,0.525266
813,2,0.521754
813,3,0.458093
813,4,0.445625
813,5,0.443883
813,6,0.449214
813,7,0.454280
813,8,0.449658
813,9,0.451084
813,10,0.445393
813,11,0.447723
813,12,0.463302
813,13,0.498901
813,14,0.518808
813,15,0.529900
814,1,0.522819
814,2,0.525837
814,3,0.526844
814,4,0.519109
814,5,0.454871
814,6,0.489676
814,7,0.458634
814,8,0.447055
814,9,0.455770
814,10,0.499483
814,11,0.496241
814,12,0.524581
814,13,0.525478
814,14,0.521536
814,15,0.527084
815,1,0.456402
815,2,0.483470
815,3,0.502758
815,4,0.521891
815,5,0.526546
815,6,0.528964
815,7,0.530161
815,8,0.525862
815,9,0.530972
815,10,0.457977
815,11,0.445815
815,12,0.443883
815,13,0.451100
815,14,0.455454
815,15,0.461737
816,1,0.499997
816,2,0.518885
816,3,0.521823
816,4,0.522451
816,5,0.527346
816,6,0.524154
816,7,0.532523
816,8,0.521581
816,9,0.455879
816,10,0.450060
816,11,0.447123
816,12,0.500610
816,13,0.500618
816,14,0.522120
816,15,0.460014
817,1,0.462775
817,2,0.502474
817,3,0.463720
817,4,0.476750
817,5,0.455524
817,6,0.483042
817,7,0.498312
817,8,0.522120
817,9,0.521231
817,10,0.529541
817,11,0.526423
817,12,0.531174
817,13,0.457599
817,14,0.481181
817,15,0.458446
818,1,0.451031
818,2,0.462895
818,3,0.453457
818,4,0.455901
818,5,0.456687
818,6,0.455977
818,7,0.456266
818,8,0.458328
818,9,0.482235
818,10,0.457969
818,11,0.484081
818,12,0.458266
818,13,0.450470
818,14,0.448681
818,15,0.454733
819,1,0.450995
819,2,0.451824
819,3,0.452436
819,4,0.448673
819,5,0.459526
819,6,0.445889
819,7,0.447811
819,8,0.499529
819,9,0.496501
819,10,0.465862
819,11,0.483968
819,12,0.495502
819,13,0.456754
819,14,0.449400
819,15,0.450929
820,1,0.482220
820,2,0.455162
820,3,0.447207
820,4,0.458485
820,5,0.499154
820,6,0.458347
820,7,0.446087
820,8,0.445176
820,9,0.453144
820,10,0.452952
820,11,0.466584
820,12,0.492255
820,13,0.499220
820,14,0.447908
820,15,0.443401
821,1,0.458712
821,2,0.458266
821,3,0.469568
821,4,0.458657
821,5,0.450247
821,6,0.456794
821,7,0.447428
821,8,0.452601
821,9,0.495811
821,10,0.508734
821,11,0.456754
821,12,0.485828
821,13,0.459001
821,14,0.451689
821,15,0.451713
822,1,0.501326
822,2,0.524656
822,3,0.532267
822,4,0.521958
822,5,0.530161
822,6,0.461283
822,7,0.451721
822,8,0.457966
822,9,0.454413
822,10,0.463556
822,11,0.446846
822,12,0.457989
822,13,0.498817
822,14,0.457077
822,15,0.447022
823,1,0.445695
823,2,0.451322
823,3,0.532298
823,4,0.530161
823,5,0.525223
823,6,0.527141
823,7,0.462922
823,8,0.451953
823,9,0.450652
823,10,0.458845
823,11,0.450286
823,12,0.453882
823,13,0.468755
823,14,0.449374
823,15,0.453434
824,1,0.502484
824,2,0.525328
824,3,0.529938
824,4,0.522010
824,5,0.458879
824,6,0.471121
824,7,0.455731
824,8,0.487279
824,9,0.458122
824,10,0.446596
824,11,0.457006
824,12,0.509614
824,13,0.457603
824,14,0.485963
824,15,0.505799
825,1,0.457599
825,2,0.450295
825,3,0.449878
825,4,0.458717
825,5,0.446272
825,6,0.460914
825,7,0.466383
825,8,0.466383
825,9,0.469281
825,10,0.445734
825,11,0.456674
825,12,0.448207
825,13,0.454109
825,14,0.445895
825,15,0.456067
826,1,0.447772
826,2,0.448410
826,3,0.463584
826,4,0.458413
826,5,0.487719
826,6,0.495652
826,7,0.493351
826,8,0.527401
826,9,0.525740
826,10,0.522616
826,11,0.455956
826,12,0.453476
826,13,0.444571
826,14,0.457299
826,15,0.500024
827,1,0.460566
827,2,0.484186
827,3,0.501076
827,4,0.495651
827,5,0.519189
827,6,0.526684
827,7,0.526369
827,8,0.456819
827,9,0.445044
827,10,0.454113
827,11,0.490374
827,12,0.452636
827,13,0.454163
827,14,0.446738
827,15,0.451396
828,1,0.494213
828,2,0.458074
828,3,0.450592
828,4,0.458915
828,5,0.464511
828,6,0.457343
828,7,0.483604
828,8,0.501891
828,9,0.489683
828,10,0.516856
828,11,0.458082
828,12,0.446276
828,13,0.444571
828,14,0.455542
828,15,0.456878
829,1,0.445444
829,2,0.458307
829,3,0.470088
829,4,0.504263
829,5,0.461135
829,6,0.454370
829,7,0.450462
829,8,0.505988
829,9,0.529564
829,10,0.521049
829,11,0.529701
829,12,0.456402
829,13,0.451721
829,14,0.480020
829,15,0.492507
830,1,0.456773
830,2,0.446087
830,3,0.446238
830,4,0.495811
830,5,0.491624
830,6,0.458879
830,7,0.451472
830,8,0.460211
830,9,0.453924
830,10,0.447069
830,11,0.456007
830,12,0.492943
830,13,0.505071
830,14,0.460168
830,15,0.456231
831,1,0.453016
831,2,0.458867
831,3,0.447652
831,4,0.458915
831,5,0.449598
831,6,0.455986
831,7,0.500016
831,8,0.465530
831,9,0.486037
831,10,0.504867
831,11,0.503505
831,12,0.455763
831,13,0.469669
831,14,0.501636
831,15,0.527304
832,1,0.523019
832,2,0.522856
832,3,0.521853
832,4,0.521641
832,5,0.529837
832,6,0.456361
832,7,0.446297
832,8,0.462207
832,9,0.492641
832,10,0.522115
832,11,0.455952
832,12,0.449400
832,13,0.450929
832,14,0.454051
832,15,0.466589
833,1,0.464479
833,2,0.448665
833,3,0.499573
833,4,0.458085
833,5,0.470542
833,6,0.461327
833,7,0.455459
833,8,0.454065
833,9,0.495432
833,10,0.509100
833,11,0.531704
833,12,0.456754
833,13,0.449349
833,14,0.441536
833,15,0.444819
834,1,0.452899
834,2,0.458323
834,3,0.488001
834,4,0.458759
834,5,0.451039
834,6,0.455768
834,7,0.491354
834,8,0.456697
834,9,0.454610
834,10,0.462241
834,11,0.450024
834,12,0.497287
834,13,0.457599
834,14,0.445674
834,15,0.450929
835,1,0.449253
835,2,0.454540
835,3,0.467058
835,4,0.497828
835,5,0.489781
835,6,0.522838
835,7,0.525778
835,8,0.453026
835,9,0.454303
835,10,0.446670
835,11,0.485432
835,12,0.479526
835,13,0.462060
835,14,0.449518
835,15,0.454784
836,1,0.461400
836,2,0.445466
836,3,0.450508
836,4,0.493933
836,5,0.502341
836,6,0.447867
836,7,0.442580
836,8,0.447985
836,9,0.468112
836,10,0.484043
836,11,0.455974
836,12,0.481684
836,13,0.463974
836,14,0.453392
836,15,0.454146
837,1,0.491609
837,2,0.457007
837,3,0.482539
837,4,0.498421
837,5,0.502625
837,6,0.522741
837,7,0.532687
837,8,0.524581
837,9,0.532746
837,10,0.526980
837,11,0.456104
837,12,0.446498
837,13,0.464827
837,14,0.498659
837,15,0.495640
838,1,0.497956
838,2,0.520660
838,3,0.524915
838,4,0.529619
838,5,0.518701
838,6,0.527685
838,7,0.520960
838,8,0.522302
838,9,0.457498
838,10,0.481046
838,11,0.455538
838,12,0.482230
838,13,0.490732
838,14,0.527022
838,15,0.518716
839,1,0.456985
839,2,0.444811
839,3,0.450413
839,4,0.507779
839,5,0.459724
839,6,0.446390
839,7,0.450774
839,8,0.498695
839,9,0.459724
839,10,0.487321
839,11,0.456533
839,12,0.488731
839,13,0.500429
839,14,0.518789
839,15,0.517413
840,1,0.529717
840,2,0.460021
840,3,0.456231
840,4,0.455000
840,5,0.446398
840,6,0.454425
840,7,0.451610
840,8,0.456466
840,9,0.456505
840,10,0.462827
840,11,0.450994
840,12,0.451430
840,13,0.458543
840,14,0.482838
840,15,0.495938
841,1,0.498524
841,2,0.499001
841,3,0.522511
841,4,0.526786
841,5,0.524283
841,6,0.519477
841,7,0.521345
841,8,0.527881
841,9,0.527022
841,10,0.522741
841,11,0.522856
841,12,0.522115
841,13,0.531339
841,14,0.531155
841,15,0.527304
842,1,0.523019
842,2,0.462900
842,3,0.445988
842,4,0.445707
842,5,0.456153
842,6,0.448479
842,7,0.465264
842,8,0.459064
842,9,0.454297
842,10,0.451550
842,11,0.456740
842,12,0.451155
842,13,0.498529
842,14,0.497587
842,15,0.522856
843,1,0.528669
843,2,0.456754
843,3,0.487186
843,4,0.466310
843,5,0.450470
843,6,0.455559
843,7,0.444652
843,8,0.462129
843,9,0.464213
843,10,0.450498
843,11,0.501306
843,12,0.530468
843,13,0.526980
843,14,0.460512
843,15,0.450630
844,1,0.472588
844,2,0.501720
844,3,0.498472
844,4,0.521028
844,5,0.529564
844,6,0.458920
844,7,0.461462
844,8,0.472067
844,9,0.508044
844,10,0.529714
844,11,0.524264
844,12,0.526922
844,13,0.455397
844,14,0.452352
844,15,0.447505
845,1,0.460966
845,2,0.484724
845,3,0.501639
845,4,0.494657
845,5,0.456123
845,6,0.486797
845,7,0.501199
845,8,0.454209
845,9,0.481857
845,10,0.506296
845,11,0.455581
845,12,0.487186
845,13,0.453335
845,14,0.449260
845,15,0.447985
846,1,0.479156
846,2,0.454892
846,3,0.447755
846,4,0.465732
846,5,0.483943
846,6,0.476848
846,7,0.495555
846,8,0.455990
846,9,0.472909
846,10,0.458180
846,11,0.485655
846,12,0.457234
846,13,0.451031
846,14,0.454859
846,15,0.476535
847,1,0.455665
847,2,0.485021
847,3,0.458752
847,4,0.483350
847,5,0.498716
847,6,0.499949
847,7,0.521028
847,8,0.530161
847,9,0.461283
847,10,0.462783
847,11,0.494866
847,12,0.506879
847,13,0.525328
847,14,0.526922
847,15,0.460021
848,1,0.489400
848,2,0.504482
848,3,0.497340
848,4,0.517313
848,5,0.458467
848,6,0.472101
848,7,0.455064
848,8,0.451689
848,9,0.451713
848,10,0.452748
848,11,0.444325
848,12,0.446416
848,13,0.453008
848,14,0.451377
848,15,0.453292
849,1,0.464557
849,2,0.489906
849,3,0.450283
849,4,0.451669
849,5,0.450635
849,6,0.493084
849,7,0.530805
849,8,0.461026
849,9,0.454292
849,10,0.468382
849,11,0.455485
849,12,0.456644
849,13,0.494531
849,14,0.452479
849,15,0.482658
850,1,0.506386
850,2,0.457503
850,3,0.487186
850,4,0.459616
850,5,0.483722
850,6,0.456196
850,7,0.445505
850,8,0.467747
850,9,0.470451
850,10,0.449216
850,11,0.460880
850,12,0.451557
850,13,0.453723
850,14,0.470517
850,15,0.461826
851,1,0.449418
851,2,0.503154
851,3,0.461786
851,4,0.446498
851,5,0.443252
851,6,0.456432
851,7,0.490879
851,8,0.456717
851,9,0.464736
851,10,0.495502
851,11,0.458403
851,12,0.487866
851,13,0.503662
851,14,0.489966
851,15,0.517313
852,1,0.519481
852,2,0.520645
852,3,0.529201
852,4,0.529477
852,5,0.456055
852,6,0.467218
852,7,0.463577
852,8,0.452079
852,9,0.455187
852,10,0.493617
852,11,0.503592
852,12,0.524913
852,13,0.520316
852,14,0.522520
852,15,0.525063
853,1,0.526860
853,2,0.522981
853,3,0.525720
853,4,0.521222
853,5,0.529877
853,6,0.463929
853,7,0.455274
853,8,0.444466
853,9,0.455642
853,10,0.450553
853,11,0.445225
853,12,0.450602
853,13,0.508979
853,14,0.529837
853,15,0.523974
854,1,0.525837
854,2,0.454272
854,3,0.445735
854,4,0.440181
854,5,0.450210
854,6,0.457802
854,7,0.454218
854,8,0.451026
854,9,0.531525
854,10,0.522539
854,11,0.518880
854,12,0.524834
854,13,0.527309
854,14,0.522193
854,15,0.527352
855,1,0.526247
855,2,0.457810
855,3,0.487026
855,4,0.492304
855,5,0.497984
855,6,0.458355
855,7,0.485963
855,8,0.504563
855,9,0.457455
855,10,0.457240
855,11,0.449981
855,12,0.493557
855,13,0.494108
855,14,0.532156
855,15,0.527661
856,1,0.455631
856,2,0.451721
856,3,0.451613
856,4,0.446962
856,5,0.445769
856,6,0.452911
856,7,0.523786
856,8,0.531339
856,9,0.458025
856,10,0.448743
856,11,0.460612
856,12,0.452603
856,13,0.485129
856,14,0.496934
856,15,0.527304
857,1,0.525906
857,2,0.532746
857,3,0.530203
857,4,0.522741
857,5,0.524434
857,6,0.524400
857,7,0.526834
857,8,0.526924
857,9,0.525675
857,10,0.458466
857,11,0.445463
857,12,0.451604
857,13,0.458063
857,14,0.450574
857,15,0.453723
858,1,0.444819
858,2,0.457898
858,3,0.447027
858,4,0.452095
858,5,0.531547
858,6,0.530089
858,7,0.522790
858,8,0.519559
858,9,0.521802
858,10,0.521914
858,11,0.458401
858,12,0.469898
858,13,0.455619
858,14,0.485963
858,15,0.457969
859,1,0.451031
859,2,0.450578
859,3,0.449253
859,4,0.451665
859,5,0.455450
859,6,0.465777
859,7,0.446399
859,8,0.451821
859,9,0.500804
859,10,0.458713
859,11,0.485828
859,12,0.491502
859,13,0.458401
859,14,0.485963
859,15,0.506827
860,1,0.461135
860,2,0.450633
860,3,0.458595
860,4,0.445443
860,5,0.448352
860,6,0.459343
860,7,0.447313
860,8,0.449130
860,9,0.451539
860,10,0.461341
860,11,0.500162
860,12,0.527933
860,13,0.518622
860,14,0.462150
860,15,0.469528
861,1,0.457760
861,2,0.444640
861,3,0.445147
861,4,0.457615
861,5,0.498247
861,6,0.459050
861,7,0.451359
861,8,0.457690
861,9,0.471958
861,10,0.501076
861,11,0.489304
861,12,0.497147
861,13,0.515841
861,14,0.526786
861,15,0.460983
862,1,0.483470
862,2,0.499901
862,3,0.461135
862,4,0.455318
862,5,0.447241
862,6,0.468435
862,7,0.445913
862,8,0.450867
862,9,0.501855
862,10,0.462201
862,11,0.490690
862,12,0.459803
862,13,0.487012
862,14,0.500805
862,15,0.498189
863,1,0.518909
863,2,0.527536
863,3,0.525355
863,4,0.532060
863,5,0.527304
863,6,0.461283
863,7,0.462783
863,8,0.456445
863,9,0.487693
863,10,0.478281
863,11,0.459718
863,12,0.454533
863,13,0.459962
863,14,0.447126
863,15,0.505590
864,1,0.460526
864,2,0.452076
864,3,0.454268
864,4,0.457448
864,5,0.449823
864,6,0.461737
864,7,0.458875
864,8,0.483875
864,9,0.457171
864,10,0.487012
864,11,0.460505
864,12,0.447971
864,13,0.451729
864,14,0.483111
864,15,0.506386
865,1,0.458401
865,2,0.450347
865,3,0.440388
865,4,0.447463
865,5,0.453707
865,6,0.467006
865,7,0.454327
865,8,0.480325
865,9,0.487124
865,10,0.495138
865,11,0.521458
865,12,0.458077
865,13,0.444817
865,14,0.447769
865,15,0.450353
866,1,0.455619
866,2,0.447707
866,3,0.446913
866,4,0.505129
866,5,0.509284
866,6,0.460526
866,7,0.452589
866,8,0.453770
866,9,0.500153
866,10,0.494603
866,11,0.514891
866,12,0.458879
866,13,0.471121
866,14,0.491502
866,15,0.524616
867,1,0.531155
867,2,0.530203
867,3,0.526491
867,4,0.526740
867,5,0.455245
867,6,0.455672
867,7,0.447509
867,8,0.459694
867,9,0.447501
867,10,0.456295
867,11,0.458117
867,12,0.453053
867,13,0.459625
867,14,0.484467
867,15,0.455186
868,1,0.453264
868,2,0.457471
868,3,0.499616
868,4,0.503669
868,5,0.461028
868,6,0.444958
868,7,0.464923
868,8,0.448893
868,9,0.457373
868,10,0.493994
868,11,0.458328
868,12,0.482235
868,13,0.486477
868,14,0.458123
868,15,0.465466
869,1,0.505333
869,2,0.459104
869,3,0.447057
869,4,0.461179
869,5,0.454337
869,6,0.445618
869,7,0.455499
869,8,0.496841
869,9,0.525411
869,10,0.521212
869,11,0.521310
869,12,0.456235
869,13,0.449524
869,14,0.453989
869,15,0.492337
870,1,0.457214
870,2,0.453072
870,3,0.453075
870,4,0.499780
870,5,0.494603
870,6,0.523049
870,7,0.526707
870,8,0.521732
870,9,0.521476
870,10,0.522581
870,11,0.455473
870,12,0.443662
870,13,0.442752
870,14,0.450363
870,15,0.498189
871,1,0.529956
871,2,0.461137
871,3,0.451721
871,4,0.455850
871,5,0.462404
871,6,0.463011
871,7,0.506250
871,8,0.456384
871,9,0.446577
871,10,0.454331
871,11,0.494260
871,12,0.460880
871,13,0.452728
871,14,0.466736
871,15,0.463517
872,1,0.453881
872,2,0.451190
872,3,0.446238
872,4,0.449187
872,5,0.498034
872,6,0.464007
872,7,0.469103
872,8,0.502898
872,9,0.491893
872,10,0.457770
872,11,0.487091
872,12,0.460505
872,13,0.487693
872,14,0.507066
872,15,0.501898
873,1,0.491722
873,2,0.521576
873,3,0.517084
873,4,0.455851
873,5,0.444779
873,6,0.462193
873,7,0.458341
873,8,0.483943
873,9,0.475327
873,10,0.524616
873,11,0.457979
873,12,0.450347
873,13,0.452575
873,14,0.469568
873,15,0.449202
874,1,0.457188
874,2,0.494627
874,3,0.527376
874,4,0.460880
874,5,0.448882
874,6,0.489512
874,7,0.459581
874,8,0.449766
874,9,0.449595
874,10,0.503635
874,11,0.457588
874,12,0.451412
874,13,0.457002
874,14,0.459823
874,15,0.468349
875,1,0.460579
875,2,0.447057
875,3,0.460211
875,4,0.453781
875,5,0.454022
875,6,0.496923
875,7,0.491174
875,8,0.532313
875,9,0.527099
875,10,0.457132
875,11,0.446498
875,12,0.447505
875,13,0.495811
875,14,0.459928
875,15,0.454102
876,1,0.458797
876,2,0.455273
876,3,0.461426
876,4,0.498964
876,5,0.458039
876,6,0.449733
876,7,0.451087
876,8,0.446078
876,9,0.454664
876,10,0.493333
876,11,0.529905
876,12,0.529764
876,13,0.460014
876,14,0.450181
876,15,0.450972
877,1,0.502039
877,2,0.495842
877,3,0.532111
877,4,0.527345
877,5,0.526545
877,6,0.521910
877,7,0.528373
877,8,0.530161
877,9,0.522741
877,10,0.462150
877,11,0.485021
877,12,0.498814
877,13,0.531339
877,14,0.529390
877,15,0.460034
878,1,0.447438
878,2,0.447445
878,3,0.502029
878,4,0.495015
878,5,0.457794
878,6,0.445807
878,7,0.446749
878,8,0.490873
878,9,0.521205
878,10,0.518189
878,11,0.521641
878,12,0.457599
878,13,0.449479
878,14,0.446771
878,15,0.457100
879,1,0.450424
879,2,0.451526
879,3,0.457479
879,4,0.494463
879,5,0.470495
879,6,0.455493
879,7,0.460887
879,8,0.447532
879,9,0.496177
879,10,0.458177
879,11,0.488001
879,12,0.456709
879,13,0.483722
879,14,0.506425
879,15,0.524353
880,1,0.531174
880,2,0.521458
880,3,0.526980
880,4,0.521634
880,5,0.531174
880,6,0.521452
880,7,0.521452
880,8,0.527304
880,9,0.460512
880,10,0.489178
880,11,0.461637
880,12,0.449677
880,13,0.443371
880,14,0.464550
880,15,0.448714
881,1,0.484492
881,2,0.495821
881,3,0.457253
881,4,0.444786
881,5,0.455025
881,6,0.457975
881,7,0.450490
881,8,0.449965
881,9,0.496258
881,10,0.530728
881,11,0.522318
881,12,0.454531
881,13,0.445495
881,14,0.455025
881,15,0.458898
882,1,0.450762
882,2,0.454268
882,3,0.501588
882,4,0.526247
882,5,0.529964
882,6,0.461026
882,7,0.489178
882,8,0.458156
882,9,0.450117
882,10,0.454859
882,11,0.491506
882,12,0.520423
882,13,0.527099
882,14,0.522741
882,15,0.527162
883,1,0.459224
883,2,0.449020
883,3,0.450180
883,4,0.450335
883,5,0.456712
883,6,0.476775
883,7,0.453201
883,8,0.445711
883,9,0.452207
883,10,0.483228
883,11,0.530953
883,12,0.529730
883,13,0.524407
883,14,0.532194
883,15,0.530161
884,1,0.461026
884,2,0.444522
884,3,0.470839
884,4,0.469437
884,5,0.449418
884,6,0.502809
884,7,0.521458
884,8,0.458401
884,9,0.450295
884,10,0.455872
884,11,0.470866
884,12,0.497981
884,13,0.531052
884,14,0.522741
884,15,0.519559
885,1,0.520341
885,2,0.456816
885,3,0.487026
885,4,0.490206
885,5,0.530161
885,6,0.522790
885,7,0.533874
885,8,0.524123
885,9,0.530685
885,10,0.455952
885,11,0.445815
885,12,0.445610
885,13,0.472737
885,14,0.457837
885,15,0.450612
886,1,0.458879
886,2,0.485981
886,3,0.459365
886,4,0.466778
886,5,0.460093
886,6,0.488051
886,7,0.456619
886,8,0.485655
886,9,0.456262
886,10,0.450470
886,11,0.451918
886,12,0.458154
886,13,0.451756
886,14,0.451814
886,15,0.494183
887,1,0.455544
887,2,0.489178
887,3,0.496270
887,4,0.456754
887,5,0.449400
887,6,0.450635
887,7,0.458783
887,8,0.486718
887,9,0.501031
887,10,0.497340
887,11,0.459372
887,12,0.444435
887,13,0.444036
887,14,0.450799
887,15,0.498927
888,1,0.531965
888,2,0.455952
888,3,0.471878
888,4,0.500151
888,5,0.461135
888,6,0.469041
888,7,0.458576
888,8,0.446054
888,9,0.452986
888,10,0.524712
888,11,0.460168
888,12,0.462783
888,13,0.505144
888,14,0.459724
888,15,0.445495
889,1,0.450635
889,2,0.457837
889,3,0.450777
889,4,0.459034
889,5,0.445443
889,6,0.467595
889,7,0.471362
889,8,0.503884
889,9,0.459268
889,10,0.458089
889,11,0.447284
889,12,0.495086
889,13,0.496761
889,14,0.494049
889,15,0.522662
890,1,0.458401
890,2,0.450347
890,3,0.453723
890,4,0.450193
890,5,0.454084
890,6,0.450323
890,7,0.450392
890,8,0.456258
890,9,0.448979
890,10,0.467747
890,11,0.470451
890,12,0.450032
890,13,0.498618
890,14,0.489804
890,15,0.488343
891,1,0.518129
891,2,0.525359
891,3,0.522363
891,4,0.529837
891,5,0.461283
891,6,0.456231
891,7,0.445221
891,8,0.456049
891,9,0.463764
891,10,0.521760
891,11,0.457713
891,12,0.470062
891,13,0.505333
891,14,0.527828
891,15,0.518537
892,1,0.461137
892,2,0.483975
892,3,0.502232
892,4,0.503505
892,5,0.526412
892,6,0.522978
892,7,0.522741
892,8,0.527162
892,9,0.535491
892,10,0.522584
892,11,0.528986
892,12,0.529389
892,13,0.521200
892,14,0.522115
892,15,0.456754
893,1,0.451012
893,2,0.449878
893,3,0.529620
893,4,0.522378
893,5,0.526546
893,6,0.522167
893,7,0.458879
893,8,0.449766
893,9,0.444571
893,10,0.480522
893,11,0.494506
893,12,0.522302
893,13,0.450249
893,14,0.450117
893,15,0.458915
894,1,0.445668
894,2,0.444851
894,3,0.455820
894,4,0.501869
894,5,0.498817
894,6,0.492881
894,7,0.499702
894,8,0.459706
894,9,0.462541
894,10,0.498219
894,11,0.499586
894,12,0.527304
894,13,0.523019
894,14,0.462029
894,15,0.443673
895,1,0.490857
895,2,0.522007
895,3,0.460526
895,4,0.450117
895,5,0.449878
895,6,0.459622
895,7,0.490522
895,8,0.458180
895,9,0.449677
895,10,0.445436
895,11,0.451530
895,12,0.449485
895,13,0.455793
895,14,0.454847
895,15,0.457143
896,1,0.455957
896,2,0.470513
896,3,0.477908
896,4,0.515641
896,5,0.513981
896,6,0.531458
896,7,0.527022
896,8,0.518716
896,9,0.518311
896,10,0.461585
896,11,0.471746
896,12,0.502898
896,13,0.494657
896,14,0.521645
896,15,0.456754
897,1,0.487987
897,2,0.456466
897,3,0.482910
897,4,0.458345
897,5,0.451689
897,6,0.449733
897,7,0.491097
897,8,0.457455
897,9,0.449766
897,10,0.443371
897,11,0.446368
897,12,0.452952
897,13,0.456778
897,14,0.450427
897,15,0.443574
898,1,0.450500
898,2,0.453620
898,3,0.444924
898,4,0.454059
898,5,0.496235
898,6,0.497460
898,7,0.457228
898,8,0.488805
898,9,0.455974
898,10,0.483219
898,11,0.495251
898,12,0.493086
898,13,0.456908
898,14,0.444435
898,15,0.446270
899,1,0.450130
899,2,0.498479
899,3,0.522281
899,4,0.455952
899,5,0.450295
899,6,0.455768
899,7,0.457163
899,8,0.460383
899,9,0.459291
899,10,0.449919
899,11,0.452029
899,12,0.456037
899,13,0.458756
899,14,0.456419
899,15,0.446399
900,1,0.457471
900,2,0.492507
900,3,0.496489
900,4,0.447758
900,5,0.444779
900,6,0.460047
900,7,0.491798
900,8,0.525228
900,9,0.520679
900,10,0.521348
900,11,0.458879
900,12,0.449766
900,13,0.452479
900,14,0.452953
900,15,0.455167
901,1,0.486856
901,2,0.500805
901,3,0.496550
901,4,0.523888
901,5,0.521581
901,6,0.529900
901,7,0.526491
901,8,0.531708
901,9,0.527304
901,10,0.461026
901,11,0.489178
901,12,0.455177
901,13,0.446687
901,14,0.449760
901,15,0.452852
902,1,0.447207
902,2,0.450161
902,3,0.458921
902,4,0.488804
902,5,0.506386
902,6,0.503904
902,7,0.525808
902,8,0.442731
902,9,0.487068
902,10,0.454650
902,11,0.449677
902,12,0.447985
902,13,0.504988
902,14,0.497166
902,15,0.459228
903,1,0.446538
903,2,0.457520
903,3,0.493350
903,4,0.458802
903,5,0.449863
903,6,0.458695
903,7,0.455327
903,8,0.445177
903,9,0.457176
903,10,0.474556
903,11,0.491839
903,12,0.457674
903,13,0.483093
903,14,0.502151
903,15,0.464007
904,1,0.453964
904,2,0.455711
904,3,0.498229
904,4,0.522817
904,5,0.458077
904,6,0.454845
904,7,0.444571
904,8,0.452387
904,9,0.489433
904,10,0.521021
904,11,0.521823
904,12,0.457599
904,13,0.445674
904,14,0.448622
904,15,0.505225
905,1,0.530203
905,2,0.461026
905,3,0.450156
905,4,0.455850
905,5,0.467166
905,6,0.453591
905,7,0.469320
905,8,0.454174
905,9,0.451072
905,10,0.478993
905,11,0.490935
905,12,0.506242
905,13,0.524188
905,14,0.529619
905,15,0.523306
906,1,0.461206
906,2,0.446114
906,3,0.446213
906,4,0.452275
906,5,0.453087
906,6,0.453606
906,7,0.452074
906,8,0.509614
906,9,0.530728
906,10,0.526932
906,11,0.522601
906,12,0.455855
906,13,0.444447
906,14,0.447985
906,15,0.499944
907,1,0.457588
907,2,0.455580
907,3,0.450652
907,4,0.454399
907,5,0.471082
907,6,0.500805
907,7,0.488835
907,8,0.462060
907,9,0.450932
907,10,0.460411
907,11,0.470502
907,12,0.506189
907,13,0.460526
907,14,0.450764
907,15,0.441536
908,1,0.448478
908,2,0.451354
908,3,0.454620
908,4,0.455209
908,5,0.491863
908,6,0.531155
908,7,0.458401
908,8,0.487321
908,9,0.506296
908,10,0.460526
908,11,0.487321
908,12,0.460981
908,13,0.445889
908,14,0.452900
908,15,0.478313
909,1,0.501383
909,2,0.517854
909,3,0.530161
909,4,0.460255
909,5,0.481998
909,6,0.490571
909,7,0.530203
909,8,0.461283
909,9,0.456836
909,10,0.457002
909,11,0.492096
909,12,0.492539
909,13,0.526266
909,14,0.462202
909,15,0.456836
910,1,0.452843
910,2,0.445571
910,3,0.448595
910,4,0.498697
910,5,0.517589
910,6,0.518532
910,7,0.526423
910,8,0.457325
910,9,0.487873
910,10,0.497674
910,11,0.458401
910,12,0.486585
910,13,0.501639
910,14,0.515367
910,15,0.519025
911,1,0.532060
911,2,0.531339
911,3,0.458077
911,4,0.446390
911,5,0.454859
911,6,0.490797
911,7,0.457325
911,8,0.453587
911,9,0.453075
911,10,0.498695
911,11,0.517644
911,12,0.458154
911,13,0.488879
911,14,0.506135
911,15,0.529837
912,1,0.461283
912,2,0.469030
912,3,0.505333
912,4,0.530718
912,5,0.532330
912,6,0.460526
912,7,0.488078
912,8,0.467222
912,9,0.449199
912,10,0.444571
912,11,0.451530
912,12,0.464024
912,13,0.457324
912,14,0.453304
912,15,0.449130
913,1,0.445443
913,2,0.451714
913,3,0.455867
913,4,0.457563
913,5,0.446417
913,6,0.455025
913,7,0.501702
913,8,0.498464
913,9,0.532746
913,10,0.458077
913,11,0.451012
913,12,0.455025
913,13,0.496790
913,14,0.495365
913,15,0.531159
914,1,0.529879
914,2,0.526491
914,3,0.457060
914,4,0.487321
914,5,0.495652
914,6,0.488732
914,7,0.489938
914,8,0.520738
914,9,0.530044
914,10,0.522741
914,11,0.527162
914,12,0.527238
914,13,0.453071
914,14,0.456116
914,15,0.448966
915,1,0.498812
915,2,0.514302
915,3,0.518359
915,4,0.530166
915,5,0.522370
915,6,0.532313
915,7,0.518675
915,8,0.531155
915,9,0.530161
915,10,0.522790
915,11,0.526546
915,12,0.532560
915,13,0.455952
915,14,0.444400
915,15,0.453723
916,1,0.449508
916,2,0.489881
916,3,0.498386
916,4,0.527304
916,5,0.525808
916,6,0.531049
916,7,0.527022
916,8,0.457132
916,9,0.454705
916,10,0.452352
916,11,0.499780
916,12,0.457822
916,13,0.483872
916,14,0.504540
916,15,0.494657
917,1,0.529885
917,2,0.463069
917,3,0.467285
917,4,0.447319
917,5,0.458824
917,6,0.449919
917,7,0.452471
917,8,0.451374
917,9,0.454929
917,10,0.446482
917,11,0.451133
917,12,0.455881
917,13,0.446786
917,14,0.451526
917,15,0.473575
918,1,0.505011
918,2,0.526978
918,3,0.522790
918,4,0.518364
918,5,0.455650
918,6,0.485021
918,7,0.454701
918,8,0.449677
918,9,0.453075
918,10,0.506182
918,11,0.529879
918,12,0.461283
918,13,0.469030
918,14,0.499342
918,15,0.531521
919,1,0.532330
919,2,0.530161
919,3,0.530731
919,4,0.465734
919,5,0.455847
919,6,0.464552
919,7,0.448645
919,8,0.517378
919,9,0.455952
919,10,0.464981
919,11,0.500805
919,12,0.461786
919,13,0.450464
919,14,0.450100
919,15,0.504977
920,1,0.530161
920,2,0.461283
920,3,0.455580
920,4,0.461249
920,5,0.474205
920,6,0.495874
920,7,0.458420
920,8,0.453296
920,9,0.450432
920,10,0.446368
920,11,0.457297
920,12,0.484104
920,13,0.499027
920,14,0.528522
920,15,0.457667
921,1,0.444909
921,2,0.447745
921,3,0.455262
921,4,0.448953
921,5,0.457232
921,6,0.449042
921,7,0.457980
921,8,0.494572
921,9,0.530562
921,10,0.527346
921,11,0.463928
921,12,0.446498
921,13,0.442858
921,14,0.454103
921,15,0.453438
922,1,0.445319
922,2,0.452837
922,3,0.463819
922,4,0.504341
922,5,0.498189
922,6,0.499977
922,7,0.457676
922,8,0.450077
922,9,0.454859
922,10,0.463240
922,11,0.483875
922,12,0.504844
922,13,0.458401
922,14,0.485963
922,15,0.496598
923,1,0.526857
923,2,0.523019
923,3,0.525837
923,4,0.529971
923,5,0.524205
923,6,0.525837
923,7,0.531812
923,8,0.530161
923,9,0.460255
923,10,0.456836
923,11,0.459517
923,12,0.453623
923,13,0.448872
923,14,0.450157
923,15,0.460438
924,1,0.450928
924,2,0.458915
924,3,0.489424
924,4,0.501683
924,5,0.489966
924,6,0.501730
924,7,0.518995
924,8,0.520733
924,9,0.520521
924,10,0.521995
924,11,0.531155
924,12,0.531704
924,13,0.522267
924,14,0.521452
924,15,0.526533
925,1,0.461026
925,2,0.446498
925,3,0.455000
925,4,0.452202
925,5,0.457595
925,6,0.452224
925,7,0.447254
925,8,0.451202
925,9,0.453758
925,10,0.487771
925,11,0.505089
925,12,0.497340
925,13,0.521231
925,14,0.529947
925,15,0.456256
926,1,0.462132
926,2,0.496707
926,3,0.461032
926,4,0.482974
926,5,0.495146
926,6,0.450110
926,7,0.483340
926,8,0.503970
926,9,0.498189
926,10,0.527812
926,11,0.521050
926,12,0.521161
926,13,0.460526
926,14,0.450117
926,15,0.458915
927,1,0.445443
927,2,0.447069
927,3,0.457246
927,4,0.492941
927,5,0.527090
927,6,0.524003
927,7,0.462833
927,8,0.445817
927,9,0.452949
927,10,0.447203
927,11,0.444616
927,12,0.455234
927,13,0.500490
927,14,0.503397
927,15,0.500064
928,1,0.457381
928,2,0.444090
928,3,0.447849
928,4,0.459694
928,5,0.446681
928,6,0.447577
928,7,0.502801
928,8,0.463532
928,9,0.467076
928,10,0.490001
928,11,0.520040
928,12,0.518222
928,13,0.459848
928,14,0.482608
928,15,0.502758
929,1,0.494657
929,2,0.523437
929,3,0.526247
929,4,0.521476
929,5,0.455952
929,6,0.481046
929,7,0.464445
929,8,0.446604
929,9,0.456865
929,10,0.500348
929,11,0.498946
929,12,0.462017
929,13,0.464326
929,14,0.444175
929,15,0.457228
930,1,0.447396
930,2,0.457633
930,3,0.457292
930,4,0.454022
930,5,0.451618
930,6,0.461271
930,7,0.463240
930,8,0.456754
930,9,0.465748
930,10,0.468737
930,11,0.450713
930,12,0.500778
930,13,0.501034
930,14,0.457007
930,15,0.445290
931,1,0.446282
931,2,0.503884
931,3,0.498189
931,4,0.456985
931,5,0.450029
931,6,0.449461
931,7,0.501015
931,8,0.521641
931,9,0.531521
931,10,0.531600
931,11,0.527304
931,12,0.460255
931,13,0.454489
931,14,0.457966
931,15,0.444681
932,1,0.464439
932,2,0.449471
932,3,0.501756
932,4,0.499663
932,5,0.453999
932,6,0.444370
932,7,0.450633
932,8,0.493084
932,9,0.450832
932,10,0.445815
932,11,0.447467
932,12,0.457759
932,13,0.466494
932,14,0.529644
932,15,0.520760
933,1,0.525006
933,2,0.453705
933,3,0.487321
933,4,0.457234
933,5,0.445746
933,6,0.461597
933,7,0.451244
933,8,0.499529
933,9,0.498178
933,10,0.460835
933,11,0.462847
933,12,0.465540
933,13,0.463075
933,14,0.465548
933,15,0.461826
934,1,0.446978
934,2,0.449777
934,3,0.454411
934,4,0.447391
934,5,0.455383
934,6,0.446034
934,7,0.489815
934,8,0.520584
934,9,0.528317
934,10,0.529776
934,11,0.522147
934,12,0.450137
934,13,0.444117
934,14,0.448782
934,15,0.505966
935,1,0.461135
935,2,0.482931
935,3,0.504844
935,4,0.526978
935,5,0.519023
935,6,0.532687
935,7,0.525362
935,8,0.519071
935,9,0.522539
935,10,0.523019
935,11,0.460014
935,12,0.454167
935,13,0.446405
935,14,0.450860
935,15,0.493529
936,1,0.502348
936,2,0.529659
936,3,0.522741
936,4,0.462150
936,5,0.463827
936,6,0.466112
936,7,0.449973
936,8,0.445898
936,9,0.476396
936,10,0.457777
936,11,0.450658
936,12,0.452742
936,13,0.455437
936,14,0.468758
936,15,0.465174
937,1,0.465413
937,2,0.449559
937,3,0.457372
937,4,0.493567
937,5,0.522439
937,6,0.460839
937,7,0.449766
937,8,0.443371
937,9,0.447404
937,10,0.452286
937,11,0.448577
937,12,0.475531
937,13,0.501658
937,14,0.532746
937,15,0.526707
938,1,0.455972
938,2,0.446498
938,3,0.446045
938,4,0.489437
938,5,0.451659
938,6,0.482404
938,7,0.491502
938,8,0.524616
938,9,0.517824
938,10,0.455952
938,11,0.444817
938,12,0.444571
938,13,0.449970
938,14,0.494260
938,15,0.502348
939,1,0.456819
939,2,0.446087
939,3,0.445793
939,4,0.457299
939,5,0.492630
939,6,0.461064
939,7,0.487091
939,8,0.508119
939,9,0.531091
939,10,0.531521
939,11,0.527304
939,12,0.525223
939,13,0.529964
939,14,0.523227
939,15,0.519559
940,1,0.456710
940,2,0.454969
940,3,0.447655
940,4,0.479138
940,5,0.500219
940,6,0.530209
940,7,0.526247
940,8,0.529732
940,9,0.525658
940,10,0.521910
940,11,0.529887
940,12,0.461026
940,13,0.446498
940,14,0.447259
940,15,0.498652
941,1,0.522936
941,2,0.456893
941,3,0.487848
941,4,0.501846
941,5,0.498239
941,6,0.523888
941,7,0.521802
941,8,0.457997
941,9,0.449658
941,10,0.454268
941,11,0.507008
941,12,0.522194
941,13,0.527022
941,14,0.518716
941,15,0.460696
942,1,0.490728
942,2,0.459680
942,3,0.455548
942,4,0.472261
942,5,0.460640
942,6,0.451216
942,7,0.456839
942,8,0.450085
942,9,0.450498
942,10,0.499867
942,11,0.462514
942,12,0.463524
942,13,0.448868
942,14,0.495432
942,15,0.504229
943,1,0.522790
943,2,0.523888
943,3,0.524331
943,4,0.456773
943,5,0.449524
943,6,0.454339
943,7,0.475313
943,8,0.458101
943,9,0.445250
943,10,0.479477
943,11,0.501096
943,12,0.461695
943,13,0.467951
943,14,0.454526
943,15,0.446399
944,1,0.454268
944,2,0.457448
944,3,0.487783
944,4,0.505296
944,5,0.460364
944,6,0.450156
944,7,0.450368
944,8,0.523049
944,9,0.530161
944,10,0.523019
944,11,0.532687
944,12,0.453680
944,13,0.474986
944,14,0.459938
944,15,0.448566
945,1,0.464520
945,2,0.448217
945,3,0.502484
945,4,0.500980
945,5,0.529407
945,6,0.522819
945,7,0.522147
945,8,0.532560
945,9,0.531155
945,10,0.531333
945,11,0.460526
945,12,0.487186
945,13,0.504745
945,14,0.504996
945,15,0.494027
946,1,0.465696
946,2,0.453780
946,3,0.448780
946,4,0.541226
946,5,0.456754
946,6,0.485828
946,7,0.494866
946,8,0.530102
946,9,0.526533
946,10,0.456104
946,11,0.445496
946,12,0.443841
946,13,0.456778
946,14,0.457819
946,15,0.447513
947,1,0.449834
947,2,0.457679
947,3,0.446601
947,4,0.447100
947,5,0.459317
947,6,0.445472
947,7,0.447985
947,8,0.501891
947,9,0.461643
947,10,0.450156
947,11,0.459196
947,12,0.466033
947,13,0.453596
947,14,0.445006
947,15,0.441237
948,1,0.463280
948,2,0.448881
948,3,0.495998
948,4,0.496773
948,5,0.499001
948,6,0.533061
948,7,0.524581
948,8,0.526786
948,9,0.526369
948,10,0.526782
948,11,0.463069
948,12,0.453242
948,13,0.451613
948,14,0.452302
948,15,0.447064
949,1,0.498979
949,2,0.490816
949,3,0.498841
949,4,0.520960
949,5,0.527594
949,6,0.529645
949,7,0.455845
949,8,0.449367
949,9,0.454091
949,10,0.473403
949,11,0.508389
949,12,0.500282
949,13,0.454729
949,14,0.455139
949,15,0.460448
950,1,0.465235
950,2,0.463340
950,3,0.446512
950,4,0.452054
950,5,0.494213
950,6,0.459724
950,7,0.487186
950,8,0.497651
950,9,0.521641
950,10,0.458401
950,11,0.486720
950,12,0.485101
950,13,0.461786
950,14,0.462625
950,15,0.443078
951,1,0.449040
951,2,0.454563
951,3,0.487693
951,4,0.477549
951,5,0.459104
951,6,0.455637
951,7,0.445610
951,8,0.458132
951,9,0.465832
951,10,0.455832
951,11,0.489269
951,12,0.458156
951,13,0.487012
951,14,0.497805
951,15,0.507682
952,1,0.530203
952,2,0.461026
952,3,0.447820
952,4,0.466353
952,5,0.464348
952,6,0.468361
952,7,0.500778
952,8,0.501383
952,9,0.458466
952,10,0.450060
952,11,0.447123
952,12,0.459694
952,13,0.446399
952,14,0.447238
952,15,0.457822
953,1,0.449418
953,2,0.504803
953,3,0.498365
953,4,0.539083
953,5,0.465090
953,6,0.483968
953,7,0.470501
953,8,0.524016
953,9,0.521641
953,10,0.457599
953,11,0.481181
953,12,0.484267
953,13,0.499316
953,14,0.491851
953,15,0.521237
954,1,0.521531
954,2,0.526533
954,3,0.458792
954,4,0.460776
954,5,0.455524
954,6,0.446159
954,7,0.462064
954,8,0.466996
954,9,0.451434
954,10,0.448669
954,11,0.451194
954,12,0.490869
954,13,0.458713
954,14,0.454428
954,15,0.444571
955,1,0.450435
955,2,0.447110
955,3,0.452995
955,4,0.458232
955,5,0.451389
955,6,0.447471
955,7,0.462517
955,8,0.448997
955,9,0.451581
955,10,0.501702
955,11,0.459096
955,12,0.446249
955,13,0.450652
955,14,0.457059
955,15,0.451689
956,1,0.471065
956,2,0.453758
956,3,0.445467
956,4,0.457058
956,5,0.456906
956,6,0.464736
956,7,0.501625
956,8,0.524465
956,9,0.446604
956,10,0.450704
956,11,0.451432
956,12,0.453192
956,13,0.501593
956,14,0.460748
956,15,0.446297
957,1,0.455066
957,2,0.500710
957,3,0.500707
957,4,0.527090
957,5,0.521064
957,6,0.516487
957,7,0.531603
957,8,0.459724
957,9,0.483340
957,10,0.483363
957,11,0.458239
957,12,0.461762
957,13,0.496100
957,14,0.489966
957,15,0.496596
958,1,0.513804
958,2,0.465696
958,3,0.488934
958,4,0.515030
958,5,0.459248
958,6,0.450764
958,7,0.443371
958,8,0.447511
958,9,0.450702
958,10,0.456287
958,11,0.451689
958,12,0.454268
958,13,0.501702
958,14,0.461786
958,15,0.462856
959,1,0.505333
959,2,0.520767
959,3,0.521635
959,4,0.522445
959,5,0.521641
959,6,0.521537
959,7,0.455952
959,8,0.444779
959,9,0.455025
959,10,0.472833
959,11,0.451433
959,12,0.462193
959,13,0.458717
959,14,0.463970
959,15,0.494925
960,1,0.489966
960,2,0.455325
960,3,0.445450
960,4,0.455428
960,5,0.455975
960,6,0.463122
960,7,0.499587
960,8,0.457162
960,9,0.462783
960,10,0.504540
960,11,0.515367
960,12,0.456739
960,13,0.455720
960,14,0.462490
960,15,0.469898
961,1,0.472169
961,2,0.506927
961,3,0.502949
961,4,0.500465
961,5,0.522616
961,6,0.520515
961,7,0.531155
961,8,0.532330
961,9,0.521823
961,10,0.531339
961,11,0.529921
961,12,0.522790
961,13,0.526617
961,14,0.454514
961,15,0.444632
962,1,0.461877
962,2,0.454179
962,3,0.467982
962,4,0.450713
962,5,0.490853
962,6,0.506804
962,7,0.522970
962,8,0.522856
962,9,0.457637
962,10,0.450060
962,11,0.443371
962,12,0.448535
962,13,0.495043
962,14,0.501034
962,15,0.446220
963,1,0.450250
963,2,0.453424
963,3,0.470814
963,4,0.445775
963,5,0.453436
963,6,0.492840
963,7,0.529954
963,8,0.525906
963,9,0.456581
963,10,0.450764
963,11,0.448681
963,12,0.488883
963,13,0.498364
963,14,0.522741
963,15,0.526546
964,1,0.521868
964,2,0.522007
964,3,0.521354
964,4,0.527304
964,5,0.461283
964,6,0.446297
964,7,0.454929
964,8,0.459466
964,9,0.463436
964,10,0.493783
964,11,0.458392
964,12,0.487866
964,13,0.501639
964,14,0.462178
964,15,0.452470
965,1,0.452809
965,2,0.458972
965,3,0.469075
965,4,0.459365
965,5,0.452412
965,6,0.445610
965,7,0.449311
965,8,0.457217
965,9,0.448274
965,10,0.467473
965,11,0.454247
965,12,0.448506
965,13,0.496923
965,14,0.492392
965,15,0.526922
966,1,0.522370
966,2,0.526048
966,3,0.461026
966,4,0.464437
966,5,0.443407
966,6,0.452262
966,7,0.448247
966,8,0.456184
966,9,0.455861
966,10,0.451061
966,11,0.491863
966,12,0.531655
966,13,0.457599
966,14,0.469898
966,15,0.503662
967,1,0.460899
967,2,0.450630
967,3,0.450652
967,4,0.458328
967,5,0.486797
967,6,0.458589
967,7,0.449677
967,8,0.444571
967,9,0.478639
967,10,0.491977
967,11,0.454531
967,12,0.454708
967,13,0.446775
967,14,0.456820
967,15,0.493604
968,1,0.505154
968,2,0.460989
968,3,0.450500
968,4,0.455711
968,5,0.502054
968,6,0.455397
968,7,0.462541
968,8,0.501514
968,9,0.493476
968,10,0.529779
968,11,0.455397
968,12,0.463164
968,13,0.463901
968,14,0.487121
968,15,0.501683
969,1,0.494657
969,2,0.529732
969,3,0.522790
969,4,0.527162
969,5,0.458680
969,6,0.460838
969,7,0.492913
969,8,0.455630
969,9,0.452172
969,10,0.450360
969,11,0.460838
969,12,0.455701
969,13,0.446378
969,14,0.454973
969,15,0.499650
970,1,0.492619
970,2,0.531999
970,3,0.456758
970,4,0.485963
970,5,0.494397
970,6,0.530281
970,7,0.460526
970,8,0.487321
970,9,0.497368
970,10,0.530468
970,11,0.456754
970,12,0.449766
970,13,0.447985
970,14,0.495043
970,15,0.459351
971,1,0.455526
971,2,0.472135
971,3,0.496681
971,4,0.522819
971,5,0.518909
971,6,0.520030
971,7,0.529947
971,8,0.461026
971,9,0.482931
971,10,0.503180
971,11,0.463047
971,12,0.463524
971,13,0.448783
971,14,0.496923
971,15,0.492535
972,1,0.522565
972,2,0.456194
972,3,0.483470
972,4,0.459195
972,5,0.486485
972,6,0.456466
972,7,0.450012
972,8,0.456023
972,9,0.465601
972,10,0.446023
972,11,0.457488
972,12,0.493863
972,13,0.509166
972,14,0.455952
972,15,0.485828
973,1,0.503008
973,2,0.492108
973,3,0.460696
973,4,0.449989
973,5,0.460326
973,6,0.445349
973,7,0.457939
973,8,0.495850
973,9,0.451540
973,10,0.454000
973,11,0.444136
973,12,0.452790
973,13,0.501561
973,14,0.531521
973,15,0.455952
974,1,0.485963
974,2,0.498696
974,3,0.456754
974,4,0.485963
974,5,0.484267
974,6,0.495521
974,7,0.499131
974,8,0.526762
974,9,0.455397
974,10,0.446498
974,11,0.448838
974,12,0.490869
974,13,0.449289
974,14,0.482288
974,15,0.487418
975,1,0.456754
975,2,0.449349
975,3,0.448681
975,4,0.490634
975,5,0.499037
975,6,0.456754
975,7,0.454428
975,8,0.446973
975,9,0.458867
975,10,0.451216
975,11,0.445079
975,12,0.452665
975,13,0.526574
975,14,0.524831
975,15,0.529921
976,1,0.523277
976,2,0.518909
976,3,0.458680
976,4,0.483556
976,5,0.455524
976,6,0.483350
976,7,0.490113
976,8,0.508734
976,9,0.521641
976,10,0.526980
976,11,0.525906
976,12,0.455678
976,13,0.486797
976,14,0.452524
976,15,0.451039
977,1,0.451666
977,2,0.483151
977,3,0.506765
977,4,0.526773
977,5,0.457132
977,6,0.450156
977,7,0.462219
977,8,0.450002
977,9,0.465667
977,10,0.457386
977,11,0.494162
977,12,0.526102
977,13,0.527517
977,14,0.526369
977,15,0.445860
978,1,0.449449
978,2,0.447985
978,3,0.495811
978,4,0.457503
978,5,0.450559
978,6,0.453723
978,7,0.445045
978,8,0.455875
978,9,0.446385
978,10,0.504119
978,11,0.461477
978,12,0.466292
978,13,0.449248
978,14,0.458232
978,15,0.452063
979,1,0.454123
979,2,0.502782
979,3,0.521641
979,4,0.529150
979,5,0.523806
979,6,0.525959
979,7,0.523196
979,8,0.521841
979,9,0.451275
979,10,0.445660
979,11,0.445176
979,12,0.449173
979,13,0.486208
979,14,0.457363
979,15,0.448842
980,1,0.453441
980,2,0.508625
980,3,0.526771
980,4,0.525906
980,5,0.526781
980,6,0.519188
980,7,0.527730
980,8,0.527755
980,9,0.530233
980,10,0.526369
980,11,0.531032
980,12,0.522370
980,13,0.526781
980,14,0.456256
980,15,0.463352
981,1,0.506345
981,2,0.459456
981,3,0.487186
981,4,0.457234
981,5,0.488731
981,6,0.498849
981,7,0.459718
981,8,0.483963
981,9,0.457933
981,10,0.449503
981,11,0.452391
981,12,0.448106
981,13,0.446524
981,14,0.445959
981,15,0.455232
982,1,0.499206
982,2,0.456745
982,3,0.455139
982,4,0.446225
982,5,0.456143
982,6,0.453850
982,7,0.469691
982,8,0.453288
982,9,0.460976
982,10,0.447093
982,11,0.447281
982,12,0.455487
982,13,0.464706
982,14,0.501935
982,15,0.458085
983,1,0.449262
983,2,0.450869
983,3,0.448816
983,4,0.451370
983,5,0.459112
983,6,0.448948
983,7,0.491229
983,8,0.456701
983,9,0.487866
983,10,0.457969
983,11,0.467657
983,12,0.493841
983,13,0.490695
983,14,0.514657
983,15,0.522290
984,1,0.530724
984,2,0.457043
984,3,0.483963
984,4,0.494925
984,5,0.457764
984,6,0.483531
984,7,0.501935
984,8,0.499373
984,9,0.463856
984,10,0.445659
984,11,0.459136
984,12,0.453583
984,13,0.448161
984,14,0.497256
984,15,0.495651
985,1,0.507804
985,2,0.521806
985,3,0.522597
985,4,0.521064
985,5,0.517148
985,6,0.531920
985,7,0.527304
985,8,0.525223
985,9,0.521476
985,10,0.521641
985,11,0.521641
985,12,0.456754
985,13,0.450295
985,14,0.453622
985,15,0.490523
986,1,0.450565
986,2,0.470806
986,3,0.477549
986,4,0.525700
986,5,0.523019
986,6,0.464166
986,7,0.454765
986,8,0.456944
986,9,0.453618
986,10,0.446397
986,11,0.456996
986,12,0.445889
986,13,0.447811
986,14,0.503887
986,15,0.500219
987,1,0.502060
987,2,0.520616
987,3,0.459862
987,4,0.452946
987,5,0.445581
987,6,0.451121
987,7,0.502988
987,8,0.461786
987,9,0.481910
987,10,0.457234
987,11,0.484761
987,12,0.505333
987,13,0.509100
987,14,0.521641
987,15,0.455576
988,1,0.449349
988,2,0.448681
988,3,0.489945
988,4,0.455683
988,5,0.450295
988,6,0.457690
988,7,0.447273
988,8,0.452137
988,9,0.506135
988,10,0.521641
988,11,0.527304
988,12,0.525223
988,13,0.456507
988,14,0.486797
988,15,0.506023
989,1,0.520367
989,2,0.514651
989,3,0.459000
989,4,0.449718
989,5,0.452430
989,6,0.450594
989,7,0.450456
989,8,0.459399
989,9,0.484833
989,10,0.457040
989,11,0.450805
989,12,0.470292
989,13,0.451780
989,14,0.449216
989,15,0.490246
990,1,0.520584
990,2,0.521458
990,3,0.521641
990,4,0.457599
990,5,0.488123
990,6,0.497368
990,7,0.494434
990,8,0.457132
990,9,0.449281
990,10,0.455640
990,11,0.473365
990,12,0.510298
990,13,0.501400
990,14,0.519213
990,15,0.526352
991,1,0.518407
991,2,0.521630
991,3,0.522597
991,4,0.521475
991,5,0.456819
991,6,0.450574
991,7,0.444571
991,8,0.454121
991,9,0.447100
991,10,0.457312
991,11,0.497660
991,12,0.499295
991,13,0.522159
991,14,0.519559
991,15,0.457943
992,1,0.489335
992,2,0.496555
992,3,0.530159
992,4,0.461283
992,5,0.462783
992,6,0.494393
992,7,0.528195
992,8,0.461026
992,9,0.456836
992,10,0.462557
992,11,0.454922
992,12,0.462954
992,13,0.443846
992,14,0.455397
992,15,0.458730
993,1,0.456488
993,2,0.464131
993,3,0.450498
993,4,0.458254
993,5,0.451583
993,6,0.455852
993,7,0.455771
993,8,0.468082
993,9,0.502121
993,10,0.504135
993,11,0.492431
993,12,0.452400
993,13,0.453671
993,14,0.444850
993,15,0.473178
994,1,0.494260
994,2,0.515794
994,3,0.522106
994,4,0.455246
994,5,0.451679
994,6,0.451432
994,7,0.457479
994,8,0.495350
994,9,0.500503
994,10,0.457601
994,11,0.449766
994,12,0.453989
994,13,0.480385
994,14,0.496599
994,15,0.462953
995,1,0.454048
995,2,0.467869
995,3,0.449907
995,4,0.505222
995,5,0.518066
995,6,0.514922
995,7,0.522007
995,8,0.521537
995,9,0.529597
995,10,0.519816
995,11,0.526844
995,12,0.521186
995,13,0.518493
995,14,0.526766
995,15,0.518716
996,1,0.460014
996,2,0.463251
996,3,0.459680
996,4,0.452326
996,5,0.452038
996,6,0.502546
996,7,0.520990
996,8,0.521458
996,9,0.521641
996,10,0.526533
996,11,0.522078
996,12,0.522147
996,13,0.458420
996,14,0.446087
996,15,0.444275
997,1,0.455777
997,2,0.457309
997,3,0.470576
997,4,0.460849
997,5,0.451031
997,6,0.453145
997,7,0.456607
997,8,0.453557
997,9,0.457361
997,10,0.483511
997,11,0.468832
997,12,0.465847
997,13,0.494819
997,14,0.488612
997,15,0.459215
998,1,0.446759
998,2,0.453076
998,3,0.456681
998,4,0.449373
998,5,0.449050
998,6,0.453425
998,7,0.482826
998,8,0.502758
998,9,0.458239
998,10,0.463729
998,11,0.460104
998,12,0.463380
998,13,0.465023
998,14,0.449874
998,15,0.458121
999,1,0.474262
999,2,0.493105
999,3,0.490403
999,4,0.456657
999,5,0.450250
999,6,0.455559
999,7,0.446368
999,8,0.455789
999,9,0.498915
999,10,0.490405
999,11,0.514996
999,12,0.455952
999,13,0.449349
999,14,0.440388
999,15,0.452189
1000,1,0.452354
1000,2,0.451854
1000,3,0.496421
1000,4,0.527304
1000,5,0.522970
1000,6,0.518746
1000,7,0.523876
1000,8,0.529619
1000,9,0.521352
1000,10,0.455705
1000,11,0.486797
1000,12,0.495652
1000,13,0.488732
1000,14,0.456371
1000,15,0.445942
1001,1,0.454241
1001,2,0.472531
1001,3,0.458543
1001,4,0.450735
1001,5,0.457564
1001,6,0.452269
1001,7,0.464753
1001,8,0.449131
1001,9,0.506182
1001,10,0.455683
1001,11,0.485828
1001,12,0.464445
1001,13,0.452095
1001,14,0.467543
1001,15,0.448679
1002,1,0.485979
1002,2,0.490991
1002,3,0.459583
1002,4,0.453834
1002,5,0.452266
1002,6,0.498477
1002,7,0.457330
1002,8,0.486610
1002,9,0.499067
1002,10,0.494520
1002,11,0.507804
1002,12,0.515841
1002,13,0.464390
1002,14,0.468808
1002,15,0.497058
1003,1,0.498004
1003,2,0.465180
1003,3,0.489107
1003,4,0.495146
1003,5,0.518909
1003,6,0.515445
1003,7,0.454756
1003,8,0.454791
1003,9,0.457906
1003,10,0.450679
1003,11,0.449644
1003,12,0.451996
1003,13,0.453686
1003,14,0.453361
1003,15,0.467246
1004,1,0.449682
1004,2,0.498697
1004,3,0.495079
1004,4,0.529947
1004,5,0.525116
1004,6,0.527043
1004,7,0.522554
1004,8,0.458969
1004,9,0.482150
1004,10,0.500374
1004,11,0.526980
1004,12,0.518537
1004,13,0.518909
1004,14,0.527767
1004,15,0.456533
1005,1,0.449991
1005,2,0.455791
1005,3,0.493055
1005,4,0.495597
1005,5,0.523639
1005,6,0.521476
1005,7,0.518675
1005,8,0.526980
1005,9,0.518537
1005,10,0.459000
1005,11,0.448877
1005,12,0.449962
1005,13,0.463818
1005,14,0.497209
1005,15,0.457332
1006,1,0.487186
1006,2,0.458156
1006,3,0.458371
1006,4,0.453075
1006,5,0.476761
1006,6,0.489280
1006,7,0.492093
1006,8,0.530142
1006,9,0.456417
1006,10,0.482931
1006,11,0.494393
1006,12,0.455952
1006,13,0.487186
1006,14,0.459769
1006,15,0.487693
1007,1,0.508302
1007,2,0.521823
1007,3,0.456754
1007,4,0.450347
1007,5,0.443371
1007,6,0.446201
1007,7,0.451961
1007,8,0.455477
1007,9,0.446711
1007,10,0.456344
1007,11,0.473814
1007,12,0.503840
1007,13,0.496693
1007,14,0.454857
1007,15,0.486797
1008,1,0.505089
1008,2,0.497340
1008,3,0.461230
1008,4,0.446024
1008,5,0.449293
1008,6,0.491250
1008,7,0.527304
1008,8,0.522790
1008,9,0.462029
1008,10,0.457372
1008,11,0.447624
1008,12,0.460261
1008,13,0.482856
1008,14,0.507066
1008,15,0.524973
1009,1,0.461026
1009,2,0.451721
1009,3,0.451605
1009,4,0.491250
1009,5,0.498536
1009,6,0.527031
1009,7,0.523019
1009,8,0.525837
1009,9,0.457843
1009,10,0.450117
1009,11,0.449878
1009,12,0.499901
1009,13,0.503505
1009,14,0.456123
1009,15,0.485733
1010,1,0.506296
1010,2,0.498346
1010,3,0.522053
1010,4,0.529837
1010,5,0.526491
1010,6,0.523191
1010,7,0.519657
1010,8,0.455294
1010,9,0.449658
1010,10,0.459510
1010,11,0.456204
1010,12,0.482820
1010,13,0.459399
1010,14,0.450084
1010,15,0.458915
1011,1,0.485981
1011,2,0.505089
1011,3,0.502341
1011,4,0.457274
1011,5,0.471694
1011,6,0.457421
1011,7,0.450470
1011,8,0.445436
1011,9,0.455416
1011,10,0.499828
1011,11,0.500675
1011,12,0.500599
1011,13,0.455381
1011,14,0.446462
1011,15,0.446056
1012,1,0.495811
1012,2,0.523802
1012,3,0.517058
1012,4,0.456819
1012,5,0.450250
1012,6,0.444571
1012,7,0.452952
1012,8,0.455341
1012,9,0.448295
1012,10,0.501935
1012,11,0.458239
1012,12,0.447688
1012,13,0.463896
1012,14,0.447727
1012,15,0.474541
1013,1,0.458453
1013,2,0.487485
1013,3,0.456533
1013,4,0.447055
1013,5,0.449130
1013,6,0.447402
1013,7,0.447624
1013,8,0.491914
1013,9,0.457835
1013,10,0.450559
1013,11,0.441695
1013,12,0.446368
1013,13,0.455336
1013,14,0.473917
1013,15,0.498474
1014,1,0.455629
1014,2,0.469314
1014,3,0.459903
1014,4,0.456186
1014,5,0.457699
1014,6,0.448497
1014,7,0.451128
1014,8,0.459621
1014,9,0.450762
1014,10,0.460380
1014,11,0.474406
1014,12,0.460449
1014,13,0.462338
1014,14,0.477290
1014,15,0.456530
