episode,step,reward
0,1,0.519457
0,2,0.522955
0,3,0.457129
0,4,0.532282
0,5,0.503226
0,6,0.492727
0,7,0.504849
0,8,0.458302
0,9,0.495709
0,10,0.462106
0,11,0.472725
0,12,0.481624
0,13,0.547988
0,14,0.507995
0,15,0.469820
1,1,0.434589
1,2,0.431107
1,3,0.466686
1,4,0.494579
1,5,0.500099
1,6,0.520469
1,7,0.495360
1,8,0.509714
1,9,0.467202
1,10,0.444725
1,11,0.519224
1,12,0.406025
1,13,0.453130
1,14,0.501971
1,15,0.534661
2,1,0.488479
2,2,0.474117
2,3,0.481540
2,4,0.469895
2,5,0.434589
2,6,0.473946
2,7,0.471197
2,8,0.468459
2,9,0.515568
2,10,0.494280
2,11,0.426354
2,12,0.481361
2,13,0.493384
2,14,0.458126
2,15,0.466357
3,1,0.484258
3,2,0.492649
3,3,0.508636
3,4,0.526655
3,5,0.494014
3,6,0.534279
3,7,0.550923
3,8,0.521012
3,9,0.567500
3,10,0.536932
3,11,0.533254
3,12,0.434589
3,13,0.448261
3,14,0.536469
3,15,0.472176
4,1,0.405085
4,2,0.415796
4,3,0.496375
4,4,0.510400
4,5,0.446734
4,6,0.432176
4,7,0.423946
4,8,0.443407
4,9,0.444727
4,10,0.474199
4,11,0.474115
4,12,0.510184
4,13,0.434589
4,14,0.534139
4,15,0.500791
5,1,0.486931
5,2,0.540841
5,3,0.533452
5,4,0.554968
5,5,0.506124
5,6,0.534876
5,7,0.513312
5,8,0.555161
5,9,0.535770
5,10,0.535007
5,11,0.453545
5,12,0.523138
5,13,0.461347
5,14,0.492228
5,15,0.455923
6,1,0.492725
6,2,0.464811
6,3,0.494427
6,4,0.486022
6,5,0.508305
6,6,0.525622
6,7,0.512220
6,8,0.508781
6,9,0.445339
6,10,0.534607
6,11,0.582009
6,12,0.514511
6,13,0.521974
6,14,0.451353
6,15,0.447478
7,1,0.480358
7,2,0.488608
7,3,0.456326
7,4,0.468237
7,5,0.442218
7,6,0.431877
7,7,0.448743
7,8,0.448685
7,9,0.467349
7,10,0.454126
7,11,0.495468
7,12,0.431741
7,13,0.436526
7,14,0.499149
7,15,0.507867
8,1,0.457329
8,2,0.439349
8,3,0.460251
8,4,0.454882
8,5,0.477774
8,6,0.462461
8,7,0.510701
8,8,0.472321
8,9,0.496185
8,10,0.475249
8,11,0.518306
8,12,0.576567
8,13,0.517932
8,14,0.460180
8,15,0.462408
9,1,0.515290
9,2,0.507405
9,3,0.528269
9,4,0.508248
9,5,0.455921
9,6,0.473498
9,7,0.495006
9,8,0.478265
9,9,0.462711
9,10,0.453748
9,11,0.462985
9,12,0.485165
9,13,0.497148
9,14,0.464261
9,15,0.439060
10,1,0.434589
10,2,0.464166
10,3,0.480065
10,4,0.536082
10,5,0.528405
10,6,0.509697
10,7,0.528952
10,8,0.462464
10,9,0.457757
10,10,0.463127
10,11,0.483470
10,12,0.468839
10,13,0.481526
10,14,0.429353
10,15,0.460883
11,1,0.474816
11,2,0.217795
11,3,0.472953
11,4,0.464853
11,5,0.453368
11,6,0.485318
11,7,0.450509
11,8,0.526324
11,9,0.447531
11,10,0.456290
11,11,0.500983
11,12,0.443664
11,13,0.488563
11,14,0.449346
11,15,0.463816
12,1,0.464451
12,2,0.534946
12,3,0.526538
12,4,0.515503
12,5,0.506123
12,6,0.476640
12,7,0.525622
12,8,0.445859
12,9,0.426354
12,10,0.432399
12,11,0.320533
12,12,0.446466
12,13,0.453959
12,14,0.445864
12,15,0.440881
13,1,0.504507
13,2,0.494715
13,3,0.374937
13,4,0.447246
13,5,0.423308
13,6,0.507642
13,7,0.499876
13,8,0.473636
13,9,0.462561
13,10,0.454203
13,11,0.452104
13,12,0.470970
13,13,0.491463
13,14,0.536466
13,15,0.453519
14,1,0.512167
14,2,0.465280
14,3,0.466635
14,4,0.480451
14,5,0.503096
14,6,0.491147
14,7,0.452437
14,8,0.461848
14,9,0.471514
14,10,0.426354
14,11,0.490511
14,12,0.487543
14,13,0.516267
14,14,0.537012
14,15,0.523135
15,1,0.492966
15,2,0.548001
15,3,0.445411
15,4,0.405725
15,5,0.482714
15,6,0.510869
15,7,0.509977
15,8,0.506124
15,9,0.506583
15,10,0.426354
15,11,0.453403
15,12,0.482216
15,13,0.459911
15,14,0.433041
15,15,0.464966
16,1,0.434589
16,2,0.492710
16,3,0.480209
16,4,0.456563
16,5,0.478630
16,6,0.444870
16,7,0.498822
16,8,0.455685
16,9,0.449377
16,10,0.467657
16,11,0.493874
16,12,0.478389
16,13,0.457158
16,14,0.480840
16,15,0.532282
17,1,0.531294
17,2,0.463308
17,3,0.486128
17,4,0.479154
17,5,0.497521
17,6,0.462246
17,7,0.442433
17,8,0.476100
17,9,0.463846
17,10,0.493638
17,11,0.461853
17,12,0.494244
17,13,0.522493
17,14,0.493116
17,15,0.450736
18,1,0.436940
18,2,0.513993
18,3,0.458100
18,4,0.500391
18,5,0.469262
18,6,0.483483
18,7,0.434589
18,8,0.432268
18,9,0.445973
18,10,0.449801
18,11,0.505323
18,12,0.500676
18,13,0.493229
18,14,0.525622
18,15,0.286981
19,1,0.504507
19,2,0.482253
19,3,0.506369
19,4,0.426527
19,5,0.454335
19,6,0.501971
19,7,0.496008
19,8,0.499514
19,9,0.484111
19,10,0.451406
19,11,0.496472
19,12,0.462378
19,13,0.536308
19,14,0.517210
19,15,0.453912
20,1,0.486746
20,2,0.532255
20,3,0.555735
20,4,0.434589
20,5,0.432959
20,6,0.480756
20,7,0.415796
20,8,0.405085
20,9,0.448318
20,10,0.492209
20,11,0.434589
20,12,0.506369
20,13,0.472410
20,14,0.510705
20,15,0.459739
21,1,0.479353
21,2,0.474413
21,3,0.250417
21,4,0.464961
21,5,0.434848
21,6,0.442969
21,7,0.492445
21,8,0.498768
21,9,0.483156
21,10,0.464844
21,11,0.457006
21,12,0.435141
21,13,0.464350
21,14,0.463053
21,15,0.454839
22,1,0.534946
22,2,0.521093
22,3,0.485489
22,4,0.351969
22,5,0.480995
22,6,0.479423
22,7,0.476600
22,8,0.476358
22,9,0.462663
22,10,0.520613
22,11,0.496470
22,12,0.453176
22,13,0.446665
22,14,0.479866
22,15,0.532282
23,1,0.488479
23,2,0.512390
23,3,0.490375
23,4,0.539056
23,5,0.460281
23,6,0.520665
23,7,0.497618
23,8,0.525622
23,9,0.502064
23,10,0.519157
23,11,0.523970
23,12,0.517988
23,13,0.442796
23,14,0.430537
23,15,0.478025
24,1,0.488479
24,2,0.434589
24,3,0.491204
24,4,0.547988
24,5,0.532282
24,6,0.525110
24,7,0.450098
24,8,0.434826
24,9,0.503023
24,10,0.461575
24,11,0.426354
24,12,0.453680
24,13,0.411744
24,14,0.450033
24,15,0.426297
25,1,0.547988
25,2,0.499956
25,3,0.533703
25,4,0.507114
25,5,0.509453
25,6,0.537012
25,7,0.533703
25,8,0.497922
25,9,0.562031
25,10,0.492487
25,11,0.426354
25,12,0.530378
25,13,0.501435
25,14,0.504977
25,15,0.524327
26,1,0.456475
26,2,0.522257
26,3,0.247578
26,4,0.547988
26,5,0.467699
26,6,0.411744
26,7,0.460845
26,8,0.464090
26,9,0.506392
26,10,0.506960
26,11,0.500015
26,12,0.485789
26,13,0.524647
26,14,0.532512
26,15,0.521603
27,1,0.469548
27,2,0.453661
27,3,0.466152
27,4,0.465317
27,5,0.495069
27,6,0.455935
27,7,0.485462
27,8,0.467136
27,9,0.515996
27,10,0.473103
27,11,0.433770
27,12,0.482220
27,13,0.481512
27,14,0.459964
27,15,0.492062
28,1,0.486746
28,2,0.474250
28,3,0.485775
28,4,0.438329
28,5,0.462410
28,6,0.472151
28,7,0.502075
28,8,0.499229
28,9,0.464045
28,10,0.453896
28,11,0.448481
28,12,0.408884
28,13,0.487641
28,14,0.426345
28,15,0.466286
29,1,0.434589
29,2,0.473956
29,3,0.497737
29,4,0.501399
29,5,0.472306
29,6,0.454063
29,7,0.441965
29,8,0.439871
29,9,0.462703
29,10,0.466929
29,11,0.451013
29,12,0.490601
29,13,0.520956
29,14,0.515434
29,15,0.532549
30,1,0.547988
30,2,0.510381
30,3,0.520813
30,4,0.475671
30,5,0.523915
30,6,0.526461
30,7,0.466044
30,8,0.484455
30,9,0.460565
30,10,0.489789
30,11,0.497135
30,12,0.506512
30,13,0.445506
30,14,0.441921
30,15,0.448247
31,1,0.442102
31,2,0.439677
31,3,0.310308
31,4,0.453254
31,5,0.454262
31,6,0.462946
31,7,0.513172
31,8,0.488479
31,9,0.531003
31,10,0.458126
31,11,0.519325
31,12,0.493548
31,13,0.501502
31,14,0.492180
31,15,0.540846
32,1,0.508587
32,2,0.510703
32,3,0.472434
32,4,0.527271
32,5,0.521174
32,6,0.490179
32,7,0.509314
32,8,0.518200
32,9,0.574110
32,10,0.434589
32,11,0.496275
32,12,0.456748
32,13,0.527636
32,14,0.470660
32,15,0.509982
33,1,0.486746
33,2,0.532880
33,3,0.528328
33,4,0.533768
33,5,0.498339
33,6,0.463569
33,7,0.432646
33,8,0.577407
33,9,0.431931
33,10,0.502045
33,11,0.426345
33,12,0.513747
33,13,0.532104
33,14,0.551831
33,15,0.538106
34,1,0.475183
34,2,0.434589
34,3,0.447426
34,4,0.460036
34,5,0.426345
34,6,0.454911
34,7,0.497172
34,8,0.450098
34,9,0.429159
34,10,0.479033
34,11,0.459058
34,12,0.451013
34,13,0.480051
34,14,0.488728
34,15,0.492965
35,1,0.510413
35,2,0.464209
35,3,0.483288
35,4,0.515091
35,5,0.488298
35,6,0.532118
35,7,0.521015
35,8,0.521174
35,9,0.447422
35,10,0.458975
35,11,0.491812
35,12,0.495552
35,13,0.488866
35,14,0.522497
35,15,0.494849
36,1,0.481201
36,2,0.501691
36,3,0.464451
36,4,0.483348
36,5,0.306286
36,6,0.478645
36,7,0.473314
36,8,0.448344
36,9,0.500482
36,10,0.500482
36,11,0.500482
36,12,0.495657
36,13,0.463933
36,14,0.469812
36,15,0.489961
37,1,0.506026
37,2,0.456752
37,3,0.533703
37,4,0.495234
37,5,0.474357
37,6,0.434589
37,7,0.525831
37,8,0.458975
37,9,0.463107
37,10,0.464616
37,11,0.454025
37,12,0.451533
37,13,0.475684
37,14,0.470317
37,15,0.506369
38,1,0.574110
38,2,0.456475
38,3,0.566955
38,4,0.555961
38,5,0.532051
38,6,0.463989
38,7,0.477478
38,8,0.479301
38,9,0.494811
38,10,0.422172
38,11,0.481990
38,12,0.451013
38,13,0.454633
38,14,0.453426
38,15,0.455597
39,1,0.467064
39,2,0.405085
39,3,0.472419
39,4,0.317848
39,5,0.499327
39,6,0.459056
39,7,0.456673
39,8,0.482793
39,9,0.492320
39,10,0.472325
39,11,0.430537
39,12,0.473296
39,13,0.463545
39,14,0.423462
39,15,0.454104
40,1,0.530507
40,2,0.476432
40,3,0.554135
40,4,0.451793
40,5,0.497424
40,6,0.411744
40,7,0.514648
40,8,0.314422
40,9,0.454812
40,10,0.457267
40,11,0.456710
40,12,0.476990
40,13,0.479866
40,14,0.453186
40,15,0.417795
41,1,0.512167
41,2,0.397650
41,3,0.435590
41,4,0.489869
41,5,0.517770
41,6,0.506617
41,7,0.537438
41,8,0.492966
41,9,0.530148
41,10,0.538194
41,11,0.533376
41,12,0.472435
41,13,0.453010
41,14,0.574110
41,15,0.533703
42,1,0.512167
42,2,0.501347
42,3,0.426354
42,4,0.472981
42,5,0.430476
42,6,0.415796
42,7,0.434589
42,8,0.454689
42,9,0.434848
42,10,0.480219
42,11,0.458901
42,12,0.524958
42,13,0.484655
42,14,0.498904
42,15,0.455369
43,1,0.485880
43,2,0.467489
43,3,0.504839
43,4,0.440046
43,5,0.436833
43,6,0.502083
43,7,0.478435
43,8,0.469590
43,9,0.511033
43,10,0.500880
43,11,0.523915
43,12,0.532513
43,13,0.475062
43,14,0.466496
43,15,0.434589
44,1,0.488479
44,2,0.449943
44,3,0.486785
44,4,0.452010
44,5,0.515030
44,6,0.541355
44,7,0.452130
44,8,0.523054
44,9,0.475869
44,10,0.503691
44,11,0.582009
44,12,0.547988
44,13,0.577435
44,14,0.487500
44,15,0.474112
45,1,0.481201
45,2,0.484200
45,3,0.517900
45,4,0.511781
45,5,0.468212
45,6,0.495927
45,7,0.465340
45,8,0.523915
45,9,0.517435
45,10,0.534494
45,11,0.541068
45,12,0.561117
45,13,0.508737
45,14,0.568097
45,15,0.499845
46,1,0.436940
46,2,0.574110
46,3,0.352535
46,4,0.547988
46,5,0.494152
46,6,0.486476
46,7,0.476001
46,8,0.451695
46,9,0.443679
46,10,0.433152
46,11,0.467320
46,12,0.463633
46,13,0.439698
46,14,0.440070
46,15,0.250417
47,1,0.456480
47,2,0.471092
47,3,0.457850
47,4,0.462019
47,5,0.458686
47,6,0.461064
47,7,0.472999
47,8,0.449270
47,9,0.460716
47,10,0.495564
47,11,0.448876
47,12,0.454015
47,13,0.509852
47,14,0.513402
47,15,0.455631
48,1,0.397650
48,2,0.547988
48,3,0.459230
48,4,0.466030
48,5,0.472502
48,6,0.438382
48,7,0.473996
48,8,0.482180
48,9,0.470165
48,10,0.480062
48,11,0.447808
48,12,0.474181
48,13,0.426345
48,14,0.526837
48,15,0.538702
49,1,0.434589
49,2,0.396328
49,3,0.503023
49,4,0.516789
49,5,0.455159
49,6,0.426354
49,7,0.465093
49,8,0.447341
49,9,0.468788
49,10,0.476075
49,11,0.506727
49,12,0.492004
49,13,0.496102
49,14,0.514561
49,15,0.522262
50,1,0.547988
50,2,0.479353
50,3,0.498445
50,4,0.528509
50,5,0.470956
50,6,0.466428
50,7,0.487236
50,8,0.497895
50,9,0.511051
50,10,0.484747
50,11,0.536344
50,12,0.476550
50,13,0.458793
50,14,0.471561
50,15,0.491264
51,1,0.534946
51,2,0.498385
51,3,0.521892
51,4,0.562877
51,5,0.535261
51,6,0.520892
51,7,0.540747
51,8,0.495960
51,9,0.561625
51,10,0.533703
51,11,0.449987
51,12,0.470867
51,13,0.434725
51,14,0.468016
51,15,0.440326
52,1,0.486746
52,2,0.434096
52,3,0.485146
52,4,0.456571
52,5,0.491204
52,6,0.461970
52,7,0.405085
52,8,0.478739
52,9,0.425345
52,10,0.447926
52,11,0.452316
52,12,0.524733
52,13,0.503294
52,14,0.446448
52,15,0.467352
53,1,0.492464
53,2,0.217795
53,3,0.481748
53,4,0.489216
53,5,0.505844
53,6,0.426354
53,7,0.438191
53,8,0.460137
53,9,0.464700
53,10,0.521793
53,11,0.503618
53,12,0.434714
53,13,0.497522
53,14,0.508901
53,15,0.533168
54,1,0.548001
54,2,0.441741
54,3,0.458770
54,4,0.497420
54,5,0.492201
54,6,0.457737
54,7,0.465872
54,8,0.468679
54,9,0.451938
54,10,0.468782
54,11,0.446264
54,12,0.471098
54,13,0.513971
54,14,0.455255
54,15,0.461255
55,1,0.545566
55,2,0.469418
55,3,0.533703
55,4,0.310316
55,5,0.505720
55,6,0.467519
55,7,0.453189
55,8,0.528816
55,9,0.476640
55,10,0.474652
55,11,0.455955
55,12,0.476744
55,13,0.454168
55,14,0.464513
55,15,0.492391
56,1,0.474816
56,2,0.532807
56,3,0.527192
56,4,0.521150
56,5,0.525622
56,6,0.552631
56,7,0.543757
56,8,0.522194
56,9,0.515192
56,10,0.513670
56,11,0.531680
56,12,0.497711
56,13,0.508270
56,14,0.532229
56,15,0.496653
57,1,0.445859
57,2,0.479455
57,3,0.491392
57,4,0.459314
57,5,0.440912
57,6,0.465628
57,7,0.464433
57,8,0.496437
57,9,0.450712
57,10,0.497733
57,11,0.461583
57,12,0.424817
57,13,0.477614
57,14,0.483371
57,15,0.514147
58,1,0.380913
58,2,0.217294
58,3,0.485092
58,4,0.463755
58,5,0.454029
58,6,0.487169
58,7,0.465873
58,8,0.463871
58,9,0.455782
58,10,0.494136
58,11,0.472786
58,12,0.518355
58,13,0.540410
58,14,0.532070
58,15,0.512859
59,1,0.493109
59,2,0.534090
59,3,0.576075
59,4,0.512493
59,5,0.426354
59,6,0.462087
59,7,0.574110
59,8,0.450121
59,9,0.481297
59,10,0.466674
59,11,0.575551
59,12,0.558260
59,13,0.523212
59,14,0.557154
59,15,0.546915
60,1,0.530507
60,2,0.476432
60,3,0.533950
60,4,0.574110
60,5,0.520477
60,6,0.512790
60,7,0.479229
60,8,0.405085
60,9,0.444294
60,10,0.449992
60,11,0.443359
60,12,0.432417
60,13,0.424046
60,14,0.579701
60,15,0.435590
61,1,0.466824
61,2,0.514107
61,3,0.405085
61,4,0.474086
61,5,0.477837
61,6,0.492243
61,7,0.453851
61,8,0.439232
61,9,0.453649
61,10,0.433639
61,11,0.513402
61,12,0.375899
61,13,0.458019
61,14,0.474330
61,15,0.475633
62,1,0.460637
62,2,0.457081
62,3,0.523613
62,4,0.514926
62,5,0.528944
62,6,0.574110
62,7,0.437227
62,8,0.462087
62,9,0.469581
62,10,0.469609
62,11,0.370977
62,12,0.443773
62,13,0.461790
62,14,0.466472
62,15,0.459549
63,1,0.467425
63,2,0.513402
63,3,0.466824
63,4,0.411744
63,5,0.457512
63,6,0.252911
63,7,0.467254
63,8,0.519939
63,9,0.525622
63,10,0.501592
63,11,0.442664
63,12,0.442811
63,13,0.492320
63,14,0.498272
63,15,0.495208
64,1,0.492131
64,2,0.485880
64,3,0.520629
64,4,0.459239
64,5,0.547988
64,6,0.493044
64,7,0.526857
64,8,0.491762
64,9,0.495181
64,10,0.528809
64,11,0.484766
64,12,0.542456
64,13,0.480191
64,14,0.553196
64,15,0.509434
65,1,0.459310
65,2,0.497340
65,3,0.426527
65,4,0.451013
65,5,0.486625
65,6,0.500050
65,7,0.466147
65,8,0.533020
65,9,0.516868
65,10,0.516463
65,11,0.471759
65,12,0.451462
65,13,0.442280
65,14,0.457976
65,15,0.420338
66,1,0.489181
66,2,0.532701
66,3,0.523038
66,4,0.536066
66,5,0.551464
66,6,0.503532
66,7,0.500078
66,8,0.467410
66,9,0.430476
66,10,0.439245
66,11,0.452592
66,12,0.437981
66,13,0.496905
66,14,0.489826
66,15,0.577766
67,1,0.506026
67,2,0.520348
67,3,0.474918
67,4,0.512644
67,5,0.442811
67,6,0.441338
67,7,0.483637
67,8,0.521680
67,9,0.484468
67,10,0.511724
67,11,0.480156
67,12,0.520466
67,13,0.521597
67,14,0.512937
67,15,0.445452
68,1,0.512167
68,2,0.442436
68,3,0.329216
68,4,0.500391
68,5,0.435409
68,6,0.450331
68,7,0.532513
68,8,0.499414
68,9,0.530113
68,10,0.459892
68,11,0.453572
68,12,0.449234
68,13,0.493684
68,14,0.503028
68,15,0.503352
69,1,0.479353
69,2,0.523449
69,3,0.514786
69,4,0.525622
69,5,0.552662
69,6,0.482212
69,7,0.531246
69,8,0.523915
69,9,0.515298
69,10,0.554858
69,11,0.493029
69,12,0.559623
69,13,0.542111
69,14,0.537226
69,15,0.547988
70,1,0.510413
70,2,0.431515
70,3,0.469614
70,4,0.475900
70,5,0.506369
70,6,0.470709
70,7,0.460335
70,8,0.482069
70,9,0.452446
70,10,0.484496
70,11,0.532860
70,12,0.458807
70,13,0.475431
70,14,0.516035
70,15,0.437390
71,1,0.508587
71,2,0.514624
71,3,0.512665
71,4,0.552379
71,5,0.458519
71,6,0.442378
71,7,0.448547
71,8,0.451807
71,9,0.455255
71,10,0.535561
71,11,0.480708
71,12,0.530017
71,13,0.477984
71,14,0.466524
71,15,0.473432
72,1,0.463993
72,2,0.256701
72,3,0.500823
72,4,0.479398
72,5,0.523217
72,6,0.517653
72,7,0.519287
72,8,0.512262
72,9,0.444453
72,10,0.437353
72,11,0.434041
72,12,0.476094
72,13,0.493618
72,14,0.495881
72,15,0.480185
73,1,0.531294
73,2,0.513670
73,3,0.380913
73,4,0.547988
73,5,0.532324
73,6,0.473286
73,7,0.444254
73,8,0.485051
73,9,0.515785
73,10,0.493627
73,11,0.490179
73,12,0.554135
73,13,0.441631
73,14,0.489225
73,15,0.446738
74,1,0.519457
74,2,0.493637
74,3,0.468658
74,4,0.480236
74,5,0.461555
74,6,0.474146
74,7,0.462795
74,8,0.451590
74,9,0.455713
74,10,0.443141
74,11,0.453424
74,12,0.483727
74,13,0.510045
74,14,0.442040
74,15,0.479749
75,1,0.474816
75,2,0.526789
75,3,0.442663
75,4,0.456363
75,5,0.479316
75,6,0.458914
75,7,0.481154
75,8,0.467032
75,9,0.503030
75,10,0.474288
75,11,0.455614
75,12,0.524625
75,13,0.508427
75,14,0.442779
75,15,0.464817
76,1,0.456475
76,2,0.312904
76,3,0.441067
76,4,0.458529
76,5,0.455704
76,6,0.452256
76,7,0.457554
76,8,0.449796
76,9,0.453708
76,10,0.455244
76,11,0.494049
76,12,0.525110
76,13,0.435590
76,14,0.461782
76,15,0.550870
77,1,0.438229
77,2,0.551058
77,3,0.533585
77,4,0.547988
77,5,0.475514
77,6,0.463901
77,7,0.464143
77,8,0.483772
77,9,0.486307
77,10,0.508083
77,11,0.491897
77,12,0.527214
77,13,0.535823
77,14,0.456571
77,15,0.456053
78,1,0.489181
78,2,0.541837
78,3,0.444453
78,4,0.458035
78,5,0.499764
78,6,0.411744
78,7,0.446133
78,8,0.503528
78,9,0.482661
78,10,0.440260
78,11,0.472859
78,12,0.490794
78,13,0.466563
78,14,0.461151
78,15,0.504391
79,1,0.464451
79,2,0.540733
79,3,0.524941
79,4,0.554735
79,5,0.465123
79,6,0.453411
79,7,0.499727
79,8,0.442025
79,9,0.451006
79,10,0.452738
79,11,0.504695
79,12,0.442306
79,13,0.417817
79,14,0.289977
79,15,0.462897
80,1,0.464451
80,2,0.547430
80,3,0.525110
80,4,0.466645
80,5,0.479674
80,6,0.473824
80,7,0.453621
80,8,0.518923
80,9,0.463308
80,10,0.494937
80,11,0.457311
80,12,0.470802
80,13,0.533113
80,14,0.531855
80,15,0.523536
81,1,0.473956
81,2,0.217294
81,3,0.480948
81,4,0.463669
81,5,0.495358
81,6,0.483022
81,7,0.451572
81,8,0.405085
81,9,0.457782
81,10,0.455183
81,11,0.476640
81,12,0.468377
81,13,0.456155
81,14,0.492904
81,15,0.478211
82,1,0.475183
82,2,0.465327
82,3,0.485230
82,4,0.506601
82,5,0.531882
82,6,0.501889
82,7,0.506567
82,8,0.473344
82,9,0.512657
82,10,0.526196
82,11,0.507688
82,12,0.499904
82,13,0.475159
82,14,0.482313
82,15,0.473186
83,1,0.446717
83,2,0.459497
83,3,0.434589
83,4,0.453469
83,5,0.458501
83,6,0.451118
83,7,0.434730
83,8,0.443143
83,9,0.483775
83,10,0.464770
83,11,0.455096
83,12,0.458848
83,13,0.451806
83,14,0.454103
83,15,0.497430
84,1,0.474816
84,2,0.539444
84,3,0.459558
84,4,0.526170
84,5,0.492109
84,6,0.484757
84,7,0.464872
84,8,0.527166
84,9,0.496056
84,10,0.458472
84,11,0.494663
84,12,0.493922
84,13,0.503267
84,14,0.510954
84,15,0.499845
85,1,0.469548
85,2,0.405085
85,3,0.438007
85,4,0.463674
85,5,0.496736
85,6,0.443576
85,7,0.521486
85,8,0.492441
85,9,0.494368
85,10,0.545306
85,11,0.426354
85,12,0.451678
85,13,0.463645
85,14,0.461779
85,15,0.469274
86,1,0.495545
86,2,0.477751
86,3,0.498901
86,4,0.554919
86,5,0.463045
86,6,0.490091
86,7,0.493297
86,8,0.490698
86,9,0.495318
86,10,0.446577
86,11,0.454281
86,12,0.434848
86,13,0.456115
86,14,0.444311
86,15,0.451735
87,1,0.521122
87,2,0.486308
87,3,0.550316
87,4,0.435590
87,5,0.478881
87,6,0.470085
87,7,0.468201
87,8,0.522407
87,9,0.550661
87,10,0.539839
87,11,0.532282
87,12,0.533603
87,13,0.525622
87,14,0.496160
87,15,0.540846
88,1,0.475183
88,2,0.465688
88,3,0.504737
88,4,0.501154
88,5,0.477969
88,6,0.514737
88,7,0.464762
88,8,0.476990
88,9,0.497236
88,10,0.434418
88,11,0.422172
88,12,0.501603
88,13,0.469883
88,14,0.481970
88,15,0.449401
89,1,0.489005
89,2,0.520640
89,3,0.574110
89,4,0.442664
89,5,0.513620
89,6,0.482995
89,7,0.507051
89,8,0.458975
89,9,0.499992
89,10,0.503173
89,11,0.527919
89,12,0.492428
89,13,0.491848
89,14,0.523588
89,15,0.508858
90,1,0.485880
90,2,0.533808
90,3,0.529871
90,4,0.494406
90,5,0.537168
90,6,0.464795
90,7,0.479866
90,8,0.495194
90,9,0.285921
90,10,0.441343
90,11,0.431897
90,12,0.454357
90,13,0.519585
90,14,0.516977
90,15,0.533823
91,1,0.492464
91,2,0.519287
91,3,0.507244
91,4,0.501757
91,5,0.456327
91,6,0.542344
91,7,0.525459
91,8,0.528016
91,9,0.455249
91,10,0.484655
91,11,0.452877
91,12,0.434292
91,13,0.467123
91,14,0.480106
91,15,0.482644
92,1,0.521767
92,2,0.465280
92,3,0.492966
92,4,0.478035
92,5,0.482046
92,6,0.463863
92,7,0.499979
92,8,0.515775
92,9,0.528952
92,10,0.450547
92,11,0.483426
92,12,0.417781
92,13,0.471488
92,14,0.462153
92,15,0.482643
93,1,0.463993
93,2,0.449476
93,3,0.318848
93,4,0.464477
93,5,0.502626
93,6,0.472187
93,7,0.426354
93,8,0.447725
93,9,0.508133
93,10,0.487796
93,11,0.523839
93,12,0.537114
93,13,0.469356
93,14,0.433502
93,15,0.482985
94,1,0.443065
94,2,0.529871
94,3,0.555709
94,4,0.531246
94,5,0.506583
94,6,0.459225
94,7,0.447167
94,8,0.451559
94,9,0.449894
94,10,0.452440
94,11,0.544074
94,12,0.458743
94,13,0.519028
94,14,0.512449
94,15,0.455064
95,1,0.493109
95,2,0.508753
95,3,0.531062
95,4,0.514134
95,5,0.535776
95,6,0.516067
95,7,0.466247
95,8,0.498283
95,9,0.448177
95,10,0.438465
95,11,0.462621
95,12,0.473195
95,13,0.508570
95,14,0.448313
95,15,0.443507
96,1,0.481201
96,2,0.506369
96,3,0.476492
96,4,0.455539
96,5,0.492922
96,6,0.299196
96,7,0.454115
96,8,0.453499
96,9,0.466397
96,10,0.454190
96,11,0.493893
96,12,0.532275
96,13,0.506583
96,14,0.463783
96,15,0.454398
97,1,0.473956
97,2,0.217294
97,3,0.444929
97,4,0.479432
97,5,0.500261
97,6,0.488786
97,7,0.468649
97,8,0.458321
97,9,0.458305
97,10,0.480925
97,11,0.491967
97,12,0.517532
97,13,0.516086
97,14,0.464209
97,15,0.500423
98,1,0.463993
98,2,0.486491
98,3,0.486567
98,4,0.439987
98,5,0.473833
98,6,0.477347
98,7,0.494764
98,8,0.457740
98,9,0.491555
98,10,0.454336
98,11,0.495639
98,12,0.453454
98,13,0.471289
98,14,0.457887
98,15,0.434230
99,1,0.467425
99,2,0.540239
99,3,0.492561
99,4,0.483975
99,5,0.511318
99,6,0.472756
99,7,0.526365
99,8,0.528911
99,9,0.485538
99,10,0.443633
99,11,0.482353
99,12,0.501731
99,13,0.473492
99,14,0.430471
99,15,0.474982
100,1,0.473956
100,2,0.370793
100,3,0.481615
100,4,0.482146
100,5,0.495827
100,6,0.480775
100,7,0.577766
100,8,0.534184
100,9,0.520512
100,10,0.521505
100,11,0.490896
100,12,0.460426
100,13,0.460907
100,14,0.455565
100,15,0.483619
101,1,0.474816
101,2,0.537116
101,3,0.535187
101,4,0.535331
101,5,0.540755
101,6,0.468854
101,7,0.405085
101,8,0.506560
101,9,0.506081
101,10,0.535554
101,11,0.468928
101,12,0.493959
101,13,0.488028
101,14,0.523915
101,15,0.534766
102,1,0.508587
102,2,0.456151
102,3,0.448280
102,4,0.452075
102,5,0.477714
102,6,0.454109
102,7,0.421468
102,8,0.577435
102,9,0.451263
102,10,0.411744
102,11,0.448735
102,12,0.456220
102,13,0.521767
102,14,0.508627
102,15,0.532275
103,1,0.508753
103,2,0.474816
103,3,0.249384
103,4,0.508912
103,5,0.447334
103,6,0.472520
103,7,0.455899
103,8,0.477725
103,9,0.465669
103,10,0.432533
103,11,0.415796
103,12,0.424784
103,13,0.466286
103,14,0.485572
103,15,0.477056
104,1,0.474816
104,2,0.543643
104,3,0.527275
104,4,0.505807
104,5,0.454731
104,6,0.446328
104,7,0.473371
104,8,0.461434
104,9,0.495831
104,10,0.433781
104,11,0.451582
104,12,0.471648
104,13,0.466192
104,14,0.475320
104,15,0.489796
105,1,0.474816
105,2,0.539533
105,3,0.513088
105,4,0.524513
105,5,0.556325
105,6,0.530467
105,7,0.572344
105,8,0.530315
105,9,0.531838
105,10,0.530623
105,11,0.537739
105,12,0.508493
105,13,0.447397
105,14,0.501170
105,15,0.499020
106,1,0.519457
106,2,0.487535
106,3,0.545835
106,4,0.554669
106,5,0.532435
106,6,0.530683
106,7,0.540846
106,8,0.550026
106,9,0.506167
106,10,0.533013
106,11,0.543546
106,12,0.529111
106,13,0.513183
106,14,0.531073
106,15,0.533089
107,1,0.521767
107,2,0.465614
107,3,0.574110
107,4,0.485413
107,5,0.506769
107,6,0.458619
107,7,0.447241
107,8,0.445581
107,9,0.478947
107,10,0.462711
107,11,0.453787
107,12,0.466054
107,13,0.463863
107,14,0.462378
107,15,0.432715
108,1,0.521767
108,2,0.489901
108,3,0.533951
108,4,0.549866
108,5,0.494332
108,6,0.494301
108,7,0.461308
108,8,0.453699
108,9,0.479727
108,10,0.503945
108,11,0.452707
108,12,0.491760
108,13,0.461628
108,14,0.452138
108,15,0.539678
109,1,0.479353
109,2,0.544118
109,3,0.435590
109,4,0.532282
109,5,0.448686
109,6,0.469821
109,7,0.445527
109,8,0.495562
109,9,0.527261
109,10,0.507099
109,11,0.357289
109,12,0.493097
109,13,0.465391
109,14,0.475224
109,15,0.457968
110,1,0.481201
110,2,0.482253
110,3,0.478971
110,4,0.525721
110,5,0.504171
110,6,0.521247
110,7,0.524726
110,8,0.515801
110,9,0.437227
110,10,0.460842
110,11,0.449197
110,12,0.493863
110,13,0.484273
110,14,0.466423
110,15,0.453401
111,1,0.520477
111,2,0.484272
111,3,0.535093
111,4,0.500261
111,5,0.452293
111,6,0.484932
111,7,0.454166
111,8,0.451054
111,9,0.489468
111,10,0.426354
111,11,0.492790
111,12,0.491955
111,13,0.531551
111,14,0.546827
111,15,0.531812
112,1,0.493080
112,2,0.542183
112,3,0.494892
112,4,0.536843
112,5,0.524598
112,6,0.489870
112,7,0.517699
112,8,0.513860
112,9,0.527222
112,10,0.524742
112,11,0.521009
112,12,0.521660
112,13,0.512859
112,14,0.496160
112,15,0.537267
113,1,0.574110
113,2,0.436612
113,3,0.451347
113,4,0.472936
113,5,0.462855
113,6,0.494743
113,7,0.443959
113,8,0.493297
113,9,0.492980
113,10,0.494180
113,11,0.460095
113,12,0.520074
113,13,0.532434
113,14,0.522738
113,15,0.521099
114,1,0.488714
114,2,0.524834
114,3,0.460954
114,4,0.454717
114,5,0.452313
114,6,0.447913
114,7,0.460410
114,8,0.463269
114,9,0.557947
114,10,0.502923
114,11,0.532685
114,12,0.470012
114,13,0.458975
114,14,0.458352
114,15,0.405085
115,1,0.457129
115,2,0.513297
115,3,0.519287
115,4,0.426354
115,5,0.461897
115,6,0.513183
115,7,0.461188
115,8,0.474498
115,9,0.450516
115,10,0.529418
115,11,0.534495
115,12,0.538265
115,13,0.521009
115,14,0.527622
115,15,0.550105
116,1,0.529648
116,2,0.489499
116,3,0.521950
116,4,0.510919
116,5,0.442722
116,6,0.465514
116,7,0.504123
116,8,0.453208
116,9,0.484627
116,10,0.461723
116,11,0.446135
116,12,0.483614
116,13,0.441427
116,14,0.486463
116,15,0.455614
117,1,0.463993
117,2,0.522986
117,3,0.497195
117,4,0.495500
117,5,0.539307
117,6,0.531444
117,7,0.538033
117,8,0.426354
117,9,0.547988
117,10,0.428406
117,11,0.528140
117,12,0.451416
117,13,0.433738
117,14,0.449998
117,15,0.442910
118,1,0.397650
118,2,0.504507
118,3,0.463277
118,4,0.472494
118,5,0.495970
118,6,0.470182
118,7,0.472120
118,8,0.467464
118,9,0.446731
118,10,0.422579
118,11,0.459791
118,12,0.473197
118,13,0.441044
118,14,0.432994
118,15,0.445053
119,1,0.380913
119,2,0.521767
119,3,0.507078
119,4,0.550904
119,5,0.498438
119,6,0.543281
119,7,0.515620
119,8,0.448078
119,9,0.454727
119,10,0.492864
119,11,0.446165
119,12,0.481113
119,13,0.491593
119,14,0.501974
119,15,0.485808
120,1,0.520477
120,2,0.523449
120,3,0.397650
120,4,0.523916
120,5,0.533823
120,6,0.556631
120,7,0.574110
120,8,0.509460
120,9,0.475069
120,10,0.458115
120,11,0.453086
120,12,0.432278
120,13,0.457291
120,14,0.483855
120,15,0.462527
121,1,0.463993
121,2,0.522986
121,3,0.466067
121,4,0.457740
121,5,0.484300
121,6,0.489386
121,7,0.497848
121,8,0.510209
121,9,0.507693
121,10,0.462899
121,11,0.473763
121,12,0.435590
121,13,0.497430
121,14,0.448794
121,15,0.453159
122,1,0.485880
122,2,0.531294
122,3,0.508413
122,4,0.448277
122,5,0.446444
122,6,0.507152
122,7,0.441429
122,8,0.475145
122,9,0.489178
122,10,0.516401
122,11,0.512642
122,12,0.527494
122,13,0.520773
122,14,0.531855
122,15,0.466306
123,1,0.463993
123,2,0.522986
123,3,0.297825
123,4,0.471300
123,5,0.467490
123,6,0.448228
123,7,0.452599
123,8,0.488122
123,9,0.426354
123,10,0.463550
123,11,0.490593
123,12,0.445856
123,13,0.454445
123,14,0.442340
123,15,0.413629
124,1,0.489181
124,2,0.531294
124,3,0.471050
124,4,0.473469
124,5,0.525583
124,6,0.476918
124,7,0.462819
124,8,0.453622
124,9,0.475784
124,10,0.430471
124,11,0.476103
124,12,0.482950
124,13,0.481413
124,14,0.457176
124,15,0.497794
125,1,0.481201
125,2,0.485266
125,3,0.499715
125,4,0.485464
125,5,0.500734
125,6,0.482372
125,7,0.493737
125,8,0.470049
125,9,0.541096
125,10,0.543483
125,11,0.491599
125,12,0.450144
125,13,0.482130
125,14,0.462129
125,15,0.447829
126,1,0.519457
126,2,0.525622
126,3,0.477396
126,4,0.536450
126,5,0.547988
126,6,0.534249
126,7,0.455614
126,8,0.485235
126,9,0.537204
126,10,0.434848
126,11,0.521008
126,12,0.576760
126,13,0.459075
126,14,0.489954
126,15,0.535769
127,1,0.474816
127,2,0.523915
127,3,0.504123
127,4,0.566363
127,5,0.485899
127,6,0.464495
127,7,0.502244
127,8,0.451958
127,9,0.574110
127,10,0.490116
127,11,0.517837
127,12,0.549407
127,13,0.459428
127,14,0.462709
127,15,0.443052
128,1,0.510413
128,2,0.524299
128,3,0.540445
128,4,0.448490
128,5,0.496847
128,6,0.498103
128,7,0.405085
128,8,0.520278
128,9,0.525633
128,10,0.426354
128,11,0.527279
128,12,0.471050
128,13,0.469878
128,14,0.469959
128,15,0.479866
129,1,0.463993
129,2,0.504735
129,3,0.420338
129,4,0.466203
129,5,0.465120
129,6,0.462059
129,7,0.457950
129,8,0.472160
129,9,0.513609
129,10,0.488524
129,11,0.510891
129,12,0.504742
129,13,0.493928
129,14,0.484052
129,15,0.540890
130,1,0.515290
130,2,0.450825
130,3,0.474794
130,4,0.428539
130,5,0.453258
130,6,0.448023
130,7,0.480650
130,8,0.549405
130,9,0.531151
130,10,0.518725
130,11,0.556090
130,12,0.497695
130,13,0.529049
130,14,0.550903
130,15,0.541504
131,1,0.464451
131,2,0.492131
131,3,0.000000
131,4,0.451024
131,5,0.454833
131,6,0.426345
131,7,0.447952
131,8,0.442206
131,9,0.430537
131,10,0.447584
131,11,0.474721
131,12,0.457148
131,13,0.448912
131,14,0.574110
131,15,0.495545
132,1,0.463993
132,2,0.497469
132,3,0.469663
132,4,0.405085
132,5,0.456238
132,6,0.507642
132,7,0.574110
132,8,0.464251
132,9,0.448992
132,10,0.449011
132,11,0.422172
132,12,0.501772
132,13,0.460482
132,14,0.452873
132,15,0.433250
133,1,0.548001
133,2,0.461849
133,3,0.461752
133,4,0.468475
133,5,0.481694
133,6,0.418442
133,7,0.499318
133,8,0.317408
133,9,0.453426
133,10,0.484104
133,11,0.473796
133,12,0.487976
133,13,0.464421
133,14,0.468434
133,15,0.453587
134,1,0.489181
134,2,0.521093
134,3,0.526765
134,4,0.493029
134,5,0.537222
134,6,0.526784
134,7,0.451862
134,8,0.481600
134,9,0.494661
134,10,0.526184
134,11,0.466999
134,12,0.491932
134,13,0.490804
134,14,0.460768
134,15,0.484526
135,1,0.489181
135,2,0.471671
135,3,0.537878
135,4,0.521548
135,5,0.457589
135,6,0.481917
135,7,0.495428
135,8,0.516349
135,9,0.469856
135,10,0.464113
135,11,0.462355
135,12,0.438329
135,13,0.506369
135,14,0.492020
135,15,0.464773
136,1,0.495783
136,2,0.482941
136,3,0.312218
136,4,0.446467
136,5,0.453154
136,6,0.470955
136,7,0.507254
136,8,0.443781
136,9,0.464609
136,10,0.477294
136,11,0.443871
136,12,0.441561
136,13,0.451165
136,14,0.470785
136,15,0.442375
137,1,0.481201
137,2,0.434589
137,3,0.453661
137,4,0.475559
137,5,0.472786
137,6,0.466928
137,7,0.484676
137,8,0.489990
137,9,0.489953
137,10,0.534058
137,11,0.453635
137,12,0.512523
137,13,0.517215
137,14,0.535913
137,15,0.511318
138,1,0.481201
138,2,0.465193
138,3,0.506761
138,4,0.536041
138,5,0.535952
138,6,0.522782
138,7,0.538530
138,8,0.506478
138,9,0.500515
138,10,0.532836
138,11,0.451256
138,12,0.478812
138,13,0.472809
138,14,0.495403
138,15,0.467720
139,1,0.436940
139,2,0.543152
139,3,0.579640
139,4,0.542702
139,5,0.453175
139,6,0.479413
139,7,0.441490
139,8,0.500983
139,9,0.462828
139,10,0.452873
139,11,0.513768
139,12,0.466127
139,13,0.492087
139,14,0.490034
139,15,0.541367
140,1,0.495783
140,2,0.489100
140,3,0.461244
140,4,0.451278
140,5,0.454540
140,6,0.440813
140,7,0.441657
140,8,0.448167
140,9,0.458034
140,10,0.483150
140,11,0.479057
140,12,0.426046
140,13,0.509405
140,14,0.525749
140,15,0.544128
141,1,0.508587
141,2,0.462276
141,3,0.488536
141,4,0.461453
141,5,0.471976
141,6,0.450985
141,7,0.479594
141,8,0.536834
141,9,0.481983
141,10,0.542914
141,11,0.525906
141,12,0.535079
141,13,0.532105
141,14,0.472955
141,15,0.494329
142,1,0.434589
142,2,0.466601
142,3,0.471951
142,4,0.505465
142,5,0.528786
142,6,0.452098
142,7,0.482011
142,8,0.447811
142,9,0.455129
142,10,0.452122
142,11,0.447611
142,12,0.491328
142,13,0.469856
142,14,0.491252
142,15,0.495768
143,1,0.463993
143,2,0.306162
143,3,0.493650
143,4,0.479181
143,5,0.490205
143,6,0.480851
143,7,0.470423
143,8,0.574110
143,9,0.491850
143,10,0.460597
143,11,0.464209
143,12,0.484178
143,13,0.489115
143,14,0.506124
143,15,0.522850
144,1,0.545566
144,2,0.461248
144,3,0.462087
144,4,0.507081
144,5,0.429726
144,6,0.454348
144,7,0.472901
144,8,0.485867
144,9,0.533703
144,10,0.490697
144,11,0.426354
144,12,0.488866
144,13,0.541848
144,14,0.530031
144,15,0.531066
145,1,0.489181
145,2,0.456752
145,3,0.430537
145,4,0.434688
145,5,0.488479
145,6,0.461821
145,7,0.465431
145,8,0.478774
145,9,0.485596
145,10,0.478837
145,11,0.467501
145,12,0.479520
145,13,0.478877
145,14,0.475011
145,15,0.476862
146,1,0.492464
146,2,0.311950
146,3,0.464252
146,4,0.479432
146,5,0.467066
146,6,0.525634
146,7,0.491668
146,8,0.435590
146,9,0.507772
146,10,0.510456
146,11,0.450973
146,12,0.480156
146,13,0.519950
146,14,0.481810
146,15,0.471633
147,1,0.459310
147,2,0.465311
147,3,0.454743
147,4,0.486285
147,5,0.448513
147,6,0.547988
147,7,0.471435
147,8,0.452427
147,9,0.443067
147,10,0.443772
147,11,0.453488
147,12,0.452960
147,13,0.486530
147,14,0.485043
147,15,0.491397
148,1,0.474816
148,2,0.538063
148,3,0.535378
148,4,0.499714
148,5,0.585424
148,6,0.441868
148,7,0.454695
148,8,0.464058
148,9,0.523915
148,10,0.463153
148,11,0.463436
148,12,0.440993
148,13,0.450267
148,14,0.458598
148,15,0.449653
149,1,0.489005
149,2,0.459497
149,3,0.434589
149,4,0.480903
149,5,0.506369
149,6,0.533703
149,7,0.467971
149,8,0.458227
149,9,0.447355
149,10,0.456067
149,11,0.499514
149,12,0.515668
149,13,0.509449
149,14,0.500540
149,15,0.498385
150,1,0.495783
150,2,0.464594
150,3,0.484493
150,4,0.480218
150,5,0.472183
150,6,0.476685
150,7,0.500482
150,8,0.474529
150,9,0.471115
150,10,0.522458
150,11,0.538492
150,12,0.536238
150,13,0.533417
150,14,0.463212
150,15,0.441918
151,1,0.474816
151,2,0.576905
151,3,0.524758
151,4,0.455159
151,5,0.491712
151,6,0.501421
151,7,0.450384
151,8,0.490673
151,9,0.458048
151,10,0.447136
151,11,0.434824
151,12,0.449085
151,13,0.435787
151,14,0.512261
151,15,0.461611
152,1,0.463993
152,2,0.479866
152,3,0.480650
152,4,0.499184
152,5,0.547988
152,6,0.528809
152,7,0.460503
152,8,0.476773
152,9,0.458308
152,10,0.457672
152,11,0.466645
152,12,0.462378
152,13,0.546348
152,14,0.455249
152,15,0.461511
153,1,0.473956
153,2,0.463492
153,3,0.490216
153,4,0.443548
153,5,0.435590
153,6,0.471545
153,7,0.476535
153,8,0.426354
153,9,0.493126
153,10,0.489683
153,11,0.535743
153,12,0.521734
153,13,0.533703
153,14,0.510891
153,15,0.531267
154,1,0.493109
154,2,0.508441
154,3,0.306372
154,4,0.495844
154,5,0.310166
154,6,0.445558
154,7,0.487206
154,8,0.512169
154,9,0.553685
154,10,0.520914
154,11,0.468759
154,12,0.466524
154,13,0.478560
154,14,0.440738
154,15,0.439201
155,1,0.485880
155,2,0.531079
155,3,0.539797
155,4,0.447397
155,5,0.467300
155,6,0.460186
155,7,0.477992
155,8,0.442650
155,9,0.503330
155,10,0.486623
155,11,0.496370
155,12,0.446801
155,13,0.449456
155,14,0.492592
155,15,0.476075
156,1,0.473956
156,2,0.472792
156,3,0.306162
156,4,0.482096
156,5,0.486684
156,6,0.450451
156,7,0.471122
156,8,0.503861
156,9,0.461416
156,10,0.506369
156,11,0.460869
156,12,0.525622
156,13,0.515668
156,14,0.494010
156,15,0.452280
157,1,0.474816
157,2,0.376611
157,3,0.447546
157,4,0.482636
157,5,0.488866
157,6,0.499251
157,7,0.441208
157,8,0.485319
157,9,0.461592
157,10,0.426354
157,11,0.430537
157,12,0.471671
157,13,0.477428
157,14,0.450783
157,15,0.290266
158,1,0.485880
158,2,0.510703
158,3,0.537648
158,4,0.574110
158,5,0.539574
158,6,0.536250
158,7,0.532386
158,8,0.477563
158,9,0.482767
158,10,0.478963
158,11,0.462617
158,12,0.499195
158,13,0.479121
158,14,0.478590
158,15,0.490759
159,1,0.474816
159,2,0.314447
159,3,0.429676
159,4,0.480839
159,5,0.447588
159,6,0.465989
159,7,0.435590
159,8,0.473627
159,9,0.439858
159,10,0.513402
159,11,0.441839
159,12,0.434589
159,13,0.484834
159,14,0.433529
159,15,0.478585
160,1,0.463993
160,2,0.501733
160,3,0.496481
160,4,0.494000
160,5,0.472074
160,6,0.454950
160,7,0.493687
160,8,0.439079
160,9,0.458465
160,10,0.460357
160,11,0.457032
160,12,0.415796
160,13,0.472415
160,14,0.466908
160,15,0.462621
161,1,0.547988
161,2,0.459644
161,3,0.489446
161,4,0.459756
161,5,0.458846
161,6,0.440132
161,7,0.479032
161,8,0.501266
161,9,0.500681
161,10,0.440868
161,11,0.489296
161,12,0.465687
161,13,0.448861
161,14,0.447638
161,15,0.480066
162,1,0.493109
162,2,0.435590
162,3,0.481250
162,4,0.498768
162,5,0.497208
162,6,0.447404
162,7,0.462133
162,8,0.456802
162,9,0.522713
162,10,0.489397
162,11,0.506245
162,12,0.496160
162,13,0.453538
162,14,0.493307
162,15,0.523248
163,1,0.434589
163,2,0.445292
163,3,0.499781
163,4,0.452814
163,5,0.449688
163,6,0.441043
163,7,0.448038
163,8,0.451350
163,9,0.456024
163,10,0.534946
163,11,0.434589
163,12,0.506205
163,13,0.530767
163,14,0.530767
163,15,0.548327
164,1,0.489181
164,2,0.540988
164,3,0.452906
164,4,0.405085
164,5,0.435005
164,6,0.443918
164,7,0.489264
164,8,0.469241
164,9,0.527360
164,10,0.526974
164,11,0.527292
164,12,0.481289
164,13,0.526128
164,14,0.524676
164,15,0.554318
165,1,0.489181
165,2,0.576623
165,3,0.464694
165,4,0.457412
165,5,0.457338
165,6,0.452285
165,7,0.467425
165,8,0.473060
165,9,0.464727
165,10,0.461226
165,11,0.428536
165,12,0.531288
165,13,0.529687
165,14,0.473109
165,15,0.523544
166,1,0.529648
166,2,0.488878
166,3,0.536013
166,4,0.522483
166,5,0.548514
166,6,0.534692
166,7,0.519089
166,8,0.455933
166,9,0.467615
166,10,0.461829
166,11,0.437609
166,12,0.452973
166,13,0.438815
166,14,0.449101
166,15,0.462017
167,1,0.473956
167,2,0.521767
167,3,0.338677
167,4,0.502478
167,5,0.469255
167,6,0.492785
167,7,0.470701
167,8,0.502791
167,9,0.533703
167,10,0.528828
167,11,0.465557
167,12,0.487578
167,13,0.482987
167,14,0.454633
167,15,0.474660
168,1,0.521767
168,2,0.531624
168,3,0.469418
168,4,0.225049
168,5,0.492793
168,6,0.474953
168,7,0.442844
168,8,0.451357
168,9,0.442711
168,10,0.455933
168,11,0.453395
168,12,0.476191
168,13,0.492358
168,14,0.477340
168,15,0.451208
169,1,0.474816
169,2,0.547988
169,3,0.524957
169,4,0.452293
169,5,0.479513
169,6,0.463722
169,7,0.506666
169,8,0.515918
169,9,0.513014
169,10,0.471932
169,11,0.445863
169,12,0.514176
169,13,0.439567
169,14,0.465294
169,15,0.477700
170,1,0.489181
170,2,0.547242
170,3,0.529111
170,4,0.534095
170,5,0.472160
170,6,0.520884
170,7,0.451201
170,8,0.450452
170,9,0.438512
170,10,0.448979
170,11,0.480902
170,12,0.536768
170,13,0.555135
170,14,0.562296
170,15,0.493637
171,1,0.442102
171,2,0.304613
171,3,0.434114
171,4,0.463115
171,5,0.459448
171,6,0.432112
171,7,0.451616
171,8,0.540846
171,9,0.456615
171,10,0.454373
171,11,0.471007
171,12,0.469916
171,13,0.522092
171,14,0.466231
171,15,0.500839
172,1,0.459310
172,2,0.405085
172,3,0.480724
172,4,0.489933
172,5,0.482845
172,6,0.474424
172,7,0.461083
172,8,0.470011
172,9,0.450679
172,10,0.440108
172,11,0.489396
172,12,0.251032
172,13,0.453159
172,14,0.447369
172,15,0.438354
173,1,0.471671
173,2,0.489181
173,3,0.515626
173,4,0.531680
173,5,0.534636
173,6,0.463013
173,7,0.493242
173,8,0.541228
173,9,0.515988
173,10,0.464248
173,11,0.491432
173,12,0.525622
173,13,0.439561
173,14,0.445306
173,15,0.470060
174,1,0.463993
174,2,0.479236
174,3,0.480438
174,4,0.495986
174,5,0.506879
174,6,0.533273
174,7,0.504177
174,8,0.525622
174,9,0.442233
174,10,0.486329
174,11,0.486115
174,12,0.429227
174,13,0.454741
174,14,0.484233
174,15,0.535360
175,1,0.492464
175,2,0.536094
175,3,0.461432
175,4,0.460379
175,5,0.448043
175,6,0.428358
175,7,0.464614
175,8,0.497013
175,9,0.453607
175,10,0.513757
175,11,0.526538
175,12,0.499707
175,13,0.494853
175,14,0.500414
175,15,0.443478
176,1,0.474816
176,2,0.538063
176,3,0.550529
176,4,0.473317
176,5,0.479900
176,6,0.469764
176,7,0.478540
176,8,0.479998
176,9,0.546789
176,10,0.449297
176,11,0.530557
176,12,0.440148
176,13,0.442588
176,14,0.450215
176,15,0.494282
177,1,0.504507
177,2,0.468373
177,3,0.503017
177,4,0.456084
177,5,0.452263
177,6,0.460400
177,7,0.485829
177,8,0.443935
177,9,0.457356
177,10,0.461813
177,11,0.452176
177,12,0.531428
177,13,0.449876
177,14,0.486547
177,15,0.492605
178,1,0.521767
178,2,0.472171
178,3,0.489514
178,4,0.473517
178,5,0.463829
178,6,0.491330
178,7,0.479866
178,8,0.312551
178,9,0.478980
178,10,0.470793
178,11,0.525622
178,12,0.496758
178,13,0.482572
178,14,0.459490
178,15,0.447888
179,1,0.489181
179,2,0.456752
179,3,0.467536
179,4,0.479579
179,5,0.463277
179,6,0.460791
179,7,0.467143
179,8,0.446976
179,9,0.447311
179,10,0.431169
179,11,0.451120
179,12,0.455684
179,13,0.452660
179,14,0.448257
179,15,0.447534
180,1,0.574110
180,2,0.547988
180,3,0.482875
180,4,0.514562
180,5,0.488866
180,6,0.470497
180,7,0.435590
180,8,0.454918
180,9,0.474551
180,10,0.444745
180,11,0.396328
180,12,0.406025
180,13,0.533622
180,14,0.461817
180,15,0.498435
181,1,0.531294
181,2,0.445859
181,3,0.506124
181,4,0.485950
181,5,0.513767
181,6,0.500797
181,7,0.496203
181,8,0.483914
181,9,0.528944
181,10,0.577758
181,11,0.440593
181,12,0.441246
181,13,0.447908
181,14,0.439115
181,15,0.447584
182,1,0.482941
182,2,0.502593
182,3,0.506271
182,4,0.453444
182,5,0.447552
182,6,0.475056
182,7,0.509730
182,8,0.479592
182,9,0.491483
182,10,0.547988
182,11,0.531331
182,12,0.456657
182,13,0.430450
182,14,0.441894
182,15,0.439475
183,1,0.463993
183,2,0.471671
183,3,0.000000
183,4,0.451383
183,5,0.457330
183,6,0.444765
183,7,0.501691
183,8,0.431696
183,9,0.502064
183,10,0.462829
183,11,0.437114
183,12,0.441069
183,13,0.482810
183,14,0.442630
183,15,0.473996
184,1,0.489181
184,2,0.505408
184,3,0.559623
184,4,0.461366
184,5,0.490586
184,6,0.494375
184,7,0.448710
184,8,0.441047
184,9,0.459801
184,10,0.455275
184,11,0.494116
184,12,0.461848
184,13,0.473485
184,14,0.448846
184,15,0.457621
185,1,0.442102
185,2,0.254376
185,3,0.452300
185,4,0.465508
185,5,0.445330
185,6,0.441548
185,7,0.484326
185,8,0.495545
185,9,0.483131
185,10,0.492995
185,11,0.539137
185,12,0.534045
185,13,0.448443
185,14,0.488465
185,15,0.473521
186,1,0.529648
186,2,0.519287
186,3,0.454711
186,4,0.303670
186,5,0.485193
186,6,0.460430
186,7,0.475715
186,8,0.437751
186,9,0.492130
186,10,0.474792
186,11,0.524686
186,12,0.528938
186,13,0.562277
186,14,0.456115
186,15,0.473726
187,1,0.475183
187,2,0.301284
187,3,0.475343
187,4,0.470979
187,5,0.485478
187,6,0.492992
187,7,0.472344
187,8,0.491432
187,9,0.541742
187,10,0.534495
187,11,0.547988
187,12,0.480851
187,13,0.451532
187,14,0.453960
187,15,0.452269
188,1,0.463993
188,2,0.492966
188,3,0.481487
188,4,0.484124
188,5,0.509158
188,6,0.475521
188,7,0.454803
188,8,0.503585
188,9,0.454609
188,10,0.296681
188,11,0.480289
188,12,0.434589
188,13,0.473243
188,14,0.456886
188,15,0.497007
189,1,0.489181
189,2,0.524886
189,3,0.534905
189,4,0.540433
189,5,0.515590
189,6,0.454974
189,7,0.455054
189,8,0.443052
189,9,0.443848
189,10,0.482984
189,11,0.574338
189,12,0.538856
189,13,0.533273
189,14,0.521009
189,15,0.455679
190,1,0.463993
190,2,0.484233
190,3,0.370938
190,4,0.467139
190,5,0.455454
190,6,0.454913
190,7,0.448332
190,8,0.458612
190,9,0.484030
190,10,0.444216
190,11,0.439362
190,12,0.479252
190,13,0.477405
190,14,0.475871
190,15,0.507876
191,1,0.548001
191,2,0.479597
191,3,0.340365
191,4,0.480211
191,5,0.493579
191,6,0.504686
191,7,0.485687
191,8,0.453989
191,9,0.470881
191,10,0.462129
191,11,0.484246
191,12,0.510582
191,13,0.453878
191,14,0.488784
191,15,0.453934
192,1,0.529648
192,2,0.515425
192,3,0.530362
192,4,0.535827
192,5,0.483527
192,6,0.461439
192,7,0.405085
192,8,0.497253
192,9,0.426354
192,10,0.487627
192,11,0.462186
192,12,0.463009
192,13,0.468853
192,14,0.471980
192,15,0.466261
193,1,0.545566
193,2,0.507628
193,3,0.453603
193,4,0.440672
193,5,0.497505
193,6,0.488812
193,7,0.554135
193,8,0.472871
193,9,0.477926
193,10,0.496544
193,11,0.508157
193,12,0.515026
193,13,0.460275
193,14,0.431041
193,15,0.434848
194,1,0.529648
194,2,0.515425
194,3,0.485371
194,4,0.295442
194,5,0.463451
194,6,0.483576
194,7,0.455482
194,8,0.411744
194,9,0.514134
194,10,0.451032
194,11,0.523776
194,12,0.516217
194,13,0.442413
194,14,0.449429
194,15,0.460662
195,1,0.434589
195,2,0.405085
195,3,0.482326
195,4,0.523915
195,5,0.452850
195,6,0.505643
195,7,0.441863
195,8,0.347727
195,9,0.444154
195,10,0.455415
195,11,0.490001
195,12,0.492960
195,13,0.459029
195,14,0.521225
195,15,0.433799
196,1,0.456480
196,2,0.439641
196,3,0.423428
196,4,0.494436
196,5,0.533119
196,6,0.528744
196,7,0.500261
196,8,0.498024
196,9,0.540846
196,10,0.531885
196,11,0.448277
196,12,0.469301
196,13,0.434227
196,14,0.469759
196,15,0.505785
197,1,0.510413
197,2,0.515801
197,3,0.531178
197,4,0.534812
197,5,0.457919
197,6,0.461089
197,7,0.448502
197,8,0.449716
197,9,0.484807
197,10,0.492049
197,11,0.455249
197,12,0.430476
197,13,0.483186
197,14,0.458194
197,15,0.465893
198,1,0.488714
198,2,0.526441
198,3,0.503323
198,4,0.318491
198,5,0.456054
198,6,0.489869
198,7,0.499418
198,8,0.497068
198,9,0.493307
198,10,0.532320
198,11,0.558729
198,12,0.455249
198,13,0.474456
198,14,0.478474
198,15,0.452377
199,1,0.486746
199,2,0.500261
199,3,0.546623
199,4,0.455326
199,5,0.535561
199,6,0.493791
199,7,0.477678
199,8,0.475249
199,9,0.491101
199,10,0.540846
199,11,0.455893
199,12,0.465890
199,13,0.451411
199,14,0.444803
199,15,0.441177
200,1,0.434589
200,2,0.522986
200,3,0.492784
200,4,0.472143
200,5,0.474060
200,6,0.426354
200,7,0.493273
200,8,0.458513
200,9,0.481937
200,10,0.488119
200,11,0.570280
200,12,0.455440
200,13,0.450169
200,14,0.411744
200,15,0.448629
201,1,0.459310
201,2,0.438229
201,3,0.301284
201,4,0.463492
201,5,0.481139
201,6,0.446606
201,7,0.455098
201,8,0.472184
201,9,0.496075
201,10,0.472405
201,11,0.488324
201,12,0.487858
201,13,0.535393
201,14,0.521670
201,15,0.455393
202,1,0.459310
202,2,0.506369
202,3,0.443515
202,4,0.528532
202,5,0.562877
202,6,0.534648
202,7,0.530794
202,8,0.502751
202,9,0.561684
202,10,0.550189
202,11,0.539130
202,12,0.460764
202,13,0.489257
202,14,0.454909
202,15,0.515840
203,1,0.545566
203,2,0.491204
203,3,0.535135
203,4,0.469966
203,5,0.535909
203,6,0.577435
203,7,0.521099
203,8,0.432863
203,9,0.522022
203,10,0.450328
203,11,0.444115
203,12,0.474966
203,13,0.432938
203,14,0.442774
203,15,0.455460
204,1,0.529648
204,2,0.463742
204,3,0.445474
204,4,0.434423
204,5,0.440119
204,6,0.463291
204,7,0.521766
204,8,0.509256
204,9,0.531074
204,10,0.472434
204,11,0.478386
204,12,0.493286
204,13,0.531151
204,14,0.452637
204,15,0.458949
205,1,0.479353
205,2,0.306039
205,3,0.492721
205,4,0.411744
205,5,0.461992
205,6,0.468801
205,7,0.480285
205,8,0.475645
205,9,0.456028
205,10,0.459558
205,11,0.481676
205,12,0.496768
205,13,0.477577
205,14,0.467388
205,15,0.494531
206,1,0.459310
206,2,0.436810
206,3,0.431428
206,4,0.495675
206,5,0.510703
206,6,0.462464
206,7,0.482171
206,8,0.502830
206,9,0.499833
206,10,0.481231
206,11,0.466899
206,12,0.484326
206,13,0.449131
206,14,0.437519
206,15,0.460911
207,1,0.475183
207,2,0.453112
207,3,0.457948
207,4,0.497013
207,5,0.479535
207,6,0.523915
207,7,0.493656
207,8,0.479969
207,9,0.493436
207,10,0.446580
207,11,0.518405
207,12,0.493200
207,13,0.484888
207,14,0.455045
207,15,0.454578
208,1,0.380913
208,2,0.542292
208,3,0.533704
208,4,0.491237
208,5,0.519833
208,6,0.447202
208,7,0.484776
208,8,0.465580
208,9,0.441366
208,10,0.447039
208,11,0.471829
208,12,0.485430
208,13,0.492180
208,14,0.534962
208,15,0.530214
209,1,0.529648
209,2,0.446717
209,3,0.453318
209,4,0.479162
209,5,0.440877
209,6,0.448861
209,7,0.457468
209,8,0.440469
209,9,0.496020
209,10,0.442908
209,11,0.459008
209,12,0.483832
209,13,0.488557
209,14,0.529418
209,15,0.527225
210,1,0.534946
210,2,0.524886
210,3,0.510954
210,4,0.475782
210,5,0.536561
210,6,0.463045
210,7,0.453392
210,8,0.523917
210,9,0.523915
210,10,0.468827
210,11,0.492598
210,12,0.506953
210,13,0.506583
210,14,0.505252
210,15,0.524405
211,1,0.531294
211,2,0.447198
211,3,0.457420
211,4,0.443367
211,5,0.482865
211,6,0.496751
211,7,0.537171
211,8,0.440542
211,9,0.499484
211,10,0.467830
211,11,0.451800
211,12,0.510564
211,13,0.490734
211,14,0.521923
211,15,0.540953
212,1,0.530507
212,2,0.523915
212,3,0.473985
212,4,0.530461
212,5,0.531315
212,6,0.443876
212,7,0.486873
212,8,0.478957
212,9,0.502064
212,10,0.486060
212,11,0.447295
212,12,0.455360
212,13,0.443241
212,14,0.465996
212,15,0.488624
213,1,0.434589
213,2,0.438818
213,3,0.438069
213,4,0.495783
213,5,0.217294
213,6,0.503295
213,7,0.452689
213,8,0.458006
213,9,0.508246
213,10,0.533829
213,11,0.524203
213,12,0.540369
213,13,0.506199
213,14,0.580866
213,15,0.525787
214,1,0.529648
214,2,0.458301
214,3,0.307084
214,4,0.476783
214,5,0.449713
214,6,0.452687
214,7,0.535952
214,8,0.452577
214,9,0.493301
214,10,0.457491
214,11,0.457691
214,12,0.451015
214,13,0.444963
214,14,0.473440
214,15,0.547988
215,1,0.481201
215,2,0.493786
215,3,0.528532
215,4,0.448366
215,5,0.475232
215,6,0.439824
215,7,0.475350
215,8,0.464460
215,9,0.503985
215,10,0.481086
215,11,0.538138
215,12,0.534876
215,13,0.525770
215,14,0.534972
215,15,0.518383
216,1,0.515290
216,2,0.508877
216,3,0.552379
216,4,0.493637
216,5,0.554567
216,6,0.530632
216,7,0.515119
216,8,0.532625
216,9,0.524743
216,10,0.510633
216,11,0.524587
216,12,0.457085
216,13,0.479267
216,14,0.451399
216,15,0.470743
217,1,0.515290
217,2,0.458982
217,3,0.449657
217,4,0.458867
217,5,0.508261
217,6,0.500641
217,7,0.453306
217,8,0.479024
217,9,0.500261
217,10,0.474496
217,11,0.512701
217,12,0.453561
217,13,0.432981
217,14,0.415776
217,15,0.406025
218,1,0.459310
218,2,0.424986
218,3,0.485206
218,4,0.530920
218,5,0.527096
218,6,0.518669
218,7,0.529244
218,8,0.441131
218,9,0.447723
218,10,0.476609
218,11,0.504352
218,12,0.498305
218,13,0.485661
218,14,0.463046
218,15,0.505198
219,1,0.463993
219,2,0.340718
219,3,0.498822
219,4,0.496797
219,5,0.435590
219,6,0.471019
219,7,0.532723
219,8,0.442761
219,9,0.503295
219,10,0.472136
219,11,0.450197
219,12,0.451181
219,13,0.492573
219,14,0.535005
219,15,0.481057
220,1,0.473956
220,2,0.585922
220,3,0.521767
220,4,0.460721
220,5,0.455724
220,6,0.474351
220,7,0.456117
220,8,0.472838
220,9,0.480707
220,10,0.493055
220,11,0.486150
220,12,0.498115
220,13,0.517151
220,14,0.538050
220,15,0.536201
221,1,0.464451
221,2,0.534268
221,3,0.523217
221,4,0.532282
221,5,0.482989
221,6,0.468529
221,7,0.510271
221,8,0.492892
221,9,0.289759
221,10,0.476899
221,11,0.442992
221,12,0.443186
221,13,0.454825
221,14,0.477107
221,15,0.474095
222,1,0.459310
222,2,0.461619
222,3,0.459693
222,4,0.447950
222,5,0.445786
222,6,0.511265
222,7,0.503001
222,8,0.513719
222,9,0.575457
222,10,0.547988
222,11,0.531437
222,12,0.574110
222,13,0.541979
222,14,0.452822
222,15,0.462590
223,1,0.445859
223,2,0.497424
223,3,0.504946
223,4,0.453578
223,5,0.460958
223,6,0.478791
223,7,0.444394
223,8,0.457315
223,9,0.453541
223,10,0.461844
223,11,0.487938
223,12,0.483734
223,13,0.528404
223,14,0.523241
223,15,0.459741
224,1,0.529648
224,2,0.507121
224,3,0.446905
224,4,0.438214
224,5,0.448855
224,6,0.443160
224,7,0.448934
224,8,0.434680
224,9,0.450325
224,10,0.500793
224,11,0.480198
224,12,0.517015
224,13,0.521772
224,14,0.445681
224,15,0.452960
225,1,0.493109
225,2,0.534268
225,3,0.541934
225,4,0.507772
225,5,0.533733
225,6,0.528267
225,7,0.477444
225,8,0.496331
225,9,0.455138
225,10,0.478795
225,11,0.483865
225,12,0.447213
225,13,0.454589
225,14,0.461722
225,15,0.434606
226,1,0.545566
226,2,0.454711
226,3,0.479176
226,4,0.443993
226,5,0.441508
226,6,0.457038
226,7,0.467425
226,8,0.467097
226,9,0.448417
226,10,0.459920
226,11,0.482342
226,12,0.466424
226,13,0.456169
226,14,0.468225
226,15,0.480562
227,1,0.489181
227,2,0.536226
227,3,0.458678
227,4,0.456690
227,5,0.443247
227,6,0.505777
227,7,0.457124
227,8,0.525583
227,9,0.467961
227,10,0.489263
227,11,0.480970
227,12,0.510491
227,13,0.484164
227,14,0.509622
227,15,0.457477
228,1,0.443065
228,2,0.544948
228,3,0.530767
228,4,0.491663
228,5,0.540671
228,6,0.523543
228,7,0.450668
228,8,0.472199
228,9,0.523915
228,10,0.441455
228,11,0.511330
228,12,0.471177
228,13,0.426354
228,14,0.495149
228,15,0.535036
229,1,0.489181
229,2,0.531079
229,3,0.469812
229,4,0.526772
229,5,0.481369
229,6,0.502221
229,7,0.488821
229,8,0.499687
229,9,0.525918
229,10,0.534575
229,11,0.470231
229,12,0.481079
229,13,0.525622
229,14,0.491080
229,15,0.459063
230,1,0.434589
230,2,0.419837
230,3,0.492966
230,4,0.435581
230,5,0.450135
230,6,0.440193
230,7,0.458049
230,8,0.458499
230,9,0.502064
230,10,0.491052
230,11,0.457720
230,12,0.441157
230,13,0.479579
230,14,0.455199
230,15,0.434589
231,1,0.471671
231,2,0.490950
231,3,0.450783
231,4,0.484655
231,5,0.434227
231,6,0.408216
231,7,0.468805
231,8,0.440373
231,9,0.463264
231,10,0.513402
231,11,0.468023
231,12,0.472494
231,13,0.426354
231,14,0.431924
231,15,0.519481
232,1,0.545566
232,2,0.512623
232,3,0.463308
232,4,0.443803
232,5,0.289832
232,6,0.440042
232,7,0.459164
232,8,0.456851
232,9,0.456857
232,10,0.452532
232,11,0.454031
232,12,0.459021
232,13,0.468327
232,14,0.443293
232,15,0.439560
233,1,0.459310
233,2,0.461619
233,3,0.443693
233,4,0.465714
233,5,0.513377
233,6,0.454324
233,7,0.452786
233,8,0.440396
233,9,0.457561
233,10,0.480404
233,11,0.535561
233,12,0.463759
233,13,0.481477
233,14,0.468193
233,15,0.471945
234,1,0.380913
234,2,0.534090
234,3,0.553221
234,4,0.529874
234,5,0.528030
234,6,0.441131
234,7,0.534946
234,8,0.478852
234,9,0.452098
234,10,0.483253
234,11,0.470355
234,12,0.462840
234,13,0.532359
234,14,0.449962
234,15,0.440763
235,1,0.529648
235,2,0.438229
235,3,0.514134
235,4,0.526045
235,5,0.523149
235,6,0.455038
235,7,0.449353
235,8,0.513449
235,9,0.496983
235,10,0.506388
235,11,0.454710
235,12,0.480154
235,13,0.461694
235,14,0.443209
235,15,0.447561
236,1,0.529648
236,2,0.438229
236,3,0.469856
236,4,0.544118
236,5,0.470660
236,6,0.529784
236,7,0.525459
236,8,0.520157
236,9,0.483739
236,10,0.540096
236,11,0.471416
236,12,0.457195
236,13,0.445349
236,14,0.431674
236,15,0.427750
237,1,0.463993
237,2,0.480236
237,3,0.505338
237,4,0.453542
237,5,0.448486
237,6,0.441464
237,7,0.468999
237,8,0.482613
237,9,0.477267
237,10,0.492988
237,11,0.501846
237,12,0.493655
237,13,0.535971
237,14,0.531896
237,15,0.453736
238,1,0.474816
238,2,0.314447
238,3,0.473002
238,4,0.456314
238,5,0.471158
238,6,0.477683
238,7,0.482699
238,8,0.447125
238,9,0.472221
238,10,0.492605
238,11,0.452590
238,12,0.500152
238,13,0.472977
238,14,0.505054
238,15,0.512390
239,1,0.547988
239,2,0.464327
239,3,0.322383
239,4,0.438866
239,5,0.481707
239,6,0.452656
239,7,0.467382
239,8,0.457055
239,9,0.480568
239,10,0.443561
239,11,0.440126
239,12,0.493789
239,13,0.500516
239,14,0.523865
239,15,0.430471
240,1,0.456475
240,2,0.531474
240,3,0.000000
240,4,0.458506
240,5,0.515445
240,6,0.470995
240,7,0.491171
240,8,0.483131
240,9,0.530751
240,10,0.534058
240,11,0.533895
240,12,0.522858
240,13,0.453221
240,14,0.482631
240,15,0.482865
241,1,0.529648
241,2,0.458749
241,3,0.459342
241,4,0.451703
241,5,0.467425
241,6,0.479210
241,7,0.422172
241,8,0.531140
241,9,0.520739
241,10,0.451556
241,11,0.508118
241,12,0.480315
241,13,0.495156
241,14,0.547988
241,15,0.457660
242,1,0.488714
242,2,0.454104
242,3,0.466679
242,4,0.504394
242,5,0.459389
242,6,0.510705
242,7,0.496196
242,8,0.491583
242,9,0.520665
242,10,0.551831
242,11,0.503882
242,12,0.448722
242,13,0.477573
242,14,0.494937
242,15,0.452195
243,1,0.529648
243,2,0.495545
243,3,0.463192
243,4,0.481930
243,5,0.485602
243,6,0.462631
243,7,0.488280
243,8,0.446172
243,9,0.449419
243,10,0.463740
243,11,0.468770
243,12,0.493159
243,13,0.480970
243,14,0.519154
243,15,0.495226
244,1,0.459310
244,2,0.436810
244,3,0.480839
244,4,0.485266
244,5,0.480611
244,6,0.489709
244,7,0.452390
244,8,0.503279
244,9,0.525386
244,10,0.493298
244,11,0.493761
244,12,0.534479
244,13,0.524580
244,14,0.524651
244,15,0.529398
245,1,0.459310
245,2,0.453661
245,3,0.451849
245,4,0.446766
245,5,0.483135
245,6,0.477194
245,7,0.497132
245,8,0.443983
245,9,0.517618
245,10,0.444892
245,11,0.507363
245,12,0.465569
245,13,0.494047
245,14,0.490581
245,15,0.534492
246,1,0.445859
246,2,0.334984
246,3,0.488479
246,4,0.452906
246,5,0.492579
246,6,0.507996
246,7,0.499619
246,8,0.458123
246,9,0.470836
246,10,0.456311
246,11,0.444554
246,12,0.510968
246,13,0.471050
246,14,0.479548
246,15,0.451385
247,1,0.459310
247,2,0.452010
247,3,0.480289
247,4,0.465388
247,5,0.445878
247,6,0.499514
247,7,0.442465
247,8,0.448260
247,9,0.464848
247,10,0.485043
247,11,0.445816
247,12,0.483585
247,13,0.453965
247,14,0.497231
247,15,0.459234
248,1,0.529648
248,2,0.458749
248,3,0.301973
248,4,0.467520
248,5,0.448192
248,6,0.453574
248,7,0.489514
248,8,0.446642
248,9,0.475162
248,10,0.428881
248,11,0.450127
248,12,0.451341
248,13,0.492711
248,14,0.534946
248,15,0.457247
249,1,0.456642
249,2,0.513402
249,3,0.490829
249,4,0.493594
249,5,0.508201
249,6,0.503351
249,7,0.496583
249,8,0.516859
249,9,0.470163
249,10,0.445742
249,11,0.452919
249,12,0.481394
249,13,0.525622
249,14,0.491171
249,15,0.483131
250,1,0.397650
250,2,0.538777
250,3,0.446254
250,4,0.469164
250,5,0.452041
250,6,0.499364
250,7,0.449992
250,8,0.453148
250,9,0.452864
250,10,0.442217
250,11,0.444963
250,12,0.439277
250,13,0.444807
250,14,0.489989
250,15,0.555735
251,1,0.459310
251,2,0.497859
251,3,0.462126
251,4,0.488572
251,5,0.437995
251,6,0.464100
251,7,0.459543
251,8,0.458529
251,9,0.468026
251,10,0.445263
251,11,0.509831
251,12,0.457904
251,13,0.449374
251,14,0.453297
251,15,0.447930
252,1,0.529648
252,2,0.459558
252,3,0.453748
252,4,0.470547
252,5,0.486499
252,6,0.446783
252,7,0.540086
252,8,0.549866
252,9,0.468353
252,10,0.477620
252,11,0.447882
252,12,0.496581
252,13,0.495536
252,14,0.443610
252,15,0.450673
253,1,0.495783
253,2,0.445859
253,3,0.314447
253,4,0.451383
253,5,0.484081
253,6,0.476988
253,7,0.447709
253,8,0.507950
253,9,0.449026
253,10,0.476067
253,11,0.454290
253,12,0.446171
253,13,0.480988
253,14,0.452390
253,15,0.440183
254,1,0.467425
254,2,0.441442
254,3,0.000000
254,4,0.465870
254,5,0.488025
254,6,0.449161
254,7,0.471659
254,8,0.478610
254,9,0.511084
254,10,0.466589
254,11,0.514410
254,12,0.444935
254,13,0.438762
254,14,0.474764
254,15,0.506299
255,1,0.469548
255,2,0.461619
255,3,0.450783
255,4,0.419837
255,5,0.471762
255,6,0.406025
255,7,0.445786
255,8,0.512493
255,9,0.491542
255,10,0.462739
255,11,0.489538
255,12,0.497960
255,13,0.493204
255,14,0.464901
255,15,0.439918
256,1,0.529648
256,2,0.515425
256,3,0.521108
256,4,0.475994
256,5,0.447855
256,6,0.473558
256,7,0.512852
256,8,0.468577
256,9,0.481752
256,10,0.469842
256,11,0.467965
256,12,0.457685
256,13,0.476149
256,14,0.520774
256,15,0.514875
257,1,0.545566
257,2,0.478695
257,3,0.213177
257,4,0.504720
257,5,0.455684
257,6,0.457566
257,7,0.444422
257,8,0.485762
257,9,0.458465
257,10,0.510233
257,11,0.508006
257,12,0.488824
257,13,0.492014
257,14,0.443558
257,15,0.456573
258,1,0.456475
258,2,0.544116
258,3,0.534479
258,4,0.549120
258,5,0.491670
258,6,0.458400
258,7,0.452732
258,8,0.457135
258,9,0.503279
258,10,0.443143
258,11,0.459166
258,12,0.459290
258,13,0.437077
258,14,0.438643
258,15,0.477856
259,1,0.545566
259,2,0.495545
259,3,0.426354
259,4,0.453502
259,5,0.432336
259,6,0.521042
259,7,0.415719
259,8,0.454836
259,9,0.506369
259,10,0.480338
259,11,0.467712
259,12,0.493718
259,13,0.455386
259,14,0.481089
259,15,0.465197
260,1,0.460637
260,2,0.529871
260,3,0.532816
260,4,0.443671
260,5,0.487625
260,6,0.485805
260,7,0.554735
260,8,0.457992
260,9,0.493162
260,10,0.452388
260,11,0.458848
260,12,0.411744
260,13,0.451701
260,14,0.449202
260,15,0.482305
261,1,0.545566
261,2,0.446717
261,3,0.529871
261,4,0.438714
261,5,0.459148
261,6,0.440822
261,7,0.480175
261,8,0.493727
261,9,0.506716
261,10,0.430471
261,11,0.506369
261,12,0.463204
261,13,0.411744
261,14,0.486099
261,15,0.485614
262,1,0.529648
262,2,0.519287
262,3,0.455232
262,4,0.474943
262,5,0.442538
262,6,0.440576
262,7,0.435787
262,8,0.446264
262,9,0.454347
262,10,0.449317
262,11,0.461783
262,12,0.439879
262,13,0.449030
262,14,0.482868
262,15,0.484543
263,1,0.529648
263,2,0.451569
263,3,0.470570
263,4,0.442427
263,5,0.454838
263,6,0.445408
263,7,0.458400
263,8,0.480533
263,9,0.482694
263,10,0.517557
263,11,0.518669
263,12,0.520445
263,13,0.446617
263,14,0.458169
263,15,0.440578
264,1,0.508753
264,2,0.495545
264,3,0.533443
264,4,0.462725
264,5,0.309364
264,6,0.452655
264,7,0.444888
264,8,0.486491
264,9,0.513626
264,10,0.523560
264,11,0.523768
264,12,0.466481
264,13,0.452919
264,14,0.501843
264,15,0.493028
265,1,0.459310
265,2,0.436313
265,3,0.415796
265,4,0.412088
265,5,0.455820
265,6,0.462399
265,7,0.445483
265,8,0.540846
265,9,0.503772
265,10,0.495907
265,11,0.455853
265,12,0.456404
265,13,0.440617
265,14,0.455138
265,15,0.448852
266,1,0.529648
266,2,0.474705
266,3,0.513748
266,4,0.535138
266,5,0.527133
266,6,0.452293
266,7,0.478694
266,8,0.446881
266,9,0.489776
266,10,0.486863
266,11,0.529418
266,12,0.523055
266,13,0.521400
266,14,0.562877
266,15,0.522862
267,1,0.459310
267,2,0.454158
267,3,0.480437
267,4,0.456084
267,5,0.441544
267,6,0.453998
267,7,0.456449
267,8,0.444149
267,9,0.487058
267,10,0.444243
267,11,0.442199
267,12,0.422172
267,13,0.454390
267,14,0.530367
267,15,0.531838
268,1,0.459310
268,2,0.453266
268,3,0.444566
268,4,0.475505
268,5,0.472315
268,6,0.432127
268,7,0.497701
268,8,0.451608
268,9,0.442166
268,10,0.464817
268,11,0.442018
268,12,0.434589
268,13,0.481501
268,14,0.532282
268,15,0.500756
269,1,0.545566
269,2,0.520348
269,3,0.457857
269,4,0.341287
269,5,0.574110
269,6,0.453426
269,7,0.464634
269,8,0.444201
269,9,0.451637
269,10,0.452487
269,11,0.456395
269,12,0.497013
269,13,0.453356
269,14,0.500863
269,15,0.433600
270,1,0.397650
270,2,0.459310
270,3,0.492367
270,4,0.493010
270,5,0.493637
270,6,0.444305
270,7,0.452649
270,8,0.487651
270,9,0.497349
270,10,0.484123
270,11,0.495123
270,12,0.452714
270,13,0.485505
270,14,0.484927
270,15,0.542155
271,1,0.520477
271,2,0.487815
271,3,0.554919
271,4,0.466481
271,5,0.477005
271,6,0.444903
271,7,0.486581
271,8,0.496036
271,9,0.535952
271,10,0.463597
271,11,0.447912
271,12,0.448830
271,13,0.451522
271,14,0.454615
271,15,0.448706
272,1,0.545566
272,2,0.397650
272,3,0.471050
272,4,0.457620
272,5,0.540239
272,6,0.477925
272,7,0.461531
272,8,0.455629
272,9,0.477252
272,10,0.454720
272,11,0.456852
272,12,0.474977
272,13,0.443775
272,14,0.515690
272,15,0.445302
273,1,0.545566
273,2,0.475950
273,3,0.305480
273,4,0.454084
273,5,0.442415
273,6,0.477370
273,7,0.452701
273,8,0.501978
273,9,0.480790
273,10,0.479786
273,11,0.525754
273,12,0.501385
273,13,0.525251
273,14,0.528681
273,15,0.535619
274,1,0.485880
274,2,0.538777
274,3,0.520651
274,4,0.488542
274,5,0.539966
274,6,0.504123
274,7,0.529648
274,8,0.523217
274,9,0.513993
274,10,0.434589
274,11,0.485880
274,12,0.471050
274,13,0.483108
274,14,0.539533
274,15,0.471811
275,1,0.529648
275,2,0.474816
275,3,0.252061
275,4,0.475559
275,5,0.434589
275,6,0.471050
275,7,0.506117
275,8,0.480438
275,9,0.492966
275,10,0.537459
275,11,0.519583
275,12,0.446905
275,13,0.471951
275,14,0.574110
275,15,0.488479
276,1,0.478695
276,2,0.483108
276,3,0.481645
276,4,0.505249
276,5,0.579136
276,6,0.471050
276,7,0.500933
276,8,0.508817
276,9,0.538777
276,10,0.531294
276,11,0.542516
276,12,0.250131
276,13,0.457461
276,14,0.503522
276,15,0.502459
277,1,0.438229
277,2,0.252061
277,3,0.465870
277,4,0.480211
277,5,0.498355
277,6,0.533704
277,7,0.305080
277,8,0.364918
277,9,0.480514
277,10,0.459168
277,11,0.470337
277,12,0.479764
277,13,0.455654
277,14,0.449552
277,15,0.452823
278,1,0.438229
278,2,0.434589
278,3,0.370510
278,4,0.485099
278,5,0.537782
278,6,0.533230
278,7,0.495783
278,8,0.446905
278,9,0.471951
278,10,0.503427
278,11,0.453424
278,12,0.461813
278,13,0.436313
278,14,0.453194
278,15,0.293055
279,1,0.459310
279,2,0.442887
279,3,0.539331
279,4,0.449108
279,5,0.453395
279,6,0.454919
279,7,0.481249
279,8,0.520157
279,9,0.452426
279,10,0.432176
279,11,0.449476
279,12,0.480503
279,13,0.455559
279,14,0.450252
279,15,0.506369
280,1,0.548001
280,2,0.479597
280,3,0.456302
280,4,0.456319
280,5,0.511662
280,6,0.542814
280,7,0.532606
280,8,0.523461
280,9,0.473742
280,10,0.306372
280,11,0.452848
280,12,0.496481
280,13,0.530461
280,14,0.467425
280,15,0.452359
281,1,0.529648
281,2,0.479753
281,3,0.541212
281,4,0.459012
281,5,0.452848
281,6,0.490390
281,7,0.531140
281,8,0.495545
281,9,0.450901
281,10,0.453661
281,11,0.480437
281,12,0.513767
281,13,0.574598
281,14,0.467439
281,15,0.453112
282,1,0.574110
282,2,0.456565
282,3,0.431107
282,4,0.453112
282,5,0.452252
282,6,0.451004
282,7,0.494157
282,8,0.536395
282,9,0.527941
282,10,0.302335
282,11,0.515668
282,12,0.299196
282,13,0.499515
282,14,0.504620
282,15,0.532565
283,1,0.459310
283,2,0.472807
283,3,0.452359
283,4,0.449669
283,5,0.451175
283,6,0.486653
283,7,0.536450
283,8,0.495545
283,9,0.457786
283,10,0.481477
283,11,0.519219
283,12,0.521884
283,13,0.467758
283,14,0.548494
283,15,0.536476
284,1,0.459310
284,2,0.425335
284,3,0.531306
284,4,0.495783
284,5,0.505408
284,6,0.539086
284,7,0.529077
284,8,0.536013
284,9,0.530632
284,10,0.481653
284,11,0.506855
284,12,0.498355
284,13,0.535501
284,14,0.541979
284,15,0.506578
285,1,0.545566
285,2,0.454711
285,3,0.451338
285,4,0.490390
285,5,0.535952
285,6,0.306372
285,7,0.484432
285,8,0.513768
285,9,0.426354
285,10,0.463699
285,11,0.480338
285,12,0.488557
285,13,0.458896
285,14,0.498501
285,15,0.496481
286,1,0.459310
286,2,0.480839
286,3,0.451111
286,4,0.411744
286,5,0.431849
286,6,0.546623
286,7,0.539334
286,8,0.443033
286,9,0.450029
286,10,0.454032
286,11,0.454802
286,12,0.481249
286,13,0.543389
286,14,0.531294
286,15,0.526538
287,1,0.545566
287,2,0.454711
287,3,0.474943
287,4,0.505338
287,5,0.471050
287,6,0.505465
287,7,0.457660
287,8,0.465846
287,9,0.452823
287,10,0.479897
287,11,0.486628
287,12,0.455326
287,13,0.459594
287,14,0.452823
287,15,0.480211
288,1,0.434589
288,2,0.522986
288,3,0.467425
288,4,0.493786
288,5,0.540988
288,6,0.534338
288,7,0.538661
288,8,0.532528
288,9,0.546258
288,10,0.528786
288,11,0.512623
288,12,0.461636
288,13,0.461727
288,14,0.466679
288,15,0.480236
289,1,0.467425
289,2,0.497424
289,3,0.486128
289,4,0.574110
289,5,0.456698
289,6,0.544118
289,7,0.536395
289,8,0.550652
289,9,0.537100
289,10,0.545892
289,11,0.520813
289,12,0.547409
289,13,0.531208
289,14,0.455326
289,15,0.488311
290,1,0.545566
290,2,0.469966
290,3,0.434589
290,4,0.524043
290,5,0.530461
290,6,0.529111
290,7,0.546623
290,8,0.534946
290,9,0.479597
290,10,0.501733
290,11,0.504378
290,12,0.506703
290,13,0.452293
290,14,0.511428
290,15,0.493370
291,1,0.459310
291,2,0.425335
291,3,0.515047
291,4,0.486128
291,5,0.541212
291,6,0.534249
291,7,0.452293
291,8,0.467322
291,9,0.458829
291,10,0.459622
291,11,0.473558
291,12,0.449614
291,13,0.480338
291,14,0.486802
291,15,0.449614
292,1,0.506026
292,2,0.532880
292,3,0.545274
292,4,0.550355
292,5,0.465786
292,6,0.480338
292,7,0.450783
292,8,0.444884
292,9,0.285587
292,10,0.478348
292,11,0.470024
292,12,0.471833
292,13,0.492659
292,14,0.447913
292,15,0.471395
293,1,0.471671
293,2,0.438229
293,3,0.544883
293,4,0.530096
293,5,0.453989
293,6,0.491712
293,7,0.493311
293,8,0.505968
293,9,0.536561
293,10,0.464991
293,11,0.465161
293,12,0.309364
293,13,0.452910
293,14,0.490465
293,15,0.500261
294,1,0.545566
294,2,0.459797
294,3,0.480437
294,4,0.493637
294,5,0.477620
294,6,0.434589
294,7,0.217294
294,8,0.482758
294,9,0.493594
294,10,0.491687
294,11,0.534531
294,12,0.529871
294,13,0.453652
294,14,0.301284
294,15,0.454919
295,1,0.521122
295,2,0.458749
295,3,0.480437
295,4,0.529871
295,5,0.535734
295,6,0.531010
295,7,0.490833
295,8,0.585922
295,9,0.460387
295,10,0.452645
295,11,0.435089
295,12,0.488672
295,13,0.536226
295,14,0.532606
295,15,0.460125
296,1,0.529648
296,2,0.380913
296,3,0.531474
296,4,0.536094
296,5,0.461432
296,6,0.481615
296,7,0.507772
296,8,0.539574
296,9,0.459012
296,10,0.452645
296,11,0.462163
296,12,0.441428
296,13,0.447337
296,14,0.472929
296,15,0.460623
297,1,0.479353
297,2,0.544118
297,3,0.536196
297,4,0.452880
297,5,0.453878
297,6,0.479727
297,7,0.534916
297,8,0.458120
297,9,0.480294
297,10,0.459289
297,11,0.497473
297,12,0.530632
297,13,0.460721
297,14,0.480839
297,15,0.498073
298,1,0.545566
298,2,0.454711
298,3,0.480437
298,4,0.498355
298,5,0.458120
298,6,0.547988
298,7,0.494282
298,8,0.544869
298,9,0.452359
298,10,0.449669
298,11,0.485092
298,12,0.458518
298,13,0.462657
298,14,0.464229
298,15,0.444098
299,1,0.434589
299,2,0.506369
299,3,0.499127
299,4,0.531079
299,5,0.449614
299,6,0.449669
299,7,0.428732
299,8,0.460733
299,9,0.488864
299,10,0.459058
299,11,0.467306
299,12,0.462708
299,13,0.500442
299,14,0.486463
299,15,0.519165
300,1,0.547988
300,2,0.472804
300,3,0.546623
300,4,0.525746
300,5,0.543280
300,6,0.000000
300,7,0.501469
300,8,0.492756
300,9,0.540774
300,10,0.534338
300,11,0.549866
300,12,0.503295
300,13,0.460157
300,14,0.296580
300,15,0.454115
301,1,0.495545
301,2,0.545566
301,3,0.454711
301,4,0.511528
301,5,0.489175
301,6,0.536450
301,7,0.530632
301,8,0.544426
301,9,0.549805
301,10,0.530566
301,11,0.458460
301,12,0.450916
301,13,0.489813
301,14,0.489072
301,15,0.463045
302,1,0.493080
302,2,0.483527
302,3,0.538883
302,4,0.459058
302,5,0.467711
302,6,0.527284
302,7,0.547242
302,8,0.540406
302,9,0.467421
302,10,0.451119
302,11,0.462420
302,12,0.453395
302,13,0.447337
302,14,0.459056
302,15,0.574110
303,1,0.459310
303,2,0.461619
303,3,0.530461
303,4,0.536450
303,5,0.534249
303,6,0.546623
303,7,0.530367
303,8,0.546623
303,9,0.530461
303,10,0.452359
303,11,0.479077
303,12,0.486802
303,13,0.470497
303,14,0.513402
303,15,0.536008
304,1,0.521122
304,2,0.467758
304,3,0.530040
304,4,0.465340
304,5,0.457723
304,6,0.449949
304,7,0.464046
304,8,0.441577
304,9,0.474991
304,10,0.461452
304,11,0.454610
304,12,0.459529
304,13,0.452707
304,14,0.454919
304,15,0.553196
305,1,0.547988
305,2,0.531624
305,3,0.457456
305,4,0.480437
305,5,0.452359
305,6,0.480338
305,7,0.507669
305,8,0.530780
305,9,0.459352
305,10,0.452645
305,11,0.454715
305,12,0.491237
305,13,0.536150
305,14,0.532565
305,15,0.458120
306,1,0.529648
306,2,0.380913
306,3,0.536094
306,4,0.548473
306,5,0.541934
306,6,0.458896
306,7,0.448334
306,8,0.480211
306,9,0.501223
306,10,0.456734
306,11,0.479077
306,12,0.537459
306,13,0.496160
306,14,0.540988
306,15,0.470184
307,1,0.459310
307,2,0.461619
307,3,0.541212
307,4,0.523149
307,5,0.461098
307,6,0.505694
307,7,0.502965
307,8,0.546623
307,9,0.452359
307,10,0.511428
307,11,0.524886
307,12,0.534790
307,13,0.522385
307,14,0.541622
307,15,0.459497
308,1,0.459310
308,2,0.470160
308,3,0.544869
308,4,0.458071
308,5,0.547988
308,6,0.202543
308,7,0.454589
308,8,0.495178
308,9,0.534531
308,10,0.541212
308,11,0.491894
308,12,0.464447
308,13,0.483080
308,14,0.533703
308,15,0.533187
309,1,0.459310
309,2,0.461619
309,3,0.536450
309,4,0.534338
309,5,0.549311
309,6,0.467439
309,7,0.480338
309,8,0.458829
309,9,0.443356
309,10,0.522042
309,11,0.502677
309,12,0.513183
309,13,0.457857
309,14,0.481930
309,15,0.446165
310,1,0.479353
310,2,0.536094
310,3,0.461432
310,4,0.453644
310,5,0.462875
310,6,0.480574
310,7,0.462087
310,8,0.479682
310,9,0.472351
310,10,0.455038
310,11,0.479077
310,12,0.461452
310,13,0.485729
310,14,0.489175
310,15,0.480563
311,1,0.459310
311,2,0.452673
311,3,0.423428
311,4,0.585922
311,5,0.543697
311,6,0.542433
311,7,0.457847
311,8,0.500834
311,9,0.473654
311,10,0.486802
311,11,0.449614
311,12,0.419837
311,13,0.480338
311,14,0.493637
311,15,0.434589
312,1,0.459310
312,2,0.453661
312,3,0.301451
312,4,0.455448
312,5,0.504352
312,6,0.486775
312,7,0.494540
312,8,0.434589
312,9,0.464166
312,10,0.536450
312,11,0.522483
312,12,0.536094
312,13,0.535928
312,14,0.536395
312,15,0.461432
313,1,0.445859
313,2,0.202543
313,3,0.452682
313,4,0.492669
313,5,0.541660
313,6,0.458071
313,7,0.447882
313,8,0.488556
313,9,0.459141
313,10,0.452946
313,11,0.493959
313,12,0.434259
313,13,0.454802
313,14,0.462420
313,15,0.508359
314,1,0.456475
314,2,0.549036
314,3,0.530843
314,4,0.535036
314,5,0.491894
314,6,0.464447
314,7,0.485647
314,8,0.524980
314,9,0.520741
314,10,0.457456
314,11,0.498376
314,12,0.481827
314,13,0.449614
314,14,0.449657
314,15,0.462420
315,1,0.459310
315,2,0.461619
315,3,0.528706
315,4,0.541848
315,5,0.538804
315,6,0.547920
315,7,0.449614
315,8,0.506369
315,9,0.308374
315,10,0.452673
315,11,0.480437
315,12,0.498355
315,13,0.459012
315,14,0.452848
315,15,0.495178
316,1,0.475183
316,2,0.301284
316,3,0.454919
316,4,0.460663
316,5,0.453395
316,6,0.462491
316,7,0.481449
316,8,0.450783
316,9,0.449657
316,10,0.490465
316,11,0.540774
316,12,0.555991
316,13,0.441839
316,14,0.498278
316,15,0.459428
317,1,0.459310
317,2,0.478695
317,3,0.301284
317,4,0.452823
317,5,0.405085
317,6,0.449655
317,7,0.502677
317,8,0.530767
317,9,0.519145
317,10,0.451022
317,11,0.478143
317,12,0.211086
317,13,0.450568
317,14,0.547988
317,15,0.495024
318,1,0.397650
318,2,0.530507
318,3,0.533299
318,4,0.536450
318,5,0.532606
318,6,0.534531
318,7,0.530461
318,8,0.449614
318,9,0.454374
318,10,0.481602
318,11,0.532565
318,12,0.534249
318,13,0.540314
318,14,0.467087
318,15,0.481477
319,1,0.529648
319,2,0.467758
319,3,0.536094
319,4,0.535928
319,5,0.435590
319,6,0.296915
319,7,0.452848
319,8,0.462420
319,9,0.452645
319,10,0.481392
319,11,0.494656
319,12,0.460721
319,13,0.481615
319,14,0.471833
319,15,0.520854
320,1,0.438229
320,2,0.535414
320,3,0.541212
320,4,0.534249
320,5,0.530461
320,6,0.535036
320,7,0.459012
320,8,0.452848
320,9,0.532282
320,10,0.516074
320,11,0.467926
320,12,0.528779
320,13,0.356247
320,14,0.463230
320,15,0.457534
321,1,0.478695
321,2,0.497469
321,3,0.306039
321,4,0.477475
321,5,0.447337
321,6,0.452048
321,7,0.481449
321,8,0.449614
321,9,0.479077
321,10,0.459732
321,11,0.480338
321,12,0.458021
321,13,0.411744
321,14,0.454030
321,15,0.467132
322,1,0.574110
322,2,0.446717
322,3,0.461727
322,4,0.480338
322,5,0.461452
322,6,0.475041
322,7,0.458637
322,8,0.481460
322,9,0.502965
322,10,0.529111
322,11,0.535702
322,12,0.457786
322,13,0.443605
322,14,0.490465
322,15,0.459037
323,1,0.446717
323,2,0.495444
323,3,0.542814
323,4,0.533796
323,5,0.537459
323,6,0.458071
323,7,0.522955
323,8,0.480437
323,9,0.495545
323,10,0.546623
323,11,0.460464
323,12,0.490593
323,13,0.529077
323,14,0.434589
323,15,0.542814
324,1,0.446717
324,2,0.519583
324,3,0.546623
324,4,0.496160
324,5,0.541212
324,6,0.534249
324,7,0.546623
324,8,0.449614
324,9,0.449657
324,10,0.490465
324,11,0.442233
324,12,0.498501
324,13,0.459529
324,14,0.452645
324,15,0.486740
325,1,0.520477
325,2,0.484272
325,3,0.536094
325,4,0.461432
325,5,0.481615
325,6,0.476990
325,7,0.497074
325,8,0.536013
325,9,0.459012
325,10,0.479866
325,11,0.428881
325,12,0.495783
325,13,0.501733
325,14,0.535093
325,15,0.536450
326,1,0.438229
326,2,0.343325
326,3,0.488632
326,4,0.505338
326,5,0.452359
326,6,0.480338
326,7,0.525746
326,8,0.532681
326,9,0.530461
326,10,0.574110
326,11,0.540988
326,12,0.469074
326,13,0.515702
326,14,0.503192
326,15,0.536450
327,1,0.446717
327,2,0.461727
327,3,0.453878
327,4,0.483690
327,5,0.489787
327,6,0.458071
327,7,0.461070
327,8,0.442928
327,9,0.498355
327,10,0.509880
327,11,0.455559
327,12,0.453112
327,13,0.491679
327,14,0.553196
327,15,0.537531
328,1,0.438229
328,2,0.542292
328,3,0.451235
328,4,0.456321
328,5,0.202543
328,6,0.474604
328,7,0.502452
328,8,0.547988
328,9,0.480650
328,10,0.543434
328,11,0.450783
328,12,0.500261
328,13,0.447882
328,14,0.475836
328,15,0.505533
329,1,0.446717
329,2,0.471951
329,3,0.520477
329,4,0.493128
329,5,0.450135
329,6,0.486785
329,7,0.439367
329,8,0.447816
329,9,0.493959
329,10,0.459075
329,11,0.290278
329,12,0.301451
329,13,0.452218
329,14,0.452653
329,15,0.452048
330,1,0.478695
330,2,0.471671
330,3,0.306162
330,4,0.462491
330,5,0.452487
330,6,0.481449
330,7,0.491171
330,8,0.452390
330,9,0.452645
330,10,0.483620
330,11,0.546623
330,12,0.467425
330,13,0.496669
330,14,0.454711
330,15,0.296580
331,1,0.473956
331,2,0.531975
331,3,0.548473
331,4,0.471050
331,5,0.498501
331,6,0.493344
331,7,0.500261
331,8,0.549036
331,9,0.532248
331,10,0.536450
331,11,0.534338
331,12,0.528786
331,13,0.438115
331,14,0.434589
331,15,0.304613
332,1,0.533120
332,2,0.486128
332,3,0.448277
332,4,0.441421
332,5,0.479579
332,6,0.465051
332,7,0.480338
332,8,0.479551
332,9,0.502918
332,10,0.502677
332,11,0.535909
332,12,0.458221
332,13,0.452960
332,14,0.461432
332,15,0.477202
333,1,0.446717
333,2,0.539966
333,3,0.462563
333,4,0.465870
333,5,0.449949
333,6,0.486653
333,7,0.534916
333,8,0.527086
333,9,0.536395
333,10,0.536395
333,11,0.447387
333,12,0.475094
333,13,0.488557
333,14,0.535036
333,15,0.514032
334,1,0.438229
334,2,0.539533
334,3,0.464406
334,4,0.480338
334,5,0.493637
334,6,0.574110
334,7,0.548848
334,8,0.449614
334,9,0.480338
334,10,0.493594
334,11,0.514993
334,12,0.307084
334,13,0.452645
334,14,0.502941
334,15,0.480526
335,1,0.438229
335,2,0.539533
335,3,0.495638
335,4,0.542814
335,5,0.459012
335,6,0.502703
335,7,0.474493
335,8,0.507746
335,9,0.493637
335,10,0.548393
335,11,0.520765
335,12,0.457620
335,13,0.473769
335,14,0.463222
335,15,0.536450
336,1,0.474816
336,2,0.533487
336,3,0.546623
336,4,0.530461
336,5,0.468619
336,6,0.479077
336,7,0.471050
336,8,0.505465
336,9,0.532657
336,10,0.485880
336,11,0.458982
336,12,0.480338
336,13,0.504719
336,14,0.537459
336,15,0.537648
337,1,0.478695
337,2,0.314447
337,3,0.480211
337,4,0.455684
337,5,0.447882
337,6,0.518987
337,7,0.458989
337,8,0.449657
337,9,0.534058
337,10,0.466824
337,11,0.301284
337,12,0.472929
337,13,0.455996
337,14,0.490282
337,15,0.543663
338,1,0.456475
338,2,0.544118
338,3,0.461432
338,4,0.505720
338,5,0.453644
338,6,0.492328
338,7,0.538777
338,8,0.482488
338,9,0.311119
338,10,0.465128
338,11,0.479538
338,12,0.574110
338,13,0.542814
338,14,0.306372
338,15,0.452707
339,1,0.478695
339,2,0.256701
339,3,0.505338
339,4,0.454915
339,5,0.467714
339,6,0.467226
339,7,0.494740
339,8,0.487029
339,9,0.508421
339,10,0.534790
339,11,0.533073
339,12,0.494540
339,13,0.492326
339,14,0.547988
339,15,0.497923
340,1,0.438229
340,2,0.252061
340,3,0.479622
340,4,0.536466
340,5,0.510579
340,6,0.541212
340,7,0.459012
340,8,0.452707
340,9,0.452823
340,10,0.480211
340,11,0.493594
340,12,0.458120
340,13,0.469701
340,14,0.488902
340,15,0.492760
341,1,0.446717
341,2,0.521258
341,3,0.564999
341,4,0.502064
341,5,0.548183
341,6,0.540988
341,7,0.534338
341,8,0.449614
341,9,0.449669
341,10,0.452823
341,11,0.454919
341,12,0.484210
341,13,0.492760
341,14,0.530461
341,15,0.534495
342,1,0.446717
342,2,0.547242
342,3,0.521767
342,4,0.533299
342,5,0.541212
342,6,0.459012
342,7,0.476679
342,8,0.460701
342,9,0.534531
342,10,0.534479
342,11,0.534338
342,12,0.546623
342,13,0.513670
342,14,0.500261
342,15,0.438214
343,1,0.446717
343,2,0.539966
343,3,0.434589
343,4,0.538804
343,5,0.306372
343,6,0.534946
343,7,0.462541
343,8,0.453112
343,9,0.435590
343,10,0.514275
343,11,0.491357
343,12,0.468976
343,13,0.529077
343,14,0.523730
343,15,0.524111
344,1,0.547988
344,2,0.472804
344,3,0.449614
344,4,0.449669
344,5,0.520973
344,6,0.434259
344,7,0.444403
344,8,0.462420
344,9,0.475121
344,10,0.488557
344,11,0.455326
344,12,0.447882
344,13,0.504790
344,14,0.495123
344,15,0.525043
345,1,0.446717
345,2,0.471951
345,3,0.498278
345,4,0.513402
345,5,0.510423
345,6,0.530096
345,7,0.535036
345,8,0.458120
345,9,0.456913
345,10,0.493850
345,11,0.510423
345,12,0.538777
345,13,0.539027
345,14,0.501399
345,15,0.306750
346,1,0.478695
346,2,0.475559
346,3,0.498132
346,4,0.534338
346,5,0.455326
346,6,0.449669
346,7,0.481814
346,8,0.541373
346,9,0.539797
346,10,0.459012
346,11,0.453395
346,12,0.454919
346,13,0.459428
346,14,0.502328
346,15,0.455029
347,1,0.515290
347,2,0.507405
347,3,0.548848
347,4,0.493637
347,5,0.540841
347,6,0.451114
347,7,0.445022
347,8,0.469537
347,9,0.521767
347,10,0.504123
347,11,0.457620
347,12,0.423561
347,13,0.309364
347,14,0.481725
347,15,0.457660
348,1,0.481201
348,2,0.447332
348,3,0.544695
348,4,0.539797
348,5,0.554858
348,6,0.461661
348,7,0.480338
348,8,0.453435
348,9,0.449657
348,10,0.495783
348,11,0.467503
348,12,0.484368
348,13,0.498355
348,14,0.458120
348,15,0.574110
349,1,0.446717
349,2,0.471951
349,3,0.498278
349,4,0.495178
349,5,0.529080
349,6,0.534661
349,7,0.585424
349,8,0.548494
349,9,0.530461
349,10,0.539811
349,11,0.467421
349,12,0.456001
349,13,0.481504
349,14,0.486802
349,15,0.453989
350,1,0.446717
350,2,0.457081
350,3,0.451892
350,4,0.480338
350,5,0.538777
350,6,0.546675
350,7,0.530846
350,8,0.458100
350,9,0.495215
350,10,0.306372
350,11,0.452707
350,12,0.481814
350,13,0.454915
350,14,0.447882
350,15,0.447379
351,1,0.438229
351,2,0.312904
351,3,0.456054
351,4,0.492756
351,5,0.426354
351,6,0.405085
351,7,0.455210
351,8,0.301284
351,9,0.452656
351,10,0.476442
351,11,0.462488
351,12,0.481814
351,13,0.457660
351,14,0.447882
351,15,0.464046
352,1,0.474816
352,2,0.435089
352,3,0.304613
352,4,0.452707
352,5,0.503067
352,6,0.494471
352,7,0.530632
352,8,0.459829
352,9,0.452645
352,10,0.459213
352,11,0.460625
352,12,0.471950
352,13,0.530461
352,14,0.530767
352,15,0.529728
353,1,0.478695
353,2,0.492966
353,3,0.503560
353,4,0.496481
353,5,0.530096
353,6,0.533703
353,7,0.452693
353,8,0.480338
353,9,0.471050
353,10,0.498501
353,11,0.496481
353,12,0.504719
353,13,0.546623
353,14,0.535036
353,15,0.442699
354,1,0.478695
354,2,0.535561
354,3,0.314447
354,4,0.474793
354,5,0.459310
354,6,0.492367
354,7,0.462004
354,8,0.452707
354,9,0.453486
354,10,0.460663
354,11,0.499868
354,12,0.494471
354,13,0.458120
354,14,0.505720
354,15,0.523915
355,1,0.446717
355,2,0.548126
355,3,0.461727
355,4,0.301284
355,5,0.454919
355,6,0.444354
355,7,0.495545
355,8,0.453395
355,9,0.447337
355,10,0.452823
355,11,0.475886
355,12,0.486802
355,13,0.574110
355,14,0.525622
355,15,0.470584
356,1,0.478695
356,2,0.505564
356,3,0.477706
356,4,0.546056
356,5,0.541848
356,6,0.457719
356,7,0.447546
356,8,0.482344
356,9,0.504511
356,10,0.456084
356,11,0.453644
356,12,0.311453
356,13,0.547988
356,14,0.480437
356,15,0.546623
357,1,0.478695
357,2,0.434589
357,3,0.486394
357,4,0.466165
357,5,0.444306
357,6,0.480437
357,7,0.541848
357,8,0.530780
357,9,0.536094
357,10,0.526471
357,11,0.460387
357,12,0.452848
357,13,0.490465
357,14,0.555785
357,15,0.471951
358,1,0.446717
358,2,0.547988
358,3,0.459644
358,4,0.453661
358,5,0.453112
358,6,0.250131
358,7,0.475559
358,8,0.540988
358,9,0.457919
358,10,0.501566
358,11,0.512790
358,12,0.537754
358,13,0.542986
358,14,0.468795
358,15,0.452848
359,1,0.478695
359,2,0.256701
359,3,0.465819
359,4,0.479846
359,5,0.486802
359,6,0.536450
359,7,0.530632
359,8,0.307084
359,9,0.301284
359,10,0.481814
359,11,0.479459
359,12,0.529111
359,13,0.458071
359,14,0.449657
359,15,0.462420
360,1,0.446717
360,2,0.471951
360,3,0.471671
360,4,0.498527
360,5,0.536094
360,6,0.460721
360,7,0.452707
360,8,0.452823
360,9,0.480211
360,10,0.498355
360,11,0.534249
360,12,0.538777
360,13,0.539027
360,14,0.460721
360,15,0.480122
361,1,0.478695
361,2,0.314447
361,3,0.452656
361,4,0.454802
361,5,0.487019
361,6,0.511170
361,7,0.457277
361,8,0.449494
361,9,0.458397
361,10,0.501654
361,11,0.508731
361,12,0.463082
361,13,0.449494
361,14,0.496481
361,15,0.539678
362,1,0.438229
362,2,0.576905
362,3,0.464406
362,4,0.480338
362,5,0.457740
362,6,0.529871
362,7,0.458570
362,8,0.485193
362,9,0.467503
362,10,0.453048
362,11,0.451836
362,12,0.513402
362,13,0.481027
362,14,0.309364
362,15,0.480437
363,1,0.438229
363,2,0.542292
363,3,0.535928
363,4,0.534531
363,5,0.530843
363,6,0.536450
363,7,0.461842
363,8,0.443605
363,9,0.461194
363,10,0.498703
363,11,0.535093
363,12,0.492940
363,13,0.521884
363,14,0.458749
363,15,0.480437
364,1,0.478695
364,2,0.501733
364,3,0.496353
364,4,0.513747
364,5,0.537531
364,6,0.306372
364,7,0.452645
364,8,0.459428
364,9,0.482953
364,10,0.537327
364,11,0.508220
364,12,0.528401
364,13,0.530461
364,14,0.535036
364,15,0.530632
365,1,0.478695
365,2,0.314447
365,3,0.480211
365,4,0.453528
365,5,0.479077
365,6,0.457660
365,7,0.479077
365,8,0.489709
365,9,0.491687
365,10,0.460063
365,11,0.473340
365,12,0.448366
365,13,0.472332
365,14,0.449614
365,15,0.495783
366,1,0.492464
366,2,0.536094
366,3,0.461432
366,4,0.484607
366,5,0.456084
366,6,0.525421
366,7,0.505564
366,8,0.536450
366,9,0.530632
366,10,0.535073
366,11,0.536450
366,12,0.459012
366,13,0.452707
366,14,0.453013
366,15,0.486653
367,1,0.489005
367,2,0.541212
367,3,0.522955
367,4,0.305147
367,5,0.453395
367,6,0.452823
367,7,0.485092
367,8,0.490452
367,9,0.449614
367,10,0.453722
367,11,0.460137
367,12,0.456001
367,13,0.453486
367,14,0.444354
367,15,0.475121
368,1,0.446717
368,2,0.540988
368,3,0.532606
368,4,0.467425
368,5,0.490387
368,6,0.511715
368,7,0.458749
368,8,0.480437
368,9,0.544558
368,10,0.515801
368,11,0.458982
368,12,0.449657
368,13,0.462521
368,14,0.472283
368,15,0.459244
369,1,0.438229
369,2,0.314447
369,3,0.452707
369,4,0.454198
369,5,0.454802
369,6,0.486653
369,7,0.533639
369,8,0.541212
369,9,0.532606
369,10,0.536395
369,11,0.461432
369,12,0.480122
369,13,0.536450
369,14,0.530632
369,15,0.536395
370,1,0.446717
370,2,0.461727
370,3,0.480338
370,4,0.486802
370,5,0.574598
370,6,0.455326
370,7,0.449657
370,8,0.451189
370,9,0.449876
370,10,0.504847
370,11,0.536450
370,12,0.458120
370,13,0.452645
370,14,0.481392
370,15,0.536395
371,1,0.478695
371,2,0.508753
371,3,0.514107
371,4,0.533020
371,5,0.459012
371,6,0.452848
371,7,0.462420
371,8,0.452707
371,9,0.481814
371,10,0.457660
371,11,0.449669
371,12,0.428732
371,13,0.475542
371,14,0.461452
371,15,0.504847
372,1,0.446717
372,2,0.540988
372,3,0.494729
372,4,0.547559
372,5,0.547371
372,6,0.529111
372,7,0.574110
372,8,0.531079
372,9,0.546623
372,10,0.529111
372,11,0.541212
372,12,0.472234
372,13,0.491166
372,14,0.484374
372,15,0.535909
373,1,0.438229
373,2,0.314447
373,3,0.483902
373,4,0.478391
373,5,0.494848
373,6,0.486553
373,7,0.452814
373,8,0.477590
373,9,0.504407
373,10,0.449614
373,11,0.449669
373,12,0.454919
373,13,0.490390
373,14,0.495123
373,15,0.460721
374,1,0.438229
374,2,0.547988
374,3,0.534268
374,4,0.460721
374,5,0.480415
374,6,0.455153
374,7,0.493148
374,8,0.531639
374,9,0.532372
374,10,0.541212
374,11,0.505968
374,12,0.536561
374,13,0.534531
374,14,0.547371
374,15,0.535036
375,1,0.446717
375,2,0.524299
375,3,0.458678
375,4,0.452645
375,5,0.451832
375,6,0.431041
375,7,0.451580
375,8,0.457671
375,9,0.453123
375,10,0.454198
375,11,0.451927
375,12,0.465508
375,13,0.475886
375,14,0.498355
375,15,0.534249
376,1,0.486746
376,2,0.541212
376,3,0.534946
376,4,0.314447
376,5,0.480437
376,6,0.469088
376,7,0.448564
376,8,0.515668
376,9,0.478574
376,10,0.495545
376,11,0.547242
376,12,0.449614
376,13,0.447882
376,14,0.502236
376,15,0.504649
377,1,0.459310
377,2,0.453661
377,3,0.482040
377,4,0.489709
377,5,0.491687
377,6,0.461432
377,7,0.484656
377,8,0.493683
377,9,0.504123
377,10,0.506271
377,11,0.491542
377,12,0.541212
377,13,0.435089
377,14,0.295312
377,15,0.301284
378,1,0.466824
378,2,0.488311
378,3,0.242078
378,4,0.457786
378,5,0.454802
378,6,0.451341
378,7,0.467425
378,8,0.546258
378,9,0.449614
378,10,0.449657
378,11,0.462420
378,12,0.452645
378,13,0.511252
378,14,0.502064
378,15,0.453318
379,1,0.473956
379,2,0.536094
379,3,0.535928
379,4,0.535073
379,5,0.452293
379,6,0.449657
379,7,0.490390
379,8,0.447528
379,9,0.509599
379,10,0.491735
379,11,0.553153
379,12,0.467849
379,13,0.481477
379,14,0.458829
379,15,0.479176
380,1,0.521767
380,2,0.515102
380,3,0.467758
380,4,0.536561
380,5,0.512790
380,6,0.430471
380,7,0.428765
380,8,0.494035
380,9,0.544585
380,10,0.535655
380,11,0.534867
380,12,0.531793
380,13,0.534531
380,14,0.449926
380,15,0.449657
381,1,0.466824
381,2,0.451927
381,3,0.482040
381,4,0.452359
381,5,0.449669
381,6,0.477205
381,7,0.468518
381,8,0.454341
381,9,0.481814
381,10,0.456084
381,11,0.454374
381,12,0.481814
381,13,0.504719
381,14,0.456734
381,15,0.449669
382,1,0.529648
382,2,0.490259
382,3,0.541212
382,4,0.535004
382,5,0.452359
382,6,0.454374
382,7,0.452823
382,8,0.444285
382,9,0.478134
382,10,0.495123
382,11,0.534531
382,12,0.534916
382,13,0.458120
382,14,0.500600
382,15,0.479966
383,1,0.481201
383,2,0.484200
383,3,0.550086
383,4,0.539574
383,5,0.534338
383,6,0.534946
383,7,0.530461
383,8,0.449614
383,9,0.479077
383,10,0.502965
383,11,0.529111
383,12,0.559329
383,13,0.472167
383,14,0.488409
383,15,0.529057
384,1,0.466824
384,2,0.301284
384,3,0.481814
384,4,0.500261
384,5,0.541990
384,6,0.539027
384,7,0.504737
384,8,0.541934
384,9,0.458224
384,10,0.495768
384,11,0.503017
384,12,0.541212
384,13,0.534338
384,14,0.536450
384,15,0.532606
385,1,0.473956
385,2,0.535093
385,3,0.449614
385,4,0.479077
385,5,0.504719
385,6,0.455326
385,7,0.446928
385,8,0.461044
385,9,0.460663
385,10,0.452873
385,11,0.452823
385,12,0.452653
385,13,0.464555
385,14,0.474047
385,15,0.482838
386,1,0.446717
386,2,0.453270
386,3,0.482885
386,4,0.504719
386,5,0.532439
386,6,0.539797
386,7,0.534120
386,8,0.461432
386,9,0.449292
386,10,0.488902
386,11,0.461432
386,12,0.441728
386,13,0.481504
386,14,0.456084
386,15,0.432981
387,1,0.478695
387,2,0.314447
387,3,0.494740
387,4,0.574110
387,5,0.473956
387,6,0.306372
387,7,0.452645
387,8,0.490465
387,9,0.434260
387,10,0.497424
387,11,0.305080
387,12,0.453112
387,13,0.490465
387,14,0.527826
387,15,0.548191
388,1,0.485880
388,2,0.531079
388,3,0.455326
388,4,0.483348
388,5,0.478574
388,6,0.452359
388,7,0.301284
388,8,0.452823
388,9,0.467425
388,10,0.301284
388,11,0.452823
388,12,0.454919
388,13,0.481249
388,14,0.539678
388,15,0.493297
389,1,0.494256
389,2,0.475782
389,3,0.534551
389,4,0.532484
389,5,0.545274
389,6,0.449614
389,7,0.449669
389,8,0.453013
389,9,0.486653
389,10,0.544869
389,11,0.529111
389,12,0.449614
389,13,0.495783
389,14,0.503017
389,15,0.530461
390,1,0.478695
390,2,0.501733
390,3,0.496481
390,4,0.546623
390,5,0.449614
390,6,0.479077
390,7,0.488557
390,8,0.541212
390,9,0.534338
390,10,0.452359
390,11,0.479077
390,12,0.502965
390,13,0.529111
390,14,0.541212
390,15,0.536094
391,1,0.438229
391,2,0.542292
391,3,0.535073
391,4,0.474250
391,5,0.459504
391,6,0.453081
391,7,0.490465
391,8,0.452359
391,9,0.447882
391,10,0.514032
391,11,0.537531
391,12,0.535093
391,13,0.534479
391,14,0.458120
391,15,0.451297
392,1,0.474816
392,2,0.314447
392,3,0.480122
392,4,0.498355
392,5,0.494540
392,6,0.546812
392,7,0.520535
392,8,0.473639
392,9,0.306372
392,10,0.453395
392,11,0.481814
392,12,0.456084
392,13,0.449669
392,14,0.480211
392,15,0.476990
393,1,0.466824
393,2,0.480437
393,3,0.486802
393,4,0.530461
393,5,0.430471
393,6,0.457604
393,7,0.480338
393,8,0.498355
393,9,0.549109
393,10,0.464406
393,11,0.480338
393,12,0.488557
393,13,0.536450
393,14,0.532606
393,15,0.461432
394,1,0.467064
394,2,0.480437
394,3,0.473469
394,4,0.522115
394,5,0.497026
394,6,0.453694
394,7,0.441601
394,8,0.450745
394,9,0.441428
394,10,0.473432
394,11,0.454915
394,12,0.479077
394,13,0.456084
394,14,0.479077
394,15,0.493572
395,1,0.466824
395,2,0.534946
395,3,0.505564
395,4,0.530461
395,5,0.452359
395,6,0.449657
395,7,0.486502
395,8,0.452359
395,9,0.483326
395,10,0.480213
395,11,0.306372
395,12,0.481615
395,13,0.495545
395,14,0.541212
395,15,0.241763
396,1,0.486746
396,2,0.467425
396,3,0.546623
396,4,0.536450
396,5,0.532606
396,6,0.534531
396,7,0.530461
396,8,0.546623
396,9,0.530367
396,10,0.525622
396,11,0.470054
396,12,0.506708
396,13,0.546812
396,14,0.510703
396,15,0.512959
397,1,0.486746
397,2,0.530461
397,3,0.449614
397,4,0.480338
397,5,0.486802
397,6,0.557914
397,7,0.532114
397,8,0.434589
397,9,0.452359
397,10,0.480338
397,11,0.493594
397,12,0.534249
397,13,0.547988
397,14,0.462060
397,15,0.464208
398,1,0.486746
398,2,0.547988
398,3,0.456813
398,4,0.524043
398,5,0.452359
398,6,0.447882
398,7,0.461169
398,8,0.546623
398,9,0.542651
398,10,0.458071
398,11,0.454374
398,12,0.452673
398,13,0.449476
398,14,0.490390
398,15,0.535928
399,1,0.473956
399,2,0.516473
399,3,0.534551
399,4,0.426354
399,5,0.501076
399,6,0.467940
399,7,0.453661
399,8,0.456649
399,9,0.490390
399,10,0.459852
399,11,0.452707
399,12,0.480211
399,13,0.491610
399,14,0.461727
399,15,0.515668
400,1,0.466824
400,2,0.301284
400,3,0.452823
400,4,0.454919
400,5,0.480839
400,6,0.459852
400,7,0.441728
400,8,0.466884
400,9,0.494752
400,10,0.472579
400,11,0.523064
400,12,0.532606
400,13,0.533435
400,14,0.541212
400,15,0.306039
401,1,0.473956
401,2,0.306372
401,3,0.452707
401,4,0.452656
401,5,0.480211
401,6,0.546623
401,7,0.495783
401,8,0.473956
401,9,0.306372
401,10,0.452707
401,11,0.452656
401,12,0.452656
401,13,0.480437
401,14,0.541212
401,15,0.566955
402,1,0.466824
402,2,0.301284
402,3,0.474943
402,4,0.522955
402,5,0.547242
402,6,0.530461
402,7,0.533913
402,8,0.449943
402,9,0.490593
402,10,0.531306
402,11,0.535073
402,12,0.541212
402,13,0.514032
402,14,0.455670
402,15,0.453112
403,1,0.473956
403,2,0.535093
403,3,0.452814
403,4,0.454374
403,5,0.452656
403,6,0.481814
403,7,0.493594
403,8,0.530632
403,9,0.534984
403,10,0.450135
403,11,0.432811
403,12,0.460137
403,13,0.481460
403,14,0.494471
403,15,0.534249
404,1,0.478695
404,2,0.501733
404,3,0.496481
404,4,0.493935
404,5,0.548758
404,6,0.449614
404,7,0.449657
404,8,0.496481
404,9,0.452359
404,10,0.449657
404,11,0.490465
404,12,0.546258
404,13,0.448277
404,14,0.479077
404,15,0.450783
405,1,0.438229
405,2,0.542292
405,3,0.306372
405,4,0.452673
405,5,0.450941
405,6,0.462420
405,7,0.481615
405,8,0.541212
405,9,0.532606
405,10,0.534531
405,11,0.539678
405,12,0.534249
405,13,0.536450
405,14,0.534338
405,15,0.546623
406,1,0.478695
406,2,0.501733
406,3,0.496481
406,4,0.534479
406,5,0.529823
406,6,0.435590
406,7,0.499004
406,8,0.456248
406,9,0.448036
406,10,0.546623
406,11,0.542906
406,12,0.530632
406,13,0.535928
406,14,0.536395
406,15,0.534531
407,1,0.446717
407,2,0.495444
407,3,0.453318
407,4,0.481831
407,5,0.450783
407,6,0.468613
407,7,0.462087
407,8,0.453123
407,9,0.510442
407,10,0.484374
407,11,0.540671
407,12,0.534338
407,13,0.531838
407,14,0.461727
407,15,0.453112
408,1,0.489181
408,2,0.547242
408,3,0.449614
408,4,0.454374
408,5,0.452823
408,6,0.521767
408,7,0.479846
408,8,0.536450
408,9,0.458120
408,10,0.478861
408,11,0.457660
408,12,0.447882
408,13,0.459428
408,14,0.481615
408,15,0.546623
409,1,0.478695
409,2,0.314447
409,3,0.451383
409,4,0.462420
409,5,0.452707
409,6,0.455448
409,7,0.454807
409,8,0.527735
409,9,0.451022
409,10,0.434589
409,11,0.480437
409,12,0.574110
409,13,0.540988
409,14,0.306372
409,15,0.481615
410,1,0.446717
410,2,0.441839
410,3,0.498278
410,4,0.493344
410,5,0.534531
410,6,0.449614
410,7,0.454374
410,8,0.512497
410,9,0.454441
410,10,0.475249
410,11,0.505693
410,12,0.448277
410,13,0.507899
410,14,0.480025
410,15,0.539186
411,1,0.534946
411,2,0.486746
411,3,0.536450
411,4,0.530632
411,5,0.435089
411,6,0.498537
411,7,0.307084
411,8,0.479764
411,9,0.464282
411,10,0.480338
411,11,0.454915
411,12,0.449657
411,13,0.459428
411,14,0.451004
411,15,0.462420
412,1,0.486746
412,2,0.541212
412,3,0.458120
412,4,0.452707
412,5,0.452823
412,6,0.475886
412,7,0.495783
412,8,0.540988
412,9,0.306372
412,10,0.481615
412,11,0.537327
412,12,0.575772
412,13,0.455997
412,14,0.449657
412,15,0.490390
413,1,0.438229
413,2,0.314447
413,3,0.480122
413,4,0.523730
413,5,0.458678
413,6,0.452848
413,7,0.490465
413,8,0.541212
413,9,0.508220
413,10,0.506435
413,11,0.511880
413,12,0.460625
413,13,0.442682
413,14,0.452910
413,15,0.462420
414,1,0.478695
414,2,0.505564
414,3,0.434589
414,4,0.442525
414,5,0.484656
414,6,0.449547
414,7,0.462420
414,8,0.477264
414,9,0.454032
414,10,0.452487
414,11,0.452823
414,12,0.451383
414,13,0.462420
414,14,0.451207
414,15,0.495178
415,1,0.486746
415,2,0.452359
415,3,0.479077
415,4,0.498355
415,5,0.534338
415,6,0.546623
415,7,0.546623
415,8,0.541212
415,9,0.530632
415,10,0.535073
415,11,0.541212
415,12,0.535093
415,13,0.452359
415,14,0.296580
415,15,0.452823
416,1,0.529648
416,2,0.446359
416,3,0.306039
416,4,0.481704
416,5,0.504719
416,6,0.546930
416,7,0.546623
416,8,0.448277
416,9,0.449657
416,10,0.495178
416,11,0.535928
416,12,0.536395
416,13,0.535073
416,14,0.541212
416,15,0.459012
417,1,0.466824
417,2,0.453112
417,3,0.497309
417,4,0.489718
417,5,0.532606
417,6,0.536395
417,7,0.534531
417,8,0.533453
417,9,0.458071
417,10,0.447882
417,11,0.462521
417,12,0.481615
417,13,0.493594
417,14,0.534338
417,15,0.530461
418,1,0.466824
418,2,0.301284
418,3,0.485647
418,4,0.456452
418,5,0.301284
418,6,0.503522
418,7,0.452583
418,8,0.452601
418,9,0.479901
418,10,0.452359
418,11,0.447882
418,12,0.495178
418,13,0.492218
418,14,0.541212
418,15,0.523915
419,1,0.486746
419,2,0.449614
419,3,0.480338
419,4,0.457740
419,5,0.458169
419,6,0.447770
419,7,0.460663
419,8,0.480122
419,9,0.493594
419,10,0.536094
419,11,0.543952
419,12,0.549016
419,13,0.452359
419,14,0.479077
419,15,0.458896
420,1,0.473956
420,2,0.536094
420,3,0.454721
420,4,0.453395
420,5,0.444352
420,6,0.452653
420,7,0.442211
420,8,0.487019
420,9,0.535073
420,10,0.480650
420,11,0.548001
420,12,0.463495
420,13,0.301284
420,14,0.452823
420,15,0.454802
421,1,0.464451
421,2,0.314781
421,3,0.452707
421,4,0.452823
421,5,0.454802
421,6,0.507440
421,7,0.544330
421,8,0.449614
421,9,0.449657
421,10,0.490465
421,11,0.534479
421,12,0.532606
421,13,0.535073
421,14,0.457620
421,15,0.490593
422,1,0.479353
422,2,0.306039
422,3,0.452910
422,4,0.462420
422,5,0.480122
422,6,0.458829
422,7,0.480338
422,8,0.536450
422,9,0.459012
422,10,0.450916
422,11,0.479895
422,12,0.492289
422,13,0.538777
422,14,0.457719
422,15,0.481477
423,1,0.486746
423,2,0.537459
423,3,0.539574
423,4,0.532606
423,5,0.535928
423,6,0.458558
423,7,0.484607
423,8,0.456084
423,9,0.449657
423,10,0.490465
423,11,0.534946
423,12,0.540988
423,13,0.306372
423,14,0.481615
423,15,0.480650
424,1,0.530507
424,2,0.472804
424,3,0.449614
424,4,0.454374
424,5,0.465508
424,6,0.454802
424,7,0.481249
424,8,0.576623
424,9,0.461727
424,10,0.454374
424,11,0.454919
424,12,0.444354
424,13,0.452601
424,14,0.480211
424,15,0.502965
425,1,0.486746
425,2,0.449614
425,3,0.446645
425,4,0.467060
425,5,0.481814
425,6,0.452359
425,7,0.449657
425,8,0.496481
425,9,0.530843
425,10,0.545274
425,11,0.541212
425,12,0.534338
425,13,0.452293
425,14,0.479077
425,15,0.493594
426,1,0.486746
426,2,0.449614
426,3,0.479077
426,4,0.456084
426,5,0.454374
426,6,0.454919
426,7,0.445937
426,8,0.452880
426,9,0.447882
426,10,0.462420
426,11,0.482953
426,12,0.456084
426,13,0.443356
426,14,0.481814
426,15,0.512390
427,1,0.504507
427,2,0.463495
427,3,0.456649
427,4,0.490465
427,5,0.449614
427,6,0.493297
427,7,0.462188
427,8,0.468727
427,9,0.485647
427,10,0.486128
427,11,0.520515
427,12,0.465209
427,13,0.467158
427,14,0.458169
427,15,0.451383
428,1,0.486746
428,2,0.530461
428,3,0.452359
428,4,0.477590
428,5,0.477864
428,6,0.530461
428,7,0.500261
428,8,0.536050
428,9,0.537488
428,10,0.464064
428,11,0.508210
428,12,0.498355
428,13,0.459012
428,14,0.476594
428,15,0.515833
429,1,0.473956
429,2,0.536094
429,3,0.461432
429,4,0.481615
429,5,0.507850
429,6,0.534338
429,7,0.534916
429,8,0.457090
429,9,0.447626
429,10,0.451180
429,11,0.491807
429,12,0.506160
429,13,0.452359
429,14,0.495190
429,15,0.462087
430,1,0.466824
430,2,0.333010
430,3,0.503005
430,4,0.444743
430,5,0.496622
430,6,0.462420
430,7,0.452707
430,8,0.452656
430,9,0.480211
430,10,0.455684
430,11,0.449669
430,12,0.447546
430,13,0.456264
430,14,0.482040
430,15,0.456084
431,1,0.463993
431,2,0.482984
431,3,0.493594
431,4,0.532606
431,5,0.534531
431,6,0.539678
431,7,0.532606
431,8,0.461432
431,9,0.481615
431,10,0.529795
431,11,0.530632
431,12,0.523916
431,13,0.307084
431,14,0.481930
431,15,0.452359
432,1,0.486746
432,2,0.541212
432,3,0.534249
432,4,0.546623
432,5,0.452359
432,6,0.301284
432,7,0.480211
432,8,0.546623
432,9,0.455326
432,10,0.301284
432,11,0.454919
432,12,0.496481
432,13,0.474250
432,14,0.493297
432,15,0.459428
433,1,0.473956
433,2,0.536094
433,3,0.538218
433,4,0.534409
433,5,0.535073
433,6,0.530461
433,7,0.541212
433,8,0.459012
433,9,0.452707
433,10,0.452823
433,11,0.452653
433,12,0.452656
433,13,0.452653
433,14,0.480211
433,15,0.541212
434,1,0.436940
434,2,0.544118
434,3,0.535902
434,4,0.532685
434,5,0.546623
434,6,0.530461
434,7,0.545274
434,8,0.548327
434,9,0.461727
434,10,0.449657
434,11,0.512883
434,12,0.535093
434,13,0.452359
434,14,0.447882
434,15,0.531306
435,1,0.473956
435,2,0.536094
435,3,0.535928
435,4,0.536395
435,5,0.536395
435,6,0.460721
435,7,0.481615
435,8,0.559329
435,9,0.458053
435,10,0.480122
435,11,0.454915
435,12,0.479077
435,13,0.544869
435,14,0.541212
435,15,0.514993
436,1,0.473956
436,2,0.473126
436,3,0.301973
436,4,0.301451
436,5,0.452823
436,6,0.481449
436,7,0.504719
436,8,0.529111
436,9,0.535909
436,10,0.530632
436,11,0.535073
436,12,0.452293
436,13,0.449657
436,14,0.462420
436,15,0.484656
437,1,0.486746
437,2,0.530461
437,3,0.530767
437,4,0.455326
437,5,0.447882
437,6,0.490465
437,7,0.531208
437,8,0.434589
437,9,0.538849
437,10,0.508753
437,11,0.509753
437,12,0.456644
437,13,0.443367
437,14,0.452673
437,15,0.452823
438,1,0.473956
438,2,0.544847
438,3,0.546623
438,4,0.546623
438,5,0.449614
438,6,0.479077
438,7,0.497653
438,8,0.535252
438,9,0.486746
438,10,0.530461
438,11,0.455326
438,12,0.449669
438,13,0.432510
438,14,0.481814
438,15,0.525622
439,1,0.482941
439,2,0.311119
439,3,0.452656
439,4,0.451383
439,5,0.536094
439,6,0.535093
439,7,0.546623
439,8,0.452359
439,9,0.301284
439,10,0.453112
439,11,0.503202
439,12,0.536094
439,13,0.306039
439,14,0.462541
439,15,0.480211
440,1,0.482941
440,2,0.311119
440,3,0.452823
440,4,0.493959
440,5,0.500928
440,6,0.546623
440,7,0.541212
440,8,0.459012
440,9,0.452848
440,10,0.495178
440,11,0.534531
440,12,0.541953
440,13,0.547242
440,14,0.546623
440,15,0.546623
441,1,0.574110
441,2,0.464078
441,3,0.301284
441,4,0.452656
441,5,0.480211
441,6,0.488557
441,7,0.452359
441,8,0.449657
441,9,0.490390
441,10,0.535928
441,11,0.307084
441,12,0.452645
441,13,0.495178
441,14,0.535928
441,15,0.461432
442,1,0.521767
442,2,0.473956
442,3,0.566955
442,4,0.549016
442,5,0.547371
442,6,0.546623
442,7,0.520813
442,8,0.453318
442,9,0.452910
442,10,0.490390
442,11,0.535928
442,12,0.534531
442,13,0.536450
442,14,0.508220
442,15,0.533796
443,1,0.466824
443,2,0.453112
443,3,0.495178
443,4,0.459852
443,5,0.452434
443,6,0.454919
443,7,0.492669
443,8,0.452293
443,9,0.464208
443,10,0.481814
443,11,0.504380
443,12,0.541212
443,13,0.456813
443,14,0.518529
443,15,0.452359
444,1,0.473956
444,2,0.306372
444,3,0.453395
444,4,0.473432
444,5,0.489709
444,6,0.452208
444,7,0.481615
444,8,0.488557
444,9,0.530767
444,10,0.529418
444,11,0.546623
444,12,0.541212
444,13,0.530632
444,14,0.536395
444,15,0.460721
445,1,0.486746
445,2,0.536450
445,3,0.530632
445,4,0.535928
445,5,0.534145
445,6,0.536450
445,7,0.532606
445,8,0.534479
445,9,0.452880
445,10,0.479077
445,11,0.541212
445,12,0.535167
445,13,0.532685
445,14,0.455326
445,15,0.448007
446,1,0.473956
446,2,0.306372
446,3,0.301284
446,4,0.454919
446,5,0.490390
446,6,0.534531
446,7,0.546623
446,8,0.546623
446,9,0.448277
446,10,0.405085
446,11,0.480839
446,12,0.498073
446,13,0.534120
446,14,0.461432
446,15,0.506369
447,1,0.486746
447,2,0.452359
447,3,0.454374
447,4,0.452823
447,5,0.444403
447,6,0.484210
447,7,0.492760
447,8,0.449614
447,9,0.480338
447,10,0.493637
447,11,0.454982
447,12,0.481831
447,13,0.481361
447,14,0.505026
447,15,0.452359
448,1,0.473956
448,2,0.306372
448,3,0.452848
448,4,0.495178
448,5,0.536395
448,6,0.481653
448,7,0.509847
448,8,0.454915
448,9,0.480338
448,10,0.489709
448,11,0.462004
448,12,0.453395
448,13,0.451383
448,14,0.460663
448,15,0.453395
449,1,0.466824
449,2,0.453112
449,3,0.490390
449,4,0.535022
449,5,0.541212
449,6,0.532606
449,7,0.460721
449,8,0.452707
449,9,0.454919
449,10,0.439881
449,11,0.477135
449,12,0.546623
449,13,0.453989
449,14,0.447882
449,15,0.488556
450,1,0.466824
450,2,0.301284
450,3,0.452823
450,4,0.465339
450,5,0.452653
450,6,0.507408
450,7,0.505338
450,8,0.455326
450,9,0.480338
450,10,0.470257
450,11,0.463886
450,12,0.441601
450,13,0.450745
450,14,0.453395
450,15,0.507189
451,1,0.510413
451,2,0.547242
451,3,0.546623
451,4,0.529111
451,5,0.453989
451,6,0.454374
451,7,0.451411
451,8,0.469187
451,9,0.478563
451,10,0.498355
451,11,0.532606
451,12,0.533040
451,13,0.536395
451,14,0.447387
451,15,0.443857
452,1,0.466824
452,2,0.301284
452,3,0.481814
452,4,0.450783
452,5,0.479077
452,6,0.454736
452,7,0.448334
452,8,0.462491
452,9,0.457365
452,10,0.449358
452,11,0.487019
452,12,0.534531
452,13,0.579136
452,14,0.540988
452,15,0.532606
453,1,0.486746
453,2,0.530461
453,3,0.529111
453,4,0.535909
453,5,0.532606
453,6,0.534531
453,7,0.452359
453,8,0.480437
453,9,0.488557
453,10,0.530461
453,11,0.529111
453,12,0.541212
453,13,0.535093
453,14,0.546623
453,15,0.541212
454,1,0.486746
454,2,0.449614
454,3,0.449669
454,4,0.454919
454,5,0.500261
454,6,0.504407
454,7,0.534916
454,8,0.534249
454,9,0.531208
454,10,0.449614
454,11,0.454374
454,12,0.452823
454,13,0.452653
454,14,0.454919
454,15,0.503766
455,1,0.486746
455,2,0.541212
455,3,0.534338
455,4,0.540774
455,5,0.532606
455,6,0.534531
455,7,0.541212
455,8,0.534338
455,9,0.449614
455,10,0.480338
455,11,0.488557
455,12,0.546623
455,13,0.541212
455,14,0.458120
455,15,0.471204
456,1,0.473956
456,2,0.535093
456,3,0.539678
456,4,0.530632
456,5,0.535073
456,6,0.492325
456,7,0.541212
456,8,0.534120
456,9,0.536395
456,10,0.536395
456,11,0.535073
456,12,0.530096
456,13,0.455326
456,14,0.454374
456,15,0.452823
457,1,0.466824
457,2,0.301284
457,3,0.454919
457,4,0.454145
457,5,0.441428
457,6,0.481504
457,7,0.493594
457,8,0.532606
457,9,0.461432
457,10,0.453395
457,11,0.481814
457,12,0.447198
457,13,0.448564
457,14,0.481941
457,15,0.453528
458,1,0.473956
458,2,0.536094
458,3,0.523868
458,4,0.510891
458,5,0.464078
458,6,0.480437
458,7,0.498355
458,8,0.530632
458,9,0.527285
458,10,0.541212
458,11,0.530632
458,12,0.533435
458,13,0.538661
458,14,0.467421
458,15,0.452707
459,1,0.466824
459,2,0.453112
459,3,0.490390
459,4,0.492760
459,5,0.546623
459,6,0.458071
459,7,0.489446
459,8,0.299196
459,9,0.453345
459,10,0.452823
459,11,0.444403
459,12,0.486653
459,13,0.534916
459,14,0.530632
459,15,0.535928
460,1,0.466824
460,2,0.574110
460,3,0.311119
460,4,0.493604
460,5,0.493311
460,6,0.452625
460,7,0.452848
460,8,0.462420
460,9,0.475121
460,10,0.493594
460,11,0.534249
460,12,0.541212
460,13,0.457919
460,14,0.510057
460,15,0.491313
461,1,0.473956
461,2,0.306372
461,3,0.481615
461,4,0.452359
461,5,0.480437
461,6,0.456084
461,7,0.449657
461,8,0.455153
461,9,0.539678
461,10,0.458120
461,11,0.481615
461,12,0.544869
461,13,0.545274
461,14,0.546623
461,15,0.529418
462,1,0.466824
462,2,0.453112
462,3,0.490465
462,4,0.541212
462,5,0.459012
462,6,0.453395
462,7,0.454919
462,8,0.481249
462,9,0.541212
462,10,0.459012
462,11,0.481615
462,12,0.493594
462,13,0.530632
462,14,0.461432
462,15,0.452848
463,1,0.486746
463,2,0.536450
463,3,0.530632
463,4,0.536395
463,5,0.461432
463,6,0.452645
463,7,0.464749
463,8,0.485641
463,9,0.454915
463,10,0.449657
463,11,0.490465
463,12,0.530843
463,13,0.540671
463,14,0.459012
463,15,0.453395
464,1,0.466824
464,2,0.480437
464,3,0.546623
464,4,0.541373
464,5,0.530767
464,6,0.541212
464,7,0.534338
464,8,0.530461
464,9,0.541212
464,10,0.532606
464,11,0.534551
464,12,0.452359
464,13,0.449669
464,14,0.478285
464,15,0.498355
465,1,0.473956
465,2,0.536094
465,3,0.509730
465,4,0.535928
465,5,0.536094
465,6,0.461432
465,7,0.453395
465,8,0.452823
465,9,0.452656
465,10,0.451383
465,11,0.495178
465,12,0.459141
465,13,0.452645
465,14,0.459428
465,15,0.482953
466,1,0.466824
466,2,0.453112
466,3,0.462420
466,4,0.444582
466,5,0.451832
466,6,0.481615
466,7,0.544869
466,8,0.536450
466,9,0.534249
466,10,0.541953
466,11,0.452359
466,12,0.449657
466,13,0.462420
466,14,0.451004
466,15,0.495178
467,1,0.466824
467,2,0.453112
467,3,0.459428
467,4,0.480122
467,5,0.502965
467,6,0.538751
467,7,0.467421
467,8,0.480122
467,9,0.537327
467,10,0.458120
467,11,0.453395
467,12,0.452823
467,13,0.454919
467,14,0.446111
467,15,0.441428
468,1,0.456480
468,2,0.456989
468,3,0.451206
468,4,0.490390
468,5,0.480526
468,6,0.459852
468,7,0.453395
468,8,0.451383
468,9,0.490390
468,10,0.495123
468,11,0.461432
468,12,0.440504
468,13,0.486582
468,14,0.455038
468,15,0.454374
469,1,0.473956
469,2,0.534946
469,3,0.473956
469,4,0.306372
469,5,0.452707
469,6,0.511301
469,7,0.458399
469,8,0.480338
469,9,0.493594
469,10,0.530632
469,11,0.536395
469,12,0.534409
469,13,0.456813
469,14,0.524850
469,15,0.546623
470,1,0.473956
470,2,0.306372
470,3,0.452848
470,4,0.488902
470,5,0.492760
470,6,0.530843
470,7,0.449614
470,8,0.447882
470,9,0.435089
470,10,0.483690
470,11,0.449614
470,12,0.479077
470,13,0.534946
470,14,0.540988
470,15,0.535093
471,1,0.456480
471,2,0.456989
471,3,0.480437
471,4,0.488557
471,5,0.529418
471,6,0.455326
471,7,0.479077
471,8,0.452359
471,9,0.449657
471,10,0.459428
471,11,0.480122
471,12,0.453528
471,13,0.434589
471,14,0.480437
471,15,0.454736
472,1,0.485880
472,2,0.547242
472,3,0.546623
472,4,0.534890
472,5,0.450868
472,6,0.481477
472,7,0.544869
472,8,0.449614
472,9,0.480338
472,10,0.493594
472,11,0.530632
472,12,0.535073
472,13,0.531208
472,14,0.535909
472,15,0.534249
473,1,0.466824
473,2,0.367741
473,3,0.465508
473,4,0.481449
473,5,0.454915
473,6,0.480437
473,7,0.546623
473,8,0.541212
473,9,0.532606
473,10,0.460063
473,11,0.452848
473,12,0.462420
473,13,0.452645
473,14,0.490390
473,15,0.449108
474,1,0.486746
474,2,0.536450
474,3,0.459012
474,4,0.453395
474,5,0.451383
474,6,0.495178
474,7,0.535073
474,8,0.449614
474,9,0.449669
474,10,0.452823
474,11,0.454919
474,12,0.486653
474,13,0.452293
474,14,0.474794
474,15,0.467027
475,1,0.486746
475,2,0.536450
475,3,0.458120
475,4,0.452848
475,5,0.452108
475,6,0.441428
475,7,0.453644
475,8,0.481814
475,9,0.546623
475,10,0.530461
475,11,0.451022
475,12,0.479077
475,13,0.489709
475,14,0.518343
475,15,0.527285
476,1,0.466824
476,2,0.480437
476,3,0.489709
476,4,0.534249
476,5,0.452359
476,6,0.449669
476,7,0.481111
476,8,0.494831
476,9,0.459012
476,10,0.452707
476,11,0.454198
476,12,0.512497
476,13,0.445447
476,14,0.447816
476,15,0.442217
477,1,0.473956
477,2,0.535093
477,3,0.452293
477,4,0.449657
477,5,0.462420
477,6,0.441428
477,7,0.480211
477,8,0.450783
477,9,0.479077
477,10,0.453435
477,11,0.449657
477,12,0.462087
477,13,0.498060
477,14,0.451832
477,15,0.452645
478,1,0.486746
478,2,0.530461
478,3,0.529111
478,4,0.530461
478,5,0.453989
478,6,0.501425
478,7,0.458829
478,8,0.358855
478,9,0.500334
478,10,0.486653
478,11,0.537327
478,12,0.457786
478,13,0.450916
478,14,0.486740
478,15,0.530096
479,1,0.473956
479,2,0.306372
479,3,0.453395
479,4,0.451313
479,5,0.494471
479,6,0.459012
479,7,0.482970
479,8,0.489709
479,9,0.534249
479,10,0.455559
479,11,0.449669
479,12,0.452823
479,13,0.511301
479,14,0.493370
479,15,0.532606
480,1,0.466824
480,2,0.301284
480,3,0.454919
480,4,0.481249
480,5,0.530843
480,6,0.535036
480,7,0.547988
480,8,0.549036
480,9,0.554055
480,10,0.458071
480,11,0.480338
480,12,0.498355
480,13,0.532606
480,14,0.536395
480,15,0.535655
481,1,0.486746
481,2,0.530461
481,3,0.536450
481,4,0.532606
481,5,0.533978
481,6,0.534479
481,7,0.530632
481,8,0.534531
481,9,0.539678
481,10,0.534045
481,11,0.539678
481,12,0.534249
481,13,0.530096
481,14,0.529418
481,15,0.534495
482,1,0.473956
482,2,0.536094
482,3,0.534531
482,4,0.539678
482,5,0.459012
482,6,0.456690
482,7,0.441170
482,8,0.487019
482,9,0.534531
482,10,0.541212
482,11,0.458120
482,12,0.453395
482,13,0.301451
482,14,0.452823
482,15,0.481814
483,1,0.486746
483,2,0.449614
483,3,0.479077
483,4,0.530461
483,5,0.530461
483,6,0.545274
483,7,0.448277
483,8,0.480338
483,9,0.449614
483,10,0.449669
483,11,0.428565
483,12,0.481449
483,13,0.454915
483,14,0.449657
483,15,0.496481
484,1,0.486746
484,2,0.452359
484,3,0.451338
484,4,0.462420
484,5,0.451004
484,6,0.495178
484,7,0.460721
484,8,0.452645
484,9,0.459428
484,10,0.480122
484,11,0.502965
484,12,0.529111
484,13,0.530461
484,14,0.525110
484,15,0.457596
485,1,0.486746
485,2,0.546623
485,3,0.535036
485,4,0.470723
485,5,0.509039
485,6,0.498132
485,7,0.532606
485,8,0.461432
485,9,0.452707
485,10,0.452823
485,11,0.475886
485,12,0.454915
485,13,0.447882
485,14,0.488556
485,15,0.522365
486,1,0.466824
486,2,0.453112
486,3,0.462420
486,4,0.481930
486,5,0.488557
486,6,0.529111
486,7,0.545274
486,8,0.455326
486,9,0.447882
486,10,0.496481
486,11,0.452359
486,12,0.301284
486,13,0.454919
486,14,0.460663
486,15,0.482953
487,1,0.486746
487,2,0.449614
487,3,0.447882
487,4,0.459529
487,5,0.478452
487,6,0.460725
487,7,0.452601
487,8,0.454919
487,9,0.490465
487,10,0.534479
487,11,0.530632
487,12,0.533507
487,13,0.534531
487,14,0.453502
487,15,0.443860
488,1,0.466824
488,2,0.301284
488,3,0.454919
488,4,0.480839
488,5,0.479957
488,6,0.452359
488,7,0.449669
488,8,0.452656
488,9,0.452656
488,10,0.454919
488,11,0.480839
488,12,0.536395
488,13,0.534531
488,14,0.452293
488,15,0.449669
489,1,0.486746
489,2,0.546623
489,3,0.455326
489,4,0.454374
489,5,0.454919
489,6,0.460663
489,7,0.444582
489,8,0.480201
489,9,0.449614
489,10,0.480338
489,11,0.544869
489,12,0.449614
489,13,0.479077
489,14,0.546623
489,15,0.530767
490,1,0.466824
490,2,0.508960
490,3,0.299196
490,4,0.453345
490,5,0.454919
490,6,0.484210
490,7,0.480526
490,8,0.528134
490,9,0.534876
490,10,0.528134
490,11,0.552442
490,12,0.460721
490,13,0.452257
490,14,0.452823
490,15,0.462410
491,1,0.466824
491,2,0.301284
491,3,0.452823
491,4,0.481449
491,5,0.486802
491,6,0.540671
491,7,0.532606
491,8,0.535073
491,9,0.534916
491,10,0.535093
491,11,0.528786
491,12,0.536450
491,13,0.535004
491,14,0.541212
491,15,0.532606
492,1,0.466824
492,2,0.453112
492,3,0.496481
492,4,0.546258
492,5,0.535036
492,6,0.534249
492,7,0.546258
492,8,0.529111
492,9,0.458071
492,10,0.449657
492,11,0.462420
492,12,0.441700
492,13,0.473742
492,14,0.455684
492,15,0.449657
493,1,0.486746
493,2,0.457620
493,3,0.544695
493,4,0.543383
493,5,0.458053
493,6,0.452707
493,7,0.481814
493,8,0.488557
493,9,0.525622
493,10,0.536450
493,11,0.495545
493,12,0.544118
493,13,0.307084
493,14,0.453395
493,15,0.447337
494,1,0.486746
494,2,0.541212
494,3,0.534249
494,4,0.452814
494,5,0.449669
494,6,0.481814
494,7,0.489709
494,8,0.534338
494,9,0.531208
494,10,0.455326
494,11,0.454374
494,12,0.454919
494,13,0.487019
494,14,0.523217
494,15,0.548494
495,1,0.466824
495,2,0.453112
495,3,0.490390
495,4,0.492760
495,5,0.538661
495,6,0.531003
495,7,0.460721
495,8,0.452848
495,9,0.495178
495,10,0.536395
495,11,0.534531
495,12,0.540774
495,13,0.459012
495,14,0.481615
495,15,0.486802
496,1,0.486746
496,2,0.546623
496,3,0.582009
496,4,0.457719
496,5,0.480216
496,6,0.489709
496,7,0.534338
496,8,0.449614
496,9,0.480338
496,10,0.489709
496,11,0.530632
496,12,0.534531
496,13,0.455038
496,14,0.454374
496,15,0.453081
497,1,0.473956
497,2,0.536094
497,3,0.463829
497,4,0.452946
497,5,0.441170
497,6,0.486653
497,7,0.534479
497,8,0.533417
497,9,0.533435
497,10,0.529597
497,11,0.533434
497,12,0.532606
497,13,0.535073
497,14,0.530461
497,15,0.539256
498,1,0.473956
498,2,0.306372
498,3,0.454267
498,4,0.478505
498,5,0.462270
498,6,0.452481
498,7,0.483031
498,8,0.544869
498,9,0.536450
498,10,0.534249
498,11,0.541212
498,12,0.535093
498,13,0.452359
498,14,0.202543
498,15,0.452656
499,1,0.473956
499,2,0.535093
499,3,0.449614
499,4,0.480338
499,5,0.456084
499,6,0.479077
499,7,0.456084
499,8,0.454374
499,9,0.452823
499,10,0.475521
499,11,0.541212
499,12,0.458120
499,13,0.452848
499,14,0.490390
499,15,0.535073
500,1,0.486746
500,2,0.536450
500,3,0.534249
500,4,0.452359
500,5,0.449669
500,6,0.432510
500,7,0.481449
500,8,0.486802
500,9,0.530767
500,10,0.451022
500,11,0.449657
500,12,0.490465
500,13,0.531031
500,14,0.464256
500,15,0.505986
501,1,0.466824
501,2,0.480437
501,3,0.489709
501,4,0.459012
501,5,0.450916
501,6,0.496581
501,7,0.488749
501,8,0.457847
501,9,0.481615
501,10,0.541212
501,11,0.532606
501,12,0.534531
501,13,0.541212
501,14,0.511180
501,15,0.464772
502,1,0.486746
502,2,0.530461
502,3,0.467425
502,4,0.452359
502,5,0.479176
502,6,0.493594
502,7,0.489713
502,8,0.460721
502,9,0.453395
502,10,0.442603
502,11,0.480839
502,12,0.495123
502,13,0.535928
502,14,0.534687
502,15,0.530096
503,1,0.466824
503,2,0.301284
503,3,0.481814
503,4,0.502965
503,5,0.449614
503,6,0.446645
503,7,0.480437
503,8,0.546623
503,9,0.449614
503,10,0.447882
503,11,0.462420
503,12,0.456385
503,13,0.462420
503,14,0.452645
503,15,0.462420
504,1,0.473956
504,2,0.306372
504,3,0.452707
504,4,0.453486
504,5,0.467425
504,6,0.495044
504,7,0.522271
504,8,0.449614
504,9,0.447882
504,10,0.496481
504,11,0.534916
504,12,0.459012
504,13,0.482970
504,14,0.493594
504,15,0.459012
505,1,0.473956
505,2,0.536094
505,3,0.536395
505,4,0.461432
505,5,0.483114
505,6,0.456084
505,7,0.449657
505,8,0.490465
505,9,0.450135
505,10,0.449669
505,11,0.453644
505,12,0.458352
505,13,0.451383
505,14,0.495178
505,15,0.536395
506,1,0.473956
506,2,0.536094
506,3,0.535928
506,4,0.460721
506,5,0.453395
506,6,0.454919
506,7,0.490390
506,8,0.531140
506,9,0.458558
506,10,0.452848
506,11,0.457691
506,12,0.444582
506,13,0.493690
506,14,0.461432
506,15,0.441728
507,1,0.508587
507,2,0.530461
507,3,0.452359
507,4,0.479077
507,5,0.574110
507,6,0.536226
507,7,0.306372
507,8,0.452645
507,9,0.451575
507,10,0.441455
507,11,0.481814
507,12,0.455684
507,13,0.449657
507,14,0.490390
507,15,0.479957
508,1,0.486746
508,2,0.536450
508,3,0.530632
508,4,0.533435
508,5,0.530461
508,6,0.541212
508,7,0.459012
508,8,0.453395
508,9,0.487309
508,10,0.459329
508,11,0.447816
508,12,0.482953
508,13,0.450783
508,14,0.449669
508,15,0.452823
509,1,0.473956
509,2,0.536094
509,3,0.460721
509,4,0.452257
509,5,0.481814
509,6,0.449614
509,7,0.447882
509,8,0.462420
509,9,0.444582
509,10,0.506023
509,11,0.539678
509,12,0.534338
509,13,0.546623
509,14,0.535909
509,15,0.544281
510,1,0.486746
510,2,0.536450
510,3,0.534249
510,4,0.452359
510,5,0.479077
510,6,0.489709
510,7,0.496027
510,8,0.449614
510,9,0.480338
510,10,0.486802
510,11,0.529111
510,12,0.455326
510,13,0.480338
510,14,0.498355
510,15,0.534338
511,1,0.466824
511,2,0.301284
511,3,0.452656
511,4,0.452656
511,5,0.454919
511,6,0.490390
511,7,0.460125
511,8,0.538883
511,9,0.309364
511,10,0.452645
511,11,0.462420
511,12,0.452645
511,13,0.490465
511,14,0.512390
511,15,0.453652
512,1,0.486746
512,2,0.546623
512,3,0.452359
512,4,0.449669
512,5,0.480211
512,6,0.546623
512,7,0.538777
512,8,0.546675
512,9,0.452359
512,10,0.454374
512,11,0.451383
512,12,0.490390
512,13,0.461432
512,14,0.452707
512,15,0.480211
513,1,0.486746
513,2,0.536450
513,3,0.458120
513,4,0.453395
513,5,0.465076
513,6,0.460663
513,7,0.441428
513,8,0.447337
513,9,0.481449
513,10,0.502965
513,11,0.535036
513,12,0.532606
513,13,0.534531
513,14,0.546258
513,15,0.539797
514,1,0.486746
514,2,0.530461
514,3,0.530461
514,4,0.529111
514,5,0.530767
514,6,0.530461
514,7,0.464608
514,8,0.467536
514,9,0.480211
514,10,0.541212
514,11,0.534338
514,12,0.525110
514,13,0.532816
514,14,0.536561
514,15,0.461432
515,1,0.473956
515,2,0.536094
515,3,0.536395
515,4,0.528134
515,5,0.536395
515,6,0.534145
515,7,0.450135
515,8,0.449669
515,9,0.451411
515,10,0.493594
515,11,0.458120
515,12,0.443605
515,13,0.477128
515,14,0.497892
515,15,0.493299
516,1,0.486746
516,2,0.537823
516,3,0.458678
516,4,0.453395
516,5,0.481814
516,6,0.528706
516,7,0.529418
516,8,0.536450
516,9,0.530632
516,10,0.534531
516,11,0.452359
516,12,0.480437
516,13,0.493594
516,14,0.459012
516,15,0.452848
517,1,0.473956
517,2,0.306372
517,3,0.481930
517,4,0.493594
517,5,0.495938
517,6,0.433110
517,7,0.455062
517,8,0.454919
517,9,0.444354
517,10,0.452645
517,11,0.488902
517,12,0.459141
517,13,0.473095
517,14,0.500683
517,15,0.450135
518,1,0.466824
518,2,0.495545
518,3,0.301284
518,4,0.480437
518,5,0.498355
518,6,0.459012
518,7,0.481477
518,8,0.486802
518,9,0.453989
518,10,0.480338
518,11,0.489709
518,12,0.452390
518,13,0.478861
518,14,0.454915
518,15,0.480839
519,1,0.486746
519,2,0.546623
519,3,0.452359
519,4,0.480338
519,5,0.454915
519,6,0.479077
519,7,0.511711
519,8,0.493803
519,9,0.530096
519,10,0.453989
519,11,0.449657
519,12,0.488556
519,13,0.492760
519,14,0.452293
519,15,0.479077
520,1,0.466824
520,2,0.453112
520,3,0.490390
520,4,0.495123
520,5,0.534531
520,6,0.540774
520,7,0.459012
520,8,0.482970
520,9,0.494471
520,10,0.534338
520,11,0.449614
520,12,0.454374
520,13,0.451383
520,14,0.490465
520,15,0.536450
521,1,0.486746
521,2,0.541212
521,3,0.459012
521,4,0.453395
521,5,0.452823
521,6,0.452653
521,7,0.454919
521,8,0.490390
521,9,0.534531
521,10,0.536013
521,11,0.530632
521,12,0.536395
521,13,0.536395
521,14,0.537712
521,15,0.464406
522,1,0.486746
522,2,0.530461
522,3,0.541212
522,4,0.458120
522,5,0.456001
522,6,0.452823
522,7,0.481814
522,8,0.488557
522,9,0.534495
522,10,0.532606
522,11,0.461432
522,12,0.480122
522,13,0.493594
522,14,0.530632
522,15,0.534531
523,1,0.466824
523,2,0.453112
523,3,0.490465
523,4,0.536450
523,5,0.530632
523,6,0.535928
523,7,0.461432
523,8,0.452645
523,9,0.459428
523,10,0.452707
523,11,0.481814
523,12,0.452359
523,13,0.449669
523,14,0.454919
523,15,0.495178
524,1,0.473956
524,2,0.354844
524,3,0.453395
524,4,0.481504
524,5,0.486463
524,6,0.546623
524,7,0.510703
524,8,0.497922
524,9,0.473956
524,10,0.536094
524,11,0.535073
524,12,0.541212
524,13,0.534249
524,14,0.539240
524,15,0.458120
525,1,0.486746
525,2,0.530461
525,3,0.451022
525,4,0.480338
525,5,0.458829
525,6,0.449657
525,7,0.495178
525,8,0.536395
525,9,0.461432
525,10,0.480122
525,11,0.488557
525,12,0.449614
525,13,0.449657
525,14,0.490390
525,15,0.522271
526,1,0.466824
526,2,0.453112
526,3,0.490465
526,4,0.547005
526,5,0.536450
526,6,0.532606
526,7,0.535655
526,8,0.539240
526,9,0.530632
526,10,0.533040
526,11,0.534531
526,12,0.455038
526,13,0.449669
526,14,0.408419
526,15,0.452048
527,1,0.473956
527,2,0.536094
527,3,0.536469
527,4,0.455038
527,5,0.449669
527,6,0.432510
527,7,0.454802
527,8,0.485061
527,9,0.534916
527,10,0.458120
527,11,0.456690
527,12,0.481814
527,13,0.457660
527,14,0.480338
527,15,0.541212
528,1,0.473956
528,2,0.536094
528,3,0.461432
528,4,0.449292
528,5,0.462163
528,6,0.477551
528,7,0.447337
528,8,0.452653
528,9,0.454802
528,10,0.462420
528,11,0.405085
528,12,0.451534
528,13,0.536450
528,14,0.549109
528,15,0.541280
529,1,0.473956
529,2,0.536094
529,3,0.534531
529,4,0.530843
529,5,0.530767
529,6,0.535036
529,7,0.534338
529,8,0.530096
529,9,0.530461
529,10,0.455326
529,11,0.447882
529,12,0.490390
529,13,0.447528
529,14,0.481615
529,15,0.457660
530,1,0.466824
530,2,0.301284
530,3,0.454919
530,4,0.487019
530,5,0.495123
530,6,0.536395
530,7,0.534876
530,8,0.444514
530,9,0.443754
530,10,0.449746
530,11,0.460663
530,12,0.481615
530,13,0.493594
530,14,0.534249
530,15,0.539678
531,1,0.473956
531,2,0.306372
531,3,0.452848
531,4,0.523868
531,5,0.457977
531,6,0.451338
531,7,0.490465
531,8,0.534916
531,9,0.531444
531,10,0.533507
531,11,0.528689
531,12,0.546258
531,13,0.535036
531,14,0.459440
531,15,0.452707
532,1,0.473956
532,2,0.536094
532,3,0.460721
532,4,0.452645
532,5,0.451575
532,6,0.444582
532,7,0.495545
532,8,0.505581
532,9,0.483584
532,10,0.493444
532,11,0.492756
532,12,0.530461
532,13,0.534495
532,14,0.532988
532,15,0.542986
533,1,0.466824
533,2,0.301284
533,3,0.480211
533,4,0.455684
533,5,0.500749
533,6,0.537327
533,7,0.534338
533,8,0.531208
533,9,0.535036
533,10,0.458549
533,11,0.450916
533,12,0.462163
533,13,0.451004
533,14,0.490390
533,15,0.447528
534,1,0.466824
534,2,0.301284
534,3,0.454919
534,4,0.490465
534,5,0.536450
534,6,0.459012
534,7,0.453395
534,8,0.480211
534,9,0.454915
534,10,0.447882
534,11,0.490465
534,12,0.555785
534,13,0.452359
534,14,0.449657
534,15,0.496481
535,1,0.486746
535,2,0.452359
535,3,0.296580
535,4,0.481814
535,5,0.493594
535,6,0.458120
535,7,0.478861
535,8,0.500715
535,9,0.530780
535,10,0.535093
535,11,0.452293
535,12,0.479077
535,13,0.541212
535,14,0.534249
535,15,0.530461
536,1,0.486746
536,2,0.546623
536,3,0.545274
536,4,0.541212
536,5,0.535004
536,6,0.452359
536,7,0.447882
536,8,0.495783
536,9,0.549036
536,10,0.541212
536,11,0.459012
536,12,0.453395
536,13,0.452823
536,14,0.475521
536,15,0.504719
537,1,0.520477
537,2,0.474410
537,3,0.530461
537,4,0.453502
537,5,0.443860
537,6,0.446913
537,7,0.452823
537,8,0.481449
537,9,0.491171
537,10,0.459012
537,11,0.452645
537,12,0.462163
537,13,0.482953
537,14,0.455435
537,15,0.480087
538,1,0.466824
538,2,0.480437
538,3,0.541212
538,4,0.305480
538,5,0.480122
538,6,0.456084
538,7,0.449669
538,8,0.473119
538,9,0.495621
538,10,0.534495
538,11,0.464256
538,12,0.460755
538,13,0.481394
538,14,0.454915
538,15,0.454374
539,1,0.466824
539,2,0.520439
539,3,0.305080
539,4,0.451338
539,5,0.459428
539,6,0.452707
539,7,0.454919
539,8,0.486653
539,9,0.540774
539,10,0.532606
539,11,0.534551
539,12,0.546623
539,13,0.533703
539,14,0.532681
539,15,0.536450
540,1,0.466824
540,2,0.453112
540,3,0.495178
540,4,0.538943
540,5,0.536395
540,6,0.526614
540,7,0.460721
540,8,0.453395
540,9,0.452823
540,10,0.445695
540,11,0.452359
540,12,0.480338
540,13,0.456084
540,14,0.443356
540,15,0.454919
541,1,0.457129
541,2,0.314447
541,3,0.451383
541,4,0.486653
541,5,0.533639
541,6,0.520001
541,7,0.534790
541,8,0.533796
541,9,0.536013
541,10,0.527788
541,11,0.450135
541,12,0.449669
541,13,0.449608
541,14,0.501105
541,15,0.546812
542,1,0.473956
542,2,0.536094
542,3,0.534531
542,4,0.546623
542,5,0.438214
542,6,0.458169
542,7,0.480211
542,8,0.458829
542,9,0.454374
542,10,0.452823
542,11,0.452048
542,12,0.452823
542,13,0.454802
542,14,0.487019
542,15,0.535073
543,1,0.520477
543,2,0.553196
543,3,0.472190
543,4,0.530461
543,5,0.452359
543,6,0.447882
543,7,0.490465
543,8,0.539678
543,9,0.459012
543,10,0.452645
543,11,0.451832
543,12,0.453345
543,13,0.454919
543,14,0.485061
543,15,0.546623
544,1,0.466824
544,2,0.480437
544,3,0.486802
544,4,0.535725
544,5,0.546623
544,6,0.533913
544,7,0.528786
544,8,0.486128
544,9,0.536450
544,10,0.530632
544,11,0.452822
544,12,0.452707
544,13,0.477188
544,14,0.500334
544,15,0.491807
545,1,0.466824
545,2,0.301284
545,3,0.478583
545,4,0.490119
545,5,0.536450
545,6,0.458120
545,7,0.452707
545,8,0.481504
545,9,0.458829
545,10,0.447882
545,11,0.496391
545,12,0.452814
545,13,0.449657
545,14,0.490465
545,15,0.530461
546,1,0.466824
546,2,0.453112
546,3,0.490390
546,4,0.535073
546,5,0.521767
546,6,0.452359
546,7,0.447882
546,8,0.450745
546,9,0.453395
546,10,0.454919
546,11,0.462420
546,12,0.452848
546,13,0.495178
546,14,0.536395
546,15,0.532282
547,1,0.486746
547,2,0.452359
547,3,0.480338
547,4,0.489709
547,5,0.534249
547,6,0.534479
547,7,0.532606
547,8,0.461432
547,9,0.441278
547,10,0.453486
547,11,0.460663
547,12,0.453123
547,13,0.481504
547,14,0.488557
547,15,0.437005
548,1,0.486746
548,2,0.530461
548,3,0.536450
548,4,0.458120
548,5,0.452848
548,6,0.486740
548,7,0.530461
548,8,0.530461
548,9,0.541212
548,10,0.534338
548,11,0.452814
548,12,0.547988
548,13,0.447882
548,14,0.490465
548,15,0.534916
549,1,0.466824
549,2,0.453112
549,3,0.490390
549,4,0.480526
549,5,0.536395
549,6,0.535073
549,7,0.491204
549,8,0.546623
549,9,0.535909
549,10,0.532606
549,11,0.535073
549,12,0.540774
549,13,0.459012
549,14,0.452848
549,15,0.496481
550,1,0.486746
550,2,0.449614
550,3,0.480338
550,4,0.449614
550,5,0.449669
550,6,0.443327
550,7,0.478003
550,8,0.445698
550,9,0.472355
550,10,0.532565
550,11,0.530632
550,12,0.461432
550,13,0.484607
550,14,0.481416
550,15,0.522483
551,1,0.466824
551,2,0.301284
551,3,0.452823
551,4,0.445330
551,5,0.541212
551,6,0.530632
551,7,0.524299
551,8,0.534876
551,9,0.535073
551,10,0.536450
551,11,0.520256
551,12,0.541097
551,13,0.529805
551,14,0.540774
551,15,0.534249
552,1,0.486746
552,2,0.530461
552,3,0.546623
552,4,0.449614
552,5,0.447882
552,6,0.462420
552,7,0.453123
552,8,0.442603
552,9,0.490390
552,10,0.534531
552,11,0.452359
552,12,0.449657
552,13,0.490465
552,14,0.541212
552,15,0.469385
553,1,0.466824
553,2,0.480437
553,3,0.488557
553,4,0.458071
553,5,0.479077
553,6,0.477025
553,7,0.455326
553,8,0.480338
553,9,0.458829
553,10,0.479077
553,11,0.521767
553,12,0.452693
553,13,0.301284
553,14,0.454919
553,15,0.486653
554,1,0.446717
554,2,0.540988
554,3,0.459012
554,4,0.452707
554,5,0.452656
554,6,0.464431
554,7,0.481814
554,8,0.457660
554,9,0.480338
554,10,0.502965
554,11,0.449614
554,12,0.454374
554,13,0.454919
554,14,0.481249
554,15,0.452293
555,1,0.466824
555,2,0.453112
555,3,0.462420
555,4,0.473784
555,5,0.525746
555,6,0.457993
555,7,0.445497
555,8,0.488557
555,9,0.546930
555,10,0.451022
555,11,0.449657
555,12,0.490465
555,13,0.536450
555,14,0.532606
555,15,0.459352
556,1,0.466824
556,2,0.301284
556,3,0.481814
556,4,0.452359
556,5,0.449657
556,6,0.486502
556,7,0.491204
556,8,0.452359
556,9,0.296580
556,10,0.452823
556,11,0.481814
556,12,0.530461
556,13,0.452359
556,14,0.474794
556,15,0.508226
557,1,0.486746
557,2,0.449614
557,3,0.515650
557,4,0.503192
557,5,0.449614
557,6,0.479077
557,7,0.451111
557,8,0.443860
557,9,0.301451
557,10,0.444403
557,11,0.492669
557,12,0.449614
557,13,0.454374
557,14,0.480211
557,15,0.530461
558,1,0.482941
558,2,0.503017
558,3,0.454915
558,4,0.454374
558,5,0.478187
558,6,0.481249
558,7,0.443754
558,8,0.454374
558,9,0.452656
558,10,0.451623
558,11,0.494471
558,12,0.534249
558,13,0.452359
558,14,0.447882
558,15,0.462420
559,1,0.473956
559,2,0.306372
559,3,0.481615
559,4,0.544869
559,5,0.541212
559,6,0.530632
559,7,0.534531
559,8,0.530461
559,9,0.449614
559,10,0.447882
559,11,0.490465
559,12,0.452359
559,13,0.454374
559,14,0.452823
559,15,0.481449
560,1,0.486746
560,2,0.541212
560,3,0.534249
560,4,0.458400
560,5,0.441839
560,6,0.311119
560,7,0.454919
560,8,0.496382
560,9,0.502459
560,10,0.541212
560,11,0.459012
560,12,0.452645
560,13,0.490390
560,14,0.535928
560,15,0.307084
561,1,0.486746
561,2,0.536450
561,3,0.530632
561,4,0.533507
561,5,0.526614
561,6,0.535928
561,7,0.461432
561,8,0.453395
561,9,0.454919
561,10,0.491807
561,11,0.459852
561,12,0.452848
561,13,0.490465
561,14,0.541212
561,15,0.534120
562,1,0.473956
562,2,0.536094
562,3,0.535928
562,4,0.534876
562,5,0.536395
562,6,0.534531
562,7,0.452293
562,8,0.480338
562,9,0.452359
562,10,0.449657
562,11,0.462420
562,12,0.481460
562,13,0.458829
562,14,0.479077
562,15,0.454915
563,1,0.473956
563,2,0.306372
563,3,0.452645
563,4,0.462420
563,5,0.452873
563,6,0.480211
563,7,0.493594
563,8,0.532606
563,9,0.533040
563,10,0.449317
563,11,0.454994
563,12,0.496481
563,13,0.547988
563,14,0.533187
563,15,0.534249
564,1,0.473956
564,2,0.306372
564,3,0.480122
564,4,0.530461
564,5,0.546623
564,6,0.535036
564,7,0.459012
564,8,0.452707
564,9,0.481814
564,10,0.493594
564,11,0.534338
564,12,0.546623
564,13,0.546623
564,14,0.546623
564,15,0.541212
565,1,0.473956
565,2,0.535093
565,3,0.536013
565,4,0.532606
565,5,0.535928
565,6,0.536395
565,7,0.576875
565,8,0.541280
565,9,0.459012
565,10,0.452848
565,11,0.462420
565,12,0.481615
565,13,0.452359
565,14,0.454374
565,15,0.454919
566,1,0.466824
566,2,0.301284
566,3,0.469537
566,4,0.513767
566,5,0.534812
566,6,0.532606
566,7,0.536094
566,8,0.534531
566,9,0.452359
566,10,0.447882
566,11,0.492428
566,12,0.449614
566,13,0.479176
566,14,0.452359
566,15,0.501657
567,1,0.486746
567,2,0.452359
567,3,0.480338
567,4,0.530461
567,5,0.530461
567,6,0.452359
567,7,0.301284
567,8,0.454919
567,9,0.490390
567,10,0.461432
567,11,0.452848
567,12,0.490390
567,13,0.449108
567,14,0.481615
567,15,0.504719
568,1,0.473956
568,2,0.342610
568,3,0.447626
568,4,0.453345
568,5,0.452656
568,6,0.452653
568,7,0.444403
568,8,0.462420
568,9,0.452848
568,10,0.488902
568,11,0.536395
568,12,0.461432
568,13,0.481615
568,14,0.549676
568,15,0.461727
569,1,0.466824
569,2,0.301284
569,3,0.454919
569,4,0.444354
569,5,0.441700
569,6,0.453486
569,7,0.471919
569,8,0.491545
569,9,0.529057
569,10,0.536450
569,11,0.530632
569,12,0.535928
569,13,0.497695
569,14,0.544419
569,15,0.535928
570,1,0.486746
570,2,0.449614
570,3,0.447882
570,4,0.450745
570,5,0.482953
570,6,0.454915
570,7,0.449657
570,8,0.490465
570,9,0.540774
570,10,0.532606
570,11,0.533435
570,12,0.452814
570,13,0.449669
570,14,0.454919
570,15,0.516509
571,1,0.473956
571,2,0.536094
571,3,0.535928
571,4,0.460721
571,5,0.301284
571,6,0.452823
571,7,0.452653
571,8,0.452218
571,9,0.452823
571,10,0.471478
571,11,0.498101
571,12,0.541212
571,13,0.534249
571,14,0.539678
571,15,0.458120
572,1,0.466824
572,2,0.453112
572,3,0.490465
572,4,0.452880
572,5,0.455062
572,6,0.481814
572,7,0.489709
572,8,0.534249
572,9,0.534479
572,10,0.459012
572,11,0.452848
572,12,0.490465
572,13,0.450135
572,14,0.469693
572,15,0.432510
573,1,0.486746
573,2,0.452359
573,3,0.480338
573,4,0.488557
573,5,0.530461
573,6,0.545274
573,7,0.535036
573,8,0.534338
573,9,0.455038
573,10,0.479077
573,11,0.454915
573,12,0.449801
573,13,0.441251
573,14,0.454802
573,15,0.490465
574,1,0.466824
574,2,0.480437
574,3,0.486802
574,4,0.467752
574,5,0.492367
574,6,0.462004
574,7,0.446223
574,8,0.498073
574,9,0.542767
574,10,0.458071
574,11,0.449657
574,12,0.490390
574,13,0.460721
574,14,0.453395
574,15,0.452823
575,1,0.473956
575,2,0.306372
575,3,0.476518
575,4,0.405085
575,5,0.452823
575,6,0.452653
575,7,0.452656
575,8,0.481449
575,9,0.502965
575,10,0.520813
575,11,0.534815
575,12,0.547371
575,13,0.541212
575,14,0.532606
575,15,0.535928
576,1,0.486746
576,2,0.449614
576,3,0.480338
576,4,0.449614
576,5,0.479077
576,6,0.488557
576,7,0.530461
576,8,0.452359
576,9,0.454374
576,10,0.452823
576,11,0.452048
576,12,0.435223
576,13,0.493683
576,14,0.489868
576,15,0.535073
577,1,0.473956
577,2,0.536094
577,3,0.536395
577,4,0.447387
577,5,0.480122
577,6,0.457660
577,7,0.454374
577,8,0.495783
577,9,0.311119
577,10,0.301284
577,11,0.454919
577,12,0.462420
577,13,0.452645
577,14,0.496481
577,15,0.455038
578,1,0.466824
578,2,0.301284
578,3,0.452823
578,4,0.481814
578,5,0.546623
578,6,0.529795
578,7,0.532606
578,8,0.533040
578,9,0.533748
578,10,0.574110
578,11,0.537648
578,12,0.547242
578,13,0.529111
578,14,0.452359
578,15,0.447882
579,1,0.466824
579,2,0.480437
579,3,0.498355
579,4,0.459012
579,5,0.452707
579,6,0.451383
579,7,0.496481
579,8,0.530096
579,9,0.546623
579,10,0.455326
579,11,0.479077
579,12,0.488557
579,13,0.458071
579,14,0.454374
579,15,0.428732
580,1,0.443065
580,2,0.546623
580,3,0.546623
580,4,0.541212
580,5,0.459012
580,6,0.452848
580,7,0.490465
580,8,0.530461
580,9,0.449614
580,10,0.449669
580,11,0.455448
580,12,0.486775
580,13,0.494656
580,14,0.460721
580,15,0.480122
581,1,0.473956
581,2,0.306372
581,3,0.525421
581,4,0.496972
581,5,0.535093
581,6,0.452359
581,7,0.451338
581,8,0.462420
581,9,0.479285
581,10,0.495178
581,11,0.494656
581,12,0.460721
581,13,0.476481
581,14,0.490390
581,15,0.492760
582,1,0.486746
582,2,0.536450
582,3,0.483527
582,4,0.464447
582,5,0.447388
582,6,0.479901
582,7,0.489709
582,8,0.459012
582,9,0.481615
582,10,0.458829
582,11,0.479077
582,12,0.538777
582,13,0.539027
582,14,0.534984
582,15,0.452880
583,1,0.466824
583,2,0.480437
583,3,0.502965
583,4,0.452359
583,5,0.449657
583,6,0.467926
583,7,0.481827
583,8,0.541212
583,9,0.530632
583,10,0.535093
583,11,0.452814
583,12,0.480338
583,13,0.541212
583,14,0.534249
583,15,0.450135
584,1,0.466824
584,2,0.480437
584,3,0.471833
584,4,0.448564
584,5,0.301451
584,6,0.481814
584,7,0.546623
584,8,0.456734
584,9,0.480338
584,10,0.488557
584,11,0.529418
584,12,0.546930
584,13,0.502677
584,14,0.452359
584,15,0.479176
585,1,0.486746
585,2,0.530461
585,3,0.541212
585,4,0.530632
585,5,0.460721
585,6,0.480122
585,7,0.493594
585,8,0.305480
585,9,0.472488
585,10,0.496343
585,11,0.457456
585,12,0.453112
585,13,0.490390
585,14,0.535928
585,15,0.449317
586,1,0.466824
586,2,0.467425
586,3,0.480437
586,4,0.498355
586,5,0.532282
586,6,0.531267
586,7,0.546623
586,8,0.530767
586,9,0.530767
586,10,0.541212
586,11,0.530632
586,12,0.533978
586,13,0.469088
586,14,0.490593
586,15,0.517284
587,1,0.466824
587,2,0.480437
587,3,0.489709
587,4,0.458120
587,5,0.471204
587,6,0.541212
587,7,0.534249
587,8,0.534916
587,9,0.459012
587,10,0.452707
587,11,0.481814
587,12,0.486802
587,13,0.452359
587,14,0.480338
587,15,0.486802
588,1,0.473956
588,2,0.536094
588,3,0.562011
588,4,0.548848
588,5,0.541212
588,6,0.534338
588,7,0.467425
588,8,0.546623
588,9,0.541212
588,10,0.458120
588,11,0.452707
588,12,0.452656
588,13,0.452823
588,14,0.475886
588,15,0.502965
589,1,0.473956
589,2,0.535093
589,3,0.541212
589,4,0.532606
589,5,0.535928
589,6,0.536395
589,7,0.535928
589,8,0.535073
589,9,0.530461
589,10,0.453989
589,11,0.480338
589,12,0.546623
589,13,0.548001
589,14,0.486746
589,15,0.471050
590,1,0.473956
590,2,0.536094
590,3,0.535928
590,4,0.536395
590,5,0.460721
590,6,0.481615
590,7,0.546623
590,8,0.452359
590,9,0.479077
590,10,0.541212
590,11,0.459012
590,12,0.480122
590,13,0.541212
590,14,0.535093
590,15,0.541212
591,1,0.473956
591,2,0.536094
591,3,0.534531
591,4,0.536450
591,5,0.548191
591,6,0.546258
591,7,0.541212
591,8,0.534338
591,9,0.546623
591,10,0.449614
591,11,0.449657
591,12,0.459529
591,13,0.452707
591,14,0.480211
591,15,0.504719
592,1,0.486746
592,2,0.546623
592,3,0.449614
592,4,0.479077
592,5,0.449614
592,6,0.480338
592,7,0.488557
592,8,0.539797
592,9,0.534338
592,10,0.464335
592,11,0.493297
592,12,0.495178
592,13,0.534531
592,14,0.452293
592,15,0.513007
593,1,0.486746
593,2,0.530461
593,3,0.452359
593,4,0.449669
593,5,0.452823
593,6,0.444285
593,7,0.478134
593,8,0.534946
593,9,0.547430
593,10,0.530461
593,11,0.451022
593,12,0.479077
593,13,0.452359
593,14,0.479077
593,15,0.557856
594,1,0.473956
594,2,0.549865
594,3,0.539255
594,4,0.530780
594,5,0.460721
594,6,0.452707
594,7,0.480211
594,8,0.544869
594,9,0.449614
594,10,0.449669
594,11,0.480211
594,12,0.493594
594,13,0.534249
594,14,0.547371
594,15,0.449614
595,1,0.466824
595,2,0.453112
595,3,0.462420
595,4,0.453395
595,5,0.481814
595,6,0.486802
595,7,0.529111
595,8,0.545580
595,9,0.536450
595,10,0.530632
595,11,0.461432
595,12,0.484607
595,13,0.528706
595,14,0.529111
595,15,0.546623
596,1,0.466824
596,2,0.480437
596,3,0.488557
596,4,0.529418
596,5,0.453989
596,6,0.447882
596,7,0.478022
596,8,0.547988
596,9,0.535902
596,10,0.542466
596,11,0.500261
596,12,0.461727
596,13,0.449657
596,14,0.496481
596,15,0.530461
597,1,0.488479
597,2,0.486128
597,3,0.579136
597,4,0.545892
597,5,0.491204
597,6,0.540671
597,7,0.251032
597,8,0.503295
597,9,0.495939
597,10,0.455038
597,11,0.449657
597,12,0.490390
597,13,0.531140
597,14,0.536395
597,15,0.535073
598,1,0.473956
598,2,0.535093
598,3,0.452880
598,4,0.296580
598,5,0.481814
598,6,0.452359
598,7,0.296580
598,8,0.449608
598,9,0.475784
598,10,0.506271
598,11,0.536450
598,12,0.534249
598,13,0.539678
598,14,0.534338
598,15,0.449614
599,1,0.466824
599,2,0.480437
599,3,0.521767
599,4,0.441839
599,5,0.520066
599,6,0.493370
599,7,0.459012
599,8,0.456001
599,9,0.465508
599,10,0.452048
599,11,0.452331
599,12,0.498132
599,13,0.496027
599,14,0.528197
599,15,0.536450
600,1,0.474816
600,2,0.314447
600,3,0.452848
600,4,0.501181
600,5,0.307084
600,6,0.301284
600,7,0.525421
600,8,0.501733
600,9,0.536094
600,10,0.456813
600,11,0.296204
600,12,0.480437
600,13,0.486802
600,14,0.534495
600,15,0.534338
601,1,0.574110
601,2,0.473956
601,3,0.306372
601,4,0.453395
601,5,0.452823
601,6,0.435400
601,7,0.457086
601,8,0.486744
601,9,0.539678
601,10,0.532606
601,11,0.536395
601,12,0.535928
601,13,0.535928
601,14,0.534551
601,15,0.539240
602,1,0.492464
602,2,0.536094
602,3,0.460721
602,4,0.452848
602,5,0.462420
602,6,0.452707
602,7,0.452823
602,8,0.452823
602,9,0.452823
602,10,0.452656
602,11,0.452656
602,12,0.452823
602,13,0.475521
602,14,0.504719
602,15,0.541212
603,1,0.473956
603,2,0.306372
603,3,0.453395
603,4,0.454919
603,5,0.485061
603,6,0.455038
603,7,0.534946
603,8,0.498527
603,9,0.535093
603,10,0.452359
603,11,0.454374
603,12,0.454919
603,13,0.509643
603,14,0.305600
603,15,0.480437
604,1,0.473956
604,2,0.306372
604,3,0.452848
604,4,0.490390
604,5,0.536395
604,6,0.461432
604,7,0.452645
604,8,0.462420
604,9,0.473784
604,10,0.452359
604,11,0.454374
604,12,0.454919
604,13,0.490465
604,14,0.434589
604,15,0.488479
605,1,0.466824
605,2,0.301284
605,3,0.481814
605,4,0.498355
605,5,0.535004
605,6,0.539678
605,7,0.534249
605,8,0.455559
605,9,0.454374
605,10,0.451383
605,11,0.459428
605,12,0.452848
605,13,0.498445
605,14,0.502181
605,15,0.534551
606,1,0.473956
606,2,0.306372
606,3,0.301973
606,4,0.481814
606,5,0.449614
606,6,0.463545
606,7,0.487212
606,8,0.546623
606,9,0.452359
606,10,0.480338
606,11,0.457660
606,12,0.447882
606,13,0.498073
606,14,0.538053
606,15,0.532606
607,1,0.473956
607,2,0.535952
607,3,0.536094
607,4,0.536094
607,5,0.460721
607,6,0.452707
607,7,0.514275
607,8,0.504946
607,9,0.458896
607,10,0.458169
607,11,0.500242
607,12,0.544869
607,13,0.536450
607,14,0.534249
607,15,0.540774
608,1,0.495545
608,2,0.473956
608,3,0.306372
608,4,0.481615
608,5,0.498355
608,6,0.536094
608,7,0.534531
608,8,0.546623
608,9,0.545274
608,10,0.536450
608,11,0.534120
608,12,0.535073
608,13,0.536013
608,14,0.530632
608,15,0.452822
609,1,0.473956
609,2,0.535093
609,3,0.546623
609,4,0.541212
609,5,0.514032
609,6,0.539357
609,7,0.535093
609,8,0.540774
609,9,0.495783
609,10,0.306039
609,11,0.481615
609,12,0.449614
609,13,0.447882
609,14,0.496481
609,15,0.450135
610,1,0.473956
610,2,0.306372
610,3,0.452848
610,4,0.495178
610,5,0.534531
610,6,0.530096
610,7,0.546623
610,8,0.541212
610,9,0.530632
610,10,0.532890
610,11,0.510703
610,12,0.486746
610,13,0.553495
610,14,0.541212
610,15,0.534120
611,1,0.486746
611,2,0.546623
611,3,0.456734
611,4,0.296580
611,5,0.452823
611,6,0.481814
611,7,0.536450
611,8,0.534249
611,9,0.452359
611,10,0.449657
611,11,0.490465
611,12,0.547371
611,13,0.541212
611,14,0.534249
611,15,0.452359
612,1,0.473956
612,2,0.536094
612,3,0.461098
612,4,0.502703
612,5,0.502532
612,6,0.530632
612,7,0.533435
612,8,0.530461
612,9,0.541212
612,10,0.534338
612,11,0.452359
612,12,0.454374
612,13,0.452823
612,14,0.452823
612,15,0.454919
613,1,0.473956
613,2,0.535093
613,3,0.541212
613,4,0.458120
613,5,0.443605
613,6,0.457402
613,7,0.478259
613,8,0.504719
613,9,0.450761
613,10,0.445710
613,11,0.491089
613,12,0.502426
613,13,0.449614
613,14,0.449657
613,15,0.490390
614,1,0.473956
614,2,0.306372
614,3,0.452848
614,4,0.462420
614,5,0.475121
614,6,0.456084
614,7,0.443356
614,8,0.511301
614,9,0.489175
614,10,0.539797
614,11,0.522483
614,12,0.536094
614,13,0.535073
614,14,0.452814
614,15,0.464208
615,1,0.473956
615,2,0.536094
615,3,0.534531
615,4,0.530461
615,5,0.535036
615,6,0.530632
615,7,0.452822
615,8,0.443857
615,9,0.490390
615,10,0.535073
615,11,0.449614
615,12,0.447882
615,13,0.535952
615,14,0.459529
615,15,0.480122
616,1,0.466824
616,2,0.453112
616,3,0.490390
616,4,0.306372
616,5,0.452707
616,6,0.481814
616,7,0.446165
616,8,0.459268
616,9,0.452974
616,10,0.457671
616,11,0.482953
616,12,0.488335
616,13,0.535036
616,14,0.305480
616,15,0.471204
617,1,0.466824
617,2,0.453112
617,3,0.469637
617,4,0.453123
617,5,0.452254
617,6,0.475521
617,7,0.537865
617,8,0.449614
617,9,0.480338
617,10,0.457660
617,11,0.453644
617,12,0.453663
617,13,0.532565
617,14,0.530632
617,15,0.460721
618,1,0.473956
618,2,0.536094
618,3,0.460721
618,4,0.453395
618,5,0.481814
618,6,0.458829
618,7,0.449669
618,8,0.443327
618,9,0.481249
618,10,0.489304
618,11,0.529111
618,12,0.534495
618,13,0.530632
618,14,0.534531
618,15,0.549311
619,1,0.466824
619,2,0.480437
619,3,0.453528
619,4,0.479077
619,5,0.488557
619,6,0.471833
619,7,0.537782
619,8,0.506369
619,9,0.549036
619,10,0.449614
619,11,0.454374
619,12,0.454919
619,13,0.485061
619,14,0.534479
619,15,0.534058
620,1,0.486746
620,2,0.452359
620,3,0.454374
620,4,0.451383
620,5,0.486653
620,6,0.536450
620,7,0.458120
620,8,0.481615
620,9,0.449614
620,10,0.447882
620,11,0.492518
620,12,0.449614
620,13,0.454374
620,14,0.481602
620,15,0.502965
621,1,0.397650
621,2,0.441839
621,3,0.467536
621,4,0.480211
621,5,0.507192
621,6,0.495938
621,7,0.541212
621,8,0.459012
621,9,0.456001
621,10,0.481504
621,11,0.455684
621,12,0.454374
621,13,0.451411
621,14,0.456084
621,15,0.494330
622,1,0.466824
622,2,0.301284
622,3,0.446314
622,4,0.314137
622,5,0.475886
622,6,0.479798
622,7,0.451497
622,8,0.513329
622,9,0.488761
622,10,0.574110
622,11,0.469418
622,12,0.536094
622,13,0.536395
622,14,0.536395
622,15,0.460721
623,1,0.486746
623,2,0.530461
623,3,0.536450
623,4,0.574110
623,5,0.544118
623,6,0.535928
623,7,0.458371
623,8,0.487266
623,9,0.493594
623,10,0.458120
623,11,0.452848
623,12,0.490465
623,13,0.455038
623,14,0.479077
623,15,0.541212
624,1,0.486746
624,2,0.536450
624,3,0.561276
624,4,0.548848
624,5,0.529111
624,6,0.453989
624,7,0.432176
624,8,0.501318
624,9,0.504719
624,10,0.536450
624,11,0.534338
624,12,0.534916
624,13,0.530632
624,14,0.460721
624,15,0.452848
625,1,0.466824
625,2,0.480437
625,3,0.488557
625,4,0.449614
625,5,0.449669
625,6,0.432510
625,7,0.481814
625,8,0.498991
625,9,0.538804
625,10,0.535928
625,11,0.460721
625,12,0.481615
625,13,0.504719
625,14,0.535036
625,15,0.530632
626,1,0.486746
626,2,0.452359
626,3,0.419837
626,4,0.301284
626,5,0.480211
626,6,0.536450
626,7,0.534249
626,8,0.539678
626,9,0.534338
626,10,0.450135
626,11,0.449657
626,12,0.462420
626,13,0.452707
626,14,0.481504
626,15,0.546623
627,1,0.486746
627,2,0.449614
627,3,0.479077
627,4,0.493594
627,5,0.534249
627,6,0.452293
627,7,0.480338
627,8,0.494471
627,9,0.532606
627,10,0.461432
627,11,0.449494
627,12,0.495178
627,13,0.536395
627,14,0.536395
627,15,0.535928
628,1,0.473956
628,2,0.306372
628,3,0.452707
628,4,0.453486
628,5,0.481249
628,6,0.450135
628,7,0.447882
628,8,0.488556
628,9,0.535928
628,10,0.534531
628,11,0.449614
628,12,0.447882
628,13,0.492789
628,14,0.520703
628,15,0.546930
629,1,0.486746
629,2,0.538777
629,3,0.538804
629,4,0.460721
629,5,0.481615
629,6,0.453528
629,7,0.449657
629,8,0.490465
629,9,0.534916
629,10,0.532606
629,11,0.460063
629,12,0.480122
629,13,0.486802
629,14,0.455326
629,15,0.449669
630,1,0.486746
630,2,0.546623
630,3,0.449614
630,4,0.454374
630,5,0.454919
630,6,0.444354
630,7,0.452848
630,8,0.462420
630,9,0.452645
630,10,0.522483
630,11,0.314781
630,12,0.452848
630,13,0.490390
630,14,0.447528
630,15,0.474471
631,1,0.466824
631,2,0.480574
631,3,0.490390
631,4,0.499845
631,5,0.494886
631,6,0.526614
631,7,0.540484
631,8,0.548087
631,9,0.536450
631,10,0.534338
631,11,0.449614
631,12,0.449657
631,13,0.462420
631,14,0.481725
631,15,0.457660
632,1,0.466824
632,2,0.301284
632,3,0.454919
632,4,0.480839
632,5,0.534531
632,6,0.546623
632,7,0.530461
632,8,0.529111
632,9,0.458071
632,10,0.449669
632,11,0.507422
632,12,0.505338
632,13,0.536450
632,14,0.534338
632,15,0.536013
633,1,0.473956
633,2,0.536094
633,3,0.534531
633,4,0.536013
633,5,0.458120
633,6,0.439718
633,7,0.449949
633,8,0.491679
633,9,0.534531
633,10,0.541212
633,11,0.458120
633,12,0.439718
633,13,0.481504
633,14,0.495783
633,15,0.547242
634,1,0.466824
634,2,0.480437
634,3,0.457660
634,4,0.480437
634,5,0.457660
634,6,0.479077
634,7,0.532565
634,8,0.534249
634,9,0.536013
634,10,0.530632
634,11,0.491670
634,12,0.305600
634,13,0.296580
634,14,0.454919
634,15,0.486653
635,1,0.486746
635,2,0.541212
635,3,0.532606
635,4,0.535073
635,5,0.546623
635,6,0.452359
635,7,0.480338
635,8,0.457660
635,9,0.447882
635,10,0.490465
635,11,0.455038
635,12,0.454374
635,13,0.452823
635,14,0.444285
635,15,0.462420
636,1,0.456642
636,2,0.304613
636,3,0.480211
636,4,0.489709
636,5,0.465989
636,6,0.540239
636,7,0.460750
636,8,0.506369
636,9,0.493766
636,10,0.490390
636,11,0.460721
636,12,0.484607
636,13,0.502965
636,14,0.529111
636,15,0.540671
637,1,0.466824
637,2,0.301284
637,3,0.480211
637,4,0.486802
637,5,0.541212
637,6,0.458120
637,7,0.452707
637,8,0.454919
637,9,0.439881
637,10,0.452848
637,11,0.462420
637,12,0.453395
637,13,0.458242
637,14,0.502791
637,15,0.504719
638,1,0.466824
638,2,0.453112
638,3,0.490390
638,4,0.535928
638,5,0.534531
638,6,0.546623
638,7,0.452359
638,8,0.479077
638,9,0.493594
638,10,0.306372
638,11,0.481615
638,12,0.546623
638,13,0.530461
638,14,0.464335
638,15,0.493297
639,1,0.486746
639,2,0.536450
639,3,0.534249
639,4,0.452880
639,5,0.449657
639,6,0.462521
639,7,0.451004
639,8,0.481392
639,9,0.447528
639,10,0.475094
639,11,0.457660
639,12,0.479824
639,13,0.500715
639,14,0.539027
639,15,0.535073
640,1,0.456642
640,2,0.482984
640,3,0.454915
640,4,0.479077
640,5,0.454915
640,6,0.479077
640,7,0.454736
640,8,0.453086
640,9,0.493204
640,10,0.459141
640,11,0.453395
640,12,0.452823
640,13,0.454802
640,14,0.480562
640,15,0.480526
641,1,0.574110
641,2,0.486746
641,3,0.541212
641,4,0.534338
641,5,0.536450
641,6,0.459012
641,7,0.452848
641,8,0.486740
641,9,0.546623
641,10,0.546623
641,11,0.546623
641,12,0.547988
641,13,0.541212
641,14,0.535004
641,15,0.455038
642,1,0.473956
642,2,0.536094
642,3,0.461432
642,4,0.452645
642,5,0.462420
642,6,0.441541
642,7,0.493594
642,8,0.458120
642,9,0.481615
642,10,0.505467
642,11,0.492049
642,12,0.539797
642,13,0.530632
642,14,0.460063
642,15,0.452946
643,1,0.473956
643,2,0.535093
643,3,0.546623
643,4,0.546623
643,5,0.541212
643,6,0.532606
643,7,0.460721
643,8,0.446645
643,9,0.453112
643,10,0.490465
643,11,0.543383
643,12,0.534338
643,13,0.541212
643,14,0.534338
643,15,0.452359
644,1,0.473956
644,2,0.535093
644,3,0.449614
644,4,0.454374
644,5,0.428732
644,6,0.451383
644,7,0.490465
644,8,0.450135
644,9,0.480338
644,10,0.541212
644,11,0.532606
644,12,0.459352
644,13,0.488311
644,14,0.503192
644,15,0.546623
645,1,0.486746
645,2,0.536450
645,3,0.534338
645,4,0.546623
645,5,0.539797
645,6,0.532606
645,7,0.460721
645,8,0.480122
645,9,0.530367
645,10,0.530461
645,11,0.521767
645,12,0.532681
645,13,0.541212
645,14,0.459012
645,15,0.484656
646,1,0.473956
646,2,0.535093
646,3,0.539678
646,4,0.539468
646,5,0.452822
646,6,0.452946
646,7,0.481814
646,8,0.536450
646,9,0.530632
646,10,0.533435
646,11,0.534916
646,12,0.457581
646,13,0.456690
646,14,0.480211
646,15,0.513767
647,1,0.486746
647,2,0.546623
647,3,0.452359
647,4,0.447882
647,5,0.467425
647,6,0.459095
647,7,0.256701
647,8,0.451383
647,9,0.462420
647,10,0.481615
647,11,0.489709
647,12,0.522483
647,13,0.535093
647,14,0.541212
647,15,0.534249
648,1,0.473956
648,2,0.306372
648,3,0.453395
648,4,0.452823
648,5,0.454919
648,6,0.490465
648,7,0.546623
648,8,0.546623
648,9,0.541212
648,10,0.534249
648,11,0.437005
648,12,0.482266
648,13,0.452359
648,14,0.480338
648,15,0.457660
649,1,0.473956
649,2,0.535093
649,3,0.529795
649,4,0.537928
649,5,0.460721
649,6,0.452645
649,7,0.488902
649,8,0.459141
649,9,0.511213
649,10,0.502791
649,11,0.452359
649,12,0.501425
649,13,0.546623
649,14,0.536450
649,15,0.532606
650,1,0.486746
650,2,0.452359
650,3,0.480338
650,4,0.453528
650,5,0.449669
650,6,0.451383
650,7,0.462420
650,8,0.446223
650,9,0.490465
650,10,0.536450
650,11,0.530632
650,12,0.460721
650,13,0.480122
650,14,0.536450
650,15,0.532606
651,1,0.486746
651,2,0.452359
651,3,0.447882
651,4,0.459529
651,5,0.453395
651,6,0.452656
651,7,0.451383
651,8,0.490390
651,9,0.535073
651,10,0.546623
651,11,0.539797
651,12,0.459012
651,13,0.452707
651,14,0.452823
651,15,0.475886
652,1,0.466824
652,2,0.301782
652,3,0.480211
652,4,0.488557
652,5,0.546623
652,6,0.529111
652,7,0.452359
652,8,0.479077
652,9,0.498355
652,10,0.532606
652,11,0.460721
652,12,0.480122
652,13,0.457660
652,14,0.449669
652,15,0.481814
653,1,0.467425
653,2,0.456989
653,3,0.301284
653,4,0.452823
653,5,0.454802
653,6,0.462420
653,7,0.481615
653,8,0.546623
653,9,0.546623
653,10,0.541212
653,11,0.530632
653,12,0.461432
653,13,0.443857
653,14,0.486740
653,15,0.546623
654,1,0.473956
654,2,0.536094
654,3,0.535073
654,4,0.455038
654,5,0.479077
654,6,0.502965
654,7,0.529111
654,8,0.529111
654,9,0.546623
654,10,0.449614
654,11,0.447882
654,12,0.496481
654,13,0.530461
654,14,0.539256
654,15,0.532606
655,1,0.473956
655,2,0.306372
655,3,0.452645
655,4,0.490390
655,5,0.495178
655,6,0.535928
655,7,0.461432
655,8,0.481615
655,9,0.458829
655,10,0.449669
655,11,0.453081
655,12,0.490390
655,13,0.536395
655,14,0.534409
655,15,0.458558
656,1,0.486746
656,2,0.530461
656,3,0.536450
656,4,0.534249
656,5,0.450135
656,6,0.449669
656,7,0.451383
656,8,0.490390
656,9,0.536395
656,10,0.461432
656,11,0.484504
656,12,0.480052
656,13,0.536450
656,14,0.530632
656,15,0.533888
657,1,0.473956
657,2,0.549036
657,3,0.546623
657,4,0.449614
657,5,0.449669
657,6,0.480211
657,7,0.453528
657,8,0.449669
657,9,0.508960
657,10,0.450568
657,11,0.481449
657,12,0.541212
657,13,0.459012
657,14,0.453395
657,15,0.454919
658,1,0.459310
658,2,0.461619
658,3,0.536450
658,4,0.534249
658,5,0.460854
658,6,0.448564
658,7,0.453194
658,8,0.485061
658,9,0.536013
658,10,0.534249
658,11,0.452293
658,12,0.454374
658,13,0.454919
658,14,0.480839
658,15,0.536395
659,1,0.486746
659,2,0.449614
659,3,0.479077
659,4,0.504719
659,5,0.449614
659,6,0.479077
659,7,0.502965
659,8,0.452359
659,9,0.465952
659,10,0.486047
659,11,0.447528
659,12,0.453395
659,13,0.454198
659,14,0.452653
659,15,0.481814
660,1,0.466824
660,2,0.453112
660,3,0.490465
660,4,0.546623
660,5,0.536450
660,6,0.530632
660,7,0.527187
660,8,0.534961
660,9,0.535928
660,10,0.460721
660,11,0.452848
660,12,0.496481
660,13,0.450135
660,14,0.449657
660,15,0.490465
661,1,0.473956
661,2,0.306372
661,3,0.452848
661,4,0.490465
661,5,0.536912
661,6,0.545274
661,7,0.469812
661,8,0.457841
661,9,0.454919
661,10,0.490390
661,11,0.534531
661,12,0.546623
661,13,0.480650
661,14,0.537782
661,15,0.529077
662,1,0.466824
662,2,0.480437
662,3,0.546623
662,4,0.546623
662,5,0.541212
662,6,0.536094
662,7,0.000000
662,8,0.507170
662,9,0.452359
662,10,0.480437
662,11,0.541212
662,12,0.306372
662,13,0.480437
662,14,0.452359
662,15,0.480437
663,1,0.486746
663,2,0.541212
663,3,0.458678
663,4,0.480122
663,5,0.546623
663,6,0.540988
663,7,0.543400
663,8,0.540988
663,9,0.535093
663,10,0.452359
663,11,0.301284
663,12,0.451383
663,13,0.462420
663,14,0.480437
663,15,0.541212
664,1,0.473956
664,2,0.535093
664,3,0.541212
664,4,0.458120
664,5,0.452910
664,6,0.490390
664,7,0.451947
664,8,0.522303
664,9,0.546623
664,10,0.541212
664,11,0.547172
664,12,0.474180
664,13,0.535093
664,14,0.541212
664,15,0.525266
665,1,0.466824
665,2,0.453112
665,3,0.533704
665,4,0.486128
665,5,0.555785
665,6,0.547242
665,7,0.541212
665,8,0.306372
665,9,0.480437
665,10,0.546623
665,11,0.538777
665,12,0.538804
665,13,0.536094
665,14,0.306039
665,15,0.446147
666,1,0.466824
666,2,0.480437
666,3,0.457660
666,4,0.449669
666,5,0.452823
666,6,0.452823
666,7,0.301451
666,8,0.481814
666,9,0.537327
666,10,0.459012
666,11,0.480122
666,12,0.454736
666,13,0.453086
666,14,0.493204
666,15,0.536395
667,1,0.486746
667,2,0.452359
667,3,0.447882
667,4,0.495178
667,5,0.461432
667,6,0.452848
667,7,0.495178
667,8,0.460721
667,9,0.480122
667,10,0.537327
667,11,0.459012
667,12,0.453395
667,13,0.454919
667,14,0.490465
667,15,0.541212
668,1,0.486746
668,2,0.546623
668,3,0.458386
668,4,0.480338
668,5,0.504719
668,6,0.494591
668,7,0.540841
668,8,0.307084
668,9,0.481615
668,10,0.541212
668,11,0.459012
668,12,0.452848
668,13,0.496481
668,14,0.546258
668,15,0.452359
669,1,0.473956
669,2,0.306372
669,3,0.480122
669,4,0.541212
669,5,0.459012
669,6,0.452707
669,7,0.481814
669,8,0.546623
669,9,0.546930
669,10,0.541212
669,11,0.535952
669,12,0.306372
669,13,0.481930
669,14,0.498355
669,15,0.458120
670,1,0.486746
670,2,0.452359
670,3,0.449669
670,4,0.443327
670,5,0.481249
670,6,0.541212
670,7,0.459012
670,8,0.453395
670,9,0.447337
670,10,0.481449
670,11,0.456084
670,12,0.449406
670,13,0.490465
670,14,0.544869
670,15,0.535036
671,1,0.473956
671,2,0.535093
671,3,0.452293
671,4,0.447882
671,5,0.462521
671,6,0.494330
671,7,0.303503
671,8,0.451338
671,9,0.446272
671,10,0.481460
671,11,0.489709
671,12,0.532606
671,13,0.533040
671,14,0.535073
671,15,0.534916
672,1,0.486746
672,2,0.536450
672,3,0.532606
672,4,0.461432
672,5,0.452645
672,6,0.462420
672,7,0.475121
672,8,0.493594
672,9,0.532606
672,10,0.459352
672,11,0.452707
672,12,0.454198
672,13,0.452823
672,14,0.444403
672,15,0.486653
673,1,0.486746
673,2,0.530461
673,3,0.535036
673,4,0.534249
673,5,0.530461
673,6,0.539256
673,7,0.459012
673,8,0.452645
673,9,0.473628
673,10,0.503147
673,11,0.529398
673,12,0.536013
673,13,0.534338
673,14,0.577766
673,15,0.539186
674,1,0.486746
674,2,0.449614
674,3,0.495190
674,4,0.496581
674,5,0.447528
674,6,0.441700
674,7,0.481504
674,8,0.494471
674,9,0.458120
674,10,0.456690
674,11,0.481504
674,12,0.489709
674,13,0.530632
674,14,0.535928
674,15,0.523449
675,1,0.473956
675,2,0.306372
675,3,0.452707
675,4,0.481504
675,5,0.502965
675,6,0.521775
675,7,0.457786
675,8,0.480122
675,9,0.493594
675,10,0.458302
675,11,0.481477
675,12,0.454915
675,13,0.479077
675,14,0.493594
675,15,0.536609
676,1,0.466824
676,2,0.301284
676,3,0.454919
676,4,0.460663
676,5,0.456385
676,6,0.462163
676,7,0.452645
676,8,0.451832
676,9,0.452645
676,10,0.459428
676,11,0.452645
676,12,0.467926
676,13,0.487843
676,14,0.479151
676,15,0.495071
677,1,0.466824
677,2,0.480437
677,3,0.458829
677,4,0.516911
677,5,0.486128
677,6,0.536450
677,7,0.535093
677,8,0.536450
677,9,0.534249
677,10,0.530461
677,11,0.512859
677,12,0.574110
677,13,0.430471
677,14,0.428765
677,15,0.535093
678,1,0.486746
678,2,0.541212
678,3,0.523340
678,4,0.548473
678,5,0.530461
678,6,0.535909
678,7,0.530632
678,8,0.459829
678,9,0.502948
678,10,0.498355
678,11,0.534338
678,12,0.534916
678,13,0.535004
678,14,0.452359
678,15,0.480338
679,1,0.466824
679,2,0.453112
679,3,0.495178
679,4,0.459852
679,5,0.442217
679,6,0.533704
679,7,0.547559
679,8,0.536450
679,9,0.530632
679,10,0.535928
679,11,0.461432
679,12,0.481615
679,13,0.493594
679,14,0.534338
679,15,0.452293
680,1,0.486746
680,2,0.449614
680,3,0.480338
680,4,0.498355
680,5,0.530632
680,6,0.527187
680,7,0.457847
680,8,0.481615
680,9,0.454915
680,10,0.479824
680,11,0.454915
680,12,0.449657
680,13,0.459428
680,14,0.481615
680,15,0.488557
681,1,0.486746
681,2,0.530461
681,3,0.535036
681,4,0.507031
681,5,0.537754
681,6,0.549990
681,7,0.548393
681,8,0.455326
681,9,0.453112
681,10,0.462420
681,11,0.419837
681,12,0.480437
681,13,0.530461
681,14,0.546623
681,15,0.452359
682,1,0.466824
682,2,0.301284
682,3,0.452656
682,4,0.452823
682,5,0.452823
682,6,0.481588
682,7,0.462420
682,8,0.452848
682,9,0.462420
682,10,0.521767
682,11,0.311119
682,12,0.480437
682,13,0.544869
682,14,0.546930
682,15,0.541212
683,1,0.473956
683,2,0.306372
683,3,0.453395
683,4,0.454198
683,5,0.475886
683,6,0.452585
683,7,0.454374
683,8,0.452823
683,9,0.481814
683,10,0.458829
683,11,0.480338
683,12,0.530461
683,13,0.452359
683,14,0.447882
683,15,0.490465
684,1,0.466824
684,2,0.480437
684,3,0.486802
684,4,0.529418
684,5,0.456734
684,6,0.296580
684,7,0.480211
684,8,0.454915
684,9,0.454374
684,10,0.453081
684,11,0.490390
684,12,0.460721
684,13,0.452946
684,14,0.454919
684,15,0.459428
685,1,0.466824
685,2,0.301284
685,3,0.452823
685,4,0.475886
685,5,0.493594
685,6,0.458120
685,7,0.453395
685,8,0.452823
685,9,0.454802
685,10,0.480839
685,11,0.536395
685,12,0.535928
685,13,0.534531
685,14,0.449614
685,15,0.480338
686,1,0.473956
686,2,0.306372
686,3,0.452645
686,4,0.461829
686,5,0.504040
686,6,0.504719
686,7,0.449614
686,8,0.480338
686,9,0.454915
686,10,0.449657
686,11,0.496481
686,12,0.536450
686,13,0.458120
686,14,0.481477
686,15,0.489709
687,1,0.473956
687,2,0.507121
687,3,0.469418
687,4,0.306372
687,5,0.453395
687,6,0.452823
687,7,0.452823
687,8,0.454802
687,9,0.462420
687,10,0.452645
687,11,0.462420
687,12,0.480122
687,13,0.465211
687,14,0.441686
687,15,0.490465
688,1,0.473956
688,2,0.536094
688,3,0.535928
688,4,0.536395
688,5,0.535073
688,6,0.530461
688,7,0.543663
688,8,0.474851
688,9,0.501657
688,10,0.458829
688,11,0.454540
688,12,0.451383
688,13,0.463492
688,14,0.452552
688,15,0.529077
689,1,0.486746
689,2,0.530461
689,3,0.546623
689,4,0.449614
689,5,0.447882
689,6,0.458203
689,7,0.504196
689,8,0.528706
689,9,0.536450
689,10,0.534249
689,11,0.452359
689,12,0.480338
689,13,0.489709
689,14,0.459012
689,15,0.481615
690,1,0.486746
690,2,0.530461
690,3,0.541212
690,4,0.530632
690,5,0.454188
690,6,0.481615
690,7,0.498355
690,8,0.459012
690,9,0.481615
690,10,0.504719
690,11,0.540671
690,12,0.534338
690,13,0.541212
690,14,0.459012
690,15,0.480122
691,1,0.466824
691,2,0.301284
691,3,0.454919
691,4,0.491807
691,5,0.534531
691,6,0.531208
691,7,0.452359
691,8,0.480338
691,9,0.498355
691,10,0.459012
691,11,0.485157
691,12,0.546623
691,13,0.529111
691,14,0.458071
691,15,0.473168
692,1,0.473956
692,2,0.536094
692,3,0.534531
692,4,0.453598
692,5,0.480338
692,6,0.480650
692,7,0.536008
692,8,0.527818
692,9,0.500261
692,10,0.463379
692,11,0.453395
692,12,0.454919
692,13,0.444354
692,14,0.442819
692,15,0.451832
693,1,0.486746
693,2,0.530461
693,3,0.449614
693,4,0.520439
693,5,0.303503
693,6,0.443412
693,7,0.490390
693,8,0.534531
693,9,0.450135
693,10,0.449657
693,11,0.462521
693,12,0.444582
693,13,0.462420
693,14,0.473784
693,15,0.454915
694,1,0.466824
694,2,0.301284
694,3,0.452823
694,4,0.481449
694,5,0.470024
694,6,0.541212
694,7,0.458120
694,8,0.477264
694,9,0.463866
694,10,0.454802
694,11,0.490390
694,12,0.447528
694,13,0.480437
694,14,0.454915
694,15,0.449669
695,1,0.478695
695,2,0.501733
695,3,0.496481
695,4,0.541212
695,5,0.536094
695,6,0.460721
695,7,0.495783
695,8,0.498527
695,9,0.529077
695,10,0.547371
695,11,0.458896
695,12,0.458169
695,13,0.452656
695,14,0.454802
695,15,0.486653
696,1,0.466824
696,2,0.521767
696,3,0.453112
696,4,0.536094
696,5,0.534531
696,6,0.449614
696,7,0.447882
696,8,0.490465
696,9,0.452814
696,10,0.447882
696,11,0.495178
696,12,0.459141
696,13,0.547988
696,14,0.493686
696,15,0.541212
697,1,0.473956
697,2,0.535093
697,3,0.449614
697,4,0.449669
697,5,0.481814
697,6,0.489709
697,7,0.530632
697,8,0.533507
697,9,0.528134
697,10,0.534531
697,11,0.452359
697,12,0.447882
697,13,0.490465
697,14,0.546258
697,15,0.451022
698,1,0.486746
698,2,0.541212
698,3,0.306372
698,4,0.478561
698,5,0.501799
698,6,0.545776
698,7,0.530714
698,8,0.541212
698,9,0.532606
698,10,0.536395
698,11,0.528134
698,12,0.534531
698,13,0.450135
698,14,0.449669
698,15,0.449544
699,1,0.473956
699,2,0.535093
699,3,0.530843
699,4,0.449614
699,5,0.480338
699,6,0.456084
699,7,0.480338
699,8,0.454915
699,9,0.480338
699,10,0.454915
699,11,0.447882
699,12,0.490390
699,13,0.489813
699,14,0.509881
699,15,0.452359
700,1,0.486746
700,2,0.546623
700,3,0.532255
700,4,0.458071
700,5,0.502241
700,6,0.498355
700,7,0.459194
700,8,0.490331
700,9,0.288608
700,10,0.441275
700,11,0.447337
700,12,0.451265
700,13,0.490390
700,14,0.461432
700,15,0.452707
701,1,0.486746
701,2,0.530461
701,3,0.538777
701,4,0.546675
701,5,0.452359
701,6,0.449657
701,7,0.459428
701,8,0.452656
701,9,0.452823
701,10,0.452823
701,11,0.452653
701,12,0.475886
701,13,0.457660
701,14,0.449669
701,15,0.451383
702,1,0.473956
702,2,0.535093
702,3,0.467425
702,4,0.542814
702,5,0.534338
702,6,0.531208
702,7,0.529111
702,8,0.539797
702,9,0.459012
702,10,0.449657
702,11,0.495178
702,12,0.306372
702,13,0.452848
702,14,0.462420
702,15,0.481615
703,1,0.466824
703,2,0.301284
703,3,0.452823
703,4,0.454802
703,5,0.484210
703,6,0.479957
703,7,0.546623
703,8,0.530461
703,9,0.529111
703,10,0.539797
703,11,0.530632
703,12,0.542986
703,13,0.542433
703,14,0.535073
703,15,0.546623
704,1,0.466824
704,2,0.301284
704,3,0.454919
704,4,0.485061
704,5,0.536450
704,6,0.534249
704,7,0.530096
704,8,0.449614
704,9,0.480338
704,10,0.488557
704,11,0.545274
704,12,0.458896
704,13,0.482266
704,14,0.454915
704,15,0.449801
705,1,0.466824
705,2,0.301284
705,3,0.480211
705,4,0.504719
705,5,0.452359
705,6,0.449657
705,7,0.455153
705,8,0.493157
705,9,0.534249
705,10,0.452814
705,11,0.449657
705,12,0.495178
705,13,0.459141
705,14,0.476633
705,15,0.459213
706,1,0.473956
706,2,0.531975
706,3,0.548473
706,4,0.530461
706,5,0.455326
706,6,0.480338
706,7,0.493594
706,8,0.458302
706,9,0.452848
706,10,0.523418
706,11,0.531731
706,12,0.532606
706,13,0.534531
706,14,0.523293
706,15,0.457786
707,1,0.466824
707,2,0.480437
707,3,0.498355
707,4,0.458120
707,5,0.481615
707,6,0.454915
707,7,0.479077
707,8,0.493187
707,9,0.540671
707,10,0.459012
707,11,0.452848
707,12,0.490390
707,13,0.534531
707,14,0.530461
707,15,0.529111
708,1,0.466824
708,2,0.453112
708,3,0.490390
708,4,0.459852
708,5,0.452257
708,6,0.481504
708,7,0.454915
708,8,0.454374
708,9,0.452823
708,10,0.452653
708,11,0.494752
708,12,0.434259
708,13,0.444758
708,14,0.446111
708,15,0.451004
709,1,0.466824
709,2,0.480437
709,3,0.530461
709,4,0.530767
709,5,0.458071
709,6,0.449657
709,7,0.459168
709,8,0.502177
709,9,0.525746
709,10,0.452693
709,11,0.480437
709,12,0.494471
709,13,0.530632
709,14,0.306372
709,15,0.452645
710,1,0.486746
710,2,0.536450
710,3,0.532606
710,4,0.461432
710,5,0.452645
710,6,0.500261
710,7,0.504407
710,8,0.546623
710,9,0.529111
710,10,0.535036
710,11,0.534249
710,12,0.536450
710,13,0.535366
710,14,0.452359
710,15,0.479077
711,1,0.486746
711,2,0.541212
711,3,0.530632
711,4,0.527187
711,5,0.460721
711,6,0.452848
711,7,0.490465
711,8,0.546623
711,9,0.448277
711,10,0.479077
711,11,0.537327
711,12,0.534249
711,13,0.449614
711,14,0.449657
711,15,0.462420
712,1,0.466824
712,2,0.301284
712,3,0.454919
712,4,0.486653
712,5,0.534916
712,6,0.459012
712,7,0.481615
712,8,0.530461
712,9,0.533913
712,10,0.546623
712,11,0.541212
712,12,0.458120
712,13,0.453395
712,14,0.481814
712,15,0.486802
713,1,0.473956
713,2,0.535093
713,3,0.534916
713,4,0.532606
713,5,0.534058
713,6,0.547430
713,7,0.541212
713,8,0.458120
713,9,0.448002
713,10,0.485092
713,11,0.453537
713,12,0.449614
713,13,0.447882
713,14,0.490465
713,15,0.536450
714,1,0.466824
714,2,0.453112
714,3,0.462420
714,4,0.452434
714,5,0.452823
714,6,0.481449
714,7,0.454915
714,8,0.449669
714,9,0.452656
714,10,0.481449
714,11,0.486802
714,12,0.455326
714,13,0.479077
714,14,0.489709
714,15,0.534249
715,1,0.473956
715,2,0.306372
715,3,0.480122
715,4,0.450783
715,5,0.449657
715,6,0.495178
715,7,0.492218
715,8,0.449614
715,9,0.480338
715,10,0.452359
715,11,0.454374
715,12,0.452823
715,13,0.481449
715,14,0.454915
715,15,0.449669
716,1,0.473956
716,2,0.536094
716,3,0.536395
716,4,0.526614
716,5,0.535073
716,6,0.536013
716,7,0.536094
716,8,0.534531
716,9,0.534479
716,10,0.534249
716,11,0.536450
716,12,0.458120
716,13,0.439718
716,14,0.451383
716,15,0.486653
717,1,0.466824
717,2,0.480437
717,3,0.502965
717,4,0.529111
717,5,0.539797
717,6,0.534249
717,7,0.547005
717,8,0.458071
717,9,0.479077
717,10,0.493594
717,11,0.534249
717,12,0.534916
717,13,0.458120
717,14,0.451338
717,15,0.496481
718,1,0.473956
718,2,0.535093
718,3,0.493935
718,4,0.452426
718,5,0.449669
718,6,0.454919
718,7,0.446111
718,8,0.482953
718,9,0.528706
718,10,0.535909
718,11,0.459012
718,12,0.453395
718,13,0.481814
718,14,0.528706
718,15,0.530461
719,1,0.466824
719,2,0.480437
719,3,0.488557
719,4,0.546930
719,5,0.452359
719,6,0.447882
719,7,0.459428
719,8,0.452707
719,9,0.452823
719,10,0.454919
719,11,0.495178
719,12,0.494656
719,13,0.534531
719,14,0.546623
719,15,0.452359
720,1,0.515290
720,2,0.554567
720,3,0.530780
720,4,0.534338
720,5,0.530843
720,6,0.471050
720,7,0.505465
720,8,0.504719
720,9,0.530767
720,10,0.546623
720,11,0.546623
720,12,0.452359
720,13,0.449669
720,14,0.481814
720,15,0.486802
721,1,0.473956
721,2,0.536094
721,3,0.535073
721,4,0.531208
721,5,0.546623
721,6,0.541212
721,7,0.532606
721,8,0.536395
721,9,0.535093
721,10,0.546623
721,11,0.452359
721,12,0.499515
721,13,0.504620
721,14,0.544869
721,15,0.456734
722,1,0.486746
722,2,0.449614
722,3,0.454374
722,4,0.451383
722,5,0.490390
722,6,0.479957
722,7,0.449876
722,8,0.458169
722,9,0.452656
722,10,0.481814
722,11,0.498355
722,12,0.530632
722,13,0.534531
722,14,0.534916
722,15,0.523801
723,1,0.473956
723,2,0.536094
723,3,0.535073
723,4,0.546623
723,5,0.546930
723,6,0.541212
723,7,0.459012
723,8,0.452645
723,9,0.490465
723,10,0.530461
723,11,0.458071
723,12,0.449669
723,13,0.473332
723,14,0.493594
723,15,0.532606
724,1,0.486746
724,2,0.546623
724,3,0.541212
724,4,0.534249
724,5,0.452359
724,6,0.479077
724,7,0.453528
724,8,0.480338
724,9,0.546623
724,10,0.541212
724,11,0.532606
724,12,0.535928
724,13,0.536094
724,14,0.536561
724,15,0.536395
725,1,0.486746
725,2,0.541212
725,3,0.306372
725,4,0.452707
725,5,0.301451
725,6,0.452823
725,7,0.481814
725,8,0.488557
725,9,0.546623
725,10,0.452359
725,11,0.449657
725,12,0.490390
725,13,0.492760
725,14,0.574110
725,15,0.547242
726,1,0.486746
726,2,0.452359
726,3,0.449657
726,4,0.490390
726,5,0.536395
726,6,0.535928
726,7,0.535928
726,8,0.535073
726,9,0.546623
726,10,0.500261
726,11,0.540988
726,12,0.459012
726,13,0.481615
726,14,0.454915
726,15,0.449657
727,1,0.466824
727,2,0.301284
727,3,0.481814
727,4,0.489709
727,5,0.534249
727,6,0.530461
727,7,0.449614
727,8,0.480338
727,9,0.456084
727,10,0.479077
727,11,0.493594
727,12,0.534249
727,13,0.452814
727,14,0.296580
727,15,0.454919
728,1,0.466824
728,2,0.453112
728,3,0.490465
728,4,0.467425
728,5,0.461727
728,6,0.480338
728,7,0.488557
728,8,0.535909
728,9,0.532606
728,10,0.534531
728,11,0.534916
728,12,0.530632
728,13,0.461432
728,14,0.452257
728,15,0.481814
729,1,0.473956
729,2,0.535093
729,3,0.452293
729,4,0.468038
729,5,0.314137
729,6,0.454919
729,7,0.490465
729,8,0.530096
729,9,0.449614
729,10,0.447882
729,11,0.496481
729,12,0.491542
729,13,0.449614
729,14,0.480338
729,15,0.486802
730,1,0.486746
730,2,0.536450
730,3,0.459012
730,4,0.456690
730,5,0.454919
730,6,0.459428
730,7,0.485092
730,8,0.453763
730,9,0.452359
730,10,0.480338
730,11,0.488557
730,12,0.452359
730,13,0.527474
730,14,0.498073
730,15,0.536094
731,1,0.473956
731,2,0.542183
731,3,0.544419
731,4,0.461432
731,5,0.480122
731,6,0.488557
731,7,0.535036
731,8,0.442699
731,9,0.485630
731,10,0.454915
731,11,0.479077
731,12,0.544869
731,13,0.530767
731,14,0.529418
731,15,0.451022
732,1,0.534946
732,2,0.469194
732,3,0.536094
732,4,0.536395
732,5,0.534687
732,6,0.449614
732,7,0.479077
732,8,0.489709
732,9,0.534338
732,10,0.528644
732,11,0.548281
732,12,0.534916
732,13,0.532606
732,14,0.536395
732,15,0.534531
733,1,0.521122
733,2,0.458749
733,3,0.301973
733,4,0.454919
733,5,0.462420
733,6,0.441428
733,7,0.453486
733,8,0.446111
733,9,0.483063
733,10,0.488557
733,11,0.545274
733,12,0.455326
733,13,0.448007
733,14,0.481814
733,15,0.488557
734,1,0.466824
734,2,0.480437
734,3,0.456084
734,4,0.454374
734,5,0.481814
734,6,0.530461
734,7,0.536450
734,8,0.536094
734,9,0.460721
734,10,0.453112
734,11,0.497309
734,12,0.534692
734,13,0.306372
734,14,0.452707
734,15,0.479901
735,1,0.473956
735,2,0.535093
735,3,0.534916
735,4,0.458120
735,5,0.481615
735,6,0.453462
735,7,0.432981
735,8,0.452656
735,9,0.301284
735,10,0.301284
735,11,0.451383
735,12,0.496481
735,13,0.546623
735,14,0.541212
735,15,0.306372
736,1,0.456475
736,2,0.306039
736,3,0.453112
736,4,0.459168
736,5,0.457461
736,6,0.453112
736,7,0.504407
736,8,0.541212
736,9,0.534946
736,10,0.486746
736,11,0.452359
736,12,0.480338
736,13,0.546623
736,14,0.546623
736,15,0.452359
737,1,0.486746
737,2,0.549676
737,3,0.471671
737,4,0.537782
737,5,0.535093
737,6,0.452359
737,7,0.454374
737,8,0.454919
737,9,0.486653
737,10,0.452359
737,11,0.454374
737,12,0.480211
737,13,0.541212
737,14,0.459012
737,15,0.498768
738,1,0.473956
738,2,0.547988
738,3,0.314447
738,4,0.453112
738,5,0.495178
738,6,0.566955
738,7,0.491894
738,8,0.465467
738,9,0.480437
738,10,0.564999
738,11,0.534058
738,12,0.473956
738,13,0.535093
738,14,0.452359
738,15,0.453112
739,1,0.473956
739,2,0.306372
739,3,0.481615
739,4,0.541212
739,5,0.579701
739,6,0.547242
739,7,0.452359
739,8,0.473222
739,9,0.500334
739,10,0.496481
739,11,0.546623
739,12,0.546623
739,13,0.452359
739,14,0.454374
739,15,0.451383
740,1,0.473956
740,2,0.536094
740,3,0.461432
740,4,0.452707
740,5,0.454919
740,6,0.306372
740,7,0.480437
740,8,0.452359
740,9,0.454374
740,10,0.454919
740,11,0.490390
740,12,0.459141
740,13,0.453395
740,14,0.481814
740,15,0.546623
741,1,0.466824
741,2,0.301284
741,3,0.452656
741,4,0.481814
741,5,0.541212
741,6,0.536094
741,7,0.535928
741,8,0.535928
741,9,0.535093
741,10,0.452359
741,11,0.480437
741,12,0.541212
741,13,0.534249
741,14,0.541212
741,15,0.534338
742,1,0.466824
742,2,0.301284
742,3,0.481814
742,4,0.546623
742,5,0.452359
742,6,0.296580
742,7,0.301284
742,8,0.451383
742,9,0.459428
742,10,0.453395
742,11,0.452823
742,12,0.488311
742,13,0.501957
742,14,0.549036
742,15,0.546258
743,1,0.466824
743,2,0.301284
743,3,0.454919
743,4,0.525126
743,5,0.217294
743,6,0.506855
743,7,0.546623
743,8,0.541212
743,9,0.306039
743,10,0.467471
743,11,0.546623
743,12,0.553495
743,13,0.541212
743,14,0.535093
743,15,0.452359
744,1,0.486746
744,2,0.546623
744,3,0.452359
744,4,0.480437
744,5,0.452359
744,6,0.301284
744,7,0.481814
744,8,0.452359
744,9,0.453112
744,10,0.531306
744,11,0.535073
744,12,0.546623
744,13,0.546623
744,14,0.452359
744,15,0.480338
745,1,0.466824
745,2,0.301284
745,3,0.454919
745,4,0.462420
745,5,0.481930
745,6,0.541212
745,7,0.535093
745,8,0.541212
745,9,0.306372
745,10,0.480122
745,11,0.452359
745,12,0.480338
745,13,0.452359
745,14,0.454374
745,15,0.462657
746,1,0.473956
746,2,0.535093
746,3,0.541212
746,4,0.306372
746,5,0.301973
746,6,0.454919
746,7,0.462420
746,8,0.468038
746,9,0.482040
746,10,0.579136
746,11,0.540988
746,12,0.536094
746,13,0.448817
746,14,0.505249
746,15,0.452359
747,1,0.445859
747,2,0.482984
747,3,0.452359
747,4,0.480437
747,5,0.546623
747,6,0.534946
747,7,0.486746
747,8,0.541212
747,9,0.532606
747,10,0.536094
747,11,0.307084
747,12,0.453644
747,13,0.434589
747,14,0.314447
747,15,0.480437
748,1,0.466824
748,2,0.480437
748,3,0.541212
748,4,0.532606
748,5,0.460721
748,6,0.452848
748,7,0.490465
748,8,0.546623
748,9,0.541212
748,10,0.534249
748,11,0.454829
748,12,0.482885
748,13,0.546623
748,14,0.452359
748,15,0.480338
749,1,0.486746
749,2,0.541212
749,3,0.532606
749,4,0.536094
749,5,0.536561
749,6,0.549036
749,7,0.546623
749,8,0.452359
749,9,0.250131
749,10,0.543019
749,11,0.486128
749,12,0.541848
749,13,0.530780
749,14,0.536094
749,15,0.535127
750,1,0.466824
750,2,0.453112
750,3,0.490390
750,4,0.460387
750,5,0.480437
750,6,0.546623
750,7,0.536450
750,8,0.534249
750,9,0.528390
750,10,0.458120
750,11,0.456001
750,12,0.454919
750,13,0.490390
750,14,0.461432
750,15,0.301973
751,1,0.473956
751,2,0.535093
751,3,0.449614
751,4,0.449657
751,5,0.490465
751,6,0.528341
751,7,0.529111
751,8,0.541212
751,9,0.534249
751,10,0.455038
751,11,0.479077
751,12,0.544869
751,13,0.535036
751,14,0.532606
751,15,0.533978
752,1,0.473956
752,2,0.306372
752,3,0.453112
752,4,0.462420
752,5,0.452707
752,6,0.453426
752,7,0.494926
752,8,0.532606
752,9,0.460721
752,10,0.474469
752,11,0.483690
752,12,0.546258
752,13,0.452359
752,14,0.449657
752,15,0.496481
753,1,0.486746
753,2,0.541212
753,3,0.458120
753,4,0.453395
753,5,0.454919
753,6,0.460663
753,7,0.452434
753,8,0.481504
753,9,0.452359
753,10,0.449657
753,11,0.490390
753,12,0.535928
753,13,0.535928
753,14,0.535928
753,15,0.460721
754,1,0.473956
754,2,0.306372
754,3,0.452848
754,4,0.490465
754,5,0.453528
754,6,0.454374
754,7,0.452823
754,8,0.481814
754,9,0.541212
754,10,0.530632
754,11,0.241763
754,12,0.498262
754,13,0.462420
754,14,0.301284
754,15,0.454919
755,1,0.486746
755,2,0.541212
755,3,0.459012
755,4,0.453395
755,5,0.453345
755,6,0.480211
755,7,0.488557
755,8,0.546623
755,9,0.539797
755,10,0.534338
755,11,0.546623
755,12,0.540671
755,13,0.459012
755,14,0.301284
755,15,0.454919
756,1,0.473956
756,2,0.535093
756,3,0.547371
756,4,0.452359
756,5,0.479176
756,6,0.449614
756,7,0.447882
756,8,0.458537
756,9,0.460192
756,10,0.456649
756,11,0.306372
756,12,0.405085
756,13,0.451739
756,14,0.450783
756,15,0.454374
757,1,0.486746
757,2,0.536450
757,3,0.458120
757,4,0.456001
757,5,0.481504
757,6,0.449614
757,7,0.502835
757,8,0.549676
757,9,0.559623
757,10,0.461727
757,11,0.454374
757,12,0.481814
757,13,0.449614
757,14,0.454374
757,15,0.479866
758,1,0.486746
758,2,0.574110
758,3,0.452359
758,4,0.480437
758,5,0.504719
758,6,0.541212
758,7,0.530632
758,8,0.461432
758,9,0.481615
758,10,0.469088
758,11,0.448564
758,12,0.482040
758,13,0.493594
758,14,0.534249
758,15,0.534598
759,1,0.466824
759,2,0.480437
759,3,0.449614
759,4,0.449657
759,5,0.495178
759,6,0.459141
759,7,0.481615
759,8,0.534946
759,9,0.530461
759,10,0.530461
759,11,0.535909
759,12,0.458120
759,13,0.452910
759,14,0.490390
759,15,0.522271
760,1,0.473956
760,2,0.535127
760,3,0.535073
760,4,0.541212
760,5,0.458120
760,6,0.453395
760,7,0.451383
760,8,0.495178
760,9,0.535073
760,10,0.455038
760,11,0.453112
760,12,0.490465
760,13,0.531208
760,14,0.510703
760,15,0.536226
761,1,0.486746
761,2,0.449614
761,3,0.454374
761,4,0.481814
761,5,0.486802
761,6,0.534495
761,7,0.534249
761,8,0.546623
761,9,0.536450
761,10,0.458120
761,11,0.472559
761,12,0.486802
761,13,0.546623
761,14,0.452359
761,15,0.449669
762,1,0.486746
762,2,0.530461
762,3,0.541212
762,4,0.459012
762,5,0.480122
762,6,0.488557
762,7,0.455326
762,8,0.301284
762,9,0.480211
762,10,0.493594
762,11,0.500261
762,12,0.450901
762,13,0.523747
762,14,0.493916
762,15,0.522271
763,1,0.473956
763,2,0.306372
763,3,0.456913
763,4,0.460725
763,5,0.451207
763,6,0.462163
763,7,0.483063
763,8,0.459403
763,9,0.454374
763,10,0.454919
763,11,0.481249
763,12,0.539678
763,13,0.536094
763,14,0.534531
763,15,0.452293
764,1,0.466824
764,2,0.301284
764,3,0.481814
764,4,0.452359
764,5,0.449669
764,6,0.454919
764,7,0.459428
764,8,0.481615
764,9,0.458829
764,10,0.479077
764,11,0.528706
764,12,0.541212
764,13,0.458120
764,14,0.471204
764,15,0.454915
765,1,0.486746
765,2,0.449614
765,3,0.449657
765,4,0.495178
765,5,0.460140
765,6,0.480437
765,7,0.498355
765,8,0.457090
765,9,0.484275
765,10,0.536450
765,11,0.459012
765,12,0.481615
765,13,0.502743
765,14,0.449614
765,15,0.449669
766,1,0.466824
766,2,0.453112
766,3,0.462420
766,4,0.451004
766,5,0.490390
766,6,0.494656
766,7,0.460721
766,8,0.452707
766,9,0.452823
766,10,0.481814
766,11,0.514986
766,12,0.548848
766,13,0.530461
766,14,0.536450
766,15,0.534249
767,1,0.521122
767,2,0.458749
767,3,0.452910
767,4,0.504123
767,5,0.470565
767,6,0.504196
767,7,0.493594
767,8,0.459012
767,9,0.452645
767,10,0.490465
767,11,0.539678
767,12,0.495783
767,13,0.547430
767,14,0.449614
767,15,0.515668
768,1,0.486746
768,2,0.529871
768,3,0.534815
768,4,0.530461
768,5,0.455326
768,6,0.449669
768,7,0.481814
768,8,0.449614
768,9,0.449669
768,10,0.481814
768,11,0.493594
768,12,0.458120
768,13,0.452707
768,14,0.480211
768,15,0.493594
769,1,0.473956
769,2,0.535093
769,3,0.455038
769,4,0.480338
769,5,0.486802
769,6,0.455326
769,7,0.479077
769,8,0.449614
769,9,0.480338
769,10,0.489709
769,11,0.491687
769,12,0.461432
769,13,0.472103
769,14,0.454915
769,15,0.449669
770,1,0.466824
770,2,0.480437
770,3,0.544869
770,4,0.449614
770,5,0.447882
770,6,0.459168
770,7,0.508193
770,8,0.449614
770,9,0.449657
770,10,0.490465
770,11,0.536013
770,12,0.534249
770,13,0.536450
770,14,0.530632
770,15,0.535073
771,1,0.486746
771,2,0.530461
771,3,0.455326
771,4,0.448007
771,5,0.481814
771,6,0.517085
771,7,0.522955
771,8,0.472186
771,9,0.452359
771,10,0.449657
771,11,0.496481
771,12,0.541212
771,13,0.305480
771,14,0.453395
771,15,0.447337
772,1,0.473956
772,2,0.306372
772,3,0.480122
772,4,0.546623
772,5,0.530767
772,6,0.545274
772,7,0.545274
772,8,0.456734
772,9,0.449669
772,10,0.447952
772,11,0.481449
772,12,0.498355
772,13,0.458120
772,14,0.481615
772,15,0.488557
773,1,0.473956
773,2,0.536094
773,3,0.461432
773,4,0.456913
773,5,0.457016
773,6,0.452359
773,7,0.454374
773,8,0.481814
773,9,0.486802
773,10,0.452359
773,11,0.447882
773,12,0.479856
773,13,0.536395
773,14,0.444514
773,15,0.452707
774,1,0.486746
774,2,0.541212
774,3,0.534338
774,4,0.521767
774,5,0.452359
774,6,0.301284
774,7,0.481814
774,8,0.450783
774,9,0.449657
774,10,0.490390
774,11,0.480526
774,12,0.535928
774,13,0.532282
774,14,0.539357
774,15,0.306372
775,1,0.486746
775,2,0.530461
775,3,0.546623
775,4,0.458071
775,5,0.479077
775,6,0.486802
775,7,0.449614
775,8,0.480338
775,9,0.494471
775,10,0.532606
775,11,0.534531
775,12,0.534916
775,13,0.534249
775,14,0.530461
775,15,0.536450
776,1,0.466824
776,2,0.301284
776,3,0.452656
776,4,0.452823
776,5,0.452823
776,6,0.475886
776,7,0.450783
776,8,0.449657
776,9,0.462420
776,10,0.454744
776,11,0.491679
776,12,0.447528
776,13,0.481615
776,14,0.536450
776,15,0.534338
777,1,0.486746
777,2,0.530461
777,3,0.546623
777,4,0.546623
777,5,0.539797
777,6,0.458120
777,7,0.452848
777,8,0.490390
777,9,0.534551
777,10,0.452359
777,11,0.449669
777,12,0.454919
777,13,0.490465
777,14,0.541212
777,15,0.534338
778,1,0.466824
778,2,0.480437
778,3,0.518760
778,4,0.451022
778,5,0.454374
778,6,0.481814
778,7,0.491171
778,8,0.534581
778,9,0.455038
778,10,0.449669
778,11,0.451383
778,12,0.490390
778,13,0.461432
778,14,0.481615
778,15,0.544869
779,1,0.486746
779,2,0.449614
779,3,0.454374
779,4,0.452823
779,5,0.481814
779,6,0.488557
779,7,0.541212
779,8,0.306372
779,9,0.453395
779,10,0.473742
779,11,0.541212
779,12,0.534338
779,13,0.449614
779,14,0.449657
779,15,0.464673
780,1,0.466824
780,2,0.453112
780,3,0.490390
780,4,0.535073
780,5,0.541212
780,6,0.532606
780,7,0.576875
780,8,0.548848
780,9,0.530461
780,10,0.545274
780,11,0.452359
780,12,0.447882
780,13,0.490390
780,14,0.463713
780,15,0.453395
781,1,0.473956
781,2,0.534058
781,3,0.549036
781,4,0.449614
781,5,0.479077
781,6,0.494471
781,7,0.459012
781,8,0.452848
781,9,0.490390
781,10,0.536395
781,11,0.536395
781,12,0.534876
781,13,0.536395
781,14,0.458558
781,15,0.481615
782,1,0.463993
782,2,0.314447
782,3,0.451383
782,4,0.496481
782,5,0.541212
782,6,0.446755
782,7,0.454325
782,8,0.492756
782,9,0.546623
782,10,0.452359
782,11,0.447882
782,12,0.462420
782,13,0.435141
782,14,0.314137
782,15,0.481814
783,1,0.486746
783,2,0.546623
783,3,0.546623
783,4,0.452359
783,5,0.480338
783,6,0.541212
783,7,0.534249
783,8,0.452880
783,9,0.447882
783,10,0.459428
783,11,0.451004
783,12,0.495645
783,13,0.535928
783,14,0.535928
783,15,0.534531
784,1,0.486746
784,2,0.536450
784,3,0.530632
784,4,0.536561
784,5,0.533097
784,6,0.457847
784,7,0.480122
784,8,0.504719
784,9,0.529111
784,10,0.448277
784,11,0.454374
784,12,0.454919
784,13,0.486653
784,14,0.443754
784,15,0.447882
785,1,0.486746
785,2,0.520515
785,3,0.545580
785,4,0.529111
785,5,0.449614
785,6,0.479077
785,7,0.493594
785,8,0.532606
785,9,0.535073
785,10,0.452293
785,11,0.479077
785,12,0.457660
785,13,0.447857
785,14,0.443327
785,15,0.460663
786,1,0.486746
786,2,0.449614
786,3,0.449669
786,4,0.454919
786,5,0.490390
786,6,0.460721
786,7,0.453395
786,8,0.451383
786,9,0.495178
786,10,0.535073
786,11,0.449614
786,12,0.479077
786,13,0.498355
786,14,0.534249
786,15,0.452359
787,1,0.466824
787,2,0.453112
787,3,0.490390
787,4,0.492218
787,5,0.452880
787,6,0.449669
787,7,0.454919
787,8,0.444354
787,9,0.452434
787,10,0.452823
787,11,0.445330
787,12,0.449614
787,13,0.479077
787,14,0.493594
787,15,0.522172
788,1,0.486746
788,2,0.530461
788,3,0.430471
788,4,0.442525
788,5,0.480338
788,6,0.454915
788,7,0.447882
788,8,0.490390
788,9,0.535708
788,10,0.452880
788,11,0.480338
788,12,0.498355
788,13,0.534338
788,14,0.546258
788,15,0.441839
789,1,0.466824
789,2,0.480437
789,3,0.546623
789,4,0.452359
789,5,0.479077
789,6,0.546623
789,7,0.541212
789,8,0.458120
789,9,0.480122
789,10,0.452359
789,11,0.296580
789,12,0.453154
789,13,0.451383
789,14,0.457671
789,15,0.480122
790,1,0.473956
790,2,0.536094
790,3,0.481653
790,4,0.503295
790,5,0.496481
790,6,0.452359
790,7,0.453112
790,8,0.490390
790,9,0.461432
790,10,0.452645
790,11,0.309364
790,12,0.452707
790,13,0.301451
790,14,0.480211
790,15,0.434589
791,1,0.473956
791,2,0.535093
791,3,0.530461
791,4,0.546930
791,5,0.452359
791,6,0.454374
791,7,0.515668
791,8,0.498772
791,9,0.535093
791,10,0.452359
791,11,0.449657
791,12,0.496481
791,13,0.541212
791,14,0.306372
791,15,0.453395
792,1,0.466824
792,2,0.480437
792,3,0.452359
792,4,0.506369
792,5,0.308374
792,6,0.456649
792,7,0.490465
792,8,0.449614
792,9,0.454374
792,10,0.452823
792,11,0.454919
792,12,0.486653
792,13,0.530843
792,14,0.546623
792,15,0.536450
793,1,0.486746
793,2,0.536450
793,3,0.534338
793,4,0.542578
793,5,0.530632
793,6,0.459352
793,7,0.453395
793,8,0.480211
793,9,0.498355
793,10,0.532606
793,11,0.535073
793,12,0.536013
793,13,0.532606
793,14,0.533978
793,15,0.536450
794,1,0.486746
794,2,0.452359
794,3,0.479077
794,4,0.532565
794,5,0.534249
794,6,0.540774
794,7,0.534249
794,8,0.452359
794,9,0.449669
794,10,0.481814
794,11,0.504719
794,12,0.537823
794,13,0.548191
794,14,0.531208
794,15,0.521767
795,1,0.466824
795,2,0.480437
795,3,0.493594
795,4,0.530632
795,5,0.461432
795,6,0.483114
795,7,0.498355
795,8,0.534249
795,9,0.449614
795,10,0.449657
795,11,0.490390
795,12,0.459141
795,13,0.449292
795,14,0.451832
795,15,0.481615
796,1,0.473956
796,2,0.535093
796,3,0.530507
796,4,0.462060
796,5,0.453112
796,6,0.459428
796,7,0.481460
796,8,0.452359
796,9,0.495071
796,10,0.462420
796,11,0.452707
796,12,0.451383
796,13,0.490465
796,14,0.449614
796,15,0.447882
797,1,0.495545
797,2,0.466824
797,3,0.453112
797,4,0.459428
797,5,0.452848
797,6,0.491679
797,7,0.459852
797,8,0.452848
797,9,0.496481
797,10,0.541212
797,11,0.458120
797,12,0.452707
797,13,0.454919
797,14,0.446111
797,15,0.451004
798,1,0.473956
798,2,0.535093
798,3,0.536450
798,4,0.459012
798,5,0.453395
798,6,0.481814
798,7,0.474493
798,8,0.546675
798,9,0.546623
798,10,0.452359
798,11,0.453112
798,12,0.495545
798,13,0.544118
798,14,0.535093
798,15,0.541212
799,1,0.467425
799,2,0.464166
799,3,0.541212
799,4,0.530632
799,5,0.460721
799,6,0.452645
799,7,0.535093
799,8,0.452359
799,9,0.479176
799,10,0.504719
799,11,0.546623
799,12,0.546623
799,13,0.541212
799,14,0.306372
799,15,0.452848
800,1,0.486746
800,2,0.530461
800,3,0.530461
800,4,0.452359
800,5,0.453112
800,6,0.490390
800,7,0.535928
800,8,0.579640
800,9,0.547940
800,10,0.546623
800,11,0.546623
800,12,0.547988
800,13,0.472167
800,14,0.453694
800,15,0.301451
801,1,0.486746
801,2,0.530461
801,3,0.530461
801,4,0.546623
801,5,0.541212
801,6,0.534338
801,7,0.541212
801,8,0.532606
801,9,0.534531
801,10,0.512390
801,11,0.548848
801,12,0.536450
801,13,0.530632
801,14,0.467425
801,15,0.515052
802,1,0.466824
802,2,0.453112
802,3,0.535093
802,4,0.452359
802,5,0.454374
802,6,0.481602
802,7,0.530461
802,8,0.452359
802,9,0.479077
802,10,0.546623
802,11,0.530367
802,12,0.457456
802,13,0.479176
802,14,0.457660
802,15,0.454374
803,1,0.486746
803,2,0.536450
803,3,0.530632
803,4,0.535928
803,5,0.535073
803,6,0.541212
803,7,0.458120
803,8,0.481615
803,9,0.504719
803,10,0.448277
803,11,0.447882
803,12,0.547988
803,13,0.498414
803,14,0.536094
803,15,0.536395
804,1,0.473956
804,2,0.306372
804,3,0.453395
804,4,0.447337
804,5,0.452653
804,6,0.454802
804,7,0.486653
804,8,0.536013
804,9,0.459012
804,10,0.452645
804,11,0.490465
804,12,0.546258
804,13,0.452359
804,14,0.454374
804,15,0.452823
805,1,0.466824
805,2,0.453112
805,3,0.459428
805,4,0.482953
805,5,0.546623
805,6,0.449614
805,7,0.449657
805,8,0.462420
805,9,0.469239
805,10,0.498355
805,11,0.532606
805,12,0.461432
805,13,0.452848
805,14,0.462163
805,15,0.444582
806,1,0.473956
806,2,0.535093
806,3,0.546623
806,4,0.452359
806,5,0.449657
806,6,0.463492
806,7,0.454341
806,8,0.453112
806,9,0.490465
806,10,0.541212
806,11,0.534249
806,12,0.541212
806,13,0.459012
806,14,0.506369
806,15,0.498533
807,1,0.473956
807,2,0.306372
807,3,0.480122
807,4,0.457660
807,5,0.479176
807,6,0.546623
807,7,0.471050
807,8,0.505465
807,9,0.541212
807,10,0.534120
807,11,0.306372
807,12,0.481930
807,13,0.453528
807,14,0.454374
807,15,0.452823
808,1,0.486746
808,2,0.541212
808,3,0.534338
808,4,0.452359
808,5,0.480338
808,6,0.458829
808,7,0.447882
808,8,0.495178
808,9,0.459141
808,10,0.547988
808,11,0.504196
808,12,0.452359
808,13,0.449669
808,14,0.452823
808,15,0.451265
809,1,0.486746
809,2,0.536450
809,3,0.459012
809,4,0.453112
809,5,0.496481
809,6,0.452359
809,7,0.301284
809,8,0.480211
809,9,0.546623
809,10,0.541212
809,11,0.530632
809,12,0.461432
809,13,0.452946
809,14,0.451383
809,15,0.496481
810,1,0.473956
810,2,0.535093
810,3,0.452359
810,4,0.449657
810,5,0.490465
810,6,0.471833
810,7,0.520854
810,8,0.449614
810,9,0.449657
810,10,0.492518
810,11,0.541212
810,12,0.534338
810,13,0.536013
810,14,0.527788
810,15,0.530843
811,1,0.486746
811,2,0.541212
811,3,0.459012
811,4,0.453112
811,5,0.574110
811,6,0.314447
811,7,0.453112
811,8,0.490390
811,9,0.494656
811,10,0.534531
811,11,0.530096
811,12,0.541212
811,13,0.535004
811,14,0.539678
811,15,0.530632
812,1,0.473956
812,2,0.536094
812,3,0.534531
812,4,0.530843
812,5,0.546623
812,6,0.546623
812,7,0.541212
812,8,0.535093
812,9,0.536450
812,10,0.533704
812,11,0.530445
812,12,0.535004
812,13,0.541212
812,14,0.534249
812,15,0.541212
813,1,0.486746
813,2,0.530461
813,3,0.539797
813,4,0.534249
813,5,0.546623
813,6,0.541212
813,7,0.459012
813,8,0.480122
813,9,0.532565
813,10,0.534249
813,11,0.452359
813,12,0.479077
813,13,0.502965
813,14,0.536450
813,15,0.458120
814,1,0.486746
814,2,0.541212
814,3,0.534338
814,4,0.514624
814,5,0.456331
814,6,0.480437
814,7,0.449614
814,8,0.479077
814,9,0.457660
814,10,0.454374
814,11,0.452823
814,12,0.475886
814,13,0.546623
814,14,0.530767
814,15,0.455326
815,1,0.466824
815,2,0.480437
815,3,0.489709
815,4,0.534249
815,5,0.541212
815,6,0.535093
815,7,0.530096
815,8,0.546623
815,9,0.452359
815,10,0.480338
815,11,0.504719
815,12,0.530461
815,13,0.530461
815,14,0.547988
815,15,0.452359
816,1,0.466824
816,2,0.479866
816,3,0.306980
816,4,0.466679
816,5,0.502064
816,6,0.496481
816,7,0.546623
816,8,0.541212
816,9,0.534249
816,10,0.536450
816,11,0.530632
816,12,0.535928
816,13,0.544426
816,14,0.539240
816,15,0.530632
817,1,0.473956
817,2,0.536094
817,3,0.461432
817,4,0.453395
817,5,0.481814
817,6,0.452359
817,7,0.474712
817,8,0.508817
817,9,0.541212
817,10,0.536094
817,11,0.536561
817,12,0.536094
817,13,0.535093
817,14,0.546623
817,15,0.451022
818,1,0.466824
818,2,0.480437
818,3,0.452359
818,4,0.479077
818,5,0.514805
818,6,0.534790
818,7,0.533073
818,8,0.529784
818,9,0.455038
818,10,0.459594
818,11,0.452823
818,12,0.481449
818,13,0.486802
818,14,0.546623
818,15,0.455326
819,1,0.473956
819,2,0.306372
819,3,0.452707
819,4,0.454919
819,5,0.490390
819,6,0.495123
819,7,0.461432
819,8,0.449292
819,9,0.490390
819,10,0.534531
819,11,0.541848
819,12,0.532114
819,13,0.452359
819,14,0.454374
819,15,0.453112
820,1,0.466824
820,2,0.480437
820,3,0.457660
820,4,0.447857
820,5,0.481814
820,6,0.458829
820,7,0.454374
820,8,0.452823
820,9,0.454919
820,10,0.529077
820,11,0.530461
820,12,0.546623
820,13,0.452359
820,14,0.454374
820,15,0.480211
821,1,0.486746
821,2,0.536450
821,3,0.530632
821,4,0.461432
821,5,0.481615
821,6,0.504719
821,7,0.546623
821,8,0.535036
821,9,0.458120
821,10,0.481615
821,11,0.488557
821,12,0.546623
821,13,0.546623
821,14,0.536450
821,15,0.530632
822,1,0.473956
822,2,0.535093
822,3,0.541212
822,4,0.534338
822,5,0.546623
822,6,0.449614
822,7,0.479077
822,8,0.489709
822,9,0.527879
822,10,0.549016
822,11,0.541212
822,12,0.534249
822,13,0.546623
822,14,0.540846
822,15,0.534871
823,1,0.486746
823,2,0.452359
823,3,0.432981
823,4,0.452656
823,5,0.451265
823,6,0.496481
823,7,0.452293
823,8,0.480338
823,9,0.489709
823,10,0.458120
823,11,0.479881
823,12,0.493821
823,13,0.449614
823,14,0.479176
823,15,0.541212
824,1,0.466824
824,2,0.301284
824,3,0.481814
824,4,0.546623
824,5,0.541212
824,6,0.534249
824,7,0.541212
824,8,0.534249
824,9,0.426354
824,10,0.506369
824,11,0.458982
824,12,0.453112
824,13,0.462420
824,14,0.452645
824,15,0.490465
825,1,0.486746
825,2,0.546623
825,3,0.541212
825,4,0.530632
825,5,0.535073
825,6,0.541212
825,7,0.536094
825,8,0.535093
825,9,0.452359
825,10,0.454374
825,11,0.452656
825,12,0.454919
825,13,0.490390
825,14,0.536395
825,15,0.536395
826,1,0.520477
826,2,0.475782
826,3,0.307084
826,4,0.481930
826,5,0.452359
826,6,0.449657
826,7,0.462420
826,8,0.453395
826,9,0.454919
826,10,0.484210
826,11,0.534531
826,12,0.452359
826,13,0.447882
826,14,0.490390
826,15,0.461432
827,1,0.486746
827,2,0.546623
827,3,0.546623
827,4,0.546623
827,5,0.541212
827,6,0.459012
827,7,0.453395
827,8,0.514275
827,9,0.457456
827,10,0.479176
827,11,0.541212
827,12,0.544118
827,13,0.306372
827,14,0.452645
827,15,0.490390
828,1,0.474816
828,2,0.533487
828,3,0.541212
828,4,0.534249
828,5,0.546623
828,6,0.458896
828,7,0.467536
828,8,0.451383
828,9,0.462420
828,10,0.301973
828,11,0.481814
828,12,0.452359
828,13,0.301284
828,14,0.495545
828,15,0.496797
829,1,0.466824
829,2,0.453112
829,3,0.496481
829,4,0.546623
829,5,0.541212
829,6,0.534338
829,7,0.530461
829,8,0.452359
829,9,0.454374
829,10,0.454919
829,11,0.462420
829,12,0.452910
829,13,0.485516
829,14,0.474180
829,15,0.535093
830,1,0.473956
830,2,0.535093
830,3,0.536450
830,4,0.534338
830,5,0.522196
830,6,0.548191
830,7,0.541212
830,8,0.534249
830,9,0.541212
830,10,0.534946
830,11,0.547430
830,12,0.536450
830,13,0.530632
830,14,0.460063
830,15,0.449494
831,1,0.531294
831,2,0.486128
831,3,0.452359
831,4,0.449657
831,5,0.309364
831,6,0.301973
831,7,0.453112
831,8,0.495178
831,9,0.460721
831,10,0.452707
831,11,0.501076
831,12,0.498527
831,13,0.535093
831,14,0.546623
831,15,0.480650
832,1,0.486746
832,2,0.452359
832,3,0.454374
832,4,0.428732
832,5,0.452653
832,6,0.452823
832,7,0.487309
832,8,0.490748
832,9,0.496481
832,10,0.546623
832,11,0.458071
832,12,0.449657
832,13,0.490465
832,14,0.546623
832,15,0.546623
833,1,0.486746
833,2,0.541212
833,3,0.536094
833,4,0.535093
833,5,0.452359
833,6,0.449669
833,7,0.452823
833,8,0.451383
833,9,0.465007
833,10,0.456035
833,11,0.480211
833,12,0.546623
833,13,0.452359
833,14,0.447882
833,15,0.490465
834,1,0.486746
834,2,0.541212
834,3,0.530632
834,4,0.536395
834,5,0.536395
834,6,0.460721
834,7,0.452946
834,8,0.480211
834,9,0.467425
834,10,0.546623
834,11,0.452359
834,12,0.454374
834,13,0.452823
834,14,0.475886
834,15,0.498355
835,1,0.473956
835,2,0.535093
835,3,0.531208
835,4,0.546623
835,5,0.536450
835,6,0.534249
835,7,0.530461
835,8,0.520779
835,9,0.545580
835,10,0.546623
835,11,0.546623
835,12,0.536450
835,13,0.534058
835,14,0.466824
835,15,0.301284
836,1,0.445859
836,2,0.466752
836,3,0.495535
836,4,0.536561
836,5,0.535073
836,6,0.452880
836,7,0.454374
836,8,0.481814
836,9,0.493594
836,10,0.534249
836,11,0.449614
836,12,0.480338
836,13,0.493594
836,14,0.458120
836,15,0.453395
837,1,0.466824
837,2,0.301284
837,3,0.454919
837,4,0.486653
837,5,0.452293
837,6,0.480338
837,7,0.541212
837,8,0.534249
837,9,0.546623
837,10,0.546623
837,11,0.541212
837,12,0.494540
837,13,0.305080
837,14,0.453112
837,15,0.490390
838,1,0.473956
838,2,0.562031
838,3,0.464406
838,4,0.449657
838,5,0.490390
838,6,0.507121
838,7,0.468981
838,8,0.305480
838,9,0.452645
838,10,0.490390
838,11,0.461432
838,12,0.480122
838,13,0.530461
838,14,0.529111
838,15,0.452359
839,1,0.473956
839,2,0.536094
839,3,0.535073
839,4,0.541212
839,5,0.459058
839,6,0.311808
839,7,0.270057
839,8,0.449476
839,9,0.492669
839,10,0.539240
839,11,0.530632
839,12,0.533040
839,13,0.535073
839,14,0.536450
839,15,0.459012
840,1,0.473956
840,2,0.306039
840,3,0.480122
840,4,0.489709
840,5,0.534249
840,6,0.546623
840,7,0.546623
840,8,0.536450
840,9,0.536094
840,10,0.535952
840,11,0.535073
840,12,0.530461
840,13,0.535036
840,14,0.532606
840,15,0.534531
841,1,0.473956
841,2,0.306372
841,3,0.481615
841,4,0.449614
841,5,0.480338
841,6,0.502965
841,7,0.529111
841,8,0.452359
841,9,0.301284
841,10,0.452656
841,11,0.452823
841,12,0.452218
841,13,0.451383
841,14,0.490390
841,15,0.495123
842,1,0.473956
842,2,0.535093
842,3,0.449614
842,4,0.449669
842,5,0.481814
842,6,0.488557
842,7,0.536450
842,8,0.534338
842,9,0.541212
842,10,0.459012
842,11,0.452707
842,12,0.454919
842,13,0.487019
842,14,0.531140
842,15,0.536395
843,1,0.473956
843,2,0.467425
843,3,0.306039
843,4,0.453112
843,5,0.490465
843,6,0.536450
843,7,0.534249
843,8,0.455559
843,9,0.455062
843,10,0.452823
843,11,0.452653
843,12,0.455448
843,13,0.493683
843,14,0.460721
843,15,0.453395
844,1,0.473956
844,2,0.535093
844,3,0.539240
844,4,0.459012
844,5,0.480122
844,6,0.528706
844,7,0.452359
844,8,0.449657
844,9,0.462420
844,10,0.441700
844,11,0.501076
844,12,0.489402
844,13,0.541212
844,14,0.534338
844,15,0.530096
845,1,0.486746
845,2,0.449614
845,3,0.447882
845,4,0.490390
845,5,0.460721
845,6,0.465112
845,7,0.481814
845,8,0.541212
845,9,0.532606
845,10,0.576760
845,11,0.548630
845,12,0.449614
845,13,0.463334
845,14,0.486725
845,15,0.445778
846,1,0.466824
846,2,0.480437
846,3,0.456084
846,4,0.479077
846,5,0.537327
846,6,0.458120
846,7,0.456001
846,8,0.454919
846,9,0.496481
846,10,0.452359
846,11,0.454374
846,12,0.452823
846,13,0.454919
846,14,0.495783
846,15,0.547430
847,1,0.473956
847,2,0.306372
847,3,0.481615
847,4,0.493594
847,5,0.534338
847,6,0.449614
847,7,0.447882
847,8,0.434589
847,9,0.462087
847,10,0.480437
847,11,0.450783
847,12,0.447882
847,13,0.462420
847,14,0.481615
847,15,0.498355
848,1,0.473956
848,2,0.306372
848,3,0.480122
848,4,0.530461
848,5,0.448277
848,6,0.480437
848,7,0.488557
848,8,0.452359
848,9,0.447882
848,10,0.490465
848,11,0.536450
848,12,0.459012
848,13,0.452707
848,14,0.452656
848,15,0.452653
849,1,0.486746
849,2,0.530461
849,3,0.455326
849,4,0.449657
849,5,0.462420
849,6,0.452707
849,7,0.454919
849,8,0.490390
849,9,0.456813
849,10,0.498703
849,11,0.460721
849,12,0.453395
849,13,0.451383
849,14,0.495178
849,15,0.461432
850,1,0.486746
850,2,0.449614
850,3,0.480338
850,4,0.489709
850,5,0.528322
850,6,0.530843
850,7,0.449614
850,8,0.447882
850,9,0.479856
850,10,0.492218
850,11,0.531208
850,12,0.451022
850,13,0.447882
850,14,0.486502
850,15,0.520535
851,1,0.473956
851,2,0.535093
851,3,0.530461
851,4,0.536450
851,5,0.458120
851,6,0.452707
851,7,0.452823
851,8,0.459801
851,9,0.444403
851,10,0.306372
851,11,0.480122
851,12,0.458829
851,13,0.451180
851,14,0.490390
851,15,0.535928
852,1,0.466824
852,2,0.453112
852,3,0.462420
852,4,0.483063
852,5,0.528706
852,6,0.529111
852,7,0.529418
852,8,0.541212
852,9,0.459012
852,10,0.481615
852,11,0.454915
852,12,0.449669
852,13,0.481814
852,14,0.488557
852,15,0.536450
853,1,0.519457
853,2,0.486128
853,3,0.536450
853,4,0.459012
853,5,0.456690
853,6,0.480839
853,7,0.498073
853,8,0.493204
853,9,0.461432
853,10,0.453395
853,11,0.451383
853,12,0.462420
853,13,0.481615
853,14,0.458829
853,15,0.480338
854,1,0.466824
854,2,0.301284
854,3,0.452823
854,4,0.454919
854,5,0.476118
854,6,0.290278
854,7,0.444333
854,8,0.490465
854,9,0.530461
854,10,0.449614
854,11,0.454374
854,12,0.485306
854,13,0.458829
854,14,0.480338
854,15,0.549866
855,1,0.466824
855,2,0.453112
855,3,0.462420
855,4,0.452645
855,5,0.451832
855,6,0.453123
855,7,0.454198
855,8,0.444403
855,9,0.509205
855,10,0.487307
855,11,0.473742
855,12,0.534120
855,13,0.460721
855,14,0.452848
855,15,0.490390
856,1,0.489181
856,2,0.540988
856,3,0.532606
856,4,0.536395
856,5,0.447387
856,6,0.504196
856,7,0.458180
856,8,0.449657
856,9,0.496481
856,10,0.546623
856,11,0.546623
856,12,0.452359
856,13,0.447882
856,14,0.498445
856,15,0.509881
857,1,0.486746
857,2,0.449614
857,3,0.449669
857,4,0.481602
857,5,0.498355
857,6,0.535004
857,7,0.452293
857,8,0.449669
857,9,0.481814
857,10,0.476990
857,11,0.485448
857,12,0.535073
857,13,0.536450
857,14,0.458120
857,15,0.474471
858,1,0.466824
858,2,0.334611
858,3,0.481814
858,4,0.530461
858,5,0.452359
858,6,0.480338
858,7,0.530461
858,8,0.449614
858,9,0.454374
858,10,0.452656
858,11,0.480211
858,12,0.504719
858,13,0.546623
858,14,0.529111
858,15,0.536450
859,1,0.486746
859,2,0.541212
859,3,0.534249
859,4,0.495545
859,5,0.541212
859,6,0.535093
859,7,0.540774
859,8,0.306372
859,9,0.480122
859,10,0.541212
859,11,0.458120
859,12,0.481615
859,13,0.498355
859,14,0.532606
859,15,0.306372
860,1,0.466824
860,2,0.453112
860,3,0.490465
860,4,0.449614
860,5,0.479077
860,6,0.454915
860,7,0.449669
860,8,0.480211
860,9,0.537327
860,10,0.459012
860,11,0.452848
860,12,0.462420
860,13,0.452434
860,14,0.452823
860,15,0.481814
861,1,0.486746
861,2,0.541212
861,3,0.469324
861,4,0.481615
861,5,0.541212
861,6,0.532606
861,7,0.585424
861,8,0.549016
861,9,0.536013
861,10,0.532606
861,11,0.536395
861,12,0.534551
861,13,0.452359
861,14,0.449657
861,15,0.498073
862,1,0.473956
862,2,0.472792
862,3,0.538883
862,4,0.529077
862,5,0.530461
862,6,0.536450
862,7,0.534249
862,8,0.452880
862,9,0.453112
862,10,0.490465
862,11,0.536450
862,12,0.530632
862,13,0.535928
862,14,0.536395
862,15,0.534531
863,1,0.486746
863,2,0.452359
863,3,0.447882
863,4,0.459428
863,5,0.451004
863,6,0.490390
863,7,0.459852
863,8,0.453395
863,9,0.451383
863,10,0.462420
863,11,0.527474
863,12,0.305080
863,13,0.447546
863,14,0.456813
863,15,0.453357
864,1,0.466824
864,2,0.521767
864,3,0.498527
864,4,0.462420
864,5,0.453395
864,6,0.453486
864,7,0.490465
864,8,0.541212
864,9,0.530632
864,10,0.535073
864,11,0.530461
864,12,0.529418
864,13,0.530461
864,14,0.449614
864,15,0.479077
865,1,0.473956
865,2,0.306372
865,3,0.452707
865,4,0.501076
865,5,0.486855
865,6,0.530461
865,7,0.536450
865,8,0.535501
865,9,0.459018
865,10,0.452707
865,11,0.451383
865,12,0.455463
865,13,0.451004
865,14,0.490465
865,15,0.452359
866,1,0.466824
866,2,0.301284
866,3,0.452656
866,4,0.454802
866,5,0.446111
866,6,0.451004
866,7,0.462420
866,8,0.452848
866,9,0.459428
866,10,0.452645
866,11,0.490390
866,12,0.536395
866,13,0.461432
866,14,0.480122
866,15,0.489709
867,1,0.486746
867,2,0.546623
867,3,0.455326
867,4,0.447882
867,5,0.483147
867,6,0.480429
867,7,0.548281
867,8,0.579136
867,9,0.539797
867,10,0.532606
867,11,0.461432
867,12,0.481615
867,13,0.456084
867,14,0.479077
867,15,0.521767
868,1,0.473956
868,2,0.536094
868,3,0.535073
868,4,0.452814
868,5,0.449657
868,6,0.462521
868,7,0.452434
868,8,0.480211
868,9,0.493594
868,10,0.459012
868,11,0.481615
868,12,0.494471
868,13,0.534338
868,14,0.452293
868,15,0.513957
869,1,0.466824
869,2,0.453112
869,3,0.462420
869,4,0.451207
869,5,0.486653
869,6,0.491542
869,7,0.546623
869,8,0.453989
869,9,0.454374
869,10,0.451383
869,11,0.486653
869,12,0.533703
869,13,0.533187
869,14,0.306372
869,15,0.481615
870,1,0.486746
870,2,0.536450
870,3,0.459012
870,4,0.452645
870,5,0.532282
870,6,0.493408
870,7,0.536094
870,8,0.534531
870,9,0.527538
870,10,0.534338
870,11,0.530096
870,12,0.530461
870,13,0.449614
870,14,0.449669
870,15,0.452823
871,1,0.466824
871,2,0.453112
871,3,0.490465
871,4,0.541212
871,5,0.532606
871,6,0.535928
871,7,0.460721
871,8,0.452257
871,9,0.481814
871,10,0.486802
871,11,0.455326
871,12,0.449657
871,13,0.462521
871,14,0.453395
871,15,0.454919
872,1,0.486746
872,2,0.536450
872,3,0.534058
872,4,0.549036
872,5,0.449614
872,6,0.447882
872,7,0.490390
872,8,0.479957
872,9,0.547005
872,10,0.529418
872,11,0.536450
872,12,0.459012
872,13,0.481615
872,14,0.504719
872,15,0.539256
873,1,0.466824
873,2,0.301284
873,3,0.454919
873,4,0.446111
873,5,0.444582
873,6,0.451832
873,7,0.451004
873,8,0.467425
873,9,0.510423
873,10,0.530461
873,11,0.449614
873,12,0.480338
873,13,0.486802
873,14,0.536450
873,15,0.459012
874,1,0.473956
874,2,0.495783
874,3,0.547430
874,4,0.449614
874,5,0.447882
874,6,0.483147
874,7,0.530096
874,8,0.535909
874,9,0.534249
874,10,0.546623
874,11,0.535036
874,12,0.532606
874,13,0.460721
874,14,0.452848
874,15,0.495178
875,1,0.486746
875,2,0.541212
875,3,0.459012
875,4,0.452848
875,5,0.462420
875,6,0.452645
875,7,0.495645
875,8,0.534531
875,9,0.453502
875,10,0.448564
875,11,0.480338
875,12,0.530461
875,13,0.453989
875,14,0.447882
875,15,0.462420
876,1,0.473956
876,2,0.536094
876,3,0.535928
876,4,0.457847
876,5,0.452645
876,6,0.459428
876,7,0.534946
876,8,0.311119
876,9,0.480437
876,10,0.457660
876,11,0.454374
876,12,0.452823
876,13,0.452823
876,14,0.475530
876,15,0.500334
877,1,0.473956
877,2,0.306372
877,3,0.452645
877,4,0.462420
877,5,0.452848
877,6,0.462420
877,7,0.453395
877,8,0.451383
877,9,0.500525
877,10,0.497892
877,11,0.461513
877,12,0.493468
877,13,0.463713
877,14,0.481615
877,15,0.493594
878,1,0.486746
878,2,0.452359
878,3,0.480338
878,4,0.504719
878,5,0.455326
878,6,0.454374
878,7,0.454919
878,8,0.490465
878,9,0.449614
878,10,0.449669
878,11,0.428732
878,12,0.475886
878,13,0.456084
878,14,0.449657
878,15,0.490390
879,1,0.486746
879,2,0.536450
879,3,0.458120
879,4,0.450916
879,5,0.490390
879,6,0.534531
879,7,0.546623
879,8,0.448277
879,9,0.447882
879,10,0.490390
879,11,0.461432
879,12,0.472103
879,13,0.493594
879,14,0.534338
879,15,0.449614
880,1,0.486746
880,2,0.536450
880,3,0.459012
880,4,0.480122
880,5,0.536450
880,6,0.534338
880,7,0.541212
880,8,0.495545
880,9,0.458678
880,10,0.453395
880,11,0.454919
880,12,0.480839
880,13,0.509730
880,14,0.536395
880,15,0.535928
881,1,0.486746
881,2,0.452359
881,3,0.480338
881,4,0.546623
881,5,0.530461
881,6,0.452359
881,7,0.449657
881,8,0.490390
881,9,0.459141
881,10,0.481615
881,11,0.449614
881,12,0.454374
881,13,0.481814
881,14,0.514986
881,15,0.535952
882,1,0.486746
882,2,0.449614
882,3,0.479077
882,4,0.491445
882,5,0.530461
882,6,0.455326
882,7,0.480338
882,8,0.544869
882,9,0.546623
882,10,0.535036
882,11,0.535004
882,12,0.546623
882,13,0.452359
882,14,0.459504
882,15,0.500334
883,1,0.486746
883,2,0.536450
883,3,0.532606
883,4,0.434589
883,5,0.306750
883,6,0.301284
883,7,0.452656
883,8,0.574110
883,9,0.503017
883,10,0.458896
883,11,0.458169
883,12,0.452656
883,13,0.480211
883,14,0.537327
883,15,0.459012
884,1,0.486746
884,2,0.541212
884,3,0.458120
884,4,0.453395
884,5,0.481814
884,6,0.498355
884,7,0.534249
884,8,0.452880
884,9,0.453112
884,10,0.496481
884,11,0.546623
884,12,0.536450
884,13,0.534338
884,14,0.530461
884,15,0.534495
885,1,0.473956
885,2,0.536094
885,3,0.461432
885,4,0.453395
885,5,0.447337
885,6,0.481814
885,7,0.488557
885,8,0.530461
885,9,0.536450
885,10,0.458120
885,11,0.452645
885,12,0.490390
885,13,0.531140
885,14,0.535073
885,15,0.540774
886,1,0.486746
886,2,0.546623
886,3,0.529111
886,4,0.449614
886,5,0.454374
886,6,0.529878
886,7,0.460253
886,8,0.305147
886,9,0.481615
886,10,0.456151
886,11,0.482266
886,12,0.457660
886,13,0.459268
886,14,0.479999
886,15,0.462522
887,1,0.486746
887,2,0.536450
887,3,0.532606
887,4,0.536395
887,5,0.534876
887,6,0.534145
887,7,0.452293
887,8,0.449657
887,9,0.490390
887,10,0.479957
887,11,0.520157
887,12,0.452426
887,13,0.454374
887,14,0.478039
887,15,0.518923
888,1,0.473956
888,2,0.536094
888,3,0.497695
888,4,0.543747
888,5,0.452293
888,6,0.454374
888,7,0.454919
888,8,0.462420
888,9,0.452848
888,10,0.490465
888,11,0.541212
888,12,0.533990
888,13,0.460387
888,14,0.453395
888,15,0.481814
889,1,0.486746
889,2,0.449614
889,3,0.449657
889,4,0.462420
889,5,0.480122
889,6,0.498355
889,7,0.534249
889,8,0.546623
889,9,0.530461
889,10,0.536450
889,11,0.458120
889,12,0.480122
889,13,0.502965
889,14,0.452359
889,15,0.449669
890,1,0.473956
890,2,0.535093
890,3,0.534916
890,4,0.534249
890,5,0.449614
890,6,0.454871
890,7,0.436547
890,8,0.479846
890,9,0.456084
890,10,0.454374
890,11,0.452823
890,12,0.481814
890,13,0.453441
890,14,0.546056
890,15,0.452293
891,1,0.466824
891,2,0.453112
891,3,0.462420
891,4,0.453123
891,5,0.446645
891,6,0.449476
891,7,0.496481
891,8,0.539240
891,9,0.459012
891,10,0.452645
891,11,0.451832
891,12,0.480839
891,13,0.306248
891,14,0.290266
891,15,0.451383
892,1,0.486746
892,2,0.530461
892,3,0.495545
892,4,0.546623
892,5,0.449614
892,6,0.447882
892,7,0.490465
892,8,0.450135
892,9,0.449669
892,10,0.454919
892,11,0.518987
892,12,0.541280
892,13,0.532606
892,14,0.536395
892,15,0.460721
893,1,0.473956
893,2,0.536094
893,3,0.535928
893,4,0.514460
893,5,0.447054
893,6,0.472418
893,7,0.454915
893,8,0.478563
893,9,0.488557
893,10,0.530461
893,11,0.536450
893,12,0.534338
893,13,0.530096
893,14,0.455326
893,15,0.480338
894,1,0.486746
894,2,0.452359
894,3,0.447882
894,4,0.462420
894,5,0.452707
894,6,0.451383
894,7,0.491807
894,8,0.460721
894,9,0.452848
894,10,0.490465
894,11,0.452359
894,12,0.446645
894,13,0.454374
894,14,0.454919
894,15,0.462420
895,1,0.473956
895,2,0.536094
895,3,0.535073
895,4,0.530461
895,5,0.458071
895,6,0.454374
895,7,0.454919
895,8,0.462420
895,9,0.480122
895,10,0.537327
895,11,0.459012
895,12,0.481615
895,13,0.494471
895,14,0.534338
895,15,0.530461
896,1,0.486746
896,2,0.530461
896,3,0.530461
896,4,0.449614
896,5,0.465431
896,6,0.457660
896,7,0.447882
896,8,0.495178
896,9,0.492218
896,10,0.530096
896,11,0.530461
896,12,0.529111
896,13,0.451022
896,14,0.301284
896,15,0.454919
897,1,0.486746
897,2,0.449614
897,3,0.447882
897,4,0.459058
897,5,0.497967
897,6,0.535928
897,7,0.535928
897,8,0.534876
897,9,0.461432
897,10,0.452645
897,11,0.495178
897,12,0.492218
897,13,0.450135
897,14,0.449657
897,15,0.486502
898,1,0.486746
898,2,0.449614
898,3,0.449669
898,4,0.481814
898,5,0.530461
898,6,0.471833
898,7,0.544695
898,8,0.450783
898,9,0.479077
898,10,0.488557
898,11,0.530461
898,12,0.455326
898,13,0.447882
898,14,0.490390
898,15,0.461432
899,1,0.473956
899,2,0.535093
899,3,0.449614
899,4,0.480338
899,5,0.541212
899,6,0.458120
899,7,0.480122
899,8,0.449614
899,9,0.449657
899,10,0.443116
899,11,0.450618
899,12,0.453112
899,13,0.462420
899,14,0.484038
899,15,0.504719
900,1,0.473956
900,2,0.306372
900,3,0.452848
900,4,0.495178
900,5,0.535073
900,6,0.452359
900,7,0.480437
900,8,0.452359
900,9,0.453112
900,10,0.490465
900,11,0.452359
900,12,0.466679
900,13,0.502064
900,14,0.535093
900,15,0.529795
901,1,0.486746
901,2,0.546623
901,3,0.518839
901,4,0.486128
901,5,0.541212
901,6,0.534338
901,7,0.541212
901,8,0.534338
901,9,0.536013
901,10,0.534338
901,11,0.541212
901,12,0.306372
901,13,0.463545
901,14,0.516241
901,15,0.473742
902,1,0.486746
902,2,0.546623
902,3,0.541212
902,4,0.532606
902,5,0.536395
902,6,0.460721
902,7,0.452645
902,8,0.535952
902,9,0.493352
902,10,0.460721
902,11,0.452848
902,12,0.495178
902,13,0.449317
902,14,0.458347
902,15,0.459171
903,1,0.534946
903,2,0.464078
903,3,0.301284
903,4,0.452823
903,5,0.452653
903,6,0.475886
903,7,0.532565
903,8,0.527879
903,9,0.547378
903,10,0.450135
903,11,0.454374
903,12,0.481814
903,13,0.456084
903,14,0.479077
903,15,0.488557
904,1,0.486746
904,2,0.449614
904,3,0.467425
904,4,0.296580
904,5,0.451383
904,6,0.462420
904,7,0.452707
904,8,0.481814
904,9,0.454915
904,10,0.480338
904,11,0.486802
904,12,0.533913
904,13,0.541212
904,14,0.459012
904,15,0.466679
905,1,0.466824
905,2,0.453112
905,3,0.490465
905,4,0.530461
905,5,0.546930
905,6,0.530461
905,7,0.537459
905,8,0.545566
905,9,0.541212
905,10,0.534120
905,11,0.530263
905,12,0.534531
905,13,0.530843
905,14,0.535036
905,15,0.458120
906,1,0.473956
906,2,0.521767
906,3,0.544118
906,4,0.307084
906,5,0.453395
906,6,0.500261
906,7,0.481814
906,8,0.536450
906,9,0.458120
906,10,0.451073
906,11,0.462420
906,12,0.441428
906,13,0.429600
906,14,0.479846
906,15,0.450783
907,1,0.473956
907,2,0.535093
907,3,0.534916
907,4,0.530632
907,5,0.535073
907,6,0.452814
907,7,0.454374
907,8,0.480211
907,9,0.486463
907,10,0.536450
907,11,0.534338
907,12,0.534916
907,13,0.530632
907,14,0.533954
907,15,0.534687
908,1,0.486746
908,2,0.546623
908,3,0.452359
908,4,0.449669
908,5,0.520973
908,6,0.521810
908,7,0.496758
908,8,0.306372
908,9,0.453395
908,10,0.454198
908,11,0.452436
908,12,0.474057
908,13,0.502791
908,14,0.449614
908,15,0.447882
909,1,0.466824
909,2,0.311119
909,3,0.481814
909,4,0.488557
909,5,0.530461
909,6,0.534495
909,7,0.458120
909,8,0.481615
909,9,0.489709
909,10,0.534338
909,11,0.480650
909,12,0.438214
909,13,0.479077
909,14,0.536450
909,15,0.534249
910,1,0.473956
910,2,0.535093
910,3,0.539678
910,4,0.534338
910,5,0.541212
910,6,0.534338
910,7,0.530461
910,8,0.536450
910,9,0.458120
910,10,0.471204
910,11,0.536450
910,12,0.534338
910,13,0.452359
910,14,0.449669
910,15,0.454919
911,1,0.486746
911,2,0.541212
911,3,0.458120
911,4,0.452645
911,5,0.459428
911,6,0.521767
911,7,0.481460
911,8,0.449614
911,9,0.449669
911,10,0.481602
911,11,0.504719
911,12,0.449614
911,13,0.480338
911,14,0.454915
911,15,0.449657
912,1,0.466824
912,2,0.453112
912,3,0.496481
912,4,0.530096
912,5,0.535036
912,6,0.534338
912,7,0.449614
912,8,0.447882
912,9,0.462420
912,10,0.481460
912,11,0.486802
912,12,0.530767
912,13,0.456734
912,14,0.454374
912,15,0.452823
913,1,0.466824
913,2,0.453112
913,3,0.490465
913,4,0.464335
913,5,0.447882
913,6,0.490465
913,7,0.547371
913,8,0.521290
913,9,0.534790
913,10,0.536094
913,11,0.461432
913,12,0.484607
913,13,0.498355
913,14,0.534338
913,15,0.530843
914,1,0.486746
914,2,0.494591
914,3,0.452426
914,4,0.449454
914,5,0.462420
914,6,0.452707
914,7,0.452656
914,8,0.451383
914,9,0.306039
914,10,0.468038
914,11,0.482040
914,12,0.452819
914,13,0.482366
914,14,0.504719
914,15,0.534495
915,1,0.466824
915,2,0.301284
915,3,0.481814
915,4,0.498355
915,5,0.459012
915,6,0.480122
915,7,0.541212
915,8,0.459012
915,9,0.481615
915,10,0.557856
915,11,0.532732
915,12,0.449614
915,13,0.449657
915,14,0.490390
915,15,0.492760
916,1,0.486746
916,2,0.536450
916,3,0.530632
916,4,0.534531
916,5,0.434589
916,6,0.540239
916,7,0.469194
916,8,0.467425
916,9,0.547430
916,10,0.536450
916,11,0.534338
916,12,0.541212
916,13,0.534338
916,14,0.546623
916,15,0.452359
917,1,0.466824
917,2,0.453112
917,3,0.496481
917,4,0.530461
917,5,0.541212
917,6,0.530632
917,7,0.458939
917,8,0.501566
917,9,0.492756
917,10,0.452359
917,11,0.296580
917,12,0.451383
917,13,0.459428
917,14,0.453395
917,15,0.499137
918,1,0.473956
918,2,0.535093
918,3,0.455038
918,4,0.480338
918,5,0.546623
918,6,0.541212
918,7,0.458120
918,8,0.452848
918,9,0.490465
918,10,0.452359
918,11,0.480338
918,12,0.504719
918,13,0.579136
918,14,0.461727
918,15,0.516911
919,1,0.466824
919,2,0.351029
919,3,0.459056
919,4,0.502459
919,5,0.541212
919,6,0.306372
919,7,0.480122
919,8,0.541212
919,9,0.536094
919,10,0.516473
919,11,0.535093
919,12,0.546623
919,13,0.451022
919,14,0.447882
919,15,0.521767
920,1,0.473956
920,2,0.306372
920,3,0.467711
920,4,0.489748
920,5,0.495178
920,6,0.461432
920,7,0.463568
920,8,0.462420
920,9,0.453112
920,10,0.467926
920,11,0.526953
920,12,0.549036
920,13,0.546623
920,14,0.541212
920,15,0.495545
921,1,0.466824
921,2,0.453112
921,3,0.490390
921,4,0.536561
921,5,0.534531
921,6,0.452359
921,7,0.459676
921,8,0.480437
921,9,0.541212
921,10,0.532606
921,11,0.536395
921,12,0.461432
921,13,0.481615
921,14,0.468310
921,15,0.449669
922,1,0.486746
922,2,0.449614
922,3,0.447882
922,4,0.490465
922,5,0.452814
922,6,0.480338
922,7,0.541212
922,8,0.532606
922,9,0.535073
922,10,0.534916
922,11,0.536094
922,12,0.535073
922,13,0.546623
922,14,0.530461
922,15,0.541212
923,1,0.574110
923,2,0.469194
923,3,0.463492
923,4,0.301284
923,5,0.301451
923,6,0.454919
923,7,0.505581
923,8,0.535022
923,9,0.546623
923,10,0.452359
923,11,0.454374
923,12,0.454919
923,13,0.490465
923,14,0.541212
923,15,0.459012
924,1,0.473956
924,2,0.306372
924,3,0.452645
924,4,0.462420
924,5,0.481930
924,6,0.453528
924,7,0.480338
924,8,0.504719
924,9,0.452359
924,10,0.479077
924,11,0.494471
924,12,0.459012
924,13,0.481615
924,14,0.452359
924,15,0.449657
925,1,0.486746
925,2,0.546623
925,3,0.541212
925,4,0.534338
925,5,0.452293
925,6,0.454374
925,7,0.480211
925,8,0.456084
925,9,0.449657
925,10,0.490465
925,11,0.530096
925,12,0.530461
925,13,0.530461
925,14,0.546623
925,15,0.540671
926,1,0.486746
926,2,0.452359
926,3,0.520439
926,4,0.501957
926,5,0.536094
926,6,0.460721
926,7,0.452645
926,8,0.490390
926,9,0.536395
926,10,0.534531
926,11,0.529795
926,12,0.530632
926,13,0.527285
926,14,0.546623
926,15,0.529111
927,1,0.486746
927,2,0.452359
927,3,0.480338
927,4,0.536450
927,5,0.530632
927,6,0.536395
927,7,0.460721
927,8,0.452645
927,9,0.490465
927,10,0.449614
927,11,0.454374
927,12,0.452823
927,13,0.454919
927,14,0.457671
927,15,0.485318
928,1,0.486746
928,2,0.530461
928,3,0.546623
928,4,0.532880
928,5,0.456734
928,6,0.471203
928,7,0.497309
928,8,0.464406
928,9,0.480338
928,10,0.537327
928,11,0.459012
928,12,0.452645
928,13,0.462420
928,14,0.457173
928,15,0.463699
929,1,0.466824
929,2,0.301284
929,3,0.452656
929,4,0.451383
929,5,0.491807
929,6,0.534531
929,7,0.541212
929,8,0.458120
929,9,0.452848
929,10,0.490390
929,11,0.536395
929,12,0.461432
929,13,0.452848
929,14,0.495178
929,15,0.535928
930,1,0.473956
930,2,0.535093
930,3,0.452359
930,4,0.454374
930,5,0.481814
930,6,0.450783
930,7,0.449669
930,8,0.452823
930,9,0.454802
930,10,0.490390
930,11,0.492760
930,12,0.520813
930,13,0.540841
930,14,0.307084
930,15,0.481615
931,1,0.533120
931,2,0.486128
931,3,0.541212
931,4,0.530632
931,5,0.534984
931,6,0.553033
931,7,0.458053
931,8,0.520439
931,9,0.493311
931,10,0.496481
931,11,0.530367
931,12,0.546930
931,13,0.449614
931,14,0.479077
931,15,0.505853
932,1,0.473956
932,2,0.536094
932,3,0.535928
932,4,0.536395
932,5,0.535073
932,6,0.541212
932,7,0.462823
932,8,0.301973
932,9,0.486263
932,10,0.461058
932,11,0.490390
932,12,0.536395
932,13,0.534876
932,14,0.458558
932,15,0.472103
933,1,0.466824
933,2,0.301284
933,3,0.454919
933,4,0.444354
933,5,0.454744
933,6,0.490390
933,7,0.459852
933,8,0.481615
933,9,0.457660
933,10,0.454374
933,11,0.452656
933,12,0.515477
933,13,0.484374
933,14,0.535909
933,15,0.458120
934,1,0.486746
934,2,0.546623
934,3,0.541212
934,4,0.534338
934,5,0.521290
934,6,0.534905
934,7,0.452359
934,8,0.479077
934,9,0.493594
934,10,0.534249
934,11,0.530461
934,12,0.520821
934,13,0.452359
934,14,0.480338
934,15,0.449614
935,1,0.486746
935,2,0.437005
935,3,0.457702
935,4,0.480211
935,5,0.541212
935,6,0.548191
935,7,0.461727
935,8,0.480437
935,9,0.541212
935,10,0.536094
935,11,0.535093
935,12,0.452359
935,13,0.000000
935,14,0.502791
935,15,0.434589
936,1,0.466824
936,2,0.301284
936,3,0.478039
936,4,0.498692
936,5,0.452359
936,6,0.454374
936,7,0.451383
936,8,0.490390
936,9,0.522271
936,10,0.452359
936,11,0.447882
936,12,0.462420
936,13,0.452848
936,14,0.496481
936,15,0.541212
937,1,0.486746
937,2,0.541212
937,3,0.536094
937,4,0.536395
937,5,0.536395
937,6,0.535073
937,7,0.541212
937,8,0.532606
937,9,0.535093
937,10,0.452359
937,11,0.453112
937,12,0.544118
937,13,0.534531
937,14,0.541212
937,15,0.544118
938,1,0.473956
938,2,0.549036
938,3,0.546623
938,4,0.452359
938,5,0.301284
938,6,0.452656
938,7,0.452656
938,8,0.480437
938,9,0.541212
938,10,0.535093
938,11,0.546623
938,12,0.452359
938,13,0.454374
938,14,0.451383
938,15,0.543020
939,1,0.473956
939,2,0.306372
939,3,0.480437
939,4,0.546623
939,5,0.452359
939,6,0.454374
939,7,0.452656
939,8,0.454919
939,9,0.462420
939,10,0.453395
939,11,0.452656
939,12,0.481814
939,13,0.546623
939,14,0.541212
939,15,0.458120
940,1,0.473956
940,2,0.536094
940,3,0.306039
940,4,0.453112
940,5,0.490465
940,6,0.541212
940,7,0.459012
940,8,0.301284
940,9,0.454919
940,10,0.462420
940,11,0.452848
940,12,0.309364
940,13,0.452707
940,14,0.451383
940,15,0.496481
941,1,0.466824
941,2,0.301284
941,3,0.483348
941,4,0.495783
941,5,0.473956
941,6,0.544118
941,7,0.536561
941,8,0.535928
941,9,0.513993
941,10,0.306039
941,11,0.452910
941,12,0.490390
941,13,0.460721
941,14,0.480122
941,15,0.546623
942,1,0.466824
942,2,0.480437
942,3,0.546623
942,4,0.548001
942,5,0.505408
942,6,0.470750
942,7,0.461194
942,8,0.498703
942,9,0.535093
942,10,0.452359
942,11,0.480338
942,12,0.546623
942,13,0.541212
942,14,0.536094
942,15,0.306372
943,1,0.474816
943,2,0.314447
943,3,0.452707
943,4,0.451383
943,5,0.495783
943,6,0.306039
943,7,0.301284
943,8,0.454919
943,9,0.481249
943,10,0.546623
943,11,0.546623
943,12,0.546623
943,13,0.538777
943,14,0.546675
943,15,0.452359
944,1,0.473956
944,2,0.536094
944,3,0.534531
944,4,0.541212
944,5,0.306372
944,6,0.453112
944,7,0.496481
944,8,0.452359
944,9,0.480437
944,10,0.452359
944,11,0.480437
944,12,0.541212
944,13,0.535093
944,14,0.546623
944,15,0.458386
945,1,0.466824
945,2,0.453112
945,3,0.495178
945,4,0.535073
945,5,0.546623
945,6,0.546623
945,7,0.546623
945,8,0.452359
945,9,0.467425
945,10,0.498527
945,11,0.536094
945,12,0.535928
945,13,0.536395
945,14,0.306372
945,15,0.301284
946,1,0.486746
946,2,0.530461
946,3,0.452359
946,4,0.449669
946,5,0.452656
946,6,0.301284
946,7,0.481814
946,8,0.541212
946,9,0.535004
946,10,0.452359
946,11,0.453112
946,12,0.496481
946,13,0.541212
946,14,0.535093
946,15,0.495545
947,1,0.486746
947,2,0.546623
947,3,0.452359
947,4,0.493604
947,5,0.469418
947,6,0.536094
947,7,0.535928
947,8,0.535928
947,9,0.535928
947,10,0.460721
947,11,0.476633
947,12,0.462087
947,13,0.495545
947,14,0.501733
947,15,0.306372
948,1,0.486746
948,2,0.546623
948,3,0.546623
948,4,0.541212
948,5,0.459012
948,6,0.481930
948,7,0.541212
948,8,0.527879
948,9,0.461098
948,10,0.452707
948,11,0.451383
948,12,0.510423
948,13,0.546623
948,14,0.541212
948,15,0.535004
949,1,0.486746
949,2,0.541212
949,3,0.534338
949,4,0.546623
949,5,0.452359
949,6,0.480338
949,7,0.541212
949,8,0.534338
949,9,0.452359
949,10,0.479176
949,11,0.452359
949,12,0.301284
949,13,0.452823
949,14,0.452656
949,15,0.452656
950,1,0.473956
950,2,0.535093
950,3,0.452359
950,4,0.479866
950,5,0.464198
950,6,0.453112
950,7,0.529077
950,8,0.452359
950,9,0.454374
950,10,0.451383
950,11,0.462420
950,12,0.453395
950,13,0.452823
950,14,0.444403
950,15,0.529077
951,1,0.466824
951,2,0.480437
951,3,0.452359
951,4,0.453112
951,5,0.490390
951,6,0.534531
951,7,0.541212
951,8,0.535093
951,9,0.541212
951,10,0.536094
951,11,0.547172
951,12,0.457456
951,13,0.453112
951,14,0.495178
951,15,0.461432
952,1,0.466824
952,2,0.301284
952,3,0.452823
952,4,0.452656
952,5,0.481814
952,6,0.452359
952,7,0.301284
952,8,0.462423
952,9,0.490390
952,10,0.535928
952,11,0.538943
952,12,0.535928
952,13,0.307084
952,14,0.452848
952,15,0.490465
953,1,0.486746
953,2,0.546623
953,3,0.452359
953,4,0.301284
953,5,0.453112
953,6,0.490465
953,7,0.541212
953,8,0.306372
953,9,0.481615
953,10,0.452359
953,11,0.301284
953,12,0.452656
953,13,0.514275
953,14,0.474180
953,15,0.536094
954,1,0.466824
954,2,0.453112
954,3,0.459428
954,4,0.453112
954,5,0.490390
954,6,0.534531
954,7,0.452359
954,8,0.296580
954,9,0.452656
954,10,0.498527
954,11,0.503202
954,12,0.306372
954,13,0.477873
954,14,0.311119
954,15,0.480437
955,1,0.474816
955,2,0.314447
955,3,0.480122
955,4,0.533913
955,5,0.546623
955,6,0.546623
955,7,0.546623
955,8,0.452359
955,9,0.480338
955,10,0.541212
955,11,0.532606
955,12,0.306372
955,13,0.452707
955,14,0.452656
955,15,0.480437
956,1,0.473956
956,2,0.536094
956,3,0.306372
956,4,0.451927
956,5,0.482040
956,6,0.452359
956,7,0.454374
956,8,0.481814
956,9,0.498355
956,10,0.534120
956,11,0.536395
956,12,0.535073
956,13,0.546623
956,14,0.541212
956,15,0.535093
957,1,0.466824
957,2,0.301284
957,3,0.480211
957,4,0.452359
957,5,0.479077
957,6,0.546623
957,7,0.452359
957,8,0.301284
957,9,0.451383
957,10,0.459428
957,11,0.453112
957,12,0.462420
957,13,0.481615
957,14,0.452359
957,15,0.449657
958,1,0.473956
958,2,0.535093
958,3,0.546623
958,4,0.546623
958,5,0.452359
958,6,0.480338
958,7,0.541212
958,8,0.534120
958,9,0.536561
958,10,0.535093
958,11,0.520813
958,12,0.452426
958,13,0.301973
958,14,0.481814
958,15,0.546623
959,1,0.486746
959,2,0.541212
959,3,0.459012
959,4,0.452645
959,5,0.459428
959,6,0.453112
959,7,0.490390
959,8,0.535928
959,9,0.535073
959,10,0.541212
959,11,0.491894
959,12,0.311808
959,13,0.453112
959,14,0.490465
959,15,0.541212
960,1,0.473956
960,2,0.536094
960,3,0.461432
960,4,0.481615
960,5,0.546623
960,6,0.546623
960,7,0.452359
960,8,0.449657
960,9,0.464673
960,10,0.506855
960,11,0.452359
960,12,0.296580
960,13,0.474604
960,14,0.540988
960,15,0.306372
961,1,0.473956
961,2,0.549036
961,3,0.541212
961,4,0.305480
961,5,0.452707
961,6,0.480211
961,7,0.541212
961,8,0.534120
961,9,0.536094
961,10,0.538218
961,11,0.469129
961,12,0.452848
961,13,0.495178
961,14,0.461432
961,15,0.481615
962,1,0.473956
962,2,0.536094
962,3,0.536094
962,4,0.460721
962,5,0.452645
962,6,0.490390
962,7,0.534531
962,8,0.452359
962,9,0.301284
962,10,0.455448
962,11,0.492328
962,12,0.452359
962,13,0.454374
962,14,0.452823
962,15,0.481814
963,1,0.486746
963,2,0.541212
963,3,0.467425
963,4,0.547430
963,5,0.546623
963,6,0.541212
963,7,0.536094
963,8,0.306372
963,9,0.452707
963,10,0.301451
963,11,0.534946
963,12,0.501733
963,13,0.306372
963,14,0.452707
963,15,0.481814
964,1,0.473956
964,2,0.306372
964,3,0.301284
964,4,0.451383
964,5,0.306372
964,6,0.452707
964,7,0.480211
964,8,0.538777
964,9,0.538804
964,10,0.535073
964,11,0.546623
964,12,0.546623
964,13,0.546623
964,14,0.452359
964,15,0.480437
965,1,0.466824
965,2,0.301284
965,3,0.451383
965,4,0.462420
965,5,0.452645
965,6,0.496481
965,7,0.546623
965,8,0.452359
965,9,0.449657
965,10,0.496481
965,11,0.546623
965,12,0.541212
965,13,0.306372
965,14,0.453395
965,15,0.480211
966,1,0.466824
966,2,0.467425
966,3,0.503017
966,4,0.546623
966,5,0.541212
966,6,0.306372
966,7,0.452707
966,8,0.454919
966,9,0.490390
966,10,0.534531
966,11,0.449614
966,12,0.301284
966,13,0.452656
966,14,0.454919
966,15,0.492503
967,1,0.486746
967,2,0.546623
967,3,0.541212
967,4,0.534338
967,5,0.546623
967,6,0.546623
967,7,0.576623
967,8,0.449614
967,9,0.301284
967,10,0.301284
967,11,0.480211
967,12,0.452359
967,13,0.301284
967,14,0.452823
967,15,0.451383
968,1,0.466824
968,2,0.480437
968,3,0.452359
968,4,0.449669
968,5,0.480211
968,6,0.546623
968,7,0.452359
968,8,0.451338
968,9,0.495178
968,10,0.494656
968,11,0.536395
968,12,0.460721
968,13,0.452707
968,14,0.480211
968,15,0.546623
969,1,0.473956
969,2,0.494540
969,3,0.457456
969,4,0.296580
969,5,0.452656
969,6,0.480211
969,7,0.546623
969,8,0.452359
969,9,0.449669
969,10,0.454919
969,11,0.496481
969,12,0.541212
969,13,0.534249
969,14,0.546623
969,15,0.456480
970,1,0.486746
970,2,0.541212
970,3,0.534249
970,4,0.541212
970,5,0.585922
970,6,0.460387
970,7,0.452707
970,8,0.480211
970,9,0.574110
970,10,0.531079
970,11,0.564999
970,12,0.457719
970,13,0.452707
970,14,0.452823
970,15,0.452823
971,1,0.466824
971,2,0.480437
971,3,0.452359
971,4,0.467471
971,5,0.540988
971,6,0.535093
971,7,0.452359
971,8,0.301284
971,9,0.451383
971,10,0.531306
971,11,0.460721
971,12,0.481930
971,13,0.452359
971,14,0.480338
971,15,0.546623
972,1,0.473956
972,2,0.306372
972,3,0.452848
972,4,0.490390
972,5,0.535073
972,6,0.546623
972,7,0.541212
972,8,0.532606
972,9,0.536395
972,10,0.535928
972,11,0.536094
972,12,0.536094
972,13,0.306372
972,14,0.452707
972,15,0.480437
973,1,0.486746
973,2,0.532657
973,3,0.518965
973,4,0.474180
973,5,0.306372
973,6,0.479866
973,7,0.490503
973,8,0.306372
973,9,0.301284
973,10,0.453112
973,11,0.309364
973,12,0.301284
973,13,0.480211
973,14,0.452359
973,15,0.301284
974,1,0.486746
974,2,0.452359
974,3,0.296580
974,4,0.452656
974,5,0.452823
974,6,0.480211
974,7,0.540988
974,8,0.536094
974,9,0.460721
974,10,0.453112
974,11,0.490390
974,12,0.536094
974,13,0.306750
974,14,0.453112
974,15,0.490465
975,1,0.486746
975,2,0.546623
975,3,0.541212
975,4,0.458120
975,5,0.453395
975,6,0.451383
975,7,0.536094
975,8,0.535093
975,9,0.541212
975,10,0.535093
975,11,0.546623
975,12,0.452359
975,13,0.480437
975,14,0.546623
975,15,0.547242
976,1,0.486746
976,2,0.452359
976,3,0.447882
976,4,0.496481
976,5,0.546623
976,6,0.546623
976,7,0.541212
976,8,0.534338
976,9,0.564999
976,10,0.520813
976,11,0.306372
976,12,0.301284
976,13,0.451383
976,14,0.462420
976,15,0.446223
977,1,0.442102
977,2,0.456319
977,3,0.496481
977,4,0.452359
977,5,0.296580
977,6,0.480211
977,7,0.541212
977,8,0.306372
977,9,0.452707
977,10,0.451383
977,11,0.459428
977,12,0.452848
977,13,0.459428
977,14,0.452707
977,15,0.480211
978,1,0.466824
978,2,0.480437
978,3,0.546623
978,4,0.452359
978,5,0.453112
978,6,0.549036
978,7,0.452359
978,8,0.451338
978,9,0.459428
978,10,0.453112
978,11,0.462420
978,12,0.480437
978,13,0.541212
978,14,0.306039
978,15,0.301284
979,1,0.466824
979,2,0.480437
979,3,0.452359
979,4,0.480437
979,5,0.541212
979,6,0.536094
979,7,0.535093
979,8,0.546623
979,9,0.452359
979,10,0.301284
979,11,0.453112
979,12,0.446879
979,13,0.465870
979,14,0.480211
979,15,0.537327
980,1,0.466824
980,2,0.301284
980,3,0.480211
980,4,0.452359
980,5,0.447882
980,6,0.496481
980,7,0.549676
980,8,0.547242
980,9,0.452359
980,10,0.453112
980,11,0.462420
980,12,0.456385
980,13,0.463863
980,14,0.542814
980,15,0.533796
981,1,0.466824
981,2,0.453112
981,3,0.496481
981,4,0.541212
981,5,0.532606
981,6,0.535073
981,7,0.546623
981,8,0.574110
981,9,0.458982
981,10,0.301284
981,11,0.452823
981,12,0.452823
981,13,0.454919
981,14,0.511692
981,15,0.460721
982,1,0.466824
982,2,0.301284
982,3,0.452823
982,4,0.448513
982,5,0.506369
982,6,0.489402
982,7,0.541212
982,8,0.532606
982,9,0.544585
982,10,0.461432
982,11,0.506369
982,12,0.464078
982,13,0.301284
982,14,0.481814
982,15,0.546623
983,1,0.486746
983,2,0.541212
983,3,0.535093
983,4,0.534916
983,5,0.534249
983,6,0.434260
983,7,0.411744
983,8,0.463398
983,9,0.449544
983,10,0.490390
983,11,0.486744
983,12,0.530461
983,13,0.452359
983,14,0.454374
983,15,0.454919
984,1,0.466824
984,2,0.301284
984,3,0.480211
984,4,0.541212
984,5,0.535093
984,6,0.452359
984,7,0.296580
984,8,0.452656
984,9,0.452823
984,10,0.477873
984,11,0.504394
984,12,0.541212
984,13,0.536094
984,14,0.535093
984,15,0.541212
985,1,0.466824
985,2,0.480437
985,3,0.579136
985,4,0.547242
985,5,0.450761
985,6,0.453086
985,7,0.495178
985,8,0.306372
985,9,0.452707
985,10,0.452823
985,11,0.452823
985,12,0.475886
985,13,0.541212
985,14,0.530495
985,15,0.460387
986,1,0.473956
986,2,0.535093
986,3,0.546623
986,4,0.541212
986,5,0.493297
986,6,0.486128
986,7,0.541212
986,8,0.442366
986,9,0.447626
986,10,0.452656
986,11,0.301451
986,12,0.452823
986,13,0.453112
986,14,0.510423
986,15,0.452359
987,1,0.466824
987,2,0.480437
987,3,0.546623
987,4,0.546623
987,5,0.546623
987,6,0.546623
987,7,0.452359
987,8,0.480437
987,9,0.546623
987,10,0.452359
987,11,0.453112
987,12,0.459428
987,13,0.453112
987,14,0.483527
987,15,0.311808
988,1,0.473956
988,2,0.544118
988,3,0.342360
988,4,0.304613
988,5,0.301284
988,6,0.453112
988,7,0.544118
988,8,0.544118
988,9,0.306039
988,10,0.498527
988,11,0.555304
988,12,0.540988
988,13,0.544118
988,14,0.544361
988,15,0.468795
989,1,0.473956
989,2,0.535093
989,3,0.546623
989,4,0.546623
989,5,0.541212
989,6,0.534338
989,7,0.541212
989,8,0.535093
989,9,0.546623
989,10,0.541212
989,11,0.306372
989,12,0.453395
989,13,0.452656
989,14,0.480211
989,15,0.541212
990,1,0.492131
990,2,0.474180
990,3,0.535004
990,4,0.452359
990,5,0.480437
990,6,0.546623
990,7,0.452359
990,8,0.451338
990,9,0.459428
990,10,0.452707
990,11,0.481814
990,12,0.541212
990,13,0.534338
990,14,0.541212
990,15,0.306372
991,1,0.486746
991,2,0.541212
991,3,0.535093
991,4,0.455038
991,5,0.454374
991,6,0.486746
991,7,0.452359
991,8,0.449657
991,9,0.459428
991,10,0.452707
991,11,0.451383
991,12,0.495178
991,13,0.535093
991,14,0.452359
991,15,0.480437
992,1,0.541212
992,2,0.306372
992,3,0.452848
992,4,0.495178
992,5,0.461432
992,6,0.452848
992,7,0.459428
992,8,0.452707
992,9,0.452656
992,10,0.452656
992,11,0.481814
992,12,0.541212
992,13,0.534249
992,14,0.541212
992,15,0.306372
993,1,0.301284
993,2,0.452656
993,3,0.451383
993,4,0.490390
993,5,0.459141
993,6,0.480122
993,7,0.540988
993,8,0.306372
993,9,0.452707
993,10,0.480211
993,11,0.452359
993,12,0.479077
993,13,0.546623
993,14,0.452359
993,15,0.447882
994,1,0.495178
994,2,0.306372
994,3,0.480122
994,4,0.546623
994,5,0.541212
994,6,0.534249
994,7,0.541212
994,8,0.459012
994,9,0.452848
994,10,0.459428
994,11,0.452645
994,12,0.459428
994,13,0.452707
994,14,0.451383
994,15,0.462420
995,1,0.452848
995,2,0.490390
995,3,0.548494
995,4,0.546623
995,5,0.540988
995,6,0.306372
995,7,0.481615
995,8,0.541212
995,9,0.306372
995,10,0.452707
995,11,0.452823
995,12,0.481814
995,13,0.452359
995,14,0.480338
995,15,0.546623
996,1,0.452359
996,2,0.449657
996,3,0.529077
996,4,0.452359
996,5,0.480338
996,6,0.546623
996,7,0.541212
996,8,0.306372
996,9,0.480122
996,10,0.452359
996,11,0.454374
996,12,0.454919
996,13,0.495178
996,14,0.535928
996,15,0.535928
997,1,0.306039
997,2,0.301973
997,3,0.452823
997,4,0.452656
997,5,0.451383
997,6,0.490465
997,7,0.452359
997,8,0.479077
997,9,0.546623
997,10,0.541212
997,11,0.535093
997,12,0.452359
997,13,0.449669
997,14,0.481814
997,15,0.452359
998,1,0.453112
998,2,0.495178
998,3,0.534531
998,4,0.452359
998,5,0.454374
998,6,0.452823
998,7,0.452656
998,8,0.452823
998,9,0.451383
998,10,0.490390
998,11,0.536395
998,12,0.535928
998,13,0.461432
998,14,0.441728
998,15,0.301451
999,1,0.454919
999,2,0.495178
999,3,0.534531
999,4,0.541212
999,5,0.534338
999,6,0.452359
999,7,0.480437
999,8,0.541212
999,9,0.536094
999,10,0.460721
999,11,0.452848
999,12,0.462420
999,13,0.452910
999,14,0.462420
999,15,0.481615
1000,1,0.546623
1000,2,0.452359
1000,3,0.480338
1000,4,0.452359
1000,5,0.453112
1000,6,0.495178
1000,7,0.544118
1000,8,0.534531
1000,9,0.452359
1000,10,0.296580
1000,11,0.452656
1000,12,0.454919
1000,13,0.446111
1000,14,0.452848
1000,15,0.490390
1001,1,0.535093
1001,2,0.541212
1001,3,0.306372
1001,4,0.452707
1001,5,0.454919
1001,6,0.490465
1001,7,0.546623
1001,8,0.546623
1001,9,0.547242
1001,10,0.546623
1001,11,0.546623
1001,12,0.452359
1001,13,0.480338
1001,14,0.546623
1001,15,0.541212
1002,1,0.548281
1002,2,0.546623
1002,3,0.546623
1002,4,0.541212
1002,5,0.459012
1002,6,0.481615
1002,7,0.546623
1002,8,0.452359
1002,9,0.480338
1002,10,0.541212
1002,11,0.458120
1002,12,0.480437
1002,13,0.541212
1002,14,0.535093
1002,15,0.546623
1003,1,0.452359
1003,2,0.301284
1003,3,0.452823
1003,4,0.452823
1003,5,0.452823
1003,6,0.454919
1003,7,0.486653
1003,8,0.541212
1003,9,0.536094
1003,10,0.306372
1003,11,0.452707
1003,12,0.480211
1003,13,0.546623
1003,14,0.541212
1003,15,0.534249
1004,1,0.546623
1004,2,0.452359
1004,3,0.453112
1004,4,0.549036
1004,5,0.546623
1004,6,0.546623
1004,7,0.452359
1004,8,0.480437
1004,9,0.452359
1004,10,0.453112
1004,11,0.462420
1004,12,0.452910
1004,13,0.490390
1004,14,0.536094
1004,15,0.535073
1005,1,0.452359
1005,2,0.449657
1005,3,0.490465
1005,4,0.546623
1005,5,0.546623
1005,6,0.452359
1005,7,0.453112
1005,8,0.496481
1005,9,0.546623
1005,10,0.452359
1005,11,0.480437
1005,12,0.452359
1005,13,0.453112
1005,14,0.495178
1005,15,0.534531
1006,1,0.461727
1006,2,0.301284
1006,3,0.452656
1006,4,0.481814
1006,5,0.546623
1006,6,0.541212
1006,7,0.306039
1006,8,0.481930
1006,9,0.546623
1006,10,0.452359
1006,11,0.451338
1006,12,0.490390
1006,13,0.535093
1006,14,0.452359
1006,15,0.453112
1007,1,0.459428
1007,2,0.480437
1007,3,0.546623
1007,4,0.452359
1007,5,0.301284
1007,6,0.452823
1007,7,0.454802
1007,8,0.496481
1007,9,0.541212
1007,10,0.532606
1007,11,0.461432
1007,12,0.481615
1007,13,0.541212
1007,14,0.535093
1007,15,0.546623
1008,1,0.546623
1008,2,0.452359
1008,3,0.296580
1008,4,0.452823
1008,5,0.481814
1008,6,0.530461
1008,7,0.546623
1008,8,0.546623
1008,9,0.546623
1008,10,0.541212
1008,11,0.458120
1008,12,0.481615
1008,13,0.546623
1008,14,0.541212
1008,15,0.306372
1009,1,0.453112
1009,2,0.490390
1009,3,0.536561
1009,4,0.536094
1009,5,0.306372
1009,6,0.452707
1009,7,0.480211
1009,8,0.546623
1009,9,0.541212
1009,10,0.536094
1009,11,0.535093
1009,12,0.541212
1009,13,0.535093
1009,14,0.452359
1009,15,0.301284
1010,1,0.454919
1010,2,0.306372
1010,3,0.480122
1010,4,0.452359
1010,5,0.453112
1010,6,0.495178
1010,7,0.535093
1010,8,0.541212
1010,9,0.536094
1010,10,0.536094
1010,11,0.461432
1010,12,0.480437
1010,13,0.546623
1010,14,0.541212
1010,15,0.532606
1011,1,0.544118
1011,2,0.460721
1011,3,0.301973
1011,4,0.480211
1011,5,0.452359
1011,6,0.479077
1011,7,0.452359
1011,8,0.480437
1011,9,0.546623
1011,10,0.546623
1011,11,0.541212
1011,12,0.535093
1011,13,0.546623
1011,14,0.541212
1011,15,0.536094
1012,1,0.460387
1012,2,0.453112
1012,3,0.490390
1012,4,0.536395
1012,5,0.535073
1012,6,0.452359
1012,7,0.480437
1012,8,0.546623
1012,9,0.541212
1012,10,0.535093
1012,11,0.452359
1012,12,0.453112
1012,13,0.459428
1012,14,0.452910
1012,15,0.490465
1013,1,0.452359
1013,2,0.480338
1013,3,0.452359
1013,4,0.451338
1013,5,0.459428
1013,6,0.453112
1013,7,0.490390
1013,8,0.536561
1013,9,0.536094
1013,10,0.535073
1013,11,0.541212
1013,12,0.459012
1013,13,0.452848
1013,14,0.459428
1013,15,0.452707
1014,1,0.301451
1014,2,0.454919
1014,3,0.462420
1014,4,0.452645
1014,5,0.462420
1014,6,0.452848
1014,7,0.490465
1014,8,0.536450
1014,9,0.535004
1014,10,0.546623
1014,11,0.546623
1014,12,0.452359
1014,13,0.301284
1014,14,0.480211
1014,15,0.541212
1015,1,0.548281
1015,2,0.541212
1015,3,0.534338
1015,4,0.546623
1015,5,0.452359
1015,6,0.480437
1015,7,0.546623
1015,8,0.546623
1015,9,0.452359
1015,10,0.454374
1015,11,0.454919
1015,12,0.459428
1015,13,0.480122
1015,14,0.546623
1015,15,0.541212
1016,1,0.530632
1016,2,0.534551
1016,3,0.452359
1016,4,0.480338
1016,5,0.452359
1016,6,0.447882
1016,7,0.496481
1016,8,0.452359
1016,9,0.480338
1016,10,0.546623
1016,11,0.541212
1016,12,0.532606
1016,13,0.534531
1016,14,0.541212
1016,15,0.306372
1017,1,0.452848
1017,2,0.493690
1017,3,0.535928
1017,4,0.534531
1017,5,0.546623
1017,6,0.452359
1017,7,0.449657
1017,8,0.490465
1017,9,0.546623
1017,10,0.541212
1017,11,0.532606
1017,12,0.534531
1017,13,0.546623
1017,14,0.546623
1017,15,0.452359
1018,1,0.449657
1018,2,0.459428
1018,3,0.481930
1018,4,0.541212
1018,5,0.535004
1018,6,0.452359
1018,7,0.301284
1018,8,0.451383
1018,9,0.491807
1018,10,0.460721
1018,11,0.301284
1018,12,0.451383
1018,13,0.490465
1018,14,0.541212
1018,15,0.530632
1019,1,0.543952
1019,2,0.536094
1019,3,0.534531
1019,4,0.546623
1019,5,0.452359
1019,6,0.480437
1019,7,0.541212
1019,8,0.532606
1019,9,0.535073
1019,10,0.452359
1019,11,0.451338
1019,12,0.496481
1019,13,0.452359
1019,14,0.480437
1019,15,0.541212
1020,1,0.549036
1020,2,0.546623
1020,3,0.452359
1020,4,0.453112
1020,5,0.459428
1020,6,0.301284
1020,7,0.481814
1020,8,0.541212
1020,9,0.535093
1020,10,0.541212
1020,11,0.534249
1020,12,0.452359
1020,13,0.449657
1020,14,0.462420
1020,15,0.480122
1021,1,0.546623
1021,2,0.541212
1021,3,0.459012
1021,4,0.453395
1021,5,0.481814
1021,6,0.452359
1021,7,0.449657
1021,8,0.490465
1021,9,0.452359
1021,10,0.454374
1021,11,0.481814
1021,12,0.541212
1021,13,0.530632
1021,14,0.527187
1021,15,0.535928
1022,1,0.306372
1022,2,0.480437
1022,3,0.546623
1022,4,0.452359
1022,5,0.447882
1022,6,0.462420
1022,7,0.480122
1022,8,0.546623
1022,9,0.541212
1022,10,0.459012
1022,11,0.452645
1022,12,0.490465
1022,13,0.452359
1022,14,0.449657
1022,15,0.462420
1023,1,0.480122
1023,2,0.452359
1023,3,0.449669
1023,4,0.480211
1023,5,0.541212
1023,6,0.306372
1023,7,0.498527
1023,8,0.544118
1023,9,0.460721
1023,10,0.453395
1023,11,0.481814
1023,12,0.546623
1023,13,0.541212
1023,14,0.534120
1023,15,0.536395
1024,1,0.534531
1024,2,0.452359
1024,3,0.449657
1024,4,0.496481
1024,5,0.546623
1024,6,0.541212
1024,7,0.534249
1024,8,0.541212
1024,9,0.459012
1024,10,0.452707
1024,11,0.480211
1024,12,0.457660
1024,13,0.449669
1024,14,0.451383
1024,15,0.490390
1025,1,0.536561
1025,2,0.535073
1025,3,0.546623
1025,4,0.546623
1025,5,0.546623
1025,6,0.452359
1025,7,0.454374
1025,8,0.480211
1025,9,0.541212
1025,10,0.535004
1025,11,0.541212
1025,12,0.535093
1025,13,0.540988
1025,14,0.306039
1025,15,0.301284
1026,1,0.451383
1026,2,0.531306
1026,3,0.535073
1026,4,0.541212
1026,5,0.306372
1026,6,0.480122
1026,7,0.546623
1026,8,0.452359
1026,9,0.453112
1026,10,0.462420
1026,11,0.453112
1026,12,0.490390
1026,13,0.544118
1026,14,0.460721
1026,15,0.480437
1027,1,0.546623
1027,2,0.547242
1027,3,0.541212
1027,4,0.306372
1027,5,0.452645
1027,6,0.529077
1027,7,0.546623
1027,8,0.452359
1027,9,0.454374
1027,10,0.451383
1027,11,0.535093
1027,12,0.452359
1027,13,0.453112
1027,14,0.306372
1027,15,0.481930
1028,1,0.452359
1028,2,0.454374
1028,3,0.481602
1028,4,0.498355
1028,5,0.534338
1028,6,0.541212
1028,7,0.530632
1028,8,0.535928
1028,9,0.535928
1028,10,0.460721
1028,11,0.452848
1028,12,0.490390
1028,13,0.460721
1028,14,0.301284
1028,15,0.452823
1029,1,0.481814
1029,2,0.541212
1029,3,0.532606
1029,4,0.534531
1029,5,0.546623
1029,6,0.546623
1029,7,0.452359
1029,8,0.480338
1029,9,0.452359
1029,10,0.479077
1029,11,0.504719
1029,12,0.452359
1029,13,0.453112
1029,14,0.459428
1029,15,0.452645
1030,1,0.462420
1030,2,0.481930
1030,3,0.546623
1030,4,0.546623
1030,5,0.452359
1030,6,0.449657
1030,7,0.459428
1030,8,0.452707
1030,9,0.454919
1030,10,0.490465
1030,11,0.541212
1030,12,0.534338
1030,13,0.546623
1030,14,0.452359
1030,15,0.449657
1031,1,0.462420
1031,2,0.473784
1031,3,0.453528
1031,4,0.454374
1031,5,0.452823
1031,6,0.452823
1031,7,0.452656
1031,8,0.454919
1031,9,0.490390
1031,10,0.461432
1031,11,0.480122
1031,12,0.457660
1031,13,0.480338
1031,14,0.541212
1031,15,0.534338
1032,1,0.541212
1032,2,0.530632
1032,3,0.306039
1032,4,0.481930
1032,5,0.541212
1032,6,0.534338
1032,7,0.541212
1032,8,0.459012
1032,9,0.453112
1032,10,0.462420
1032,11,0.480122
1032,12,0.541212
1032,13,0.534249
1032,14,0.546623
1032,15,0.452359
1033,1,0.480338
1033,2,0.546623
1033,3,0.541212
1033,4,0.459012
1033,5,0.480122
1033,6,0.452359
1033,7,0.480338
1033,8,0.546623
1033,9,0.541212
1033,10,0.458120
1033,11,0.453395
1033,12,0.452656
1033,13,0.481814
1033,14,0.544869
1033,15,0.546623
1034,1,0.452359
1034,2,0.480338
1034,3,0.452359
1034,4,0.454374
1034,5,0.480211
1034,6,0.541212
1034,7,0.535004
1034,8,0.546623
1034,9,0.546623
1034,10,0.541212
1034,11,0.532606
1034,12,0.536094
1034,13,0.535928
1034,14,0.535073
1034,15,0.541212
1035,1,0.534338
1035,2,0.541212
1035,3,0.535093
1035,4,0.546623
1035,5,0.546623
1035,6,0.452359
1035,7,0.480338
1035,8,0.546623
1035,9,0.546623
1035,10,0.541212
1035,11,0.306372
1035,12,0.480122
1035,13,0.546623
1035,14,0.546623
1035,15,0.541212
1036,1,0.306372
1036,2,0.480437
1036,3,0.541212
1036,4,0.544118
1036,5,0.307084
1036,6,0.480437
1036,7,0.546623
1036,8,0.452359
1036,9,0.453112
1036,10,0.495178
1036,11,0.549036
1036,12,0.540988
1036,13,0.535093
1036,14,0.541212
1036,15,0.532606
1037,1,0.306039
1037,2,0.301284
1037,3,0.453112
1037,4,0.459428
1037,5,0.453112
1037,6,0.490465
1037,7,0.541212
1037,8,0.535093
1037,9,0.452359
1037,10,0.449657
1037,11,0.496481
1037,12,0.541212
1037,13,0.306372
1037,14,0.453395
1037,15,0.452823
1038,1,0.481814
1038,2,0.541212
1038,3,0.536094
1038,4,0.549036
1038,5,0.452359
1038,6,0.451338
1038,7,0.495178
1038,8,0.535073
1038,9,0.541212
1038,10,0.534120
1038,11,0.536561
1038,12,0.536094
1038,13,0.536561
1038,14,0.535928
1038,15,0.536561
1039,1,0.543952
1039,2,0.460721
1039,3,0.452848
1039,4,0.462420
1039,5,0.452707
1039,6,0.452656
1039,7,0.452656
1039,8,0.452656
1039,9,0.452656
1039,10,0.451383
1039,11,0.490390
1039,12,0.536395
1039,13,0.549036
1039,14,0.546623
1039,15,0.546623
1040,1,0.546623
1040,2,0.546623
1040,3,0.452359
1040,4,0.451338
1040,5,0.306039
1040,6,0.301284
1040,7,0.452823
1040,8,0.454919
1040,9,0.462420
1040,10,0.481615
1040,11,0.546623
1040,12,0.541212
1040,13,0.459012
1040,14,0.481615
1040,15,0.546623
1041,1,0.541212
1041,2,0.534338
1041,3,0.547242
1041,4,0.546623
1041,5,0.541212
1041,6,0.535004
1041,7,0.546623
1041,8,0.546623
1041,9,0.541212
1041,10,0.459012
1041,11,0.453112
1041,12,0.309364
1041,13,0.453112
1041,14,0.309364
1041,15,0.480437
1042,1,0.461727
1042,2,0.453112
1042,3,0.495178
1042,4,0.306372
1042,5,0.480437
1042,6,0.547242
1042,7,0.452359
1042,8,0.480437
1042,9,0.452359
1042,10,0.449657
1042,11,0.496481
1042,12,0.546623
1042,13,0.546623
1042,14,0.541212
1042,15,0.535093
1043,1,0.452359
1043,2,0.301284
1043,3,0.452823
1043,4,0.481814
1043,5,0.546623
1043,6,0.452359
1043,7,0.480338
1043,8,0.541212
1043,9,0.459012
1043,10,0.453112
1043,11,0.459428
1043,12,0.301284
1043,13,0.480211
1043,14,0.452359
1043,15,0.480437
1044,1,0.452359
1044,2,0.454374
1044,3,0.480437
1044,4,0.461727
1044,5,0.480437
1044,6,0.546623
1044,7,0.452359
1044,8,0.453112
1044,9,0.490390
1044,10,0.535093
1044,11,0.546623
1044,12,0.541212
1044,13,0.459012
1044,14,0.453112
1044,15,0.490465
1045,1,0.546623
1045,2,0.452359
1045,3,0.453112
1045,4,0.459428
1045,5,0.452707
1045,6,0.481814
1045,7,0.452359
1045,8,0.301284
1045,9,0.480211
1045,10,0.452359
1045,11,0.449657
1045,12,0.490465
1045,13,0.541212
1045,14,0.534338
1045,15,0.541212
1046,1,0.306372
1046,2,0.480437
1046,3,0.546623
1046,4,0.452359
1046,5,0.480437
1046,6,0.541212
1046,7,0.306372
1046,8,0.480122
1046,9,0.546623
1046,10,0.546623
1046,11,0.546623
1046,12,0.546623
1046,13,0.546623
1046,14,0.452359
1046,15,0.301284
1047,1,0.480211
1047,2,0.546623
1047,3,0.452359
1047,4,0.454374
1047,5,0.480211
1047,6,0.452359
1047,7,0.453112
1047,8,0.462420
1047,9,0.452848
1047,10,0.490390
1047,11,0.460721
1047,12,0.452257
1047,13,0.451383
1047,14,0.459428
1047,15,0.480122
1048,1,0.546623
1048,2,0.541212
1048,3,0.534249
1048,4,0.546623
1048,5,0.452359
1048,6,0.449657
1048,7,0.490390
1048,8,0.306372
1048,9,0.452707
1048,10,0.452656
1048,11,0.452823
1048,12,0.480211
1048,13,0.452359
1048,14,0.449669
1048,15,0.451383
1049,1,0.462087
1049,2,0.480122
1049,3,0.541212
1049,4,0.536094
1049,5,0.461432
1049,6,0.452848
1049,7,0.531306
1049,8,0.531140
1049,9,0.460721
1049,10,0.481930
1049,11,0.546623
1049,12,0.541212
1049,13,0.532606
1049,14,0.535928
1049,15,0.535073
1050,1,0.452359
1050,2,0.296580
1050,3,0.454919
1050,4,0.535093
1050,5,0.546623
1050,6,0.452359
1050,7,0.480437
1050,8,0.541212
1050,9,0.534249
1050,10,0.546623
1050,11,0.541212
1050,12,0.534120
1050,13,0.460721
1050,14,0.480122
1050,15,0.546623
1051,1,0.452359
1051,2,0.480437
1051,3,0.546623
1051,4,0.541212
1051,5,0.532606
1051,6,0.535073
1051,7,0.546623
1051,8,0.452359
1051,9,0.301284
1051,10,0.453112
1051,11,0.459428
1051,12,0.452645
1051,13,0.490390
1051,14,0.535073
1051,15,0.546623
1052,1,0.452359
1052,2,0.447882
1052,3,0.496481
1052,4,0.546623
1052,5,0.541212
1052,6,0.548946
1052,7,0.546623
1052,8,0.452359
1052,9,0.447882
1052,10,0.459428
1052,11,0.480122
1052,12,0.541212
1052,13,0.532606
1052,14,0.535073
1052,15,0.541212
1053,1,0.535093
1053,2,0.461727
1053,3,0.480338
1053,4,0.452359
1053,5,0.449657
1053,6,0.490390
1053,7,0.535928
1053,8,0.534531
1053,9,0.452359
1053,10,0.480437
1053,11,0.546623
1053,12,0.452359
1053,13,0.447882
1053,14,0.490465
1053,15,0.546623
1054,1,0.452359
1054,2,0.453112
1054,3,0.496481
1054,4,0.452359
1054,5,0.451338
1054,6,0.490465
1054,7,0.541212
1054,8,0.306372
1054,9,0.301284
1054,10,0.480437
1054,11,0.541212
1054,12,0.306372
1054,13,0.481615
1054,14,0.452359
1054,15,0.479176
1055,1,0.541212
1055,2,0.532606
1055,3,0.306372
1055,4,0.480122
1055,5,0.546623
1055,6,0.452359
1055,7,0.449657
1055,8,0.496481
1055,9,0.546623
1055,10,0.452359
1055,11,0.479077
1055,12,0.541212
1055,13,0.534338
1055,14,0.541212
1055,15,0.532606
1056,1,0.535073
1056,2,0.541212
1056,3,0.534120
1056,4,0.460721
1056,5,0.452848
1056,6,0.459428
1056,7,0.452848
1056,8,0.495178
1056,9,0.461432
1056,10,0.452645
1056,11,0.536094
1056,12,0.535928
1056,13,0.460721
1056,14,0.481615
1056,15,0.546623
1057,1,0.452359
1057,2,0.451338
1057,3,0.490390
1057,4,0.535928
1057,5,0.535093
1057,6,0.546623
1057,7,0.541212
1057,8,0.532606
1057,9,0.535073
1057,10,0.541212
1057,11,0.536094
1057,12,0.535928
1057,13,0.461432
1057,14,0.452848
1057,15,0.462420
1058,1,0.480437
1058,2,0.541212
1058,3,0.305480
1058,4,0.452848
1058,5,0.490465
1058,6,0.452359
1058,7,0.453112
1058,8,0.462420
1058,9,0.480437
1058,10,0.546623
1058,11,0.452359
1058,12,0.454374
1058,13,0.454919
1058,14,0.490390
1058,15,0.460721
1059,1,0.481930
1059,2,0.547242
1059,3,0.541212
1059,4,0.459012
1059,5,0.452645
1059,6,0.490390
1059,7,0.536395
1059,8,0.535073
1059,9,0.546623
1059,10,0.541212
1059,11,0.534338
1059,12,0.541212
1059,13,0.306372
1059,14,0.480122
1059,15,0.452359
1060,1,0.447882
1060,2,0.462420
1060,3,0.452873
1060,4,0.454919
1060,5,0.462420
1060,6,0.301284
1060,7,0.451383
1060,8,0.529077
1060,9,0.541212
1060,10,0.459012
1060,11,0.301284
1060,12,0.311119
1060,13,0.453112
1060,14,0.549036
1060,15,0.452359
1061,1,0.503017
1061,2,0.540988
1061,3,0.306372
1061,4,0.480122
1061,5,0.452359
1061,6,0.453112
1061,7,0.459428
1061,8,0.480122
1061,9,0.452359
1061,10,0.453112
1061,11,0.459428
1061,12,0.301284
1061,13,0.452656
1061,14,0.451383
1061,15,0.544118
1062,1,0.549036
1062,2,0.541212
1062,3,0.536094
1062,4,0.534551
1062,5,0.546623
1062,6,0.541212
1062,7,0.534338
1062,8,0.546623
1062,9,0.546623
1062,10,0.452359
1062,11,0.449657
1062,12,0.529077
1062,13,0.452359
1062,14,0.454374
1062,15,0.480211
1063,1,0.541212
1063,2,0.535093
1063,3,0.546623
1063,4,0.541212
1063,5,0.534338
1063,6,0.541212
1063,7,0.535093
1063,8,0.546623
1063,9,0.547242
1063,10,0.547242
1063,11,0.452359
1063,12,0.454374
1063,13,0.480211
1063,14,0.541212
1063,15,0.534338
1064,1,0.546623
1064,2,0.546623
1064,3,0.541212
1064,4,0.530632
1064,5,0.535073
1064,6,0.546623
1064,7,0.541212
1064,8,0.534338
1064,9,0.452359
1064,10,0.454374
1064,11,0.481814
1064,12,0.541212
1064,13,0.534120
1064,14,0.534531
1064,15,0.452359
1065,1,0.454374
1065,2,0.481814
1065,3,0.546623
1065,4,0.546623
1065,5,0.546623
1065,6,0.541212
1065,7,0.534338
1065,8,0.546623
1065,9,0.452359
1065,10,0.479077
1065,11,0.541212
1065,12,0.534249
1065,13,0.452359
1065,14,0.480338
1065,15,0.546623
1066,1,0.452359
1066,2,0.453112
1066,3,0.490390
1066,4,0.459852
1066,5,0.481615
1066,6,0.546623
1066,7,0.541212
1066,8,0.534338
1066,9,0.541212
1066,10,0.536094
1066,11,0.535928
1066,12,0.460721
1066,13,0.301284
1066,14,0.480211
1066,15,0.452359
1067,1,0.454374
1067,2,0.481814
1067,3,0.546623
1067,4,0.452359
1067,5,0.447882
1067,6,0.490465
1067,7,0.452359
1067,8,0.449669
1067,9,0.454919
1067,10,0.490465
1067,11,0.452359
1067,12,0.301284
1067,13,0.452656
1067,14,0.451265
1067,15,0.490390
1068,1,0.460721
1068,2,0.453395
1068,3,0.481814
1068,4,0.452359
1068,5,0.480338
1068,6,0.546623
1068,7,0.541212
1068,8,0.530632
1068,9,0.535073
1068,10,0.452359
1068,11,0.301284
1068,12,0.452656
1068,13,0.452656
1068,14,0.480211
1068,15,0.546623
1069,1,0.546623
1069,2,0.541212
1069,3,0.532606
1069,4,0.536395
1069,5,0.535928
1069,6,0.536561
1069,7,0.460721
1069,8,0.480122
1069,9,0.498355
1069,10,0.532606
1069,11,0.461432
1069,12,0.452848
1069,13,0.496481
1069,14,0.546623
1069,15,0.452359
1070,1,0.454374
1070,2,0.454919
1070,3,0.457671
1070,4,0.481615
1070,5,0.541212
1070,6,0.534338
1070,7,0.452359
1070,8,0.447882
1070,9,0.462420
1070,10,0.452707
1070,11,0.480211
1070,12,0.546623
1070,13,0.546623
1070,14,0.452359
1070,15,0.480437
1071,1,0.546623
1071,2,0.546623
1071,3,0.452359
1071,4,0.480338
1071,5,0.452359
1071,6,0.449669
1071,7,0.481814
1071,8,0.452359
1071,9,0.449657
1071,10,0.490465
1071,11,0.541212
1071,12,0.534338
1071,13,0.546623
1071,14,0.451022
1071,15,0.454374
1072,1,0.452823
1072,2,0.452823
1072,3,0.452218
1072,4,0.451383
1072,5,0.459428
1072,6,0.453395
1072,7,0.473742
1072,8,0.546623
1072,9,0.530461
1072,10,0.546623
1072,11,0.546623
1072,12,0.541212
1072,13,0.532606
1072,14,0.536561
1072,15,0.535093
1073,1,0.541212
1073,2,0.535093
1073,3,0.450135
1073,4,0.454374
1073,5,0.451383
1073,6,0.495178
1073,7,0.461432
1073,8,0.452707
1073,9,0.454032
1073,10,0.452823
1073,11,0.454919
1073,12,0.487019
1073,13,0.459852
1073,14,0.452848
1073,15,0.462420
1074,1,0.452848
1074,2,0.496481
1074,3,0.539678
1074,4,0.306372
1074,5,0.480437
1074,6,0.452359
1074,7,0.480437
1074,8,0.452359
1074,9,0.480437
1074,10,0.532565
1074,11,0.530632
1074,12,0.534531
1074,13,0.546623
1074,14,0.530461
1074,15,0.535036
1075,1,0.534338
1075,2,0.530461
1075,3,0.536450
1075,4,0.534338
1075,5,0.530461
1075,6,0.530767
1075,7,0.448277
1075,8,0.447882
1075,9,0.479856
1075,10,0.459141
1075,11,0.449292
1075,12,0.462420
1075,13,0.456385
1075,14,0.486740
1075,15,0.452293
1076,1,0.480338
1076,2,0.504719
1076,3,0.529111
1076,4,0.456734
1076,5,0.449669
1076,6,0.454919
1076,7,0.487019
1076,8,0.489868
1076,9,0.534531
1076,10,0.452814
1076,11,0.447882
1076,12,0.490390
1076,13,0.536395
1076,14,0.529784
1076,15,0.534916
1077,1,0.458120
1077,2,0.439718
1077,3,0.481504
1077,4,0.502965
1077,5,0.530461
1077,6,0.541212
1077,7,0.459012
1077,8,0.480122
1077,9,0.493594
1077,10,0.534249
1077,11,0.546258
1077,12,0.530461
1077,13,0.530461
1077,14,0.536450
1077,15,0.532606
1078,1,0.535073
1078,2,0.530461
1078,3,0.455326
1078,4,0.449657
1078,5,0.488556
1078,6,0.521798
1078,7,0.535073
1078,8,0.452359
1078,9,0.449657
1078,10,0.490390
1078,11,0.492218
1078,12,0.449614
1078,13,0.449657
1078,14,0.490390
1078,15,0.460721
1079,1,0.481615
1079,2,0.541212
1079,3,0.305480
1079,4,0.452910
1079,5,0.459428
1079,6,0.452707
1079,7,0.454919
1079,8,0.306372
1079,9,0.480122
1079,10,0.546623
1079,11,0.546623
1079,12,0.541212
1079,13,0.535093
1079,14,0.541212
1079,15,0.532606
1080,1,0.533978
1080,2,0.452359
1080,3,0.480437
1080,4,0.452359
1080,5,0.451338
1080,6,0.459428
1080,7,0.452848
1080,8,0.496481
1080,9,0.452359
1080,10,0.479077
1080,11,0.546623
1080,12,0.449614
1080,13,0.453112
1080,14,0.462420
1080,15,0.480122
1081,1,0.541212
1081,2,0.534120
1081,3,0.461432
1081,4,0.452848
1081,5,0.495178
1081,6,0.535073
1081,7,0.541212
1081,8,0.535093
1081,9,0.541212
1081,10,0.534338
1081,11,0.546258
1081,12,0.452359
1081,13,0.301284
1081,14,0.481814
1081,15,0.504719
1082,1,0.541212
1082,2,0.536094
1082,3,0.535073
1082,4,0.541212
1082,5,0.530632
1082,6,0.306372
1082,7,0.481615
1082,8,0.546623
1082,9,0.546623
1082,10,0.452359
1082,11,0.449657
1082,12,0.490465
1082,13,0.541212
1082,14,0.306372
1082,15,0.453395
1083,1,0.452823
1083,2,0.451383
1083,3,0.462420
1083,4,0.480437
1083,5,0.546623
1083,6,0.541212
1083,7,0.536094
1083,8,0.306372
1083,9,0.480437
1083,10,0.546623
1083,11,0.452359
1083,12,0.479077
1083,13,0.502965
1083,14,0.541212
1083,15,0.534338
1084,1,0.541212
1084,2,0.536094
1084,3,0.535928
1084,4,0.536395
1084,5,0.461432
1084,6,0.453395
1084,7,0.481814
1084,8,0.452359
1084,9,0.454374
1084,10,0.454919
1084,11,0.462420
1084,12,0.452645
1084,13,0.495178
1084,14,0.535928
1084,15,0.460721
1085,1,0.453395
1085,2,0.452656
1085,3,0.451383
1085,4,0.462420
1085,5,0.452848
1085,6,0.490465
1085,7,0.452359
1085,8,0.451338
1085,9,0.462420
1085,10,0.441700
1085,11,0.452823
1085,12,0.481814
1085,13,0.452359
1085,14,0.453112
1085,15,0.544118
1086,1,0.549036
1086,2,0.541212
1086,3,0.536094
1086,4,0.535928
1086,5,0.535093
1086,6,0.461727
1086,7,0.453112
1086,8,0.495178
1086,9,0.534531
1086,10,0.541212
1086,11,0.306372
1086,12,0.480437
1086,13,0.541212
1086,14,0.535093
1086,15,0.546623
1087,1,0.461727
1087,2,0.453112
1087,3,0.306039
1087,4,0.480437
1087,5,0.461727
1087,6,0.453112
1087,7,0.306372
1087,8,0.480437
1087,9,0.547242
1087,10,0.541212
1087,11,0.535093
1087,12,0.546623
1087,13,0.452359
1087,14,0.301284
1087,15,0.480211
1088,1,0.547242
1088,2,0.541212
1088,3,0.305480
1088,4,0.301284
1088,5,0.454919
1088,6,0.462420
1088,7,0.453395
1088,8,0.454919
1088,9,0.490465
1088,10,0.541212
1088,11,0.306372
1088,12,0.301973
1088,13,0.452656
1088,14,0.452656
1088,15,0.451383
1089,1,0.306372
1089,2,0.452848
1089,3,0.490465
1089,4,0.452359
1089,5,0.480338
1089,6,0.541212
1089,7,0.306372
1089,8,0.452707
1089,9,0.480211
1089,10,0.546623
1089,11,0.452359
1089,12,0.447882
1089,13,0.490465
1089,14,0.547242
1089,15,0.452359
1090,1,0.480437
1090,2,0.541212
1090,3,0.536094
1090,4,0.460721
1090,5,0.301284
1090,6,0.452823
1090,7,0.452823
1090,8,0.480211
1090,9,0.452359
1090,10,0.449657
1090,11,0.459428
1090,12,0.480122
1090,13,0.546623
1090,14,0.546623
1090,15,0.546623
1091,1,0.452359
1091,2,0.453112
1091,3,0.462420
1091,4,0.452707
1091,5,0.452823
1091,6,0.481814
1091,7,0.537327
1091,8,0.459012
1091,9,0.481615
1091,10,0.546623
1091,11,0.452359
1091,12,0.453112
1091,13,0.549036
1091,14,0.546623
1091,15,0.546623
1092,1,0.547242
1092,2,0.541212
1092,3,0.306039
1092,4,0.480437
1092,5,0.461727
1092,6,0.301284
1092,7,0.480437
1092,8,0.547242
1092,9,0.541212
1092,10,0.306039
1092,11,0.301284
1092,12,0.456649
1092,13,0.496481
1092,14,0.541212
1092,15,0.306372
1093,1,0.453112
1093,2,0.535093
1093,3,0.452359
1093,4,0.454374
1093,5,0.452656
1093,6,0.481814
1093,7,0.546623
1093,8,0.541212
1093,9,0.534338
1093,10,0.541212
1093,11,0.459012
1093,12,0.453395
1093,13,0.454919
1093,14,0.446111
1093,15,0.452707
1094,1,0.451383
1094,2,0.495178
1094,3,0.460721
1094,4,0.453112
1094,5,0.496481
1094,6,0.452359
1094,7,0.454374
1094,8,0.451383
1094,9,0.462420
1094,10,0.452848
1094,11,0.462420
1094,12,0.480122
1094,13,0.452359
1094,14,0.480437
1094,15,0.546623
1095,1,0.452359
1095,2,0.449657
1095,3,0.495178
1095,4,0.460721
1095,5,0.480122
1095,6,0.452359
1095,7,0.296580
1095,8,0.481814
1095,9,0.449614
1095,10,0.480338
1095,11,0.546623
1095,12,0.546623
1095,13,0.452359
1095,14,0.453112
1095,15,0.490465
1096,1,0.541212
1096,2,0.535093
1096,3,0.541212
1096,4,0.305480
1096,5,0.481615
1096,6,0.541212
1096,7,0.459012
1096,8,0.452707
1096,9,0.452823
1096,10,0.452656
1096,11,0.453112
1096,12,0.495178
1096,13,0.536561
1096,14,0.544118
1096,15,0.306372
1097,1,0.453112
1097,2,0.495178
1097,3,0.535073
1097,4,0.547242
1097,5,0.546623
1097,6,0.541212
1097,7,0.535093
1097,8,0.546623
1097,9,0.461727
1097,10,0.480437
1097,11,0.541212
1097,12,0.535004
1097,13,0.452359
1097,14,0.449657
1097,15,0.309364
1098,1,0.480437
1098,2,0.541212
1098,3,0.459012
1098,4,0.481930
1098,5,0.452359
1098,6,0.301284
1098,7,0.480437
1098,8,0.541212
1098,9,0.536094
1098,10,0.535093
1098,11,0.541212
1098,12,0.536094
1098,13,0.534551
1098,14,0.546623
1098,15,0.546623
1099,1,0.541212
1099,2,0.536094
1099,3,0.534551
1099,4,0.452359
1099,5,0.454374
1099,6,0.481814
1099,7,0.546623
1099,8,0.541212
1099,9,0.306372
1099,10,0.453112
1099,11,0.309364
1099,12,0.301284
1099,13,0.451383
1099,14,0.495178
1099,15,0.536094
1100,1,0.306750
1100,2,0.480437
1100,3,0.546623
1100,4,0.541212
1100,5,0.534249
1100,6,0.452359
1100,7,0.480437
1100,8,0.546623
1100,9,0.452359
1100,10,0.480338
1100,11,0.546623
1100,12,0.546623
1100,13,0.546623
1100,14,0.452359
1100,15,0.449657
1101,1,0.504407
1101,2,0.452359
1101,3,0.454374
1101,4,0.451383
1101,5,0.490465
1101,6,0.452359
1101,7,0.454374
1101,8,0.452656
1101,9,0.451383
1101,10,0.459428
1101,11,0.452645
1101,12,0.459428
1101,13,0.452848
1101,14,0.462420
1101,15,0.480437
1102,1,0.546623
1102,2,0.546623
1102,3,0.546623
1102,4,0.546623
1102,5,0.546623
1102,6,0.452359
1102,7,0.453112
1102,8,0.490390
1102,9,0.529057
1102,10,0.452359
1102,11,0.479077
1102,12,0.546623
1102,13,0.541212
1102,14,0.532606
1102,15,0.535073
1103,1,0.546623
1103,2,0.452359
1103,3,0.449669
1103,4,0.451383
1103,5,0.495178
1103,6,0.535093
1103,7,0.541212
1103,8,0.535093
1103,9,0.452359
1103,10,0.449657
1103,11,0.536094
1103,12,0.536395
1103,13,0.461432
1103,14,0.452848
1103,15,0.490390
1104,1,0.534531
1104,2,0.546623
1104,3,0.546623
1104,4,0.541212
1104,5,0.458120
1104,6,0.452848
1104,7,0.495178
1104,8,0.535928
1104,9,0.307084
1104,10,0.452848
1104,11,0.490390
1104,12,0.535928
1104,13,0.535073
1104,14,0.541212
1104,15,0.534338
1105,1,0.452359
1105,2,0.454374
1105,3,0.481814
1105,4,0.541212
1105,5,0.459012
1105,6,0.453395
1105,7,0.454919
1105,8,0.490465
1105,9,0.541212
1105,10,0.534338
1105,11,0.455038
1105,12,0.480338
1105,13,0.452359
1105,14,0.449657
1105,15,0.490465
1106,1,0.546623
1106,2,0.541212
1106,3,0.534338
1106,4,0.452359
1106,5,0.479077
1106,6,0.546623
1106,7,0.546623
1106,8,0.546623
1106,9,0.546623
1106,10,0.541212
1106,11,0.305480
1106,12,0.480122
1106,13,0.452359
1106,14,0.447882
1106,15,0.462420
1107,1,0.481615
1107,2,0.546623
1107,3,0.452359
1107,4,0.453112
1107,5,0.495178
1107,6,0.534531
1107,7,0.541212
1107,8,0.459012
1107,9,0.452848
1107,10,0.495178
1107,11,0.535928
1107,12,0.535073
1107,13,0.452359
1107,14,0.480338
1107,15,0.452359
1108,1,0.301284
1108,2,0.452656
1108,3,0.481449
1108,4,0.541212
1108,5,0.459012
1108,6,0.452707
1108,7,0.451383
1108,8,0.462420
1108,9,0.451004
1108,10,0.490465
1108,11,0.546623
1108,12,0.541212
1108,13,0.459012
1108,14,0.481831
1108,15,0.541212
1109,1,0.536094
1109,2,0.535073
1109,3,0.546623
1109,4,0.452359
1109,5,0.449657
1109,6,0.490390
1109,7,0.535073
1109,8,0.541212
1109,9,0.532606
1109,10,0.536094
1109,11,0.461432
1109,12,0.453395
1109,13,0.454919
1109,14,0.496481
1109,15,0.452359
1110,1,0.453112
1110,2,0.495178
1110,3,0.461432
1110,4,0.480122
1110,5,0.452359
1110,6,0.480338
1110,7,0.452359
1110,8,0.301284
1110,9,0.452656
1110,10,0.480211
1110,11,0.452359
1110,12,0.449657
1110,13,0.490390
1110,14,0.535928
1110,15,0.535073
1111,1,0.452359
1111,2,0.301284
1111,3,0.481814
1111,4,0.546623
1111,5,0.541212
1111,6,0.534338
1111,7,0.546623
1111,8,0.452359
1111,9,0.447882
1111,10,0.459428
1111,11,0.481615
1111,12,0.541212
1111,13,0.534338
1111,14,0.455038
1111,15,0.454374
1112,1,0.480211
1112,2,0.452359
1112,3,0.454374
1112,4,0.454919
1112,5,0.485061
1112,6,0.530461
1112,7,0.452359
1112,8,0.449657
1112,9,0.462420
1112,10,0.473784
1112,11,0.546623
1112,12,0.452359
1112,13,0.296580
1112,14,0.480211
1112,15,0.541212
1113,1,0.532606
1113,2,0.534531
1113,3,0.541212
1113,4,0.544118
1113,5,0.544118
1113,6,0.306750
1113,7,0.453112
1113,8,0.490390
1113,9,0.535928
1113,10,0.535093
1113,11,0.546623
1113,12,0.452359
1113,13,0.447882
1113,14,0.536094
1113,15,0.535928
1114,1,0.535928
1114,2,0.460721
1114,3,0.452707
1114,4,0.480211
1114,5,0.541212
1114,6,0.536094
1114,7,0.535073
1114,8,0.452359
1114,9,0.447882
1114,10,0.495178
1114,11,0.535073
1114,12,0.452359
1114,13,0.449669
1114,14,0.452656
1114,15,0.451383
1115,1,0.459428
1115,2,0.481704
1115,3,0.541212
1115,4,0.306372
1115,5,0.453112
1115,6,0.490465
1115,7,0.541212
1115,8,0.534338
1115,9,0.452359
1115,10,0.301284
1115,11,0.480437
1115,12,0.541212
1115,13,0.306372
1115,14,0.452707
1115,15,0.452823
1116,1,0.452823
1116,2,0.452656
1116,3,0.480211
1116,4,0.452359
1116,5,0.449669
1116,6,0.454919
1116,7,0.459428
1116,8,0.301973
1116,9,0.481814
1116,10,0.452359
1116,11,0.480338
1116,12,0.546623
1116,13,0.546623
1116,14,0.452359
1116,15,0.454374
1117,1,0.454919
1117,2,0.490390
1117,3,0.460721
1117,4,0.481930
1117,5,0.452359
1117,6,0.449657
1117,7,0.490390
1117,8,0.536395
1117,9,0.461432
1117,10,0.452848
1117,11,0.490390
1117,12,0.460721
1117,13,0.452707
1117,14,0.480211
1117,15,0.541212
1118,1,0.305480
1118,2,0.452707
1118,3,0.451383
1118,4,0.490390
1118,5,0.461432
1118,6,0.453395
1118,7,0.480211
1118,8,0.537327
1118,9,0.532606
1118,10,0.460721
1118,11,0.452848
1118,12,0.459428
1118,13,0.301284
1118,14,0.452823
1118,15,0.452823
1119,1,0.452823
1119,2,0.451383
1119,3,0.490465
1119,4,0.546623
1119,5,0.546623
1119,6,0.541212
1119,7,0.535093
1119,8,0.546623
1119,9,0.546623
1119,10,0.546623
1119,11,0.541212
1119,12,0.536094
1119,13,0.535073
1119,14,0.546623
1119,15,0.541212
1120,1,0.544118
1120,2,0.460721
1120,3,0.480122
1120,4,0.546623
1120,5,0.541212
1120,6,0.535093
1120,7,0.452359
1120,8,0.453112
1120,9,0.490465
1120,10,0.541212
1120,11,0.306372
1120,12,0.481615
1120,13,0.541212
1120,14,0.535093
1120,15,0.546623
1121,1,0.541212
1121,2,0.459012
1121,3,0.452707
1121,4,0.480211
1121,5,0.541212
1121,6,0.459012
1121,7,0.481930
1121,8,0.541212
1121,9,0.534249
1121,10,0.452359
1121,11,0.449657
1121,12,0.490390
1121,13,0.459141
1121,14,0.453395
1121,15,0.452823
1122,1,0.300846
1122,2,0.452656
1122,3,0.451383
1122,4,0.490390
1122,5,0.307084
1122,6,0.453112
1122,7,0.459428
1122,8,0.301284
1122,9,0.456649
1122,10,0.496481
1122,11,0.546623
1122,12,0.541212
1122,13,0.459012
1122,14,0.453112
1122,15,0.495178
1123,1,0.549036
1123,2,0.452359
1123,3,0.454374
1123,4,0.481814
1123,5,0.452359
1123,6,0.454374
1123,7,0.452823
1123,8,0.452656
1123,9,0.454919
1123,10,0.490465
1123,11,0.452359
1123,12,0.453112
1123,13,0.496481
1123,14,0.546623
1123,15,0.540988
1124,1,0.549036
1124,2,0.452359
1124,3,0.301284
1124,4,0.452656
1124,5,0.480211
1124,6,0.546623
1124,7,0.541212
1124,8,0.306039
1124,9,0.453112
1124,10,0.309364
1124,11,0.480437
1124,12,0.546623
1124,13,0.541212
1124,14,0.536094
1124,15,0.535073
1125,1,0.540988
1125,2,0.306372
1125,3,0.301284
1125,4,0.480211
1125,5,0.541212
1125,6,0.306372
1125,7,0.480122
1125,8,0.452359
1125,9,0.453112
1125,10,0.459428
1125,11,0.480437
1125,12,0.546623
1125,13,0.541212
1125,14,0.306372
1125,15,0.452848
1126,1,0.490465
1126,2,0.541212
1126,3,0.534338
1126,4,0.546623
1126,5,0.546623
1126,6,0.452359
1126,7,0.454374
1126,8,0.452656
1126,9,0.480211
1126,10,0.452359
1126,11,0.454374
1126,12,0.456649
1126,13,0.462420
1126,14,0.452434
1126,15,0.452656
1127,1,0.452656
1127,2,0.451383
1127,3,0.495178
1127,4,0.460721
1127,5,0.453395
1127,6,0.473742
1127,7,0.546623
1127,8,0.541212
1127,9,0.306372
1127,10,0.452645
1127,11,0.462420
1127,12,0.452707
1127,13,0.452823
1127,14,0.453112
1127,15,0.496481
1128,1,0.546623
1128,2,0.452359
1128,3,0.449657
1128,4,0.496481
1128,5,0.452359
1128,6,0.296580
1128,7,0.480211
1128,8,0.541212
1128,9,0.305480
1128,10,0.452848
1128,11,0.459428
1128,12,0.480122
1128,13,0.452359
1128,14,0.296580
1128,15,0.480211
1129,1,0.541212
1129,2,0.459012
1129,3,0.481615
1129,4,0.546623
1129,5,0.452359
1129,6,0.453112
1129,7,0.495178
1129,8,0.460721
1129,9,0.481615
1129,10,0.546623
1129,11,0.541212
1129,12,0.534338
1129,13,0.541212
1129,14,0.458120
1129,15,0.481615
1130,1,0.541212
1130,2,0.535093
1130,3,0.541212
1130,4,0.532606
1130,5,0.534531
1130,6,0.547242
1130,7,0.452359
1130,8,0.449669
1130,9,0.452656
1130,10,0.452823
1130,11,0.482040
1130,12,0.546623
1130,13,0.452359
1130,14,0.480437
1130,15,0.452359
1131,1,0.449657
1131,2,0.462420
1131,3,0.452645
1131,4,0.459428
1131,5,0.452707
1131,6,0.480211
1131,7,0.541212
1131,8,0.306372
1131,9,0.452848
1131,10,0.462420
1131,11,0.452848
1131,12,0.490390
1131,13,0.534531
1131,14,0.541212
1131,15,0.458120
1132,1,0.452645
1132,2,0.459428
1132,3,0.301284
1132,4,0.481814
1132,5,0.452359
1132,6,0.449657
1132,7,0.496481
1132,8,0.452359
1132,9,0.301284
1132,10,0.451383
1132,11,0.490465
1132,12,0.452359
1132,13,0.449657
1132,14,0.459428
1132,15,0.301284
1133,1,0.452823
1133,2,0.452823
1133,3,0.452823
1133,4,0.454919
1133,5,0.460663
1133,6,0.473784
1133,7,0.457660
1133,8,0.480338
1133,9,0.541212
1133,10,0.459012
1133,11,0.480437
1133,12,0.541212
1133,13,0.536094
1133,14,0.460721
1133,15,0.452910
1134,1,0.490465
1134,2,0.530461
1134,3,0.546623
1134,4,0.452359
1134,5,0.447882
1134,6,0.483147
1134,7,0.546623
1134,8,0.455326
1134,9,0.479077
1134,10,0.541212
1134,11,0.458120
1134,12,0.452848
1134,13,0.488902
1134,14,0.535928
1134,15,0.536395
1135,1,0.535073
1135,2,0.530461
1135,3,0.536450
1135,4,0.459012
1135,5,0.480122
1135,6,0.457660
1135,7,0.447882
1135,8,0.479856
1135,9,0.449108
1135,10,0.480122
1135,11,0.530461
1135,12,0.536450
1135,13,0.530632
1135,14,0.461432
1135,15,0.453395
1136,1,0.481814
1136,2,0.493594
1136,3,0.534338
1136,4,0.536450
1136,5,0.458120
1136,6,0.451073
1136,7,0.492756
1136,8,0.530096
1136,9,0.535909
1136,10,0.458120
1136,11,0.481615
1136,12,0.457660
1136,13,0.480437
1136,14,0.498355
1136,15,0.535004
1137,1,0.541212
1137,2,0.306372
1137,3,0.452707
1137,4,0.454919
1137,5,0.490465
1137,6,0.530096
1137,7,0.546623
1137,8,0.449614
1137,9,0.449657
1137,10,0.490465
1137,11,0.530461
1137,12,0.546623
1137,13,0.546623
1137,14,0.536450
1137,15,0.536094
1138,1,0.460387
1138,2,0.481615
1138,3,0.498355
1138,4,0.534338
1138,5,0.546623
1138,6,0.546623
1138,7,0.541212
1138,8,0.458120
1138,9,0.452848
1138,10,0.495178
1138,11,0.534551
1138,12,0.452359
1138,13,0.301284
1138,14,0.452656
1138,15,0.451383
1139,1,0.496481
1139,2,0.546623
1139,3,0.452359
1139,4,0.480338
1139,5,0.537327
1139,6,0.534338
1139,7,0.547371
1139,8,0.535909
1139,9,0.534120
1139,10,0.306372
1139,11,0.452645
1139,12,0.490465
1139,13,0.452359
1139,14,0.447882
1139,15,0.462420
1140,1,0.452645
1140,2,0.488902
1140,3,0.449108
1140,4,0.484607
1140,5,0.453528
1140,6,0.454374
1140,7,0.454919
1140,8,0.495178
1140,9,0.460721
1140,10,0.453112
1140,11,0.490465
1140,12,0.449614
1140,13,0.454374
1140,14,0.428565
1140,15,0.481814
1141,1,0.498355
1141,2,0.459012
1141,3,0.480122
1141,4,0.454915
1141,5,0.447882
1141,6,0.496481
1141,7,0.452359
1141,8,0.453112
1141,9,0.496481
1141,10,0.530096
1141,11,0.530767
1141,12,0.545274
1141,13,0.535036
1141,14,0.534249
1141,15,0.452880
1142,1,0.479077
1142,2,0.493594
1142,3,0.458120
1142,4,0.443870
1142,5,0.496481
1142,6,0.449614
1142,7,0.449657
1142,8,0.459428
1142,9,0.481615
1142,10,0.452359
1142,11,0.447882
1142,12,0.496481
1142,13,0.530461
1142,14,0.541212
1142,15,0.535093
1143,1,0.452359
1143,2,0.301284
1143,3,0.454919
1143,4,0.495178
1143,5,0.535073
1143,6,0.541212
1143,7,0.530632
1143,8,0.461432
1143,9,0.453395
1143,10,0.452823
1143,11,0.452656
1143,12,0.452656
1143,13,0.452823
1143,14,0.454919
1143,15,0.495178
1144,1,0.536561
1144,2,0.536094
1144,3,0.306372
1144,4,0.301284
1144,5,0.451383
1144,6,0.462420
1144,7,0.452848
1144,8,0.495178
1144,9,0.535928
1144,10,0.460721
1144,11,0.452707
1144,12,0.452656
1144,13,0.452823
1144,14,0.454919
1144,15,0.459428
1145,1,0.301284
1145,2,0.452656
1145,3,0.481814
1145,4,0.452359
1145,5,0.480338
1145,6,0.541212
1145,7,0.459012
1145,8,0.452848
1145,9,0.490390
1145,10,0.535073
1145,11,0.452359
1145,12,0.479077
1145,13,0.493594
1145,14,0.534120
1145,15,0.535073
1146,1,0.546623
1146,2,0.546623
1146,3,0.535909
1146,4,0.532606
1146,5,0.461432
1146,6,0.481615
1146,7,0.493594
1146,8,0.458120
1146,9,0.452848
1146,10,0.490390
1146,11,0.535073
1146,12,0.541212
1146,13,0.534338
1146,14,0.450135
1146,15,0.480338
1147,1,0.504719
1147,2,0.449614
1147,3,0.453112
1147,4,0.462420
1147,5,0.451004
1147,6,0.462420
1147,7,0.482953
1147,8,0.493594
1147,9,0.534338
1147,10,0.530461
1147,11,0.529111
1147,12,0.535036
1147,13,0.532606
1147,14,0.460721
1147,15,0.480122
1148,1,0.541212
1148,2,0.459012
1148,3,0.480122
1148,4,0.541212
1148,5,0.306372
1148,6,0.452645
1148,7,0.486740
1148,8,0.530096
1148,9,0.546623
1148,10,0.530461
1148,11,0.535036
1148,12,0.459012
1148,13,0.453395
1148,14,0.480211
1148,15,0.504719
1149,1,0.546623
1149,2,0.452359
1149,3,0.447882
1149,4,0.462420
1149,5,0.452707
1149,6,0.452823
1149,7,0.454919
1149,8,0.446111
1149,9,0.451004
1149,10,0.488902
1149,11,0.535073
1149,12,0.534479
1149,13,0.534120
1149,14,0.535073
1149,15,0.536450
1150,1,0.534249
1150,2,0.546623
1150,3,0.455326
1150,4,0.447882
1150,5,0.490465
1150,6,0.534916
1150,7,0.458120
1150,8,0.481615
1150,9,0.455435
1150,10,0.480338
1150,11,0.452359
1150,12,0.480338
1150,13,0.498355
1150,14,0.530632
1150,15,0.534531
1151,1,0.452359
1151,2,0.301284
1151,3,0.481814
1151,4,0.541212
1151,5,0.305480
1151,6,0.452848
1151,7,0.490390
1151,8,0.535928
1151,9,0.536395
1151,10,0.460721
1151,11,0.452848
1151,12,0.495178
1151,13,0.535928
1151,14,0.461432
1151,15,0.452645
1152,1,0.490465
1152,2,0.452293
1152,3,0.480338
1152,4,0.541212
1152,5,0.534249
1152,6,0.547371
1152,7,0.452359
1152,8,0.454374
1152,9,0.452823
1152,10,0.480211
1152,11,0.456084
1152,12,0.449657
1152,13,0.496481
1152,14,0.452293
1152,15,0.480338
1153,1,0.498355
1153,2,0.459012
1153,3,0.452645
1153,4,0.490390
1153,5,0.494656
1153,6,0.461432
1153,7,0.481615
1153,8,0.541212
1153,9,0.530632
1153,10,0.535928
1153,11,0.461432
1153,12,0.452946
1153,13,0.481814
1153,14,0.486802
1153,15,0.546623
1154,1,0.545274
1154,2,0.539797
1154,3,0.532606
1154,4,0.460721
1154,5,0.452707
1154,6,0.452823
1154,7,0.475886
1154,8,0.493594
1154,9,0.534338
1154,10,0.449614
1154,11,0.449669
1154,12,0.481814
1154,13,0.546623
1154,14,0.530461
1154,15,0.449614
1155,1,0.480338
1155,2,0.494471
1155,3,0.534338
1155,4,0.530096
1155,5,0.535036
1155,6,0.459012
1155,7,0.453395
1155,8,0.453486
1155,9,0.484210
1155,10,0.492218
1155,11,0.546258
1155,12,0.541212
1155,13,0.534249
1155,14,0.534916
1155,15,0.532606
1156,1,0.534531
1156,2,0.539240
1156,3,0.534338
1156,4,0.546623
1156,5,0.449614
1156,6,0.449657
1156,7,0.490465
1156,8,0.546623
1156,9,0.452359
1156,10,0.449669
1156,11,0.481814
1156,12,0.458829
1156,13,0.479077
1156,14,0.486802
1156,15,0.530767
1157,1,0.452359
1157,2,0.447882
1157,3,0.490465
1157,4,0.530096
1157,5,0.535036
1157,6,0.530632
1157,7,0.535073
1157,8,0.530843
1157,9,0.536450
1157,10,0.459012
1157,11,0.452645
1157,12,0.462163
1157,13,0.301973
1157,14,0.442603
1157,15,0.480839
1158,1,0.479957
1158,2,0.534916
1158,3,0.530632
1158,4,0.536395
1158,5,0.534876
1158,6,0.536395
1158,7,0.461432
1158,8,0.452848
1158,9,0.459428
1158,10,0.452707
1158,11,0.481814
1158,12,0.454915
1158,13,0.449657
1158,14,0.462420
1158,15,0.446223
1159,1,0.490465
1159,2,0.491542
1159,3,0.536450
1159,4,0.532606
1159,5,0.460063
1159,6,0.481615
1159,7,0.477412
1159,8,0.453989
1159,9,0.439758
1159,10,0.473332
1159,11,0.493594
1159,12,0.495938
1159,13,0.450135
1159,14,0.440193
1159,15,0.450745
1160,1,0.453395
1160,2,0.481814
1160,3,0.488557
1160,4,0.455326
1160,5,0.449657
1160,6,0.490465
1160,7,0.530096
1160,8,0.536450
1160,9,0.534249
1160,10,0.547005
1160,11,0.449614
1160,12,0.479077
1160,13,0.541212
1160,14,0.459012
1160,15,0.452848
1161,1,0.490390
1161,2,0.492760
1161,3,0.452359
1161,4,0.480338
1161,5,0.488557
1161,6,0.535036
1161,7,0.534338
1161,8,0.530461
1161,9,0.535036
1161,10,0.534249
1161,11,0.530461
1161,12,0.535909
1161,13,0.458120
1161,14,0.453395
1161,15,0.454919
1162,1,0.460663
1162,2,0.452434
1162,3,0.453486
1162,4,0.490465
1162,5,0.541212
1162,6,0.532606
1162,7,0.534531
1162,8,0.449614
1162,9,0.479077
1162,10,0.530461
1162,11,0.541212
1162,12,0.459012
1162,13,0.452707
1162,14,0.454198
1162,15,0.481449
1163,1,0.546623
1163,2,0.455326
1163,3,0.454374
1163,4,0.452823
1163,5,0.480211
1163,6,0.493594
1163,7,0.530632
1163,8,0.535073
1163,9,0.547005
1163,10,0.539797
1163,11,0.532606
1163,12,0.535073
1163,13,0.536450
1163,14,0.532606
1163,15,0.533040
1164,1,0.461432
1164,2,0.481615
1164,3,0.541212
1164,4,0.532606
1164,5,0.460721
1164,6,0.453395
1164,7,0.452823
1164,8,0.480211
1164,9,0.544869
1164,10,0.541212
1164,11,0.535093
1164,12,0.541212
1164,13,0.534338
1164,14,0.546623
1164,15,0.536450
1165,1,0.532606
1165,2,0.460721
1165,3,0.452848
1165,4,0.493690
1165,5,0.460721
1165,6,0.452848
1165,7,0.496481
1165,8,0.449614
1165,9,0.454374
1165,10,0.480211
1165,11,0.452359
1165,12,0.480338
1165,13,0.546623
1165,14,0.539797
1165,15,0.530632
1166,1,0.536395
1166,2,0.535928
1166,3,0.461432
1166,4,0.452645
1166,5,0.451832
1166,6,0.481615
1166,7,0.486802
1166,8,0.541212
1166,9,0.534249
1166,10,0.530096
1166,11,0.539797
1166,12,0.534249
1166,13,0.534916
1166,14,0.530632
1166,15,0.460721
1167,1,0.480122
1167,2,0.530461
1167,3,0.452359
1167,4,0.449657
1167,5,0.462420
1167,6,0.480122
1167,7,0.457826
1167,8,0.454374
1167,9,0.452823
1167,10,0.454802
1167,11,0.460663
1167,12,0.452434
1167,13,0.451383
1167,14,0.496481
1167,15,0.455559
1168,1,0.449657
1168,2,0.462521
1168,3,0.444582
1168,4,0.490465
1168,5,0.452814
1168,6,0.449669
1168,7,0.481814
1168,8,0.532565
1168,9,0.534338
1168,10,0.534479
1168,11,0.532606
1168,12,0.461432
1168,13,0.449292
1168,14,0.459428
1168,15,0.481615
1169,1,0.537327
1169,2,0.534338
1169,3,0.534479
1169,4,0.534249
1169,5,0.452814
1169,6,0.449669
1169,7,0.481814
1169,8,0.536450
1169,9,0.532606
1169,10,0.536395
1169,11,0.534531
1169,12,0.449614
1169,13,0.447882
1169,14,0.479856
1169,15,0.449108
1170,1,0.441728
1170,2,0.454919
1170,3,0.444354
1170,4,0.453395
1170,5,0.452823
1170,6,0.452653
1170,7,0.481814
1170,8,0.452359
1170,9,0.449669
1170,10,0.481602
1170,11,0.456084
1170,12,0.449669
1170,13,0.452656
1170,14,0.452823
1170,15,0.454919
1171,1,0.459428
1171,2,0.453112
1171,3,0.462420
1171,4,0.451207
1171,5,0.462420
1171,6,0.481460
1171,7,0.458829
1171,8,0.479077
1171,9,0.498355
1171,10,0.534338
1171,11,0.531208
1171,12,0.541212
1171,13,0.534338
1171,14,0.452359
1171,15,0.479077
1172,1,0.452359
1172,2,0.480338
1172,3,0.498355
1172,4,0.530632
1172,5,0.460721
1172,6,0.453395
1172,7,0.452823
1172,8,0.452823
1172,9,0.481814
1172,10,0.454915
1172,11,0.479077
1172,12,0.504719
1172,13,0.546623
1172,14,0.545274
1172,15,0.539256
1173,1,0.534338
1173,2,0.536450
1173,3,0.534338
1173,4,0.455038
1173,5,0.447882
1173,6,0.490390
1173,7,0.447528
1173,8,0.484716
1173,9,0.493594
1173,10,0.459012
1173,11,0.452645
1173,12,0.493690
1173,13,0.459141
1173,14,0.452910
1173,15,0.462420
1174,1,0.475121
1174,2,0.486802
1174,3,0.530461
1174,4,0.546623
1174,5,0.455326
1174,6,0.447882
1174,7,0.462420
1174,8,0.451004
1174,9,0.490390
1174,10,0.529057
1174,11,0.541212
1174,12,0.532606
1174,13,0.460721
1174,14,0.452257
1174,15,0.452823
1175,1,0.452823
1175,2,0.481814
1175,3,0.544869
1175,4,0.452359
1175,5,0.479077
1175,6,0.452359
1175,7,0.454374
1175,8,0.454919
1175,9,0.495178
1175,10,0.536395
1175,11,0.535073
1175,12,0.541212
1175,13,0.535004
1175,14,0.534916
1175,15,0.530632
1176,1,0.535928
1176,2,0.534531
1176,3,0.541212
1176,4,0.534338
1176,5,0.452359
1176,6,0.449669
1176,7,0.452823
1176,8,0.452218
1176,9,0.452823
1176,10,0.481814
1176,11,0.458829
1176,12,0.454374
1176,13,0.452823
1176,14,0.452823
1176,15,0.452048
1177,1,0.481814
1177,2,0.536450
1177,3,0.532606
1177,4,0.535928
1177,5,0.460721
1177,6,0.480122
1177,7,0.456084
1177,8,0.290266
1177,9,0.478950
1177,10,0.453528
1177,11,0.480338
1177,12,0.454915
1177,13,0.449669
1177,14,0.480211
1177,15,0.489709
1178,1,0.458120
1178,2,0.452645
1178,3,0.462420
1178,4,0.441428
1178,5,0.447337
1178,6,0.481814
1178,7,0.536450
1178,8,0.534338
1178,9,0.530461
1178,10,0.535036
1178,11,0.530632
1178,12,0.460721
1178,13,0.452707
1178,14,0.453486
1178,15,0.495178
1179,1,0.459141
1179,2,0.481615
1179,3,0.486802
1179,4,0.539797
1179,5,0.530632
1179,6,0.536395
1179,7,0.535073
1179,8,0.546623
1179,9,0.545274
1179,10,0.535909
1179,11,0.532606
1179,12,0.461432
1179,13,0.453395
1179,14,0.481504
1179,15,0.504719
1180,1,0.539797
1180,2,0.534338
1180,3,0.541212
1180,4,0.530632
1180,5,0.535928
1180,6,0.534531
1180,7,0.452359
1180,8,0.449669
1180,9,0.428732
1180,10,0.452218
1180,11,0.454919
1180,12,0.495178
1180,13,0.495123
1180,14,0.457847
1180,15,0.452645
1181,1,0.495939
1181,2,0.539678
1181,3,0.458120
1181,4,0.452848
1181,5,0.490465
1181,6,0.541212
1181,7,0.534249
1181,8,0.452293
1181,9,0.480338
1181,10,0.454915
1181,11,0.480338
1181,12,0.528706
1181,13,0.536450
1181,14,0.534249
1181,15,0.530843
1182,1,0.452359
1182,2,0.447882
1182,3,0.462420
1182,4,0.483063
1182,5,0.489709
1182,6,0.532606
1182,7,0.460721
1182,8,0.481615
1182,9,0.454915
1182,10,0.447882
1182,11,0.479856
1182,12,0.461432
1182,13,0.452645
1182,14,0.495178
1182,15,0.535928
1183,1,0.534531
1183,2,0.541212
1183,3,0.532606
1183,4,0.534531
1183,5,0.546623
1183,6,0.529111
1183,7,0.536450
1183,8,0.530632
1183,9,0.534531
1183,10,0.534916
1183,11,0.458120
1183,12,0.452707
1183,13,0.481814
1183,14,0.546623
1183,15,0.530461
1184,1,0.541212
1184,2,0.532606
1184,3,0.535073
1184,4,0.536450
1184,5,0.534338
1184,6,0.536450
1184,7,0.534338
1184,8,0.530843
1184,9,0.546930
1184,10,0.536450
1184,11,0.458120
1184,12,0.481615
1184,13,0.494471
1184,14,0.534338
1184,15,0.452880
1185,1,0.447882
1185,2,0.495178
1185,3,0.535928
1185,4,0.461432
1185,5,0.472103
1185,6,0.498355
1185,7,0.534249
1185,8,0.536450
1185,9,0.534249
1185,10,0.530461
1185,11,0.529111
1185,12,0.534495
1185,13,0.531014
1185,14,0.534531
1185,15,0.534479
1186,1,0.534249
1186,2,0.546623
1186,3,0.448277
1186,4,0.449669
1186,5,0.452823
1186,6,0.475521
1186,7,0.536450
1186,8,0.532606
1186,9,0.461432
1186,10,0.481615
1186,11,0.504719
1186,12,0.535909
1186,13,0.534338
1186,14,0.534916
1186,15,0.534249
1187,1,0.541212
1187,2,0.459012
1187,3,0.480122
1187,4,0.488557
1187,5,0.535909
1187,6,0.459012
1187,7,0.453395
1187,8,0.452656
1187,9,0.452823
1187,10,0.452823
1187,11,0.452218
1187,12,0.481814
1187,13,0.488557
1187,14,0.449614
1187,15,0.447882
1188,1,0.495178
1188,2,0.460721
1188,3,0.452645
1188,4,0.495178
1188,5,0.535928
1188,6,0.535073
1188,7,0.455559
1188,8,0.480338
1188,9,0.537327
1188,10,0.534338
1188,11,0.452293
1188,12,0.479077
1188,13,0.450783
1188,14,0.479077
1188,15,0.449614
1189,1,0.480338
1189,2,0.458829
1189,3,0.447882
1189,4,0.490465
1189,5,0.452293
1189,6,0.447882
1189,7,0.462420
1189,8,0.453395
1189,9,0.453345
1189,10,0.454802
1189,11,0.487019
1189,12,0.447528
1189,13,0.452645
1189,14,0.486740
1189,15,0.449614
1190,1,0.480338
1190,2,0.541212
1190,3,0.459012
1190,4,0.480122
1190,5,0.453528
1190,6,0.472459
1190,7,0.488557
1190,8,0.546623
1190,9,0.536450
1190,10,0.534338
1190,11,0.536450
1190,12,0.532606
1190,13,0.534531
1190,14,0.536450
1190,15,0.534338
1191,1,0.541212
1191,2,0.459012
1191,3,0.452848
1191,4,0.462420
1191,5,0.481615
1191,6,0.528706
1191,7,0.452359
1191,8,0.480437
1191,9,0.541212
1191,10,0.532606
1191,11,0.460721
1191,12,0.452910
1191,13,0.459428
1191,14,0.481615
1191,15,0.452359
1192,1,0.480437
1192,2,0.541212
1192,3,0.534249
1192,4,0.461727
1192,5,0.301284
1192,6,0.452823
1192,7,0.480211
1192,8,0.452359
1192,9,0.480437
1192,10,0.546623
1192,11,0.452359
1192,12,0.451338
1192,13,0.495178
1192,14,0.535093
1192,15,0.541212
1193,1,0.549036
1193,2,0.452359
1193,3,0.301284
1193,4,0.481814
1193,5,0.452359
1193,6,0.480437
1193,7,0.541212
1193,8,0.534338
1193,9,0.541212
1193,10,0.306372
1193,11,0.480122
1193,12,0.452359
1193,13,0.296580
1193,14,0.451383
1193,15,0.496481
1194,1,0.546623
1194,2,0.546623
1194,3,0.546623
1194,4,0.546623
1194,5,0.541212
1194,6,0.458120
1194,7,0.453112
1194,8,0.490390
1194,9,0.534531
1194,10,0.452359
1194,11,0.301284
1194,12,0.480211
1194,13,0.541212
1194,14,0.306372
1194,15,0.452848
1195,1,0.462087
1195,2,0.480122
1195,3,0.541212
1195,4,0.534338
1195,5,0.452359
1195,6,0.449657
1195,7,0.462420
1195,8,0.452707
1195,9,0.451383
1195,10,0.495178
1195,11,0.535928
1195,12,0.461432
1195,13,0.452707
1195,14,0.452823
1195,15,0.480211
1196,1,0.541212
1196,2,0.459012
1196,3,0.452707
1196,4,0.452823
1196,5,0.481449
1196,6,0.546623
1196,7,0.541212
1196,8,0.534338
1196,9,0.541212
1196,10,0.534338
1196,11,0.541212
1196,12,0.535004
1196,13,0.452359
1196,14,0.453112
1196,15,0.496481
1197,1,0.546623
1197,2,0.452359
1197,3,0.449669
1197,4,0.452656
1197,5,0.451383
1197,6,0.490465
1197,7,0.452880
1197,8,0.480437
1197,9,0.452359
1197,10,0.301284
1197,11,0.481814
1197,12,0.452359
1197,13,0.301284
1197,14,0.480211
1197,15,0.541212
1198,1,0.544118
1198,2,0.535093
1198,3,0.452359
1198,4,0.449657
1198,5,0.495178
1198,6,0.460721
1198,7,0.480122
1198,8,0.546623
1198,9,0.452359
1198,10,0.454374
1198,11,0.454919
1198,12,0.535093
1198,13,0.546623
1198,14,0.452359
1198,15,0.453112
1199,1,0.490465
1199,2,0.541212
1199,3,0.459012
1199,4,0.481615
1199,5,0.541212
1199,6,0.536094
1199,7,0.535073
1199,8,0.546623
1199,9,0.546623
1199,10,0.546623
1199,11,0.452359
1199,12,0.480437
1199,13,0.541212
1199,14,0.459012
1199,15,0.481615
1200,1,0.540988
1200,2,0.536094
1200,3,0.535073
1200,4,0.452359
1200,5,0.454374
1200,6,0.480437
1200,7,0.541212
1200,8,0.458120
1200,9,0.481615
1200,10,0.452359
1200,11,0.480437
1200,12,0.452359
1200,13,0.454374
1200,14,0.454919
1200,15,0.490390
1201,1,0.535093
1201,2,0.541212
1201,3,0.536094
1201,4,0.534531
1201,5,0.541212
1201,6,0.535093
1201,7,0.541212
1201,8,0.534249
1201,9,0.541212
1201,10,0.532606
1201,11,0.460721
1201,12,0.452707
1201,13,0.452656
1201,14,0.481814
1201,15,0.479798
1202,1,0.546623
1202,2,0.541212
1202,3,0.459012
1202,4,0.452707
1202,5,0.452656
1202,6,0.452823
1202,7,0.480211
1202,8,0.536450
1202,9,0.534249
1202,10,0.546623
1202,11,0.452359
1202,12,0.480338
1202,13,0.546623
1202,14,0.546623
1202,15,0.458071
1203,1,0.480338
1203,2,0.452359
1203,3,0.454374
1203,4,0.480211
1203,5,0.488557
1203,6,0.541212
1203,7,0.530632
1203,8,0.535073
1203,9,0.546623
1203,10,0.449614
1203,11,0.447882
1203,12,0.479856
1203,13,0.536395
1203,14,0.460721
1203,15,0.452707
1204,1,0.480211
1204,2,0.532565
1204,3,0.458120
1204,4,0.456690
1204,5,0.449341
1204,6,0.487019
1204,7,0.535073
1204,8,0.452293
1204,9,0.449669
1204,10,0.428732
1204,11,0.475521
1204,12,0.486802
1204,13,0.453989
1204,14,0.480338
1204,15,0.454915
1205,1,0.479077
1205,2,0.489709
1205,3,0.459012
1205,4,0.456690
1205,5,0.452823
1205,6,0.481814
1205,7,0.488557
1205,8,0.535036
1205,9,0.534249
1205,10,0.448277
1205,11,0.480338
1205,12,0.486802
1205,13,0.545274
1205,14,0.452359
1205,15,0.449657
1206,1,0.459529
1206,2,0.481460
1206,3,0.493594
1206,4,0.530632
1206,5,0.536395
1206,6,0.534409
1206,7,0.534531
1206,8,0.531208
1206,9,0.530461
1206,10,0.529418
1206,11,0.541212
1206,12,0.532606
1206,13,0.534531
1206,14,0.450135
1206,15,0.480338
1207,1,0.456084
1207,2,0.454374
1207,3,0.451623
1207,4,0.489709
1207,5,0.459012
1207,6,0.452848
1207,7,0.490390
1207,8,0.492218
1207,9,0.546623
1207,10,0.449614
1207,11,0.449669
1207,12,0.454919
1207,13,0.446111
1207,14,0.482953
1207,15,0.449614
1208,1,0.479077
1208,2,0.493594
1208,3,0.534249
1208,4,0.546258
1208,5,0.529111
1208,6,0.545274
1208,7,0.541212
1208,8,0.459012
1208,9,0.453395
1208,10,0.451383
1208,11,0.496481
1208,12,0.536013
1208,13,0.534338
1208,14,0.536450
1208,15,0.458120
1209,1,0.443605
1209,2,0.451575
1209,3,0.441428
1209,4,0.452048
1209,5,0.454802
1209,6,0.444354
1209,7,0.471442
1209,8,0.457660
1209,9,0.449669
1209,10,0.481814
1209,11,0.454915
1209,12,0.480338
1209,13,0.486802
1209,14,0.539797
1209,15,0.534338
1210,1,0.541212
1210,2,0.458120
1210,3,0.452848
1210,4,0.488902
1210,5,0.479957
1210,6,0.452293
1210,7,0.480338
1210,8,0.452359
1210,9,0.453112
1210,10,0.496481
1210,11,0.452359
1210,12,0.453112
1210,13,0.495178
1210,14,0.534531
1210,15,0.541212
1211,1,0.306039
1211,2,0.453112
1211,3,0.462420
1211,4,0.480122
1211,5,0.541212
1211,6,0.532606
1211,7,0.536094
1211,8,0.536395
1211,9,0.534531
1211,10,0.546623
1211,11,0.546623
1211,12,0.452359
1211,13,0.480437
1211,14,0.541212
1211,15,0.534249
1212,1,0.541212
1212,2,0.459012
1212,3,0.481615
1212,4,0.452359
1212,5,0.449669
1212,6,0.454919
1212,7,0.496481
1212,8,0.541212
1212,9,0.535093
1212,10,0.452359
1212,11,0.480338
1212,12,0.540988
1212,13,0.532606
1212,14,0.535928
1212,15,0.536395
1213,1,0.461098
1213,2,0.480122
1213,3,0.541212
1213,4,0.306372
1213,5,0.452848
1213,6,0.486740
1213,7,0.452359
1213,8,0.480338
1213,9,0.546623
1213,10,0.546623
1213,11,0.541212
1213,12,0.532606
1213,13,0.536094
1213,14,0.534551
1213,15,0.452359
1214,1,0.451338
1214,2,0.495178
1214,3,0.461432
1214,4,0.452707
1214,5,0.452656
1214,6,0.481814
1214,7,0.541212
1214,8,0.536094
1214,9,0.535928
1214,10,0.535928
1214,11,0.534531
1214,12,0.452359
1214,13,0.480338
1214,14,0.546623
1214,15,0.452359
1215,1,0.479077
1215,2,0.546623
1215,3,0.546623
1215,4,0.452359
1215,5,0.453112
1215,6,0.459428
1215,7,0.452848
1215,8,0.496481
1215,9,0.546623
1215,10,0.452359
1215,11,0.449657
1215,12,0.462420
1215,13,0.453112
1215,14,0.531306
1215,15,0.535928
1216,1,0.543952
1216,2,0.535093
1216,3,0.546623
1216,4,0.541212
1216,5,0.305480
1216,6,0.453395
1216,7,0.452823
1216,8,0.451383
1216,9,0.306372
1216,10,0.480122
1216,11,0.546623
1216,12,0.546623
1216,13,0.452359
1216,14,0.480338
1216,15,0.541212
1217,1,0.536094
1217,2,0.536094
1217,3,0.460721
1217,4,0.452707
1217,5,0.481814
1217,6,0.541212
1217,7,0.458120
1217,8,0.453112
1217,9,0.496481
1217,10,0.452359
1217,11,0.449657
1217,12,0.459428
1217,13,0.452848
1217,14,0.496481
1217,15,0.541212
1218,1,0.544118
1218,2,0.306372
1218,3,0.452848
1218,4,0.459428
1218,5,0.480122
1218,6,0.546623
1218,7,0.541212
1218,8,0.532606
1218,9,0.534531
1218,10,0.541212
1218,11,0.306372
1218,12,0.452707
1218,13,0.480211
1218,14,0.546623
1218,15,0.546623
1219,1,0.540988
1219,2,0.306372
1219,3,0.452910
1219,4,0.490390
1219,5,0.461432
1219,6,0.452848
1219,7,0.495178
1219,8,0.461432
1219,9,0.452707
1219,10,0.452823
1219,11,0.454919
1219,12,0.490390
1219,13,0.535073
1219,14,0.452359
1219,15,0.479077
1220,1,0.546623
1220,2,0.452359
1220,3,0.480338
1220,4,0.546623
1220,5,0.546623
1220,6,0.452359
1220,7,0.454374
1220,8,0.453112
1220,9,0.490390
1220,10,0.534551
1220,11,0.546623
1220,12,0.541212
1220,13,0.306372
1220,14,0.452910
1220,15,0.459428
1221,1,0.452848
1221,2,0.496481
1221,3,0.452359
1221,4,0.454374
1221,5,0.452656
1221,6,0.452656
1221,7,0.454919
1221,8,0.495178
1221,9,0.536094
1221,10,0.535093
1221,11,0.452359
1221,12,0.480338
1221,13,0.546623
1221,14,0.546623
1221,15,0.546623
1222,1,0.452359
1222,2,0.296580
1222,3,0.454919
1222,4,0.495178
1222,5,0.461432
1222,6,0.481615
1222,7,0.541212
1222,8,0.306372
1222,9,0.481615
1222,10,0.452359
1222,11,0.454374
1222,12,0.480211
1222,13,0.541212
1222,14,0.534249
1222,15,0.452359
1223,1,0.449657
1223,2,0.495178
1223,3,0.460721
1223,4,0.452707
1223,5,0.452823
1223,6,0.475886
1223,7,0.458829
1223,8,0.449657
1223,9,0.462420
1223,10,0.452645
1223,11,0.495178
1223,12,0.460721
1223,13,0.480122
1223,14,0.541212
1223,15,0.534338
1224,1,0.541212
1224,2,0.306372
1224,3,0.453395
1224,4,0.480211
1224,5,0.546623
1224,6,0.541212
1224,7,0.534338
1224,8,0.546623
1224,9,0.541212
1224,10,0.458120
1224,11,0.452645
1224,12,0.459428
1224,13,0.452707
1224,14,0.480211
1224,15,0.452359
1225,1,0.449657
1225,2,0.496481
1225,3,0.452359
1225,4,0.449657
1225,5,0.490390
1225,6,0.536561
1225,7,0.535073
1225,8,0.455038
1225,9,0.449657
1225,10,0.490390
1225,11,0.535073
1225,12,0.452359
1225,13,0.301284
1225,14,0.452823
1225,15,0.454919
1226,1,0.504407
1226,2,0.452359
1226,3,0.480437
1226,4,0.452359
1226,5,0.454374
1226,6,0.481814
1226,7,0.546623
1226,8,0.546623
1226,9,0.546623
1226,10,0.452359
1226,11,0.480338
1226,12,0.546623
1226,13,0.546623
1226,14,0.541212
1226,15,0.459012
1227,1,0.452848
1227,2,0.535093
1227,3,0.452359
1227,4,0.480338
1227,5,0.541212
1227,6,0.534338
1227,7,0.452359
1227,8,0.449657
1227,9,0.462420
1227,10,0.480122
1227,11,0.546623
1227,12,0.452359
1227,13,0.449657
1227,14,0.496481
1227,15,0.546623
1228,1,0.546623
1228,2,0.452359
1228,3,0.449657
1228,4,0.490390
1228,5,0.535928
1228,6,0.534531
1228,7,0.541212
1228,8,0.535093
1228,9,0.541212
1228,10,0.306372
1228,11,0.452910
1228,12,0.490390
1228,13,0.459141
1228,14,0.452848
1228,15,0.495178
1229,1,0.536094
1229,2,0.535928
1229,3,0.536395
1229,4,0.535073
1229,5,0.546623
1229,6,0.541212
1229,7,0.530632
1229,8,0.535073
1229,9,0.452359
1229,10,0.451338
1229,11,0.490465
1229,12,0.546623
1229,13,0.452359
1229,14,0.449657
1229,15,0.490390
1230,1,0.535073
1230,2,0.452359
1230,3,0.449657
1230,4,0.490465
1230,5,0.541212
1230,6,0.532606
1230,7,0.536395
1230,8,0.535928
1230,9,0.306372
1230,10,0.452645
1230,11,0.495178
1230,12,0.536395
1230,13,0.536395
1230,14,0.460721
1230,15,0.480437
1231,1,0.546623
1231,2,0.546623
1231,3,0.452359
1231,4,0.454374
1231,5,0.452656
1231,6,0.451383
1231,7,0.459428
1231,8,0.480122
1231,9,0.452359
1231,10,0.454374
1231,11,0.481814
1231,12,0.546623
1231,13,0.546623
1231,14,0.541212
1231,15,0.534338
1232,1,0.546623
1232,2,0.541212
1232,3,0.535093
1232,4,0.452359
1232,5,0.296580
1232,6,0.452823
1232,7,0.452656
1232,8,0.481814
1232,9,0.546623
1232,10,0.452359
1232,11,0.301284
1232,12,0.481814
1232,13,0.452359
1232,14,0.480437
1232,15,0.541212
1233,1,0.548946
1233,2,0.546623
1233,3,0.452359
1233,4,0.480437
1233,5,0.452359
1233,6,0.301284
1233,7,0.454919
1233,8,0.495178
1233,9,0.460721
1233,10,0.481615
1233,11,0.546623
1233,12,0.452359
1233,13,0.449657
1233,14,0.309364
1233,15,0.452707
1234,1,0.452823
1234,2,0.480211
1234,3,0.452359
1234,4,0.451338
1234,5,0.459428
1234,6,0.452910
1234,7,0.462420
1234,8,0.301284
1234,9,0.452656
1234,10,0.454919
1234,11,0.490390
1234,12,0.535928
1234,13,0.534531
1234,14,0.452359
1234,15,0.480437
1235,1,0.452359
1235,2,0.301284
1235,3,0.452656
1235,4,0.454919
1235,5,0.462420
1235,6,0.452645
1235,7,0.462420
1235,8,0.452848
1235,9,0.490465
1235,10,0.546623
1235,11,0.541212
1235,12,0.535093
1235,13,0.452359
1235,14,0.454374
1235,15,0.452656
1236,1,0.452823
1236,2,0.481814
1236,3,0.452359
1236,4,0.301284
1236,5,0.451383
1236,6,0.487019
1236,7,0.449108
1236,8,0.301284
1236,9,0.481814
1236,10,0.541212
1236,11,0.459012
1236,12,0.301284
1236,13,0.481814
1236,14,0.541212
1236,15,0.306372
1237,1,0.452848
1237,2,0.536094
1237,3,0.534531
1237,4,0.452359
1237,5,0.449657
1237,6,0.495178
1237,7,0.536395
1237,8,0.536395
1237,9,0.535073
1237,10,0.546623
1237,11,0.546623
1237,12,0.546623
1237,13,0.546623
1237,14,0.452359
1237,15,0.451338
1238,1,0.462087
1238,2,0.452707
1238,3,0.451383
1238,4,0.490390
1238,5,0.535928
1238,6,0.460721
1238,7,0.481615
1238,8,0.452359
1238,9,0.451338
1238,10,0.495178
1238,11,0.460721
1238,12,0.453395
1238,13,0.452823
1238,14,0.452823
1238,15,0.454919
1239,1,0.459428
1239,2,0.452848
1239,3,0.495178
1239,4,0.535928
1239,5,0.535073
1239,6,0.530461
1239,7,0.541212
1239,8,0.534249
1239,9,0.541212
1239,10,0.534249
1239,11,0.546623
1239,12,0.546623
1239,13,0.541212
1239,14,0.534338
1239,15,0.541212
1240,1,0.535093
1240,2,0.541212
1240,3,0.459012
1240,4,0.452707
1240,5,0.454919
1240,6,0.462420
1240,7,0.453395
1240,8,0.481814
1240,9,0.486802
1240,10,0.534495
1240,11,0.534338
1240,12,0.536013
1240,13,0.458120
1240,14,0.481615
1240,15,0.452359
1241,1,0.479077
1241,2,0.528706
1241,3,0.448277
1241,4,0.449669
1241,5,0.432510
1241,6,0.444285
1241,7,0.480839
1241,8,0.494656
1241,9,0.535928
1241,10,0.535928
1241,11,0.535928
1241,12,0.535928
1241,13,0.460721
1241,14,0.452848
1241,15,0.490465
1242,1,0.541212
1242,2,0.459012
1242,3,0.453395
1242,4,0.481814
1242,5,0.546623
1242,6,0.449614
1242,7,0.447882
1242,8,0.490390
1242,9,0.460140
1242,10,0.480122
1242,11,0.498355
1242,12,0.534249
1242,13,0.449614
1242,14,0.449657
1242,15,0.490465
1243,1,0.546623
1243,2,0.541212
1243,3,0.458120
1243,4,0.452645
1243,5,0.481392
1243,6,0.480526
1243,7,0.535928
1243,8,0.535928
1243,9,0.461432
1243,10,0.452645
1243,11,0.495645
1243,12,0.534531
1243,13,0.452814
1243,14,0.447882
1243,15,0.462420
1244,1,0.452645
1244,2,0.490465
1244,3,0.530461
1244,4,0.530461
1244,5,0.541212
1244,6,0.530632
1244,7,0.533435
1244,8,0.547371
1244,9,0.546623
1244,10,0.534495
1244,11,0.534249
1244,12,0.534479
1244,13,0.530632
1244,14,0.534531
1244,15,0.534916
1245,1,0.534249
1245,2,0.546623
1245,3,0.455326
1245,4,0.449669
1245,5,0.452823
1245,6,0.454802
1245,7,0.486653
1245,8,0.534916
1245,9,0.534249
1245,10,0.528944
1245,11,0.535036
1245,12,0.458120
1245,13,0.452645
1245,14,0.490465
1245,15,0.530461
1246,1,0.541212
1246,2,0.532606
1246,3,0.536395
1246,4,0.528134
1246,5,0.534145
1246,6,0.452293
1246,7,0.480338
1246,8,0.456084
1246,9,0.478563
1246,10,0.450783
1246,11,0.447882
1246,12,0.462521
1246,13,0.451207
1246,14,0.486740
1246,15,0.449614
1247,1,0.454374
1247,2,0.481814
1247,3,0.528706
1247,4,0.530461
1247,5,0.535036
1247,6,0.534249
1247,7,0.528197
1247,8,0.535036
1247,9,0.458120
1247,10,0.480122
1247,11,0.454915
1247,12,0.449669
1247,13,0.408419
1247,14,0.444007
1247,15,0.446111
1248,1,0.452707
1248,2,0.452823
1248,3,0.475886
1248,4,0.530461
1248,5,0.451022
1248,6,0.449669
1248,7,0.481602
1248,8,0.489709
1248,9,0.489713
1248,10,0.536094
1248,11,0.461432
1248,12,0.443857
1248,13,0.490465
1248,14,0.530096
1248,15,0.536450
1249,1,0.534338
1249,2,0.546623
1249,3,0.536450
1249,4,0.532606
1249,5,0.534531
1249,6,0.534916
1249,7,0.532606
1249,8,0.535073
1249,9,0.449614
1249,10,0.447882
1249,11,0.450846
1249,12,0.453123
1249,13,0.443552
1249,14,0.486802
1249,15,0.535036
1250,1,0.534249
1250,2,0.546623
1250,3,0.449614
1250,4,0.447882
1250,5,0.496391
1250,6,0.539240
1250,7,0.530632
1250,8,0.533507
1250,9,0.536395
1250,10,0.534531
1250,11,0.529072
1250,12,0.530632
1250,13,0.534984
1250,14,0.452293
1250,15,0.480338
1251,1,0.454915
1251,2,0.454374
1251,3,0.452823
1251,4,0.452653
1251,5,0.452653
1251,6,0.481449
1251,7,0.489709
1251,8,0.530632
1251,9,0.533954
1251,10,0.534531
1251,11,0.452814
1251,12,0.471605
1251,13,0.489691
1251,14,0.536450
1251,15,0.530632
1252,1,0.534984
1252,2,0.536013
1252,3,0.532606
1252,4,0.534531
1252,5,0.539678
1252,6,0.458120
1252,7,0.450916
1252,8,0.479905
1252,9,0.534531
1252,10,0.530843
1252,11,0.539797
1252,12,0.458120
1252,13,0.439718
1252,14,0.470983
1252,15,0.488557
1253,1,0.449614
1253,2,0.454374
1253,3,0.452823
1253,4,0.452653
1253,5,0.454802
1253,6,0.487019
1253,7,0.492218
1253,8,0.452293
1253,9,0.479077
1253,10,0.486802
1253,11,0.541212
1253,12,0.534249
1253,13,0.452814
1253,14,0.454374
1253,15,0.481814
1254,1,0.457660
1254,2,0.454374
1254,3,0.428732
1254,4,0.454802
1254,5,0.460663
1254,6,0.475121
1254,7,0.486802
1254,8,0.529111
1254,9,0.529111
1254,10,0.545274
1254,11,0.546623
1254,12,0.529111
1254,13,0.539797
1254,14,0.534338
1254,15,0.534916
1255,1,0.534338
1255,2,0.449614
1255,3,0.449669
1255,4,0.481814
1255,5,0.486802
1255,6,0.536450
1255,7,0.534338
1255,8,0.530096
1255,9,0.448277
1255,10,0.479077
1255,11,0.536450
1255,12,0.534249
1255,13,0.452359
1255,14,0.449657
1255,15,0.490465
1256,1,0.455038
1256,2,0.447882
1256,3,0.490390
1256,4,0.489868
1256,5,0.534409
1256,6,0.457847
1256,7,0.453395
1256,8,0.453486
1256,9,0.487019
1256,10,0.535073
1256,11,0.530461
1256,12,0.536450
1256,13,0.530632
1256,14,0.452822
1256,15,0.452645
1257,1,0.479895
1257,2,0.449614
1257,3,0.480338
1257,4,0.494471
1257,5,0.532606
1257,6,0.534531
1257,7,0.530461
1257,8,0.535036
1257,9,0.530632
1257,10,0.531066
1257,11,0.534531
1257,12,0.536450
1257,13,0.458120
1257,14,0.443012
1257,15,0.454919
1258,1,0.460663
1258,2,0.444582
1258,3,0.490465
1258,4,0.534479
1258,5,0.534045
1258,6,0.452814
1258,7,0.480338
1258,8,0.496490
1258,9,0.534338
1258,10,0.534598
1258,11,0.527788
1258,12,0.458592
1258,13,0.479077
1258,14,0.489709
1258,15,0.459012
1259,1,0.450916
1259,2,0.459428
1259,3,0.452707
1259,4,0.452823
1259,5,0.481814
1259,6,0.502965
1259,7,0.449614
1259,8,0.449657
1259,9,0.462420
1259,10,0.452645
1259,11,0.462420
1259,12,0.451004
1259,13,0.495178
1259,14,0.492760
1259,15,0.534479
1260,1,0.459012
1260,2,0.452645
1260,3,0.495645
1260,4,0.492218
1260,5,0.534916
1260,6,0.534249
1260,7,0.452814
1260,8,0.447882
1260,9,0.490390
1260,10,0.495123
1260,11,0.534409
1260,12,0.536395
1260,13,0.535073
1260,14,0.449614
1260,15,0.447882
1261,1,0.496481
1261,2,0.452293
1261,3,0.480437
1261,4,0.454915
1261,5,0.454374
1261,6,0.481814
1261,7,0.456084
1261,8,0.449657
1261,9,0.462521
1261,10,0.473784
1261,11,0.450783
1261,12,0.447882
1261,13,0.462420
1261,14,0.481725
1261,15,0.493594
1262,1,0.459012
1262,2,0.480122
1262,3,0.494471
1262,4,0.459012
1262,5,0.481477
1262,6,0.498355
1262,7,0.534249
1262,8,0.534916
1262,9,0.534249
1262,10,0.536013
1262,11,0.534338
1262,12,0.536013
1262,13,0.535093
1262,14,0.449614
1262,15,0.454374
1263,1,0.481814
1263,2,0.449614
1263,3,0.447882
1263,4,0.450846
1263,5,0.444582
1263,6,0.495178
1263,7,0.535928
1263,8,0.534531
1263,9,0.530096
1263,10,0.530461
1263,11,0.541212
1263,12,0.534249
1263,13,0.536450
1263,14,0.530632
1263,15,0.535928
1264,1,0.534531
1264,2,0.530461
1264,3,0.530461
1264,4,0.541212
1264,5,0.530632
1264,6,0.452822
1264,7,0.453395
1264,8,0.452823
1264,9,0.454919
1264,10,0.491807
1264,11,0.459141
1264,12,0.452645
1264,13,0.483620
1264,14,0.449614
1264,15,0.449669
1265,1,0.480211
1265,2,0.544869
1265,3,0.529111
1265,4,0.449614
1265,5,0.479077
1265,6,0.454915
1265,7,0.479077
1265,8,0.532565
1265,9,0.534249
1265,10,0.534199
1265,11,0.534045
1265,12,0.452359
1265,13,0.480338
1265,14,0.493594
1265,15,0.458120
1266,1,0.480122
1266,2,0.454915
1266,3,0.479077
1266,4,0.488557
1266,5,0.530461
1266,6,0.529111
1266,7,0.529111
1266,8,0.455326
1266,9,0.449669
1266,10,0.481814
1266,11,0.458829
1266,12,0.447882
1266,13,0.450745
1266,14,0.475121
1266,15,0.457660
1267,1,0.447882
1267,2,0.462420
1267,3,0.452707
1267,4,0.453486
1267,5,0.444354
1267,6,0.481615
1267,7,0.458829
1267,8,0.449669
1267,9,0.454919
1267,10,0.490465
1267,11,0.531208
1267,12,0.530461
1267,13,0.458071
1267,14,0.454374
1267,15,0.481602
1268,1,0.493594
1268,2,0.535093
1268,3,0.536013
1268,4,0.530632
1268,5,0.534531
1268,6,0.534916
1268,7,0.530632
1268,8,0.458460
1268,9,0.481615
1268,10,0.493594
1268,11,0.530632
1268,12,0.459352
1268,13,0.452707
1268,14,0.452823
1268,15,0.481449
1269,1,0.502965
1269,2,0.529418
1269,3,0.449614
1269,4,0.454374
1269,5,0.454919
1269,6,0.487019
1269,7,0.462133
1269,8,0.473784
1269,9,0.535793
1269,10,0.452208
1269,11,0.471204
1269,12,0.528706
1269,13,0.449614
1269,14,0.480338
1269,15,0.498355
1270,1,0.534338
1270,2,0.531208
1270,3,0.546623
1270,4,0.530461
1270,5,0.534495
1270,6,0.532606
1270,7,0.461432
1270,8,0.452257
1270,9,0.452823
1270,10,0.452656
1270,11,0.481814
1270,12,0.454915
1270,13,0.447882
1270,14,0.490465
1270,15,0.531208
1271,1,0.452359
1271,2,0.449669
1271,3,0.443327
1271,4,0.486653
1271,5,0.536450
1271,6,0.534249
1271,7,0.530843
1271,8,0.529111
1271,9,0.449614
1271,10,0.447882
1271,11,0.490390
1271,12,0.461432
1271,13,0.452645
1271,14,0.462163
1271,15,0.452434
1272,1,0.454919
1272,2,0.486653
1272,3,0.449614
1272,4,0.480338
1272,5,0.450783
1272,6,0.443356
1272,7,0.432510
1272,8,0.481449
1272,9,0.493594
1272,10,0.458120
1272,11,0.452645
1272,12,0.451832
1272,13,0.453395
1272,14,0.481814
1272,15,0.488557
1273,1,0.546623
1273,2,0.530461
1273,3,0.449614
1273,4,0.479077
1273,5,0.489709
1273,6,0.527818
1273,7,0.460721
1273,8,0.480122
1273,9,0.488557
1273,10,0.530461
1273,11,0.530461
1273,12,0.541212
1273,13,0.530632
1273,14,0.461432
1273,15,0.453395
1274,1,0.442603
1274,2,0.462420
1274,3,0.482953
1274,4,0.498355
1274,5,0.530632
1274,6,0.534531
1274,7,0.534916
1274,8,0.530632
1274,9,0.527187
1274,10,0.534531
1274,11,0.530843
1274,12,0.546623
1274,13,0.530767
1274,14,0.546623
1274,15,0.541212
1275,1,0.534338
1275,2,0.531208
1275,3,0.541212
1275,4,0.459012
1275,5,0.480122
1275,6,0.544869
1275,7,0.536450
1275,8,0.534249
1275,9,0.452359
1275,10,0.449669
1275,11,0.453081
1275,12,0.462420
1275,13,0.456385
1275,14,0.490465
1275,15,0.452359
1276,1,0.480338
1276,2,0.541212
1276,3,0.534338
1276,4,0.530461
1276,5,0.452359
1276,6,0.480338
1276,7,0.454915
1276,8,0.447882
1276,9,0.495178
1276,10,0.492218
1276,11,0.455559
1276,12,0.479077
1276,13,0.493594
1276,14,0.534249
1276,15,0.536450
1277,1,0.534338
1277,2,0.536450
1277,3,0.532606
1277,4,0.536395
1277,5,0.529784
1277,6,0.456343
1277,7,0.454374
1277,8,0.454919
1277,9,0.486653
1277,10,0.531208
1277,11,0.530461
1277,12,0.546623
1277,13,0.536450
1277,14,0.530632
1277,15,0.534531
1278,1,0.455559
1278,2,0.454374
1278,3,0.481814
1278,4,0.486802
1278,5,0.536450
1278,6,0.532606
1278,7,0.536395
1278,8,0.534145
1278,9,0.531208
1278,10,0.455326
1278,11,0.449669
1278,12,0.481814
1278,13,0.458829
1278,14,0.479824
1278,15,0.456084
1279,1,0.449657
1279,2,0.462420
1279,3,0.453395
1279,4,0.454919
1279,5,0.484210
1279,6,0.492218
1279,7,0.536013
1279,8,0.532606
1279,9,0.536395
1279,10,0.536395
1279,11,0.461432
1279,12,0.452707
1279,13,0.452823
1279,14,0.454919
1279,15,0.487019
1280,1,0.459141
1280,2,0.452645
1280,3,0.490465
1280,4,0.452293
1280,5,0.479077
1280,6,0.456084
1280,7,0.449669
1280,8,0.454919
1280,9,0.481249
1280,10,0.452814
1280,11,0.471605
1280,12,0.454915
1280,13,0.449657
1280,14,0.490465
1280,15,0.530096
1281,1,0.546623
1281,2,0.546623
1281,3,0.535036
1281,4,0.459012
1281,5,0.481477
1281,6,0.488557
1281,7,0.454915
1281,8,0.447882
1281,9,0.490465
1281,10,0.534479
1281,11,0.534338
1281,12,0.530461
1281,13,0.545274
1281,14,0.449614
1281,15,0.449669
1282,1,0.481814
1282,2,0.493594
1282,3,0.459012
1282,4,0.452645
1282,5,0.490465
1282,6,0.452293
1282,7,0.449669
1282,8,0.449544
1282,9,0.487019
1282,10,0.480526
1282,11,0.521519
1282,12,0.461432
1282,13,0.481615
1282,14,0.488557
1282,15,0.536450
1283,1,0.534249
1283,2,0.546258
1283,3,0.451022
1283,4,0.479077
1283,5,0.489709
1283,6,0.534338
1283,7,0.452814
1283,8,0.454374
1283,9,0.481602
1283,10,0.489709
1283,11,0.528322
1283,12,0.534479
1283,13,0.530632
1283,14,0.533435
1283,15,0.452293
1284,1,0.479077
1284,2,0.486802
1284,3,0.530461
1284,4,0.530461
1284,5,0.546623
1284,6,0.541212
1284,7,0.532606
1284,8,0.535928
1284,9,0.536395
1284,10,0.460721
1284,11,0.481615
1284,12,0.449614
1284,13,0.480338
1284,14,0.486802
1284,15,0.535036
1285,1,0.306372
1285,2,0.453395
1285,3,0.453486
1285,4,0.446111
1285,5,0.452434
1285,6,0.452656
1285,7,0.452653
1285,8,0.452656
1285,9,0.452653
1285,10,0.454802
1285,11,0.481249
1285,12,0.449614
1285,13,0.454374
1285,14,0.452823
1285,15,0.444403
1286,1,0.490390
1286,2,0.495123
1286,3,0.461432
1286,4,0.452645
1286,5,0.490465
1286,6,0.530096
1286,7,0.536450
1286,8,0.534249
1286,9,0.547005
1286,10,0.455326
1286,11,0.449669
1286,12,0.443327
1286,13,0.446111
1286,14,0.442819
1286,15,0.459171
1287,1,0.453123
1287,2,0.481814
1287,3,0.528706
1287,4,0.530461
1287,5,0.530461
1287,6,0.449614
1287,7,0.479077
1287,8,0.456084
1287,9,0.441686
1287,10,0.493204
1287,11,0.492760
1287,12,0.534916
1287,13,0.530632
1287,14,0.461432
1287,15,0.453395
1288,1,0.454720
1288,2,0.481504
1288,3,0.456084
1288,4,0.441544
1288,5,0.443327
1288,6,0.444354
1288,7,0.475121
1288,8,0.493594
1288,9,0.534249
1288,10,0.530843
1288,11,0.529418
1288,12,0.529111
1288,13,0.449614
1288,14,0.447882
1288,15,0.462521
1289,1,0.481615
1289,2,0.536450
1289,3,0.534249
1289,4,0.534916
1289,5,0.534249
1289,6,0.449614
1289,7,0.447882
1289,8,0.490390
1289,9,0.479957
1289,10,0.452293
1289,11,0.449669
1289,12,0.441489
1289,13,0.481249
1289,14,0.534479
1289,15,0.530632
1290,1,0.533040
1290,2,0.535928
1290,3,0.534876
1290,4,0.534876
1290,5,0.458558
1290,6,0.440504
1290,7,0.486740
1290,8,0.534916
1290,9,0.530632
1290,10,0.533507
1290,11,0.447387
1290,12,0.452946
1290,13,0.441170
1290,14,0.492669
1290,15,0.534479
1291,1,0.305480
1291,2,0.452645
1291,3,0.488902
1291,4,0.492218
1291,5,0.530096
1291,6,0.536450
1291,7,0.530632
1291,8,0.460063
1291,9,0.481615
1291,10,0.486802
1291,11,0.491743
1291,12,0.545274
1291,13,0.530461
1291,14,0.529111
1291,15,0.529111
1292,1,0.449614
1292,2,0.447882
1292,3,0.490465
1292,4,0.530461
1292,5,0.455326
1292,6,0.449669
1292,7,0.454919
1292,8,0.490465
1292,9,0.446433
1292,10,0.447882
1292,11,0.488556
1292,12,0.447528
1292,13,0.481615
1292,14,0.456084
1292,15,0.441686
1293,1,0.488556
1293,2,0.479957
1293,3,0.452293
1293,4,0.447816
1293,5,0.490465
1293,6,0.546258
1293,7,0.535909
1293,8,0.532606
1293,9,0.536395
1293,10,0.458558
1293,11,0.480122
1293,12,0.489709
1293,13,0.534249
1293,14,0.534916
1293,15,0.458120
1294,1,0.451119
1294,2,0.459428
1294,3,0.452848
1294,4,0.496481
1294,5,0.541212
1294,6,0.458120
1294,7,0.452645
1294,8,0.493690
1294,9,0.535928
1294,10,0.460721
1294,11,0.453395
1294,12,0.451180
1294,13,0.487019
1294,14,0.534531
1294,15,0.536013
1295,1,0.532606
1295,2,0.536395
1295,3,0.447387
1295,4,0.484607
1295,5,0.456084
1295,6,0.449657
1295,7,0.495178
1295,8,0.461432
1295,9,0.453395
1295,10,0.454198
1295,11,0.481449
1295,12,0.536450
1295,13,0.534249
1295,14,0.531208
1295,15,0.535036
1296,1,0.534338
1296,2,0.452814
1296,3,0.449669
1296,4,0.432510
1296,5,0.454802
1296,6,0.486653
1296,7,0.454915
1296,8,0.480338
1296,9,0.489709
1296,10,0.532606
1296,11,0.536395
1296,12,0.529398
1296,13,0.531208
1296,14,0.453989
1296,15,0.454374
1297,1,0.452823
1297,2,0.481449
1297,3,0.486802
1297,4,0.535036
1297,5,0.532988
1297,6,0.461432
1297,7,0.452946
1297,8,0.481504
1297,9,0.482865
1297,10,0.532606
1297,11,0.533978
1297,12,0.530461
1297,13,0.455326
1297,14,0.449669
1297,15,0.454919
1298,1,0.460663
1298,2,0.481460
1298,3,0.488557
1298,4,0.455326
1298,5,0.454374
1298,6,0.481814
1298,7,0.456084
1298,8,0.443356
1298,9,0.452823
1298,10,0.452653
1298,11,0.452653
1298,12,0.452653
1298,13,0.451258
1298,14,0.528706
1298,15,0.529418
1299,1,0.529111
1299,2,0.529111
1299,3,0.530461
1299,4,0.545274
1299,5,0.448277
1299,6,0.449657
1299,7,0.490465
1299,8,0.530096
1299,9,0.449614
1299,10,0.449669
1299,11,0.454919
1299,12,0.490465
1299,13,0.452293
1299,14,0.479077
1299,15,0.493594
1300,1,0.532606
1300,2,0.534531
1300,3,0.530096
1300,4,0.535909
1300,5,0.534249
1300,6,0.531208
1300,7,0.529111
1300,8,0.455326
1300,9,0.479077
1300,10,0.493594
1300,11,0.532606
1300,12,0.533507
1300,13,0.447387
1300,14,0.452946
1300,15,0.447337
1301,1,0.454919
1301,2,0.462420
1301,3,0.481615
1301,4,0.454915
1301,5,0.479077
1301,6,0.502965
1301,7,0.536450
1301,8,0.534249
1301,9,0.531208
1301,10,0.455326
1301,11,0.449669
1301,12,0.443327
1301,13,0.460663
1301,14,0.452601
1301,15,0.452823
1302,1,0.481449
1302,2,0.530461
1302,3,0.536450
1302,4,0.459012
1302,5,0.456690
1302,6,0.481704
1302,7,0.488557
1302,8,0.535036
1302,9,0.458120
1302,10,0.482970
1302,11,0.488557
1302,12,0.529418
1302,13,0.449614
1302,14,0.449657
1302,15,0.488556
1303,1,0.492760
1303,2,0.546623
1303,3,0.455326
1303,4,0.447882
1303,5,0.490465
1303,6,0.546623
1303,7,0.535036
1303,8,0.534249
1303,9,0.546623
1303,10,0.535036
1303,11,0.458120
1303,12,0.481615
1303,13,0.449614
1303,14,0.449657
1303,15,0.457206
1304,1,0.452359
1304,2,0.479077
1304,3,0.456084
1304,4,0.449669
1304,5,0.473332
1304,6,0.493594
1304,7,0.535004
1304,8,0.534916
1304,9,0.534249
1304,10,0.452293
1304,11,0.479077
1304,12,0.454915
1304,13,0.449406
1304,14,0.479184
1304,15,0.530096
1305,1,0.545580
1305,2,0.530461
1305,3,0.453989
1305,4,0.452711
1305,5,0.481602
1305,6,0.486463
1305,7,0.536450
1305,8,0.459012
1305,9,0.452645
1305,10,0.460701
1305,11,0.480526
1305,12,0.461432
1305,13,0.453395
1305,14,0.481814
1305,15,0.486802
1306,1,0.452359
1306,2,0.454374
1306,3,0.449544
1306,4,0.490465
1306,5,0.449614
1306,6,0.447882
1306,7,0.462420
1306,8,0.475121
1306,9,0.489709
1306,10,0.532606
1306,11,0.533040
1306,12,0.460721
1306,13,0.484607
1306,14,0.494471
1306,15,0.532606
1307,1,0.535073
1307,2,0.536450
1307,3,0.534249
1307,4,0.452293
1307,5,0.449590
1307,6,0.462521
1307,7,0.456385
1307,8,0.462420
1307,9,0.453395
1307,10,0.447337
1307,11,0.444403
1307,12,0.480839
1307,13,0.494656
1307,14,0.535073
1307,15,0.546623
1308,1,0.530461
1308,2,0.529111
1308,3,0.546623
1308,4,0.449614
1308,5,0.449669
1308,6,0.473119
1308,7,0.493594
1308,8,0.532606
1308,9,0.536395
1308,10,0.535073
1308,11,0.449614
1308,12,0.454374
1308,13,0.452823
1308,14,0.480211
1308,15,0.488557
1309,1,0.539797
1309,2,0.534338
1309,3,0.536450
1309,4,0.532606
1309,5,0.461432
1309,6,0.452848
1309,7,0.490390
1309,8,0.449108
1309,9,0.481615
1309,10,0.454915
1309,11,0.449669
1309,12,0.449608
1309,13,0.487019
1309,14,0.449108
1309,15,0.441278
1310,1,0.481814
1310,2,0.452359
1310,3,0.447882
1310,4,0.495178
1310,5,0.495123
1310,6,0.528134
1310,7,0.535073
1310,8,0.530461
1310,9,0.458071
1310,10,0.449669
1310,11,0.451383
1310,12,0.487019
1310,13,0.535928
1310,14,0.534531
1310,15,0.541212
1311,1,0.530632
1311,2,0.461432
1311,3,0.452707
1311,4,0.481814
1311,5,0.489709
1311,6,0.459012
1311,7,0.481615
1311,8,0.486802
1311,9,0.530461
1311,10,0.530461
1311,11,0.536450
1311,12,0.459012
1311,13,0.481615
1311,14,0.544869
1311,15,0.534495
1312,1,0.530632
1312,2,0.534531
1312,3,0.546258
1312,4,0.530767
1312,5,0.449614
1312,6,0.449669
1312,7,0.454919
1312,8,0.462420
1312,9,0.480122
1312,10,0.486802
1312,11,0.449614
1312,12,0.480338
1312,13,0.502965
1312,14,0.449614
1312,15,0.447882
1313,1,0.495178
1313,2,0.536395
1313,3,0.535928
1313,4,0.460721
1313,5,0.453395
1313,6,0.441170
1313,7,0.490465
1313,8,0.450135
1313,9,0.449669
1313,10,0.473119
1313,11,0.486802
1313,12,0.449614
1313,13,0.447882
1313,14,0.495178
1313,15,0.536395
1314,1,0.535073
1314,2,0.536450
1314,3,0.534249
1314,4,0.541212
1314,5,0.530632
1314,6,0.459829
1314,7,0.480122
1314,8,0.488557
1314,9,0.449614
1314,10,0.449669
1314,11,0.443327
1314,12,0.480839
1314,13,0.495123
1314,14,0.457847
1314,15,0.453395
1315,1,0.454919
1315,2,0.484210
1315,3,0.536395
1315,4,0.534145
1315,5,0.455038
1315,6,0.454374
1315,7,0.481814
1315,8,0.532565
1315,9,0.532606
1315,10,0.536395
1315,11,0.535928
1315,12,0.461432
1315,13,0.472103
1315,14,0.502965
1315,15,0.449614
1316,1,0.454374
1316,2,0.454919
1316,3,0.462420
1316,4,0.480122
1316,5,0.454915
1316,6,0.449657
1316,7,0.462420
1316,8,0.444582
1316,9,0.490390
1316,10,0.459852
1316,11,0.452645
1316,12,0.462420
1316,13,0.473784
1316,14,0.488557
1316,15,0.530461
1317,1,0.540671
1317,2,0.532606
1317,3,0.533507
1317,4,0.535073
1317,5,0.534916
1317,6,0.459012
1317,7,0.452707
1317,8,0.452823
1317,9,0.452048
1317,10,0.454919
1317,11,0.490465
1317,12,0.536013
1317,13,0.530632
1317,14,0.534531
1317,15,0.541212
1318,1,0.459012
1318,2,0.480122
1318,3,0.489709
1318,4,0.496027
1318,5,0.530461
1318,6,0.449614
1318,7,0.447882
1318,8,0.490465
1318,9,0.536450
1318,10,0.534338
1318,11,0.536013
1318,12,0.532606
1318,13,0.461432
1318,14,0.452645
1318,15,0.490390
1319,1,0.461432
1319,2,0.481615
1319,3,0.452359
1319,4,0.480338
1319,5,0.486802
1319,6,0.535036
1319,7,0.459012
1319,8,0.453395
1319,9,0.452656
1319,10,0.480211
1319,11,0.458829
1319,12,0.449657
1319,13,0.490390
1319,14,0.534531
1319,15,0.536013
1320,1,0.530632
1320,2,0.535073
1320,3,0.540774
1320,4,0.534249
1320,5,0.530461
1320,6,0.529111
1320,7,0.529111
1320,8,0.452359
1320,9,0.479077
1320,10,0.498355
1320,11,0.532606
1320,12,0.536395
1320,13,0.536395
1320,14,0.534409
1320,15,0.461432
1321,1,0.481615
1321,2,0.454915
1321,3,0.480338
1321,4,0.450783
1321,5,0.447882
1321,6,0.462420
1321,7,0.453395
1321,8,0.442603
1321,9,0.490390
1321,10,0.522271
1321,11,0.534916
1321,12,0.534249
1321,13,0.534916
1321,14,0.532606
1321,15,0.533978
1322,1,0.546623
1322,2,0.546623
1322,3,0.448277
1322,4,0.449669
1322,5,0.454919
1322,6,0.487019
1322,7,0.459852
1322,8,0.480122
1322,9,0.493594
1322,10,0.459012
1322,11,0.452707
1322,12,0.454919
1322,13,0.486653
1322,14,0.534916
1322,15,0.458120
1323,1,0.453395
1323,2,0.452656
1323,3,0.481814
1323,4,0.456084
1323,5,0.449669
1323,6,0.481814
1323,7,0.544869
1323,8,0.546623
1323,9,0.451022
1323,10,0.480338
1323,11,0.536450
1323,12,0.459012
1323,13,0.452645
1323,14,0.459428
1323,15,0.480122
1324,1,0.453528
1324,2,0.454374
1324,3,0.481814
1324,4,0.530461
1324,5,0.540671
1324,6,0.534249
1324,7,0.534916
1324,8,0.535093
1324,9,0.531208
1324,10,0.458071
1324,11,0.479077
1324,12,0.488557
1324,13,0.451022
1324,14,0.479077
1324,15,0.494471
1325,1,0.534338
1325,2,0.536450
1325,3,0.459012
1325,4,0.453395
1325,5,0.473742
1325,6,0.488218
1325,7,0.535036
1325,8,0.533273
1325,9,0.449614
1325,10,0.449657
1325,11,0.490465
1325,12,0.546623
1325,13,0.529418
1325,14,0.541212
1325,15,0.534249
1326,1,0.540774
1326,2,0.534338
1326,3,0.546623
1326,4,0.448277
1326,5,0.480338
1326,6,0.498355
1326,7,0.530632
1326,8,0.452822
1326,9,0.453395
1326,10,0.454919
1326,11,0.490390
1326,12,0.495123
1326,13,0.529784
1326,14,0.452293
1326,15,0.449669
1327,1,0.479999
1327,2,0.493594
1327,3,0.534338
1327,4,0.534916
1327,5,0.530632
1327,6,0.535073
1327,7,0.530843
1327,8,0.453989
1327,9,0.454374
1327,10,0.454919
1327,11,0.485061
1327,12,0.450135
1327,13,0.447882
1327,14,0.490465
1327,15,0.492289
1328,1,0.452359
1328,2,0.449669
1328,3,0.454919
1328,4,0.490465
1328,5,0.546258
1328,6,0.529418
1328,7,0.535036
1328,8,0.534120
1328,9,0.452822
1328,10,0.453395
1328,11,0.452656
1328,12,0.481449
1328,13,0.488557
1328,14,0.529111
1328,15,0.455326
1329,1,0.449657
1329,2,0.490390
1329,3,0.531140
1329,4,0.458558
1329,5,0.452645
1329,6,0.490390
1329,7,0.447528
1329,8,0.483114
1329,9,0.493594
1329,10,0.530632
1329,11,0.536395
1329,12,0.534531
1329,13,0.536013
1329,14,0.530632
1329,15,0.452822
1330,1,0.453395
1330,2,0.452656
1330,3,0.452487
1330,4,0.454802
1330,5,0.481249
1330,6,0.453444
1330,7,0.480338
1330,8,0.493594
1330,9,0.459194
1330,10,0.448900
1330,11,0.481392
1330,12,0.536395
1330,13,0.536395
1330,14,0.534409
1330,15,0.536395
1331,1,0.447387
1331,2,0.452707
1331,3,0.481814
1331,4,0.493594
1331,5,0.534338
1331,6,0.534479
1331,7,0.534338
1331,8,0.452359
1331,9,0.480437
1331,10,0.454915
1331,11,0.479077
1331,12,0.498355
1331,13,0.459012
1331,14,0.453395
1331,15,0.454198
1332,1,0.454802
1332,2,0.444354
1332,3,0.454744
1332,4,0.490390
1332,5,0.447528
1332,6,0.481615
1332,7,0.477412
1332,8,0.529111
1332,9,0.449614
1332,10,0.480338
1332,11,0.493594
1332,12,0.458120
1332,13,0.482970
1332,14,0.486802
1332,15,0.545274
1333,1,0.456734
1333,2,0.480338
1333,3,0.489709
1333,4,0.528322
1333,5,0.531208
1333,6,0.449614
1333,7,0.449657
1333,8,0.490390
1333,9,0.536395
1333,10,0.534145
1333,11,0.530843
1333,12,0.536450
1333,13,0.534249
1333,14,0.449614
1333,15,0.479077
1334,1,0.544869
1334,2,0.530767
1334,3,0.530461
1334,4,0.455326
1334,5,0.480338
1334,6,0.456084
1334,7,0.449669
1334,8,0.481602
1334,9,0.450783
1334,10,0.449657
1334,11,0.486502
1334,12,0.492289
1334,13,0.530461
1334,14,0.534495
1334,15,0.530632
1335,1,0.536395
1335,2,0.461432
1335,3,0.452645
1335,4,0.479895
1335,5,0.534479
1335,6,0.534338
1335,7,0.547005
1335,8,0.449614
1335,9,0.480338
1335,10,0.536450
1335,11,0.530632
1335,12,0.535928
1335,13,0.534687
1335,14,0.449614
1335,15,0.479077
1336,1,0.502965
1336,2,0.536450
1336,3,0.530632
1336,4,0.531066
1336,5,0.461432
1336,6,0.452946
1336,7,0.454198
1336,8,0.481449
1336,9,0.486802
1336,10,0.449614
1336,11,0.449669
1336,12,0.454919
1336,13,0.487019
1336,14,0.480526
1336,15,0.486862
1337,1,0.461432
1337,2,0.452848
1337,3,0.462163
1337,4,0.453395
1337,5,0.473432
1337,6,0.482865
1337,7,0.452208
1337,8,0.472559
1337,9,0.481416
1337,10,0.530632
1337,11,0.451453
1337,12,0.475094
1337,13,0.486802
1337,14,0.455326
1337,15,0.447882
1338,1,0.459428
1338,2,0.452645
1338,3,0.481392
1338,4,0.492760
1338,5,0.534479
1338,6,0.532606
1338,7,0.536395
1338,8,0.534876
1338,9,0.536395
1338,10,0.447387
1338,11,0.481615
1338,12,0.493352
1338,13,0.546623
1338,14,0.530461
1338,15,0.536450
1339,1,0.458120
1339,2,0.451119
1339,3,0.490465
1339,4,0.452814
1339,5,0.449657
1339,6,0.490390
1339,7,0.486744
1339,8,0.530096
1339,9,0.529111
1339,10,0.546623
1339,11,0.530461
1339,12,0.535909
1339,13,0.458120
1339,14,0.453395
1339,15,0.442603
1340,1,0.487019
1340,2,0.461432
1340,3,0.480122
1340,4,0.488557
1340,5,0.455326
1340,6,0.454374
1340,7,0.481814
1340,8,0.486802
1340,9,0.530461
1340,10,0.529111
1340,11,0.449614
1340,12,0.479077
1340,13,0.493594
1340,14,0.495938
1340,15,0.546623
1341,1,0.546623
1341,2,0.529111
1341,3,0.545580
1341,4,0.449614
1341,5,0.454374
1341,6,0.481602
1341,7,0.504719
1341,8,0.536450
1341,9,0.534249
1341,10,0.536450
1341,11,0.532606
1341,12,0.460721
1341,13,0.449292
1341,14,0.490390
1341,15,0.459852
1342,1,0.481615
1342,2,0.456658
1342,3,0.454374
1342,4,0.452823
1342,5,0.481814
1342,6,0.493594
1342,7,0.534338
1342,8,0.452814
1342,9,0.454374
1342,10,0.428732
1342,11,0.444285
1342,12,0.444354
1342,13,0.452707
1342,14,0.481504
1342,15,0.456084
1343,1,0.472459
1343,2,0.489709
1343,3,0.452208
1343,4,0.452848
1343,5,0.490465
1343,6,0.455435
1343,7,0.449669
1343,8,0.452823
1343,9,0.479846
1343,10,0.544869
1343,11,0.535036
1343,12,0.459012
1343,13,0.452645
1343,14,0.462163
1343,15,0.453395
1344,1,0.451383
1344,2,0.487019
1344,3,0.459852
1344,4,0.483114
1344,5,0.456084
1344,6,0.449669
1344,7,0.454919
1344,8,0.480839
1344,9,0.492760
1344,10,0.531208
1344,11,0.455326
1344,12,0.479077
1344,13,0.493594
1344,14,0.532606
1344,15,0.535928
1345,1,0.535093
1345,2,0.452359
1345,3,0.447882
1345,4,0.486502
1345,5,0.449614
1345,6,0.449657
1345,7,0.462420
1345,8,0.441700
1345,9,0.481814
1345,10,0.489709
1345,11,0.534249
1345,12,0.449614
1345,13,0.447882
1345,14,0.462420
1345,15,0.452601
1346,1,0.454919
1346,2,0.492669
1346,3,0.452880
1346,4,0.447882
1346,5,0.462521
1346,6,0.483063
1346,7,0.488557
1346,8,0.449614
1346,9,0.479077
1346,10,0.493594
1346,11,0.532606
1346,12,0.536395
1346,13,0.529398
1346,14,0.529597
1346,15,0.452359
1347,1,0.480338
1347,2,0.450783
1347,3,0.479077
1347,4,0.494471
1347,5,0.458302
1347,6,0.480216
1347,7,0.489709
1347,8,0.530632
1347,9,0.536395
1347,10,0.536395
1347,11,0.536395
1347,12,0.461432
1347,13,0.484607
1347,14,0.454915
1347,15,0.447882
1348,1,0.495178
1348,2,0.535073
1348,3,0.541212
1348,4,0.458120
1348,5,0.301973
1348,6,0.442603
1348,7,0.487019
1348,8,0.461432
1348,9,0.452645
1348,10,0.462420
1348,11,0.475121
1348,12,0.450783
1348,13,0.449669
1348,14,0.454919
1348,15,0.484210
1349,1,0.535928
1349,2,0.535073
1349,3,0.452880
1349,4,0.449669
1349,5,0.453081
1349,6,0.484210
1349,7,0.535073
1349,8,0.539678
1349,9,0.535093
1349,10,0.541212
1349,11,0.306372
1349,12,0.480122
1349,13,0.454915
1349,14,0.449657
1349,15,0.462420
1350,1,0.481615
1350,2,0.493594
1350,3,0.530632
1350,4,0.534531
1350,5,0.534916
1350,6,0.530632
1350,7,0.460721
1350,8,0.452645
1350,9,0.490390
1350,10,0.486744
1350,11,0.534916
1350,12,0.534338
1350,13,0.546623
1350,14,0.534495
1350,15,0.459440
1351,1,0.480122
1351,2,0.454915
1351,3,0.447882
1351,4,0.490465
1351,5,0.452293
1351,6,0.449669
1351,7,0.473119
1351,8,0.498355
1351,9,0.534249
1351,10,0.530461
1351,11,0.535909
1351,12,0.534249
1351,13,0.530096
1351,14,0.535036
1351,15,0.530632
1352,1,0.535928
1352,2,0.461432
1352,3,0.472103
1352,4,0.489304
1352,5,0.530461
1352,6,0.536450
1352,7,0.534338
1352,8,0.455038
1352,9,0.480338
1352,10,0.492605
1352,11,0.458120
1352,12,0.471204
1352,13,0.493594
1352,14,0.532606
1352,15,0.536395
1353,1,0.534687
1353,2,0.452880
1353,3,0.449669
1353,4,0.452823
1353,5,0.475886
1353,6,0.486802
1353,7,0.455326
1353,8,0.454374
1353,9,0.452823
1353,10,0.452218
1353,11,0.452048
1353,12,0.454919
1353,13,0.487019
1353,14,0.495123
1353,15,0.534145
1354,1,0.455038
1354,2,0.454374
1354,3,0.454919
1354,4,0.485061
1354,5,0.452293
1354,6,0.449657
1354,7,0.462420
1354,8,0.452601
1354,9,0.454198
1354,10,0.452823
1354,11,0.481814
1354,12,0.456084
1354,13,0.454374
1354,14,0.454919
1354,15,0.444354
1355,1,0.451004
1355,2,0.486740
1355,3,0.452814
1355,4,0.449657
1355,5,0.486502
1355,6,0.530843
1355,7,0.455326
1355,8,0.449669
1355,9,0.452823
1355,10,0.481449
1355,11,0.488557
1355,12,0.529111
1355,13,0.449614
1355,14,0.480338
1355,15,0.493594
1356,1,0.530632
1356,2,0.460721
1356,3,0.452707
1356,4,0.454198
1356,5,0.475521
1356,6,0.486802
1356,7,0.455326
1356,8,0.480338
1356,9,0.454915
1356,10,0.449657
1356,11,0.488556
1356,12,0.460721
1356,13,0.452645
1356,14,0.488902
1356,15,0.535073
1357,1,0.546623
1357,2,0.536450
1357,3,0.458120
1357,4,0.456001
1357,5,0.454198
1357,6,0.481449
1357,7,0.456084
1357,8,0.449669
1357,9,0.452823
1357,10,0.481449
1357,11,0.456084
1357,12,0.454540
1357,13,0.452823
1357,14,0.452823
1357,15,0.454919
1358,1,0.490390
1358,2,0.306372
1358,3,0.452645
1358,4,0.490390
1358,5,0.480526
1358,6,0.526614
1358,7,0.457847
1358,8,0.449494
1358,9,0.488902
1358,10,0.480526
1358,11,0.534876
1358,12,0.534876
1358,13,0.535073
1358,14,0.452293
1358,15,0.449353
1359,1,0.454919
1359,2,0.486653
1359,3,0.530843
1359,4,0.545274
1359,5,0.541212
1359,6,0.530632
1359,7,0.528381
1359,8,0.541212
1359,9,0.534338
1359,10,0.452880
1359,11,0.479077
1359,12,0.457660
1359,13,0.449657
1359,14,0.462521
1359,15,0.482953
1360,1,0.488557
1360,2,0.449614
1360,3,0.454374
1360,4,0.481814
1360,5,0.489709
1360,6,0.532606
1360,7,0.535928
1360,8,0.461432
1360,9,0.452645
1360,10,0.462420
1360,11,0.452434
1360,12,0.481504
1360,13,0.536450
1360,14,0.534249
1360,15,0.530096
1361,1,0.451022
1361,2,0.447882
1361,3,0.450745
1361,4,0.452848
1361,5,0.490390
1361,6,0.495123
1361,7,0.461432
1361,8,0.452848
1361,9,0.486740
1361,10,0.489709
1361,11,0.532606
1361,12,0.535073
1361,13,0.530461
1361,14,0.530461
1361,15,0.536450
1362,1,0.530632
1362,2,0.460721
1362,3,0.453395
1362,4,0.454919
1362,5,0.446111
1362,6,0.482953
1362,7,0.493157
1362,8,0.530632
1362,9,0.451453
1362,10,0.472103
1362,11,0.486802
1362,12,0.535909
1362,13,0.458120
1362,14,0.443012
1362,15,0.433885
1363,1,0.454802
1363,2,0.480839
1363,3,0.459141
1363,4,0.483114
1363,5,0.502965
1363,6,0.541212
1363,7,0.532606
1363,8,0.460721
1363,9,0.453395
1363,10,0.452656
1363,11,0.481449
1363,12,0.544869
1363,13,0.458071
1363,14,0.447882
1363,15,0.496481
1364,1,0.546623
1364,2,0.536450
1364,3,0.530632
1364,4,0.460721
1364,5,0.480122
1364,6,0.541212
1364,7,0.459012
1364,8,0.481615
1364,9,0.546623
1364,10,0.452359
1364,11,0.447882
1364,12,0.496481
1364,13,0.452880
1364,14,0.449657
1364,15,0.462420
1365,1,0.452645
1365,2,0.531306
1365,3,0.536395
1365,4,0.444514
1365,5,0.453395
1365,6,0.447337
1365,7,0.444285
1365,8,0.446111
1365,9,0.453395
1365,10,0.442603
1365,11,0.490390
1365,12,0.459852
1365,13,0.452645
1365,14,0.496481
1365,15,0.452814
1366,1,0.480338
1366,2,0.530461
1366,3,0.449614
1366,4,0.449657
1366,5,0.490465
1366,6,0.531208
1366,7,0.530461
1366,8,0.535909
1366,9,0.534338
1366,10,0.530096
1366,11,0.535036
1366,12,0.459012
1366,13,0.452848
1366,14,0.462420
1366,15,0.452645
1367,1,0.496481
1367,2,0.452359
1367,3,0.449657
1367,4,0.488556
1367,5,0.447528
1367,6,0.453770
1367,7,0.452823
1367,8,0.454802
1367,9,0.446111
1367,10,0.453395
1367,11,0.453486
1367,12,0.484210
1367,13,0.495123
1367,14,0.535928
1367,15,0.461432
1368,1,0.452848
1368,2,0.462420
1368,3,0.452601
1368,4,0.480211
1368,5,0.495932
1368,6,0.534338
1368,7,0.450135
1368,8,0.479077
1368,9,0.504719
1368,10,0.535036
1368,11,0.534338
1368,12,0.546623
1368,13,0.536450
1368,14,0.534249
1368,15,0.530461
1369,1,0.546930
1369,2,0.455326
1369,3,0.449669
1369,4,0.454919
1369,5,0.444354
1369,6,0.482953
1369,7,0.454915
1369,8,0.479176
1369,9,0.494471
1369,10,0.459012
1369,11,0.456001
1369,12,0.453486
1369,13,0.490390
1369,14,0.535928
1369,15,0.536395
1370,1,0.536395
1370,2,0.534531
1370,3,0.536450
1370,4,0.459012
1370,5,0.450916
1370,6,0.490465
1370,7,0.452814
1370,8,0.443047
1370,9,0.443327
1370,10,0.460663
1370,11,0.451004
1370,12,0.462163
1370,13,0.481460
1370,14,0.456084
1370,15,0.449657
1371,1,0.462420
1371,2,0.480122
1371,3,0.536450
1371,4,0.534249
1371,5,0.530096
1371,6,0.529111
1371,7,0.448277
1371,8,0.454374
1371,9,0.452823
1371,10,0.475521
1371,11,0.488557
1371,12,0.536450
1371,13,0.459012
1371,14,0.481615
1371,15,0.493594
1372,1,0.530632
1372,2,0.533978
1372,3,0.452880
1372,4,0.479077
1372,5,0.454915
1372,6,0.479077
1372,7,0.493594
1372,8,0.459194
1372,9,0.481615
1372,10,0.449614
1372,11,0.449657
1372,12,0.496481
1372,13,0.452359
1372,14,0.447882
1372,15,0.495178
1373,1,0.461432
1373,2,0.481615
1373,3,0.456084
1373,4,0.449657
1373,5,0.490390
1373,6,0.536395
1373,7,0.460721
1373,8,0.453395
1373,9,0.481814
1373,10,0.530461
1373,11,0.529111
1373,12,0.539256
1373,13,0.534249
1373,14,0.530096
1373,15,0.535036
1374,1,0.459012
1374,2,0.481615
1374,3,0.456084
1374,4,0.449657
1374,5,0.490390
1374,6,0.494656
1374,7,0.458558
1374,8,0.453395
1374,9,0.452823
1374,10,0.454919
1374,11,0.491807
1374,12,0.461432
1374,13,0.452848
1374,14,0.490390
1374,15,0.480526
1375,1,0.529077
1375,2,0.449614
1375,3,0.479077
1375,4,0.532565
1375,5,0.459012
1375,6,0.456690
1375,7,0.454919
1375,8,0.480839
1375,9,0.479957
1375,10,0.452814
1375,11,0.449657
1375,12,0.462521
1375,13,0.475121
1375,14,0.454915
1375,15,0.479077
1376,1,0.498355
1376,2,0.532606
1376,3,0.534531
1376,4,0.530843
1376,5,0.453989
1376,6,0.449669
1376,7,0.479999
1376,8,0.486802
1376,9,0.527357
1376,10,0.530461
1376,11,0.448277
1376,12,0.479077
1376,13,0.489709
1376,14,0.534338
1376,15,0.536013
1377,1,0.534120
1377,2,0.535928
1377,3,0.461432
1377,4,0.481615
1377,5,0.486802
1377,6,0.458071
1377,7,0.480338
1377,8,0.456084
1377,9,0.449657
1377,10,0.490465
1377,11,0.452293
1377,12,0.449657
1377,13,0.486502
1377,14,0.531208
1377,15,0.536450
1378,1,0.530632
1378,2,0.536395
1378,3,0.534531
1378,4,0.449614
1378,5,0.449669
1378,6,0.443327
1378,7,0.460663
1378,8,0.441428
1378,9,0.473432
1378,10,0.493594
1378,11,0.530632
1378,12,0.535073
1378,13,0.530096
1378,14,0.449614
1378,15,0.447882
1379,1,0.483147
1379,2,0.453444
1379,3,0.447882
1379,4,0.495178
1379,5,0.461432
1379,6,0.452946
1379,7,0.473742
1379,8,0.479798
1379,9,0.530767
1379,10,0.530461
1379,11,0.529111
1379,12,0.455326
1379,13,0.454374
1379,14,0.452823
1379,15,0.481449
1380,1,0.504719
1380,2,0.546623
1380,3,0.448277
1380,4,0.449669
1380,5,0.451383
1380,6,0.490390
1380,7,0.449108
1380,8,0.481615
1380,9,0.454915
1380,10,0.479077
1380,11,0.489709
1380,12,0.530632
1380,13,0.459829
1380,14,0.453395
1380,15,0.448712
1381,1,0.444285
1381,2,0.486653
1381,3,0.530096
1381,4,0.535036
1381,5,0.534249
1381,6,0.531208
1381,7,0.529111
1381,8,0.546930
1381,9,0.530461
1381,10,0.535036
1381,11,0.530632
1381,12,0.451453
1381,13,0.452257
1381,14,0.453486
1381,15,0.460094
1382,1,0.475121
1382,2,0.489709
1382,3,0.452208
1382,4,0.451073
1382,5,0.490465
1382,6,0.530843
1382,7,0.530461
1382,8,0.449614
1382,9,0.449669
1382,10,0.452823
1382,11,0.481449
1382,12,0.489709
1382,13,0.532606
1382,14,0.535928
1382,15,0.536395
1383,1,0.460721
1383,2,0.452848
1383,3,0.490465
1383,4,0.531208
1383,5,0.449614
1383,6,0.479077
1383,7,0.456084
1383,8,0.449669
1383,9,0.453081
1383,10,0.485061
1383,11,0.536450
1383,12,0.534249
1383,13,0.530096
1383,14,0.535036
1383,15,0.532606
1384,1,0.460721
1384,2,0.484607
1384,3,0.488557
1384,4,0.530461
1384,5,0.529111
1384,6,0.453989
1384,7,0.449669
1384,8,0.454919
1384,9,0.460663
1384,10,0.483063
1384,11,0.488557
1384,12,0.535036
1384,13,0.530632
1384,14,0.535928
1384,15,0.534531
1385,1,0.546623
1385,2,0.449614
1385,3,0.454374
1385,4,0.481814
1385,5,0.528706
1385,6,0.448277
1385,7,0.479077
1385,8,0.454915
1385,9,0.454374
1385,10,0.481602
1385,11,0.489709
1385,12,0.530632
1385,13,0.534984
1385,14,0.449614
1385,15,0.449657
1386,1,0.490390
1386,2,0.492760
1386,3,0.449614
1386,4,0.454374
1386,5,0.481602
1386,6,0.456084
1386,7,0.479077
1386,8,0.493594
1386,9,0.534249
1386,10,0.450957
1386,11,0.447882
1386,12,0.483147
1386,13,0.530843
1386,14,0.534495
1386,15,0.532606
1387,1,0.533978
1387,2,0.534916
1387,3,0.458120
1387,4,0.481477
1387,5,0.488557
1387,6,0.535036
1387,7,0.458120
1387,8,0.451119
1387,9,0.486740
1387,10,0.453462
1387,11,0.480338
1387,12,0.502965
1387,13,0.529111
1387,14,0.455326
1387,15,0.479077
1388,1,0.452359
1388,2,0.449669
1388,3,0.432510
1388,4,0.475521
1388,5,0.484326
1388,6,0.458120
1388,7,0.452848
1388,8,0.462163
1388,9,0.451004
1388,10,0.494157
1388,11,0.492218
1388,12,0.534916
1388,13,0.533417
1388,14,0.535928
1388,15,0.534876
1389,1,0.534531
1389,2,0.452814
1389,3,0.447882
1389,4,0.490390
1389,5,0.495123
1389,6,0.534876
1389,7,0.534876
1389,8,0.534531
1389,9,0.531208
1389,10,0.456734
1389,11,0.449657
1389,12,0.490465
1389,13,0.452814
1389,14,0.455062
1389,15,0.454919
1390,1,0.490465
1390,2,0.536450
1390,3,0.532606
1390,4,0.536395
1390,5,0.461432
1390,6,0.453395
1390,7,0.473742
1390,8,0.494471
1390,9,0.459012
1390,10,0.452645
1390,11,0.451575
1390,12,0.453123
1390,13,0.481504
1390,14,0.486802
1390,15,0.535913
1391,1,0.458120
1391,2,0.452707
1391,3,0.481814
1391,4,0.528706
1391,5,0.535036
1391,6,0.458549
1391,7,0.443012
1391,8,0.449949
1391,9,0.490390
1391,10,0.494656
1391,11,0.536395
1391,12,0.534876
1391,13,0.534876
1391,14,0.444514
1391,15,0.481393
1392,1,0.489709
1392,2,0.521442
1392,3,0.530402
1392,4,0.455326
1392,5,0.449669
1392,6,0.452823
1392,7,0.452653
1392,8,0.481449
1392,9,0.493594
1392,10,0.489713
1392,11,0.494656
1392,12,0.536395
1392,13,0.534876
1392,14,0.460721
1392,15,0.452946
1393,1,0.454032
1393,2,0.452653
1393,3,0.475521
1393,4,0.479798
1393,5,0.545580
1393,6,0.530461
1393,7,0.530461
1393,8,0.535036
1393,9,0.458120
1393,10,0.453395
1393,11,0.442603
1393,12,0.460663
1393,13,0.483063
1393,14,0.486802
1393,15,0.534495
1394,1,0.458120
1394,2,0.481615
1394,3,0.498355
1394,4,0.534249
1394,5,0.452293
1394,6,0.480338
1394,7,0.486802
1394,8,0.449614
1394,9,0.480338
1394,10,0.458829
1394,11,0.447857
1394,12,0.481814
1394,13,0.491171
1394,14,0.458120
1394,15,0.448002
1395,1,0.452823
1395,2,0.475521
1395,3,0.456084
1395,4,0.447857
1395,5,0.423861
1395,6,0.454919
1395,7,0.451341
1395,8,0.536013
1395,9,0.534338
1395,10,0.534916
1395,11,0.458120
1395,12,0.481615
1395,13,0.488557
1395,14,0.535036
1395,15,0.530632
1396,1,0.535928
1396,2,0.534531
1396,3,0.530096
1396,4,0.536450
1396,5,0.459012
1396,6,0.452645
1396,7,0.451832
1396,8,0.475121
1396,9,0.454915
1396,10,0.479077
1396,11,0.489709
1396,12,0.458302
1396,13,0.481615
1396,14,0.454915
1396,15,0.449669
1397,1,0.481814
1397,2,0.454915
1397,3,0.480338
1397,4,0.486802
1397,5,0.529111
1397,6,0.534495
1397,7,0.530632
1397,8,0.534531
1397,9,0.534479
1397,10,0.532606
1397,11,0.535073
1397,12,0.536450
1397,13,0.532606
1397,14,0.536395
1397,15,0.535073
1398,1,0.534916
1398,2,0.534249
1398,3,0.452814
1398,4,0.479077
1398,5,0.489709
1398,6,0.491687
1398,7,0.533507
1398,8,0.528134
1398,9,0.536395
1398,10,0.534145
1398,11,0.530461
1398,12,0.453989
1398,13,0.447882
1398,14,0.488556
1398,15,0.459852
1399,1,0.481460
1399,2,0.536450
1399,3,0.534338
1399,4,0.541212
1399,5,0.530632
1399,6,0.452822
1399,7,0.441278
1399,8,0.481814
1399,9,0.493594
1399,10,0.530632
1399,11,0.535073
1399,12,0.530096
1399,13,0.535036
1399,14,0.534338
1399,15,0.452293
1400,1,0.449669
1400,2,0.452823
1400,3,0.481814
1400,4,0.504719
1400,5,0.449614
1400,6,0.454374
1400,7,0.481814
1400,8,0.450783
1400,9,0.480338
1400,10,0.454915
1400,11,0.447882
1400,12,0.490390
1400,13,0.522271
1400,14,0.534479
1400,15,0.532606
1401,1,0.536395
1401,2,0.529784
1401,3,0.452293
1401,4,0.454374
1401,5,0.453081
1401,6,0.459428
1401,7,0.452848
1401,8,0.490465
1401,9,0.452293
1401,10,0.480338
1401,11,0.489709
1401,12,0.534249
1401,13,0.534916
1401,14,0.458120
1401,15,0.480216
1402,1,0.544869
1402,2,0.530767
1402,3,0.535036
1402,4,0.458120
1402,5,0.443605
1402,6,0.483620
1402,7,0.488557
1402,8,0.449614
1402,9,0.454374
1402,10,0.454919
1402,11,0.487019
1402,12,0.535928
1402,13,0.536395
1402,14,0.461432
1402,15,0.452645
1403,1,0.481392
1403,2,0.479957
1403,3,0.452293
1403,4,0.449669
1403,5,0.481814
1403,6,0.488218
1403,7,0.535909
1403,8,0.530632
1403,9,0.461432
1403,10,0.472103
1403,11,0.493594
1403,12,0.458302
1403,13,0.452645
1403,14,0.483620
1403,15,0.532565
1404,1,0.534338
1404,2,0.449614
1404,3,0.447882
1404,4,0.462420
1404,5,0.453395
1404,6,0.480211
1404,7,0.493594
1404,8,0.459194
1404,9,0.480122
1404,10,0.489709
1404,11,0.534338
1404,12,0.530096
1404,13,0.449614
1404,14,0.447882
1404,15,0.490465
1405,1,0.456207
1405,2,0.449669
1405,3,0.473332
1405,4,0.454915
1405,5,0.479824
1405,6,0.498355
1405,7,0.305480
1405,8,0.452707
1405,9,0.452656
1405,10,0.452656
1405,11,0.451383
1405,12,0.495178
1405,13,0.535928
1405,14,0.536395
1405,15,0.461432
1406,1,0.452848
1406,2,0.459428
1406,3,0.453123
1406,4,0.448712
1406,5,0.452823
1406,6,0.444285
1406,7,0.487019
1406,8,0.492218
1406,9,0.536013
1406,10,0.530632
1406,11,0.536395
1406,12,0.529398
1406,13,0.536450
1406,14,0.534338
1406,15,0.539678
1407,1,0.532606
1407,2,0.536395
1407,3,0.534531
1407,4,0.541212
1407,5,0.530632
1407,6,0.535928
1407,7,0.536395
1407,8,0.536395
1407,9,0.447387
1407,10,0.452848
1407,11,0.490465
1407,12,0.452880
1407,13,0.480338
1407,14,0.454915
1407,15,0.479077
1408,1,0.502965
1408,2,0.530461
1408,3,0.536450
1408,4,0.534249
1408,5,0.534479
1408,6,0.534249
1408,7,0.452814
1408,8,0.449454
1408,9,0.462420
1408,10,0.451004
1408,11,0.451575
1408,12,0.452764
1408,13,0.481504
1408,14,0.532565
1408,15,0.530632
1409,1,0.535073
1409,2,0.530096
1409,3,0.529111
1409,4,0.535036
1409,5,0.458120
1409,6,0.481615
1409,7,0.488557
1409,8,0.493594
1409,9,0.530632
1409,10,0.452822
1409,11,0.452645
1409,12,0.451832
1409,13,0.452645
1409,14,0.459428
1409,15,0.482953
1410,1,0.488557
1410,2,0.529111
1410,3,0.541212
1410,4,0.530632
1410,5,0.452822
1410,6,0.449292
1410,7,0.483620
1410,8,0.530096
1410,9,0.530461
1410,10,0.455326
1410,11,0.479077
1410,12,0.532565
1410,13,0.534338
1410,14,0.530096
1410,15,0.455326
1411,1,0.479077
1411,2,0.493594
1411,3,0.459012
1411,4,0.456690
1411,5,0.454919
1411,6,0.486653
1411,7,0.536450
1411,8,0.459012
1411,9,0.452645
1411,10,0.451832
1411,11,0.483063
1411,12,0.493594
1411,13,0.534249
1411,14,0.450135
1411,15,0.449669
1412,1,0.432510
1412,2,0.452653
1412,3,0.454802
1412,4,0.487019
1412,5,0.486744
1412,6,0.530843
1412,7,0.455326
1412,8,0.449669
1412,9,0.481814
1412,10,0.456852
1412,11,0.480338
1412,12,0.486802
1412,13,0.545580
1412,14,0.536450
1412,15,0.458120
1413,1,0.480122
1413,2,0.449614
1413,3,0.449657
1413,4,0.459428
1413,5,0.452707
1413,6,0.454198
1413,7,0.452823
1413,8,0.452048
1413,9,0.442211
1413,10,0.490465
1413,11,0.450135
1413,12,0.479077
1413,13,0.486802
1413,14,0.546930
1413,15,0.452359
1414,1,0.479077
1414,2,0.504719
1414,3,0.541212
1414,4,0.534249
1414,5,0.452359
1414,6,0.480338
1414,7,0.493594
1414,8,0.458120
1414,9,0.453395
1414,10,0.481814
1414,11,0.488557
1414,12,0.452359
1414,13,0.454374
1414,14,0.454919
1414,15,0.490390
1415,1,0.449108
1415,2,0.483114
1415,3,0.454915
1415,4,0.454374
1415,5,0.452823
1415,6,0.481449
1415,7,0.454915
1415,8,0.454374
1415,9,0.480211
1415,10,0.532565
1415,11,0.530632
1415,12,0.461432
1415,13,0.452645
1415,14,0.490465
1415,15,0.531208
1416,1,0.546623
1416,2,0.546623
1416,3,0.529111
1416,4,0.452359
1416,5,0.454374
1416,6,0.454919
1416,7,0.481249
1416,8,0.530096
1416,9,0.448277
1416,10,0.449657
1416,11,0.462420
1416,12,0.452707
1416,13,0.451383
1416,14,0.457671
1416,15,0.452434
1417,1,0.454919
1417,2,0.480839
1417,3,0.536395
1417,4,0.458558
1417,5,0.452645
1417,6,0.493690
1417,7,0.459852
1417,8,0.452645
1417,9,0.490390
1417,10,0.459141
1417,11,0.483114
1417,12,0.489709
1417,13,0.530632
1417,14,0.534531
1417,15,0.530843
1418,1,0.541212
1418,2,0.530632
1418,3,0.460721
1418,4,0.452946
1418,5,0.452823
1418,6,0.454802
1418,7,0.481249
1418,8,0.492289
1418,9,0.529111
1418,10,0.529111
1418,11,0.530767
1418,12,0.455326
1418,13,0.447882
1418,14,0.479856
1418,15,0.451243
1419,1,0.483114
1419,2,0.489709
1419,3,0.462004
1419,4,0.481930
1419,5,0.449614
1419,6,0.447882
1419,7,0.483147
1419,8,0.547005
1419,9,0.530461
1419,10,0.455326
1419,11,0.449374
1419,12,0.462521
1419,13,0.444582
1419,14,0.481323
1419,15,0.479957
1420,1,0.530461
1420,2,0.530461
1420,3,0.529111
1420,4,0.534495
1420,5,0.535004
1420,6,0.530096
1420,7,0.529418
1420,8,0.535036
1420,9,0.534338
1420,10,0.449614
1420,11,0.453112
1420,12,0.462420
1420,13,0.480122
1420,14,0.454915
1420,15,0.479077
1421,1,0.498355
1421,2,0.530632
1421,3,0.458460
1421,4,0.443605
1421,5,0.459213
1421,6,0.492760
1421,7,0.450135
1421,8,0.447882
1421,9,0.450745
1421,10,0.451004
1421,11,0.495645
1421,12,0.492760
1421,13,0.530096
1421,14,0.453989
1421,15,0.449669
1422,1,0.481814
1422,2,0.489709
1422,3,0.458120
1422,4,0.451073
1422,5,0.462163
1422,6,0.452645
1422,7,0.495178
1422,8,0.494656
1422,9,0.534876
1422,10,0.529398
1422,11,0.452814
1422,12,0.449669
1422,13,0.454919
1422,14,0.460663
1422,15,0.473597
1423,1,0.502965
1423,2,0.535036
1423,3,0.533273
1423,4,0.530843
1423,5,0.535036
1423,6,0.458120
1423,7,0.450916
1423,8,0.462163
1423,9,0.481460
1423,10,0.450783
1423,11,0.449669
1423,12,0.481814
1423,13,0.489709
1423,14,0.530632
1423,15,0.535073
1424,1,0.452359
1424,2,0.454374
1424,3,0.481814
1424,4,0.495055
1424,5,0.534249
1424,6,0.452293
1424,7,0.479077
1424,8,0.486802
1424,9,0.530767
1424,10,0.535036
1424,11,0.534249
1424,12,0.454195
1424,13,0.454374
1424,14,0.453081
1424,15,0.486653
1425,1,0.452359
1425,2,0.480338
1425,3,0.486802
1425,4,0.448277
1425,5,0.454374
1425,6,0.452823
1425,7,0.452653
1425,8,0.452656
1425,9,0.451383
1425,10,0.491807
1425,11,0.535928
1425,12,0.535073
1425,13,0.449614
1425,14,0.449657
1425,15,0.486502
1426,1,0.539678
1426,2,0.459012
1426,3,0.452848
1426,4,0.488902
1426,5,0.447528
1426,6,0.453395
1426,7,0.447337
1426,8,0.452653
1426,9,0.481449
1426,10,0.488557
1426,11,0.453989
1426,12,0.479077
1426,13,0.530461
1426,14,0.448277
1426,15,0.449669
1427,1,0.451383
1427,2,0.486653
1427,3,0.530461
1427,4,0.529418
1427,5,0.455326
1427,6,0.454374
1427,7,0.453081
1427,8,0.460663
1427,9,0.451004
1427,10,0.479895
1427,11,0.536450
1427,12,0.534249
1427,13,0.534375
1427,14,0.532606
1427,15,0.460721
1428,1,0.480122
1428,2,0.536450
1428,3,0.534249
1428,4,0.450957
1428,5,0.479077
1428,6,0.489709
1428,7,0.452208
1428,8,0.480122
1428,9,0.541212
1428,10,0.532606
1428,11,0.533040
1428,12,0.458558
1428,13,0.441728
1428,14,0.454919
1428,15,0.462420
1429,1,0.444582
1429,2,0.490390
1429,3,0.521798
1429,4,0.458558
1429,5,0.484607
1429,6,0.492679
1429,7,0.518343
1429,8,0.527285
1429,9,0.530843
1429,10,0.529111
1429,11,0.458071
1429,12,0.479077
1429,13,0.489709
1429,14,0.458120
1429,15,0.471204
1430,1,0.530461
1430,2,0.536450
1430,3,0.534249
1430,4,0.536450
1430,5,0.530632
1430,6,0.535073
1430,7,0.450135
1430,8,0.449657
1430,9,0.462521
1430,10,0.451004
1430,11,0.451575
1430,12,0.444582
1430,13,0.484210
1430,14,0.480526
1430,15,0.536395
1431,1,0.461432
1431,2,0.441728
1431,3,0.481814
1431,4,0.493594
1431,5,0.530632
1431,6,0.533435
1431,7,0.536450
1431,8,0.534249
1431,9,0.536450
1431,10,0.534249
1431,11,0.450135
1431,12,0.479176
1431,13,0.488557
1431,14,0.534495
1431,15,0.459012
1432,1,0.452707
1432,2,0.479901
1432,3,0.498355
1432,4,0.458120
1432,5,0.480122
1432,6,0.488557
1432,7,0.530461
1432,8,0.529111
1432,9,0.534495
1432,10,0.534249
1432,11,0.452293
1432,12,0.449669
1432,13,0.443327
1432,14,0.487019
1432,15,0.535928
1433,1,0.534531
1433,2,0.450135
1433,3,0.449657
1433,4,0.462420
1433,5,0.480122
1433,6,0.493594
1433,7,0.534249
1433,8,0.539678
1433,9,0.458120
1433,10,0.481615
1433,11,0.449614
1433,12,0.447882
1433,13,0.490390
1433,14,0.447528
1433,15,0.453395
1434,1,0.481814
1434,2,0.530461
1434,3,0.539797
1434,4,0.534249
1434,5,0.452293
1434,6,0.449590
1434,7,0.462521
1434,8,0.444582
1434,9,0.490390
1434,10,0.479957
1434,11,0.530096
1434,12,0.535036
1434,13,0.534249
1434,14,0.536013
1434,15,0.458120
1435,1,0.452645
1435,2,0.451832
1435,3,0.452434
1435,4,0.481814
1435,5,0.454915
1435,6,0.449657
1435,7,0.490390
1435,8,0.479957
1435,9,0.541212
1435,10,0.459012
1435,11,0.452707
1435,12,0.452823
1435,13,0.451383
1435,14,0.496481
1435,15,0.493148
1436,1,0.534338
1436,2,0.449614
1436,3,0.480338
1436,4,0.453528
1436,5,0.454374
1436,6,0.452823
1436,7,0.444403
1436,8,0.490465
1436,9,0.531208
1436,10,0.535036
1436,11,0.534338
1436,12,0.536450
1436,13,0.530632
1436,14,0.533954
1436,15,0.535073
1437,1,0.534916
1437,2,0.459012
1437,3,0.480122
1437,4,0.454915
1437,5,0.479077
1437,6,0.486802
1437,7,0.455326
1437,8,0.449657
1437,9,0.462420
1437,10,0.456385
1437,11,0.496481
1437,12,0.531208
