episode,step,reward
0,1,0.492131
0,2,0.445859
0,3,0.327572
0,4,0.483238
0,5,0.471355
0,6,0.505965
0,7,0.525622
0,8,0.490927
0,9,0.564999
0,10,0.458053
0,11,0.457194
0,12,0.462098
0,13,0.540846
0,14,0.476719
0,15,0.490451
1,1,0.479353
1,2,0.496331
1,3,0.536359
1,4,0.520157
1,5,0.459007
1,6,0.461240
1,7,0.461679
1,8,0.509010
1,9,0.476720
1,10,0.490463
1,11,0.525660
1,12,0.574206
1,13,0.514248
1,14,0.524054
1,15,0.488113
2,1,0.463546
2,2,0.514889
2,3,0.457927
2,4,0.522259
2,5,0.514387
2,6,0.500448
2,7,0.500198
2,8,0.435590
2,9,0.348891
2,10,0.455246
2,11,0.494346
2,12,0.462460
2,13,0.456085
2,14,0.455718
2,15,0.449430
3,1,0.476177
3,2,0.454190
3,3,0.454195
3,4,0.465649
3,5,0.451377
3,6,0.537402
3,7,0.578655
3,8,0.535827
3,9,0.538879
3,10,0.493297
3,11,0.532073
3,12,0.570280
3,13,0.535827
3,14,0.477627
3,15,0.466280
4,1,0.453592
4,2,0.490262
4,3,0.462434
4,4,0.534077
4,5,0.368133
4,6,0.455389
4,7,0.464246
4,8,0.436431
4,9,0.459633
4,10,0.435137
4,11,0.470638
4,12,0.457637
4,13,0.496315
4,14,0.434589
4,15,0.451817
5,1,0.438196
5,2,0.448793
5,3,0.464569
5,4,0.438821
5,5,0.448771
5,6,0.459837
5,7,0.459728
5,8,0.457476
5,9,0.475624
5,10,0.463020
5,11,0.455461
5,12,0.511527
5,13,0.514177
5,14,0.465066
5,15,0.524103
6,1,0.536505
6,2,0.539468
6,3,0.535243
6,4,0.538643
6,5,0.552323
6,6,0.525792
6,7,0.446930
6,8,0.535145
6,9,0.547988
6,10,0.464361
6,11,0.440383
6,12,0.451727
6,13,0.447773
6,14,0.459562
6,15,0.454104
7,1,0.534946
7,2,0.504620
7,3,0.486899
7,4,0.507666
7,5,0.508974
7,6,0.551110
7,7,0.450098
7,8,0.251032
7,9,0.461753
7,10,0.490553
7,11,0.490016
7,12,0.463296
7,13,0.448545
7,14,0.465268
7,15,0.509320
8,1,0.510169
8,2,0.551529
8,3,0.491437
8,4,0.497642
8,5,0.465149
8,6,0.479252
8,7,0.493044
8,8,0.455687
8,9,0.466207
8,10,0.489005
8,11,0.537648
8,12,0.458071
8,13,0.495071
8,14,0.463863
8,15,0.512167
9,1,0.453785
9,2,0.441293
9,3,0.506223
9,4,0.451879
9,5,0.506369
9,6,0.501971
9,7,0.545566
9,8,0.369143
9,9,0.452057
9,10,0.416166
9,11,0.306162
9,12,0.525634
9,13,0.503017
9,14,0.528786
9,15,0.547988
10,1,0.510381
10,2,0.488542
10,3,0.471098
10,4,0.460358
10,5,0.493751
10,6,0.535135
10,7,0.466824
10,8,0.485885
10,9,0.468518
10,10,0.380913
10,11,0.513782
10,12,0.500983
10,13,0.533704
10,14,0.397650
10,15,0.556680
11,1,0.467011
11,2,0.489271
11,3,0.498445
11,4,0.434589
11,5,0.466752
11,6,0.448864
11,7,0.311325
11,8,0.531294
11,9,0.453159
11,10,0.544948
11,11,0.474816
11,12,0.305080
11,13,0.498262
11,14,0.509730
11,15,0.484081
12,1,0.476249
12,2,0.532890
12,3,0.579701
12,4,0.434589
12,5,0.461244
12,6,0.508960
12,7,0.463546
12,8,0.434589
12,9,0.520439
12,10,0.474816
12,11,0.456316
12,12,0.477660
12,13,0.536499
12,14,0.521767
12,15,0.517473
13,1,0.485880
13,2,0.471050
13,3,0.459310
13,4,0.484507
13,5,0.574110
13,6,0.540846
13,7,0.521767
13,8,0.477751
13,9,0.544964
13,10,0.508753
13,11,0.252061
13,12,0.483835
13,13,0.488479
13,14,0.547988
13,15,0.240325
14,1,0.502593
14,2,0.472351
14,3,0.510906
14,4,0.465544
14,5,0.482669
14,6,0.549866
14,7,0.460464
14,8,0.461619
14,9,0.489187
14,10,0.457620
14,11,0.466679
14,12,0.484564
14,13,0.456790
14,14,0.574110
14,15,0.504507
15,1,0.485880
15,2,0.492659
15,3,0.544375
15,4,0.506007
15,5,0.464872
15,6,0.476214
15,7,0.422433
15,8,0.454872
15,9,0.505581
15,10,0.543019
15,11,0.541514
15,12,0.559329
15,13,0.574110
15,14,0.504507
15,15,0.470750
16,1,0.543947
16,2,0.460244
16,3,0.486684
16,4,0.494739
16,5,0.538400
16,6,0.459310
16,7,0.448564
16,8,0.452176
16,9,0.358529
16,10,0.459056
16,11,0.531294
16,12,0.505581
16,13,0.311950
16,14,0.497287
16,15,0.522332
17,1,0.510381
17,2,0.532248
17,3,0.495780
17,4,0.574110
17,5,0.529404
17,6,0.499187
17,7,0.533140
17,8,0.535135
17,9,0.487535
17,10,0.521767
17,11,0.469356
17,12,0.256701
17,13,0.255200
17,14,0.509624
17,15,0.508786
18,1,0.454942
18,2,0.467846
18,3,0.574110
18,4,0.519405
18,5,0.475249
18,6,0.431448
18,7,0.469356
18,8,0.468746
18,9,0.515290
18,10,0.507051
18,11,0.474250
18,12,0.547988
18,13,0.498527
18,14,0.523915
18,15,0.435089
19,1,0.436810
19,2,0.441820
19,3,0.467157
19,4,0.474658
19,5,0.434589
19,6,0.454833
19,7,0.457203
19,8,0.574110
19,9,0.500186
19,10,0.371365
19,11,0.489397
19,12,0.517719
19,13,0.478456
19,14,0.520439
19,15,0.549805
20,1,0.533487
20,2,0.520813
20,3,0.495545
20,4,0.507706
20,5,0.523149
20,6,0.488479
20,7,0.548001
20,8,0.489100
20,9,0.575785
20,10,0.496160
20,11,0.466824
20,12,0.502064
20,13,0.477695
20,14,0.480504
20,15,0.576905
21,1,0.442233
21,2,0.471142
21,3,0.463488
21,4,0.447546
21,5,0.467171
21,6,0.491903
21,7,0.489347
21,8,0.467425
21,9,0.526436
21,10,0.537823
21,11,0.452656
21,12,0.500834
21,13,0.518513
21,14,0.459373
21,15,0.429401
22,1,0.566955
22,2,0.482488
22,3,0.538987
22,4,0.475296
22,5,0.495545
22,6,0.492918
22,7,0.553196
22,8,0.543183
22,9,0.525622
22,10,0.521133
22,11,0.458746
22,12,0.443140
22,13,0.453501
22,14,0.485228
22,15,0.462495
23,1,0.499687
23,2,0.471292
23,3,0.530367
23,4,0.452359
23,5,0.499515
23,6,0.517321
23,7,0.508885
23,8,0.485880
23,9,0.525622
23,10,0.434096
23,11,0.574110
23,12,0.311617
23,13,0.504015
23,14,0.512767
23,15,0.548758
24,1,0.547988
24,2,0.504123
24,3,0.397650
24,4,0.532649
24,5,0.435089
24,6,0.506438
24,7,0.457129
24,8,0.511102
24,9,0.466855
24,10,0.510400
24,11,0.471390
24,12,0.501559
24,13,0.457114
24,14,0.483765
24,15,0.505765
25,1,0.509945
25,2,0.476841
25,3,0.502461
25,4,0.480238
25,5,0.465684
25,6,0.446131
25,7,0.434589
25,8,0.000000
25,9,0.463451
25,10,0.499918
25,11,0.470386
25,12,0.503194
25,13,0.508421
25,14,0.457369
25,15,0.303354
26,1,0.496797
26,2,0.496481
26,3,0.537694
26,4,0.467087
26,5,0.480839
26,6,0.534946
26,7,0.512959
26,8,0.463437
26,9,0.546623
26,10,0.468067
26,11,0.501971
26,12,0.574110
26,13,0.521680
26,14,0.523217
26,15,0.523915
27,1,0.452414
27,2,0.534946
27,3,0.549990
27,4,0.518974
27,5,0.493637
27,6,0.434589
27,7,0.475608
27,8,0.549036
27,9,0.538702
27,10,0.502064
27,11,0.492966
27,12,0.537648
27,13,0.512959
27,14,0.533704
27,15,0.498995
28,1,0.574110
28,2,0.465238
28,3,0.431543
28,4,0.499364
28,5,0.254376
28,6,0.464872
28,7,0.484493
28,8,0.490635
28,9,0.522940
28,10,0.498445
28,11,0.445474
28,12,0.576623
28,13,0.540846
28,14,0.579136
28,15,0.467439
29,1,0.432811
29,2,0.472351
29,3,0.525731
29,4,0.554671
29,5,0.457620
29,6,0.531521
29,7,0.517210
29,8,0.539966
29,9,0.541907
29,10,0.543715
29,11,0.502170
29,12,0.457748
29,13,0.439773
29,14,0.217294
29,15,0.500790
30,1,0.520477
30,2,0.498184
30,3,0.369577
30,4,0.485413
30,5,0.471671
30,6,0.492659
30,7,0.487307
30,8,0.445859
30,9,0.482366
30,10,0.466251
30,11,0.431169
30,12,0.506369
30,13,0.444352
30,14,0.481434
30,15,0.462322
31,1,0.485193
31,2,0.531294
31,3,0.437005
31,4,0.411744
31,5,0.375839
31,6,0.506369
31,7,0.473996
31,8,0.419837
31,9,0.431543
31,10,0.513600
31,11,0.520640
31,12,0.460048
31,13,0.467884
31,14,0.540239
31,15,0.524886
32,1,0.523915
32,2,0.523217
32,3,0.466791
32,4,0.522515
32,5,0.449876
32,6,0.442499
32,7,0.496877
32,8,0.447198
32,9,0.463334
32,10,0.460654
32,11,0.515668
32,12,0.489813
32,13,0.534813
32,14,0.491392
32,15,0.574110
33,1,0.520813
33,2,0.523915
33,3,0.451235
33,4,0.405085
33,5,0.411744
33,6,0.503632
33,7,0.505968
33,8,0.484272
33,9,0.512657
33,10,0.524357
33,11,0.494345
33,12,0.514221
33,13,0.492320
33,14,0.445991
33,15,0.520813
34,1,0.523449
34,2,0.540227
34,3,0.545436
34,4,0.514032
34,5,0.492966
34,6,0.493297
34,7,0.515290
34,8,0.564999
34,9,0.519457
34,10,0.495780
34,11,0.564999
34,12,0.482822
34,13,0.459244
34,14,0.495343
34,15,0.534077
35,1,0.525622
35,2,0.470584
35,3,0.434589
35,4,0.463984
35,5,0.411744
35,6,0.000000
35,7,0.519457
35,8,0.305080
35,9,0.462390
35,10,0.526170
35,11,0.521623
35,12,0.467926
35,13,0.499833
35,14,0.489410
35,15,0.455614
36,1,0.487974
36,2,0.482336
36,3,0.533703
36,4,0.576623
36,5,0.574110
36,6,0.531079
36,7,0.564999
36,8,0.561723
36,9,0.542126
36,10,0.460387
36,11,0.485157
36,12,0.513767
36,13,0.540361
36,14,0.467425
36,15,0.511077
37,1,0.492297
37,2,0.530941
37,3,0.576075
37,4,0.522093
37,5,0.543663
37,6,0.458400
37,7,0.508960
37,8,0.474816
37,9,0.544512
37,10,0.213177
37,11,0.462989
37,12,0.486322
37,13,0.490167
37,14,0.466679
37,15,0.490715
38,1,0.491359
38,2,0.524121
38,3,0.434589
38,4,0.438214
38,5,0.495973
38,6,0.501166
38,7,0.525542
38,8,0.484276
38,9,0.533793
38,10,0.475128
38,11,0.480839
38,12,0.466684
38,13,0.437436
38,14,0.518248
38,15,0.539502
39,1,0.532604
39,2,0.533704
39,3,0.504123
39,4,0.531657
39,5,0.457971
39,6,0.527389
39,7,0.498703
39,8,0.520331
39,9,0.487633
39,10,0.541662
39,11,0.531339
39,12,0.543977
39,13,0.514134
39,14,0.342141
39,15,0.501068
40,1,0.249842
40,2,0.500823
40,3,0.515888
40,4,0.455559
40,5,0.511706
40,6,0.525622
40,7,0.533703
40,8,0.505515
40,9,0.486625
40,10,0.442102
40,11,0.466125
40,12,0.516929
40,13,0.575973
40,14,0.472326
40,15,0.479786
41,1,0.465378
41,2,0.479983
41,3,0.449296
41,4,0.462410
41,5,0.511347
41,6,0.504026
41,7,0.546563
41,8,0.547410
41,9,0.534946
41,10,0.491392
41,11,0.513112
41,12,0.450901
41,13,0.411744
41,14,0.464518
41,15,0.411744
42,1,0.504620
42,2,0.504719
42,3,0.434589
42,4,0.436987
42,5,0.301782
42,6,0.501347
42,7,0.496676
42,8,0.457620
42,9,0.526566
42,10,0.576623
42,11,0.539574
42,12,0.522172
42,13,0.574110
42,14,0.495444
42,15,0.522940
43,1,0.476432
43,2,0.533448
43,3,0.530367
43,4,0.508124
43,5,0.564999
43,6,0.434589
43,7,0.521767
43,8,0.459015
43,9,0.488311
43,10,0.532751
43,11,0.462890
43,12,0.512635
43,13,0.517627
43,14,0.488697
43,15,0.496160
44,1,0.471671
44,2,0.564999
44,3,0.535135
44,4,0.585922
44,5,0.497922
44,6,0.545137
44,7,0.434589
44,8,0.553373
44,9,0.576623
44,10,0.457767
44,11,0.423462
44,12,0.504015
44,13,0.457620
44,14,0.457740
44,15,0.527474
45,1,0.502655
45,2,0.532880
45,3,0.540433
45,4,0.532030
45,5,0.434589
45,6,0.512390
45,7,0.476061
45,8,0.442770
45,9,0.445820
45,10,0.535252
45,11,0.534846
45,12,0.468327
45,13,0.488479
45,14,0.483727
45,15,0.524980
46,1,0.468421
46,2,0.440190
46,3,0.500704
46,4,0.459310
46,5,0.435612
46,6,0.397650
46,7,0.437005
46,8,0.454871
46,9,0.429600
46,10,0.510936
46,11,0.519457
46,12,0.492297
46,13,0.435590
46,14,0.304613
46,15,0.503855
47,1,0.493637
47,2,0.471050
47,3,0.315997
47,4,0.506369
47,5,0.467369
47,6,0.520477
47,7,0.523217
47,8,0.311950
47,9,0.306162
47,10,0.500823
47,11,0.534661
47,12,0.467503
47,13,0.480800
47,14,0.471174
47,15,0.429676
48,1,0.483681
48,2,0.547988
48,3,0.510164
48,4,0.530367
48,5,0.530826
48,6,0.496142
48,7,0.441839
48,8,0.499930
48,9,0.547988
48,10,0.517306
48,11,0.499335
48,12,0.533032
48,13,0.549866
48,14,0.463308
48,15,0.488667
49,1,0.445859
49,2,0.504014
49,3,0.500715
49,4,0.508201
49,5,0.494256
49,6,0.536618
49,7,0.528786
49,8,0.449614
49,9,0.454833
49,10,0.000000
49,11,0.490102
49,12,0.485268
49,13,0.312904
49,14,0.479135
49,15,0.520813
50,1,0.547988
50,2,0.472171
50,3,0.446147
50,4,0.498542
50,5,0.531435
50,6,0.441741
50,7,0.504946
50,8,0.490456
50,9,0.518996
50,10,0.464190
50,11,0.449669
50,12,0.405085
50,13,0.462491
50,14,0.493959
50,15,0.516035
51,1,0.507999
51,2,0.515813
51,3,0.515102
51,4,0.525419
51,5,0.468604
51,6,0.217795
51,7,0.516185
51,8,0.491357
51,9,0.486401
51,10,0.574110
51,11,0.535135
51,12,0.479948
51,13,0.534177
51,14,0.544419
51,15,0.516968
52,1,0.513670
52,2,0.487815
52,3,0.535127
52,4,0.551038
52,5,0.549748
52,6,0.533397
52,7,0.469070
52,8,0.449428
52,9,0.421429
52,10,0.429600
52,11,0.513402
52,12,0.520074
52,13,0.501525
52,14,0.539502
52,15,0.457081
53,1,0.497173
53,2,0.547172
53,3,0.335398
53,4,0.303069
53,5,0.488721
53,6,0.461452
53,7,0.502966
53,8,0.434589
53,9,0.483246
53,10,0.464706
53,11,0.456857
53,12,0.523751
53,13,0.481465
53,14,0.450445
53,15,0.467471
54,1,0.522067
54,2,0.447198
54,3,0.579136
54,4,0.458975
54,5,0.459268
54,6,0.479229
54,7,0.520813
54,8,0.499449
54,9,0.566955
54,10,0.502099
54,11,0.434589
54,12,0.452010
54,13,0.574110
54,14,0.547988
54,15,0.508441
55,1,0.505968
55,2,0.464451
55,3,0.354594
55,4,0.468397
55,5,0.484564
55,6,0.495660
55,7,0.495476
55,8,0.474413
55,9,0.493468
55,10,0.435089
55,11,0.455999
55,12,0.461636
55,13,0.531079
55,14,0.480650
55,15,0.434589
56,1,0.424986
56,2,0.524541
56,3,0.472131
56,4,0.485135
56,5,0.466390
56,6,0.483418
56,7,0.523564
56,8,0.434589
56,9,0.539533
56,10,0.497922
56,11,0.475296
56,12,0.498527
56,13,0.447379
56,14,0.485092
56,15,0.503909
57,1,0.471671
57,2,0.469325
57,3,0.477006
57,4,0.512153
57,5,0.504162
57,6,0.468890
57,7,0.503515
57,8,0.434589
57,9,0.405085
57,10,0.457129
57,11,0.507999
57,12,0.574110
57,13,0.534377
57,14,0.530367
57,15,0.447198
58,1,0.397650
58,2,0.515668
58,3,0.512790
58,4,0.534946
58,5,0.468327
58,6,0.443065
58,7,0.531401
58,8,0.457919
58,9,0.459310
58,10,0.270057
58,11,0.351029
58,12,0.405085
58,13,0.467369
58,14,0.522986
58,15,0.453706
59,1,0.513007
59,2,0.547988
59,3,0.513993
59,4,0.464451
59,5,0.547988
59,6,0.508441
59,7,0.446717
59,8,0.497922
59,9,0.521709
59,10,0.469842
59,11,0.465485
59,12,0.547988
59,13,0.481880
59,14,0.442782
59,15,0.456919
60,1,0.501209
60,2,0.468327
60,3,0.479866
60,4,0.506284
60,5,0.531830
60,6,0.472167
60,7,0.459579
60,8,0.434589
60,9,0.411744
60,10,0.461444
60,11,0.455585
60,12,0.456649
60,13,0.469556
60,14,0.562698
60,15,0.520813
61,1,0.290060
61,2,0.452355
61,3,0.250131
61,4,0.535561
61,5,0.523618
61,6,0.553959
61,7,0.574110
61,8,0.483618
61,9,0.498527
61,10,0.504226
61,11,0.446448
61,12,0.459058
61,13,0.481027
61,14,0.454104
61,15,0.543383
62,1,0.547988
62,2,0.533750
62,3,0.532282
62,4,0.544699
62,5,0.508753
62,6,0.477873
62,7,0.465688
62,8,0.487815
62,9,0.434589
62,10,0.304613
62,11,0.540239
62,12,0.496972
62,13,0.311617
62,14,0.487234
62,15,0.434589
63,1,0.456919
63,2,0.457129
63,3,0.514107
63,4,0.480651
63,5,0.550303
63,6,0.457900
63,7,0.455031
63,8,0.455713
63,9,0.482984
63,10,0.434096
63,11,0.476214
63,12,0.350786
63,13,0.429600
63,14,0.482873
63,15,0.483527
64,1,0.311119
64,2,0.469224
64,3,0.506765
64,4,0.294426
64,5,0.453644
64,6,0.547988
64,7,0.466824
64,8,0.500261
64,9,0.434589
64,10,0.446882
64,11,0.499515
64,12,0.482253
64,13,0.472494
64,14,0.537407
64,15,0.496676
65,1,0.479940
65,2,0.544118
65,3,0.481295
65,4,0.500834
65,5,0.524834
65,6,0.579136
65,7,0.459310
65,8,0.470304
65,9,0.502064
65,10,0.526686
65,11,0.509730
65,12,0.535952
65,13,0.479444
65,14,0.541212
65,15,0.544214
66,1,0.471050
66,2,0.514309
66,3,0.512790
66,4,0.523751
66,5,0.521410
66,6,0.468990
66,7,0.547988
66,8,0.492131
66,9,0.000000
66,10,0.522955
66,11,0.435089
66,12,0.496877
66,13,0.449943
66,14,0.436810
66,15,0.445175
67,1,0.474746
67,2,0.515505
67,3,0.485880
67,4,0.513335
67,5,0.528196
67,6,0.487810
67,7,0.548001
67,8,0.518145
67,9,0.462792
67,10,0.523149
67,11,0.463043
67,12,0.496046
67,13,0.000000
67,14,0.574110
67,15,0.507999
68,1,0.542640
68,2,0.515102
68,3,0.585922
68,4,0.506438
68,5,0.534635
68,6,0.488224
68,7,0.477173
68,8,0.509012
68,9,0.523884
68,10,0.540630
68,11,0.530572
68,12,0.547988
68,13,0.579701
68,14,0.461727
68,15,0.495783
69,1,0.535135
69,2,0.492297
69,3,0.457414
69,4,0.520230
69,5,0.544948
69,6,0.540846
69,7,0.478135
69,8,0.435089
69,9,0.411744
69,10,0.585922
69,11,0.000000
69,12,0.530507
69,13,0.217795
69,14,0.508753
69,15,0.000000
70,1,0.527474
70,2,0.574110
70,3,0.462522
70,4,0.456857
70,5,0.491431
70,6,0.475782
70,7,0.485661
70,8,0.529408
70,9,0.576905
70,10,0.499364
70,11,0.542769
70,12,0.479263
70,13,0.507250
70,14,0.535952
70,15,0.509086
71,1,0.463437
71,2,0.548438
71,3,0.547988
71,4,0.380913
71,5,0.497711
71,6,0.434589
71,7,0.252061
71,8,0.533428
71,9,0.540846
71,10,0.467584
71,11,0.519388
71,12,0.470132
71,13,0.477949
71,14,0.574110
71,15,0.502064
72,1,0.530507
72,2,0.515888
72,3,0.526170
72,4,0.435089
72,5,0.497424
72,6,0.491204
72,7,0.475608
72,8,0.505148
72,9,0.524580
72,10,0.476216
72,11,0.541907
72,12,0.459058
72,13,0.528960
72,14,0.484157
72,15,0.535135
73,1,0.496160
73,2,0.457081
73,3,0.488479
73,4,0.548411
73,5,0.482941
73,6,0.503017
73,7,0.507669
73,8,0.511896
73,9,0.523211
73,10,0.452880
73,11,0.547988
73,12,0.520066
73,13,0.474493
73,14,0.534016
73,15,0.531964
74,1,0.436940
74,2,0.514785
74,3,0.475782
74,4,0.241763
74,5,0.444428
74,6,0.461348
74,7,0.547988
74,8,0.475943
74,9,0.405085
74,10,0.481027
74,11,0.474496
74,12,0.540239
74,13,0.477191
74,14,0.518965
74,15,0.543977
75,1,0.000000
75,2,0.515102
75,3,0.327304
75,4,0.497701
75,5,0.518987
75,6,0.499364
75,7,0.535602
75,8,0.479948
75,9,0.306039
75,10,0.477787
75,11,0.517210
75,12,0.525352
75,13,0.504777
75,14,0.498901
75,15,0.464872
76,1,0.452010
76,2,0.542738
76,3,0.460860
76,4,0.411744
76,5,0.397650
76,6,0.582009
76,7,0.500261
76,8,0.483336
76,9,0.501516
76,10,0.507898
76,11,0.525704
76,12,0.522940
76,13,0.435089
76,14,0.463283
76,15,0.535602
77,1,0.463013
77,2,0.452355
77,3,0.553196
77,4,0.522511
77,5,0.457081
77,6,0.506369
77,7,0.458115
77,8,0.497424
77,9,0.469384
77,10,0.476831
77,11,0.483527
77,12,0.497967
77,13,0.531659
77,14,0.539966
77,15,0.526170
78,1,0.469356
78,2,0.541990
78,3,0.470667
78,4,0.451927
78,5,0.518923
78,6,0.547988
78,7,0.446359
78,8,0.479581
78,9,0.472434
78,10,0.462961
78,11,0.469224
78,12,0.482336
78,13,0.528681
78,14,0.441839
78,15,0.289726
79,1,0.498659
79,2,0.526170
79,3,0.526170
79,4,0.513979
79,5,0.532282
79,6,0.461831
79,7,0.513183
79,8,0.472981
79,9,0.471292
79,10,0.457620
79,11,0.471058
79,12,0.518987
79,13,0.532193
79,14,0.574435
79,15,0.507051
80,1,0.532880
80,2,0.467425
80,3,0.496497
80,4,0.441741
80,5,0.305080
80,6,0.452673
80,7,0.456857
80,8,0.362020
80,9,0.405085
80,10,0.536140
80,11,0.380913
80,12,0.519583
80,13,0.533163
80,14,0.464786
80,15,0.525831
81,1,0.540846
81,2,0.523915
81,3,0.481535
81,4,0.455998
81,5,0.306039
81,6,0.505720
81,7,0.465321
81,8,0.506369
81,9,0.516918
81,10,0.481061
81,11,0.462973
81,12,0.538075
81,13,0.458704
81,14,0.513957
81,15,0.525622
82,1,0.446165
82,2,0.503769
82,3,0.507898
82,4,0.525590
82,5,0.574242
82,6,0.478456
82,7,0.574110
82,8,0.455411
82,9,0.566955
82,10,0.435089
82,11,0.353525
82,12,0.472419
82,13,0.457743
82,14,0.526433
82,15,0.457271
83,1,0.535770
83,2,0.439357
83,3,0.497711
83,4,0.508753
83,5,0.511896
83,6,0.502144
83,7,0.523149
83,8,0.520477
83,9,0.434589
83,10,0.521767
83,11,0.442436
83,12,0.487079
83,13,0.521981
83,14,0.474413
83,15,0.434589
84,1,0.457129
84,2,0.000000
84,3,0.481434
84,4,0.527474
84,5,0.217294
84,6,0.455984
84,7,0.479897
84,8,0.467425
84,9,0.453441
84,10,0.576905
84,11,0.562698
84,12,0.468637
84,13,0.460879
84,14,0.446415
84,15,0.536466
85,1,0.492148
85,2,0.491437
85,3,0.493021
85,4,0.495429
85,5,0.550904
85,6,0.509460
85,7,0.479597
85,8,0.481023
85,9,0.279891
85,10,0.502595
85,11,0.484629
85,12,0.495364
85,13,0.472434
85,14,0.477949
85,15,0.498768
86,1,0.534108
86,2,0.478456
86,3,0.535113
86,4,0.458115
86,5,0.423462
86,6,0.497424
86,7,0.217294
86,8,0.498889
86,9,0.459095
86,10,0.462767
86,11,0.497469
86,12,0.533704
86,13,0.463641
86,14,0.429469
86,15,0.585922
87,1,0.534060
87,2,0.541822
87,3,0.575457
87,4,0.534016
87,5,0.305080
87,6,0.510891
87,7,0.494805
87,8,0.535952
87,9,0.496481
87,10,0.532657
87,11,0.454336
87,12,0.431107
87,13,0.471366
87,14,0.487234
87,15,0.498856
88,1,0.579701
88,2,0.540314
88,3,0.471671
88,4,0.434589
88,5,0.461619
88,6,0.452359
88,7,0.467322
88,8,0.515757
88,9,0.458071
88,10,0.468613
88,11,0.548126
88,12,0.515312
88,13,0.470249
88,14,0.493671
88,15,0.498464
89,1,0.546376
89,2,0.481983
89,3,0.437005
89,4,0.506369
89,5,0.540846
89,6,0.504507
89,7,0.531518
89,8,0.499683
89,9,0.457129
89,10,0.501733
89,11,0.472792
89,12,0.547988
89,13,0.000000
89,14,0.314447
89,15,0.503522
90,1,0.516911
90,2,0.491392
90,3,0.464451
90,4,0.545469
90,5,0.531300
90,6,0.524196
90,7,0.527419
90,8,0.547988
90,9,0.522515
90,10,0.538115
90,11,0.531783
90,12,0.532751
90,13,0.509977
90,14,0.434589
90,15,0.380913
91,1,0.314447
91,2,0.515668
91,3,0.523915
91,4,0.249384
91,5,0.488311
91,6,0.000000
91,7,0.500227
91,8,0.523275
91,9,0.217294
91,10,0.502064
91,11,0.000000
91,12,0.519867
91,13,0.502750
91,14,0.539334
91,15,0.513452
92,1,0.435089
92,2,0.493727
92,3,0.493428
92,4,0.562031
92,5,0.538016
92,6,0.523340
92,7,0.545921
92,8,0.535928
92,9,0.523217
92,10,0.470355
92,11,0.279891
92,12,0.471202
92,13,0.498865
92,14,0.470764
92,15,0.497859
93,1,0.459794
93,2,0.484581
93,3,0.576623
93,4,0.464335
93,5,0.476507
93,6,0.524980
93,7,0.342237
93,8,0.493604
93,9,0.520813
93,10,0.434589
93,11,0.439679
93,12,0.548001
93,13,0.540145
93,14,0.535902
93,15,0.576075
94,1,0.574110
94,2,0.564999
94,3,0.435590
94,4,0.449476
94,5,0.579701
94,6,0.462172
94,7,0.492367
94,8,0.454900
94,9,0.444460
94,10,0.405085
94,11,0.488479
94,12,0.345645
94,13,0.493637
94,14,0.503490
94,15,0.499514
95,1,0.518987
95,2,0.549194
95,3,0.514574
95,4,0.553196
95,5,0.471854
95,6,0.520439
95,7,0.370999
95,8,0.405085
95,9,0.483108
95,10,0.537361
95,11,0.574110
95,12,0.526056
95,13,0.457767
95,14,0.494533
95,15,0.522332
96,1,0.468890
96,2,0.510893
96,3,0.463174
96,4,0.566706
96,5,0.508441
96,6,0.459558
96,7,0.464451
96,8,0.375839
96,9,0.482711
96,10,0.468171
96,11,0.405085
96,12,0.492710
96,13,0.434096
96,14,0.457702
96,15,0.514275
97,1,0.527031
97,2,0.434589
97,3,0.468890
97,4,0.534108
97,5,0.456480
97,6,0.423462
97,7,0.452355
97,8,0.473996
97,9,0.488657
97,10,0.537456
97,11,0.455997
97,12,0.502254
97,13,0.520813
97,14,0.469029
97,15,0.338079
98,1,0.434589
98,2,0.451383
98,3,0.524980
98,4,0.535414
98,5,0.464786
98,6,0.540239
98,7,0.479508
98,8,0.547988
98,9,0.439245
98,10,0.458896
98,11,0.476644
98,12,0.498445
98,13,0.217294
98,14,0.452355
98,15,0.472792
99,1,0.527474
99,2,0.453502
99,3,0.431107
99,4,0.000000
99,5,0.477873
99,6,0.467369
99,7,0.482253
99,8,0.301451
99,9,0.467217
99,10,0.481814
99,11,0.510648
99,12,0.549194
99,13,0.496465
99,14,0.529795
99,15,0.516929
100,1,0.458100
100,2,0.430367
100,3,0.477884
100,4,0.525831
100,5,0.545566
100,6,0.495545
100,7,0.461831
100,8,0.556112
100,9,0.522850
100,10,0.531624
100,11,0.517718
100,12,0.463437
100,13,0.530486
100,14,0.533704
100,15,0.469356
101,1,0.488538
101,2,0.548464
101,3,0.467439
101,4,0.500628
101,5,0.469356
101,6,0.449476
101,7,0.328787
101,8,0.454104
101,9,0.510596
101,10,0.459012
101,11,0.502703
101,12,0.498355
101,13,0.457919
101,14,0.488479
101,15,0.326971
102,1,0.500571
102,2,0.508883
102,3,0.536477
102,4,0.491392
102,5,0.576623
102,6,0.434589
102,7,0.553205
102,8,0.521767
102,9,0.574110
102,10,0.520477
102,11,0.501347
102,12,0.554567
102,13,0.464256
102,14,0.449476
102,15,0.483348
103,1,0.492588
103,2,0.536561
103,3,0.472105
103,4,0.485868
103,5,0.500839
103,6,0.454705
103,7,0.456475
103,8,0.529573
103,9,0.521560
103,10,0.486625
103,11,0.442102
103,12,0.478837
103,13,0.513183
103,14,0.579136
103,15,0.564999
104,1,0.520651
104,2,0.543884
104,3,0.458221
104,4,0.481027
104,5,0.484081
104,6,0.495545
104,7,0.458415
104,8,0.499364
104,9,0.527474
104,10,0.530367
104,11,0.426354
104,12,0.438229
104,13,0.493637
104,14,0.566955
104,15,0.515823
105,1,0.497922
105,2,0.529648
105,3,0.512790
105,4,0.510703
105,5,0.495780
105,6,0.447540
105,7,0.521716
105,8,0.539950
105,9,0.489250
105,10,0.545572
105,11,0.463045
105,12,0.520477
105,13,0.513634
105,14,0.459058
105,15,0.427171
106,1,0.502840
106,2,0.344483
106,3,0.484368
106,4,0.522955
106,5,0.465385
106,6,0.482941
106,7,0.501445
106,8,0.359584
106,9,0.485647
106,10,0.217294
106,11,0.514107
106,12,0.461566
106,13,0.459268
106,14,0.455515
106,15,0.495783
107,1,0.466679
107,2,0.492710
107,3,0.514624
107,4,0.535952
107,5,0.467157
107,6,0.482083
107,7,0.499364
107,8,0.535602
107,9,0.217294
107,10,0.462623
107,11,0.499727
107,12,0.492659
107,13,0.504737
107,14,0.472966
107,15,0.359087
108,1,0.522042
108,2,0.517837
108,3,0.459634
108,4,0.551058
108,5,0.534197
108,6,0.520813
108,7,0.521099
108,8,0.526538
108,9,0.475787
108,10,0.467537
108,11,0.506482
108,12,0.514495
108,13,0.532884
108,14,0.493297
108,15,0.495783
109,1,0.460145
109,2,0.559329
109,3,0.472768
109,4,0.301284
109,5,0.487234
109,6,0.485647
109,7,0.484157
109,8,0.530265
109,9,0.474180
109,10,0.554919
109,11,0.554669
109,12,0.468827
109,13,0.456919
109,14,0.527474
109,15,0.485880
110,1,0.574110
110,2,0.559623
110,3,0.521133
110,4,0.522955
110,5,0.515690
110,6,0.397650
110,7,0.526170
110,8,0.525320
110,9,0.538400
110,10,0.508753
110,11,0.496962
110,12,0.515290
110,13,0.538601
110,14,0.534661
110,15,0.521716
111,1,0.445474
111,2,0.534112
111,3,0.564999
111,4,0.468827
111,5,0.356810
111,6,0.411744
111,7,0.532282
111,8,0.486746
111,9,0.529795
111,10,0.542470
111,11,0.523915
111,12,0.505968
111,13,0.537204
111,14,0.532282
111,15,0.514624
112,1,0.486746
112,2,0.469356
112,3,0.495797
112,4,0.457919
112,5,0.505720
112,6,0.534946
112,7,0.375999
112,8,0.452166
112,9,0.467928
112,10,0.487886
112,11,0.498310
112,12,0.461788
112,13,0.488729
112,14,0.510528
112,15,0.445859
113,1,0.456363
113,2,0.314781
113,3,0.447546
113,4,0.524679
113,5,0.478695
113,6,0.434589
113,7,0.305080
113,8,0.465688
113,9,0.000000
113,10,0.513768
113,11,0.533120
113,12,0.549802
113,13,0.434589
113,14,0.528775
113,15,0.564999
114,1,0.495783
114,2,0.508587
114,3,0.437005
114,4,0.474712
114,5,0.437459
114,6,0.458306
114,7,0.536737
114,8,0.496160
114,9,0.473956
114,10,0.473126
114,11,0.535561
114,12,0.527474
114,13,0.444899
114,14,0.457620
114,15,0.517036
115,1,0.516601
115,2,0.468327
115,3,0.486735
115,4,0.466425
115,5,0.516642
115,6,0.491357
115,7,0.514724
115,8,0.520813
115,9,0.457720
115,10,0.535135
115,11,0.475608
115,12,0.290060
115,13,0.491315
115,14,0.531300
115,15,0.459978
116,1,0.530625
116,2,0.564999
116,3,0.472171
116,4,0.301284
116,5,0.500236
116,6,0.454469
116,7,0.451927
116,8,0.496008
116,9,0.454583
116,10,0.506369
116,11,0.311702
116,12,0.444352
116,13,0.547988
116,14,0.512644
116,15,0.553196
117,1,0.574110
117,2,0.517551
117,3,0.499364
117,4,0.489618
117,5,0.530222
117,6,0.459012
117,7,0.515364
117,8,0.500989
117,9,0.514499
117,10,0.477751
117,11,0.540545
117,12,0.448817
117,13,0.517081
117,14,0.464872
117,15,0.419837
118,1,0.441442
118,2,0.531598
118,3,0.548730
118,4,0.577407
118,5,0.575772
118,6,0.456480
118,7,0.479314
118,8,0.459320
118,9,0.527474
118,10,0.504352
118,11,0.466487
118,12,0.486625
118,13,0.494184
118,14,0.217795
118,15,0.456318
119,1,0.501691
119,2,0.217294
119,3,0.527474
119,4,0.513402
119,5,0.501733
119,6,0.585922
119,7,0.472792
119,8,0.527594
119,9,0.458971
119,10,0.443962
119,11,0.529047
119,12,0.523217
119,13,0.495286
119,14,0.529871
119,15,0.513452
120,1,0.463007
120,2,0.482739
120,3,0.535561
120,4,0.507695
120,5,0.493637
120,6,0.539966
120,7,0.542331
120,8,0.503569
120,9,0.466679
120,10,0.458948
120,11,0.534661
120,12,0.536499
120,13,0.512390
120,14,0.480851
120,15,0.466679
121,1,0.491912
121,2,0.491357
121,3,0.525583
121,4,0.485266
121,5,0.509012
121,6,0.501577
121,7,0.532294
121,8,0.453538
121,9,0.457129
121,10,0.503427
121,11,0.521572
121,12,0.483527
121,13,0.482739
121,14,0.574110
121,15,0.497670
122,1,0.520515
122,2,0.468327
122,3,0.462038
122,4,0.405085
122,5,0.520439
122,6,0.540846
122,7,0.457129
122,8,0.520477
122,9,0.494569
122,10,0.506454
122,11,0.491859
122,12,0.474180
122,13,0.545563
122,14,0.533703
122,15,0.523507
123,1,0.446254
123,2,0.451987
123,3,0.459056
123,4,0.500525
123,5,0.501133
123,6,0.533443
123,7,0.217294
123,8,0.000000
123,9,0.534946
123,10,0.512499
123,11,0.430471
123,12,0.479277
123,13,0.526170
123,14,0.344483
123,15,0.480122
124,1,0.449943
124,2,0.521914
124,3,0.465209
124,4,0.504240
124,5,0.527474
124,6,0.491977
124,7,0.445859
124,8,0.482984
124,9,0.493637
124,10,0.453441
124,11,0.547430
124,12,0.434589
124,13,0.496877
124,14,0.502064
124,15,0.574110
125,1,0.479347
125,2,0.501971
125,3,0.516720
125,4,0.491574
125,5,0.508144
125,6,0.523751
125,7,0.454227
125,8,0.453265
125,9,0.498850
125,10,0.464451
125,11,0.533146
125,12,0.544948
125,13,0.445858
125,14,0.453644
125,15,0.514965
126,1,0.531300
126,2,0.543502
126,3,0.457620
126,4,0.515668
126,5,0.475784
126,6,0.501691
126,7,0.502083
126,8,0.457420
126,9,0.309923
126,10,0.465736
126,11,0.533140
126,12,0.440037
126,13,0.454604
126,14,0.501971
126,15,0.289726
127,1,0.254376
127,2,0.574110
127,3,0.477188
127,4,0.505338
127,5,0.509945
127,6,0.530341
127,7,0.457767
127,8,0.441191
127,9,0.510400
127,10,0.492966
127,11,0.445474
127,12,0.547371
127,13,0.438214
127,14,0.484233
127,15,0.493193
128,1,0.469548
128,2,0.501691
128,3,0.466949
128,4,0.497859
128,5,0.217294
128,6,0.000000
128,7,0.456480
128,8,0.454812
128,9,0.480809
128,10,0.473286
128,11,0.516911
128,12,0.527735
128,13,0.450557
128,14,0.452673
128,15,0.493604
129,1,0.449943
129,2,0.435612
129,3,0.453894
129,4,0.453827
129,5,0.503203
129,6,0.500715
129,7,0.522955
129,8,0.492966
129,9,0.470328
129,10,0.217294
129,11,0.451383
129,12,0.534946
129,13,0.505408
129,14,0.477949
129,15,0.495194
130,1,0.574110
130,2,0.486488
130,3,0.535035
130,4,0.549802
130,5,0.508753
130,6,0.522955
130,7,0.529077
130,8,0.462216
130,9,0.000000
130,10,0.547988
130,11,0.493830
130,12,0.535135
130,13,0.537488
130,14,0.459058
130,15,0.549865
131,1,0.543019
131,2,0.546623
131,3,0.574110
131,4,0.453735
131,5,0.466379
131,6,0.450025
131,7,0.470129
131,8,0.508753
131,9,0.549676
131,10,0.512959
131,11,0.495364
131,12,0.460892
131,13,0.461244
131,14,0.513007
131,15,0.494056
132,1,0.459310
132,2,0.468499
132,3,0.574110
132,4,0.529404
132,5,0.459797
132,6,0.202543
132,7,0.524980
132,8,0.492854
132,9,0.469663
132,10,0.451892
132,11,0.494325
132,12,0.498975
132,13,0.521943
132,14,0.574110
132,15,0.478456
133,1,0.448893
133,2,0.494740
133,3,0.525987
133,4,0.468990
133,5,0.527474
133,6,0.453735
133,7,0.470129
133,8,0.477620
133,9,0.492966
133,10,0.485201
133,11,0.459058
133,12,0.539533
133,13,0.459497
133,14,0.493604
133,15,0.335398
134,1,0.457178
134,2,0.547988
134,3,0.311617
134,4,0.481487
134,5,0.492966
134,6,0.531830
134,7,0.488627
134,8,0.549866
134,9,0.469302
134,10,0.498768
134,11,0.478511
134,12,0.481983
134,13,0.522775
134,14,0.549802
134,15,0.466413
135,1,0.477000
135,2,0.488092
135,3,0.442102
135,4,0.455585
135,5,0.468307
135,6,0.526170
135,7,0.523966
135,8,0.547988
135,9,0.535602
135,10,0.529871
135,11,0.495545
135,12,0.457607
135,13,0.478606
135,14,0.483527
135,15,0.497013
136,1,0.466679
136,2,0.445859
136,3,0.483348
136,4,0.533704
136,5,0.521095
136,6,0.525622
136,7,0.534946
136,8,0.464451
136,9,0.481201
136,10,0.334611
136,11,0.506369
136,12,0.497782
136,13,0.469356
136,14,0.549036
136,15,0.564999
137,1,0.554858
137,2,0.492131
137,3,0.576623
137,4,0.542640
137,5,0.574110
137,6,0.529236
137,7,0.547988
137,8,0.483527
137,9,0.490375
137,10,0.500416
137,11,0.467158
137,12,0.506369
137,13,0.460750
137,14,0.306162
137,15,0.477093
138,1,0.533881
138,2,0.488479
138,3,0.576623
138,4,0.533913
138,5,0.541226
138,6,0.550303
138,7,0.464593
138,8,0.475883
138,9,0.531204
138,10,0.508753
138,11,0.455982
138,12,0.485647
138,13,0.574110
138,14,0.481201
138,15,0.470750
139,1,0.545294
139,2,0.514857
139,3,0.453542
139,4,0.439560
139,5,0.523915
139,6,0.446359
139,7,0.456919
139,8,0.466679
139,9,0.502593
139,10,0.312904
139,11,0.434589
139,12,0.456319
139,13,0.498445
139,14,0.547988
139,15,0.514032
140,1,0.521093
140,2,0.489306
140,3,0.532294
140,4,0.543300
140,5,0.543460
140,6,0.503420
140,7,0.452359
140,8,0.311119
140,9,0.454115
140,10,0.462491
140,11,0.431094
140,12,0.427397
140,13,0.487637
140,14,0.509463
140,15,0.524625
141,1,0.507673
141,2,0.446359
141,3,0.478935
141,4,0.473701
141,5,0.574110
141,6,0.564999
141,7,0.512167
141,8,0.459058
141,9,0.489142
141,10,0.499364
141,11,0.523217
141,12,0.493915
141,13,0.458400
141,14,0.466278
141,15,0.469224
142,1,0.309031
142,2,0.435400
142,3,0.481201
142,4,0.459244
142,5,0.452551
142,6,0.339718
142,7,0.508786
142,8,0.467796
142,9,0.447546
142,10,0.553196
142,11,0.500436
142,12,0.531838
142,13,0.464209
142,14,0.456919
142,15,0.443143
143,1,0.477873
143,2,0.503250
143,3,0.509753
143,4,0.445859
143,5,0.497430
143,6,0.513297
143,7,0.442782
143,8,0.405085
143,9,0.474471
143,10,0.547988
143,11,0.533823
143,12,0.527747
143,13,0.493297
143,14,0.305600
143,15,0.419837
144,1,0.249384
144,2,0.476507
144,3,0.479715
144,4,0.477548
144,5,0.506369
144,6,0.501968
144,7,0.549802
144,8,0.534221
144,9,0.465283
144,10,0.501915
144,11,0.457308
144,12,0.311119
144,13,0.495545
144,14,0.505529
144,15,0.463174
145,1,0.434589
145,2,0.510175
145,3,0.507028
145,4,0.485899
145,5,0.483348
145,6,0.526686
145,7,0.506628
145,8,0.451727
145,9,0.530507
145,10,0.479494
145,11,0.431016
145,12,0.490595
145,13,0.463023
145,14,0.000000
145,15,0.520074
146,1,0.509730
146,2,0.483902
146,3,0.434589
146,4,0.454833
146,5,0.520651
146,6,0.430471
146,7,0.436987
146,8,0.433705
146,9,0.309364
146,10,0.479688
146,11,0.498772
146,12,0.574110
146,13,0.338361
146,14,0.477264
146,15,0.482253
147,1,0.462657
147,2,0.503522
147,3,0.523915
147,4,0.495545
147,5,0.457767
147,6,0.472378
147,7,0.491357
147,8,0.543990
147,9,0.494696
147,10,0.526648
147,11,0.503008
147,12,0.481273
147,13,0.454070
147,14,0.481395
147,15,0.249193
148,1,0.434589
148,2,0.453644
148,3,0.472171
148,4,0.396328
148,5,0.426345
148,6,0.534946
148,7,0.512959
148,8,0.465385
148,9,0.466479
148,10,0.547988
148,11,0.470284
148,12,0.483765
148,13,0.484612
148,14,0.574110
148,15,0.468037
149,1,0.456480
149,2,0.496877
149,3,0.533781
149,4,0.471671
149,5,0.480839
149,6,0.489181
149,7,0.426354
149,8,0.537648
149,9,0.434589
149,10,0.528775
149,11,0.535135
149,12,0.574110
149,13,0.438214
149,14,0.508753
149,15,0.543019
150,1,0.478695
150,2,0.434589
150,3,0.000000
150,4,0.531294
150,5,0.493637
150,6,0.492992
150,7,0.576905
150,8,0.464406
150,9,0.509093
150,10,0.503043
150,11,0.576623
150,12,0.529594
150,13,0.508315
150,14,0.497922
150,15,0.574110
151,1,0.510703
151,2,0.520477
151,3,0.523915
151,4,0.462219
151,5,0.451927
151,6,0.503449
151,7,0.438214
151,8,0.480558
151,9,0.485508
151,10,0.522552
151,11,0.461161
151,12,0.441191
151,13,0.465327
151,14,0.546364
151,15,0.522955
152,1,0.520477
152,2,0.465614
152,3,0.437995
152,4,0.514309
152,5,0.522737
152,6,0.532984
152,7,0.505365
152,8,0.487543
152,9,0.524523
152,10,0.533569
152,11,0.539533
152,12,0.520640
152,13,0.574110
152,14,0.459497
152,15,0.338269
153,1,0.458026
153,2,0.501433
153,3,0.472167
153,4,0.515218
153,5,0.527474
153,6,0.535561
153,7,0.519583
153,8,0.506124
153,9,0.445859
153,10,0.437995
153,11,0.483895
153,12,0.549194
153,13,0.533001
153,14,0.579136
153,15,0.461667
154,1,0.482885
154,2,0.494591
154,3,0.522257
154,4,0.473742
154,5,0.306039
154,6,0.463343
154,7,0.289726
154,8,0.466726
154,9,0.466487
154,10,0.481056
154,11,0.470652
154,12,0.536008
154,13,0.529077
154,14,0.475244
154,15,0.472434
155,1,0.501691
155,2,0.518246
155,3,0.487917
155,4,0.491086
155,5,0.536499
155,6,0.521290
155,7,0.462683
155,8,0.509193
155,9,0.548126
155,10,0.522955
155,11,0.467157
155,12,0.526170
155,13,0.360432
155,14,0.460855
155,15,0.477921
156,1,0.541226
156,2,0.521831
156,3,0.531402
156,4,0.525419
156,5,0.539702
156,6,0.574110
156,7,0.541978
156,8,0.537823
156,9,0.521767
156,10,0.523449
156,11,0.464207
156,12,0.496233
156,13,0.506124
156,14,0.451497
156,15,0.478695
157,1,0.470337
157,2,0.202543
157,3,0.481168
157,4,0.519717
157,5,0.520651
157,6,0.217294
157,7,0.515816
157,8,0.340752
157,9,0.457590
157,10,0.435089
157,11,0.543035
157,12,0.427171
157,13,0.497424
157,14,0.457620
157,15,0.451927
158,1,0.490715
158,2,0.500476
158,3,0.496160
158,4,0.512888
158,5,0.574110
158,6,0.450400
158,7,0.451927
158,8,0.467425
158,9,0.249384
158,10,0.467132
158,11,0.544948
158,12,0.519145
158,13,0.475608
158,14,0.576905
158,15,0.504352
159,1,0.482488
159,2,0.534939
159,3,0.488499
159,4,0.457620
159,5,0.456346
159,6,0.468327
159,7,0.579136
159,8,0.531234
159,9,0.537485
159,10,0.520981
159,11,0.523966
159,12,0.546623
159,13,0.574598
159,14,0.521337
159,15,0.562877
160,1,0.493637
160,2,0.463241
160,3,0.501691
160,4,0.454336
160,5,0.454662
160,6,0.431107
160,7,0.482121
160,8,0.478580
160,9,0.533443
160,10,0.437673
160,11,0.468327
160,12,0.511716
160,13,0.472415
160,14,0.451562
160,15,0.469372
161,1,0.446165
161,2,0.504332
161,3,0.518839
161,4,0.452359
161,5,0.251032
161,6,0.513007
161,7,0.470234
161,8,0.487670
161,9,0.468267
161,10,0.482318
161,11,0.524486
161,12,0.537116
161,13,0.574110
161,14,0.434260
161,15,0.405085
162,1,0.437995
162,2,0.516076
162,3,0.520477
162,4,0.524121
162,5,0.441839
162,6,0.471671
162,7,0.411744
162,8,0.435590
162,9,0.489005
162,10,0.453270
162,11,0.497424
162,12,0.522896
162,13,0.523915
162,14,0.437275
162,15,0.574110
163,1,0.552662
163,2,0.533808
163,3,0.438214
163,4,0.506369
163,5,0.213177
163,6,0.487061
163,7,0.464457
163,8,0.455031
163,9,0.490046
163,10,0.553959
163,11,0.461244
163,12,0.574110
163,13,0.453237
163,14,0.411744
163,15,0.466679
164,1,0.466030
164,2,0.459058
164,3,0.468727
164,4,0.463662
164,5,0.477672
164,6,0.526170
164,7,0.495535
164,8,0.544585
164,9,0.532687
164,10,0.491237
164,11,0.535561
164,12,0.478406
164,13,0.454104
164,14,0.574110
164,15,0.549676
165,1,0.438214
165,2,0.492966
165,3,0.370593
165,4,0.506369
165,5,0.256701
165,6,0.517925
165,7,0.533129
165,8,0.535135
165,9,0.512888
165,10,0.455120
165,11,0.431107
165,12,0.505564
165,13,0.497013
165,14,0.459497
165,15,0.279891
166,1,0.471366
166,2,0.472419
166,3,0.493959
166,4,0.524679
166,5,0.481983
166,6,0.523217
166,7,0.462646
166,8,0.483188
166,9,0.455212
166,10,0.442572
166,11,0.499892
166,12,0.496160
166,13,0.466824
166,14,0.501303
166,15,0.516472
167,1,0.456813
167,2,0.481003
167,3,0.585424
167,4,0.566706
167,5,0.459058
167,6,0.523776
167,7,0.576623
167,8,0.519457
167,9,0.533703
167,10,0.380913
167,11,0.217294
167,12,0.482339
167,13,0.515888
167,14,0.547988
167,15,0.471833
168,1,0.434589
168,2,0.498768
168,3,0.457129
168,4,0.000000
168,5,0.521767
168,6,0.531624
168,7,0.533032
168,8,0.520629
168,9,0.465951
168,10,0.000000
168,11,0.508960
168,12,0.536737
168,13,0.460755
168,14,0.518532
168,15,0.449943
169,1,0.493069
169,2,0.506124
169,3,0.499127
169,4,0.471360
169,5,0.517321
169,6,0.531748
169,7,0.455614
169,8,0.489306
169,9,0.466679
169,10,0.441839
169,11,0.520477
169,12,0.468327
169,13,0.445082
169,14,0.480437
169,15,0.530507
170,1,0.520033
170,2,0.454711
170,3,0.493195
170,4,0.457081
170,5,0.396328
170,6,0.457620
170,7,0.522303
170,8,0.467425
170,9,0.458171
170,10,0.350035
170,11,0.481252
170,12,0.458219
170,13,0.505726
170,14,0.536071
170,15,0.545566
171,1,0.473121
171,2,0.458972
171,3,0.454104
171,4,0.516472
171,5,0.521128
171,6,0.314447
171,7,0.411744
171,8,0.456813
171,9,0.330893
171,10,0.503853
171,11,0.496404
171,12,0.452359
171,13,0.419837
171,14,0.296580
171,15,0.454919
172,1,0.500261
172,2,0.520477
172,3,0.544847
172,4,0.574110
172,5,0.544948
172,6,0.489537
172,7,0.555991
172,8,0.449876
172,9,0.526170
172,10,0.520477
172,11,0.474079
172,12,0.445859
172,13,0.514107
172,14,0.534946
172,15,0.559623
173,1,0.529627
173,2,0.516929
173,3,0.342141
173,4,0.455581
173,5,0.523915
173,6,0.476138
173,7,0.467821
173,8,0.542292
173,9,0.481201
173,10,0.527474
173,11,0.519527
173,12,0.574110
173,13,0.549866
173,14,0.512959
173,15,0.477751
174,1,0.547172
174,2,0.533703
174,3,0.494591
174,4,0.494753
174,5,0.499714
174,6,0.252061
174,7,0.520074
174,8,0.492746
174,9,0.305080
174,10,0.459622
174,11,0.498113
174,12,0.527735
174,13,0.473514
174,14,0.516060
174,15,0.480650
175,1,0.456269
175,2,0.467082
175,3,0.516241
175,4,0.488870
175,5,0.542640
175,6,0.520006
175,7,0.543558
175,8,0.463045
175,9,0.503110
175,10,0.510824
175,11,0.458367
175,12,0.506369
175,13,0.497827
175,14,0.499514
175,15,0.524486
176,1,0.463023
176,2,0.452010
176,3,0.537782
176,4,0.534581
176,5,0.519712
176,6,0.542569
176,7,0.510903
176,8,0.504871
176,9,0.476064
176,10,0.536502
176,11,0.454778
176,12,0.460634
176,13,0.498822
176,14,0.508049
176,15,0.355713
177,1,0.466291
177,2,0.486574
177,3,0.515547
177,4,0.511715
177,5,0.510528
177,6,0.482082
177,7,0.000000
177,8,0.512445
177,9,0.517394
177,10,0.574110
177,11,0.574110
177,12,0.448507
177,13,0.547242
177,14,0.430471
177,15,0.494755
178,1,0.554100
178,2,0.520515
178,3,0.534890
178,4,0.522208
178,5,0.537665
178,6,0.538804
178,7,0.543768
178,8,0.536487
178,9,0.439685
178,10,0.471142
178,11,0.530507
178,12,0.457740
178,13,0.464246
178,14,0.502120
178,15,0.465673
179,1,0.501199
179,2,0.519717
179,3,0.536737
179,4,0.574110
179,5,0.529404
179,6,0.463993
179,7,0.306162
179,8,0.454115
179,9,0.530507
179,10,0.510381
179,11,0.448507
179,12,0.534008
179,13,0.520946
179,14,0.434589
179,15,0.495780
180,1,0.462792
180,2,0.520229
180,3,0.555817
180,4,0.553959
180,5,0.458071
180,6,0.454833
180,7,0.249384
180,8,0.574110
180,9,0.489087
180,10,0.520638
180,11,0.543276
180,12,0.535135
180,13,0.539966
180,14,0.482488
180,15,0.480839
181,1,0.442102
181,2,0.240325
181,3,0.459622
181,4,0.515477
181,5,0.502064
181,6,0.458765
181,7,0.453112
181,8,0.492503
181,9,0.529878
181,10,0.469966
181,11,0.521767
181,12,0.536737
181,13,0.466824
181,14,0.521767
181,15,0.511896
182,1,0.504352
182,2,0.481593
182,3,0.574110
182,4,0.453237
182,5,0.496343
182,6,0.492985
182,7,0.514019
182,8,0.463993
182,9,0.483915
182,10,0.500208
182,11,0.523905
182,12,0.457511
182,13,0.485775
182,14,0.495023
182,15,0.488488
183,1,0.457187
183,2,0.479551
183,3,0.490167
183,4,0.506861
183,5,0.515007
183,6,0.495124
183,7,0.550225
183,8,0.541400
183,9,0.500261
183,10,0.516135
183,11,0.523751
183,12,0.489249
183,13,0.536561
183,14,0.534766
183,15,0.545137
184,1,0.547988
184,2,0.504352
184,3,0.461677
184,4,0.540988
184,5,0.442366
184,6,0.453000
184,7,0.549194
184,8,0.498445
184,9,0.490699
184,10,0.532751
184,11,0.521658
184,12,0.463013
184,13,0.486216
184,14,0.469999
184,15,0.405085
185,1,0.461619
185,2,0.534946
185,3,0.553959
185,4,0.541373
185,5,0.493780
185,6,0.537267
185,7,0.495545
185,8,0.241763
185,9,0.504123
185,10,0.485868
185,11,0.450901
185,12,0.327139
185,13,0.301284
185,14,0.475534
185,15,0.495169
186,1,0.547988
186,2,0.504352
186,3,0.508587
186,4,0.574110
186,5,0.461727
186,6,0.217294
186,7,0.476442
186,8,0.500766
186,9,0.488761
186,10,0.471951
186,11,0.471142
186,12,0.471833
186,13,0.527493
186,14,0.493637
186,15,0.491605
187,1,0.474698
187,2,0.533862
187,3,0.449317
187,4,0.524592
187,5,0.233561
187,6,0.507591
187,7,0.481802
187,8,0.470304
187,9,0.499497
187,10,0.373535
187,11,0.464246
187,12,0.517987
187,13,0.461244
187,14,0.534946
187,15,0.510965
188,1,0.463863
188,2,0.508753
188,3,0.530455
188,4,0.492503
188,5,0.542623
188,6,0.555991
188,7,0.460118
188,8,0.508753
188,9,0.513383
188,10,0.456105
188,11,0.497287
188,12,0.305080
188,13,0.527474
188,14,0.456698
188,15,0.526170
189,1,0.480650
189,2,0.242328
189,3,0.473797
189,4,0.497697
189,5,0.457902
189,6,0.470819
189,7,0.510764
189,8,0.547988
189,9,0.459058
189,10,0.442735
189,11,0.530586
189,12,0.524486
189,13,0.545720
189,14,0.460494
189,15,0.405085
190,1,0.504123
190,2,0.497469
190,3,0.523217
190,4,0.514460
190,5,0.434589
190,6,0.479866
190,7,0.472171
190,8,0.493604
190,9,0.525746
190,10,0.459459
190,11,0.453528
190,12,0.474794
190,13,0.479354
190,14,0.534221
190,15,0.540846
191,1,0.466824
191,2,0.480236
191,3,0.547988
191,4,0.509086
191,5,0.306039
191,6,0.503137
191,7,0.434589
191,8,0.434589
191,9,0.454833
191,10,0.492966
191,11,0.533704
191,12,0.488866
191,13,0.462522
191,14,0.503250
191,15,0.439357
192,1,0.454833
192,2,0.523075
192,3,0.457620
192,4,0.501264
192,5,0.509977
192,6,0.457129
192,7,0.521767
192,8,0.493922
192,9,0.498310
192,10,0.464885
192,11,0.486746
192,12,0.536450
192,13,0.549120
192,14,0.524429
192,15,0.486625
193,1,0.531300
193,2,0.460828
193,3,0.458794
193,4,0.457620
193,5,0.550275
193,6,0.480839
193,7,0.524523
193,8,0.498445
193,9,0.312904
193,10,0.475086
193,11,0.497768
193,12,0.435089
193,13,0.517020
193,14,0.530389
193,15,0.446254
194,1,0.464326
194,2,0.475220
194,3,0.574110
194,4,0.456565
194,5,0.421937
194,6,0.509730
194,7,0.534177
194,8,0.544585
194,9,0.544012
194,10,0.533734
194,11,0.547988
194,12,0.530389
194,13,0.532562
194,14,0.470670
194,15,0.460023
195,1,0.327893
195,2,0.482984
195,3,0.509276
195,4,0.458235
195,5,0.520439
195,6,0.240325
195,7,0.483692
195,8,0.306162
195,9,0.525634
195,10,0.492966
195,11,0.338176
195,12,0.362735
195,13,0.441820
195,14,0.513747
195,15,0.456565
196,1,0.431107
196,2,0.503017
196,3,0.514986
196,4,0.520256
196,5,0.526231
196,6,0.574110
196,7,0.458982
196,8,0.464338
196,9,0.498772
196,10,0.536737
196,11,0.477726
196,12,0.538929
196,13,0.434589
196,14,0.452355
196,15,0.536505
197,1,0.443065
197,2,0.459497
197,3,0.459268
197,4,0.459056
197,5,0.513029
197,6,0.492491
197,7,0.520768
197,8,0.518965
197,9,0.547988
197,10,0.498130
197,11,0.461244
197,12,0.495545
197,13,0.468017
197,14,0.454104
197,15,0.550086
198,1,0.541226
198,2,0.522105
198,3,0.464885
198,4,0.534939
198,5,0.520813
198,6,0.506064
198,7,0.472434
198,8,0.479866
198,9,0.477949
198,10,0.497782
198,11,0.462087
198,12,0.475121
198,13,0.502485
198,14,0.529161
198,15,0.535770
199,1,0.545566
199,2,0.574110
199,3,0.549866
199,4,0.513335
199,5,0.493297
199,6,0.472354
199,7,0.475972
199,8,0.485033
199,9,0.456912
199,10,0.516284
199,11,0.520001
199,12,0.468327
199,13,0.467830
199,14,0.501347
199,15,0.441839
200,1,0.513957
200,2,0.489523
200,3,0.531838
200,4,0.515813
200,5,0.471671
200,6,0.489742
200,7,0.458896
200,8,0.478895
200,9,0.526170
200,10,0.527747
200,11,0.574110
200,12,0.523217
200,13,0.500261
200,14,0.450901
200,15,0.421937
201,1,0.480498
201,2,0.496073
201,3,0.340670
201,4,0.495524
201,5,0.217294
201,6,0.202543
201,7,0.446645
201,8,0.497287
201,9,0.486128
201,10,0.548464
201,11,0.496160
201,12,0.505408
201,13,0.515985
201,14,0.479098
201,15,0.434589
202,1,0.501915
202,2,0.471292
202,3,0.518965
202,4,0.434589
202,5,0.444013
202,6,0.476909
202,7,0.530367
202,8,0.495783
202,9,0.485880
202,10,0.483618
202,11,0.515975
202,12,0.525110
202,13,0.464530
202,14,0.521384
202,15,0.305080
203,1,0.479866
203,2,0.458120
203,3,0.484200
203,4,0.496259
203,5,0.554567
203,6,0.457748
203,7,0.254376
203,8,0.467471
203,9,0.485581
203,10,0.476831
203,11,0.503998
203,12,0.338960
203,13,0.439677
203,14,0.536737
203,15,0.456706
204,1,0.504352
204,2,0.526441
204,3,0.474943
204,4,0.468327
204,5,0.445310
204,6,0.502694
204,7,0.340752
204,8,0.452355
204,9,0.486079
204,10,0.496331
204,11,0.545695
204,12,0.467752
204,13,0.473996
204,14,0.498768
204,15,0.472494
205,1,0.504695
205,2,0.457798
205,3,0.531834
205,4,0.555961
205,5,0.461661
205,6,0.502867
205,7,0.500781
205,8,0.489354
205,9,0.488211
205,10,0.574110
205,11,0.506124
205,12,0.490357
205,13,0.551058
205,14,0.533704
205,15,0.520813
206,1,0.438229
206,2,0.536939
206,3,0.535928
206,4,0.566197
206,5,0.522483
206,6,0.554669
206,7,0.435590
206,8,0.509655
206,9,0.539068
206,10,0.522365
206,11,0.468327
206,12,0.458718
206,13,0.471687
206,14,0.520439
206,15,0.455255
207,1,0.525421
207,2,0.456565
207,3,0.453661
207,4,0.502593
207,5,0.459168
207,6,0.547988
207,7,0.534058
207,8,0.465778
207,9,0.405085
207,10,0.493604
207,11,0.510115
207,12,0.532880
207,13,0.554772
207,14,0.553153
207,15,0.521956
208,1,0.541106
208,2,0.528576
208,3,0.483527
208,4,0.515364
208,5,0.525419
208,6,0.461741
208,7,0.498527
208,8,0.472792
208,9,0.506497
208,10,0.524980
208,11,0.446359
208,12,0.512167
208,13,0.482255
208,14,0.544948
208,15,0.530461
209,1,0.576623
209,2,0.469548
209,3,0.497013
209,4,0.473956
209,5,0.370478
209,6,0.472419
209,7,0.411744
209,8,0.000000
209,9,0.502593
209,10,0.515876
209,11,0.510381
209,12,0.559563
209,13,0.434589
209,14,0.485092
209,15,0.499364
210,1,0.466824
210,2,0.574110
210,3,0.217294
210,4,0.467544
210,5,0.523449
210,6,0.306039
210,7,0.368926
210,8,0.429600
210,9,0.462961
210,10,0.435612
210,11,0.462654
210,12,0.535135
210,13,0.518092
210,14,0.489354
210,15,0.503327
211,1,0.435089
211,2,0.429401
211,3,0.520651
211,4,0.354326
211,5,0.479252
211,6,0.535561
211,7,0.473393
211,8,0.493786
211,9,0.466679
211,10,0.469315
211,11,0.477319
211,12,0.486755
211,13,0.555422
211,14,0.461727
211,15,0.459268
212,1,0.547988
212,2,0.491486
212,3,0.521623
212,4,0.496995
212,5,0.380913
212,6,0.459310
212,7,0.499515
212,8,0.505706
212,9,0.540975
212,10,0.520946
212,11,0.549802
212,12,0.522850
212,13,0.465385
212,14,0.466479
212,15,0.456919
213,1,0.455847
213,2,0.477276
213,3,0.523554
213,4,0.496160
213,5,0.473603
213,6,0.452406
213,7,0.380913
213,8,0.498123
213,9,0.531474
213,10,0.514032
213,11,0.531964
213,12,0.531010
213,13,0.495958
213,14,0.520640
213,15,0.495674
214,1,0.522940
214,2,0.490622
214,3,0.461246
214,4,0.451807
214,5,0.461741
214,6,0.515252
214,7,0.464451
214,8,0.471671
214,9,0.500261
214,10,0.480839
214,11,0.460860
214,12,0.503279
214,13,0.468890
214,14,0.473996
214,15,0.480839
215,1,0.457620
215,2,0.494330
215,3,0.458625
215,4,0.475132
215,5,0.513767
215,6,0.535135
215,7,0.547242
215,8,0.539966
215,9,0.442366
215,10,0.502840
215,11,0.513335
215,12,0.474705
215,13,0.544847
215,14,0.441839
215,15,0.467425
216,1,0.488479
216,2,0.490456
216,3,0.463495
216,4,0.511528
216,5,0.507421
216,6,0.481802
216,7,0.499248
216,8,0.547988
216,9,0.448236
216,10,0.470761
216,11,0.493006
216,12,0.505404
216,13,0.471216
216,14,0.466679
216,15,0.000000
217,1,0.504735
217,2,0.523751
217,3,0.524486
217,4,0.459644
217,5,0.426761
217,6,0.454227
217,7,0.470160
217,8,0.452359
217,9,0.446928
217,10,0.448963
217,11,0.466793
217,12,0.455566
217,13,0.518987
217,14,0.466679
217,15,0.453644
218,1,0.492966
218,2,0.526170
218,3,0.523449
218,4,0.470328
218,5,0.358405
218,6,0.508183
218,7,0.463699
218,8,0.500843
218,9,0.502064
218,10,0.548750
218,11,0.497711
218,12,0.521682
218,13,0.454778
218,14,0.519098
218,15,0.434589
219,1,0.497424
219,2,0.474816
219,3,0.546563
219,4,0.217294
219,5,0.454492
219,6,0.484138
219,7,0.523751
219,8,0.576905
219,9,0.555511
219,10,0.550355
219,11,0.510703
219,12,0.507051
219,13,0.485880
219,14,0.490456
219,15,0.515668
220,1,0.559329
220,2,0.335302
220,3,0.506560
220,4,0.434589
220,5,0.480960
220,6,0.536499
220,7,0.539240
220,8,0.548191
220,9,0.573227
220,10,0.481201
220,11,0.464774
220,12,0.499267
220,13,0.498527
220,14,0.514032
220,15,0.507051
221,1,0.460145
221,2,0.448606
221,3,0.513018
221,4,0.430471
221,5,0.508753
221,6,0.576623
221,7,0.540988
221,8,0.457090
221,9,0.490815
221,10,0.468577
221,11,0.508276
221,12,0.481443
221,13,0.542470
221,14,0.435590
221,15,0.520477
222,1,0.536094
222,2,0.530363
222,3,0.536094
222,4,0.547988
222,5,0.314447
222,6,0.467425
222,7,0.497013
222,8,0.489315
222,9,0.473555
222,10,0.547988
222,11,0.457045
222,12,0.506085
222,13,0.202543
222,14,0.466679
222,15,0.484583
223,1,0.574110
223,2,0.517348
223,3,0.435089
223,4,0.455446
223,5,0.479450
223,6,0.464004
223,7,0.476180
223,8,0.520477
223,9,0.535723
223,10,0.576623
223,11,0.513670
223,12,0.535952
223,13,0.481535
223,14,0.464451
223,15,0.543643
224,1,0.442233
224,2,0.459268
224,3,0.502790
224,4,0.475682
224,5,0.498054
224,6,0.493029
224,7,0.534946
224,8,0.468327
224,9,0.436940
224,10,0.545086
224,11,0.518080
224,12,0.545326
224,13,0.536226
224,14,0.522297
224,15,0.497711
225,1,0.468854
225,2,0.506369
225,3,0.457868
225,4,0.202543
225,5,0.492090
225,6,0.535561
225,7,0.520074
225,8,0.467503
225,9,0.454833
225,10,0.457767
225,11,0.471292
225,12,0.465808
225,13,0.417336
225,14,0.503250
225,15,0.529404
226,1,0.474180
226,2,0.327929
226,3,0.483835
226,4,0.526441
226,5,0.503005
226,6,0.546088
226,7,0.465340
226,8,0.448217
226,9,0.485099
226,10,0.499368
226,11,0.464885
226,12,0.553393
226,13,0.564999
226,14,0.530507
226,15,0.532282
227,1,0.397650
227,2,0.534946
227,3,0.464209
227,4,0.473996
227,5,0.450025
227,6,0.457790
227,7,0.506369
227,8,0.482941
227,9,0.481046
227,10,0.463174
227,11,0.501729
227,12,0.459058
227,13,0.524541
227,14,0.530270
227,15,0.473121
228,1,0.411744
228,2,0.461048
228,3,0.546623
228,4,0.513183
228,5,0.536737
228,6,0.380913
228,7,0.217294
228,8,0.501469
228,9,0.469193
228,10,0.501691
228,11,0.514107
228,12,0.529627
228,13,0.524693
228,14,0.511180
228,15,0.452458
229,1,0.411744
229,2,0.547988
229,3,0.495545
229,4,0.476148
229,5,0.484270
229,6,0.468761
229,7,0.306415
229,8,0.481458
229,9,0.505171
229,10,0.538063
229,11,0.472171
229,12,0.434589
229,13,0.477949
229,14,0.547988
229,15,0.481046
230,1,0.539533
230,2,0.514785
230,3,0.460183
230,4,0.456067
230,5,0.511715
230,6,0.445859
230,7,0.526170
230,8,0.522701
230,9,0.471833
230,10,0.434589
230,11,0.452010
230,12,0.485092
230,13,0.471671
230,14,0.536737
230,15,0.478474
231,1,0.506369
231,2,0.489591
231,3,0.547988
231,4,0.514221
231,5,0.430471
231,6,0.438818
231,7,0.500261
231,8,0.531294
231,9,0.498291
231,10,0.537488
231,11,0.547988
231,12,0.510919
231,13,0.465280
231,14,0.464246
231,15,0.459310
232,1,0.501076
232,2,0.460763
232,3,0.547988
232,4,0.543502
232,5,0.529795
232,6,0.469356
232,7,0.516181
232,8,0.474180
232,9,0.491894
232,10,0.467711
232,11,0.491166
232,12,0.475608
232,13,0.539086
232,14,0.469856
232,15,0.537734
233,1,0.441839
233,2,0.498278
233,3,0.495178
233,4,0.534946
233,5,0.514785
233,6,0.457129
233,7,0.507170
233,8,0.513767
233,9,0.529404
233,10,0.525110
233,11,0.511180
233,12,0.435590
233,13,0.446645
233,14,0.431107
233,15,0.492966
234,1,0.523905
234,2,0.520535
234,3,0.473514
234,4,0.000000
234,5,0.477093
234,6,0.462973
234,7,0.495194
234,8,0.380913
234,9,0.552190
234,10,0.534946
234,11,0.457620
234,12,0.479866
234,13,0.467425
234,14,0.451025
234,15,0.405085
235,1,0.459053
235,2,0.551058
235,3,0.542957
235,4,0.469356
235,5,0.330800
235,6,0.465327
235,7,0.504123
235,8,0.549859
235,9,0.518246
235,10,0.546623
235,11,0.496160
235,12,0.582009
235,13,0.529648
235,14,0.467926
235,15,0.447332
236,1,0.434589
236,2,0.523507
236,3,0.434589
236,4,0.453644
236,5,0.482822
236,6,0.493604
236,7,0.525622
236,8,0.506124
236,9,0.449943
236,10,0.421937
236,11,0.000000
236,12,0.463546
236,13,0.467082
236,14,0.515387
236,15,0.473603
237,1,0.506272
237,2,0.521473
237,3,0.548126
237,4,0.450793
237,5,0.485266
237,6,0.520470
237,7,0.477626
237,8,0.582009
237,9,0.574110
237,10,0.524886
237,11,0.491894
237,12,0.492297
237,13,0.541733
237,14,0.495545
237,15,0.550870
238,1,0.521813
238,2,0.467573
238,3,0.576905
238,4,0.488479
238,5,0.549676
238,6,0.531294
238,7,0.471951
238,8,0.469086
238,9,0.470953
238,10,0.500355
238,11,0.535952
238,12,0.252368
238,13,0.507679
238,14,0.467027
238,15,0.468327
239,1,0.511528
239,2,0.504620
239,3,0.528270
239,4,0.474413
239,5,0.311808
239,6,0.458048
239,7,0.545566
239,8,0.474816
239,9,0.554919
239,10,0.468795
239,11,0.452707
239,12,0.465523
239,13,0.496343
239,14,0.470295
239,15,0.548946
240,1,0.452880
240,2,0.520439
240,3,0.473115
240,4,0.537742
240,5,0.468327
240,6,0.535561
240,7,0.481008
240,8,0.454388
240,9,0.463495
240,10,0.446314
240,11,0.490262
240,12,0.540975
240,13,0.533639
240,14,0.475514
240,15,0.521591
241,1,0.380913
241,2,0.500261
241,3,0.315997
241,4,0.254376
241,5,0.444352
241,6,0.405085
241,7,0.301782
241,8,0.444352
241,9,0.465650
241,10,0.487234
241,11,0.523915
241,12,0.535252
241,13,0.430471
241,14,0.462865
241,15,0.520813
242,1,0.435590
242,2,0.497424
242,3,0.512390
242,4,0.504352
242,5,0.490375
242,6,0.574110
242,7,0.478456
242,8,0.455411
242,9,0.312904
242,10,0.487429
242,11,0.469663
242,12,0.483405
242,13,0.512389
242,14,0.498073
242,15,0.574110
243,1,0.458982
243,2,0.488311
243,3,0.312218
243,4,0.524980
243,5,0.337625
243,6,0.507768
243,7,0.490921
243,8,0.522955
243,9,0.574110
243,10,0.507051
243,11,0.447198
243,12,0.478695
243,13,0.499388
243,14,0.507659
243,15,0.547988
244,1,0.542640
244,2,0.522940
244,3,0.547988
244,4,0.492297
244,5,0.514134
244,6,0.540545
244,7,0.469129
244,8,0.498577
244,9,0.000000
244,10,0.465408
244,11,0.495343
244,12,0.508885
244,13,0.397650
244,14,0.449943
244,15,0.493604
245,1,0.495545
245,2,0.544948
245,3,0.457456
245,4,0.534946
245,5,0.525622
245,6,0.518145
245,7,0.464966
245,8,0.549676
245,9,0.541226
245,10,0.542700
245,11,0.468497
245,12,0.446928
245,13,0.465819
245,14,0.475534
245,15,0.527214
246,1,0.305600
246,2,0.474896
246,3,0.483527
246,4,0.566955
246,5,0.547988
246,6,0.459644
246,7,0.451927
246,8,0.485802
246,9,0.539992
246,10,0.464590
246,11,0.503127
246,12,0.467926
246,13,0.405085
246,14,0.471671
246,15,0.493604
247,1,0.457129
247,2,0.474943
247,3,0.459310
247,4,0.527222
247,5,0.554867
247,6,0.492966
247,7,0.434589
247,8,0.441067
247,9,0.415796
247,10,0.512167
247,11,0.480626
247,12,0.534939
247,13,0.483617
247,14,0.560633
247,15,0.534997
248,1,0.515813
248,2,0.449876
248,3,0.520651
248,4,0.520629
248,5,0.472535
248,6,0.524229
248,7,0.561723
248,8,0.434589
248,9,0.526614
248,10,0.430471
248,11,0.425581
248,12,0.482822
248,13,0.301284
248,14,0.534939
248,15,0.498064
249,1,0.471099
249,2,0.549859
249,3,0.481008
249,4,0.527474
249,5,0.524980
249,6,0.459829
249,7,0.520951
249,8,0.574110
249,9,0.507051
249,10,0.534946
249,11,0.468327
249,12,0.487141
249,13,0.461237
249,14,0.525044
249,15,0.535791
250,1,0.450901
250,2,0.423462
250,3,0.453112
250,4,0.505968
250,5,0.526170
250,6,0.488479
250,7,0.532320
250,8,0.485213
250,9,0.490956
250,10,0.521909
250,11,0.576905
250,12,0.539250
250,13,0.541677
250,14,0.480569
250,15,0.463230
251,1,0.498470
251,2,0.574110
251,3,0.471951
251,4,0.513297
251,5,0.523915
251,6,0.504378
251,7,0.493825
251,8,0.467711
251,9,0.476431
251,10,0.342611
251,11,0.498768
251,12,0.534939
251,13,0.481278
251,14,0.471671
251,15,0.515668
252,1,0.464327
252,2,0.334611
252,3,0.501691
252,4,0.476011
252,5,0.444243
252,6,0.480747
252,7,0.434589
252,8,0.488721
252,9,0.458982
252,10,0.484656
252,11,0.217795
252,12,0.479897
252,13,0.516911
252,14,0.441839
252,15,0.502655
253,1,0.493637
253,2,0.547988
253,3,0.463993
253,4,0.474659
253,5,0.467837
253,6,0.524980
253,7,0.487188
253,8,0.434589
253,9,0.304613
253,10,0.547988
253,11,0.250131
253,12,0.482253
253,13,0.462491
253,14,0.431263
253,15,0.464030
254,1,0.518987
254,2,0.536737
254,3,0.539167
254,4,0.523217
254,5,0.289726
254,6,0.411744
254,7,0.505720
254,8,0.465007
254,9,0.473996
254,10,0.536466
254,11,0.498975
254,12,0.254376
254,13,0.497583
254,14,0.499899
254,15,0.552442
255,1,0.515823
255,2,0.471671
255,3,0.506369
255,4,0.457129
255,5,0.574110
255,6,0.540846
255,7,0.491622
255,8,0.471050
255,9,0.498501
255,10,0.459168
255,11,0.523217
255,12,0.495489
255,13,0.512959
255,14,0.536737
255,15,0.458765
256,1,0.464315
256,2,0.504352
256,3,0.518987
256,4,0.456565
256,5,0.466601
256,6,0.515813
256,7,0.468278
256,8,0.380913
256,9,0.535561
256,10,0.496465
256,11,0.530367
256,12,0.468890
256,13,0.520074
256,14,0.464673
256,15,0.467419
257,1,0.547988
257,2,0.506284
257,3,0.464611
257,4,0.500834
257,5,0.547988
257,6,0.506615
257,7,0.504116
257,8,0.532320
257,9,0.459978
257,10,0.453661
257,11,0.480839
257,12,0.518376
257,13,0.475249
257,14,0.530367
257,15,0.493637
258,1,0.506936
258,2,0.493637
258,3,0.452426
258,4,0.453575
258,5,0.473797
258,6,0.535561
258,7,0.544955
258,8,0.547988
258,9,0.469856
258,10,0.497424
258,11,0.486625
258,12,0.480722
258,13,0.533443
258,14,0.552609
258,15,0.498385
259,1,0.313189
259,2,0.464707
259,3,0.480839
259,4,0.472494
259,5,0.452010
259,6,0.541418
259,7,0.535252
259,8,0.547430
259,9,0.534946
259,10,0.459497
259,11,0.217294
259,12,0.455984
259,13,0.405085
259,14,0.453154
259,15,0.479866
260,1,0.506284
260,2,0.494081
260,3,0.549036
260,4,0.547988
260,5,0.481201
260,6,0.457129
260,7,0.434589
260,8,0.484252
260,9,0.546563
260,10,0.471671
260,11,0.524486
260,12,0.521533
260,13,0.510891
260,14,0.518092
260,15,0.457129
261,1,0.487188
261,2,0.507659
261,3,0.535135
261,4,0.464209
261,5,0.396328
261,6,0.471671
261,7,0.501076
261,8,0.457093
261,9,0.453469
261,10,0.503776
261,11,0.306372
261,12,0.465358
261,13,0.547988
261,14,0.524763
261,15,0.469670
262,1,0.530265
262,2,0.491392
262,3,0.493323
262,4,0.576905
262,5,0.434589
262,6,0.464406
262,7,0.447546
262,8,0.000000
262,9,0.459058
262,10,0.202543
262,11,0.405085
262,12,0.481201
262,13,0.487234
262,14,0.442436
262,15,0.439641
263,1,0.448318
263,2,0.521767
263,3,0.465280
263,4,0.448217
263,5,0.486943
263,6,0.493637
263,7,0.497013
263,8,0.522955
263,9,0.519388
263,10,0.485880
263,11,0.513670
263,12,0.453318
263,13,0.452673
263,14,0.488926
263,15,0.533129
264,1,0.482941
264,2,0.522955
264,3,0.481828
264,4,0.480809
264,5,0.469356
264,6,0.527259
264,7,0.456752
264,8,0.453805
264,9,0.462129
264,10,0.518306
264,11,0.547988
264,12,0.500261
264,13,0.513402
264,14,0.536466
264,15,0.529404
265,1,0.453735
265,2,0.428541
265,3,0.539068
265,4,0.473837
265,5,0.491166
265,6,0.547988
265,7,0.492320
265,8,0.485880
265,9,0.531294
265,10,0.530367
265,11,0.489181
265,12,0.521767
265,13,0.486746
265,14,0.445859
265,15,0.459310
266,1,0.460637
266,2,0.574110
266,3,0.547988
266,4,0.530507
266,5,0.456475
266,6,0.434589
266,7,0.529648
266,8,0.457129
266,9,0.512167
266,10,0.492297
266,11,0.547988
266,12,0.504507
266,13,0.479353
266,14,0.472792
266,15,0.498768
267,1,0.531294
267,2,0.574110
267,3,0.486746
267,4,0.548001
267,5,0.481802
267,6,0.474816
267,7,0.539444
267,8,0.473956
267,9,0.531294
267,10,0.495545
267,11,0.498659
267,12,0.493834
267,13,0.241763
267,14,0.466679
267,15,0.479353
268,1,0.516929
268,2,0.545566
268,3,0.548001
268,4,0.443065
268,5,0.473956
268,6,0.575973
268,7,0.519457
268,8,0.439418
268,9,0.524811
268,10,0.467425
268,11,0.473996
268,12,0.445859
268,13,0.545566
268,14,0.492131
268,15,0.474816
269,1,0.492966
269,2,0.496995
269,3,0.458415
269,4,0.527474
269,5,0.457456
269,6,0.341987
269,7,0.547988
269,8,0.512167
269,9,0.443065
269,10,0.467425
269,11,0.529648
269,12,0.475782
269,13,0.498445
269,14,0.462244
269,15,0.492297
270,1,0.475183
270,2,0.535561
270,3,0.485880
270,4,0.564999
270,5,0.554100
270,6,0.534946
270,7,0.510507
270,8,0.520477
270,9,0.490210
270,10,0.548001
270,11,0.434589
270,12,0.502064
270,13,0.397650
270,14,0.547988
270,15,0.458765
271,1,0.547988
271,2,0.460637
271,3,0.535135
271,4,0.531294
271,5,0.474816
271,6,0.526170
271,7,0.506743
271,8,0.544948
271,9,0.508124
271,10,0.534946
271,11,0.547988
271,12,0.456642
271,13,0.488479
271,14,0.545566
271,15,0.475183
272,1,0.513402
272,2,0.471671
272,3,0.470750
272,4,0.531474
272,5,0.519457
272,6,0.457267
272,7,0.536737
272,8,0.471671
272,9,0.380913
272,10,0.521767
272,11,0.457129
272,12,0.474943
272,13,0.535135
272,14,0.512167
272,15,0.464451
273,1,0.492131
273,2,0.457129
273,3,0.375638
273,4,0.534946
273,5,0.458765
273,6,0.477873
273,7,0.520477
273,8,0.480723
273,9,0.546088
273,10,0.542292
273,11,0.250131
273,12,0.501793
273,13,0.306039
273,14,0.531294
273,15,0.547988
274,1,0.518839
274,2,0.466824
274,3,0.466679
274,4,0.489181
274,5,0.541848
274,6,0.498659
274,7,0.457129
274,8,0.505564
274,9,0.490456
274,10,0.515668
274,11,0.515290
274,12,0.534946
274,13,0.533215
274,14,0.468608
274,15,0.511102
275,1,0.531474
275,2,0.458765
275,3,0.506117
275,4,0.520477
275,5,0.493297
275,6,0.468890
275,7,0.515032
275,8,0.553959
275,9,0.549676
275,10,0.461727
275,11,0.489446
275,12,0.442633
275,13,0.471671
275,14,0.515668
275,15,0.493297
276,1,0.481201
276,2,0.475972
276,3,0.511102
276,4,0.457129
276,5,0.479455
276,6,0.495444
276,7,0.485880
276,8,0.397650
276,9,0.547242
276,10,0.576623
276,11,0.471671
276,12,0.467064
276,13,0.497013
276,14,0.442102
276,15,0.419837
277,1,0.464451
277,2,0.521321
277,3,0.452359
277,4,0.434589
277,5,0.521767
277,6,0.466824
277,7,0.508960
277,8,0.520477
277,9,0.510413
277,10,0.438214
277,11,0.488479
277,12,0.445859
277,13,0.000000
277,14,0.464246
277,15,0.547430
278,1,0.564999
278,2,0.531294
278,3,0.519457
278,4,0.449943
278,5,0.482941
278,6,0.514107
278,7,0.519457
278,8,0.533120
278,9,0.515290
278,10,0.564999
278,11,0.467425
278,12,0.434589
278,13,0.486746
278,14,0.520813
278,15,0.506990
279,1,0.461727
279,2,0.514107
279,3,0.582009
279,4,0.250131
279,5,0.514309
279,6,0.494970
279,7,0.480626
279,8,0.464246
279,9,0.456480
279,10,0.489591
279,11,0.540988
279,12,0.471671
279,13,0.456642
279,14,0.364186
279,15,0.497782
280,1,0.543716
280,2,0.566955
280,3,0.530507
280,4,0.515102
280,5,0.535220
280,6,0.532657
280,7,0.471833
280,8,0.484200
280,9,0.534946
280,10,0.495444
280,11,0.482925
280,12,0.527747
280,13,0.547988
280,14,0.457129
280,15,0.519457
281,1,0.446905
281,2,0.500261
281,3,0.458617
281,4,0.529573
281,5,0.526170
281,6,0.492297
281,7,0.375638
281,8,0.510893
281,9,0.536499
281,10,0.549676
281,11,0.519583
281,12,0.520477
281,13,0.434589
281,14,0.531474
281,15,0.457129
282,1,0.513297
282,2,0.540733
282,3,0.526170
282,4,0.461831
282,5,0.532880
282,6,0.461727
282,7,0.547988
282,8,0.508587
282,9,0.452819
282,10,0.535561
282,11,0.520477
282,12,0.488352
282,13,0.441839
282,14,0.314447
282,15,0.507999
283,1,0.522955
283,2,0.434589
283,3,0.481201
283,4,0.464451
283,5,0.361690
283,6,0.479866
283,7,0.459497
283,8,0.574110
283,9,0.547988
283,10,0.520477
283,11,0.456642
283,12,0.364186
283,13,0.466679
283,14,0.521767
283,15,0.397650
284,1,0.512167
284,2,0.434589
284,3,0.380913
284,4,0.566955
284,5,0.524811
284,6,0.530605
284,7,0.252061
284,8,0.315997
284,9,0.519867
284,10,0.466824
284,11,0.521767
284,12,0.574110
284,13,0.521767
284,14,0.492131
284,15,0.434589
285,1,0.521767
285,2,0.480626
285,3,0.509747
285,4,0.442102
285,5,0.000000
285,6,0.217294
285,7,0.522701
285,8,0.541848
285,9,0.000000
285,10,0.514107
285,11,0.541848
285,12,0.434589
285,13,0.531294
285,14,0.471833
285,15,0.515668
286,1,0.521767
286,2,0.489901
286,3,0.526056
286,4,0.533443
286,5,0.508587
286,6,0.461244
286,7,0.481046
286,8,0.000000
286,9,0.250131
286,10,0.460860
286,11,0.475183
286,12,0.000000
286,13,0.545566
286,14,0.466824
286,15,0.510893
287,1,0.555304
287,2,0.481201
287,3,0.494715
287,4,0.576905
287,5,0.458896
287,6,0.513297
287,7,0.523217
287,8,0.521767
287,9,0.482941
287,10,0.311119
287,11,0.547988
287,12,0.000000
287,13,0.522701
287,14,0.481201
287,15,0.524980
288,1,0.434589
288,2,0.520477
288,3,0.493834
288,4,0.000000
288,5,0.509747
288,6,0.492131
288,7,0.468608
288,8,0.524980
288,9,0.486746
288,10,0.521290
288,11,0.488479
288,12,0.461444
288,13,0.434589
288,14,0.474816
288,15,0.540733
289,1,0.314447
289,2,0.520477
289,3,0.521767
289,4,0.461831
289,5,0.574110
289,6,0.457129
289,7,0.434589
289,8,0.534946
289,9,0.459310
289,10,0.439245
289,11,0.434589
289,12,0.488714
289,13,0.483188
289,14,0.551058
289,15,0.547242
290,1,0.523730
290,2,0.549194
290,3,0.460763
290,4,0.447917
290,5,0.520791
290,6,0.546623
290,7,0.438214
290,8,0.500261
290,9,0.456475
290,10,0.434589
290,11,0.547988
290,12,0.456642
290,13,0.434589
290,14,0.512167
290,15,0.511308
291,1,0.533808
291,2,0.523730
291,3,0.000000
291,4,0.469356
291,5,0.447332
291,6,0.576623
291,7,0.471360
291,8,0.524834
291,9,0.531294
291,10,0.534946
291,11,0.471671
291,12,0.457129
291,13,0.514107
291,14,0.521133
291,15,0.486625
292,1,0.521767
292,2,0.469356
292,3,0.471671
292,4,0.476949
292,5,0.254376
292,6,0.521767
292,7,0.464451
292,8,0.459310
292,9,0.495545
292,10,0.520477
292,11,0.536737
292,12,0.482941
292,13,0.547988
292,14,0.489005
292,15,0.471951
293,1,0.524980
293,2,0.464451
293,3,0.434589
293,4,0.434589
293,5,0.456642
293,6,0.314447
293,7,0.520791
293,8,0.471050
293,9,0.289726
293,10,0.254376
293,11,0.500863
293,12,0.549865
293,13,0.512167
293,14,0.461831
293,15,0.520477
294,1,0.513993
294,2,0.475782
294,3,0.338176
294,4,0.217294
294,5,0.481201
294,6,0.527474
294,7,0.534946
294,8,0.519583
294,9,0.492464
294,10,0.480306
294,11,0.466679
294,12,0.463495
294,13,0.507999
294,14,0.521716
294,15,0.499364
295,1,0.531300
295,2,0.520651
295,3,0.478695
295,4,0.289726
295,5,0.492131
295,6,0.535135
295,7,0.489306
295,8,0.520477
295,9,0.489005
295,10,0.438214
295,11,0.507591
295,12,0.547988
295,13,0.534946
295,14,0.508587
295,15,0.495783
296,1,0.434589
296,2,0.451389
296,3,0.543019
296,4,0.520813
296,5,0.533704
296,6,0.457129
296,7,0.000000
296,8,0.520477
296,9,0.445474
296,10,0.533913
296,11,0.542738
296,12,0.534090
296,13,0.461244
296,14,0.495545
296,15,0.434589
297,1,0.481201
297,2,0.476958
297,3,0.532807
297,4,0.493297
297,5,0.457620
297,6,0.463495
297,7,0.548001
297,8,0.473956
297,9,0.434589
297,10,0.473956
297,11,0.526637
297,12,0.555926
297,13,0.512959
297,14,0.508587
297,15,0.458386
298,1,0.548411
298,2,0.397650
298,3,0.481201
298,4,0.490059
298,5,0.547988
298,6,0.456480
298,7,0.535561
298,8,0.489100
298,9,0.559329
298,10,0.524811
298,11,0.492966
298,12,0.450901
298,13,0.489181
298,14,0.531294
298,15,0.471671
299,1,0.527474
299,2,0.521290
299,3,0.515290
299,4,0.458896
299,5,0.520074
299,6,0.456480
299,7,0.514309
299,8,0.511308
299,9,0.575785
299,10,0.488479
299,11,0.434589
299,12,0.492464
299,13,0.547430
299,14,0.530367
299,15,0.491204
300,1,0.535135
300,2,0.512167
300,3,0.436940
300,4,0.574110
300,5,0.459310
300,6,0.534946
300,7,0.496160
300,8,0.545566
300,9,0.460464
300,10,0.506272
300,11,0.533120
300,12,0.460145
300,13,0.576623
300,14,0.471360
300,15,0.485581
301,1,0.478555
301,2,0.370593
301,3,0.483188
301,4,0.512167
301,5,0.463993
301,6,0.547988
301,7,0.534946
301,8,0.493703
301,9,0.495545
301,10,0.549194
301,11,0.534946
301,12,0.468327
301,13,0.466824
301,14,0.358405
301,15,0.466679
302,1,0.463993
302,2,0.485581
302,3,0.506085
302,4,0.535561
302,5,0.521716
302,6,0.516929
302,7,0.500983
302,8,0.397650
302,9,0.582009
302,10,0.336338
302,11,0.482253
302,12,0.434589
302,13,0.488479
302,14,0.460637
302,15,0.542738
303,1,0.523217
303,2,0.515290
303,3,0.574110
303,4,0.481201
303,5,0.487403
303,6,0.512167
303,7,0.520477
303,8,0.466824
303,9,0.481046
303,10,0.521321
303,11,0.575785
303,12,0.533808
303,13,0.534946
303,14,0.574110
303,15,0.460637
304,1,0.559329
304,2,0.495783
304,3,0.434589
304,4,0.491652
304,5,0.533434
304,6,0.457767
304,7,0.513782
304,8,0.515290
304,9,0.495545
304,10,0.515102
304,11,0.485880
304,12,0.521767
304,13,0.506743
304,14,0.576623
304,15,0.461727
305,1,0.521767
305,2,0.466824
305,3,0.457178
305,4,0.312904
305,5,0.501971
305,6,0.547988
305,7,0.549194
305,8,0.520477
305,9,0.521767
305,10,0.490001
305,11,0.524527
305,12,0.531294
305,13,0.456698
305,14,0.534177
305,15,0.549036
306,1,0.534377
306,2,0.530222
306,3,0.314447
306,4,0.531210
306,5,0.522955
306,6,0.531294
306,7,0.529871
306,8,0.475782
306,9,0.456480
306,10,0.531294
306,11,0.521122
306,12,0.574110
306,13,0.508753
306,14,0.508960
306,15,0.479353
307,1,0.520477
307,2,0.492297
307,3,0.464451
307,4,0.495783
307,5,0.489315
307,6,0.217294
307,7,0.534108
307,8,0.459310
307,9,0.485880
307,10,0.579136
307,11,0.574110
307,12,0.492131
307,13,0.500261
307,14,0.458765
307,15,0.455982
308,1,0.515290
308,2,0.461727
308,3,0.527474
308,4,0.458765
308,5,0.481046
308,6,0.434589
308,7,0.495545
308,8,0.459411
308,9,0.536737
308,10,0.574110
308,11,0.521767
308,12,0.495311
308,13,0.481201
308,14,0.476958
308,15,0.343325
309,1,0.314447
309,2,0.502593
309,3,0.434589
309,4,0.460637
309,5,0.496160
309,6,0.456480
309,7,0.449476
309,8,0.534946
309,9,0.434589
309,10,0.466824
309,11,0.512167
309,12,0.488352
309,13,0.512390
309,14,0.458415
309,15,0.342360
310,1,0.514309
310,2,0.496995
310,3,0.504123
310,4,0.493095
310,5,0.361690
310,6,0.501516
310,7,0.520477
310,8,0.489005
310,9,0.530367
310,10,0.467425
310,11,0.492966
310,12,0.520477
310,13,0.534946
310,14,0.478695
310,15,0.503427
311,1,0.546623
311,2,0.548001
311,3,0.481802
311,4,0.485266
311,5,0.434589
311,6,0.458403
311,7,0.554100
311,8,0.530367
311,9,0.457129
311,10,0.521767
311,11,0.547988
311,12,0.434589
311,13,0.520477
311,14,0.509792
311,15,0.541212
312,1,0.481201
312,2,0.535561
312,3,0.397650
312,4,0.520477
312,5,0.495545
312,6,0.547988
312,7,0.545566
312,8,0.508753
312,9,0.499515
312,10,0.506677
312,11,0.531294
312,12,0.544948
312,13,0.521767
312,14,0.489901
312,15,0.533808
313,1,0.521767
313,2,0.531294
313,3,0.397650
313,4,0.541848
313,5,0.482488
313,6,0.492659
313,7,0.464451
313,8,0.289726
313,9,0.501733
313,10,0.469386
313,11,0.501516
313,12,0.541212
313,13,0.537930
313,14,0.531294
313,15,0.492632
314,1,0.495783
314,2,0.466824
314,3,0.473797
314,4,0.492503
314,5,0.457129
314,6,0.314447
314,7,0.342360
314,8,0.574110
314,9,0.463993
314,10,0.492966
314,11,0.498445
314,12,0.480306
314,13,0.499388
314,14,0.529573
314,15,0.574110
315,1,0.521767
315,2,0.515102
315,3,0.485880
315,4,0.469548
315,5,0.457129
315,6,0.467425
315,7,0.574110
315,8,0.466824
315,9,0.456480
315,10,0.486746
315,11,0.534377
315,12,0.522955
315,13,0.467836
315,14,0.499388
315,15,0.459644
316,1,0.477873
316,2,0.547988
316,3,0.521122
316,4,0.486746
316,5,0.521133
316,6,0.531294
316,7,0.545566
316,8,0.471671
316,9,0.493109
316,10,0.344483
316,11,0.516911
316,12,0.457491
316,13,0.535220
316,14,0.380913
316,15,0.544361
317,1,0.467425
317,2,0.460860
317,3,0.473996
317,4,0.480960
317,5,0.483527
317,6,0.443065
317,7,0.452819
317,8,0.531294
317,9,0.512167
317,10,0.473956
317,11,0.523217
317,12,0.434589
317,13,0.519457
317,14,0.508587
317,15,0.438214
318,1,0.314447
318,2,0.342360
318,3,0.314447
318,4,0.373641
318,5,0.535561
318,6,0.464451
318,7,0.000000
318,8,0.507999
318,9,0.488479
318,10,0.542906
318,11,0.512019
318,12,0.445859
318,13,0.531294
318,14,0.506026
318,15,0.512167
319,1,0.549194
319,2,0.482941
319,3,0.520791
319,4,0.500261
319,5,0.466824
319,6,0.521767
319,7,0.464451
319,8,0.533120
319,9,0.508753
319,10,0.530507
319,11,0.547988
319,12,0.495545
319,13,0.534946
319,14,0.547988
319,15,0.464451
320,1,0.579701
320,2,0.471671
320,3,0.485880
320,4,0.508753
320,5,0.547988
320,6,0.504507
320,7,0.547988
320,8,0.464451
320,9,0.585922
320,10,0.434589
320,11,0.531294
320,12,0.460019
320,13,0.544948
320,14,0.518839
320,15,0.466824
321,1,0.495545
321,2,0.483348
321,3,0.493825
321,4,0.574110
321,5,0.475183
321,6,0.498527
321,7,0.467425
321,8,0.510721
321,9,0.531294
321,10,0.491204
321,11,0.515290
321,12,0.481201
321,13,0.475972
321,14,0.501971
321,15,0.506743
322,1,0.521133
322,2,0.535135
322,3,0.531294
322,4,0.521767
322,5,0.545566
322,6,0.508587
322,7,0.542906
322,8,0.542292
322,9,0.521767
322,10,0.536737
322,11,0.475183
322,12,0.516035
322,13,0.521767
322,14,0.508587
322,15,0.523730
323,1,0.000000
323,2,0.375638
323,3,0.515789
323,4,0.519583
323,5,0.492966
323,6,0.489181
323,7,0.521767
323,8,0.464451
323,9,0.521321
323,10,0.540988
323,11,0.241763
323,12,0.520791
323,13,0.564999
323,14,0.360901
323,15,0.361690
324,1,0.467471
324,2,0.474250
324,3,0.498527
324,4,0.479715
324,5,0.506117
324,6,0.529648
324,7,0.466824
324,8,0.521767
324,9,0.478695
324,10,0.473996
324,11,0.466824
324,12,0.510893
324,13,0.467064
324,14,0.364186
324,15,0.504735
325,1,0.534090
325,2,0.467425
325,3,0.485880
325,4,0.553959
325,5,0.545566
325,6,0.456698
325,7,0.000000
325,8,0.488479
325,9,0.548001
325,10,0.489181
325,11,0.553959
325,12,0.437005
325,13,0.501733
325,14,0.549865
325,15,0.531294
326,1,0.492297
326,2,0.508753
326,3,0.521767
326,4,0.457129
326,5,0.471671
326,6,0.490059
326,7,0.585922
326,8,0.534518
326,9,0.454942
326,10,0.574110
326,11,0.519457
326,12,0.492320
326,13,0.468327
326,14,0.464451
326,15,0.545566
327,1,0.434589
327,2,0.492297
327,3,0.521767
327,4,0.485880
327,5,0.489005
327,6,0.535135
327,7,0.522955
327,8,0.545566
327,9,0.479347
327,10,0.498527
327,11,0.459310
327,12,0.531294
327,13,0.456475
327,14,0.549194
327,15,0.489306
328,1,0.461727
328,2,0.480839
328,3,0.458765
328,4,0.521767
328,5,0.459310
328,6,0.470750
328,7,0.456480
328,8,0.493786
328,9,0.522955
328,10,0.447540
328,11,0.461727
328,12,0.574110
328,13,0.443065
328,14,0.521767
328,15,0.481555
329,1,0.526170
329,2,0.459411
329,3,0.526170
329,4,0.476148
329,5,0.527474
329,6,0.486625
329,7,0.520477
329,8,0.547988
329,9,0.534946
329,10,0.520477
329,11,0.434589
329,12,0.486746
329,13,0.530367
329,14,0.397650
329,15,0.508753
330,1,0.543019
330,2,0.489181
330,3,0.522955
330,4,0.547988
330,5,0.529648
330,6,0.458415
330,7,0.333010
330,8,0.501971
330,9,0.515102
330,10,0.380913
330,11,0.500261
330,12,0.492966
330,13,0.466824
330,14,0.000000
330,15,0.547988
331,1,0.492464
331,2,0.521122
331,3,0.492464
331,4,0.566955
331,5,0.442102
331,6,0.506117
331,7,0.314447
331,8,0.512167
331,9,0.485880
331,10,0.534946
331,11,0.467425
331,12,0.508409
331,13,0.459497
331,14,0.315997
331,15,0.492966
332,1,0.531294
332,2,0.485880
332,3,0.542738
332,4,0.549865
332,5,0.540988
332,6,0.547988
332,7,0.314447
332,8,0.514107
332,9,0.527223
332,10,0.524121
332,11,0.518965
332,12,0.457267
332,13,0.312904
332,14,0.514309
332,15,0.461237
333,1,0.492966
333,2,0.534946
333,3,0.531294
333,4,0.446717
333,5,0.574110
333,6,0.436940
333,7,0.513993
333,8,0.576905
333,9,0.508753
333,10,0.530507
333,11,0.469548
333,12,0.482253
333,13,0.442102
333,14,0.505564
333,15,0.449943
334,1,0.504498
334,2,0.555785
334,3,0.529648
334,4,0.493834
334,5,0.521321
334,6,0.468327
334,7,0.458617
334,8,0.499364
334,9,0.547988
334,10,0.467425
334,11,0.486746
334,12,0.520477
334,13,0.380913
334,14,0.488479
334,15,0.474816
335,1,0.534518
335,2,0.547988
335,3,0.534946
335,4,0.515290
335,5,0.508753
335,6,0.490059
335,7,0.521767
335,8,0.466824
335,9,0.479895
335,10,0.531294
335,11,0.468890
335,12,0.467425
335,13,0.457129
335,14,0.478606
335,15,0.467425
336,1,0.579701
336,2,0.559329
336,3,0.574110
336,4,0.529648
336,5,0.456480
336,6,0.411744
336,7,0.473956
336,8,0.241763
336,9,0.502593
336,10,0.311617
336,11,0.503119
336,12,0.564999
336,13,0.530507
336,14,0.526170
336,15,0.457767
337,1,0.461048
337,2,0.531300
337,3,0.464451
337,4,0.574110
337,5,0.547988
337,6,0.547988
337,7,0.520477
337,8,0.467425
337,9,0.457129
337,10,0.000000
337,11,0.502593
337,12,0.312904
337,13,0.506117
337,14,0.530605
337,15,0.312904
338,1,0.289726
338,2,0.514107
338,3,0.438214
338,4,0.353525
338,5,0.535561
338,6,0.531294
338,7,0.457129
338,8,0.434589
338,9,0.457129
338,10,0.314447
338,11,0.534946
338,12,0.475634
338,13,0.517321
338,14,0.380913
338,15,0.311617
339,1,0.548411
339,2,0.545566
339,3,0.438229
339,4,0.536737
339,5,0.445859
339,6,0.484252
339,7,0.533704
339,8,0.530507
339,9,0.482941
339,10,0.217294
339,11,0.311617
339,12,0.000000
339,13,0.505564
339,14,0.486625
339,15,0.456698
340,1,0.329216
340,2,0.515668
340,3,0.442102
340,4,0.314447
340,5,0.464246
340,6,0.467425
340,7,0.519867
340,8,0.535135
340,9,0.502064
340,10,0.464451
340,11,0.545566
340,12,0.574110
340,13,0.530507
340,14,0.521767
340,15,0.531294
341,1,0.488542
341,2,0.520477
341,3,0.513993
341,4,0.488479
341,5,0.531294
341,6,0.529871
341,7,0.495545
341,8,0.459411
341,9,0.459058
341,10,0.459167
341,11,0.514309
341,12,0.445859
341,13,0.501733
341,14,0.574110
341,15,0.547988
342,1,0.488714
342,2,0.532649
342,3,0.485880
342,4,0.537459
342,5,0.461727
342,6,0.217294
342,7,0.467425
342,8,0.504735
342,9,0.469663
342,10,0.482941
342,11,0.500261
342,12,0.494365
342,13,0.575973
342,14,0.521767
342,15,0.493922
343,1,0.515290
343,2,0.441839
343,3,0.344483
343,4,0.466679
343,5,0.534946
343,6,0.474816
343,7,0.314447
343,8,0.311119
343,9,0.466679
343,10,0.453269
343,11,0.543716
343,12,0.434589
343,13,0.574110
343,14,0.478695
343,15,0.501733
344,1,0.254376
344,2,0.489446
344,3,0.459411
344,4,0.535220
344,5,0.474816
344,6,0.506438
344,7,0.515668
344,8,0.492464
344,9,0.535723
344,10,0.540988
344,11,0.327929
344,12,0.481472
344,13,0.522955
344,14,0.536737
344,15,0.493703
345,1,0.254376
345,2,0.477873
345,3,0.463662
345,4,0.547988
345,5,0.521767
345,6,0.508753
345,7,0.521767
345,8,0.473956
345,9,0.524811
345,10,0.555304
345,11,0.532657
345,12,0.485880
345,13,0.575785
345,14,0.458896
345,15,0.522729
346,1,0.492966
346,2,0.434589
346,3,0.534946
346,4,0.535135
346,5,0.457129
346,6,0.217294
346,7,0.471671
346,8,0.543019
346,9,0.437275
346,10,0.576905
346,11,0.437005
346,12,0.513297
346,13,0.533704
346,14,0.547988
346,15,0.520477
347,1,0.534946
347,2,0.460763
347,3,0.471671
347,4,0.499515
347,5,0.466679
347,6,0.463495
347,7,0.547988
347,8,0.519457
347,9,0.464594
347,10,0.522729
347,11,0.531294
347,12,0.467425
347,13,0.434589
347,14,0.531294
347,15,0.481201
348,1,0.480960
348,2,0.289726
348,3,0.521767
348,4,0.397650
348,5,0.547988
348,6,0.574110
348,7,0.443065
348,8,0.519457
348,9,0.520813
348,10,0.547988
348,11,0.456642
348,12,0.336338
348,13,0.488714
348,14,0.519867
348,15,0.519583
349,1,0.486746
349,2,0.547242
349,3,0.475296
349,4,0.250131
349,5,0.503427
349,6,0.522955
349,7,0.485880
349,8,0.548001
349,9,0.520477
349,10,0.475782
349,11,0.306039
349,12,0.521767
349,13,0.482941
349,14,0.481046
349,15,0.496331
350,1,0.505408
350,2,0.524980
350,3,0.535561
350,4,0.512959
350,5,0.466048
350,6,0.361690
350,7,0.520791
350,8,0.520813
350,9,0.534946
350,10,0.493080
350,11,0.289726
350,12,0.487061
350,13,0.547988
350,14,0.505515
350,15,0.491392
351,1,0.496160
351,2,0.535135
351,3,0.574110
351,4,0.534946
351,5,0.574110
351,6,0.459310
351,7,0.521767
351,8,0.486746
351,9,0.546623
351,10,0.529627
351,11,0.522515
351,12,0.434589
351,13,0.493109
351,14,0.504352
351,15,0.481201
352,1,0.434589
352,2,0.456475
352,3,0.527747
352,4,0.434589
352,5,0.428541
352,6,0.566955
352,7,0.250131
352,8,0.501793
352,9,0.534661
352,10,0.481802
352,11,0.444494
352,12,0.312904
352,13,0.524980
352,14,0.515290
352,15,0.541848
353,1,0.312904
353,2,0.529648
353,3,0.434589
353,4,0.547988
353,5,0.466824
353,6,0.469548
353,7,0.480960
353,8,0.516929
353,9,0.434589
353,10,0.547988
353,11,0.456475
353,12,0.547430
353,13,0.529648
353,14,0.487815
353,15,0.360901
354,1,0.520074
354,2,0.520477
354,3,0.442102
354,4,0.250131
354,5,0.511032
354,6,0.536737
354,7,0.489181
354,8,0.468327
354,9,0.464166
354,10,0.547988
354,11,0.520477
354,12,0.475782
354,13,0.555926
354,14,0.481802
354,15,0.492297
355,1,0.314447
355,2,0.498527
355,3,0.481201
355,4,0.504744
355,5,0.438214
355,6,0.512167
355,7,0.492297
355,8,0.574110
355,9,0.515290
355,10,0.458896
355,11,0.000000
355,12,0.531294
355,13,0.456642
355,14,0.340718
355,15,0.515668
356,1,0.521767
356,2,0.471671
356,3,0.463495
356,4,0.466679
356,5,0.510413
356,6,0.522955
356,7,0.471671
356,8,0.472687
356,9,0.531518
356,10,0.492632
356,11,0.522927
356,12,0.512959
356,13,0.477751
356,14,0.547430
356,15,0.537459
357,1,0.485880
357,2,0.531294
357,3,0.437275
357,4,0.534946
357,5,0.457129
357,6,0.471671
357,7,0.506677
357,8,0.508506
357,9,0.521767
357,10,0.397650
357,11,0.542738
357,12,0.547430
357,13,0.466824
357,14,0.531210
357,15,0.457456
358,1,0.467425
358,2,0.480960
358,3,0.536737
358,4,0.434589
358,5,0.533120
358,6,0.529871
358,7,0.533704
358,8,0.446717
358,9,0.576623
358,10,0.471360
358,11,0.314447
358,12,0.289726
358,13,0.477873
358,14,0.524980
358,15,0.520477
359,1,0.482941
359,2,0.477873
359,3,0.524980
359,4,0.536737
359,5,0.534946
359,6,0.521716
359,7,0.486746
359,8,0.541848
359,9,0.520651
359,10,0.486128
359,11,0.574110
359,12,0.460637
359,13,0.547988
359,14,0.508753
359,15,0.463495
360,1,0.481046
360,2,0.536939
360,3,0.508753
360,4,0.543019
360,5,0.479521
360,6,0.306039
360,7,0.360901
360,8,0.499388
360,9,0.217294
360,10,0.481201
360,11,0.524980
360,12,0.461831
360,13,0.576623
360,14,0.534946
360,15,0.466824
361,1,0.476909
361,2,0.530367
361,3,0.434589
361,4,0.466824
361,5,0.507999
361,6,0.574110
361,7,0.458765
361,8,0.547988
361,9,0.516911
361,10,0.434589
361,11,0.515290
361,12,0.564999
361,13,0.456642
361,14,0.531294
361,15,0.397650
362,1,0.541848
362,2,0.471671
362,3,0.547988
362,4,0.443065
362,5,0.434589
362,6,0.467807
362,7,0.337390
362,8,0.501799
362,9,0.495444
362,10,0.536737
362,11,0.380913
362,12,0.521122
362,13,0.574110
362,14,0.547988
362,15,0.442102
363,1,0.512167
363,2,0.461237
363,3,0.549865
363,4,0.457081
363,5,0.434589
363,6,0.464451
363,7,0.492464
363,8,0.508753
363,9,0.521767
363,10,0.492464
363,11,0.537742
363,12,0.542640
363,13,0.498659
363,14,0.533120
363,15,0.457267
364,1,0.516929
364,2,0.491105
364,3,0.575785
364,4,0.579136
364,5,0.504507
364,6,0.513402
364,7,0.531294
364,8,0.457129
364,9,0.471671
364,10,0.464451
364,11,0.515668
364,12,0.547988
364,13,0.519457
364,14,0.521767
364,15,0.460637
365,1,0.512390
365,2,0.524693
365,3,0.471671
365,4,0.495783
365,5,0.466824
365,6,0.534108
365,7,0.492131
365,8,0.492464
365,9,0.306039
365,10,0.508753
365,11,0.485880
365,12,0.541848
365,13,0.504123
365,14,0.471671
365,15,0.515290
366,1,0.521133
366,2,0.548001
366,3,0.508753
366,4,0.463993
366,5,0.486394
366,6,0.482693
366,7,0.491157
366,8,0.531294
366,9,0.456475
366,10,0.521063
366,11,0.531300
366,12,0.536737
366,13,0.464451
366,14,0.521767
366,15,0.459310
367,1,0.508960
367,2,0.464207
367,3,0.547988
367,4,0.520477
367,5,0.492464
367,6,0.463241
367,7,0.489591
367,8,0.519583
367,9,0.547988
367,10,0.475183
367,11,0.249384
367,12,0.249384
367,13,0.476909
367,14,0.474851
367,15,0.492659
368,1,0.474284
368,2,0.492710
368,3,0.495545
368,4,0.498659
368,5,0.504123
368,6,0.473956
368,7,0.500261
368,8,0.535561
368,9,0.445859
368,10,0.534946
368,11,0.535135
368,12,0.434589
368,13,0.521716
368,14,0.458415
368,15,0.534946
369,1,0.457081
369,2,0.456919
369,3,0.456642
369,4,0.477319
369,5,0.576623
369,6,0.534946
369,7,0.473956
369,8,0.306039
369,9,0.520791
369,10,0.529648
369,11,0.495545
369,12,0.461831
369,13,0.464786
369,14,0.535561
369,15,0.446717
370,1,0.521767
370,2,0.471671
370,3,0.521767
370,4,0.536737
370,5,0.479948
370,6,0.545566
370,7,0.492966
370,8,0.523217
370,9,0.515290
370,10,0.531294
370,11,0.512390
370,12,0.476148
370,13,0.507999
370,14,0.456480
370,15,0.511077
371,1,0.547988
371,2,0.446717
371,3,0.576623
371,4,0.495783
371,5,0.534946
371,6,0.475634
371,7,0.514107
371,8,0.494256
371,9,0.486746
371,10,0.547242
371,11,0.471833
371,12,0.506677
371,13,0.533913
371,14,0.532657
371,15,0.472434
372,1,0.535561
372,2,0.520477
372,3,0.458415
372,4,0.501733
372,5,0.513993
372,6,0.493834
372,7,0.534946
372,8,0.466824
372,9,0.534946
372,10,0.485880
372,11,0.521767
372,12,0.466824
372,13,0.521767
372,14,0.490375
372,15,0.441839
373,1,0.531294
373,2,0.457620
373,3,0.397650
373,4,0.519457
373,5,0.492966
373,6,0.470328
373,7,0.514107
373,8,0.574110
373,9,0.508587
373,10,0.471833
373,11,0.498768
373,12,0.472812
373,13,0.547988
373,14,0.464451
373,15,0.575973
374,1,0.438214
374,2,0.534946
374,3,0.475608
374,4,0.526170
374,5,0.466824
374,6,0.501209
374,7,0.547242
374,8,0.547988
374,9,0.488479
374,10,0.486128
374,11,0.541212
374,12,0.522927
374,13,0.471671
374,14,0.467425
374,15,0.485581
375,1,0.492659
375,2,0.456480
375,3,0.466824
375,4,0.311119
375,5,0.477873
375,6,0.471671
375,7,0.574110
375,8,0.547988
375,9,0.545566
375,10,0.493080
375,11,0.217294
375,12,0.504507
375,13,0.463495
375,14,0.524980
375,15,0.469356
376,1,0.476958
376,2,0.471671
376,3,0.432130
376,4,0.306039
376,5,0.512167
376,6,0.490375
376,7,0.471671
376,8,0.489181
376,9,0.547242
376,10,0.480650
376,11,0.548001
376,12,0.457267
376,13,0.459058
376,14,0.527284
376,15,0.521258
377,1,0.534008
377,2,0.522955
377,3,0.515102
377,4,0.380913
377,5,0.481201
377,6,0.434589
377,7,0.467425
377,8,0.574110
377,9,0.471671
377,10,0.547988
377,11,0.504507
377,12,0.487403
377,13,0.521133
377,14,0.541953
377,15,0.520477
378,1,0.471671
378,2,0.457129
378,3,0.495545
378,4,0.534016
378,5,0.492464
378,6,0.314447
378,7,0.501209
378,8,0.513183
378,9,0.467425
378,10,0.524980
378,11,0.534946
378,12,0.512959
378,13,0.434589
378,14,0.492297
378,15,0.547988
379,1,0.474816
379,2,0.536737
379,3,0.467064
379,4,0.485829
379,5,0.575785
379,6,0.520477
379,7,0.481201
379,8,0.504744
379,9,0.452359
379,10,0.490635
379,11,0.448507
379,12,0.543977
379,13,0.252061
379,14,0.535561
379,15,0.522955
380,1,0.434589
380,2,0.485880
380,3,0.434589
380,4,0.489181
380,5,0.534377
380,6,0.464786
380,7,0.503017
380,8,0.492131
380,9,0.434589
380,10,0.456919
380,11,0.534946
380,12,0.457093
380,13,0.548411
380,14,0.457081
380,15,0.547988
381,1,0.467926
381,2,0.519867
381,3,0.522955
381,4,0.498659
381,5,0.463437
381,6,0.521767
381,7,0.548001
381,8,0.574110
381,9,0.521767
381,10,0.521767
381,11,0.457129
381,12,0.479895
381,13,0.434589
381,14,0.473956
381,15,0.520477
382,1,0.445474
382,2,0.437005
382,3,0.534946
382,4,0.457093
382,5,0.506117
382,6,0.540733
382,7,0.547988
382,8,0.521767
382,9,0.485880
382,10,0.481201
382,11,0.520324
382,12,0.475249
382,13,0.495545
382,14,0.508753
382,15,0.499515
383,1,0.535561
383,2,0.463993
383,3,0.345645
383,4,0.503427
383,5,0.469548
383,6,0.497469
383,7,0.526170
383,8,0.461831
383,9,0.464335
383,10,0.574110
383,11,0.463993
383,12,0.524980
383,13,0.438229
383,14,0.469356
383,15,0.434589
384,1,0.492966
384,2,0.438229
384,3,0.574110
384,4,0.515290
384,5,0.542738
384,6,0.456813
384,7,0.520477
384,8,0.458415
384,9,0.534108
384,10,0.523507
384,11,0.575973
384,12,0.542738
384,13,0.575973
384,14,0.473956
384,15,0.539444
385,1,0.531294
385,2,0.520813
385,3,0.574110
385,4,0.534946
385,5,0.467425
385,6,0.535561
385,7,0.521767
385,8,0.397650
385,9,0.564999
385,10,0.533120
385,11,0.529871
385,12,0.534946
385,13,0.457267
385,14,0.547172
385,15,0.456475
386,1,0.472792
386,2,0.464451
386,3,0.471671
386,4,0.434589
386,5,0.464451
386,6,0.542436
386,7,0.534377
386,8,0.438214
386,9,0.502593
386,10,0.531294
386,11,0.534946
386,12,0.460637
386,13,0.434589
386,14,0.457129
386,15,0.505564
387,1,0.537823
387,2,0.434589
387,3,0.486746
387,4,0.500261
387,5,0.535561
387,6,0.460763
387,7,0.461727
387,8,0.000000
387,9,0.454104
387,10,0.492131
387,11,0.442137
387,12,0.434589
387,13,0.489005
387,14,0.471671
387,15,0.521767
388,1,0.508753
388,2,0.487095
388,3,0.564999
388,4,0.481201
388,5,0.524980
388,6,0.436940
388,7,0.549036
388,8,0.512390
388,9,0.492297
388,10,0.500261
388,11,0.380913
388,12,0.471671
388,13,0.448893
388,14,0.503017
388,15,0.512167
389,1,0.439679
389,2,0.549865
389,3,0.521716
389,4,0.475782
389,5,0.456480
389,6,0.364186
389,7,0.434589
389,8,0.524980
389,9,0.531294
389,10,0.493109
389,11,0.547988
389,12,0.466824
389,13,0.456480
389,14,0.486746
389,15,0.534946
390,1,0.485880
390,2,0.520477
390,3,0.515290
390,4,0.464006
390,5,0.506117
390,6,0.521767
390,7,0.456475
390,8,0.459058
390,9,0.434589
390,10,0.520477
390,11,0.531294
390,12,0.521767
390,13,0.504123
390,14,0.485581
390,15,0.466824
391,1,0.480839
391,2,0.530367
391,3,0.534946
391,4,0.492464
391,5,0.472792
391,6,0.519184
391,7,0.485880
391,8,0.523507
391,9,0.536939
391,10,0.481201
391,11,0.521767
391,12,0.481201
391,13,0.492464
391,14,0.467425
391,15,0.442102
392,1,0.473956
392,2,0.492297
392,3,0.486746
392,4,0.529648
392,5,0.445859
392,6,0.495783
392,7,0.508587
392,8,0.521122
392,9,0.438229
392,10,0.489005
392,11,0.460637
392,12,0.541848
392,13,0.314447
392,14,0.456480
392,15,0.434589
393,1,0.534946
393,2,0.531294
393,3,0.489181
393,4,0.468327
393,5,0.508587
393,6,0.471050
393,7,0.314447
393,8,0.514107
393,9,0.520477
393,10,0.547988
393,11,0.467425
393,12,0.532649
393,13,0.482941
393,14,0.342360
393,15,0.520477
394,1,0.456475
394,2,0.555926
394,3,0.531294
394,4,0.397650
394,5,0.458896
394,6,0.000000
394,7,0.534946
394,8,0.512959
394,9,0.471671
394,10,0.469548
394,11,0.432130
394,12,0.513402
394,13,0.458617
394,14,0.532807
394,15,0.504352
395,1,0.434589
395,2,0.520477
395,3,0.458301
395,4,0.306039
395,5,0.489446
395,6,0.494176
395,7,0.536737
395,8,0.531294
395,9,0.530507
395,10,0.574110
395,11,0.574110
395,12,0.529648
395,13,0.489005
395,14,0.523507
395,15,0.545086
396,1,0.534082
396,2,0.531294
396,3,0.488714
396,4,0.531294
396,5,0.434589
396,6,0.492966
396,7,0.534946
396,8,0.531294
396,9,0.466824
396,10,0.479455
396,11,0.434589
396,12,0.489005
396,13,0.458386
396,14,0.254376
396,15,0.500495
397,1,0.311617
397,2,0.497013
397,3,0.434589
397,4,0.492464
397,5,0.306039
397,6,0.342360
397,7,0.535561
397,8,0.445859
397,9,0.547988
397,10,0.454104
397,11,0.512167
397,12,0.458415
397,13,0.495783
397,14,0.489306
397,15,0.574110
398,1,0.521767
398,2,0.482488
398,3,0.485266
398,4,0.524980
398,5,0.485880
398,6,0.467425
398,7,0.468373
398,8,0.492746
398,9,0.457456
398,10,0.311617
398,11,0.478606
398,12,0.549036
398,13,0.481201
398,14,0.490059
398,15,0.554100
399,1,0.576623
399,2,0.495545
399,3,0.515102
399,4,0.574110
399,5,0.466824
399,6,0.521767
399,7,0.510413
399,8,0.529648
399,9,0.472171
399,10,0.457129
399,11,0.501209
399,12,0.460019
399,13,0.535135
399,14,0.574110
399,15,0.467425
400,1,0.532649
400,2,0.485880
400,3,0.534377
400,4,0.520813
400,5,0.534946
400,6,0.521767
400,7,0.465280
400,8,0.345645
400,9,0.502593
400,10,0.560633
400,11,0.519457
400,12,0.457267
400,13,0.524811
400,14,0.311617
400,15,0.485581
401,1,0.442102
401,2,0.506369
401,3,0.471671
401,4,0.495783
401,5,0.531300
401,6,0.466824
401,7,0.489446
401,8,0.574110
401,9,0.574110
401,10,0.445859
401,11,0.456480
401,12,0.461048
401,13,0.537823
401,14,0.314447
401,15,0.434589
402,1,0.471671
402,2,0.453269
402,3,0.450901
402,4,0.463495
402,5,0.217294
402,6,0.508753
402,7,0.504498
402,8,0.441839
402,9,0.479455
402,10,0.461727
402,11,0.341987
402,12,0.000000
402,13,0.484252
402,14,0.314447
402,15,0.311617
403,1,0.574110
403,2,0.521767
403,3,0.471671
403,4,0.502867
403,5,0.488714
403,6,0.527474
403,7,0.519457
403,8,0.482941
403,9,0.311617
403,10,0.434589
403,11,0.515290
403,12,0.438214
403,13,0.574110
403,14,0.512167
403,15,0.504123
404,1,0.478468
404,2,0.455982
404,3,0.495783
404,4,0.574110
404,5,0.521767
404,6,0.434589
404,7,0.443065
404,8,0.458896
404,9,0.520477
404,10,0.457129
404,11,0.547988
404,12,0.397650
404,13,0.537488
404,14,0.543716
404,15,0.526637
405,1,0.521767
405,2,0.434589
405,3,0.474816
405,4,0.546563
405,5,0.566955
405,6,0.464451
405,7,0.534518
405,8,0.576623
405,9,0.541848
405,10,0.459411
405,11,0.533704
405,12,0.478695
405,13,0.471671
405,14,0.487095
405,15,0.547988
406,1,0.463993
406,2,0.314447
406,3,0.476909
406,4,0.474250
406,5,0.466679
406,6,0.470750
406,7,0.534082
406,8,0.549036
406,9,0.495545
406,10,0.547988
406,11,0.456642
406,12,0.434589
406,13,0.468373
406,14,0.503427
406,15,0.531294
407,1,0.493214
407,2,0.456480
407,3,0.574110
407,4,0.479353
407,5,0.312904
407,6,0.520477
407,7,0.547172
407,8,0.468157
407,9,0.501733
407,10,0.555304
407,11,0.457620
407,12,0.445859
407,13,0.521767
407,14,0.508753
407,15,0.442102
408,1,0.469548
408,2,0.489767
408,3,0.475559
408,4,0.471671
408,5,0.534946
408,6,0.488479
408,7,0.466824
408,8,0.311119
408,9,0.574110
408,10,0.481201
408,11,0.480839
408,12,0.547988
408,13,0.495545
408,14,0.465280
408,15,0.513297
409,1,0.481201
409,2,0.473996
409,3,0.574110
409,4,0.512167
409,5,0.520477
409,6,0.508587
409,7,0.529648
409,8,0.492464
409,9,0.523217
409,10,0.472792
409,11,0.480960
409,12,0.217294
409,13,0.522701
409,14,0.544948
409,15,0.521767
410,1,0.531294
410,2,0.479521
410,3,0.533704
410,4,0.436940
410,5,0.521767
410,6,0.482822
410,7,0.495783
410,8,0.460637
410,9,0.469548
410,10,0.508587
410,11,0.467425
410,12,0.522986
410,13,0.460019
410,14,0.468327
410,15,0.485581
411,1,0.510721
411,2,0.468327
411,3,0.476958
411,4,0.466824
411,5,0.534108
411,6,0.474816
411,7,0.522515
411,8,0.461727
411,9,0.217294
411,10,0.479455
411,11,0.531294
411,12,0.520813
411,13,0.489181
411,14,0.522955
411,15,0.456475
412,1,0.376411
412,2,0.470337
412,3,0.520477
412,4,0.520477
412,5,0.534946
412,6,0.497922
412,7,0.520477
412,8,0.521767
412,9,0.485880
412,10,0.549676
412,11,0.500261
412,12,0.574110
412,13,0.459310
412,14,0.466679
412,15,0.515290
413,1,0.559329
413,2,0.549865
413,3,0.481201
413,4,0.519867
413,5,0.547988
413,6,0.495783
413,7,0.397650
413,8,0.533808
413,9,0.481201
413,10,0.455982
413,11,0.475972
413,12,0.337390
413,13,0.481252
413,14,0.547988
413,15,0.574110
414,1,0.479353
414,2,0.574110
414,3,0.495545
414,4,0.481555
414,5,0.482488
414,6,0.476958
414,7,0.529648
414,8,0.521767
414,9,0.436940
414,10,0.531294
414,11,0.463993
414,12,0.503427
414,13,0.458896
414,14,0.378267
414,15,0.311119
415,1,0.534946
415,2,0.486746
415,3,0.548001
415,4,0.520477
415,5,0.495545
415,6,0.521767
415,7,0.471671
415,8,0.521767
415,9,0.508587
415,10,0.520477
415,11,0.472792
415,12,0.489591
415,13,0.523507
415,14,0.539444
415,15,0.585922
416,1,0.519457
416,2,0.522955
416,3,0.500261
416,4,0.574110
416,5,0.443065
416,6,0.541848
416,7,0.467425
416,8,0.447332
416,9,0.531294
416,10,0.488479
416,11,0.492966
416,12,0.548001
416,13,0.464451
416,14,0.555926
416,15,0.522955
417,1,0.482488
417,2,0.476958
417,3,0.521767
417,4,0.492966
417,5,0.488352
417,6,0.438214
417,7,0.452673
417,8,0.434589
417,9,0.510413
417,10,0.438214
417,11,0.484252
417,12,0.434589
417,13,0.438229
417,14,0.542292
417,15,0.549036
418,1,0.434589
418,2,0.493478
418,3,0.495783
418,4,0.460637
418,5,0.542906
418,6,0.314447
418,7,0.527474
418,8,0.510413
418,9,0.576623
418,10,0.575785
418,11,0.520477
418,12,0.490210
418,13,0.542738
418,14,0.442102
418,15,0.513942
419,1,0.544361
419,2,0.457767
419,3,0.488667
419,4,0.508587
419,5,0.521767
419,6,0.458765
419,7,0.476909
419,8,0.548126
419,9,0.466824
419,10,0.358405
419,11,0.534108
419,12,0.564999
419,13,0.467425
419,14,0.547988
419,15,0.467425
420,1,0.494365
420,2,0.536737
420,3,0.535135
420,4,0.505408
420,5,0.497922
420,6,0.492464
420,7,0.464451
420,8,0.579701
420,9,0.534946
420,10,0.457093
420,11,0.505564
420,12,0.542738
420,13,0.314447
420,14,0.520074
420,15,0.459310
421,1,0.436940
421,2,0.522927
421,3,0.529795
421,4,0.534090
421,5,0.467425
421,6,0.469692
421,7,0.289726
421,8,0.502593
421,9,0.545566
421,10,0.488542
421,11,0.543977
421,12,0.545566
421,13,0.493109
421,14,0.546364
421,15,0.541848
422,1,0.465280
422,2,0.534108
422,3,0.521767
422,4,0.526170
422,5,0.434589
422,6,0.457129
422,7,0.314447
422,8,0.507999
422,9,0.504507
422,10,0.524980
422,11,0.489005
422,12,0.522955
422,13,0.489181
422,14,0.468327
422,15,0.534946
423,1,0.489306
423,2,0.542399
423,3,0.535135
423,4,0.531294
423,5,0.547988
423,6,0.482941
423,7,0.000000
423,8,0.503119
423,9,0.478695
423,10,0.547988
423,11,0.574110
423,12,0.519457
423,13,0.493556
423,14,0.523217
423,15,0.467064
424,1,0.532649
424,2,0.466824
424,3,0.527474
424,4,0.457620
424,5,0.499515
424,6,0.485880
424,7,0.529648
424,8,0.464451
424,9,0.520477
424,10,0.531294
424,11,0.520813
424,12,0.547988
424,13,0.467425
424,14,0.489313
424,15,0.458746
425,1,0.314447
425,2,0.521122
425,3,0.459058
425,4,0.492464
425,5,0.576905
425,6,0.441839
425,7,0.548001
425,8,0.466824
425,9,0.515668
425,10,0.523217
425,11,0.460637
425,12,0.530222
425,13,0.548001
425,14,0.434589
425,15,0.574110
426,1,0.534946
426,2,0.522955
426,3,0.459411
426,4,0.549865
426,5,0.521767
426,6,0.466824
426,7,0.521767
426,8,0.499364
426,9,0.463993
426,10,0.534108
426,11,0.471671
426,12,0.534946
426,13,0.471671
426,14,0.439245
426,15,0.471833
427,1,0.489313
427,2,0.521767
427,3,0.490001
427,4,0.464246
427,5,0.504507
427,6,0.524980
427,7,0.492464
427,8,0.548001
427,9,0.531300
427,10,0.486746
427,11,0.564999
427,12,0.521122
427,13,0.380913
427,14,0.520477
427,15,0.533704
428,1,0.530367
428,2,0.521767
428,3,0.531294
428,4,0.457620
428,5,0.464451
428,6,0.311617
428,7,0.314447
428,8,0.520791
428,9,0.441839
428,10,0.505564
428,11,0.549676
428,12,0.574110
428,13,0.534946
428,14,0.488479
428,15,0.534946
429,1,0.473956
429,2,0.533704
429,3,0.471833
429,4,0.524980
429,5,0.486746
429,6,0.479347
429,7,0.337390
429,8,0.511032
429,9,0.547430
429,10,0.467425
429,11,0.493786
429,12,0.461727
429,13,0.466679
429,14,0.445859
429,15,0.522701
430,1,0.521767
430,2,0.485880
430,3,0.547988
430,4,0.506026
430,5,0.520477
430,6,0.531294
430,7,0.467425
430,8,0.500261
430,9,0.535561
430,10,0.530507
430,11,0.492464
430,12,0.534946
430,13,0.574110
430,14,0.466824
430,15,0.534108
431,1,0.482941
431,2,0.503017
431,3,0.489181
431,4,0.446717
431,5,0.466824
431,6,0.515789
431,7,0.485880
431,8,0.471671
431,9,0.467425
431,10,0.434589
431,11,0.534946
431,12,0.466824
431,13,0.574110
431,14,0.436940
431,15,0.000000
432,1,0.504507
432,2,0.574110
432,3,0.456480
432,4,0.466824
432,5,0.471671
432,6,0.434589
432,7,0.485880
432,8,0.434589
432,9,0.521767
432,10,0.531294
432,11,0.492131
432,12,0.471671
432,13,0.512167
432,14,0.464451
432,15,0.434589
433,1,0.471671
433,2,0.531294
433,3,0.471833
433,4,0.521767
433,5,0.438229
433,6,0.547988
433,7,0.520477
433,8,0.481201
433,9,0.445859
433,10,0.530507
433,11,0.466824
433,12,0.217294
433,13,0.314447
433,14,0.289726
433,15,0.517317
434,1,0.522955
434,2,0.485880
434,3,0.523507
434,4,0.469356
434,5,0.524980
434,6,0.490375
434,7,0.471671
434,8,0.466679
434,9,0.487095
434,10,0.471671
434,11,0.491157
434,12,0.526170
434,13,0.458765
434,14,0.501209
434,15,0.524299
435,1,0.555304
435,2,0.500261
435,3,0.494365
435,4,0.535414
435,5,0.540988
435,6,0.467425
435,7,0.547988
435,8,0.547988
435,9,0.519457
435,10,0.442102
435,11,0.505564
435,12,0.547988
435,13,0.506026
435,14,0.471951
435,15,0.520477
436,1,0.521767
436,2,0.464451
436,3,0.533120
436,4,0.449943
436,5,0.458091
436,6,0.512390
436,7,0.478695
436,8,0.511077
436,9,0.515668
436,10,0.460637
436,11,0.535135
436,12,0.439418
436,13,0.539444
436,14,0.254376
436,15,0.547988
437,1,0.466824
437,2,0.459310
437,3,0.521767
437,4,0.511308
437,5,0.519583
437,6,0.535135
437,7,0.574110
437,8,0.506026
437,9,0.535135
437,10,0.492297
437,11,0.467425
437,12,0.479353
437,13,0.523217
437,14,0.462244
437,15,0.534377
438,1,0.492966
438,2,0.547988
438,3,0.506026
438,4,0.534471
438,5,0.553959
438,6,0.538777
438,7,0.533443
438,8,0.466487
438,9,0.458765
438,10,0.471671
438,11,0.489005
438,12,0.542906
438,13,0.217294
438,14,0.314447
438,15,0.543019
439,1,0.574110
439,2,0.494256
439,3,0.547988
439,4,0.479353
439,5,0.493922
439,6,0.437275
439,7,0.530507
439,8,0.508753
439,9,0.495783
439,10,0.436940
439,11,0.521767
439,12,0.508587
439,13,0.538777
439,14,0.471671
439,15,0.477873
440,1,0.470750
440,2,0.289726
440,3,0.419837
440,4,0.460637
440,5,0.471671
440,6,0.468038
440,7,0.482253
440,8,0.479866
440,9,0.492966
440,10,0.456642
440,11,0.548411
440,12,0.481802
440,13,0.463993
440,14,0.506117
440,15,0.481201
441,1,0.488714
441,2,0.535561
441,3,0.492966
441,4,0.530507
441,5,0.526170
441,6,0.470513
441,7,0.485880
441,8,0.461727
441,9,0.434589
441,10,0.496877
441,11,0.535135
441,12,0.481802
441,13,0.547988
441,14,0.473956
441,15,0.534090
442,1,0.529627
442,2,0.526170
442,3,0.508753
442,4,0.574110
442,5,0.467425
442,6,0.471671
442,7,0.446717
442,8,0.471811
442,9,0.249384
442,10,0.503119
442,11,0.471833
442,12,0.470337
442,13,0.460860
442,14,0.434589
442,15,0.451389
443,1,0.503017
443,2,0.564999
443,3,0.311617
443,4,0.524834
443,5,0.535135
443,6,0.475608
443,7,0.585922
443,8,0.543716
443,9,0.481201
443,10,0.441442
443,11,0.539444
443,12,0.574110
443,13,0.534946
443,14,0.531300
443,15,0.534946
444,1,0.506026
444,2,0.506102
444,3,0.547988
444,4,0.456642
444,5,0.513402
444,6,0.493080
444,7,0.547172
444,8,0.508124
444,9,0.452819
444,10,0.501733
444,11,0.530507
444,12,0.456480
444,13,0.473996
444,14,0.458765
444,15,0.477873
445,1,0.521767
445,2,0.492966
445,3,0.458415
445,4,0.534108
445,5,0.521767
445,6,0.476148
445,7,0.314447
445,8,0.311119
445,9,0.506117
445,10,0.492966
445,11,0.521767
445,12,0.470513
445,13,0.480839
445,14,0.479521
445,15,0.522257
446,1,0.468890
446,2,0.484252
446,3,0.495545
446,4,0.466824
446,5,0.476831
446,6,0.534946
446,7,0.508587
446,8,0.475296
446,9,0.454104
446,10,0.481201
446,11,0.484200
446,12,0.547242
446,13,0.541848
446,14,0.482488
446,15,0.506085
447,1,0.519867
447,2,0.474180
447,3,0.547988
447,4,0.466824
447,5,0.358405
447,6,0.479866
447,7,0.521767
447,8,0.492464
447,9,0.434589
447,10,0.428541
447,11,0.549865
447,12,0.461727
447,13,0.520791
447,14,0.534946
447,15,0.520477
448,1,0.521767
448,2,0.452709
448,3,0.520791
448,4,0.521767
448,5,0.520477
448,6,0.504507
448,7,0.547988
448,8,0.458765
448,9,0.530507
448,10,0.547988
448,11,0.489005
448,12,0.519583
448,13,0.530367
448,14,0.434589
448,15,0.521767
449,1,0.466824
449,2,0.527474
449,3,0.530367
449,4,0.479347
449,5,0.498527
449,6,0.540733
449,7,0.531294
449,8,0.508124
449,9,0.504507
449,10,0.520477
449,11,0.523217
449,12,0.523217
449,13,0.534946
449,14,0.508587
449,15,0.531294
450,1,0.445859
450,2,0.524527
450,3,0.535135
450,4,0.547988
450,5,0.438229
450,6,0.526170
450,7,0.492966
450,8,0.471671
450,9,0.530507
450,10,0.508587
450,11,0.541848
450,12,0.314447
450,13,0.333010
450,14,0.475219
450,15,0.535561
451,1,0.445859
451,2,0.481201
451,3,0.460654
451,4,0.545566
451,5,0.512167
451,6,0.459058
451,7,0.460637
451,8,0.520477
451,9,0.459058
451,10,0.493080
451,11,0.549865
451,12,0.461727
451,13,0.498527
451,14,0.532305
451,15,0.371365
452,1,0.527474
452,2,0.508124
452,3,0.548001
452,4,0.489306
452,5,0.471671
452,6,0.475608
452,7,0.341987
452,8,0.480236
452,9,0.534377
452,10,0.495444
452,11,0.459058
452,12,0.490059
452,13,0.508753
452,14,0.547988
452,15,0.481201
453,1,0.524980
453,2,0.457129
453,3,0.515102
453,4,0.457767
453,5,0.457129
453,6,0.485581
453,7,0.457129
453,8,0.574110
453,9,0.471671
453,10,0.547988
453,11,0.463495
453,12,0.515668
453,13,0.489181
453,14,0.535135
453,15,0.466824
454,1,0.521767
454,2,0.486746
454,3,0.546623
454,4,0.495545
454,5,0.471671
454,6,0.474816
454,7,0.249384
454,8,0.434589
454,9,0.446717
454,10,0.542738
454,11,0.547988
454,12,0.493080
454,13,0.312904
454,14,0.511032
454,15,0.504352
455,1,0.434589
455,2,0.434589
455,3,0.521767
455,4,0.436940
455,5,0.545086
455,6,0.533704
455,7,0.469548
455,8,0.439245
455,9,0.461727
455,10,0.527474
455,11,0.574110
455,12,0.471671
455,13,0.504498
455,14,0.523730
455,15,0.579701
456,1,0.457129
456,2,0.484252
456,3,0.574110
456,4,0.467425
456,5,0.547988
456,6,0.466824
456,7,0.534108
456,8,0.553959
456,9,0.521122
456,10,0.492131
456,11,0.521122
456,12,0.442633
456,13,0.566955
456,14,0.543716
456,15,0.472792
457,1,0.515668
457,2,0.533704
457,3,0.521767
457,4,0.486746
457,5,0.459310
457,6,0.477873
457,7,0.506677
457,8,0.534946
457,9,0.481802
457,10,0.470750
457,11,0.493297
457,12,0.495783
457,13,0.457267
457,14,0.536618
457,15,0.559329
458,1,0.574110
458,2,0.481201
458,3,0.535561
458,4,0.481802
458,5,0.508587
458,6,0.520813
458,7,0.470328
458,8,0.217294
458,9,0.507999
458,10,0.471360
458,11,0.513297
458,12,0.522927
458,13,0.529627
458,14,0.250131
458,15,0.548411
459,1,0.442102
459,2,0.521767
459,3,0.479353
459,4,0.536737
459,5,0.521767
459,6,0.526170
459,7,0.536505
459,8,0.521767
459,9,0.515102
459,10,0.457129
459,11,0.531294
459,12,0.531294
459,13,0.534946
459,14,0.521767
459,15,0.512167
460,1,0.492966
460,2,0.574110
460,3,0.574110
460,4,0.534946
460,5,0.471671
460,6,0.476949
460,7,0.543153
460,8,0.468327
460,9,0.473996
460,10,0.511173
460,11,0.553959
460,12,0.495783
460,13,0.468327
460,14,0.473996
460,15,0.485581
461,1,0.466679
461,2,0.500261
461,3,0.531294
461,4,0.456480
461,5,0.506272
461,6,0.534377
461,7,0.547988
461,8,0.521767
461,9,0.520477
461,10,0.519457
461,11,0.460145
461,12,0.534946
461,13,0.456480
461,14,0.489313
461,15,0.461727
462,1,0.534946
462,2,0.521767
462,3,0.545566
462,4,0.534946
462,5,0.445859
462,6,0.311617
462,7,0.364186
462,8,0.505564
462,9,0.456480
462,10,0.485581
462,11,0.489591
462,12,0.541848
462,13,0.471671
462,14,0.504498
462,15,0.520477
463,1,0.508587
463,2,0.549676
463,3,0.535135
463,4,0.442102
463,5,0.464246
463,6,0.542292
463,7,0.547988
463,8,0.434589
463,9,0.521767
463,10,0.486746
463,11,0.531294
463,12,0.521767
463,13,0.380913
463,14,0.542292
463,15,0.467425
464,1,0.514309
464,2,0.458415
464,3,0.534946
464,4,0.522955
464,5,0.493080
464,6,0.289726
464,7,0.511528
464,8,0.434589
464,9,0.574110
464,10,0.520477
464,11,0.467425
464,12,0.431543
464,13,0.314447
464,14,0.499515
464,15,0.463495
465,1,0.499515
465,2,0.487403
465,3,0.438214
465,4,0.521767
465,5,0.574110
465,6,0.492966
465,7,0.533704
465,8,0.468890
465,9,0.503017
465,10,0.500261
465,11,0.535561
465,12,0.442102
465,13,0.497424
465,14,0.475183
465,15,0.482253
466,1,0.442102
466,2,0.314447
466,3,0.534946
466,4,0.522955
466,5,0.397650
466,6,0.529627
466,7,0.469356
466,8,0.574110
466,9,0.474816
466,10,0.549194
466,11,0.460637
466,12,0.533775
466,13,0.551058
466,14,0.559329
466,15,0.547988
467,1,0.481201
467,2,0.478555
467,3,0.453894
467,4,0.534946
467,5,0.475634
467,6,0.514107
467,7,0.475183
467,8,0.488926
467,9,0.522955
467,10,0.492966
467,11,0.534946
467,12,0.574110
467,13,0.495545
467,14,0.534946
467,15,0.519583
468,1,0.531294
468,2,0.471833
468,3,0.483348
468,4,0.488352
468,5,0.434589
468,6,0.467425
468,7,0.486746
468,8,0.537823
468,9,0.533120
468,10,0.508753
468,11,0.515290
468,12,0.564999
468,13,0.547988
468,14,0.397650
468,15,0.523507
469,1,0.534946
469,2,0.445859
469,3,0.314447
469,4,0.507999
469,5,0.520477
469,6,0.466824
469,7,0.497782
469,8,0.533230
469,9,0.574110
469,10,0.466824
469,11,0.314447
469,12,0.502593
469,13,0.547988
469,14,0.489181
469,15,0.534946
470,1,0.468327
470,2,0.524980
470,3,0.482488
470,4,0.497013
470,5,0.506026
470,6,0.522955
470,7,0.434589
470,8,0.454158
470,9,0.471671
470,10,0.521767
470,11,0.479353
470,12,0.434589
470,13,0.492966
470,14,0.459058
470,15,0.521767
471,1,0.526170
471,2,0.520497
471,3,0.466824
471,4,0.473797
471,5,0.492131
471,6,0.485880
471,7,0.461727
471,8,0.501209
471,9,0.457620
471,10,0.464451
471,11,0.495545
471,12,0.471671
471,13,0.484200
471,14,0.452359
471,15,0.500263
472,1,0.537823
472,2,0.360901
472,3,0.337390
472,4,0.520477
472,5,0.463241
472,6,0.506085
472,7,0.485581
472,8,0.444494
472,9,0.459058
472,10,0.446717
472,11,0.534471
472,12,0.468327
472,13,0.471671
472,14,0.484200
472,15,0.521767
473,1,0.482488
473,2,0.451025
473,3,0.466824
473,4,0.311119
473,5,0.502064
473,6,0.547988
473,7,0.492464
473,8,0.566955
473,9,0.471671
473,10,0.506677
473,11,0.461727
473,12,0.311119
473,13,0.314447
473,14,0.530507
473,15,0.482488
474,1,0.514309
474,2,0.456642
474,3,0.449476
474,4,0.397650
474,5,0.531294
474,6,0.434589
474,7,0.574110
474,8,0.464451
474,9,0.471671
474,10,0.527474
474,11,0.445859
474,12,0.474943
474,13,0.495444
474,14,0.486746
474,15,0.471833
475,1,0.466679
475,2,0.490059
475,3,0.543152
475,4,0.217294
475,5,0.504507
475,6,0.485880
475,7,0.523507
475,8,0.467425
475,9,0.492464
475,10,0.540733
475,11,0.527747
475,12,0.516929
475,13,0.549194
475,14,0.531294
475,15,0.494256
476,1,0.459058
476,2,0.463495
476,3,0.505564
476,4,0.495783
476,5,0.531294
476,6,0.574110
476,7,0.495783
476,8,0.456475
476,9,0.539444
476,10,0.534090
476,11,0.553959
476,12,0.449943
476,13,0.475183
476,14,0.524980
476,15,0.479353
477,1,0.549865
477,2,0.535135
477,3,0.466824
477,4,0.515668
477,5,0.530507
477,6,0.520477
477,7,0.466824
477,8,0.314447
477,9,0.501209
477,10,0.520477
477,11,0.574110
477,12,0.459310
477,13,0.453269
477,14,0.504507
477,15,0.535561
478,1,0.475183
478,2,0.473996
478,3,0.481201
478,4,0.485880
478,5,0.471671
478,6,0.490059
478,7,0.560633
478,8,0.467425
478,9,0.524980
478,10,0.504123
478,11,0.486746
478,12,0.461244
478,13,0.548001
478,14,0.545566
478,15,0.520813
479,1,0.467425
479,2,0.531294
479,3,0.434589
479,4,0.504507
479,5,0.506272
479,6,0.523507
479,7,0.535843
479,8,0.459058
479,9,0.574110
479,10,0.485880
479,11,0.461727
479,12,0.507823
479,13,0.579701
479,14,0.438214
479,15,0.547988
480,1,0.531294
480,2,0.466824
480,3,0.534108
480,4,0.471671
480,5,0.466679
480,6,0.492297
480,7,0.547988
480,8,0.508587
480,9,0.434589
480,10,0.479353
480,11,0.536499
480,12,0.576623
480,13,0.512167
480,14,0.492297
480,15,0.521767
481,1,0.495311
481,2,0.547988
481,3,0.545566
481,4,0.547988
481,5,0.493109
481,6,0.531294
481,7,0.530367
481,8,0.547988
481,9,0.521767
481,10,0.536737
481,11,0.492297
481,12,0.539444
481,13,0.530507
481,14,0.504123
481,15,0.434589
482,1,0.524980
482,2,0.526170
482,3,0.531294
482,4,0.520477
482,5,0.547172
482,6,0.443065
482,7,0.458896
482,8,0.256701
482,9,0.479866
482,10,0.481802
482,11,0.461048
482,12,0.535135
482,13,0.574110
482,14,0.466824
482,15,0.464246
483,1,0.314447
483,2,0.515668
483,3,0.472792
483,4,0.492464
483,5,0.523217
483,6,0.464451
483,7,0.531975
483,8,0.536737
483,9,0.471671
483,10,0.574110
483,11,0.574110
483,12,0.478695
483,13,0.314447
483,14,0.434589
483,15,0.547988
484,1,0.533120
484,2,0.442102
484,3,0.464246
484,4,0.481201
484,5,0.463495
484,6,0.506117
484,7,0.576905
484,8,0.575785
484,9,0.531294
484,10,0.449943
484,11,0.455982
484,12,0.521767
484,13,0.574110
484,14,0.463993
484,15,0.520477
485,1,0.523217
485,2,0.466824
485,3,0.250131
485,4,0.505338
485,5,0.530367
485,6,0.457456
485,7,0.534946
485,8,0.471671
485,9,0.480839
485,10,0.473956
485,11,0.456480
485,12,0.497013
485,13,0.434589
485,14,0.479866
485,15,0.456475
486,1,0.508753
486,2,0.486746
486,3,0.582009
486,4,0.217294
486,5,0.521767
486,6,0.508587
486,7,0.547242
486,8,0.521767
486,9,0.506743
486,10,0.471671
486,11,0.521767
486,12,0.520477
486,13,0.547172
486,14,0.492297
486,15,0.314447
487,1,0.506117
487,2,0.534946
487,3,0.486746
487,4,0.471671
487,5,0.534946
487,6,0.489306
487,7,0.454942
487,8,0.250131
487,9,0.508183
487,10,0.512167
487,11,0.474816
487,12,0.520477
487,13,0.521767
487,14,0.504507
487,15,0.475972
488,1,0.434589
488,2,0.337107
488,3,0.534946
488,4,0.522955
488,5,0.457607
488,6,0.452355
488,7,0.506026
488,8,0.537648
488,9,0.533299
488,10,0.526170
488,11,0.380913
488,12,0.547430
488,13,0.438214
488,14,0.501733
488,15,0.460637
489,1,0.579136
489,2,0.519457
489,3,0.489315
489,4,0.471671
489,5,0.397650
489,6,0.537488
489,7,0.534946
489,8,0.508587
489,9,0.521767
489,10,0.436940
489,11,0.534325
489,12,0.460145
489,13,0.533299
489,14,0.306039
489,15,0.498768
490,1,0.530507
490,2,0.434589
490,3,0.471671
490,4,0.464451
490,5,0.481201
490,6,0.478468
490,7,0.469548
490,8,0.519867
490,9,0.547988
490,10,0.460637
490,11,0.520813
490,12,0.547988
490,13,0.443065
490,14,0.441839
490,15,0.503119
491,1,0.492320
491,2,0.445859
491,3,0.534946
491,4,0.519457
491,5,0.471671
491,6,0.456480
491,7,0.520477
491,8,0.458415
491,9,0.358405
491,10,0.315997
491,11,0.289726
491,12,0.454104
491,13,0.434589
491,14,0.531294
491,15,0.485880
492,1,0.519457
492,2,0.574110
492,3,0.481201
492,4,0.487403
492,5,0.468327
492,6,0.524980
492,7,0.520477
492,8,0.462244
492,9,0.548126
492,10,0.574110
492,11,0.458765
492,12,0.505564
492,13,0.540988
492,14,0.306039
492,15,0.534946
493,1,0.531294
493,2,0.445859
493,3,0.311617
493,4,0.256701
493,5,0.547988
493,6,0.443065
493,7,0.574110
493,8,0.574110
493,9,0.479353
493,10,0.547988
493,11,0.478695
493,12,0.535561
493,13,0.520477
493,14,0.531474
493,15,0.472792
494,1,0.547988
494,2,0.493080
494,3,0.534946
494,4,0.485880
494,5,0.437005
494,6,0.534946
494,7,0.466824
494,8,0.497782
494,9,0.536737
494,10,0.457093
494,11,0.434589
494,12,0.481201
494,13,0.515290
494,14,0.534946
494,15,0.471671
495,1,0.534946
495,2,0.540846
495,3,0.521122
495,4,0.485880
495,5,0.534946
495,6,0.457267
495,7,0.534177
495,8,0.533443
495,9,0.526170
495,10,0.520477
495,11,0.521767
495,12,0.520477
495,13,0.472792
495,14,0.428541
495,15,0.520477
496,1,0.458415
496,2,0.547988
496,3,0.466824
496,4,0.314447
496,5,0.521767
496,6,0.492966
496,7,0.474816
496,8,0.000000
496,9,0.492966
496,10,0.531294
496,11,0.520477
496,12,0.534946
496,13,0.520477
496,14,0.521767
496,15,0.473956
497,1,0.523217
497,2,0.478695
497,3,0.314447
497,4,0.217294
497,5,0.434589
497,6,0.508587
497,7,0.467425
497,8,0.531294
497,9,0.490456
497,10,0.434589
497,11,0.471671
497,12,0.547988
497,13,0.466824
497,14,0.510893
497,15,0.560633
498,1,0.520477
498,2,0.442102
498,3,0.521767
498,4,0.529648
498,5,0.462019
498,6,0.535561
498,7,0.520477
498,8,0.548001
498,9,0.493556
498,10,0.524121
498,11,0.472434
498,12,0.471671
498,13,0.466679
498,14,0.455998
498,15,0.545086
499,1,0.523217
499,2,0.515290
499,3,0.553959
499,4,0.534946
499,5,0.466824
499,6,0.531294
499,7,0.494256
499,8,0.504123
499,9,0.492297
499,10,0.520477
499,11,0.467425
499,12,0.506272
499,13,0.522955
499,14,0.519583
499,15,0.464594
500,1,0.471671
500,2,0.527474
500,3,0.434589
500,4,0.531294
500,5,0.466824
500,6,0.311119
500,7,0.373641
500,8,0.466679
500,9,0.474816
500,10,0.522515
500,11,0.510413
500,12,0.471050
500,13,0.524980
500,14,0.436940
500,15,0.521122
501,1,0.493834
501,2,0.543152
501,3,0.434589
501,4,0.460637
501,5,0.522955
501,6,0.481555
501,7,0.472792
501,8,0.497013
501,9,0.466824
501,10,0.548001
501,11,0.493703
501,12,0.543152
501,13,0.520477
501,14,0.458301
501,15,0.493297
502,1,0.460637
502,2,0.508753
502,3,0.432130
502,4,0.459058
502,5,0.439245
502,6,0.548001
502,7,0.522955
502,8,0.531294
502,9,0.486128
502,10,0.461727
502,11,0.373641
502,12,0.524980
502,13,0.526170
502,14,0.574110
502,15,0.493109
503,1,0.520651
503,2,0.521767
503,3,0.442102
503,4,0.521767
503,5,0.533120
503,6,0.471833
503,7,0.477949
503,8,0.574110
503,9,0.475183
503,10,0.520791
503,11,0.461727
503,12,0.495545
503,13,0.526170
503,14,0.506026
503,15,0.471671
504,1,0.466679
504,2,0.455982
504,3,0.534946
504,4,0.531294
504,5,0.481201
504,6,0.467425
504,7,0.471671
504,8,0.380913
504,9,0.521767
504,10,0.466824
504,11,0.534946
504,12,0.457267
504,13,0.445859
504,14,0.500261
504,15,0.472833
505,1,0.445859
505,2,0.342360
505,3,0.535561
505,4,0.397650
505,5,0.456475
505,6,0.342360
505,7,0.497469
505,8,0.457129
505,9,0.436940
505,10,0.492966
505,11,0.574110
505,12,0.493080
505,13,0.549865
505,14,0.500261
505,15,0.472833
506,1,0.460860
506,2,0.535561
506,3,0.456475
506,4,0.343325
506,5,0.547988
506,6,0.488714
506,7,0.506117
506,8,0.471671
506,9,0.434589
506,10,0.508587
506,11,0.492131
506,12,0.492464
506,13,0.464451
506,14,0.495545
506,15,0.471671
507,1,0.481201
507,2,0.574110
507,3,0.520477
507,4,0.534946
507,5,0.460763
507,6,0.471833
507,7,0.471671
507,8,0.477873
507,9,0.507879
507,10,0.480650
507,11,0.531210
507,12,0.473956
507,13,0.531474
507,14,0.492464
507,15,0.555304
508,1,0.452359
508,2,0.477873
508,3,0.527474
508,4,0.454711
508,5,0.498527
508,6,0.554100
508,7,0.542906
508,8,0.566955
508,9,0.531294
508,10,0.442102
508,11,0.504507
508,12,0.547988
508,13,0.547988
508,14,0.466824
508,15,0.311617
509,1,0.471671
509,2,0.483348
509,3,0.474816
509,4,0.522515
509,5,0.471671
509,6,0.485880
509,7,0.520477
509,8,0.457129
509,9,0.360901
509,10,0.504735
509,11,0.471671
509,12,0.466824
509,13,0.314447
509,14,0.508960
509,15,0.448507
510,1,0.533808
510,2,0.553959
510,3,0.520477
510,4,0.510413
510,5,0.481201
510,6,0.466679
510,7,0.463993
510,8,0.520477
510,9,0.530507
510,10,0.494842
510,11,0.511180
510,12,0.521063
510,13,0.449943
510,14,0.521767
510,15,0.488479
511,1,0.512167
511,2,0.494540
511,3,0.482941
511,4,0.311119
511,5,0.534946
511,6,0.522955
511,7,0.495783
511,8,0.534946
511,9,0.436940
511,10,0.521063
511,11,0.466824
511,12,0.501209
511,13,0.537823
511,14,0.500261
511,15,0.574110
512,1,0.445859
512,2,0.494256
512,3,0.574110
512,4,0.493080
512,5,0.533120
512,6,0.574110
512,7,0.520477
512,8,0.574110
512,9,0.489181
512,10,0.466824
512,11,0.474943
512,12,0.461727
512,13,0.503017
512,14,0.464335
512,15,0.479866
513,1,0.532657
513,2,0.460145
513,3,0.520477
513,4,0.534946
513,5,0.520477
513,6,0.462019
513,7,0.341987
513,8,0.508960
513,9,0.469842
513,10,0.341987
513,11,0.311285
513,12,0.534108
513,13,0.542738
513,14,0.306039
513,15,0.497782
514,1,0.576905
514,2,0.520477
514,3,0.547988
514,4,0.547988
514,5,0.519457
514,6,0.547988
514,7,0.519457
514,8,0.489306
514,9,0.555785
514,10,0.542640
514,11,0.546088
514,12,0.471671
514,13,0.508960
514,14,0.536737
514,15,0.512959
515,1,0.486746
515,2,0.488479
515,3,0.456698
515,4,0.241763
515,5,0.500834
515,6,0.466824
515,7,0.514107
515,8,0.461727
515,9,0.521767
515,10,0.482488
515,11,0.506677
515,12,0.520813
515,13,0.521767
515,14,0.464451
515,15,0.531294
516,1,0.457456
516,2,0.515668
516,3,0.460637
516,4,0.462522
516,5,0.506677
516,6,0.441839
516,7,0.481201
516,8,0.535561
516,9,0.545566
516,10,0.467425
516,11,0.461048
516,12,0.574110
516,13,0.530507
516,14,0.526170
516,15,0.526170
517,1,0.494842
517,2,0.474079
517,3,0.466679
517,4,0.499515
517,5,0.485880
517,6,0.534946
517,7,0.468327
517,8,0.501971
517,9,0.466824
517,10,0.454104
517,11,0.475296
517,12,0.516911
517,13,0.530367
517,14,0.456698
517,15,0.539533
518,1,0.456475
518,2,0.523217
518,3,0.480723
518,4,0.536499
518,5,0.547988
518,6,0.474816
518,7,0.551058
518,8,0.576623
518,9,0.492131
518,10,0.457456
518,11,0.531294
518,12,0.474180
518,13,0.250131
518,14,0.522701
518,15,0.533299
519,1,0.312904
519,2,0.517317
519,3,0.532657
519,4,0.468327
519,5,0.508587
519,6,0.456480
519,7,0.501971
519,8,0.526170
519,9,0.489181
519,10,0.508753
519,11,0.466679
519,12,0.521767
519,13,0.526170
519,14,0.380913
519,15,0.536737
520,1,0.574110
520,2,0.520477
520,3,0.472792
520,4,0.432130
520,5,0.523217
520,6,0.456480
520,7,0.464451
520,8,0.554100
520,9,0.523507
520,10,0.574110
520,11,0.495545
520,12,0.574110
520,13,0.474816
520,14,0.576905
520,15,0.547988
521,1,0.531294
521,2,0.471833
521,3,0.467695
521,4,0.314996
521,5,0.513402
521,6,0.574110
521,7,0.493109
521,8,0.289726
521,9,0.217294
521,10,0.337107
521,11,0.516911
521,12,0.445859
521,13,0.534946
521,14,0.547988
521,15,0.463993
522,1,0.513297
522,2,0.526637
522,3,0.533704
522,4,0.512390
522,5,0.526170
522,6,0.526170
522,7,0.520651
522,8,0.457456
522,9,0.479895
522,10,0.536737
522,11,0.445859
522,12,0.456319
522,13,0.523217
522,14,0.442102
522,15,0.574110
523,1,0.434589
523,2,0.467425
523,3,0.524980
523,4,0.440213
523,5,0.542292
523,6,0.494540
523,7,0.574110
523,8,0.475608
523,9,0.524811
523,10,0.524121
523,11,0.523730
523,12,0.314447
523,13,0.521767
523,14,0.519457
523,15,0.479353
524,1,0.472792
524,2,0.547988
524,3,0.492131
524,4,0.457081
524,5,0.547988
524,6,0.467425
524,7,0.468373
524,8,0.488479
524,9,0.397650
524,10,0.434589
524,11,0.521767
524,12,0.547988
524,13,0.464451
524,14,0.519457
524,15,0.574110
525,1,0.456480
525,2,0.464451
525,3,0.521767
525,4,0.442102
525,5,0.505564
525,6,0.564999
525,7,0.521767
525,8,0.457767
525,9,0.547988
525,10,0.531294
525,11,0.492632
525,12,0.534946
525,13,0.497922
525,14,0.473956
525,15,0.521321
526,1,0.559329
526,2,0.521767
526,3,0.380913
526,4,0.531294
526,5,0.468157
526,6,0.524834
526,7,0.553959
526,8,0.452359
526,9,0.481046
526,10,0.523217
526,11,0.459058
526,12,0.489446
526,13,0.456480
526,14,0.489591
526,15,0.461727
527,1,0.467425
527,2,0.445859
527,3,0.467425
527,4,0.466824
527,5,0.467425
527,6,0.520074
527,7,0.314447
527,8,0.434589
527,9,0.505765
527,10,0.467425
527,11,0.468373
527,12,0.535561
527,13,0.486746
527,14,0.574110
527,15,0.493109
528,1,0.554100
528,2,0.521767
528,3,0.521767
528,4,0.466824
528,5,0.217294
528,6,0.513297
528,7,0.537742
528,8,0.492966
528,9,0.574110
528,10,0.492464
528,11,0.534518
528,12,0.461244
528,13,0.531210
528,14,0.496160
528,15,0.547988
529,1,0.442102
529,2,0.314447
529,3,0.358405
529,4,0.467132
529,5,0.530367
529,6,0.481201
529,7,0.515668
529,8,0.490210
529,9,0.542640
529,10,0.314447
529,11,0.502593
529,12,0.471671
529,13,0.477873
529,14,0.524980
529,15,0.466824
530,1,0.311119
530,2,0.574110
530,3,0.471671
530,4,0.515668
530,5,0.496995
530,6,0.506990
530,7,0.542028
530,8,0.481802
530,9,0.524980
530,10,0.471671
530,11,0.506677
530,12,0.547242
530,13,0.434589
530,14,0.521767
530,15,0.520477
531,1,0.472792
531,2,0.473996
531,3,0.458765
531,4,0.535561
531,5,0.534946
531,6,0.471671
531,7,0.442102
531,8,0.534946
531,9,0.489181
531,10,0.539966
531,11,0.529648
531,12,0.491894
531,13,0.468373
531,14,0.378267
531,15,0.476463
532,1,0.508753
532,2,0.442102
532,3,0.547988
532,4,0.521122
532,5,0.477751
532,6,0.471671
532,7,0.547988
532,8,0.471671
532,9,0.487095
532,10,0.520640
532,11,0.520477
532,12,0.489181
532,13,0.535135
532,14,0.520477
532,15,0.493834
533,1,0.521767
533,2,0.515290
533,3,0.574110
533,4,0.473956
533,5,0.534946
533,6,0.531300
533,7,0.434589
533,8,0.526170
533,9,0.536737
533,10,0.574110
533,11,0.469548
533,12,0.464451
533,13,0.250131
533,14,0.492746
533,15,0.492320
534,1,0.490456
534,2,0.434589
534,3,0.506369
534,4,0.469548
534,5,0.445859
534,6,0.540239
534,7,0.521122
534,8,0.466824
534,9,0.510893
534,10,0.585922
534,11,0.544361
534,12,0.520651
534,13,0.530367
534,14,0.547988
534,15,0.492131
535,1,0.482941
535,2,0.289726
535,3,0.217294
535,4,0.314447
535,5,0.467052
535,6,0.513402
535,7,0.472833
535,8,0.492659
535,9,0.482925
535,10,0.547988
535,11,0.463993
535,12,0.501793
535,13,0.516929
535,14,0.523217
535,15,0.547988
536,1,0.436940
536,2,0.531294
536,3,0.457456
536,4,0.488311
536,5,0.547988
536,6,0.574110
536,7,0.520477
536,8,0.513993
536,9,0.492297
536,10,0.467425
536,11,0.434589
536,12,0.508587
536,13,0.471050
536,14,0.340718
536,15,0.515668
537,1,0.446717
537,2,0.434589
537,3,0.492131
537,4,0.506102
537,5,0.513183
537,6,0.574110
537,7,0.460637
537,8,0.442102
537,9,0.505765
537,10,0.449943
537,11,0.485386
537,12,0.531294
537,13,0.434589
537,14,0.445859
537,15,0.478606
538,1,0.467425
538,2,0.488479
538,3,0.460429
538,4,0.468327
538,5,0.511077
538,6,0.490059
538,7,0.434589
538,8,0.508587
538,9,0.461727
538,10,0.515668
538,11,0.493109
538,12,0.531294
538,13,0.486625
538,14,0.534946
538,15,0.520477
539,1,0.485880
539,2,0.475296
539,3,0.507823
539,4,0.467425
539,5,0.466824
539,6,0.534946
539,7,0.547988
539,8,0.473956
539,9,0.336338
539,10,0.311119
539,11,0.466679
539,12,0.490059
539,13,0.530605
539,14,0.585922
539,15,0.521767
540,1,0.494256
540,2,0.547988
540,3,0.574110
540,4,0.481201
540,5,0.463495
540,6,0.520477
540,7,0.472792
540,8,0.463495
540,9,0.289726
540,10,0.456480
540,11,0.497013
540,12,0.489306
540,13,0.519583
540,14,0.468327
540,15,0.466824
541,1,0.518717
541,2,0.536737
541,3,0.471671
541,4,0.467052
541,5,0.463495
541,6,0.501209
541,7,0.505408
541,8,0.480960
541,9,0.536737
541,10,0.457129
541,11,0.507999
541,12,0.542738
541,13,0.560633
541,14,0.531294
541,15,0.481201
542,1,0.432130
542,2,0.533704
542,3,0.534946
542,4,0.547988
542,5,0.463993
542,6,0.289726
542,7,0.514107
542,8,0.553959
542,9,0.547988
542,10,0.534946
542,11,0.492297
542,12,0.468327
542,13,0.471671
542,14,0.527474
542,15,0.464451
543,1,0.543716
543,2,0.314447
543,3,0.477873
543,4,0.518923
543,5,0.458765
543,6,0.520791
543,7,0.467425
543,8,0.524980
543,9,0.471671
543,10,0.456269
543,11,0.516911
543,12,0.521716
543,13,0.445474
543,14,0.508753
543,15,0.516911
544,1,0.574110
544,2,0.547988
544,3,0.467425
544,4,0.471671
544,5,0.463495
544,6,0.476909
544,7,0.559329
544,8,0.534090
544,9,0.534946
544,10,0.479948
544,11,0.469356
544,12,0.524980
544,13,0.547988
544,14,0.574110
544,15,0.475183
545,1,0.314447
545,2,0.467471
545,3,0.531294
545,4,0.548001
545,5,0.531300
545,6,0.495311
545,7,0.526170
545,8,0.485880
545,9,0.483618
545,10,0.503017
545,11,0.471050
545,12,0.574110
545,13,0.436940
545,14,0.574110
545,15,0.520477
546,1,0.520477
546,2,0.464451
546,3,0.566955
546,4,0.566955
546,5,0.531294
546,6,0.457308
546,7,0.521122
546,8,0.482488
546,9,0.481053
546,10,0.574110
546,11,0.548001
546,12,0.522955
546,13,0.434589
546,14,0.534946
546,15,0.574110
547,1,0.446717
547,2,0.438214
547,3,0.531294
547,4,0.547988
547,5,0.481201
547,6,0.497013
547,7,0.471671
547,8,0.466679
547,9,0.456475
547,10,0.531294
547,11,0.493080
547,12,0.496331
547,13,0.445859
547,14,0.481201
547,15,0.456269
548,1,0.520074
548,2,0.471671
548,3,0.464451
548,4,0.477873
548,5,0.574110
548,6,0.471671
548,7,0.471671
548,8,0.480839
548,9,0.445859
548,10,0.506117
548,11,0.521767
548,12,0.474816
548,13,0.360901
548,14,0.520791
548,15,0.456480
549,1,0.531294
549,2,0.485880
549,3,0.541848
549,4,0.535414
549,5,0.496160
549,6,0.468327
549,7,0.531294
549,8,0.485880
549,9,0.574110
549,10,0.534946
549,11,0.520477
549,12,0.474816
549,13,0.547988
549,14,0.508441
549,15,0.506990
550,1,0.529648
550,2,0.489181
550,3,0.481201
550,4,0.463495
550,5,0.358405
550,6,0.520477
550,7,0.521767
550,8,0.506438
550,9,0.397650
550,10,0.545566
550,11,0.456475
550,12,0.543716
550,13,0.554100
550,14,0.540988
550,15,0.533704
551,1,0.521767
551,2,0.464451
551,3,0.434589
551,4,0.456480
551,5,0.434589
551,6,0.458765
551,7,0.495783
551,8,0.457267
551,9,0.520477
551,10,0.466824
551,11,0.526441
551,12,0.534946
551,13,0.460763
551,14,0.534946
551,15,0.475608
552,1,0.510413
552,2,0.542738
552,3,0.520477
552,4,0.471671
552,5,0.468038
552,6,0.470750
552,7,0.574110
552,8,0.489181
552,9,0.529648
552,10,0.500261
552,11,0.489591
552,12,0.468327
552,13,0.574110
552,14,0.547988
552,15,0.493109
553,1,0.534946
553,2,0.446717
553,3,0.553959
553,4,0.452359
553,5,0.311119
553,6,0.518717
553,7,0.466824
553,8,0.515668
553,9,0.521122
553,10,0.434589
553,11,0.547988
553,12,0.481201
553,13,0.468373
553,14,0.533428
553,15,0.457093
554,1,0.472833
554,2,0.463495
554,3,0.514107
554,4,0.456480
554,5,0.511077
554,6,0.464451
554,7,0.547988
554,8,0.494256
554,9,0.531294
554,10,0.520477
554,11,0.508587
554,12,0.544948
554,13,0.500261
554,14,0.531294
554,15,0.457620
555,1,0.488479
555,2,0.457129
555,3,0.514107
555,4,0.521767
555,5,0.574110
555,6,0.445859
555,7,0.500261
555,8,0.480960
555,9,0.534518
555,10,0.457620
555,11,0.531376
555,12,0.434589
555,13,0.471671
555,14,0.476949
555,15,0.533704
556,1,0.547988
556,2,0.574110
556,3,0.464451
556,4,0.314447
556,5,0.527474
556,6,0.521767
556,7,0.479353
556,8,0.535178
556,9,0.504123
556,10,0.466824
556,11,0.509747
556,12,0.504123
556,13,0.485581
556,14,0.473996
556,15,0.445859
557,1,0.520074
557,2,0.547988
557,3,0.508753
557,4,0.466824
557,5,0.534946
557,6,0.522955
557,7,0.397650
557,8,0.521133
557,9,0.540988
557,10,0.574110
557,11,0.459310
557,12,0.534946
557,13,0.547988
557,14,0.531294
557,15,0.534946
558,1,0.574110
558,2,0.485880
558,3,0.520477
558,4,0.574110
558,5,0.481201
558,6,0.492659
558,7,0.490375
558,8,0.461727
558,9,0.456480
558,10,0.434589
558,11,0.574110
558,12,0.482941
558,13,0.483348
558,14,0.494540
558,15,0.468327
559,1,0.473956
559,2,0.547988
559,3,0.574110
559,4,0.495783
559,5,0.574110
559,6,0.463993
559,7,0.473996
559,8,0.458765
559,9,0.520477
559,10,0.521767
559,11,0.466824
559,12,0.467425
559,13,0.432268
559,14,0.375638
559,15,0.547988
560,1,0.534946
560,2,0.475634
560,3,0.535561
560,4,0.547988
560,5,0.436940
560,6,0.250131
560,7,0.547988
560,8,0.512167
560,9,0.471671
560,10,0.480839
560,11,0.530367
560,12,0.437275
560,13,0.354594
560,14,0.501971
560,15,0.467836
561,1,0.535561
561,2,0.531294
561,3,0.438229
561,4,0.531294
561,5,0.547988
561,6,0.474816
561,7,0.534946
561,8,0.521767
561,9,0.486746
561,10,0.534946
561,11,0.535135
561,12,0.486746
561,13,0.457620
561,14,0.521767
561,15,0.466824
562,1,0.534108
562,2,0.542323
562,3,0.542640
562,4,0.554100
562,5,0.564999
562,6,0.481201
562,7,0.457129
562,8,0.481201
562,9,0.535561
562,10,0.489306
562,11,0.521767
562,12,0.511308
562,13,0.459310
562,14,0.547988
562,15,0.534946
563,1,0.443065
563,2,0.441839
563,3,0.471671
563,4,0.490059
563,5,0.521767
563,6,0.481201
563,7,0.520477
563,8,0.478695
563,9,0.501733
563,10,0.521767
563,11,0.457607
563,12,0.473996
563,13,0.485880
563,14,0.461727
563,15,0.507999
564,1,0.481201
564,2,0.506677
564,3,0.576623
564,4,0.534377
564,5,0.564999
564,6,0.456480
564,7,0.492966
564,8,0.463993
564,9,0.434589
564,10,0.466824
564,11,0.574110
564,12,0.456475
564,13,0.536737
564,14,0.531294
564,15,0.508124
565,1,0.531294
565,2,0.464451
565,3,0.217294
565,4,0.492966
565,5,0.521767
565,6,0.492464
565,7,0.554100
565,8,0.461727
565,9,0.507999
565,10,0.521133
565,11,0.559329
565,12,0.547988
565,13,0.521767
565,14,0.466824
565,15,0.477873
566,1,0.478468
566,2,0.527474
566,3,0.530367
566,4,0.574110
566,5,0.466824
566,6,0.521767
566,7,0.465280
566,8,0.375638
566,9,0.508409
566,10,0.488479
566,11,0.460019
566,12,0.545566
566,13,0.495783
566,14,0.497922
566,15,0.531294
567,1,0.492464
567,2,0.471671
567,3,0.515290
567,4,0.534946
567,5,0.485880
567,6,0.458896
567,7,0.314447
567,8,0.506117
567,9,0.534946
567,10,0.473956
567,11,0.531294
567,12,0.397650
567,13,0.456480
567,14,0.574110
567,15,0.456480
568,1,0.456857
568,2,0.531294
568,3,0.489181
568,4,0.521767
568,5,0.481555
568,6,0.547988
568,7,0.464451
568,8,0.314447
568,9,0.521767
568,10,0.493080
568,11,0.434589
568,12,0.463993
568,13,0.471671
568,14,0.574110
568,15,0.463993
569,1,0.434589
569,2,0.520477
569,3,0.508753
569,4,0.515668
569,5,0.474816
569,6,0.560633
569,7,0.547430
569,8,0.481201
569,9,0.458501
569,10,0.520813
569,11,0.574110
569,12,0.471671
569,13,0.534946
569,14,0.522955
569,15,0.492297
570,1,0.481201
570,2,0.434589
570,3,0.519457
570,4,0.574110
570,5,0.574110
570,6,0.466824
570,7,0.311119
570,8,0.548001
570,9,0.520477
570,10,0.474816
570,11,0.574110
570,12,0.466824
570,13,0.497782
570,14,0.289726
570,15,0.314447
571,1,0.534946
571,2,0.547988
571,3,0.481201
571,4,0.466679
571,5,0.445859
571,6,0.534108
571,7,0.534377
571,8,0.467425
571,9,0.492966
571,10,0.494540
571,11,0.445859
571,12,0.484252
571,13,0.543716
571,14,0.555304
571,15,0.461727
572,1,0.527474
572,2,0.495783
572,3,0.466824
572,4,0.500186
572,5,0.545086
572,6,0.495783
572,7,0.481802
572,8,0.473996
572,9,0.461048
572,10,0.559329
572,11,0.529648
572,12,0.439679
572,13,0.549036
572,14,0.534946
572,15,0.473956
573,1,0.443065
573,2,0.574110
573,3,0.445859
573,4,0.314447
573,5,0.250131
573,6,0.360901
573,7,0.477873
573,8,0.533428
573,9,0.481802
573,10,0.456269
573,11,0.534108
573,12,0.547988
573,13,0.474816
573,14,0.482488
573,15,0.458501
574,1,0.512959
574,2,0.493834
574,3,0.544118
574,4,0.535723
574,5,0.472434
574,6,0.445859
574,7,0.521767
574,8,0.526170
574,9,0.466824
574,10,0.311617
574,11,0.478606
574,12,0.306039
574,13,0.474943
574,14,0.522955
574,15,0.456480
575,1,0.515290
575,2,0.541848
575,3,0.526170
575,4,0.448507
575,5,0.471951
575,6,0.529648
575,7,0.492131
575,8,0.522955
575,9,0.520477
575,10,0.521767
575,11,0.574110
575,12,0.380913
575,13,0.434589
575,14,0.531294
575,15,0.505655
576,1,0.446717
576,2,0.453270
576,3,0.340718
576,4,0.574110
576,5,0.520477
576,6,0.521063
576,7,0.492320
576,8,0.520477
576,9,0.489181
576,10,0.471671
576,11,0.488714
576,12,0.361690
576,13,0.000000
576,14,0.217294
576,15,0.522701
577,1,0.483618
577,2,0.498527
577,3,0.534325
577,4,0.520477
577,5,0.458415
577,6,0.373641
577,7,0.517321
577,8,0.502064
577,9,0.457129
577,10,0.574110
577,11,0.534946
577,12,0.481201
577,13,0.463495
577,14,0.521767
577,15,0.471671
578,1,0.515668
578,2,0.521767
578,3,0.574110
578,4,0.574110
578,5,0.466824
578,6,0.574110
578,7,0.469548
578,8,0.482253
578,9,0.445859
578,10,0.501971
578,11,0.534946
578,12,0.547988
578,13,0.466824
578,14,0.515668
578,15,0.450901
579,1,0.476949
579,2,0.579701
579,3,0.575785
579,4,0.547988
579,5,0.466824
579,6,0.501209
579,7,0.471671
579,8,0.526441
579,9,0.473126
579,10,0.469692
579,11,0.517321
579,12,0.457456
579,13,0.527474
579,14,0.521767
579,15,0.515102
580,1,0.466824
580,2,0.477873
580,3,0.464451
580,4,0.534946
580,5,0.519457
580,6,0.512167
580,7,0.492131
580,8,0.457620
580,9,0.521767
580,10,0.504123
580,11,0.485880
580,12,0.521767
580,13,0.438229
580,14,0.482488
580,15,0.466824
581,1,0.574110
581,2,0.534946
581,3,0.445859
581,4,0.534946
581,5,0.521767
581,6,0.466824
581,7,0.477873
581,8,0.463495
581,9,0.498527
581,10,0.549036
581,11,0.461727
581,12,0.497782
581,13,0.535414
581,14,0.522955
581,15,0.536737
582,1,0.468327
582,2,0.534946
582,3,0.445859
582,4,0.314447
582,5,0.311119
582,6,0.534946
582,7,0.531294
582,8,0.467425
582,9,0.533428
582,10,0.495545
582,11,0.456475
582,12,0.542292
582,13,0.585922
582,14,0.574110
582,15,0.574110
583,1,0.481201
583,2,0.506677
583,3,0.521767
583,4,0.515102
583,5,0.500261
583,6,0.520477
583,7,0.521767
583,8,0.574110
583,9,0.521767
583,10,0.500261
583,11,0.447332
583,12,0.547988
583,13,0.548001
583,14,0.457267
583,15,0.536737
584,1,0.466824
584,2,0.520791
584,3,0.582009
584,4,0.543716
584,5,0.543152
584,6,0.531294
584,7,0.505655
584,8,0.437005
584,9,0.534946
584,10,0.502064
584,11,0.476958
584,12,0.471671
584,13,0.467425
584,14,0.574110
584,15,0.489005
585,1,0.537648
585,2,0.434589
585,3,0.547988
585,4,0.520477
585,5,0.534946
585,6,0.529648
585,7,0.492131
585,8,0.457456
585,9,0.492966
585,10,0.462244
585,11,0.542738
585,12,0.549865
585,13,0.454942
585,14,0.457178
585,15,0.498659
586,1,0.483527
586,2,0.456642
586,3,0.344483
586,4,0.217294
586,5,0.521767
586,6,0.482488
586,7,0.535561
586,8,0.464451
586,9,0.574110
586,10,0.438229
586,11,0.311617
586,12,0.514309
586,13,0.458415
586,14,0.311617
586,15,0.500261
587,1,0.524980
587,2,0.457129
587,3,0.314447
587,4,0.311119
587,5,0.311119
587,6,0.531294
587,7,0.469548
587,8,0.508960
587,9,0.520477
587,10,0.523217
587,11,0.464451
587,12,0.506026
587,13,0.468327
587,14,0.471671
587,15,0.484200
588,1,0.520813
588,2,0.458301
588,3,0.566955
588,4,0.471671
588,5,0.463495
588,6,0.467425
588,7,0.445859
588,8,0.574110
588,9,0.521767
588,10,0.473956
588,11,0.531975
588,12,0.536737
588,13,0.522955
588,14,0.508587
588,15,0.533299
589,1,0.534946
589,2,0.508587
589,3,0.471833
589,4,0.487403
589,5,0.542738
589,6,0.520477
589,7,0.483527
589,8,0.521767
589,9,0.521767
589,10,0.547988
589,11,0.471671
589,12,0.456480
589,13,0.476958
589,14,0.482488
589,15,0.468373
590,1,0.472833
590,2,0.524980
590,3,0.531294
590,4,0.479521
590,5,0.566955
590,6,0.531294
590,7,0.471671
590,8,0.463495
590,9,0.527474
590,10,0.442102
590,11,0.314447
590,12,0.469548
590,13,0.439245
590,14,0.574110
590,15,0.489005
591,1,0.437005
591,2,0.513297
591,3,0.513993
591,4,0.463993
591,5,0.535561
591,6,0.522955
591,7,0.459310
591,8,0.545566
591,9,0.489181
591,10,0.542738
591,11,0.545086
591,12,0.510413
591,13,0.471671
591,14,0.515668
591,15,0.547988
592,1,0.508587
592,2,0.471671
592,3,0.533120
592,4,0.445859
592,5,0.314447
592,6,0.513942
592,7,0.525140
592,8,0.538777
592,9,0.520477
592,10,0.458765
592,11,0.521767
592,12,0.471671
592,13,0.470750
592,14,0.217294
592,15,0.481201
593,1,0.469548
593,2,0.485266
593,3,0.524980
593,4,0.482488
593,5,0.492659
593,6,0.474079
593,7,0.547988
593,8,0.492464
593,9,0.534946
593,10,0.512167
593,11,0.462244
593,12,0.548001
593,13,0.467425
593,14,0.504735
593,15,0.529648
594,1,0.547988
594,2,0.520477
594,3,0.513993
594,4,0.534946
594,5,0.502064
594,6,0.574110
594,7,0.456642
594,8,0.508409
594,9,0.454942
594,10,0.507823
594,11,0.544118
594,12,0.520477
594,13,0.508753
594,14,0.495545
594,15,0.488479
595,1,0.456698
595,2,0.342360
595,3,0.535561
595,4,0.497922
595,5,0.470513
595,6,0.497469
595,7,0.520651
595,8,0.466824
595,9,0.311119
595,10,0.466679
595,11,0.463495
595,12,0.531294
595,13,0.521767
595,14,0.434589
595,15,0.500261
596,1,0.468373
596,2,0.547988
596,3,0.492464
596,4,0.000000
596,5,0.467425
596,6,0.473996
596,7,0.471671
596,8,0.574110
596,9,0.531294
596,10,0.530507
596,11,0.380913
596,12,0.543152
596,13,0.532807
596,14,0.513993
596,15,0.458415
597,1,0.534946
597,2,0.486746
597,3,0.534946
597,4,0.457267
597,5,0.534016
597,6,0.471671
597,7,0.490950
597,8,0.441839
597,9,0.250131
597,10,0.508409
597,11,0.521767
597,12,0.531294
597,13,0.534946
597,14,0.457129
597,15,0.520477
598,1,0.490210
598,2,0.564999
598,3,0.486746
598,4,0.521767
598,5,0.466824
598,6,0.497782
598,7,0.575973
598,8,0.495783
598,9,0.468327
598,10,0.434589
598,11,0.519457
598,12,0.479521
598,13,0.512167
598,14,0.574110
598,15,0.481201
599,1,0.498768
599,2,0.477949
599,3,0.466679
599,4,0.506677
599,5,0.434589
599,6,0.534946
599,7,0.464451
599,8,0.531294
599,9,0.467425
599,10,0.485880
599,11,0.466824
599,12,0.534946
599,13,0.460763
599,14,0.574110
599,15,0.436940
600,1,0.534946
600,2,0.481802
600,3,0.466679
600,4,0.512497
600,5,0.547988
600,6,0.475183
600,7,0.482253
600,8,0.463495
600,9,0.471671
600,10,0.534946
600,11,0.519457
600,12,0.508124
600,13,0.574110
600,14,0.436940
600,15,0.217294
601,1,0.521767
601,2,0.508587
601,3,0.549676
601,4,0.534946
601,5,0.466824
601,6,0.519457
601,7,0.442137
601,8,0.534946
601,9,0.492320
601,10,0.534946
601,11,0.522955
601,12,0.494842
601,13,0.314447
601,14,0.513297
601,15,0.472792
602,1,0.508587
602,2,0.447917
602,3,0.249384
602,4,0.467425
602,5,0.520477
602,6,0.462244
602,7,0.523730
602,8,0.473956
602,9,0.512167
602,10,0.574110
602,11,0.466824
602,12,0.508960
602,13,0.442102
602,14,0.500186
602,15,0.217294
603,1,0.513297
603,2,0.471671
603,3,0.473956
603,4,0.579701
603,5,0.475296
603,6,0.548001
603,7,0.531294
603,8,0.463993
603,9,0.533120
603,10,0.493214
603,11,0.534946
603,12,0.460763
603,13,0.492131
603,14,0.492966
603,15,0.489005
604,1,0.467425
604,2,0.482941
604,3,0.466679
604,4,0.446717
604,5,0.555879
604,6,0.535135
604,7,0.434589
604,8,0.530507
604,9,0.515102
604,10,0.526170
604,11,0.520477
604,12,0.536737
604,13,0.521767
604,14,0.461831
604,15,0.553959
605,1,0.534946
605,2,0.547988
605,3,0.534946
605,4,0.496160
605,5,0.505408
605,6,0.527474
605,7,0.520477
605,8,0.475183
605,9,0.547988
605,10,0.434589
605,11,0.547988
605,12,0.466824
605,13,0.534946
605,14,0.471671
605,15,0.477873
606,1,0.498768
606,2,0.534946
606,3,0.466824
606,4,0.520791
606,5,0.521767
606,6,0.508587
606,7,0.461727
606,8,0.358405
606,9,0.515668
606,10,0.486746
606,11,0.488479
606,12,0.467425
606,13,0.535561
606,14,0.469999
606,15,0.535561
607,1,0.475608
607,2,0.554100
607,3,0.434589
607,4,0.471671
607,5,0.547988
607,6,0.534946
607,7,0.466824
607,8,0.471671
607,9,0.547988
607,10,0.474816
607,11,0.554100
607,12,0.500261
607,13,0.445859
607,14,0.479895
607,15,0.534946
608,1,0.545566
608,2,0.500261
608,3,0.524980
608,4,0.520477
608,5,0.493834
608,6,0.533704
608,7,0.473956
608,8,0.521767
608,9,0.547988
608,10,0.508587
608,11,0.466824
608,12,0.574110
608,13,0.508587
608,14,0.541212
608,15,0.488479
609,1,0.437275
609,2,0.471671
609,3,0.466679
609,4,0.521767
609,5,0.481201
609,6,0.466679
609,7,0.547988
609,8,0.445859
609,9,0.503119
609,10,0.457620
609,11,0.520477
609,12,0.466824
609,13,0.456480
609,14,0.520477
609,15,0.513402
610,1,0.493095
610,2,0.314996
610,3,0.315997
610,4,0.524980
610,5,0.508753
610,6,0.534946
610,7,0.489306
610,8,0.438214
610,9,0.520477
610,10,0.458301
610,11,0.536737
610,12,0.489181
610,13,0.461727
610,14,0.574110
610,15,0.474816
611,1,0.536737
611,2,0.508587
611,3,0.547988
611,4,0.471671
611,5,0.487095
611,6,0.534946
611,7,0.492297
611,8,0.397650
611,9,0.553959
611,10,0.531294
611,11,0.488479
611,12,0.574110
611,13,0.510413
611,14,0.522955
611,15,0.531294
612,1,0.434589
612,2,0.493080
612,3,0.496331
612,4,0.489306
612,5,0.522955
612,6,0.434589
612,7,0.456475
612,8,0.523217
612,9,0.477751
612,10,0.566955
612,11,0.481201
612,12,0.465193
612,13,0.534946
612,14,0.471671
612,15,0.521767
613,1,0.521122
613,2,0.459058
613,3,0.466679
613,4,0.475183
613,5,0.513297
613,6,0.481201
613,7,0.520477
613,8,0.445474
613,9,0.438214
613,10,0.311617
613,11,0.492966
613,12,0.459058
613,13,0.530507
613,14,0.520477
613,15,0.547988
614,1,0.545566
614,2,0.456480
614,3,0.535561
614,4,0.466824
614,5,0.498768
614,6,0.397650
614,7,0.438214
614,8,0.503119
614,9,0.481802
614,10,0.517321
614,11,0.497922
614,12,0.520477
614,13,0.397650
614,14,0.547988
614,15,0.494256
615,1,0.485880
615,2,0.529648
615,3,0.547988
615,4,0.479353
615,5,0.535723
615,6,0.471671
615,7,0.547988
615,8,0.534946
615,9,0.479353
615,10,0.523324
615,11,0.507706
615,12,0.531294
615,13,0.508124
615,14,0.471671
615,15,0.531210
616,1,0.513183
616,2,0.488479
616,3,0.457456
616,4,0.314447
616,5,0.521767
616,6,0.536737
616,7,0.522955
616,8,0.481555
616,9,0.555304
616,10,0.534946
616,11,0.445859
616,12,0.520477
616,13,0.458301
616,14,0.534946
616,15,0.529648
617,1,0.471671
617,2,0.495545
617,3,0.461831
617,4,0.461244
617,5,0.521767
617,6,0.512167
617,7,0.526170
617,8,0.520477
617,9,0.457129
617,10,0.520477
617,11,0.467425
617,12,0.535561
617,13,0.485880
617,14,0.534946
617,15,0.478695
618,1,0.471671
618,2,0.469548
618,3,0.467695
618,4,0.311119
618,5,0.515668
618,6,0.442102
618,7,0.502593
618,8,0.566955
618,9,0.545566
618,10,0.471671
618,11,0.516911
618,12,0.472434
618,13,0.535561
618,14,0.496160
618,15,0.466824
619,1,0.515668
619,2,0.534325
619,3,0.457456
619,4,0.217294
619,5,0.459310
619,6,0.521767
619,7,0.480626
619,8,0.471671
619,9,0.521767
619,10,0.477751
619,11,0.314447
619,12,0.549194
619,13,0.481802
619,14,0.574110
619,15,0.521767
620,1,0.446717
620,2,0.531294
620,3,0.530367
620,4,0.482941
620,5,0.534946
620,6,0.471671
620,7,0.439245
620,8,0.534946
620,9,0.445859
620,10,0.495545
620,11,0.485880
620,12,0.519457
620,13,0.491357
620,14,0.543019
620,15,0.508124
621,1,0.549676
621,2,0.576623
621,3,0.521767
621,4,0.508753
621,5,0.521767
621,6,0.467836
621,7,0.511102
621,8,0.485880
621,9,0.500261
621,10,0.574110
621,11,0.521767
621,12,0.466824
621,13,0.502593
621,14,0.314447
621,15,0.501209
622,1,0.437005
622,2,0.534946
622,3,0.535135
622,4,0.504507
622,5,0.434589
622,6,0.434589
622,7,0.534946
622,8,0.492297
622,9,0.574110
622,10,0.478695
622,11,0.521767
622,12,0.529648
622,13,0.458415
622,14,0.498768
622,15,0.534946
623,1,0.492464
623,2,0.521063
623,3,0.464594
623,4,0.520477
623,5,0.508587
623,6,0.541848
623,7,0.534946
623,8,0.535135
623,9,0.434589
623,10,0.547988
623,11,0.485880
623,12,0.534946
623,13,0.475634
623,14,0.485581
623,15,0.485266
624,1,0.513402
624,2,0.466824
624,3,0.516911
624,4,0.530367
624,5,0.521767
624,6,0.489181
624,7,0.522955
624,8,0.482941
624,9,0.521767
624,10,0.522701
624,11,0.542323
624,12,0.531294
624,13,0.467425
624,14,0.506272
624,15,0.518965
625,1,0.574110
625,2,0.466824
625,3,0.467425
625,4,0.314447
625,5,0.534946
625,6,0.521767
625,7,0.495545
625,8,0.485880
625,9,0.461727
625,10,0.493604
625,11,0.457456
625,12,0.520477
625,13,0.452458
625,14,0.547988
625,15,0.510413
626,1,0.564999
626,2,0.475183
626,3,0.488926
626,4,0.535135
626,5,0.485880
626,6,0.540988
626,7,0.306039
626,8,0.547988
626,9,0.494256
626,10,0.534946
626,11,0.574110
626,12,0.466824
626,13,0.531294
626,14,0.471833
626,15,0.484200
627,1,0.471833
627,2,0.506677
627,3,0.438214
627,4,0.314447
627,5,0.311119
627,6,0.515668
627,7,0.547172
627,8,0.531294
627,9,0.471833
627,10,0.574110
627,11,0.397650
627,12,0.547242
627,13,0.494256
627,14,0.481593
627,15,0.217294
628,1,0.504507
628,2,0.524980
628,3,0.448507
628,4,0.521767
628,5,0.520477
628,6,0.445859
628,7,0.521767
628,8,0.466824
628,9,0.520791
628,10,0.520477
628,11,0.469548
628,12,0.484200
628,13,0.579136
628,14,0.542738
628,15,0.471671
629,1,0.476949
629,2,0.534016
629,3,0.492464
629,4,0.521767
629,5,0.520477
629,6,0.495783
629,7,0.486746
629,8,0.534946
629,9,0.489306
629,10,0.559329
629,11,0.543716
629,12,0.543400
629,13,0.541848
629,14,0.361866
629,15,0.473996
630,1,0.514309
630,2,0.506438
630,3,0.397650
630,4,0.458896
630,5,0.531294
630,6,0.531294
630,7,0.475183
630,8,0.529648
630,9,0.509792
630,10,0.531294
630,11,0.510703
630,12,0.471671
630,13,0.515668
630,14,0.467425
630,15,0.471671
631,1,0.495783
631,2,0.466824
631,3,0.510893
631,4,0.547172
631,5,0.532657
631,6,0.492632
631,7,0.513993
631,8,0.458415
631,9,0.467425
631,10,0.468373
631,11,0.535561
631,12,0.492464
631,13,0.533704
631,14,0.463993
631,15,0.535561
632,1,0.468327
632,2,0.534946
632,3,0.445859
632,4,0.501733
632,5,0.547988
632,6,0.574110
632,7,0.512167
632,8,0.520477
632,9,0.459058
632,10,0.547988
632,11,0.531294
632,12,0.481201
632,13,0.547988
632,14,0.445859
632,15,0.334984
633,1,0.375638
633,2,0.311119
633,3,0.530507
633,4,0.471671
633,5,0.516911
633,6,0.488542
633,7,0.539966
633,8,0.534518
633,9,0.535135
633,10,0.531300
633,11,0.434589
633,12,0.457129
633,13,0.000000
633,14,0.455889
633,15,0.548411
634,1,0.481802
634,2,0.497013
634,3,0.519583
634,4,0.521767
634,5,0.526170
634,6,0.547988
634,7,0.510413
634,8,0.454942
634,9,0.521767
634,10,0.520477
634,11,0.493109
634,12,0.526170
634,13,0.508753
634,14,0.508960
634,15,0.458415
635,1,0.311119
635,2,0.547988
635,3,0.574110
635,4,0.508587
635,5,0.461727
635,6,0.521767
635,7,0.520477
635,8,0.520477
635,9,0.445859
635,10,0.522701
635,11,0.520477
635,12,0.467425
635,13,0.464451
635,14,0.534946
635,15,0.492464
636,1,0.531294
636,2,0.457456
636,3,0.249384
636,4,0.547988
636,5,0.574110
636,6,0.520477
636,7,0.513993
636,8,0.445859
636,9,0.574110
636,10,0.397650
636,11,0.471671
636,12,0.534946
636,13,0.481802
636,14,0.456642
636,15,0.473996
637,1,0.471671
637,2,0.534946
637,3,0.457267
637,4,0.314447
637,5,0.534946
637,6,0.485880
637,7,0.461727
637,8,0.477873
637,9,0.434589
637,10,0.458765
637,11,0.527474
637,12,0.471833
637,13,0.480839
637,14,0.457620
637,15,0.472687
638,1,0.535561
638,2,0.479597
638,3,0.315997
638,4,0.509576
638,5,0.511102
638,6,0.508587
638,7,0.531294
638,8,0.489181
638,9,0.533775
638,10,0.555304
638,11,0.438214
638,12,0.434589
638,13,0.534946
638,14,0.481802
638,15,0.468373
639,1,0.472494
639,2,0.492464
639,3,0.534946
639,4,0.460637
639,5,0.522955
639,6,0.482488
639,7,0.466679
639,8,0.521767
639,9,0.515290
639,10,0.543383
639,11,0.534946
639,12,0.475634
639,13,0.217294
639,14,0.454104
639,15,0.530507
640,1,0.515290
640,2,0.541848
640,3,0.486746
640,4,0.481201
640,5,0.515668
640,6,0.397650
640,7,0.542738
640,8,0.542292
640,9,0.555304
640,10,0.521767
640,11,0.492464
640,12,0.481201
640,13,0.459927
640,14,0.485581
640,15,0.574110
641,1,0.521767
641,2,0.481555
641,3,0.371365
641,4,0.341987
641,5,0.547988
641,6,0.445859
641,7,0.314447
641,8,0.534946
641,9,0.446905
641,10,0.534946
641,11,0.547988
641,12,0.457129
641,13,0.514107
641,14,0.467425
641,15,0.464451
642,1,0.521321
642,2,0.530222
642,3,0.575973
642,4,0.508753
642,5,0.547988
642,6,0.514032
642,7,0.531294
642,8,0.534946
642,9,0.466824
642,10,0.520791
642,11,0.547988
642,12,0.574110
642,13,0.531294
642,14,0.508587
642,15,0.461727
643,1,0.514107
643,2,0.564999
643,3,0.531294
643,4,0.574110
643,5,0.489005
643,6,0.548126
643,7,0.492966
643,8,0.481201
643,9,0.494256
643,10,0.533704
643,11,0.521767
643,12,0.508587
643,13,0.559329
643,14,0.531294
643,15,0.436940
644,1,0.534946
644,2,0.475608
644,3,0.361866
644,4,0.482253
644,5,0.515290
644,6,0.534946
644,7,0.531294
644,8,0.463993
644,9,0.471671
644,10,0.490059
644,11,0.469548
644,12,0.432130
644,13,0.495545
644,14,0.508587
644,15,0.434589
645,1,0.456919
645,2,0.446717
645,3,0.496160
645,4,0.520477
645,5,0.523217
645,6,0.459058
645,7,0.456671
645,8,0.521767
645,9,0.466824
645,10,0.547988
645,11,0.521767
645,12,0.536737
645,13,0.492464
645,14,0.530605
645,15,0.545566
646,1,0.449943
646,2,0.479866
646,3,0.531294
646,4,0.445859
646,5,0.530507
646,6,0.574110
646,7,0.492131
646,8,0.534946
646,9,0.481201
646,10,0.455982
646,11,0.506677
646,12,0.521767
646,13,0.438229
646,14,0.000000
646,15,0.547988
647,1,0.494256
647,2,0.523217
647,3,0.471671
647,4,0.547988
647,5,0.515668
647,6,0.509792
647,7,0.441839
647,8,0.521122
647,9,0.465280
647,10,0.505564
647,11,0.534946
647,12,0.492320
647,13,0.535135
647,14,0.531294
647,15,0.492464
648,1,0.459058
648,2,0.521767
648,3,0.520651
648,4,0.531294
648,5,0.485880
648,6,0.508753
648,7,0.521767
648,8,0.482488
648,9,0.474816
648,10,0.547988
648,11,0.466824
648,12,0.520074
648,13,0.534946
648,14,0.466824
648,15,0.534946
649,1,0.495444
649,2,0.520651
649,3,0.531294
649,4,0.521767
649,5,0.574110
649,6,0.508587
649,7,0.579136
649,8,0.520477
649,9,0.466824
649,10,0.547988
649,11,0.494256
649,12,0.547988
649,13,0.434589
649,14,0.547988
649,15,0.481201
650,1,0.535561
650,2,0.471671
650,3,0.464451
650,4,0.554100
650,5,0.481201
650,6,0.547988
650,7,0.463993
650,8,0.535561
650,9,0.535135
650,10,0.535135
650,11,0.468327
650,12,0.494365
650,13,0.531294
650,14,0.481201
650,15,0.488926
651,1,0.547988
651,2,0.519457
651,3,0.397650
651,4,0.481201
651,5,0.478555
651,6,0.574110
651,7,0.534946
651,8,0.466824
651,9,0.434589
651,10,0.481201
651,11,0.489591
651,12,0.543977
651,13,0.504352
651,14,0.434589
651,15,0.520477
652,1,0.508587
652,2,0.434589
652,3,0.534946
652,4,0.466824
652,5,0.515668
652,6,0.495545
652,7,0.434589
652,8,0.471671
652,9,0.436940
652,10,0.547988
652,11,0.519457
652,12,0.520813
652,13,0.434589
652,14,0.495545
652,15,0.466824
653,1,0.499515
653,2,0.506677
653,3,0.452359
653,4,0.548001
653,5,0.519583
653,6,0.457456
653,7,0.467052
653,8,0.478555
653,9,0.545086
653,10,0.306039
653,11,0.508960
653,12,0.499364
653,13,0.485880
653,14,0.553959
653,15,0.520813
654,1,0.521767
654,2,0.492464
654,3,0.467425
654,4,0.471671
654,5,0.534946
654,6,0.508587
654,7,0.519457
654,8,0.520813
654,9,0.446717
654,10,0.542323
654,11,0.542738
654,12,0.547988
654,13,0.474816
654,14,0.311617
654,15,0.473996
655,1,0.479353
655,2,0.549036
655,3,0.534377
655,4,0.438214
655,5,0.254376
655,6,0.545566
655,7,0.530367
655,8,0.520477
655,9,0.534946
655,10,0.479353
655,11,0.471671
655,12,0.521767
655,13,0.445859
655,14,0.548001
655,15,0.547988
656,1,0.466824
656,2,0.521767
656,3,0.574110
656,4,0.521767
656,5,0.492464
656,6,0.534946
656,7,0.471671
656,8,0.504498
656,9,0.548126
656,10,0.534946
656,11,0.534946
656,12,0.466824
656,13,0.471671
656,14,0.533120
656,15,0.443065
657,1,0.521767
657,2,0.506743
657,3,0.534946
657,4,0.459310
657,5,0.478695
657,6,0.524980
657,7,0.471671
657,8,0.485386
657,9,0.489446
657,10,0.465280
657,11,0.217294
657,12,0.469548
657,13,0.478555
657,14,0.459058
657,15,0.529648
658,1,0.442102
658,2,0.512167
658,3,0.459058
658,4,0.547988
658,5,0.521767
658,6,0.508587
658,7,0.534946
658,8,0.520477
658,9,0.547988
658,10,0.521767
658,11,0.536737
658,12,0.479597
658,13,0.513297
658,14,0.434589
658,15,0.482941
659,1,0.217294
659,2,0.314447
659,3,0.499515
659,4,0.434589
659,5,0.473956
659,6,0.456480
659,7,0.535561
659,8,0.481802
659,9,0.463495
659,10,0.520791
659,11,0.471671
659,12,0.534946
659,13,0.458765
659,14,0.531294
659,15,0.468890
660,1,0.464246
660,2,0.534946
660,3,0.481201
660,4,0.466824
660,5,0.344483
660,6,0.574110
660,7,0.534946
660,8,0.486746
660,9,0.463993
660,10,0.485266
660,11,0.488714
660,12,0.464451
660,13,0.494256
660,14,0.534946
660,15,0.521767
661,1,0.534946
661,2,0.521767
661,3,0.547988
661,4,0.500261
661,5,0.533120
661,6,0.547988
661,7,0.445859
661,8,0.466824
661,9,0.534946
661,10,0.530507
661,11,0.520477
661,12,0.547988
661,13,0.486746
661,14,0.512167
661,15,0.512167
662,1,0.495545
662,2,0.434589
662,3,0.485880
662,4,0.529627
662,5,0.544118
662,6,0.534946
662,7,0.457129
662,8,0.534946
662,9,0.467425
662,10,0.524980
662,11,0.475183
662,12,0.535561
662,13,0.492464
662,14,0.492464
662,15,0.543716
663,1,0.466824
663,2,0.516911
663,3,0.442102
663,4,0.467425
663,5,0.574110
663,6,0.492297
663,7,0.521767
663,8,0.506743
663,9,0.553959
663,10,0.545566
663,11,0.457456
663,12,0.217294
663,13,0.464246
663,14,0.481201
663,15,0.486746
664,1,0.574110
664,2,0.531294
664,3,0.534946
664,4,0.492464
664,5,0.469548
664,6,0.466679
664,7,0.521767
664,8,0.526170
664,9,0.445859
664,10,0.547988
664,11,0.479353
664,12,0.355560
664,13,0.311119
664,14,0.501733
664,15,0.519457
665,1,0.492632
665,2,0.554100
665,3,0.434589
665,4,0.521767
665,5,0.534946
665,6,0.515290
665,7,0.531294
665,8,0.574110
665,9,0.521767
665,10,0.492464
665,11,0.523217
665,12,0.481201
665,13,0.574110
665,14,0.534946
665,15,0.508753
666,1,0.466679
666,2,0.531294
666,3,0.466824
666,4,0.474943
666,5,0.529627
666,6,0.289726
666,7,0.443065
666,8,0.461727
666,9,0.524527
666,10,0.547988
666,11,0.486746
666,12,0.471671
666,13,0.446717
666,14,0.434589
666,15,0.515290
667,1,0.481201
667,2,0.467695
667,3,0.464246
667,4,0.471671
667,5,0.529648
667,6,0.459310
667,7,0.466679
667,8,0.466679
667,9,0.463993
667,10,0.514309
667,11,0.526170
667,12,0.493080
667,13,0.471671
667,14,0.527474
667,15,0.445859
668,1,0.502593
668,2,0.522515
668,3,0.537648
668,4,0.542738
668,5,0.543152
668,6,0.434589
668,7,0.482941
668,8,0.521767
668,9,0.515290
668,10,0.542323
668,11,0.535135
668,12,0.531294
668,13,0.471833
668,14,0.501971
668,15,0.526170
669,1,0.473956
669,2,0.306039
669,3,0.515668
669,4,0.493080
669,5,0.543152
669,6,0.521767
669,7,0.493109
669,8,0.554100
669,9,0.467425
669,10,0.466824
669,11,0.534946
669,12,0.521767
669,13,0.520477
669,14,0.464451
669,15,0.314447
670,1,0.489446
670,2,0.499364
670,3,0.445859
670,4,0.521767
670,5,0.511508
670,6,0.434589
670,7,0.486746
670,8,0.438214
670,9,0.311617
670,10,0.505765
670,11,0.464006
670,12,0.249384
670,13,0.521767
670,14,0.547988
670,15,0.574110
671,1,0.463993
671,2,0.497424
671,3,0.508124
671,4,0.553959
671,5,0.452819
671,6,0.504735
671,7,0.314447
671,8,0.289726
671,9,0.468038
671,10,0.468373
671,11,0.472494
671,12,0.492464
671,13,0.534946
671,14,0.520477
671,15,0.496995
672,1,0.458415
672,2,0.534946
672,3,0.467425
672,4,0.473956
672,5,0.545566
672,6,0.471833
672,7,0.524980
672,8,0.481555
672,9,0.459058
672,10,0.466679
672,11,0.477873
672,12,0.493959
672,13,0.471671
672,14,0.442102
672,15,0.434589
673,1,0.574110
673,2,0.521122
673,3,0.526170
673,4,0.547988
673,5,0.471671
673,6,0.463495
673,7,0.217294
673,8,0.520477
673,9,0.533704
673,10,0.530367
673,11,0.457456
673,12,0.510893
673,13,0.217294
673,14,0.479895
673,15,0.471671
674,1,0.464451
674,2,0.504507
674,3,0.466679
674,4,0.467425
674,5,0.434589
674,6,0.479353
674,7,0.536939
674,8,0.472167
674,9,0.490059
674,10,0.459058
674,11,0.521767
674,12,0.520477
674,13,0.459058
674,14,0.489742
674,15,0.534946
675,1,0.535135
675,2,0.489315
675,3,0.534946
675,4,0.529648
675,5,0.463993
675,6,0.535561
675,7,0.534946
675,8,0.495783
675,9,0.475634
675,10,0.547988
675,11,0.498130
675,12,0.521767
675,13,0.457767
675,14,0.574110
675,15,0.471671
676,1,0.463495
676,2,0.531210
676,3,0.471833
676,4,0.524980
676,5,0.536737
676,6,0.520477
676,7,0.459058
676,8,0.491157
676,9,0.574110
676,10,0.534946
676,11,0.489181
676,12,0.458896
676,13,0.434589
676,14,0.466824
676,15,0.521767
677,1,0.466824
677,2,0.527474
677,3,0.495545
677,4,0.526170
677,5,0.508587
677,6,0.521767
677,7,0.434589
677,8,0.442102
677,9,0.314447
677,10,0.521767
677,11,0.536737
677,12,0.446905
677,13,0.553959
677,14,0.438214
677,15,0.574110
678,1,0.534946
678,2,0.574110
678,3,0.534946
678,4,0.547988
678,5,0.492464
678,6,0.566955
678,7,0.375638
678,8,0.361690
678,9,0.483108
678,10,0.523751
678,11,0.467064
678,12,0.527474
678,13,0.456698
678,14,0.338176
678,15,0.574110
679,1,0.531294
679,2,0.495545
679,3,0.476148
679,4,0.456319
679,5,0.512167
679,6,0.470513
679,7,0.535561
679,8,0.535135
679,9,0.531294
679,10,0.464451
679,11,0.495783
679,12,0.456475
679,13,0.474079
679,14,0.532649
679,15,0.536737
680,1,0.531294
680,2,0.468157
680,3,0.515668
680,4,0.471671
680,5,0.489742
680,6,0.521767
680,7,0.471671
680,8,0.490059
680,9,0.217294
680,10,0.534946
680,11,0.466824
680,12,0.481046
680,13,0.526170
680,14,0.521122
680,15,0.490375
681,1,0.542738
681,2,0.459058
681,3,0.515668
681,4,0.456642
681,5,0.473996
681,6,0.535561
681,7,0.508587
681,8,0.553495
681,9,0.518839
681,10,0.436940
681,11,0.492131
681,12,0.530367
681,13,0.463993
681,14,0.492746
681,15,0.457620
682,1,0.443065
682,2,0.521767
682,3,0.521767
682,4,0.534946
682,5,0.445859
682,6,0.547988
682,7,0.471671
682,8,0.534946
682,9,0.434589
682,10,0.453644
682,11,0.457129
682,12,0.314447
682,13,0.311119
682,14,0.574110
682,15,0.471671
683,1,0.574110
683,2,0.534946
683,3,0.489315
683,4,0.434589
683,5,0.489005
683,6,0.467425
683,7,0.520477
683,8,0.531294
683,9,0.446717
683,10,0.549676
683,11,0.553959
683,12,0.530367
683,13,0.493637
683,14,0.513993
683,15,0.508587
684,1,0.481201
684,2,0.488926
684,3,0.457093
684,4,0.434589
684,5,0.534946
684,6,0.466824
684,7,0.548001
684,8,0.512959
684,9,0.504123
684,10,0.535561
684,11,0.471671
684,12,0.481201
684,13,0.468373
684,14,0.508409
684,15,0.533120
685,1,0.531294
685,2,0.479353
685,3,0.536737
685,4,0.468327
685,5,0.494715
685,6,0.469356
685,7,0.380913
685,8,0.217294
685,9,0.217294
685,10,0.531294
685,11,0.530507
685,12,0.434589
685,13,0.521767
685,14,0.436940
685,15,0.547988
686,1,0.456475
686,2,0.526170
686,3,0.526170
686,4,0.531294
686,5,0.520999
686,6,0.493703
686,7,0.337625
686,8,0.473996
686,9,0.478468
686,10,0.289726
686,11,0.514107
686,12,0.434589
686,13,0.482941
686,14,0.217294
686,15,0.574110
687,1,0.456642
687,2,0.535561
687,3,0.522955
687,4,0.469548
687,5,0.535561
687,6,0.531294
687,7,0.531294
687,8,0.531294
687,9,0.545566
687,10,0.480650
687,11,0.498768
687,12,0.488479
687,13,0.434589
687,14,0.488714
687,15,0.531294
688,1,0.493109
688,2,0.217294
688,3,0.434589
688,4,0.534946
688,5,0.446717
688,6,0.459310
688,7,0.534946
688,8,0.531294
688,9,0.530367
688,10,0.463993
688,11,0.488479
688,12,0.520477
688,13,0.489181
688,14,0.481802
688,15,0.466679
689,1,0.480960
689,2,0.306039
689,3,0.217294
689,4,0.479455
689,5,0.481802
689,6,0.574110
689,7,0.492464
689,8,0.483527
689,9,0.534946
689,10,0.488479
689,11,0.529648
689,12,0.515290
689,13,0.521767
689,14,0.397650
689,15,0.537459
690,1,0.520477
690,2,0.534946
690,3,0.482941
690,4,0.534946
690,5,0.515290
690,6,0.512167
690,7,0.533704
690,8,0.434589
690,9,0.574110
690,10,0.471671
690,11,0.516911
690,12,0.535135
690,13,0.481201
690,14,0.510721
690,15,0.535135
691,1,0.434589
691,2,0.495783
691,3,0.479948
691,4,0.536618
691,5,0.547988
691,6,0.534946
691,7,0.489306
691,8,0.502064
691,9,0.471671
691,10,0.478695
691,11,0.471671
691,12,0.527474
691,13,0.491204
691,14,0.489181
691,15,0.547988
692,1,0.521767
692,2,0.489005
692,3,0.542906
692,4,0.534518
692,5,0.434589
692,6,0.478695
692,7,0.497013
692,8,0.522955
692,9,0.526170
692,10,0.492464
692,11,0.521767
692,12,0.442102
692,13,0.513297
692,14,0.531294
692,15,0.495783
693,1,0.522955
693,2,0.471671
693,3,0.463495
693,4,0.534946
693,5,0.535135
693,6,0.531294
693,7,0.476420
693,8,0.471671
693,9,0.574110
693,10,0.510413
693,11,0.574110
693,12,0.531294
693,13,0.471833
693,14,0.515668
693,15,0.494176
694,1,0.506438
694,2,0.466679
694,3,0.515668
694,4,0.489181
694,5,0.442102
694,6,0.533120
694,7,0.520477
694,8,0.521767
694,9,0.481555
694,10,0.314447
694,11,0.520791
694,12,0.531294
694,13,0.489181
694,14,0.461727
694,15,0.520791
695,1,0.521767
695,2,0.466824
695,3,0.503017
695,4,0.521767
695,5,0.486746
695,6,0.547988
695,7,0.493109
695,8,0.576905
695,9,0.534946
695,10,0.459310
695,11,0.445859
695,12,0.501733
695,13,0.521767
695,14,0.519457
695,15,0.445859
696,1,0.534946
696,2,0.488714
696,3,0.531294
696,4,0.531294
696,5,0.467425
696,6,0.531294
696,7,0.534946
696,8,0.548126
696,9,0.471671
696,10,0.458091
696,11,0.544948
696,12,0.531294
696,13,0.437275
696,14,0.534946
696,15,0.574110
697,1,0.481201
697,2,0.527474
697,3,0.457456
697,4,0.311119
697,5,0.515668
697,6,0.492297
697,7,0.467425
697,8,0.535561
697,9,0.547988
697,10,0.478695
697,11,0.574110
697,12,0.534946
697,13,0.531294
697,14,0.463993
697,15,0.471292
698,1,0.481201
698,2,0.485880
698,3,0.534946
698,4,0.531294
698,5,0.434589
698,6,0.492297
698,7,0.534946
698,8,0.380913
698,9,0.520477
698,10,0.474816
698,11,0.526170
698,12,0.494842
698,13,0.217294
698,14,0.521767
698,15,0.536737
699,1,0.457081
699,2,0.471671
699,3,0.460637
699,4,0.471671
699,5,0.463495
699,6,0.483348
699,7,0.306039
699,8,0.510893
699,9,0.523217
699,10,0.521767
699,11,0.531294
699,12,0.574110
699,13,0.529648
699,14,0.452458
699,15,0.515668
700,1,0.547988
700,2,0.534946
700,3,0.522955
700,4,0.531294
700,5,0.521767
700,6,0.512167
700,7,0.574110
700,8,0.492464
700,9,0.575973
700,10,0.553959
700,11,0.541848
700,12,0.536737
700,13,0.548126
700,14,0.485880
700,15,0.471671
701,1,0.476949
701,2,0.576905
701,3,0.520477
701,4,0.480723
701,5,0.574110
701,6,0.512167
701,7,0.461237
701,8,0.361866
701,9,0.512167
701,10,0.536737
701,11,0.492464
701,12,0.543152
701,13,0.551058
701,14,0.461727
701,15,0.502593
702,1,0.539533
702,2,0.468327
702,3,0.466824
702,4,0.311119
702,5,0.481201
702,6,0.485880
702,7,0.495783
702,8,0.464594
702,9,0.524980
702,10,0.515102
702,11,0.471671
702,12,0.474816
702,13,0.344483
702,14,0.521767
702,15,0.520477
703,1,0.513993
703,2,0.523217
703,3,0.478695
703,4,0.485581
703,5,0.461048
703,6,0.533909
703,7,0.566955
703,8,0.530605
703,9,0.344483
703,10,0.477873
703,11,0.482419
703,12,0.489591
703,13,0.531294
703,14,0.492632
703,15,0.250131
704,1,0.545566
704,2,0.489005
704,3,0.457620
704,4,0.453644
704,5,0.481555
704,6,0.370593
704,7,0.522701
704,8,0.534946
704,9,0.535135
704,10,0.464451
704,11,0.574110
704,12,0.492464
704,13,0.575973
704,14,0.534377
704,15,0.472434
705,1,0.434589
705,2,0.574110
705,3,0.456480
705,4,0.531294
705,5,0.547988
705,6,0.574110
705,7,0.471671
705,8,0.469548
705,9,0.466679
705,10,0.515290
705,11,0.534946
705,12,0.489306
705,13,0.453270
705,14,0.456857
705,15,0.521767
706,1,0.520477
706,2,0.523217
706,3,0.459058
706,4,0.465067
706,5,0.520791
706,6,0.542906
706,7,0.533704
706,8,0.534946
706,9,0.508753
706,10,0.434589
706,11,0.495783
706,12,0.434589
706,13,0.482941
706,14,0.373641
706,15,0.514107
707,1,0.540988
707,2,0.314447
707,3,0.508960
707,4,0.477751
707,5,0.574110
707,6,0.520477
707,7,0.434589
707,8,0.469548
707,9,0.485266
707,10,0.535561
707,11,0.481802
707,12,0.514309
707,13,0.474079
707,14,0.490059
707,15,0.521767
708,1,0.531294
708,2,0.457456
708,3,0.521767
708,4,0.434589
708,5,0.466824
708,6,0.466679
708,7,0.455998
708,8,0.459058
708,9,0.474816
708,10,0.535843
708,11,0.526170
708,12,0.520477
708,13,0.493109
708,14,0.534946
708,15,0.466824
709,1,0.534946
709,2,0.471671
709,3,0.574110
709,4,0.434589
709,5,0.479353
709,6,0.536737
709,7,0.481802
709,8,0.482253
709,9,0.470750
709,10,0.555304
709,11,0.521767
709,12,0.531294
709,13,0.457456
709,14,0.574110
709,15,0.519457
710,1,0.485880
710,2,0.537488
710,3,0.555926
710,4,0.471671
710,5,0.397650
710,6,0.437005
710,7,0.534946
710,8,0.508587
710,9,0.537488
710,10,0.531294
710,11,0.467425
710,12,0.460860
710,13,0.471671
710,14,0.506677
710,15,0.553495
711,1,0.492131
711,2,0.492464
711,3,0.531294
711,4,0.492297
711,5,0.467425
711,6,0.447332
711,7,0.531294
711,8,0.521767
711,9,0.520477
711,10,0.534946
711,11,0.481201
711,12,0.547988
711,13,0.434589
711,14,0.520477
711,15,0.445859
712,1,0.522701
712,2,0.521767
712,3,0.520477
712,4,0.489005
712,5,0.547242
712,6,0.452359
712,7,0.510893
712,8,0.513993
712,9,0.499364
712,10,0.466824
712,11,0.503385
712,12,0.576905
712,13,0.521767
712,14,0.490001
712,15,0.485581
713,1,0.484200
713,2,0.534946
713,3,0.508587
713,4,0.532657
713,5,0.471671
713,6,0.534946
713,7,0.488479
713,8,0.492632
713,9,0.520477
713,10,0.478695
713,11,0.531294
713,12,0.457620
713,13,0.436940
713,14,0.471671
713,15,0.543019
714,1,0.529871
714,2,0.446717
714,3,0.520477
714,4,0.523217
714,5,0.531294
714,6,0.534946
714,7,0.467425
714,8,0.492464
714,9,0.548001
714,10,0.547988
714,11,0.466824
714,12,0.527474
714,13,0.471833
714,14,0.484200
714,15,0.467425
715,1,0.522729
715,2,0.531294
715,3,0.521767
715,4,0.482941
715,5,0.495783
715,6,0.481201
715,7,0.532649
715,8,0.531294
715,9,0.508124
715,10,0.521767
715,11,0.434589
715,12,0.489005
715,13,0.471833
715,14,0.451927
715,15,0.574110
716,1,0.474816
716,2,0.469356
716,3,0.497469
716,4,0.480306
716,5,0.498768
716,6,0.467425
716,7,0.535561
716,8,0.397650
716,9,0.519457
716,10,0.438229
716,11,0.488479
716,12,0.508124
716,13,0.574110
716,14,0.434589
716,15,0.460637
717,1,0.542906
717,2,0.496995
717,3,0.533704
717,4,0.530367
717,5,0.508124
717,6,0.453502
717,7,0.452355
717,8,0.523217
717,9,0.500261
717,10,0.574110
717,11,0.460637
717,12,0.468327
717,13,0.459927
717,14,0.481487
717,15,0.520477
718,1,0.458415
718,2,0.373641
718,3,0.508409
718,4,0.453270
718,5,0.514309
718,6,0.507706
718,7,0.505408
718,8,0.535561
718,9,0.397650
718,10,0.473956
718,11,0.534946
718,12,0.471671
718,13,0.463495
718,14,0.534946
718,15,0.434589
719,1,0.521122
719,2,0.458765
719,3,0.481201
719,4,0.447332
719,5,0.531294
719,6,0.530507
719,7,0.492297
719,8,0.534518
719,9,0.574110
719,10,0.473956
719,11,0.520477
719,12,0.547988
719,13,0.486746
719,14,0.515290
719,15,0.492464
720,1,0.336338
720,2,0.524980
720,3,0.459411
720,4,0.526170
720,5,0.473956
720,6,0.523217
720,7,0.548001
720,8,0.535135
720,9,0.466824
720,10,0.506117
720,11,0.530507
720,12,0.545566
720,13,0.474816
720,14,0.515102
720,15,0.459058
721,1,0.534946
721,2,0.471671
721,3,0.490059
721,4,0.534946
721,5,0.521767
721,6,0.534946
721,7,0.534946
721,8,0.443065
721,9,0.530367
721,10,0.521767
721,11,0.467425
721,12,0.532649
721,13,0.465280
721,14,0.471671
721,15,0.510413
722,1,0.464594
722,2,0.483108
722,3,0.534016
722,4,0.480650
722,5,0.481201
722,6,0.529648
722,7,0.458415
722,8,0.515668
722,9,0.521767
722,10,0.474816
722,11,0.476148
722,12,0.434589
722,13,0.530507
722,14,0.547988
722,15,0.466824
723,1,0.488479
723,2,0.474816
723,3,0.576905
723,4,0.461727
723,5,0.520477
723,6,0.531294
723,7,0.488714
723,8,0.527474
723,9,0.521767
723,10,0.471671
723,11,0.515668
723,12,0.533704
723,13,0.518839
723,14,0.442102
723,15,0.531294
724,1,0.495545
724,2,0.547988
724,3,0.467425
724,4,0.497469
724,5,0.523751
724,6,0.477751
724,7,0.526170
724,8,0.508587
724,9,0.489181
724,10,0.471671
724,11,0.466679
724,12,0.534946
724,13,0.464451
724,14,0.464451
724,15,0.521321
725,1,0.545566
725,2,0.492297
725,3,0.434589
725,4,0.508587
725,5,0.520477
725,6,0.456480
725,7,0.473996
725,8,0.535561
725,9,0.512959
725,10,0.434589
725,11,0.492131
725,12,0.434589
725,13,0.520477
725,14,0.434589
725,15,0.508753
726,1,0.489181
726,2,0.434589
726,3,0.531294
726,4,0.467425
726,5,0.508587
726,6,0.530367
726,7,0.445859
726,8,0.500186
726,9,0.523217
726,10,0.533704
726,11,0.508587
726,12,0.534946
726,13,0.475634
726,14,0.464246
726,15,0.520477
727,1,0.520477
727,2,0.494176
727,3,0.546088
727,4,0.536737
727,5,0.506026
727,6,0.461727
727,7,0.311119
727,8,0.333010
727,9,0.475559
727,10,0.531294
727,11,0.508124
727,12,0.547988
727,13,0.471671
727,14,0.516911
727,15,0.535135
728,1,0.492131
728,2,0.521767
728,3,0.480626
728,4,0.473996
728,5,0.508409
728,6,0.512959
728,7,0.536737
728,8,0.466824
728,9,0.434589
728,10,0.434589
728,11,0.466752
728,12,0.459058
728,13,0.467425
728,14,0.494365
728,15,0.489181
729,1,0.471671
729,2,0.464451
729,3,0.531294
729,4,0.534946
729,5,0.467425
729,6,0.476958
729,7,0.314447
729,8,0.462541
729,9,0.217294
729,10,0.520477
729,11,0.534946
729,12,0.443065
729,13,0.537459
729,14,0.522955
729,15,0.521767
730,1,0.464451
730,2,0.375638
730,3,0.311119
730,4,0.547988
730,5,0.508587
730,6,0.541848
730,7,0.521767
730,8,0.574110
730,9,0.547988
730,10,0.521767
730,11,0.482488
730,12,0.533428
730,13,0.493690
730,14,0.469356
730,15,0.520477
731,1,0.445859
731,2,0.534108
731,3,0.519457
731,4,0.457620
731,5,0.530507
731,6,0.488479
731,7,0.380913
731,8,0.531294
731,9,0.518839
731,10,0.445859
731,11,0.513297
731,12,0.549865
731,13,0.547988
731,14,0.489005
731,15,0.457620
732,1,0.534946
732,2,0.531294
732,3,0.530367
732,4,0.445859
732,5,0.513297
732,6,0.547988
732,7,0.443065
732,8,0.521767
732,9,0.520477
732,10,0.486746
732,11,0.519457
732,12,0.574110
732,13,0.486746
732,14,0.546623
732,15,0.467425
733,1,0.469548
733,2,0.442102
733,3,0.217294
733,4,0.531294
733,5,0.446717
733,6,0.453270
733,7,0.501733
733,8,0.540733
733,9,0.482488
733,10,0.457821
733,11,0.484581
733,12,0.434589
733,13,0.471671
733,14,0.489181
733,15,0.471671
734,1,0.547988
734,2,0.492464
734,3,0.354594
734,4,0.515668
734,5,0.515047
734,6,0.508124
734,7,0.457620
734,8,0.489181
734,9,0.481201
734,10,0.535561
734,11,0.471671
734,12,0.466679
734,13,0.467425
734,14,0.476958
734,15,0.531294
735,1,0.531294
735,2,0.534946
735,3,0.488714
735,4,0.548411
735,5,0.466824
735,6,0.534946
735,7,0.464594
735,8,0.513402
735,9,0.535561
735,10,0.497922
735,11,0.534946
735,12,0.496160
735,13,0.522955
735,14,0.508587
735,15,0.458896
736,1,0.471671
736,2,0.574110
736,3,0.471671
736,4,0.471671
736,5,0.510413
736,6,0.495545
736,7,0.471671
736,8,0.446717
736,9,0.445859
736,10,0.508587
736,11,0.446717
736,12,0.521767
736,13,0.479353
736,14,0.500261
736,15,0.492297
737,1,0.500261
737,2,0.508587
737,3,0.481201
737,4,0.471671
737,5,0.466824
737,6,0.522701
737,7,0.534946
737,8,0.574110
737,9,0.467425
737,10,0.497469
737,11,0.574110
737,12,0.481201
737,13,0.524980
737,14,0.494256
737,15,0.471671
738,1,0.521767
738,2,0.463993
738,3,0.535561
738,4,0.434589
738,5,0.521767
738,6,0.481201
738,7,0.472687
738,8,0.314447
738,9,0.482253
738,10,0.489767
738,11,0.520791
738,12,0.531294
738,13,0.474816
738,14,0.494256
738,15,0.521767
739,1,0.500261
739,2,0.535561
739,3,0.489181
739,4,0.471671
739,5,0.456475
739,6,0.555926
739,7,0.494256
739,8,0.522257
739,9,0.508587
739,10,0.531294
739,11,0.457620
739,12,0.521767
739,13,0.508587
739,14,0.467425
739,15,0.469548
740,1,0.475972
740,2,0.434589
740,3,0.380913
740,4,0.500261
740,5,0.524980
740,6,0.531294
740,7,0.466824
740,8,0.510893
740,9,0.492464
740,10,0.217294
740,11,0.531294
740,12,0.489181
740,13,0.521767
740,14,0.475183
740,15,0.454104
741,1,0.445859
741,2,0.434589
741,3,0.475183
741,4,0.314447
741,5,0.503017
741,6,0.521290
741,7,0.459058
741,8,0.474816
741,9,0.534946
741,10,0.460637
741,11,0.471050
741,12,0.314447
741,13,0.311119
741,14,0.512167
741,15,0.536737
742,1,0.458765
742,2,0.217294
742,3,0.506117
742,4,0.544361
742,5,0.531294
742,6,0.467425
742,7,0.485581
742,8,0.397650
742,9,0.529648
742,10,0.508587
742,11,0.471671
742,12,0.467425
742,13,0.474816
742,14,0.492464
742,15,0.521767
743,1,0.534946
743,2,0.548001
743,3,0.522955
743,4,0.489005
743,5,0.531294
743,6,0.548001
743,7,0.529648
743,8,0.466824
743,9,0.456480
743,10,0.489591
743,11,0.474816
743,12,0.546088
743,13,0.445859
743,14,0.574110
743,15,0.488479
744,1,0.492464
744,2,0.434589
744,3,0.531294
744,4,0.434589
744,5,0.471671
744,6,0.506677
744,7,0.438214
744,8,0.360901
744,9,0.358405
744,10,0.434589
744,11,0.481201
744,12,0.527474
744,13,0.521767
744,14,0.574110
744,15,0.436940
745,1,0.534518
745,2,0.434589
745,3,0.471671
745,4,0.490059
745,5,0.534082
745,6,0.554100
745,7,0.520813
745,8,0.493109
745,9,0.471671
745,10,0.534946
745,11,0.500261
745,12,0.535561
745,13,0.521767
745,14,0.531294
745,15,0.467425
746,1,0.471671
746,2,0.446717
746,3,0.534946
746,4,0.439418
746,5,0.549194
746,6,0.466824
746,7,0.311119
746,8,0.506117
746,9,0.531294
746,10,0.485880
746,11,0.495783
746,12,0.434589
746,13,0.508587
746,14,0.474816
746,15,0.547988
747,1,0.510413
747,2,0.520477
747,3,0.479353
747,4,0.537742
747,5,0.475608
747,6,0.521767
747,7,0.492297
747,8,0.534946
747,9,0.515290
747,10,0.534946
747,11,0.520477
747,12,0.520477
747,13,0.531294
747,14,0.474816
747,15,0.574110
748,1,0.466824
748,2,0.527474
748,3,0.485880
748,4,0.529648
748,5,0.534946
748,6,0.521767
748,7,0.461831
748,8,0.574110
748,9,0.534946
748,10,0.489181
748,11,0.446717
748,12,0.469999
748,13,0.466824
748,14,0.467425
748,15,0.493095
749,1,0.498527
749,2,0.548001
749,3,0.434589
749,4,0.474816
749,5,0.482488
749,6,0.457129
749,7,0.534946
749,8,0.510413
749,9,0.534946
749,10,0.481201
749,11,0.518717
749,12,0.445859
749,13,0.520477
749,14,0.493297
749,15,0.434589
750,1,0.488714
750,2,0.520477
750,3,0.489181
750,4,0.520477
750,5,0.466824
750,6,0.217294
750,7,0.520477
750,8,0.469548
750,9,0.519867
750,10,0.535135
750,11,0.522955
750,12,0.492464
750,13,0.495783
750,14,0.520477
750,15,0.519457
751,1,0.574110
751,2,0.508587
751,3,0.467425
751,4,0.466824
751,5,0.311119
751,6,0.507999
751,7,0.461727
751,8,0.520074
751,9,0.434589
751,10,0.521122
751,11,0.498445
751,12,0.458415
751,13,0.500261
751,14,0.524980
751,15,0.520477
752,1,0.534946
752,2,0.492297
752,3,0.543152
752,4,0.000000
752,5,0.531294
752,6,0.505655
752,7,0.542738
752,8,0.467425
752,9,0.445859
752,10,0.495545
752,11,0.520477
752,12,0.458415
752,13,0.434589
752,14,0.460637
752,15,0.542640
753,1,0.445859
753,2,0.534946
753,3,0.493080
753,4,0.536737
753,5,0.493080
753,6,0.471671
753,7,0.521767
753,8,0.536737
753,9,0.492131
753,10,0.472434
753,11,0.458791
753,12,0.498768
753,13,0.445859
753,14,0.501733
753,15,0.521321
754,1,0.457620
754,2,0.501076
754,3,0.471671
754,4,0.463495
754,5,0.548001
754,6,0.534946
754,7,0.466824
754,8,0.217294
754,9,0.492966
754,10,0.434589
754,11,0.485880
754,12,0.541848
754,13,0.520477
754,14,0.523217
754,15,0.492464
755,1,0.531294
755,2,0.530367
755,3,0.521767
755,4,0.521767
755,5,0.536737
755,6,0.466824
755,7,0.520791
755,8,0.521767
755,9,0.526170
755,10,0.477751
755,11,0.515102
755,12,0.521767
755,13,0.442436
755,14,0.507999
755,15,0.522955
756,1,0.477751
756,2,0.520477
756,3,0.574110
756,4,0.445859
756,5,0.534946
756,6,0.445859
756,7,0.547988
756,8,0.471671
756,9,0.521767
756,10,0.531294
756,11,0.508124
756,12,0.467425
756,13,0.458765
756,14,0.480839
756,15,0.467064
757,1,0.506117
757,2,0.314447
757,3,0.217294
757,4,0.434589
757,5,0.493109
757,6,0.547430
757,7,0.541848
757,8,0.531294
757,9,0.380913
757,10,0.547988
757,11,0.492464
757,12,0.459058
757,13,0.453269
757,14,0.539444
757,15,0.434589
758,1,0.474816
758,2,0.481201
758,3,0.506677
758,4,0.553495
758,5,0.549676
758,6,0.471671
758,7,0.574110
758,8,0.545566
758,9,0.521767
758,10,0.490375
758,11,0.492131
758,12,0.481201
758,13,0.486746
758,14,0.481201
758,15,0.535561
759,1,0.464451
759,2,0.311617
759,3,0.364186
759,4,0.466679
759,5,0.534946
759,6,0.531294
759,7,0.461444
759,8,0.508409
759,9,0.553959
759,10,0.434589
759,11,0.489181
759,12,0.534946
759,13,0.492464
759,14,0.360901
759,15,0.520477
760,1,0.523217
760,2,0.520477
760,3,0.475183
760,4,0.522701
760,5,0.521767
760,6,0.520477
760,7,0.466824
760,8,0.507999
760,9,0.481201
760,10,0.535561
760,11,0.515290
760,12,0.471671
760,13,0.487095
760,14,0.537488
760,15,0.524811
761,1,0.289726
761,2,0.471671
761,3,0.464451
761,4,0.531294
761,5,0.467425
761,6,0.466824
761,7,0.506117
761,8,0.560633
761,9,0.534082
761,10,0.533704
761,11,0.491204
761,12,0.493637
761,13,0.475608
761,14,0.537742
761,15,0.547988
762,1,0.548001
762,2,0.471671
762,3,0.458091
762,4,0.462522
762,5,0.488926
762,6,0.508587
762,7,0.520515
762,8,0.522955
762,9,0.466824
762,10,0.534946
762,11,0.471671
762,12,0.466679
762,13,0.474816
762,14,0.529648
762,15,0.464451
763,1,0.547988
763,2,0.474816
763,3,0.526170
763,4,0.485880
763,5,0.542738
763,6,0.534946
763,7,0.380913
763,8,0.521767
763,9,0.526170
763,10,0.490001
763,11,0.483108
763,12,0.546563
763,13,0.545566
763,14,0.457456
763,15,0.521767
764,1,0.531294
764,2,0.461444
764,3,0.574110
764,4,0.504507
764,5,0.442102
764,6,0.217294
764,7,0.500186
764,8,0.533704
764,9,0.521767
764,10,0.482488
764,11,0.442102
764,12,0.314447
764,13,0.477873
764,14,0.510721
764,15,0.520477
765,1,0.534946
765,2,0.574110
765,3,0.489181
765,4,0.553959
765,5,0.549676
765,6,0.553959
765,7,0.481201
765,8,0.515668
765,9,0.521767
765,10,0.485880
765,11,0.534377
765,12,0.547988
765,13,0.494256
765,14,0.442102
765,15,0.522701
766,1,0.542738
766,2,0.494256
766,3,0.464207
766,4,0.524980
766,5,0.504352
766,6,0.482941
766,7,0.501733
766,8,0.534946
766,9,0.508753
766,10,0.464451
766,11,0.534946
766,12,0.520477
766,13,0.520477
766,14,0.489181
766,15,0.471671
767,1,0.574110
767,2,0.397650
767,3,0.464006
767,4,0.482253
767,5,0.490059
767,6,0.542292
767,7,0.521767
767,8,0.470513
767,9,0.485581
767,10,0.475972
767,11,0.497013
767,12,0.531294
767,13,0.474180
767,14,0.521767
767,15,0.547430
768,1,0.500261
768,2,0.434589
768,3,0.474816
768,4,0.539444
768,5,0.493297
768,6,0.493109
768,7,0.526170
768,8,0.520477
768,9,0.534946
768,10,0.512167
768,11,0.494842
768,12,0.526170
768,13,0.461831
768,14,0.524299
768,15,0.576905
769,1,0.541848
769,2,0.560633
769,3,0.521122
769,4,0.445859
769,5,0.531294
769,6,0.479521
769,7,0.217294
769,8,0.520477
769,9,0.574110
769,10,0.530507
769,11,0.506438
769,12,0.471671
769,13,0.463495
769,14,0.502411
769,15,0.542906
770,1,0.311617
770,2,0.254376
770,3,0.455982
770,4,0.465067
770,5,0.526441
770,6,0.509792
770,7,0.553959
770,8,0.534946
770,9,0.471671
770,10,0.534946
770,11,0.466824
770,12,0.509747
770,13,0.533704
770,14,0.492632
770,15,0.534946
771,1,0.489181
771,2,0.522955
771,3,0.443065
771,4,0.534946
771,5,0.495545
771,6,0.380913
771,7,0.500261
771,8,0.480960
771,9,0.551058
771,10,0.459310
771,11,0.463495
771,12,0.520477
771,13,0.457129
771,14,0.521767
771,15,0.529648
772,1,0.475183
772,2,0.521767
772,3,0.519457
772,4,0.534946
772,5,0.445859
772,6,0.471671
772,7,0.504498
772,8,0.534946
772,9,0.519583
772,10,0.521767
772,11,0.504352
772,12,0.536737
772,13,0.519457
772,14,0.466824
772,15,0.515668
773,1,0.464451
773,2,0.521767
773,3,0.506743
773,4,0.531294
773,5,0.521767
773,6,0.442102
773,7,0.314447
773,8,0.342360
773,9,0.535561
773,10,0.466824
773,11,0.521767
773,12,0.536737
773,13,0.486746
773,14,0.458896
773,15,0.513297
774,1,0.555304
774,2,0.437005
774,3,0.520477
774,4,0.521767
774,5,0.442102
774,6,0.456919
774,7,0.432130
774,8,0.534082
774,9,0.314447
774,10,0.451927
774,11,0.506677
774,12,0.534946
774,13,0.492464
774,14,0.459058
774,15,0.534946
775,1,0.495545
775,2,0.466824
775,3,0.531210
775,4,0.458765
775,5,0.503855
775,6,0.520515
775,7,0.484219
775,8,0.524980
775,9,0.466824
775,10,0.521767
775,11,0.520651
775,12,0.464594
775,13,0.522701
775,14,0.458896
775,15,0.574110
776,1,0.460637
776,2,0.553959
776,3,0.471833
776,4,0.463495
776,5,0.520791
776,6,0.488714
776,7,0.535561
776,8,0.535135
776,9,0.466824
776,10,0.495545
776,11,0.445859
776,12,0.502593
776,13,0.520477
776,14,0.458415
776,15,0.466679
777,1,0.527474
777,2,0.449943
777,3,0.474816
777,4,0.493922
777,5,0.522955
777,6,0.471671
777,7,0.463495
777,8,0.521767
777,9,0.466824
777,10,0.289726
777,11,0.521767
777,12,0.519457
777,13,0.492464
777,14,0.521767
777,15,0.434589
778,1,0.466824
778,2,0.434589
778,3,0.534946
778,4,0.522955
778,5,0.531294
778,6,0.445859
778,7,0.521767
778,8,0.536737
778,9,0.456475
778,10,0.536737
778,11,0.508587
778,12,0.549676
778,13,0.535135
778,14,0.495545
778,15,0.469356
779,1,0.460637
779,2,0.461727
779,3,0.530507
779,4,0.486746
779,5,0.438214
779,6,0.471671
779,7,0.548001
779,8,0.464451
779,9,0.543152
779,10,0.495783
779,11,0.471671
779,12,0.515668
779,13,0.466824
779,14,0.520791
779,15,0.543383
780,1,0.456480
780,2,0.535561
780,3,0.492297
780,4,0.522955
780,5,0.531294
780,6,0.457620
780,7,0.531294
780,8,0.534946
780,9,0.457093
780,10,0.531294
780,11,0.457620
780,12,0.466679
780,13,0.487095
780,14,0.452359
780,15,0.467471
781,1,0.441839
781,2,0.467425
781,3,0.508587
781,4,0.519457
781,5,0.464594
781,6,0.520477
781,7,0.521767
781,8,0.534016
781,9,0.474816
781,10,0.360901
781,11,0.507999
781,12,0.520477
781,13,0.508587
781,14,0.445859
781,15,0.534946
782,1,0.531294
782,2,0.467425
782,3,0.508587
782,4,0.457620
782,5,0.475183
782,6,0.535561
782,7,0.531294
782,8,0.534946
782,9,0.545566
782,10,0.456642
782,11,0.524834
782,12,0.492464
782,13,0.574110
782,14,0.521767
782,15,0.434589
783,1,0.466824
783,2,0.471671
783,3,0.527474
783,4,0.492966
783,5,0.534946
783,6,0.434589
783,7,0.489005
783,8,0.522955
783,9,0.519457
783,10,0.471671
783,11,0.490059
783,12,0.336338
783,13,0.527474
783,14,0.521767
783,15,0.488479
784,1,0.521767
784,2,0.520477
784,3,0.520477
784,4,0.509792
784,5,0.531294
784,6,0.438229
784,7,0.526170
784,8,0.506743
784,9,0.461727
784,10,0.476909
784,11,0.535135
784,12,0.475634
784,13,0.314447
784,14,0.254376
784,15,0.521767
785,1,0.466824
785,2,0.521767
785,3,0.521767
785,4,0.471671
785,5,0.506677
785,6,0.438214
785,7,0.217294
785,8,0.507999
785,9,0.520477
785,10,0.489005
785,11,0.576623
785,12,0.481201
785,13,0.527474
785,14,0.445859
785,15,0.507999
786,1,0.471671
786,2,0.476949
786,3,0.542292
786,4,0.217294
786,5,0.503119
786,6,0.530507
786,7,0.445859
786,8,0.481201
786,9,0.471671
786,10,0.445859
786,11,0.517317
786,12,0.506124
786,13,0.530367
786,14,0.512167
786,15,0.490001
787,1,0.217294
787,2,0.217294
787,3,0.513297
787,4,0.520477
787,5,0.467425
787,6,0.535561
787,7,0.475183
787,8,0.535561
787,9,0.508753
787,10,0.506677
787,11,0.521767
787,12,0.471671
787,13,0.474816
787,14,0.466824
787,15,0.434589
788,1,0.520477
788,2,0.521767
788,3,0.520477
788,4,0.492464
788,5,0.520477
788,6,0.500261
788,7,0.535561
788,8,0.486746
788,9,0.520813
788,10,0.521767
788,11,0.485880
788,12,0.576623
788,13,0.574110
788,14,0.495783
788,15,0.519583
789,1,0.535135
789,2,0.508753
789,3,0.543019
789,4,0.495545
789,5,0.477751
789,6,0.471671
789,7,0.534946
789,8,0.547988
789,9,0.456475
789,10,0.543716
789,11,0.533704
789,12,0.530507
789,13,0.473956
789,14,0.467425
789,15,0.535561
790,1,0.522955
790,2,0.471671
790,3,0.474816
790,4,0.532807
790,5,0.459058
790,6,0.534946
790,7,0.520477
790,8,0.522492
790,9,0.520477
790,10,0.493834
790,11,0.521321
790,12,0.549676
790,13,0.520477
790,14,0.445474
790,15,0.529795
791,1,0.508753
791,2,0.481201
791,3,0.492746
791,4,0.488479
791,5,0.443065
791,6,0.508587
791,7,0.574110
791,8,0.481201
791,9,0.506677
791,10,0.481201
791,11,0.467695
791,12,0.480839
791,13,0.445859
791,14,0.471671
791,15,0.534946
792,1,0.488714
792,2,0.510893
792,3,0.314447
792,4,0.434589
792,5,0.469548
792,6,0.487403
792,7,0.445859
792,8,0.481201
792,9,0.459927
792,10,0.471671
792,11,0.527474
792,12,0.488542
792,13,0.518965
792,14,0.512167
792,15,0.466824
793,1,0.481046
793,2,0.521767
793,3,0.519457
793,4,0.530367
793,5,0.512167
793,6,0.459058
793,7,0.434589
793,8,0.492464
793,9,0.555304
793,10,0.531294
793,11,0.508587
793,12,0.457620
793,13,0.464451
793,14,0.531294
793,15,0.492464
794,1,0.543152
794,2,0.344483
794,3,0.530507
794,4,0.547988
794,5,0.471671
794,6,0.574110
794,7,0.534946
794,8,0.467425
794,9,0.434589
794,10,0.458403
794,11,0.547988
794,12,0.479353
794,13,0.547988
794,14,0.489181
794,15,0.542738
795,1,0.472792
795,2,0.489591
795,3,0.553959
795,4,0.518839
795,5,0.508124
795,6,0.547988
795,7,0.492464
795,8,0.521767
795,9,0.489005
795,10,0.471671
795,11,0.514275
795,12,0.471671
795,13,0.504498
795,14,0.543977
795,15,0.574110
796,1,0.492464
796,2,0.545086
796,3,0.543716
796,4,0.498445
796,5,0.521767
796,6,0.434589
796,7,0.464451
796,8,0.314447
796,9,0.000000
796,10,0.517317
796,11,0.458896
796,12,0.514107
796,13,0.434589
796,14,0.471366
796,15,0.434589
797,1,0.545566
797,2,0.530367
797,3,0.457456
797,4,0.508960
797,5,0.534946
797,6,0.492464
797,7,0.459058
797,8,0.515668
797,9,0.458415
797,10,0.520791
797,11,0.529627
797,12,0.343325
797,13,0.531294
797,14,0.456698
797,15,0.434589
798,1,0.574110
798,2,0.492131
798,3,0.520477
798,4,0.458415
798,5,0.507999
798,6,0.461727
798,7,0.217294
798,8,0.513297
798,9,0.534946
798,10,0.481201
798,11,0.471671
798,12,0.445859
798,13,0.521767
798,14,0.495783
798,15,0.535135
799,1,0.512167
799,2,0.490375
799,3,0.471811
799,4,0.497013
799,5,0.471671
799,6,0.527474
799,7,0.468890
799,8,0.459310
799,9,0.446645
799,10,0.476958
799,11,0.434589
799,12,0.471671
799,13,0.466679
799,14,0.477873
799,15,0.459927
800,1,0.488479
800,2,0.474816
800,3,0.531294
800,4,0.574110
800,5,0.521767
800,6,0.459310
800,7,0.457129
800,8,0.522701
800,9,0.549676
800,10,0.545566
800,11,0.475183
800,12,0.341987
800,13,0.454104
800,14,0.542738
800,15,0.534946
801,1,0.545566
801,2,0.530367
801,3,0.534946
801,4,0.515290
801,5,0.520477
801,6,0.521767
801,7,0.521767
801,8,0.469356
801,9,0.508753
801,10,0.489181
801,11,0.522955
801,12,0.473956
801,13,0.534946
801,14,0.442102
801,15,0.520477
802,1,0.548001
802,2,0.475183
802,3,0.466824
802,4,0.311617
802,5,0.520477
802,6,0.472792
802,7,0.524980
802,8,0.547988
802,9,0.508587
802,10,0.504507
802,11,0.524980
802,12,0.521767
802,13,0.469356
802,14,0.438229
802,15,0.551058
803,1,0.534946
803,2,0.471671
803,3,0.515668
803,4,0.521767
803,5,0.492464
803,6,0.434589
803,7,0.520477
803,8,0.534946
803,9,0.439418
803,10,0.574110
803,11,0.574110
803,12,0.466824
803,13,0.476909
803,14,0.457620
803,15,0.547988
804,1,0.512167
804,2,0.434589
804,3,0.434589
804,4,0.486746
804,5,0.474250
804,6,0.535561
804,7,0.520477
804,8,0.510413
804,9,0.531294
804,10,0.397650
804,11,0.542738
804,12,0.481201
804,13,0.520477
804,14,0.474816
804,15,0.467425
805,1,0.532649
805,2,0.520477
805,3,0.534946
805,4,0.522955
805,5,0.467836
805,6,0.535561
805,7,0.479948
805,8,0.554100
805,9,0.458896
805,10,0.485581
805,11,0.574110
805,12,0.531294
805,13,0.467425
805,14,0.524980
805,15,0.520477
806,1,0.495783
806,2,0.522955
806,3,0.475183
806,4,0.466679
806,5,0.508960
806,6,0.458415
806,7,0.480839
806,8,0.449943
806,9,0.487095
806,10,0.520813
806,11,0.456642
806,12,0.531294
806,13,0.520813
806,14,0.434589
806,15,0.475183
807,1,0.473996
807,2,0.472083
807,3,0.524980
807,4,0.434589
807,5,0.489005
807,6,0.549676
807,7,0.531294
807,8,0.471833
807,9,0.463495
807,10,0.434589
807,11,0.521767
807,12,0.456642
807,13,0.520477
807,14,0.531294
807,15,0.521767
808,1,0.520477
808,2,0.574110
808,3,0.521767
808,4,0.492464
808,5,0.474816
808,6,0.535414
808,7,0.446717
808,8,0.553959
808,9,0.521767
808,10,0.574110
808,11,0.467425
808,12,0.485581
808,13,0.380913
808,14,0.314447
808,15,0.520791
809,1,0.547988
809,2,0.434589
809,3,0.380913
809,4,0.542436
809,5,0.481802
809,6,0.524980
809,7,0.526170
809,8,0.467425
809,9,0.445859
809,10,0.530507
809,11,0.476148
809,12,0.520477
809,13,0.523217
809,14,0.459058
809,15,0.531294
810,1,0.459310
810,2,0.515668
810,3,0.508587
810,4,0.438214
810,5,0.521767
810,6,0.521767
810,7,0.549194
810,8,0.522955
810,9,0.492464
810,10,0.521767
810,11,0.467836
810,12,0.455982
810,13,0.463495
810,14,0.507999
810,15,0.535135
811,1,0.520477
811,2,0.494176
811,3,0.469356
811,4,0.443065
811,5,0.495545
811,6,0.534946
811,7,0.464594
811,8,0.513297
811,9,0.534946
811,10,0.475608
811,11,0.217294
811,12,0.517317
811,13,0.531294
811,14,0.508124
811,15,0.464335
812,1,0.535561
812,2,0.492464
812,3,0.217294
812,4,0.513297
812,5,0.481201
812,6,0.521767
812,7,0.458765
812,8,0.464246
812,9,0.459310
812,10,0.473956
812,11,0.306039
812,12,0.217294
812,13,0.534946
812,14,0.522955
812,15,0.482941
813,1,0.471671
813,2,0.492297
813,3,0.520477
813,4,0.509792
813,5,0.521767
813,6,0.467425
813,7,0.574110
813,8,0.494256
813,9,0.457607
813,10,0.254376
813,11,0.510893
813,12,0.547988
813,13,0.492464
813,14,0.521767
813,15,0.526170
814,1,0.456475
814,2,0.536737
814,3,0.468327
814,4,0.459310
814,5,0.466824
814,6,0.530507
814,7,0.526170
814,8,0.463993
814,9,0.531294
814,10,0.492632
814,11,0.531294
814,12,0.434589
814,13,0.534946
814,14,0.531294
814,15,0.468157
815,1,0.520477
815,2,0.474816
815,3,0.521767
815,4,0.492464
815,5,0.521767
815,6,0.574110
815,7,0.492464
815,8,0.521767
815,9,0.397650
815,10,0.531294
815,11,0.471671
815,12,0.515668
815,13,0.520477
815,14,0.547988
815,15,0.473956
816,1,0.535178
816,2,0.471671
816,3,0.489181
816,4,0.471811
816,5,0.473996
816,6,0.442102
816,7,0.000000
816,8,0.503119
816,9,0.508753
816,10,0.521767
816,11,0.471671
816,12,0.485386
816,13,0.535561
816,14,0.535135
816,15,0.519457
817,1,0.521884
817,2,0.536737
817,3,0.434589
817,4,0.547988
817,5,0.534946
817,6,0.505408
817,7,0.515668
817,8,0.521767
817,9,0.471671
817,10,0.574110
817,11,0.493109
817,12,0.551058
817,13,0.576623
817,14,0.475296
817,15,0.501209
818,1,0.547988
818,2,0.534946
818,3,0.521767
818,4,0.445859
818,5,0.521767
818,6,0.466824
818,7,0.515668
818,8,0.521767
818,9,0.466824
818,10,0.434589
818,11,0.508587
818,12,0.461727
818,13,0.358405
818,14,0.511032
818,15,0.531294
819,1,0.456642
819,2,0.508409
819,3,0.534946
819,4,0.535135
819,5,0.445859
819,6,0.488479
819,7,0.534946
819,8,0.495545
819,9,0.515102
819,10,0.464207
819,11,0.436940
819,12,0.555304
819,13,0.574110
819,14,0.534946
819,15,0.445859
820,1,0.501733
820,2,0.539068
820,3,0.434589
820,4,0.521767
820,5,0.574110
820,6,0.489181
820,7,0.549676
820,8,0.519457
820,9,0.489306
820,10,0.508587
820,11,0.574110
820,12,0.456642
820,13,0.505564
820,14,0.534946
820,15,0.434589
821,1,0.531294
821,2,0.530367
821,3,0.443065
821,4,0.521767
821,5,0.466824
821,6,0.289726
821,7,0.521122
821,8,0.509792
821,9,0.537823
821,10,0.545086
821,11,0.576905
821,12,0.458896
821,13,0.524980
821,14,0.434589
821,15,0.466824
822,1,0.534946
822,2,0.471671
822,3,0.471671
822,4,0.473956
822,5,0.534946
822,6,0.492464
822,7,0.521767
822,8,0.531294
822,9,0.508587
822,10,0.521290
822,11,0.477751
822,12,0.360901
822,13,0.531294
822,14,0.533120
822,15,0.445859
823,1,0.494256
823,2,0.477751
823,3,0.520477
823,4,0.474816
823,5,0.490375
823,6,0.549802
823,7,0.519457
823,8,0.466824
823,9,0.516911
823,10,0.457093
823,11,0.547988
823,12,0.530507
823,13,0.471671
823,14,0.534946
823,15,0.492464
824,1,0.547988
824,2,0.530507
824,3,0.520477
824,4,0.463993
824,5,0.501733
824,6,0.521767
824,7,0.397650
824,8,0.545566
824,9,0.512167
824,10,0.521767
824,11,0.466824
824,12,0.217294
824,13,0.471671
824,14,0.466679
824,15,0.472687
825,1,0.531294
825,2,0.520813
825,3,0.523217
825,4,0.534946
825,5,0.445859
825,6,0.574110
825,7,0.574110
825,8,0.467425
825,9,0.535561
825,10,0.548126
825,11,0.445859
825,12,0.534946
825,13,0.475183
825,14,0.535561
825,15,0.521767
826,1,0.508753
826,2,0.512167
826,3,0.456642
826,4,0.509747
826,5,0.523217
826,6,0.521063
826,7,0.488479
826,8,0.457620
826,9,0.520477
826,10,0.467425
826,11,0.535561
826,12,0.434589
826,13,0.531294
826,14,0.492297
826,15,0.521767
827,1,0.434589
827,2,0.445859
827,3,0.520477
827,4,0.534946
827,5,0.547988
827,6,0.519457
827,7,0.520477
827,8,0.534946
827,9,0.531294
827,10,0.531294
827,11,0.521767
827,12,0.471671
827,13,0.500261
827,14,0.521767
827,15,0.471671
828,1,0.527474
828,2,0.445859
828,3,0.531294
828,4,0.469548
828,5,0.490059
828,6,0.523217
828,7,0.467425
828,8,0.508753
828,9,0.534946
828,10,0.479597
828,11,0.217294
828,12,0.434589
828,13,0.508587
828,14,0.515290
828,15,0.437005
829,1,0.467425
829,2,0.492966
829,3,0.443065
829,4,0.452359
829,5,0.574110
829,6,0.512167
829,7,0.536737
829,8,0.485880
829,9,0.481201
829,10,0.520477
829,11,0.533704
829,12,0.531294
829,13,0.434589
829,14,0.443065
829,15,0.521767
830,1,0.490375
830,2,0.576623
830,3,0.542323
830,4,0.534946
830,5,0.512959
830,6,0.508587
830,7,0.576623
830,8,0.531294
830,9,0.520477
830,10,0.445859
830,11,0.513297
830,12,0.531294
830,13,0.512167
830,14,0.475183
830,15,0.521767
831,1,0.574110
831,2,0.492464
831,3,0.523217
831,4,0.459058
831,5,0.521767
831,6,0.526170
831,7,0.536737
831,8,0.468327
831,9,0.524980
831,10,0.473956
831,11,0.534946
831,12,0.492464
831,13,0.521767
831,14,0.508587
831,15,0.434589
832,1,0.434589
832,2,0.445859
832,3,0.547988
832,4,0.466824
832,5,0.510893
832,6,0.549865
832,7,0.547988
832,8,0.520477
832,9,0.459058
832,10,0.467425
832,11,0.467425
832,12,0.524980
832,13,0.520477
832,14,0.434589
832,15,0.467425
833,1,0.545566
833,2,0.515290
833,3,0.478695
833,4,0.471671
833,5,0.574110
833,6,0.456642
833,7,0.314447
833,8,0.547988
833,9,0.434589
833,10,0.545566
833,11,0.467425
833,12,0.467425
833,13,0.436940
833,14,0.522927
833,15,0.530367
834,1,0.492464
834,2,0.338176
834,3,0.521767
834,4,0.456642
834,5,0.535561
834,6,0.574110
834,7,0.534946
834,8,0.520477
834,9,0.500261
834,10,0.574110
834,11,0.471671
834,12,0.486746
834,13,0.534946
834,14,0.522955
834,15,0.531294
835,1,0.530367
835,2,0.531294
835,3,0.466824
835,4,0.534946
835,5,0.466824
835,6,0.517317
835,7,0.520477
835,8,0.510413
835,9,0.553959
835,10,0.531294
835,11,0.488542
835,12,0.471671
835,13,0.506677
835,14,0.521767
835,15,0.434589
836,1,0.547988
836,2,0.531294
836,3,0.492464
836,4,0.513993
836,5,0.468876
836,6,0.511032
836,7,0.520477
836,8,0.534946
836,9,0.515290
836,10,0.486746
836,11,0.474816
836,12,0.252061
836,13,0.485581
836,14,0.477949
836,15,0.515668
837,1,0.533120
837,2,0.457456
837,3,0.471671
837,4,0.463495
837,5,0.530507
837,6,0.534946
837,7,0.492297
837,8,0.217294
837,9,0.521767
837,10,0.574110
837,11,0.466824
837,12,0.530507
837,13,0.434589
837,14,0.473956
837,15,0.342360
838,1,0.531294
838,2,0.529648
838,3,0.456480
838,4,0.531294
838,5,0.531294
838,6,0.466824
838,7,0.534946
838,8,0.515290
838,9,0.521767
838,10,0.534946
838,11,0.464451
838,12,0.537742
838,13,0.452819
838,14,0.508409
838,15,0.547242
839,1,0.547988
839,2,0.475183
839,3,0.514107
839,4,0.520477
839,5,0.466824
839,6,0.342360
839,7,0.471671
839,8,0.481201
839,9,0.510721
839,10,0.461727
839,11,0.574110
839,12,0.534946
839,13,0.467064
839,14,0.504735
839,15,0.554100
840,1,0.492966
840,2,0.489181
840,3,0.471671
840,4,0.466679
840,5,0.534946
840,6,0.521767
840,7,0.533120
840,8,0.529871
840,9,0.521767
840,10,0.531294
840,11,0.456642
840,12,0.574110
840,13,0.534946
840,14,0.459310
840,15,0.506677
841,1,0.521767
841,2,0.471671
841,3,0.463495
841,4,0.311119
841,5,0.547988
841,6,0.481201
841,7,0.506677
841,8,0.553495
841,9,0.471671
841,10,0.490059
841,11,0.521767
841,12,0.547988
841,13,0.471671
841,14,0.574110
841,15,0.508587
842,1,0.434589
842,2,0.397650
842,3,0.459310
842,4,0.501076
842,5,0.464451
842,6,0.342360
842,7,0.342360
842,8,0.522701
842,9,0.520477
842,10,0.534946
842,11,0.479948
842,12,0.526170
842,13,0.467064
842,14,0.517321
842,15,0.434589
843,1,0.471671
843,2,0.521767
843,3,0.469356
843,4,0.458765
843,5,0.311119
843,6,0.521767
843,7,0.536737
843,8,0.492297
843,9,0.521767
843,10,0.504123
843,11,0.535561
843,12,0.481802
843,13,0.489005
843,14,0.522955
843,15,0.466824
844,1,0.521767
844,2,0.481555
844,3,0.306039
844,4,0.534946
844,5,0.464594
844,6,0.475559
844,7,0.531294
844,8,0.485880
844,9,0.534946
844,10,0.457093
844,11,0.217294
844,12,0.314447
844,13,0.479895
844,14,0.343325
844,15,0.514107
845,1,0.534946
845,2,0.475634
845,3,0.510893
845,4,0.469548
845,5,0.446717
845,6,0.520477
845,7,0.458415
845,8,0.527474
845,9,0.574110
845,10,0.492297
845,11,0.566955
845,12,0.342360
845,13,0.535561
845,14,0.475608
845,15,0.531294
846,1,0.521767
846,2,0.469356
846,3,0.574110
846,4,0.531294
846,5,0.545566
846,6,0.462522
846,7,0.535561
846,8,0.522955
846,9,0.445859
846,10,0.254376
846,11,0.521767
846,12,0.531294
846,13,0.534946
846,14,0.456642
846,15,0.471671
847,1,0.521767
847,2,0.485880
847,3,0.534946
847,4,0.531300
847,5,0.531294
847,6,0.530507
847,7,0.504123
847,8,0.445859
847,9,0.494256
847,10,0.526170
847,11,0.492464
847,12,0.574110
847,13,0.492966
847,14,0.493834
847,15,0.434589
848,1,0.488479
848,2,0.521767
848,3,0.471671
848,4,0.463495
848,5,0.521767
848,6,0.471671
848,7,0.527474
848,8,0.520813
848,9,0.445859
848,10,0.471671
848,11,0.434589
848,12,0.466824
848,13,0.519457
848,14,0.534946
848,15,0.434589
849,1,0.534946
849,2,0.521767
849,3,0.536737
849,4,0.458765
849,5,0.434589
849,6,0.466824
849,7,0.479895
849,8,0.536737
849,9,0.489306
849,10,0.495545
849,11,0.477751
849,12,0.530605
849,13,0.536737
849,14,0.508587
849,15,0.521767
850,1,0.536737
850,2,0.535135
850,3,0.466824
850,4,0.527474
850,5,0.456480
850,6,0.488714
850,7,0.574110
850,8,0.489181
850,9,0.534946
850,10,0.457081
850,11,0.472833
850,12,0.515668
850,13,0.489005
850,14,0.471671
850,15,0.475183
851,1,0.515668
851,2,0.458415
851,3,0.515668
851,4,0.472792
851,5,0.459927
851,6,0.509747
851,7,0.306039
851,8,0.513942
851,9,0.543716
851,10,0.533704
851,11,0.445859
851,12,0.314447
851,13,0.521767
851,14,0.508753
851,15,0.515290
852,1,0.521767
852,2,0.508587
852,3,0.547988
852,4,0.459644
852,5,0.516911
852,6,0.449943
852,7,0.534946
852,8,0.492297
852,9,0.434589
852,10,0.485880
852,11,0.553959
852,12,0.547242
852,13,0.531294
852,14,0.531294
852,15,0.520813
853,1,0.521767
853,2,0.457607
853,3,0.524980
853,4,0.521767
853,5,0.464451
853,6,0.471671
853,7,0.527474
853,8,0.492464
853,9,0.327929
853,10,0.477873
853,11,0.547988
853,12,0.515668
853,13,0.489181
853,14,0.547988
853,15,0.508587
854,1,0.542738
854,2,0.459058
854,3,0.458091
854,4,0.535135
854,5,0.434589
854,6,0.531294
854,7,0.457456
854,8,0.466679
854,9,0.466679
854,10,0.484656
854,11,0.536737
854,12,0.486746
854,13,0.521767
854,14,0.457607
854,15,0.344483
855,1,0.534946
855,2,0.468327
855,3,0.535561
855,4,0.574110
855,5,0.466824
855,6,0.534946
855,7,0.520477
855,8,0.471671
855,9,0.463993
855,10,0.454104
855,11,0.534946
855,12,0.492464
855,13,0.521767
855,14,0.515290
855,15,0.471671
856,1,0.506677
856,2,0.452819
856,3,0.434589
856,4,0.531294
856,5,0.548001
856,6,0.522955
856,7,0.547988
856,8,0.445859
856,9,0.533120
856,10,0.489306
856,11,0.574110
856,12,0.531294
856,13,0.574110
856,14,0.471671
856,15,0.499515
857,1,0.445859
857,2,0.508409
857,3,0.531294
857,4,0.506026
857,5,0.481201
857,6,0.461795
857,7,0.473996
857,8,0.489313
857,9,0.534946
857,10,0.471671
857,11,0.547988
857,12,0.436940
857,13,0.534946
857,14,0.481802
857,15,0.531294
858,1,0.474816
858,2,0.520477
858,3,0.467425
858,4,0.535561
858,5,0.445859
858,6,0.521767
858,7,0.466824
858,8,0.217294
858,9,0.520477
858,10,0.533704
858,11,0.471671
858,12,0.521767
858,13,0.515102
858,14,0.536737
858,15,0.520477
859,1,0.574110
859,2,0.456480
859,3,0.478468
859,4,0.574110
859,5,0.534946
859,6,0.481802
859,7,0.506677
859,8,0.471671
859,9,0.463495
859,10,0.534946
859,11,0.468327
859,12,0.535561
859,13,0.531294
859,14,0.495783
859,15,0.535135
860,1,0.492297
860,2,0.467425
860,3,0.513402
860,4,0.531294
860,5,0.506026
860,6,0.475608
860,7,0.531294
860,8,0.521767
860,9,0.445859
860,10,0.547988
860,11,0.485880
860,12,0.452819
860,13,0.501691
860,14,0.485880
860,15,0.574110
861,1,0.574110
861,2,0.489005
861,3,0.520477
861,4,0.475782
861,5,0.574110
861,6,0.492464
861,7,0.531294
861,8,0.547988
861,9,0.466824
861,10,0.547988
861,11,0.508587
861,12,0.547988
861,13,0.534946
861,14,0.505408
861,15,0.445859
862,1,0.500186
862,2,0.556821
862,3,0.483618
862,4,0.505564
862,5,0.564999
862,6,0.314447
862,7,0.531294
862,8,0.521767
862,9,0.549194
862,10,0.492320
862,11,0.522955
862,12,0.549194
862,13,0.535135
862,14,0.519583
862,15,0.468327
863,1,0.531294
863,2,0.464451
863,3,0.456480
863,4,0.534946
863,5,0.493556
863,6,0.533704
863,7,0.547988
863,8,0.442102
863,9,0.574110
863,10,0.445859
863,11,0.375638
863,12,0.524980
863,13,0.531294
863,14,0.442137
863,15,0.471671
864,1,0.534946
864,2,0.460763
864,3,0.452359
864,4,0.502593
864,5,0.566955
864,6,0.486746
864,7,0.438214
864,8,0.534946
864,9,0.469999
864,10,0.524980
864,11,0.534946
864,12,0.520477
864,13,0.480723
864,14,0.532807
864,15,0.531294
865,1,0.474816
865,2,0.471671
865,3,0.521767
865,4,0.486746
865,5,0.504507
865,6,0.463495
865,7,0.456480
865,8,0.535561
865,9,0.471671
865,10,0.574110
865,11,0.492464
865,12,0.217294
865,13,0.520477
865,14,0.458765
865,15,0.520791
866,1,0.534946
866,2,0.479353
866,3,0.434589
866,4,0.521767
866,5,0.534946
866,6,0.531294
866,7,0.491204
866,8,0.468327
866,9,0.524980
866,10,0.445859
866,11,0.314447
866,12,0.534946
866,13,0.464451
866,14,0.531294
866,15,0.456642
867,1,0.533428
867,2,0.458765
867,3,0.466679
867,4,0.467425
867,5,0.434589
867,6,0.534946
867,7,0.531294
867,8,0.512390
867,9,0.519457
867,10,0.466824
867,11,0.311119
867,12,0.520791
867,13,0.530367
867,14,0.493637
867,15,0.534946
868,1,0.534946
868,2,0.481802
868,3,0.463495
868,4,0.342360
868,5,0.522701
868,6,0.534946
868,7,0.380913
868,8,0.467425
868,9,0.531294
868,10,0.456480
868,11,0.508753
868,12,0.534946
868,13,0.535135
868,14,0.534946
868,15,0.466824
869,1,0.510893
869,2,0.543400
869,3,0.535135
869,4,0.492464
869,5,0.543152
869,6,0.459310
869,7,0.518717
869,8,0.521767
869,9,0.520477
869,10,0.452458
869,11,0.515668
869,12,0.520477
869,13,0.531294
869,14,0.508587
869,15,0.452819
870,1,0.534946
870,2,0.522955
870,3,0.508587
870,4,0.438214
870,5,0.509747
870,6,0.536737
870,7,0.522955
870,8,0.466824
870,9,0.534946
870,10,0.519583
870,11,0.434589
870,12,0.489005
870,13,0.434589
870,14,0.486746
870,15,0.521767
871,1,0.534946
871,2,0.520477
871,3,0.523217
871,4,0.468876
871,5,0.217294
871,6,0.521767
871,7,0.536737
871,8,0.547988
871,9,0.534946
871,10,0.458765
871,11,0.515668
871,12,0.533704
871,13,0.508124
871,14,0.540988
871,15,0.523217
872,1,0.434589
872,2,0.429401
872,3,0.526170
872,4,0.526170
872,5,0.457607
872,6,0.524980
872,7,0.469356
872,8,0.458765
872,9,0.279891
872,10,0.496877
872,11,0.520813
872,12,0.434589
872,13,0.521767
872,14,0.481555
872,15,0.314447
873,1,0.498768
873,2,0.534946
873,3,0.458765
873,4,0.574110
873,5,0.441741
873,6,0.457178
873,7,0.467425
873,8,0.508587
873,9,0.541212
873,10,0.554100
873,11,0.547988
873,12,0.445859
873,13,0.507999
873,14,0.454942
873,15,0.521767
874,1,0.536737
874,2,0.574110
874,3,0.495545
874,4,0.380913
874,5,0.543716
874,6,0.521767
874,7,0.457607
874,8,0.535561
874,9,0.492464
874,10,0.534946
874,11,0.519583
874,12,0.471671
874,13,0.512167
874,14,0.515102
874,15,0.536737
875,1,0.531294
875,2,0.466824
875,3,0.495545
875,4,0.480626
875,5,0.522701
875,6,0.531294
875,7,0.520813
875,8,0.574110
875,9,0.504507
875,10,0.508587
875,11,0.452359
875,12,0.434589
875,13,0.481201
875,14,0.490059
875,15,0.434589
876,1,0.508587
876,2,0.531294
876,3,0.438229
876,4,0.534946
876,5,0.496160
876,6,0.380913
876,7,0.434589
876,8,0.574110
876,9,0.485880
876,10,0.574110
876,11,0.489181
876,12,0.534946
876,13,0.466824
876,14,0.513942
876,15,0.574110
877,1,0.508587
877,2,0.434589
877,3,0.547988
877,4,0.475183
877,5,0.521767
877,6,0.531294
877,7,0.531294
877,8,0.471671
877,9,0.534946
877,10,0.502064
877,11,0.535561
877,12,0.547988
877,13,0.521767
877,14,0.520477
877,15,0.485880
878,1,0.521767
878,2,0.531294
878,3,0.534946
878,4,0.535135
878,5,0.574110
878,6,0.521767
878,7,0.493109
878,8,0.217294
878,9,0.534946
878,10,0.475183
878,11,0.473797
878,12,0.522492
878,13,0.457607
878,14,0.314447
878,15,0.534946
879,1,0.506102
879,2,0.475296
879,3,0.520477
879,4,0.534946
879,5,0.500261
879,6,0.480960
879,7,0.471671
879,8,0.527474
879,9,0.434589
879,10,0.492464
879,11,0.535178
879,12,0.555304
879,13,0.547988
879,14,0.534946
879,15,0.471671
880,1,0.466679
880,2,0.574110
880,3,0.475183
880,4,0.524980
880,5,0.547988
880,6,0.489181
880,7,0.459497
880,8,0.434589
880,9,0.445859
880,10,0.520477
880,11,0.508587
880,12,0.531294
880,13,0.534946
880,14,0.434589
880,15,0.434589
881,1,0.534946
881,2,0.535135
881,3,0.467425
881,4,0.485880
881,5,0.520477
881,6,0.574110
881,7,0.547988
881,8,0.521767
881,9,0.456475
881,10,0.521767
881,11,0.536737
881,12,0.519457
881,13,0.489306
881,14,0.504507
881,15,0.463495
882,1,0.217294
882,2,0.520477
882,3,0.458415
882,4,0.534946
882,5,0.467425
882,6,0.501971
882,7,0.493080
882,8,0.536737
882,9,0.535135
882,10,0.489306
882,11,0.549802
882,12,0.547242
882,13,0.456480
882,14,0.530367
882,15,0.446717
883,1,0.574110
883,2,0.492464
883,3,0.560633
883,4,0.360901
883,5,0.535561
883,6,0.443065
883,7,0.521290
883,8,0.574110
883,9,0.492464
883,10,0.549036
883,11,0.520813
883,12,0.445859
883,13,0.520477
883,14,0.456642
883,15,0.505564
884,1,0.495545
884,2,0.434589
884,3,0.466824
884,4,0.452673
884,5,0.535561
884,6,0.531294
884,7,0.520813
884,8,0.533704
884,9,0.482941
884,10,0.506117
884,11,0.547988
884,12,0.464451
884,13,0.434589
884,14,0.492464
884,15,0.512167
885,1,0.534946
885,2,0.545566
885,3,0.434589
885,4,0.464166
885,5,0.541848
885,6,0.471671
885,7,0.518104
885,8,0.520813
885,9,0.467425
885,10,0.459927
885,11,0.534108
885,12,0.531294
885,13,0.521767
885,14,0.485880
885,15,0.521767
886,1,0.526170
886,2,0.466824
886,3,0.534946
886,4,0.521767
886,5,0.445859
886,6,0.520477
886,7,0.438229
886,8,0.554100
886,9,0.541848
886,10,0.526170
886,11,0.488479
886,12,0.521767
886,13,0.492464
886,14,0.555304
886,15,0.512167
887,1,0.465280
887,2,0.467425
887,3,0.520477
887,4,0.459058
887,5,0.474816
887,6,0.536737
887,7,0.493703
887,8,0.510381
887,9,0.474816
887,10,0.499364
887,11,0.574110
887,12,0.486746
887,13,0.461727
887,14,0.515668
887,15,0.489181
888,1,0.461727
888,2,0.467425
888,3,0.508587
888,4,0.452819
888,5,0.217294
888,6,0.467425
888,7,0.524980
888,8,0.469356
888,9,0.520477
888,10,0.466824
888,11,0.311119
888,12,0.521767
888,13,0.466824
888,14,0.518717
888,15,0.513993
889,1,0.482941
889,2,0.534946
889,3,0.445859
889,4,0.508753
889,5,0.520477
889,6,0.456475
889,7,0.527747
889,8,0.543152
889,9,0.434589
889,10,0.471671
889,11,0.527474
889,12,0.534946
889,13,0.397650
889,14,0.521767
889,15,0.445859
890,1,0.534946
890,2,0.492320
890,3,0.530367
890,4,0.464451
890,5,0.534946
890,6,0.445859
890,7,0.534946
890,8,0.457093
890,9,0.454104
890,10,0.531294
890,11,0.442137
890,12,0.534946
890,13,0.531294
890,14,0.534946
890,15,0.457081
891,1,0.574110
891,2,0.467425
891,3,0.466824
891,4,0.514107
891,5,0.574110
891,6,0.479353
891,7,0.499364
891,8,0.466824
891,9,0.497782
891,10,0.536737
891,11,0.531294
891,12,0.481201
891,13,0.463495
891,14,0.342360
891,15,0.522701
892,1,0.579136
892,2,0.531294
892,3,0.464451
892,4,0.434589
892,5,0.531294
892,6,0.474816
892,7,0.551058
892,8,0.452819
892,9,0.364186
892,10,0.345645
892,11,0.506117
892,12,0.531294
892,13,0.520813
892,14,0.459058
892,15,0.467425
893,1,0.535561
893,2,0.479948
893,3,0.574110
893,4,0.504507
893,5,0.514309
893,6,0.434589
893,7,0.534946
893,8,0.535135
893,9,0.469548
893,10,0.456857
893,11,0.492966
893,12,0.490375
893,13,0.535135
893,14,0.535135
893,15,0.520477
894,1,0.531294
894,2,0.445859
894,3,0.514107
894,4,0.531294
894,5,0.464451
894,6,0.543716
894,7,0.535178
894,8,0.535723
894,9,0.553959
894,10,0.521767
894,11,0.526170
894,12,0.531294
894,13,0.445859
894,14,0.492966
894,15,0.445859
895,1,0.534946
895,2,0.467425
895,3,0.531294
895,4,0.530367
895,5,0.534946
895,6,0.522955
895,7,0.536737
895,8,0.466824
895,9,0.516911
895,10,0.492632
895,11,0.434589
895,12,0.442102
895,13,0.314447
895,14,0.501209
895,15,0.522955
896,1,0.434589
896,2,0.529648
896,3,0.480723
896,4,0.513993
896,5,0.526170
896,6,0.434589
896,7,0.510413
896,8,0.537488
896,9,0.342360
896,10,0.217294
896,11,0.471671
896,12,0.534946
896,13,0.495444
896,14,0.531294
896,15,0.500261
897,1,0.524980
897,2,0.473956
897,3,0.311617
897,4,0.473996
897,5,0.473996
897,6,0.443065
897,7,0.452819
897,8,0.505564
897,9,0.452819
897,10,0.345645
897,11,0.523056
897,12,0.481880
897,13,0.536737
897,14,0.512959
897,15,0.533704
898,1,0.443065
898,2,0.542738
898,3,0.354594
898,4,0.515668
898,5,0.508587
898,6,0.481201
898,7,0.527474
898,8,0.521767
898,9,0.520477
898,10,0.520477
898,11,0.521767
898,12,0.526170
898,13,0.521767
898,14,0.512167
898,15,0.521767
899,1,0.457129
899,2,0.534946
899,3,0.521767
899,4,0.445859
899,5,0.467425
899,6,0.492464
899,7,0.534946
899,8,0.468327
899,9,0.445859
899,10,0.504507
899,11,0.488926
899,12,0.547988
899,13,0.459310
899,14,0.477949
899,15,0.467425
900,1,0.535561
900,2,0.531294
900,3,0.456642
900,4,0.471671
900,5,0.534946
900,6,0.492464
900,7,0.575973
900,8,0.549676
900,9,0.559329
900,10,0.543716
900,11,0.534946
900,12,0.522955
900,13,0.478695
900,14,0.520477
900,15,0.531294
901,1,0.445859
901,2,0.534946
901,3,0.457093
901,4,0.547988
901,5,0.380913
901,6,0.314447
901,7,0.534946
901,8,0.479948
901,9,0.508753
901,10,0.541312
901,11,0.543152
901,12,0.554100
901,13,0.553959
901,14,0.471671
901,15,0.498768
902,1,0.463993
902,2,0.513297
902,3,0.534946
902,4,0.520477
902,5,0.520477
902,6,0.485880
902,7,0.463993
902,8,0.574110
902,9,0.534946
902,10,0.535135
902,11,0.508587
902,12,0.452359
902,13,0.534946
902,14,0.445859
902,15,0.531294
903,1,0.520813
903,2,0.493834
903,3,0.574110
903,4,0.492464
903,5,0.554100
903,6,0.452359
903,7,0.521767
903,8,0.531294
903,9,0.467425
903,10,0.492464
903,11,0.549036
903,12,0.530367
903,13,0.467425
903,14,0.466824
903,15,0.534946
904,1,0.464594
904,2,0.486394
904,3,0.546563
904,4,0.434589
904,5,0.471671
904,6,0.397650
904,7,0.547988
904,8,0.534946
904,9,0.466824
904,10,0.534946
904,11,0.438229
904,12,0.526170
904,13,0.508587
904,14,0.534946
904,15,0.535135
905,1,0.471671
905,2,0.466679
905,3,0.521767
905,4,0.574110
905,5,0.521767
905,6,0.508587
905,7,0.574110
905,8,0.521767
905,9,0.466824
905,10,0.373641
905,11,0.475559
905,12,0.537648
905,13,0.505408
905,14,0.524980
905,15,0.466824
906,1,0.574110
906,2,0.520477
906,3,0.531294
906,4,0.534946
906,5,0.520477
906,6,0.456642
906,7,0.524980
906,8,0.495783
906,9,0.508587
906,10,0.532657
906,11,0.535135
906,12,0.475183
906,13,0.311119
906,14,0.217294
906,15,0.342360
907,1,0.524980
907,2,0.471671
907,3,0.515668
907,4,0.463241
907,5,0.447332
907,6,0.531294
907,7,0.463993
907,8,0.434589
907,9,0.492131
907,10,0.531294
907,11,0.518839
907,12,0.547988
907,13,0.520477
907,14,0.450901
907,15,0.489181
908,1,0.555785
908,2,0.522955
908,3,0.508753
908,4,0.477949
908,5,0.529878
908,6,0.521767
908,7,0.526170
908,8,0.471671
908,9,0.521767
908,10,0.547988
908,11,0.467425
908,12,0.535561
908,13,0.475183
908,14,0.524980
908,15,0.503119
909,1,0.547988
909,2,0.547988
909,3,0.534946
909,4,0.471671
909,5,0.464451
909,6,0.494256
909,7,0.492297
909,8,0.467425
909,9,0.548411
909,10,0.522955
909,11,0.475183
909,12,0.515668
909,13,0.520477
909,14,0.493297
909,15,0.434589
910,1,0.492464
910,2,0.342360
910,3,0.524980
910,4,0.458765
910,5,0.500261
910,6,0.480960
910,7,0.532807
910,8,0.448817
910,9,0.520477
910,10,0.456642
910,11,0.524980
910,12,0.534946
910,13,0.547988
910,14,0.521767
910,15,0.471671
911,1,0.508960
911,2,0.466824
911,3,0.498527
911,4,0.549036
911,5,0.530367
911,6,0.474180
911,7,0.521767
911,8,0.520477
911,9,0.491894
911,10,0.492659
911,11,0.536737
911,12,0.471671
911,13,0.445859
911,14,0.434589
911,15,0.449266
912,1,0.465457
912,2,0.531294
912,3,0.531294
912,4,0.520813
912,5,0.508587
912,6,0.544948
912,7,0.534946
912,8,0.521767
912,9,0.466824
912,10,0.520791
912,11,0.521767
912,12,0.536737
912,13,0.535135
912,14,0.520477
912,15,0.467425
913,1,0.513402
913,2,0.524980
913,3,0.531294
913,4,0.534946
913,5,0.519583
913,6,0.547988
913,7,0.471671
913,8,0.434589
913,9,0.449266
913,10,0.344483
913,11,0.466679
913,12,0.457129
913,13,0.574110
913,14,0.474816
913,15,0.520477
914,1,0.508587
914,2,0.452359
914,3,0.467425
914,4,0.459927
914,5,0.497424
914,6,0.521290
914,7,0.509792
914,8,0.452819
914,9,0.342360
914,10,0.534946
914,11,0.522955
914,12,0.531294
914,13,0.525110
914,14,0.533704
914,15,0.520813
915,1,0.508587
915,2,0.521767
915,3,0.521767
915,4,0.536737
915,5,0.468327
915,6,0.520477
915,7,0.488352
915,8,0.534946
915,9,0.478695
915,10,0.217294
915,11,0.314447
915,12,0.217294
915,13,0.520477
915,14,0.521767
915,15,0.443065
916,1,0.471671
916,2,0.466824
916,3,0.434589
916,4,0.521767
916,5,0.536737
916,6,0.521716
916,7,0.521767
916,8,0.471671
916,9,0.463495
916,10,0.000000
916,11,0.517317
916,12,0.452819
916,13,0.513297
916,14,0.522927
916,15,0.522955
917,1,0.508587
917,2,0.471671
917,3,0.463495
917,4,0.534946
917,5,0.530507
917,6,0.466824
917,7,0.547988
917,8,0.466824
917,9,0.524527
917,10,0.468327
917,11,0.471671
917,12,0.464451
917,13,0.520477
917,14,0.466824
917,15,0.534946
918,1,0.489181
918,2,0.574110
918,3,0.521767
918,4,0.547988
918,5,0.456642
918,6,0.434589
918,7,0.456642
918,8,0.314447
918,9,0.466679
918,10,0.466824
918,11,0.534946
918,12,0.520477
918,13,0.458415
918,14,0.527474
918,15,0.574110
919,1,0.510413
919,2,0.466824
919,3,0.527474
919,4,0.456480
919,5,0.469692
919,6,0.535561
919,7,0.492297
919,8,0.534946
919,9,0.466824
919,10,0.515668
919,11,0.467926
919,12,0.510721
919,13,0.521767
919,14,0.536737
919,15,0.522955
920,1,0.380913
920,2,0.456480
920,3,0.471671
920,4,0.469548
920,5,0.535561
920,6,0.481802
920,7,0.447332
920,8,0.537488
920,9,0.534946
920,10,0.489306
920,11,0.542738
920,12,0.456480
920,13,0.459927
920,14,0.217294
920,15,0.501076
921,1,0.531294
921,2,0.446717
921,3,0.542738
921,4,0.555304
921,5,0.521767
921,6,0.457607
921,7,0.535561
921,8,0.535135
921,9,0.530507
921,10,0.470513
921,11,0.463495
921,12,0.471671
921,13,0.466824
921,14,0.434589
921,15,0.520477
922,1,0.489181
922,2,0.549676
922,3,0.537648
922,4,0.542738
922,5,0.547988
922,6,0.473956
922,7,0.520477
922,8,0.494540
922,9,0.522955
922,10,0.492464
922,11,0.520477
922,12,0.534946
922,13,0.466824
922,14,0.521767
922,15,0.506438
923,1,0.527474
923,2,0.442102
923,3,0.517317
923,4,0.535135
923,5,0.529648
923,6,0.521767
923,7,0.459310
923,8,0.515668
923,9,0.456475
923,10,0.520477
923,11,0.462244
923,12,0.461727
923,13,0.534946
923,14,0.522955
923,15,0.442102
924,1,0.531294
924,2,0.529648
924,3,0.500261
924,4,0.459927
924,5,0.315997
924,6,0.521767
924,7,0.492966
924,8,0.471671
924,9,0.463993
924,10,0.534946
924,11,0.522955
924,12,0.526170
924,13,0.469356
924,14,0.459927
924,15,0.535561
925,1,0.489181
925,2,0.574110
925,3,0.508587
925,4,0.491204
925,5,0.574110
925,6,0.508587
925,7,0.471671
925,8,0.434589
925,9,0.471671
925,10,0.574110
925,11,0.531294
925,12,0.521767
925,13,0.526170
925,14,0.471671
925,15,0.459310
926,1,0.465067
926,2,0.515668
926,3,0.534946
926,4,0.545566
926,5,0.445859
926,6,0.547988
926,7,0.508587
926,8,0.534946
926,9,0.466824
926,10,0.217294
926,11,0.534946
926,12,0.508587
926,13,0.461727
926,14,0.531294
926,15,0.521767
927,1,0.574110
927,2,0.458765
927,3,0.520477
927,4,0.534946
927,5,0.434589
927,6,0.474816
927,7,0.534946
927,8,0.535135
927,9,0.481802
927,10,0.458091
927,11,0.492464
927,12,0.521122
927,13,0.534946
927,14,0.486746
927,15,0.460637
928,1,0.521767
928,2,0.445859
928,3,0.574110
928,4,0.466824
928,5,0.474943
928,6,0.492966
928,7,0.445859
928,8,0.513942
928,9,0.539444
928,10,0.534946
928,11,0.466824
928,12,0.515668
928,13,0.508587
928,14,0.467425
928,15,0.467064
929,1,0.473996
929,2,0.466824
929,3,0.520791
929,4,0.529795
929,5,0.536737
929,6,0.459310
929,7,0.478695
929,8,0.522701
929,9,0.452359
929,10,0.000000
929,11,0.547988
929,12,0.463993
929,13,0.514107
929,14,0.547988
929,15,0.471671
930,1,0.531210
930,2,0.548126
930,3,0.496160
930,4,0.522955
930,5,0.515290
930,6,0.521767
930,7,0.445859
930,8,0.521767
930,9,0.492131
930,10,0.445859
930,11,0.534946
930,12,0.574110
930,13,0.530507
930,14,0.515290
930,15,0.531294
931,1,0.548001
931,2,0.521767
931,3,0.467425
931,4,0.535561
931,5,0.520477
931,6,0.458415
931,7,0.530507
931,8,0.499364
931,9,0.457129
931,10,0.500261
931,11,0.535561
931,12,0.445859
931,13,0.521767
931,14,0.520477
931,15,0.495545
932,1,0.457607
932,2,0.437995
932,3,0.314447
932,4,0.507999
932,5,0.461727
932,6,0.521767
932,7,0.508587
932,8,0.537823
932,9,0.545086
932,10,0.531975
932,11,0.574110
932,12,0.529648
932,13,0.466824
932,14,0.574110
932,15,0.534946
933,1,0.471671
933,2,0.574110
933,3,0.521767
933,4,0.534946
933,5,0.535135
933,6,0.466824
933,7,0.531294
933,8,0.457620
933,9,0.499515
933,10,0.527474
933,11,0.434589
933,12,0.574110
933,13,0.531294
933,14,0.521767
933,15,0.477751
934,1,0.526170
934,2,0.515290
934,3,0.575785
934,4,0.533120
934,5,0.434589
934,6,0.466824
934,7,0.520477
934,8,0.458415
934,9,0.524527
934,10,0.522955
934,11,0.445859
934,12,0.513297
934,13,0.523217
934,14,0.523217
934,15,0.521767
935,1,0.445859
935,2,0.471671
935,3,0.445859
935,4,0.342360
935,5,0.513297
935,6,0.524980
935,7,0.492464
935,8,0.547430
935,9,0.547988
935,10,0.534946
935,11,0.466824
935,12,0.520791
935,13,0.469548
935,14,0.524980
935,15,0.526170
936,1,0.492464
936,2,0.535723
936,3,0.520477
936,4,0.489005
936,5,0.530367
936,6,0.521767
936,7,0.448507
936,8,0.469999
936,9,0.490059
936,10,0.360901
936,11,0.506117
936,12,0.521767
936,13,0.445859
936,14,0.536737
936,15,0.457093
937,1,0.535561
937,2,0.466824
937,3,0.515668
937,4,0.500261
937,5,0.535561
937,6,0.521767
937,7,0.520477
937,8,0.474816
937,9,0.521767
937,10,0.508587
937,11,0.504507
937,12,0.459927
937,13,0.520477
937,14,0.458301
937,15,0.472792
938,1,0.484200
938,2,0.520477
938,3,0.434589
938,4,0.436940
938,5,0.520477
938,6,0.459558
938,7,0.534946
938,8,0.505408
938,9,0.524980
938,10,0.457858
938,11,0.217294
938,12,0.360901
938,13,0.548411
938,14,0.535135
938,15,0.457093
939,1,0.314447
939,2,0.342360
939,3,0.534946
939,4,0.485880
939,5,0.434589
939,6,0.521767
939,7,0.466824
939,8,0.503017
939,9,0.546623
939,10,0.438214
939,11,0.548001
939,12,0.488893
939,13,0.523217
939,14,0.462244
939,15,0.438214
940,1,0.311617
940,2,0.524980
940,3,0.534946
940,4,0.521767
940,5,0.534946
940,6,0.456642
940,7,0.522701
940,8,0.534946
940,9,0.475608
940,10,0.504507
940,11,0.521767
940,12,0.526170
940,13,0.531294
940,14,0.510413
940,15,0.445859
941,1,0.534946
941,2,0.534946
941,3,0.471671
941,4,0.456642
941,5,0.314447
941,6,0.534946
941,7,0.492131
941,8,0.531300
941,9,0.521767
941,10,0.466824
941,11,0.480839
941,12,0.456642
941,13,0.522729
941,14,0.531294
941,15,0.521767
942,1,0.466824
942,2,0.547988
942,3,0.492464
942,4,0.456642
942,5,0.492131
942,6,0.508587
942,7,0.530367
942,8,0.508587
942,9,0.521767
942,10,0.492464
942,11,0.475183
942,12,0.531294
942,13,0.521767
942,14,0.456642
942,15,0.519457
943,1,0.457093
943,2,0.360901
943,3,0.478468
943,4,0.488479
943,5,0.489181
943,6,0.466824
943,7,0.464246
943,8,0.543152
943,9,0.504123
943,10,0.535561
943,11,0.445859
943,12,0.342360
943,13,0.497013
943,14,0.485880
943,15,0.493109
944,1,0.574110
944,2,0.471671
944,3,0.534946
944,4,0.521767
944,5,0.531294
944,6,0.534946
944,7,0.548001
944,8,0.535135
944,9,0.534946
944,10,0.504507
944,11,0.527474
944,12,0.442102
944,13,0.342360
944,14,0.489313
944,15,0.466824
945,1,0.547988
945,2,0.520477
945,3,0.533704
945,4,0.488479
945,5,0.456642
945,6,0.522729
945,7,0.526170
945,8,0.526170
945,9,0.481555
945,10,0.546088
945,11,0.520477
945,12,0.531294
945,13,0.492464
945,14,0.534946
945,15,0.531294
946,1,0.456642
946,2,0.521767
946,3,0.536737
946,4,0.474816
946,5,0.554100
946,6,0.489181
946,7,0.522955
946,8,0.521767
946,9,0.534946
946,10,0.574110
946,11,0.531294
946,12,0.521767
946,13,0.469356
946,14,0.466824
946,15,0.311119
947,1,0.531294
947,2,0.534946
947,3,0.474816
947,4,0.556821
947,5,0.482941
947,6,0.342360
947,7,0.521767
947,8,0.485880
947,9,0.467425
947,10,0.531294
947,11,0.521767
947,12,0.459310
947,13,0.534946
947,14,0.463993
947,15,0.314447
948,1,0.502593
948,2,0.504123
948,3,0.492464
948,4,0.534946
948,5,0.489005
948,6,0.582009
948,7,0.534946
948,8,0.466824
948,9,0.500261
948,10,0.468373
948,11,0.520477
948,12,0.534946
948,13,0.446717
948,14,0.537459
948,15,0.456642
949,1,0.520477
949,2,0.521767
949,3,0.508753
949,4,0.434589
949,5,0.506026
949,6,0.475183
949,7,0.524980
949,8,0.534946
949,9,0.471671
949,10,0.500261
949,11,0.547988
949,12,0.456892
949,13,0.534946
949,14,0.434589
949,15,0.534946
950,1,0.520477
950,2,0.458301
950,3,0.547988
950,4,0.521767
950,5,0.520477
950,6,0.458415
950,7,0.456480
950,8,0.524980
950,9,0.445859
950,10,0.520477
950,11,0.509792
950,12,0.438214
950,13,0.314447
950,14,0.521767
950,15,0.526170
951,1,0.506743
951,2,0.489181
951,3,0.443065
951,4,0.520477
951,5,0.521767
951,6,0.469356
951,7,0.489591
951,8,0.471671
951,9,0.506677
951,10,0.541848
951,11,0.466824
951,12,0.514107
951,13,0.534377
951,14,0.471671
951,15,0.516911
952,1,0.531300
952,2,0.445859
952,3,0.512167
952,4,0.457607
952,5,0.534946
952,6,0.574110
952,7,0.489005
952,8,0.553495
952,9,0.492966
952,10,0.531294
952,11,0.466824
952,12,0.522701
952,13,0.520813
952,14,0.459058
952,15,0.445859
953,1,0.513942
953,2,0.520477
953,3,0.493834
953,4,0.471671
953,5,0.438229
953,6,0.500261
953,7,0.482941
953,8,0.471671
953,9,0.463993
953,10,0.520477
953,11,0.531294
953,12,0.486625
953,13,0.475183
953,14,0.516911
953,15,0.520813
954,1,0.445859
954,2,0.467425
954,3,0.535561
954,4,0.445859
954,5,0.531294
954,6,0.445859
954,7,0.520477
954,8,0.466824
954,9,0.471671
954,10,0.489181
954,11,0.434589
954,12,0.466824
954,13,0.466679
954,14,0.466679
954,15,0.527474
955,1,0.521767
955,2,0.477751
955,3,0.542292
955,4,0.534946
955,5,0.467425
955,6,0.534946
955,7,0.531294
955,8,0.456642
955,9,0.254376
955,10,0.521767
955,11,0.471671
955,12,0.471671
955,13,0.500261
955,14,0.535561
955,15,0.445859
956,1,0.217294
956,2,0.471671
956,3,0.521767
956,4,0.536737
956,5,0.466824
956,6,0.495545
956,7,0.434589
956,8,0.464451
956,9,0.217294
956,10,0.507999
956,11,0.474816
956,12,0.520477
956,13,0.458765
956,14,0.217294
956,15,0.471671
957,1,0.445859
957,2,0.521767
957,3,0.490375
957,4,0.484219
957,5,0.527474
957,6,0.495783
957,7,0.471671
957,8,0.527474
957,9,0.520477
957,10,0.521767
957,11,0.521767
957,12,0.521767
957,13,0.521767
957,14,0.457607
957,15,0.434589
958,1,0.534946
958,2,0.466824
958,3,0.515668
958,4,0.471671
958,5,0.526441
958,6,0.534946
958,7,0.471671
958,8,0.466824
958,9,0.311119
958,10,0.445859
958,11,0.534946
958,12,0.521767
958,13,0.464451
958,14,0.547988
958,15,0.445859
959,1,0.520477
959,2,0.521767
959,3,0.534946
959,4,0.522955
959,5,0.482941
959,6,0.534946
959,7,0.434589
959,8,0.520477
959,9,0.531294
959,10,0.508124
959,11,0.534946
959,12,0.531294
959,13,0.457456
959,14,0.534946
959,15,0.457129
960,1,0.467425
960,2,0.513402
960,3,0.478468
960,4,0.473996
960,5,0.478468
960,6,0.574110
960,7,0.508587
960,8,0.531294
960,9,0.531294
960,10,0.467064
960,11,0.508409
960,12,0.559329
960,13,0.311617
960,14,0.531294
960,15,0.446717
961,1,0.452819
961,2,0.520477
961,3,0.545566
961,4,0.534946
961,5,0.534946
961,6,0.508587
961,7,0.534946
961,8,0.520477
961,9,0.547988
961,10,0.508587
961,11,0.466824
961,12,0.521767
961,13,0.526170
961,14,0.466824
961,15,0.502593
962,1,0.536737
962,2,0.508753
962,3,0.464451
962,4,0.537742
962,5,0.564999
962,6,0.512167
962,7,0.531294
962,8,0.521767
962,9,0.466824
962,10,0.510893
962,11,0.543152
962,12,0.546088
962,13,0.520477
962,14,0.509792
962,15,0.495783
963,1,0.492320
963,2,0.492131
963,3,0.446905
963,4,0.520477
963,5,0.493834
963,6,0.545566
963,7,0.521767
963,8,0.536737
963,9,0.521767
963,10,0.526170
963,11,0.495311
963,12,0.546088
963,13,0.343325
963,14,0.520477
963,15,0.463993
964,1,0.531294
964,2,0.534946
964,3,0.531294
964,4,0.467064
964,5,0.506117
964,6,0.492464
964,7,0.521767
964,8,0.531294
964,9,0.457620
964,10,0.466679
964,11,0.456480
964,12,0.574110
964,13,0.520477
964,14,0.534946
964,15,0.535135
965,1,0.534946
965,2,0.510413
965,3,0.434589
965,4,0.489181
965,5,0.471671
965,6,0.464451
965,7,0.531294
965,8,0.457456
965,9,0.314447
965,10,0.502593
965,11,0.526170
965,12,0.520477
965,13,0.469548
965,14,0.506677
965,15,0.534946
966,1,0.466824
966,2,0.574110
966,3,0.520477
966,4,0.445859
966,5,0.521767
966,6,0.492464
966,7,0.354594
966,8,0.521767
966,9,0.434589
966,10,0.534946
966,11,0.521767
966,12,0.380913
966,13,0.574110
966,14,0.492131
966,15,0.530367
967,1,0.463993
967,2,0.534946
967,3,0.493556
967,4,0.529648
967,5,0.531294
967,6,0.478695
967,7,0.547988
967,8,0.520477
967,9,0.519457
967,10,0.520477
967,11,0.534946
967,12,0.531294
967,13,0.457456
967,14,0.519457
967,15,0.531294
968,1,0.463993
968,2,0.520477
968,3,0.500261
968,4,0.492464
968,5,0.534946
968,6,0.520477
968,7,0.545566
968,8,0.451739
968,9,0.507999
968,10,0.542738
968,11,0.342360
968,12,0.471671
968,13,0.521767
968,14,0.526170
968,15,0.434589
969,1,0.466824
969,2,0.471292
969,3,0.521767
969,4,0.466824
969,5,0.445859
969,6,0.521767
969,7,0.466824
969,8,0.513297
969,9,0.508587
969,10,0.521767
969,11,0.490375
969,12,0.461727
969,13,0.521767
969,14,0.493080
969,15,0.477751
970,1,0.534946
970,2,0.478695
970,3,0.503119
970,4,0.520477
970,5,0.445859
970,6,0.521767
970,7,0.489181
970,8,0.531294
970,9,0.475183
970,10,0.217294
970,11,0.314447
970,12,0.521767
970,13,0.434589
970,14,0.466824
970,15,0.434589
971,1,0.531294
971,2,0.534946
971,3,0.456642
971,4,0.471671
971,5,0.466824
971,6,0.574110
971,7,0.534946
971,8,0.522955
971,9,0.512167
971,10,0.465280
971,11,0.531294
971,12,0.445859
971,13,0.534946
971,14,0.520477
971,15,0.474816
972,1,0.523324
972,2,0.479353
972,3,0.523217
972,4,0.489181
972,5,0.467064
972,6,0.311119
972,7,0.515668
972,8,0.534946
972,9,0.457093
972,10,0.520477
972,11,0.475782
972,12,0.306039
972,13,0.530507
972,14,0.457607
972,15,0.524980
973,1,0.526170
973,2,0.445859
973,3,0.342360
973,4,0.574110
973,5,0.485880
973,6,0.521767
973,7,0.442102
973,8,0.531294
973,9,0.456475
973,10,0.466824
973,11,0.520477
973,12,0.474816
973,13,0.519457
973,14,0.486128
973,15,0.534946
974,1,0.508587
974,2,0.542906
974,3,0.534946
974,4,0.485880
974,5,0.537488
974,6,0.534946
974,7,0.520477
974,8,0.489181
974,9,0.564999
974,10,0.554100
974,11,0.466824
974,12,0.501733
974,13,0.466824
974,14,0.342360
974,15,0.486394
975,1,0.526170
975,2,0.481201
975,3,0.467425
975,4,0.533428
975,5,0.534946
975,6,0.445859
975,7,0.520477
975,8,0.531474
975,9,0.529648
975,10,0.523217
975,11,0.478695
975,12,0.508409
975,13,0.500261
975,14,0.504507
975,15,0.456642
976,1,0.471671
976,2,0.519457
976,3,0.471671
976,4,0.515668
976,5,0.521767
976,6,0.434589
976,7,0.521767
976,8,0.492464
976,9,0.521321
976,10,0.535135
976,11,0.547988
976,12,0.485880
976,13,0.520477
976,14,0.467425
976,15,0.471671
977,1,0.489181
977,2,0.456642
977,3,0.520477
977,4,0.521767
977,5,0.471671
977,6,0.490059
977,7,0.342360
977,8,0.508587
977,9,0.510413
977,10,0.456642
977,11,0.443065
977,12,0.521767
977,13,0.521767
977,14,0.534946
977,15,0.535135
978,1,0.445859
978,2,0.311617
978,3,0.521767
978,4,0.489181
978,5,0.531294
978,6,0.519457
978,7,0.518839
978,8,0.521767
978,9,0.459310
978,10,0.445859
978,11,0.521767
978,12,0.456642
978,13,0.512167
978,14,0.458415
978,15,0.527474
979,1,0.443065
979,2,0.520477
979,3,0.521767
979,4,0.490375
979,5,0.486746
979,6,0.531294
979,7,0.492464
979,8,0.534946
979,9,0.456642
979,10,0.467425
979,11,0.445859
979,12,0.000000
979,13,0.217294
979,14,0.531294
979,15,0.471671
980,1,0.466824
980,2,0.342360
980,3,0.547988
980,4,0.481201
980,5,0.508753
980,6,0.493109
980,7,0.531294
980,8,0.458765
980,9,0.519457
980,10,0.473956
980,11,0.545086
980,12,0.217294
980,13,0.507999
980,14,0.492131
980,15,0.534946
981,1,0.520477
981,2,0.445859
981,3,0.478606
981,4,0.534518
981,5,0.473956
981,6,0.467425
981,7,0.466824
981,8,0.521767
981,9,0.534946
981,10,0.486746
981,11,0.438214
981,12,0.548001
981,13,0.471671
981,14,0.456642
981,15,0.521767
982,1,0.534946
982,2,0.521767
982,3,0.523324
982,4,0.495783
982,5,0.506102
982,6,0.474816
982,7,0.512167
982,8,0.536737
982,9,0.486746
982,10,0.508124
982,11,0.458765
982,12,0.548001
982,13,0.492464
982,14,0.492464
982,15,0.520477
983,1,0.475183
983,2,0.531294
983,3,0.500261
983,4,0.534946
983,5,0.534946
983,6,0.534946
983,7,0.489181
983,8,0.534946
983,9,0.489181
983,10,0.542738
983,11,0.534946
983,12,0.520477
983,13,0.464451
983,14,0.506026
983,15,0.466824
984,1,0.531294
984,2,0.456642
984,3,0.520477
984,4,0.520477
984,5,0.533704
984,6,0.456480
984,7,0.521767
984,8,0.531294
984,9,0.520477
984,10,0.485880
984,11,0.434589
984,12,0.534946
984,13,0.466824
984,14,0.311119
984,15,0.311119
985,1,0.521767
985,2,0.471671
985,3,0.445859
985,4,0.534946
985,5,0.520477
985,6,0.456642
985,7,0.531294
985,8,0.531294
985,9,0.521767
985,10,0.434589
985,11,0.521767
985,12,0.492464
985,13,0.456642
985,14,0.531294
985,15,0.534946
986,1,0.492297
986,2,0.534946
986,3,0.547988
986,4,0.508753
986,5,0.508960
986,6,0.526170
986,7,0.521767
986,8,0.460637
986,9,0.521767
986,10,0.536737
986,11,0.547988
986,12,0.529648
986,13,0.464451
986,14,0.521767
986,15,0.520477
987,1,0.466824
987,2,0.471671
987,3,0.456480
987,4,0.531294
987,5,0.520813
987,6,0.380913
987,7,0.521767
987,8,0.508753
987,9,0.534946
987,10,0.445859
987,11,0.467425
987,12,0.476958
987,13,0.520477
987,14,0.534946
987,15,0.574110
988,1,0.474816
988,2,0.547430
988,3,0.549676
988,4,0.466824
988,5,0.534108
988,6,0.533299
988,7,0.312904
988,8,0.486491
988,9,0.492464
988,10,0.473956
988,11,0.467425
988,12,0.445859
988,13,0.514107
988,14,0.521767
988,15,0.520477
989,1,0.534946
989,2,0.521767
989,3,0.523324
989,4,0.489005
989,5,0.553959
989,6,0.521767
989,7,0.536737
989,8,0.466824
989,9,0.506117
989,10,0.534946
989,11,0.397650
989,12,0.459310
989,13,0.512167
989,14,0.475183
989,15,0.534946
990,1,0.445859
990,2,0.458765
990,3,0.466824
990,4,0.527474
990,5,0.534946
990,6,0.521767
990,7,0.478695
990,8,0.534946
990,9,0.531294
990,10,0.458765
990,11,0.515668
990,12,0.445859
990,13,0.512167
990,14,0.508587
990,15,0.488714
991,1,0.508587
991,2,0.466824
991,3,0.534946
991,4,0.488714
991,5,0.503119
991,6,0.471671
991,7,0.445859
991,8,0.521767
991,9,0.547988
991,10,0.469548
991,11,0.464451
991,12,0.530507
991,13,0.436940
991,14,0.534946
991,15,0.397650
992,1,0.485880
992,2,0.521767
992,3,0.486746
992,4,0.474816
992,5,0.492131
992,6,0.457129
992,7,0.434589
992,8,0.458765
992,9,0.445859
992,10,0.380913
992,11,0.521767
992,12,0.531294
992,13,0.534946
992,14,0.492464
992,15,0.459058
993,1,0.521767
993,2,0.443065
993,3,0.521767
993,4,0.466824
993,5,0.311119
993,6,0.342360
993,7,0.574110
993,8,0.445859
993,9,0.469548
993,10,0.434589
993,11,0.534946
993,12,0.505408
993,13,0.455982
993,14,0.482941
993,15,0.521767
994,1,0.471671
994,2,0.506026
994,3,0.508124
994,4,0.541848
994,5,0.566955
994,6,0.531294
994,7,0.520477
994,8,0.520477
994,9,0.523217
994,10,0.534946
994,11,0.520477
994,12,0.531294
994,13,0.531294
994,14,0.534946
994,15,0.522955
995,1,0.574110
995,2,0.492464
995,3,0.434589
995,4,0.456642
995,5,0.471671
995,6,0.474816
995,7,0.314447
995,8,0.521767
995,9,0.438229
995,10,0.526170
995,11,0.486746
995,12,0.534946
995,13,0.522955
995,14,0.492297
995,15,0.314447
996,1,0.512167
996,2,0.458415
996,3,0.531294
996,4,0.478695
996,5,0.464246
996,6,0.466824
996,7,0.311119
996,8,0.314447
996,9,0.467425
996,10,0.511077
996,11,0.527474
996,12,0.508753
996,13,0.474816
996,14,0.217294
996,15,0.531294
997,1,0.530367
997,2,0.534946
997,3,0.548126
997,4,0.481802
997,5,0.535561
997,6,0.456642
997,7,0.520477
997,8,0.534946
997,9,0.520477
997,10,0.495545
997,11,0.473956
997,12,0.574110
997,13,0.521767
997,14,0.531294
997,15,0.456642
998,1,0.535561
998,2,0.445859
998,3,0.534946
998,4,0.520477
998,5,0.521767
998,6,0.547988
998,7,0.534946
998,8,0.534946
998,9,0.504507
998,10,0.463495
998,11,0.509747
998,12,0.521767
998,13,0.533443
998,14,0.434589
998,15,0.520477
999,1,0.521767
999,2,0.466824
999,3,0.534946
999,4,0.466824
999,5,0.507999
999,6,0.543977
999,7,0.536737
999,8,0.471671
999,9,0.574110
999,10,0.442102
999,11,0.520477
999,12,0.434589
999,13,0.547988
999,14,0.467425
999,15,0.531294
1000,1,0.534946
1000,2,0.489306
1000,3,0.531294
1000,4,0.521767
1000,5,0.520477
1000,6,0.531294
1000,7,0.489181
1000,8,0.466824
1000,9,0.521767
1000,10,0.526170
1000,11,0.476148
1000,12,0.217294
1000,13,0.500186
1000,14,0.546088
1000,15,0.531294
1001,1,0.466824
1001,2,0.534946
1001,3,0.457093
1001,4,0.479866
1001,5,0.522955
1001,6,0.495783
1001,7,0.531294
1001,8,0.534946
1001,9,0.457129
1001,10,0.520477
1001,11,0.521767
1001,12,0.511308
1001,13,0.461727
1001,14,0.311617
1001,15,0.345645
1002,1,0.531294
1002,2,0.492632
1002,3,0.512167
1002,4,0.445859
1002,5,0.471671
1002,6,0.531294
1002,7,0.508587
1002,8,0.438214
1002,9,0.520477
1002,10,0.445859
1002,11,0.513297
1002,12,0.217294
1002,13,0.507999
1002,14,0.540988
1002,15,0.217294
1003,1,0.314447
1003,2,0.333010
1003,3,0.535561
1003,4,0.456642
1003,5,0.217294
1003,6,0.521122
1003,7,0.459058
1003,8,0.456642
1003,9,0.471671
1003,10,0.481201
1003,11,0.527474
1003,12,0.534946
1003,13,0.471671
1003,14,0.531210
1003,15,0.469548
1004,1,0.524980
1004,2,0.457607
1004,3,0.505765
1004,4,0.471671
1004,5,0.456642
1004,6,0.514107
1004,7,0.515290
1004,8,0.534946
1004,9,0.457093
1004,10,0.520477
1004,11,0.521767
1004,12,0.466824
1004,13,0.521767
1004,14,0.520477
1004,15,0.521767
1005,1,0.442102
1005,2,0.311617
1005,3,0.534946
1005,4,0.510507
1005,5,0.466824
1005,6,0.534946
1005,7,0.534946
1005,8,0.471671
1005,9,0.456642
1005,10,0.524980
1005,11,0.531294
1005,12,0.520477
1005,13,0.547988
1005,14,0.545566
1005,15,0.530367
1006,1,0.533120
1006,2,0.518839
1006,3,0.544948
1006,4,0.464451
1006,5,0.342360
1006,6,0.503427
1006,7,0.521767
1006,8,0.481201
1006,9,0.489591
1006,10,0.434589
1006,11,0.459310
1006,12,0.477873
1006,13,0.515668
1006,14,0.456642
1006,15,0.531294
1007,1,0.471671
1007,2,0.445859
1007,3,0.434589
1007,4,0.494256
1007,5,0.456642
1007,6,0.481201
1007,7,0.535561
1007,8,0.492320
1007,9,0.457093
1007,10,0.254376
1007,11,0.514107
1007,12,0.508587
1007,13,0.534946
1007,14,0.520477
1007,15,0.531294
1008,1,0.457456
1008,2,0.475183
1008,3,0.515668
1008,4,0.520477
1008,5,0.456642
1008,6,0.520477
1008,7,0.545566
1008,8,0.534946
1008,9,0.397650
1008,10,0.508587
1008,11,0.523507
1008,12,0.471671
1008,13,0.527474
1008,14,0.521767
1008,15,0.536737
1009,1,0.508587
1009,2,0.534946
1009,3,0.520477
1009,4,0.521767
1009,5,0.445859
1009,6,0.471671
1009,7,0.463495
1009,8,0.534946
1009,9,0.471671
1009,10,0.534946
1009,11,0.457129
1009,12,0.217294
1009,13,0.314447
1009,14,0.342360
1009,15,0.522701
1010,1,0.531294
1010,2,0.533120
1010,3,0.520477
1010,4,0.521767
1010,5,0.481201
1010,6,0.459927
1010,7,0.524980
1010,8,0.531294
1010,9,0.510413
1010,10,0.471671
1010,11,0.456475
1010,12,0.543716
1010,13,0.533120
1010,14,0.468327
1010,15,0.508587
1011,1,0.519457
1011,2,0.434589
1011,3,0.521767
1011,4,0.456642
1011,5,0.217294
1011,6,0.474943
1011,7,0.519457
1011,8,0.466824
1011,9,0.311119
1011,10,0.342360
1011,11,0.535561
1011,12,0.521767
1011,13,0.520477
1011,14,0.456642
1011,15,0.473996
1012,1,0.459927
1012,2,0.434589
1012,3,0.482941
1012,4,0.456480
1012,5,0.521767
1012,6,0.520477
1012,7,0.474816
1012,8,0.217294
1012,9,0.217294
1012,10,0.471671
1012,11,0.492966
1012,12,0.521767
1012,13,0.508587
1012,14,0.485880
1012,15,0.559329
1013,1,0.554100
1013,2,0.482941
1013,3,0.534946
1013,4,0.445859
1013,5,0.521122
1013,6,0.459058
1013,7,0.506677
1013,8,0.521767
1013,9,0.469356
1013,10,0.485581
1013,11,0.472494
1013,12,0.495783
1013,13,0.445859
1013,14,0.531294
1013,15,0.397650
1014,1,0.531294
1014,2,0.474180
1014,3,0.549865
1014,4,0.519457
1014,5,0.471671
1014,6,0.531294
1014,7,0.463993
1014,8,0.507999
1014,9,0.438214
1014,10,0.534946
1014,11,0.534946
1014,12,0.535135
1014,13,0.489100
1014,14,0.459310
1014,15,0.463495
1015,1,0.434589
1015,2,0.466824
1015,3,0.520791
1015,4,0.461727
1015,5,0.521767
1015,6,0.488479
1015,7,0.468157
1015,8,0.466679
1015,9,0.489181
1015,10,0.464451
1015,11,0.531294
1015,12,0.474180
1015,13,0.574110
1015,14,0.520477
1015,15,0.508587
1016,1,0.467425
1016,2,0.535561
1016,3,0.548001
1016,4,0.446905
1016,5,0.534946
1016,6,0.520477
1016,7,0.458415
1016,8,0.445859
1016,9,0.522701
1016,10,0.466824
1016,11,0.358405
1016,12,0.527474
1016,13,0.445859
1016,14,0.471671
1016,15,0.497424
1017,1,0.531294
1017,2,0.479347
1017,3,0.466679
1017,4,0.467052
1017,5,0.466824
1017,6,0.521767
1017,7,0.445859
1017,8,0.522701
1017,9,0.549676
1017,10,0.521122
1017,11,0.458415
1017,12,0.520477
1017,13,0.445859
1017,14,0.547988
1017,15,0.534946
1018,1,0.521767
1018,2,0.534946
1018,3,0.445859
1018,4,0.342360
1018,5,0.467064
1018,6,0.314447
1018,7,0.520477
1018,8,0.471671
1018,9,0.527474
1018,10,0.467425
1018,11,0.445859
1018,12,0.456642
1018,13,0.504735
1018,14,0.459310
1018,15,0.480839
1019,1,0.492464
1019,2,0.547430
1019,3,0.534946
1019,4,0.520477
1019,5,0.480723
1019,6,0.543152
1019,7,0.314447
1019,8,0.521767
1019,9,0.445859
1019,10,0.534946
1019,11,0.458765
1019,12,0.547988
1019,13,0.434589
1019,14,0.508587
1019,15,0.457620
1020,1,0.445859
1020,2,0.342360
1020,3,0.345645
1020,4,0.520477
1020,5,0.533704
1020,6,0.471671
1020,7,0.527474
1020,8,0.491204
1020,9,0.505408
1020,10,0.471671
1020,11,0.456642
1020,12,0.501733
1020,13,0.445859
1020,14,0.521767
1020,15,0.489005
1021,1,0.471671
1021,2,0.458091
1021,3,0.452819
1021,4,0.535561
1021,5,0.522955
1021,6,0.443065
1021,7,0.549676
1021,8,0.510507
1021,9,0.549676
1021,10,0.530222
1021,11,0.217294
1021,12,0.217294
1021,13,0.513297
1021,14,0.549865
1021,15,0.534946
1022,1,0.466824
1022,2,0.467425
1022,3,0.521767
1022,4,0.445859
1022,5,0.445859
1022,6,0.534946
1022,7,0.471671
1022,8,0.463495
1022,9,0.509747
1022,10,0.526170
1022,11,0.466824
1022,12,0.531210
1022,13,0.534946
1022,14,0.521767
1022,15,0.474816
1023,1,0.520477
1023,2,0.492131
1023,3,0.471671
1023,4,0.492464
1023,5,0.521767
1023,6,0.534946
1023,7,0.535135
1023,8,0.535135
1023,9,0.508753
1023,10,0.519457
1023,11,0.475608
1023,12,0.469356
1023,13,0.459927
1023,14,0.522701
1023,15,0.553959
1024,1,0.434589
1024,2,0.445859
1024,3,0.478606
1024,4,0.555304
1024,5,0.574110
1024,6,0.471671
1024,7,0.515290
1024,8,0.553959
1024,9,0.529648
1024,10,0.474816
1024,11,0.521767
1024,12,0.520477
1024,13,0.445859
1024,14,0.494256
1024,15,0.526170
1025,1,0.471671
1025,2,0.466824
1025,3,0.527474
1025,4,0.466824
1025,5,0.521767
1025,6,0.520477
1025,7,0.456642
1025,8,0.535561
1025,9,0.520477
1025,10,0.466824
1025,11,0.507999
1025,12,0.474816
1025,13,0.489181
1025,14,0.445859
1025,15,0.521767
1026,1,0.508587
1026,2,0.466824
1026,3,0.515668
1026,4,0.521767
1026,5,0.545566
1026,6,0.545566
1026,7,0.521767
1026,8,0.489181
1026,9,0.461727
1026,10,0.342360
1026,11,0.521767
1026,12,0.536737
1026,13,0.466824
1026,14,0.521767
1026,15,0.485880
1027,1,0.489181
1027,2,0.547988
1027,3,0.469548
1027,4,0.517321
1027,5,0.434589
1027,6,0.466824
1027,7,0.521767
1027,8,0.481201
1027,9,0.524980
1027,10,0.508587
1027,11,0.438214
1027,12,0.492464
1027,13,0.217294
1027,14,0.513942
1027,15,0.531294
1028,1,0.445859
1028,2,0.344483
1028,3,0.527474
1028,4,0.495783
1028,5,0.520477
1028,6,0.456475
1028,7,0.556821
1028,8,0.531294
1028,9,0.489181
1028,10,0.535135
1028,11,0.466824
1028,12,0.513297
1028,13,0.314447
1028,14,0.502593
1028,15,0.534946
1029,1,0.533120
1029,2,0.521767
1029,3,0.531294
1029,4,0.466824
1029,5,0.521767
1029,6,0.534946
1029,7,0.466824
1029,8,0.521767
1029,9,0.520477
1029,10,0.471671
1029,11,0.484200
1029,12,0.508587
1029,13,0.521767
1029,14,0.549194
1029,15,0.475608
1030,1,0.474816
1030,2,0.534946
1030,3,0.492464
1030,4,0.523217
1030,5,0.531294
1030,6,0.445859
1030,7,0.474816
1030,8,0.521767
1030,9,0.476148
1030,10,0.314447
1030,11,0.217294
1030,12,0.217294
1030,13,0.534946
1030,14,0.535135
1030,15,0.535135
1031,1,0.522955
1031,2,0.526170
1031,3,0.526170
1031,4,0.526170
1031,5,0.466824
1031,6,0.358405
1031,7,0.547988
1031,8,0.534946
1031,9,0.457093
1031,10,0.364186
1031,11,0.471671
1031,12,0.521767
1031,13,0.526170
1031,14,0.445859
1031,15,0.531294
1032,1,0.456642
1032,2,0.520477
1032,3,0.458415
1032,4,0.515668
1032,5,0.531294
1032,6,0.492131
1032,7,0.535135
1032,8,0.530507
1032,9,0.536737
1032,10,0.520477
1032,11,0.380913
1032,12,0.438229
1032,13,0.520477
1032,14,0.534946
1032,15,0.468327
1033,1,0.445859
1033,2,0.513297
1033,3,0.489181
1033,4,0.534946
1033,5,0.485880
1033,6,0.520477
1033,7,0.495545
1033,8,0.477751
1033,9,0.542292
1033,10,0.306039
1033,11,0.333010
1033,12,0.481201
1033,13,0.445859
1033,14,0.521767
1033,15,0.467425
1034,1,0.492464
1034,2,0.467425
1034,3,0.492464
1034,4,0.314447
1034,5,0.527474
1034,6,0.445859
1034,7,0.342360
1034,8,0.501733
1034,9,0.531294
1034,10,0.534946
1034,11,0.466824
1034,12,0.527474
1034,13,0.532657
1034,14,0.535135
1034,15,0.534946
1035,1,0.443065
1035,2,0.521767
1035,3,0.471671
1035,4,0.492464
1035,5,0.456642
1035,6,0.345645
1035,7,0.531294
1035,8,0.469548
1035,9,0.521767
1035,10,0.477751
1035,11,0.466824
1035,12,0.311119
1035,13,0.519457
1035,14,0.520813
1035,15,0.574110
1036,1,0.531294
1036,2,0.489005
1036,3,0.471671
1036,4,0.495545
1036,5,0.466824
1036,6,0.507999
1036,7,0.461727
1036,8,0.531294
1036,9,0.471671
1036,10,0.534946
1036,11,0.474816
1036,12,0.534946
1036,13,0.521767
1036,14,0.471671
1036,15,0.521767
1037,1,0.380913
1037,2,0.549865
1037,3,0.521767
1037,4,0.536737
1037,5,0.520477
1037,6,0.534946
1037,7,0.505408
1037,8,0.459927
1037,9,0.524980
1037,10,0.461831
1037,11,0.471671
1037,12,0.534946
1037,13,0.459310
1037,14,0.467425
1037,15,0.508587
1038,1,0.534946
1038,2,0.457093
1038,3,0.520477
1038,4,0.509792
1038,5,0.438214
1038,6,0.467425
1038,7,0.492464
1038,8,0.486746
1038,9,0.542738
1038,10,0.531294
1038,11,0.508587
1038,12,0.456480
1038,13,0.466824
1038,14,0.464246
1038,15,0.543152
1039,1,0.543152
1039,2,0.520477
1039,3,0.508587
1039,4,0.488479
1039,5,0.434589
1039,6,0.471671
1039,7,0.521767
1039,8,0.477751
1039,9,0.546088
1039,10,0.531294
1039,11,0.534946
1039,12,0.512167
1039,13,0.536737
1039,14,0.535135
1039,15,0.492464
1040,1,0.471671
1040,2,0.534946
1040,3,0.467425
1040,4,0.535561
1040,5,0.471671
1040,6,0.397650
1040,7,0.574110
1040,8,0.471671
1040,9,0.520477
1040,10,0.463993
1040,11,0.520477
1040,12,0.521767
1040,13,0.534946
1040,14,0.475608
1040,15,0.535414
1041,1,0.534946
1041,2,0.521767
1041,3,0.471671
1041,4,0.484200
1041,5,0.466824
1041,6,0.515290
1041,7,0.466824
1041,8,0.311119
1041,9,0.531294
1041,10,0.534946
1041,11,0.460763
1041,12,0.445859
1041,13,0.217294
1041,14,0.534946
1041,15,0.508587
1042,1,0.492464
1042,2,0.492464
1042,3,0.466824
1042,4,0.521767
1042,5,0.445859
1042,6,0.217294
1042,7,0.534946
1042,8,0.519583
1042,9,0.521767
1042,10,0.534946
1042,11,0.456642
1042,12,0.545566
1042,13,0.521767
1042,14,0.492464
1042,15,0.481201
1043,1,0.535561
1043,2,0.534946
1043,3,0.434589
1043,4,0.445859
1043,5,0.520477
1043,6,0.459058
1043,7,0.467425
1043,8,0.534946
1043,9,0.439418
1043,10,0.493922
1043,11,0.380913
1043,12,0.543716
1043,13,0.534325
1043,14,0.466824
1043,15,0.521767
1044,1,0.471671
1044,2,0.466824
1044,3,0.521767
1044,4,0.466824
1044,5,0.506117
1044,6,0.549865
1044,7,0.521767
1044,8,0.536737
1044,9,0.445859
1044,10,0.342360
1044,11,0.473996
1044,12,0.531294
1044,13,0.489181
1044,14,0.471671
1044,15,0.489446
1045,1,0.523217
1045,2,0.534946
1045,3,0.494256
1045,4,0.511308
1045,5,0.522955
1045,6,0.466824
1045,7,0.514107
1045,8,0.534946
1045,9,0.531294
1045,10,0.530367
1045,11,0.508587
1045,12,0.461727
1045,13,0.531294
1045,14,0.492632
1045,15,0.549036
1046,1,0.445859
1046,2,0.501733
1046,3,0.217294
1046,4,0.471671
1046,5,0.521767
1046,6,0.471671
1046,7,0.534946
1046,8,0.508587
1046,9,0.553959
1046,10,0.530367
1046,11,0.521767
1046,12,0.457607
1046,13,0.478606
1046,14,0.217294
1046,15,0.434589
1047,1,0.492464
1047,2,0.459058
1047,3,0.521767
1047,4,0.531294
1047,5,0.456642
1047,6,0.217294
1047,7,0.505564
1047,8,0.521767
1047,9,0.531294
1047,10,0.531294
1047,11,0.471833
1047,12,0.485266
1047,13,0.345645
1047,14,0.514107
1047,15,0.531294
1048,1,0.521767
1048,2,0.531294
1048,3,0.492131
1048,4,0.473956
1048,5,0.520477
1048,6,0.534325
1048,7,0.474816
1048,8,0.551058
1048,9,0.471671
1048,10,0.515668
1048,11,0.464451
1048,12,0.469548
1048,13,0.476958
1048,14,0.314447
1048,15,0.480839
1049,1,0.486625
1049,2,0.466824
1049,3,0.479895
1049,4,0.536737
1049,5,0.471671
1049,6,0.485880
1049,7,0.459310
1049,8,0.463495
1049,9,0.516911
1049,10,0.522955
1049,11,0.486746
1049,12,0.474816
1049,13,0.470513
1049,14,0.521767
1049,15,0.478695
1050,1,0.434589
1050,2,0.489181
1050,3,0.434589
1050,4,0.434589
1050,5,0.445859
1050,6,0.521767
1050,7,0.520477
1050,8,0.534946
1050,9,0.520477
1050,10,0.531294
1050,11,0.489005
1050,12,0.537823
1050,13,0.467222
1050,14,0.515668
1050,15,0.489181
1051,1,0.438214
1051,2,0.534946
1051,3,0.445859
1051,4,0.531294
1051,5,0.529648
1051,6,0.459058
1051,7,0.534946
1051,8,0.475608
1051,9,0.551058
1051,10,0.520651
1051,11,0.505731
1051,12,0.471360
1051,13,0.497013
1051,14,0.533215
1051,15,0.531294
1052,1,0.521767
1052,2,0.445859
1052,3,0.534946
1052,4,0.485880
1052,5,0.547242
1052,6,0.542906
1052,7,0.534946
1052,8,0.485880
1052,9,0.520477
1052,10,0.474816
1052,11,0.533120
1052,12,0.520813
1052,13,0.534946
1052,14,0.522955
1052,15,0.466824
1053,1,0.520791
1053,2,0.512390
1053,3,0.457607
1053,4,0.434589
1053,5,0.519457
1053,6,0.468327
1053,7,0.535561
1053,8,0.534946
1053,9,0.520477
1053,10,0.534946
1053,11,0.521767
1053,12,0.534946
1053,13,0.535135
1053,14,0.445859
1053,15,0.314447
1054,1,0.515668
1054,2,0.574110
1054,3,0.445859
1054,4,0.521767
1054,5,0.523324
1054,6,0.495545
1054,7,0.520477
1054,8,0.459058
1054,9,0.508587
1054,10,0.520477
1054,11,0.521767
1054,12,0.480626
1054,13,0.524980
1054,14,0.445859
1054,15,0.217294
1055,1,0.492464
1055,2,0.547172
1055,3,0.505655
1055,4,0.534946
1055,5,0.485880
1055,6,0.438214
1055,7,0.336338
1055,8,0.217294
1055,9,0.217294
1055,10,0.502593
1055,11,0.526170
1055,12,0.534946
1055,13,0.534946
1055,14,0.519457
1055,15,0.466824
1056,1,0.574110
1056,2,0.488714
1056,3,0.506085
1056,4,0.574110
1056,5,0.521767
1056,6,0.536737
1056,7,0.522955
1056,8,0.536737
1056,9,0.520477
1056,10,0.456642
1056,11,0.497469
1056,12,0.478695
1056,13,0.520477
1056,14,0.489181
1056,15,0.521767
1057,1,0.508753
1057,2,0.527474
1057,3,0.521767
1057,4,0.536737
1057,5,0.492464
1057,6,0.521767
1057,7,0.471671
1057,8,0.508753
1057,9,0.534946
1057,10,0.457093
1057,11,0.531294
1057,12,0.492464
1057,13,0.521767
1057,14,0.520477
1057,15,0.520477
1058,1,0.520477
1058,2,0.452458
1058,3,0.217294
1058,4,0.547988
1058,5,0.445859
1058,6,0.534946
1058,7,0.534946
1058,8,0.504507
1058,9,0.492966
1058,10,0.534946
1058,11,0.471671
1058,12,0.534946
1058,13,0.531294
1058,14,0.520813
1058,15,0.521767
1059,1,0.521767
1059,2,0.464451
1059,3,0.520477
1059,4,0.509792
1059,5,0.534946
1059,6,0.474816
1059,7,0.344483
1059,8,0.534946
1059,9,0.531294
1059,10,0.508124
1059,11,0.533808
1059,12,0.438214
1059,13,0.289726
1059,14,0.534946
1059,15,0.534946
1060,1,0.492464
1060,2,0.521767
1060,3,0.534946
1060,4,0.471671
1060,5,0.521767
1060,6,0.445859
1060,7,0.512167
1060,8,0.467425
1060,9,0.485581
1060,10,0.445859
1060,11,0.467425
1060,12,0.442102
1060,13,0.520477
1060,14,0.445474
1060,15,0.521767
1061,1,0.521767
1061,2,0.457607
1061,3,0.453644
1061,4,0.520477
1061,5,0.439679
1061,6,0.485880
1061,7,0.466824
1061,8,0.481201
1061,9,0.506272
1061,10,0.534946
1061,11,0.519457
1061,12,0.456642
1061,13,0.466824
1061,14,0.515668
1061,15,0.521767
1062,1,0.515290
1062,2,0.446717
1062,3,0.474816
1062,4,0.508587
1062,5,0.467425
1062,6,0.466824
1062,7,0.534946
1062,8,0.442102
1062,9,0.506369
1062,10,0.445859
1062,11,0.534946
1062,12,0.489181
1062,13,0.531294
1062,14,0.508124
1062,15,0.474816
1063,1,0.469356
1063,2,0.485581
1063,3,0.458501
1063,4,0.438214
1063,5,0.521767
1063,6,0.526170
1063,7,0.445859
1063,8,0.521767
1063,9,0.477751
1063,10,0.512167
1063,11,0.530507
1063,12,0.492297
1063,13,0.217294
1063,14,0.534946
1063,15,0.535135
1064,1,0.520477
1064,2,0.434589
1064,3,0.475183
1064,4,0.217294
1064,5,0.344483
1064,6,0.534946
1064,7,0.471671
1064,8,0.521767
1064,9,0.549194
1064,10,0.481201
1064,11,0.515668
1064,12,0.445474
1064,13,0.445859
1064,14,0.466824
1064,15,0.520477
1065,1,0.456642
1065,2,0.534946
1065,3,0.489005
1065,4,0.475608
1065,5,0.471671
1065,6,0.492464
1065,7,0.521767
1065,8,0.520477
1065,9,0.508587
1065,10,0.508587
1065,11,0.445859
1065,12,0.484252
1065,13,0.521767
1065,14,0.456642
1065,15,0.473956
1066,1,0.534946
1066,2,0.475608
1066,3,0.554100
1066,4,0.443065
1066,5,0.520477
1066,6,0.456642
1066,7,0.345645
1066,8,0.519867
1066,9,0.531294
1066,10,0.508587
1066,11,0.519457
1066,12,0.521767
1066,13,0.446717
1066,14,0.438214
1066,15,0.456642
1067,1,0.534946
1067,2,0.519457
1067,3,0.520477
1067,4,0.445859
1067,5,0.531294
1067,6,0.521767
1067,7,0.445859
1067,8,0.217294
1067,9,0.342360
1067,10,0.217294
1067,11,0.217294
1067,12,0.314447
1067,13,0.534946
1067,14,0.456642
1067,15,0.520477
1068,1,0.445859
1068,2,0.471671
1068,3,0.466679
1068,4,0.463993
1068,5,0.522701
1068,6,0.531294
1068,7,0.530367
1068,8,0.467425
1068,9,0.466824
1068,10,0.518717
1068,11,0.536737
1068,12,0.530507
1068,13,0.520477
1068,14,0.466824
1068,15,0.479895
1069,1,0.554100
1069,2,0.549676
1069,3,0.453270
1069,4,0.524980
1069,5,0.471671
1069,6,0.456642
1069,7,0.534946
1069,8,0.489181
1069,9,0.522955
1069,10,0.489181
1069,11,0.531294
1069,12,0.463993
1069,13,0.531294
1069,14,0.547988
1069,15,0.531294
1070,1,0.531294
1070,2,0.474816
1070,3,0.521767
1070,4,0.457607
1070,5,0.314447
1070,6,0.466679
1070,7,0.380913
1070,8,0.314447
1070,9,0.479455
1070,10,0.438214
1070,11,0.507999
1070,12,0.542738
1070,13,0.521767
1070,14,0.531294
1070,15,0.485880
1071,1,0.521767
1071,2,0.471671
1071,3,0.521767
1071,4,0.477751
1071,5,0.543716
1071,6,0.466824
1071,7,0.521767
1071,8,0.526170
1071,9,0.466824
1071,10,0.527474
1071,11,0.471671
1071,12,0.456480
1071,13,0.535561
1071,14,0.508587
1071,15,0.530367
1072,1,0.445859
1072,2,0.501733
1072,3,0.520477
1072,4,0.534946
1072,5,0.535135
1072,6,0.434589
1072,7,0.467425
1072,8,0.520477
1072,9,0.458415
1072,10,0.527474
1072,11,0.457456
1072,12,0.521767
1072,13,0.445859
1072,14,0.520477
1072,15,0.508587
1073,1,0.541848
1073,2,0.520651
1073,3,0.457620
1073,4,0.445859
1073,5,0.254376
1073,6,0.521767
1073,7,0.485880
1073,8,0.471671
1073,9,0.471671
1073,10,0.520477
1073,11,0.434589
1073,12,0.458765
1073,13,0.456642
1073,14,0.345645
1073,15,0.501793
1074,1,0.485880
1074,2,0.531294
1074,3,0.531294
1074,4,0.466824
1074,5,0.521767
1074,6,0.469356
1074,7,0.531294
1074,8,0.445859
1074,9,0.454104
1074,10,0.531294
1074,11,0.490456
1074,12,0.466679
1074,13,0.463495
1074,14,0.516911
1074,15,0.531294
1075,1,0.445859
1075,2,0.507999
1075,3,0.574110
1075,4,0.466824
1075,5,0.527474
1075,6,0.464451
1075,7,0.467425
1075,8,0.459927
1075,9,0.311617
1075,10,0.535561
1075,11,0.521767
1075,12,0.531294
1075,13,0.471671
1075,14,0.456642
1075,15,0.521767
1076,1,0.536737
1076,2,0.445859
1076,3,0.217294
1076,4,0.311617
1076,5,0.522701
1076,6,0.471671
1076,7,0.527474
1076,8,0.534946
1076,9,0.468327
1076,10,0.524980
1076,11,0.526170
1076,12,0.515102
1076,13,0.531294
1076,14,0.534946
1076,15,0.471671
1077,1,0.534946
1077,2,0.508587
1077,3,0.438214
1077,4,0.521767
1077,5,0.471671
1077,6,0.534946
1077,7,0.467425
1077,8,0.508587
1077,9,0.457620
1077,10,0.531294
1077,11,0.456642
1077,12,0.531294
1077,13,0.530367
1077,14,0.520813
1077,15,0.533704
1078,1,0.466824
1078,2,0.516911
1078,3,0.518965
1078,4,0.492632
1078,5,0.523217
1078,6,0.521767
1078,7,0.495545
1078,8,0.380913
1078,9,0.547430
1078,10,0.521767
1078,11,0.536737
1078,12,0.531294
1078,13,0.505655
1078,14,0.512959
1078,15,0.521767
1079,1,0.512167
1079,2,0.467064
1079,3,0.535561
1079,4,0.520477
1079,5,0.521767
1079,6,0.545566
1079,7,0.520477
1079,8,0.471671
1079,9,0.506677
1079,10,0.443065
1079,11,0.466824
1079,12,0.534946
1079,13,0.457093
1079,14,0.524980
1079,15,0.521767
1080,1,0.508753
1080,2,0.445859
1080,3,0.217294
1080,4,0.512167
1080,5,0.466824
1080,6,0.531294
1080,7,0.521767
1080,8,0.456642
1080,9,0.513297
1080,10,0.575973
1080,11,0.576623
1080,12,0.438214
1080,13,0.342360
1080,14,0.304613
1080,15,0.520791
1081,1,0.542738
1081,2,0.523217
1081,3,0.508587
1081,4,0.521767
1081,5,0.526170
1081,6,0.492464
1081,7,0.342360
1081,8,0.529648
1081,9,0.531294
1081,10,0.457620
1081,11,0.527474
1081,12,0.456642
1081,13,0.471671
1081,14,0.466824
1081,15,0.217294
1082,1,0.520477
1082,2,0.466824
1082,3,0.527474
1082,4,0.445859
1082,5,0.513297
1082,6,0.520477
1082,7,0.456642
1082,8,0.466824
1082,9,0.466824
1082,10,0.466679
1082,11,0.466824
1082,12,0.506117
1082,13,0.534946
1082,14,0.531294
1082,15,0.520477
1083,1,0.512167
1083,2,0.458415
1083,3,0.522701
1083,4,0.445859
1083,5,0.520477
1083,6,0.456642
1083,7,0.524980
1083,8,0.536737
1083,9,0.457093
1083,10,0.521767
1083,11,0.467425
1083,12,0.529648
1083,13,0.520477
1083,14,0.523217
1083,15,0.445859
1084,1,0.521767
1084,2,0.526170
1084,3,0.520477
1084,4,0.495545
1084,5,0.536737
1084,6,0.445859
1084,7,0.342360
1084,8,0.506369
1084,9,0.508587
1084,10,0.454942
1084,11,0.534946
1084,12,0.445859
1084,13,0.574110
1084,14,0.471671
1084,15,0.497424
1085,1,0.531294
1085,2,0.479521
1085,3,0.531294
1085,4,0.471671
1085,5,0.534946
1085,6,0.434589
1085,7,0.521767
1085,8,0.536737
1085,9,0.479948
1085,10,0.456642
1085,11,0.531294
1085,12,0.445859
1085,13,0.521767
1085,14,0.531294
1085,15,0.466824
1086,1,0.527474
1086,2,0.508587
1086,3,0.545566
1086,4,0.520477
1086,5,0.509792
1086,6,0.534946
1086,7,0.456642
1086,8,0.345645
1086,9,0.534108
1086,10,0.521767
1086,11,0.466824
1086,12,0.527474
1086,13,0.445859
1086,14,0.342360
1086,15,0.364186
1087,1,0.522701
1087,2,0.542738
1087,3,0.445859
1087,4,0.521767
1087,5,0.504507
1087,6,0.515668
1087,7,0.533704
1087,8,0.547988
1087,9,0.471671
1087,10,0.466679
1087,11,0.445859
1087,12,0.521767
1087,13,0.457607
1087,14,0.520477
1087,15,0.466824
1088,1,0.217294
1088,2,0.531294
1088,3,0.530367
1088,4,0.521767
1088,5,0.445859
1088,6,0.217294
1088,7,0.397650
1088,8,0.533808
1088,9,0.531294
1088,10,0.534946
1088,11,0.466824
1088,12,0.311617
1088,13,0.524980
1088,14,0.520651
1088,15,0.473956
1089,1,0.467425
1089,2,0.466824
1089,3,0.534946
1089,4,0.535135
1089,5,0.471671
1089,6,0.521767
1089,7,0.508587
1089,8,0.467425
1089,9,0.485581
1089,10,0.466824
1089,11,0.527474
1089,12,0.474180
1089,13,0.483527
1089,14,0.466824
1089,15,0.479895
1090,1,0.535843
1090,2,0.342360
1090,3,0.315997
1090,4,0.522701
1090,5,0.521767
1090,6,0.456642
1090,7,0.314447
1090,8,0.534946
1090,9,0.519583
1090,10,0.468327
1090,11,0.434589
1090,12,0.520477
1090,13,0.509792
1090,14,0.521767
1090,15,0.526170
1091,1,0.466824
1091,2,0.488311
1091,3,0.489100
1091,4,0.535135
1091,5,0.534946
1091,6,0.380913
1091,7,0.531294
1091,8,0.521767
1091,9,0.508587
1091,10,0.545566
1091,11,0.471833
1091,12,0.524980
1091,13,0.456642
1091,14,0.513297
1091,15,0.492464
1092,1,0.342360
1092,2,0.217294
1092,3,0.520477
1092,4,0.533704
1092,5,0.494256
1092,6,0.434589
1092,7,0.466824
1092,8,0.289726
1092,9,0.534946
1092,10,0.489100
1092,11,0.481802
1092,12,0.534946
1092,13,0.520477
1092,14,0.519457
1092,15,0.466824
1093,1,0.498768
1093,2,0.531294
1093,3,0.445859
1093,4,0.521767
1093,5,0.456642
1093,6,0.513297
1093,7,0.523217
1093,8,0.508753
1093,9,0.487095
1093,10,0.535135
1093,11,0.534946
1093,12,0.508587
1093,13,0.520477
1093,14,0.520477
1093,15,0.534946
1094,1,0.519583
1094,2,0.521767
1094,3,0.519457
1094,4,0.457456
1094,5,0.217294
1094,6,0.217294
1094,7,0.217294
1094,8,0.531294
1094,9,0.521767
1094,10,0.515102
1094,11,0.456642
1094,12,0.217294
1094,13,0.502593
1094,14,0.526170
1094,15,0.492464
1095,1,0.549865
1095,2,0.534946
1095,3,0.535135
1095,4,0.467425
1095,5,0.480960
1095,6,0.520477
1095,7,0.534946
1095,8,0.482941
1095,9,0.521767
1095,10,0.531294
1095,11,0.471671
1095,12,0.456642
1095,13,0.535561
1095,14,0.521767
1095,15,0.536737
1096,1,0.521716
1096,2,0.526170
1096,3,0.471671
1096,4,0.489446
1096,5,0.533704
1096,6,0.380913
1096,7,0.521767
1096,8,0.521767
1096,9,0.445859
1096,10,0.520477
1096,11,0.481201
1096,12,0.527474
1096,13,0.512167
1096,14,0.520477
1096,15,0.445859
1097,1,0.342360
1097,2,0.531294
1097,3,0.466824
1097,4,0.521767
1097,5,0.471671
1097,6,0.466679
1097,7,0.521767
1097,8,0.492464
1097,9,0.523217
1097,10,0.533704
1097,11,0.478695
1097,12,0.520477
1097,13,0.509792
1097,14,0.461727
1097,15,0.514107
1098,1,0.531294
1098,2,0.467425
1098,3,0.445859
1098,4,0.520477
1098,5,0.494256
1098,6,0.492297
1098,7,0.534946
1098,8,0.485880
1098,9,0.456642
1098,10,0.495545
1098,11,0.471671
1098,12,0.447546
1098,13,0.519457
1098,14,0.466824
1098,15,0.217294
1099,1,0.531294
1099,2,0.548001
1099,3,0.535135
1099,4,0.522955
1099,5,0.495311
1099,6,0.314447
1099,7,0.527474
1099,8,0.471671
1099,9,0.521767
1099,10,0.508587
1099,11,0.500261
1099,12,0.574110
1099,13,0.456642
1099,14,0.524980
1099,15,0.526170
1100,1,0.536737
1100,2,0.547988
1100,3,0.471671
1100,4,0.445859
1100,5,0.534946
1100,6,0.434589
1100,7,0.492464
1100,8,0.521767
1100,9,0.536737
1100,10,0.534946
1100,11,0.520477
1100,12,0.513993
1100,13,0.521767
1100,14,0.536737
1100,15,0.574110
1101,1,0.534946
1101,2,0.519583
1101,3,0.445859
1101,4,0.520074
1101,5,0.217294
1101,6,0.520477
1101,7,0.500261
1101,8,0.478468
1101,9,0.361690
1101,10,0.466679
1101,11,0.521767
1101,12,0.495545
1101,13,0.536737
1101,14,0.520477
1101,15,0.492464
1102,1,0.000000
1102,2,0.521767
1102,3,0.510381
1102,4,0.479521
1102,5,0.533704
1102,6,0.445859
1102,7,0.519457
1102,8,0.531300
1102,9,0.492464
1102,10,0.523217
1102,11,0.467425
1102,12,0.445859
1102,13,0.524980
1102,14,0.536737
1102,15,0.520477
1103,1,0.459058
1103,2,0.516911
1103,3,0.466824
1103,4,0.534946
1103,5,0.445859
1103,6,0.467425
1103,7,0.489181
1103,8,0.519583
1103,9,0.457456
1103,10,0.311119
1103,11,0.311119
1103,12,0.527474
1103,13,0.521767
1103,14,0.456642
1103,15,0.535561
1104,1,0.520477
1104,2,0.439679
1104,3,0.459058
1104,4,0.434589
1104,5,0.520477
1104,6,0.504142
1104,7,0.534946
1104,8,0.492966
1104,9,0.574110
1104,10,0.445859
1104,11,0.471671
1104,12,0.504498
1104,13,0.512959
1104,14,0.534946
1104,15,0.508753
1105,1,0.492297
1105,2,0.575973
1105,3,0.467425
1105,4,0.524980
1105,5,0.531294
1105,6,0.518839
1105,7,0.535135
1105,8,0.492464
1105,9,0.467425
1105,10,0.445859
1105,11,0.514107
1105,12,0.523507
1105,13,0.534946
1105,14,0.531294
1105,15,0.520813
1106,1,0.456642
1106,2,0.535561
1106,3,0.531294
1106,4,0.534946
1106,5,0.534946
1106,6,0.522955
1106,7,0.526170
1106,8,0.526170
1106,9,0.459310
1106,10,0.485880
1106,11,0.519457
1106,12,0.522955
1106,13,0.531294
1106,14,0.534946
1106,15,0.522955
1107,1,0.526170
1107,2,0.534946
1107,3,0.522955
1107,4,0.492464
1107,5,0.534946
1107,6,0.534946
1107,7,0.520477
1107,8,0.534946
1107,9,0.456642
1107,10,0.520477
1107,11,0.509792
1107,12,0.467425
1107,13,0.486746
1107,14,0.471833
1107,15,0.547988
1108,1,0.471671
1108,2,0.434589
1108,3,0.531294
1108,4,0.521767
1108,5,0.488479
1108,6,0.521767
1108,7,0.445859
1108,8,0.536737
1108,9,0.520477
1108,10,0.472792
1108,11,0.466679
1108,12,0.515668
1108,13,0.521767
1108,14,0.488479
1108,15,0.521767
1109,1,0.448507
1109,2,0.453270
1109,3,0.314447
1109,4,0.501516
1109,5,0.434589
1109,6,0.481201
1109,7,0.535561
1109,8,0.492464
1109,9,0.533704
1109,10,0.445859
1109,11,0.521767
1109,12,0.434589
1109,13,0.521767
1109,14,0.466824
1109,15,0.501209
1110,1,0.531294
1110,2,0.479347
1110,3,0.527474
1110,4,0.479521
1110,5,0.217294
1110,6,0.521767
1110,7,0.508587
1110,8,0.553959
1110,9,0.471833
1110,10,0.535561
1110,11,0.520477
1110,12,0.459058
1110,13,0.521767
1110,14,0.466824
1110,15,0.527474
1111,1,0.445859
1111,2,0.375638
1111,3,0.527474
1111,4,0.547988
1111,5,0.521767
1111,6,0.445859
1111,7,0.434589
1111,8,0.466824
1111,9,0.516911
1111,10,0.534946
1111,11,0.520477
1111,12,0.534946
1111,13,0.535135
1111,14,0.445859
1111,15,0.531294
1112,1,0.456642
1112,2,0.344483
1112,3,0.521767
1112,4,0.443065
1112,5,0.529627
1112,6,0.536737
1112,7,0.466824
1112,8,0.534946
1112,9,0.534946
1112,10,0.471671
1112,11,0.521767
1112,12,0.481201
1112,13,0.476958
1112,14,0.469663
1112,15,0.547988
1113,1,0.475183
1113,2,0.217294
1113,3,0.506117
1113,4,0.481201
1113,5,0.473996
1113,6,0.514309
1113,7,0.466824
1113,8,0.510893
1113,9,0.531294
1113,10,0.456480
1113,11,0.445859
1113,12,0.521767
1113,13,0.471671
1113,14,0.521767
1113,15,0.445859
1114,1,0.513297
1114,2,0.523217
1114,3,0.533704
1114,4,0.457620
1114,5,0.456642
1114,6,0.574110
1114,7,0.471671
1114,8,0.527474
1114,9,0.530367
1114,10,0.515290
1114,11,0.531294
1114,12,0.397650
1114,13,0.521767
1114,14,0.520477
1114,15,0.471671
1115,1,0.481201
1115,2,0.515668
1115,3,0.434589
1115,4,0.534946
1115,5,0.531294
1115,6,0.534946
1115,7,0.457093
1115,8,0.547988
1115,9,0.467064
1115,10,0.535561
1115,11,0.492966
1115,12,0.534946
1115,13,0.460637
1115,14,0.457620
1115,15,0.484200
1116,1,0.521767
1116,2,0.471671
1116,3,0.521767
1116,4,0.520477
1116,5,0.512167
1116,6,0.496331
1116,7,0.522955
1116,8,0.482488
1116,9,0.455998
1116,10,0.555304
1116,11,0.471671
1116,12,0.456642
1116,13,0.531294
1116,14,0.445859
1116,15,0.513942
1117,1,0.526170
1117,2,0.482488
1117,3,0.445859
1117,4,0.513297
1117,5,0.534946
1117,6,0.489100
1117,7,0.461727
1117,8,0.515668
1117,9,0.467425
1117,10,0.535561
1117,11,0.467425
1117,12,0.535561
1117,13,0.519583
1117,14,0.521767
1117,15,0.500261
1118,1,0.508587
1118,2,0.534946
1118,3,0.531294
1118,4,0.467425
1118,5,0.521767
1118,6,0.471671
1118,7,0.534946
1118,8,0.475608
1118,9,0.543716
1118,10,0.306039
1118,11,0.217294
1118,12,0.469548
1118,13,0.506677
1118,14,0.531294
1118,15,0.521767
1119,1,0.520477
1119,2,0.445859
1119,3,0.505564
1119,4,0.533299
1119,5,0.526170
1119,6,0.466824
1119,7,0.488311
1119,8,0.531294
1119,9,0.534946
1119,10,0.535135
1119,11,0.531294
1119,12,0.530367
1119,13,0.467425
1119,14,0.520477
1119,15,0.463993
1120,1,0.217294
1120,2,0.521767
1120,3,0.482488
1120,4,0.466824
1120,5,0.521767
1120,6,0.510381
1120,7,0.534946
1120,8,0.457093
1120,9,0.534946
1120,10,0.512959
1120,11,0.534946
1120,12,0.492464
1120,13,0.534946
1120,14,0.471671
1120,15,0.534946
1121,1,0.522955
1121,2,0.520651
1121,3,0.513183
1121,4,0.458415
1121,5,0.471671
1121,6,0.527474
1121,7,0.534946
1121,8,0.481802
1121,9,0.524980
1121,10,0.520477
1121,11,0.471671
1121,12,0.534946
1121,13,0.522955
1121,14,0.508587
1121,15,0.464335
1122,1,0.527474
1122,2,0.471671
1122,3,0.446717
1122,4,0.520477
1122,5,0.472792
1122,6,0.535561
1122,7,0.471671
1122,8,0.466679
1122,9,0.508960
1122,10,0.465280
1122,11,0.521767
1122,12,0.482488
1122,13,0.455411
1122,14,0.523217
1122,15,0.458415
1123,1,0.476909
1123,2,0.535135
1123,3,0.522955
1123,4,0.434589
1123,5,0.489181
1123,6,0.461727
1123,7,0.311119
1123,8,0.522701
1123,9,0.449943
1123,10,0.534946
1123,11,0.464451
1123,12,0.466824
1123,13,0.217294
1123,14,0.314447
1123,15,0.531294
1124,1,0.520477
1124,2,0.445859
1124,3,0.513297
1124,4,0.493834
1124,5,0.493834
1124,6,0.456480
1124,7,0.485581
1124,8,0.470750
1124,9,0.481201
1124,10,0.511102
1124,11,0.536737
1124,12,0.521767
1124,13,0.445859
1124,14,0.481201
1124,15,0.490059
1125,1,0.554100
1125,2,0.534946
1125,3,0.521767
1125,4,0.492464
1125,5,0.513993
1125,6,0.470513
1125,7,0.527474
1125,8,0.466824
1125,9,0.477873
1125,10,0.532649
1125,11,0.466824
1125,12,0.521767
1125,13,0.531294
1125,14,0.534946
1125,15,0.456642
1126,1,0.513297
1126,2,0.342360
1126,3,0.345645
1126,4,0.481201
1126,5,0.471671
1126,6,0.466679
1126,7,0.506677
1126,8,0.458896
1126,9,0.217294
1126,10,0.456480
1126,11,0.482941
1126,12,0.513297
1126,13,0.531294
1126,14,0.534946
1126,15,0.457093
1127,1,0.434589
1127,2,0.521767
1127,3,0.515102
1127,4,0.469356
1127,5,0.508587
1127,6,0.457620
1127,7,0.521767
1127,8,0.520477
1127,9,0.466824
1127,10,0.508960
1127,11,0.489181
1127,12,0.535135
1127,13,0.520477
1127,14,0.521063
1127,15,0.492464
1128,1,0.438229
1128,2,0.534946
1128,3,0.481201
1128,4,0.434589
1128,5,0.466824
1128,6,0.314447
1128,7,0.522701
1128,8,0.445859
1128,9,0.467425
1128,10,0.531294
1128,11,0.512167
1128,12,0.481201
1128,13,0.524980
1128,14,0.549194
1128,15,0.458765
1129,1,0.467425
1129,2,0.524980
1129,3,0.531294
1129,4,0.471671
1129,5,0.531294
1129,6,0.520813
1129,7,0.534946
1129,8,0.478695
1129,9,0.520477
1129,10,0.547988
1129,11,0.520477
1129,12,0.534946
1129,13,0.471671
1129,14,0.520477
1129,15,0.459058
1130,1,0.445859
1130,2,0.467425
1130,3,0.481201
1130,4,0.535561
1130,5,0.512167
1130,6,0.464451
1130,7,0.314447
1130,8,0.534946
1130,9,0.522955
1130,10,0.445859
1130,11,0.520477
1130,12,0.534946
1130,13,0.519457
1130,14,0.397650
1130,15,0.553959
1131,1,0.452819
1131,2,0.534946
1131,3,0.492464
1131,4,0.521767
1131,5,0.526170
1131,6,0.508753
1131,7,0.515668
1131,8,0.508587
1131,9,0.452819
1131,10,0.535561
1131,11,0.521716
1131,12,0.533704
1131,13,0.521767
1131,14,0.536737
1131,15,0.548126
1132,1,0.492464
1132,2,0.306039
1132,3,0.217294
1132,4,0.531294
1132,5,0.466824
1132,6,0.521767
1132,7,0.536737
1132,8,0.521767
1132,9,0.531294
1132,10,0.519457
1132,11,0.518965
1132,12,0.492297
1132,13,0.579701
1132,14,0.461727
1132,15,0.534946
1133,1,0.492464
1133,2,0.554100
1133,3,0.438214
1133,4,0.500186
1133,5,0.543716
1133,6,0.523217
1133,7,0.521767
1133,8,0.520477
1133,9,0.493834
1133,10,0.519457
1133,11,0.522955
1133,12,0.534946
1133,13,0.520477
1133,14,0.459058
1133,15,0.534946
1134,1,0.481802
1134,2,0.535561
1134,3,0.522955
1134,4,0.486746
1134,5,0.520813
1134,6,0.521767
1134,7,0.531294
1134,8,0.457620
1134,9,0.467425
1134,10,0.535561
1134,11,0.508587
1134,12,0.523507
1134,13,0.520477
1134,14,0.523217
1134,15,0.534946
1135,1,0.445859
1135,2,0.520477
1135,3,0.521063
1135,4,0.457093
1135,5,0.535561
1135,6,0.481802
1135,7,0.511102
1135,8,0.547988
1135,9,0.456642
1135,10,0.524980
1135,11,0.526170
1135,12,0.466824
1135,13,0.527474
1135,14,0.471671
1135,15,0.508960
1136,1,0.459058
1136,2,0.534946
1136,3,0.481201
1136,4,0.520477
1136,5,0.521767
1136,6,0.508587
1136,7,0.456642
1136,8,0.531294
1136,9,0.529648
1136,10,0.521063
1136,11,0.479347
1136,12,0.519867
1136,13,0.531294
1136,14,0.445859
1136,15,0.512167
1137,1,0.519457
1137,2,0.492297
1137,3,0.534946
1137,4,0.520477
1137,5,0.534946
1137,6,0.534946
1137,7,0.458765
1137,8,0.531294
1137,9,0.534946
1137,10,0.520477
1137,11,0.495545
1137,12,0.469356
1137,13,0.520477
1137,14,0.534946
1137,15,0.474816
1138,1,0.481201
1138,2,0.486746
1138,3,0.438214
1138,4,0.513942
1138,5,0.343325
1138,6,0.217294
1138,7,0.471671
1138,8,0.445859
1138,9,0.481201
1138,10,0.515668
1138,11,0.481201
1138,12,0.485581
1138,13,0.513402
1138,14,0.519867
1138,15,0.534946
1139,1,0.489005
1139,2,0.553495
1139,3,0.520477
1139,4,0.493834
1139,5,0.544118
1139,6,0.495545
1139,7,0.469356
1139,8,0.464451
1139,9,0.342360
1139,10,0.485581
1139,11,0.445859
1139,12,0.314447
1139,13,0.477873
1139,14,0.520477
1139,15,0.474816
1140,1,0.515102
1140,2,0.516929
1140,3,0.526170
1140,4,0.471671
1140,5,0.534946
1140,6,0.535135
1140,7,0.534946
1140,8,0.469548
1140,9,0.485880
1140,10,0.481201
1140,11,0.535561
1140,12,0.445859
1140,13,0.531294
1140,14,0.531294
1140,15,0.521767
1141,1,0.520477
1141,2,0.491894
1141,3,0.527474
1141,4,0.520477
1141,5,0.471671
1141,6,0.489181
1141,7,0.471671
1141,8,0.521767
1141,9,0.536737
1141,10,0.535135
1141,11,0.471671
1141,12,0.493109
1141,13,0.520477
1141,14,0.445859
1141,15,0.471292
1142,1,0.458896
1142,2,0.514107
1142,3,0.542738
1142,4,0.521767
1142,5,0.508753
1142,6,0.463495
1142,7,0.519457
1142,8,0.492464
1142,9,0.314447
1142,10,0.508960
1142,11,0.445859
1142,12,0.534946
1142,13,0.520477
1142,14,0.445859
1142,15,0.471671
1143,1,0.547988
1143,2,0.508587
1143,3,0.461727
1143,4,0.548001
1143,5,0.508587
1143,6,0.473956
1143,7,0.000000
1143,8,0.521122
1143,9,0.536737
1143,10,0.481201
1143,11,0.436940
1143,12,0.519457
1143,13,0.493556
1143,14,0.534946
1143,15,0.445859
1144,1,0.474943
1144,2,0.471671
1144,3,0.445859
1144,4,0.534946
1144,5,0.520477
1144,6,0.445859
1144,7,0.513297
1144,8,0.523217
1144,9,0.492464
1144,10,0.467425
1144,11,0.466824
1144,12,0.534946
1144,13,0.512959
1144,14,0.521767
1144,15,0.520651
1145,1,0.460637
1145,2,0.534946
1145,3,0.535135
1145,4,0.489315
1145,5,0.314447
1145,6,0.477873
1145,7,0.463495
1145,8,0.521767
1145,9,0.476148
1145,10,0.524980
1145,11,0.520477
1145,12,0.512167
1145,13,0.488352
1145,14,0.508587
1145,15,0.547242
1146,1,0.520477
1146,2,0.458301
1146,3,0.250131
1146,4,0.485581
1146,5,0.515668
1146,6,0.438229
1146,7,0.492464
1146,8,0.534946
1146,9,0.445859
1146,10,0.522701
1146,11,0.534946
1146,12,0.512959
1146,13,0.492464
1146,14,0.217294
1146,15,0.531294
1147,1,0.471671
1147,2,0.466679
1147,3,0.456642
1147,4,0.529648
1147,5,0.533704
1147,6,0.520477
1147,7,0.520477
1147,8,0.508587
1147,9,0.521767
1147,10,0.445859
1147,11,0.521767
1147,12,0.508587
1147,13,0.531294
1147,14,0.534946
1147,15,0.519457
1148,1,0.481201
1148,2,0.524980
1148,3,0.508587
1148,4,0.464335
1148,5,0.508960
1148,6,0.536737
1148,7,0.531294
1148,8,0.521767
1148,9,0.471671
1148,10,0.498768
1148,11,0.548001
1148,12,0.481802
1148,13,0.464451
1148,14,0.217294
1148,15,0.520477
1149,1,0.513993
1149,2,0.445859
1149,3,0.521767
1149,4,0.485880
1149,5,0.547988
1149,6,0.464451
1149,7,0.554100
1149,8,0.481201
1149,9,0.524980
1149,10,0.466824
1149,11,0.503119
1149,12,0.535135
1149,13,0.519457
1149,14,0.508587
1149,15,0.456642
1150,1,0.535561
1150,2,0.445859
1150,3,0.547988
1150,4,0.481201
1150,5,0.535561
1150,6,0.481201
1150,7,0.498768
1150,8,0.495783
1150,9,0.445859
1150,10,0.520477
1150,11,0.458415
1150,12,0.520477
1150,13,0.445859
1150,14,0.531294
1150,15,0.492464
1151,1,0.481201
1151,2,0.527474
1151,3,0.445859
1151,4,0.314447
1151,5,0.527474
1151,6,0.457456
1151,7,0.311119
1151,8,0.502593
1151,9,0.344483
1151,10,0.548001
1151,11,0.519583
1151,12,0.508753
1151,13,0.521767
1151,14,0.459411
1151,15,0.526170
1152,1,0.445859
1152,2,0.360901
1152,3,0.535561
1152,4,0.535135
1152,5,0.456475
1152,6,0.531294
1152,7,0.457456
1152,8,0.507999
1152,9,0.531294
1152,10,0.508587
1152,11,0.534946
1152,12,0.468327
1152,13,0.520477
1152,14,0.534946
1152,15,0.439418
1153,1,0.482488
1153,2,0.508587
1153,3,0.481201
1153,4,0.520477
1153,5,0.519457
1153,6,0.534946
1153,7,0.531294
1153,8,0.457456
1153,9,0.534946
1153,10,0.466824
1153,11,0.466679
1153,12,0.497424
1153,13,0.492464
1153,14,0.472792
1153,15,0.489591
1154,1,0.534946
1154,2,0.520477
1154,3,0.531294
1154,4,0.445859
1154,5,0.471671
1154,6,0.534946
1154,7,0.471671
1154,8,0.534946
1154,9,0.492464
1154,10,0.521767
1154,11,0.526170
1154,12,0.536737
1154,13,0.521716
1154,14,0.526170
1154,15,0.434589
1155,1,0.531294
1155,2,0.512390
1155,3,0.482925
1155,4,0.533704
1155,5,0.471833
1155,6,0.475183
1155,7,0.485829
1155,8,0.542640
1155,9,0.343325
1155,10,0.202543
1155,11,0.500186
1155,12,0.526170
1155,13,0.536737
1155,14,0.508587
1155,15,0.471671
1156,1,0.547988
1156,2,0.521767
1156,3,0.521767
1156,4,0.471671
1156,5,0.521767
1156,6,0.548001
1156,7,0.467425
1156,8,0.492464
1156,9,0.521767
1156,10,0.445859
1156,11,0.471671
1156,12,0.447546
1156,13,0.534946
1156,14,0.522955
1156,15,0.521767
1157,1,0.526170
1157,2,0.512167
1157,3,0.536737
1157,4,0.445859
1157,5,0.217294
1157,6,0.520477
1157,7,0.521767
1157,8,0.520477
1157,9,0.458415
1157,10,0.530507
1157,11,0.536737
1157,12,0.520477
1157,13,0.500261
1157,14,0.489005
1157,15,0.542738
1158,1,0.543152
1158,2,0.481201
1158,3,0.501971
1158,4,0.520477
1158,5,0.481201
1158,6,0.515668
1158,7,0.489181
1158,8,0.438214
1158,9,0.531294
1158,10,0.508587
1158,11,0.521767
1158,12,0.471671
1158,13,0.534946
1158,14,0.445859
1158,15,0.520477
1159,1,0.521767
1159,2,0.510381
1159,3,0.486128
1159,4,0.542906
1159,5,0.534946
1159,6,0.458765
1159,7,0.574110
1159,8,0.521767
1159,9,0.531294
1159,10,0.534946
1159,11,0.535135
1159,12,0.534946
1159,13,0.445859
1159,14,0.481201
1159,15,0.490059
1160,1,0.554100
1160,2,0.494256
1160,3,0.536737
1160,4,0.471671
1160,5,0.464451
1160,6,0.217294
1160,7,0.513297
1160,8,0.521767
1160,9,0.515102
1160,10,0.458415
1160,11,0.522701
1160,12,0.542906
1160,13,0.513993
1160,14,0.499364
1160,15,0.456642
1161,1,0.535561
1161,2,0.457081
1161,3,0.531294
1161,4,0.492131
1161,5,0.522955
1161,6,0.520477
1161,7,0.520477
1161,8,0.492464
1161,9,0.543716
1161,10,0.456480
1161,11,0.547430
1161,12,0.574110
1161,13,0.534946
1161,14,0.522955
1161,15,0.536737
1162,1,0.531294
1162,2,0.520813
1162,3,0.520477
1162,4,0.521767
1162,5,0.531294
1162,6,0.534946
1162,7,0.522955
1162,8,0.536737
1162,9,0.457081
1162,10,0.445859
1162,11,0.574110
1162,12,0.445859
1162,13,0.534946
1162,14,0.466824
1162,15,0.521767
1163,1,0.445859
1163,2,0.531294
1163,3,0.485880
1163,4,0.519457
1163,5,0.535135
1163,6,0.445859
1163,7,0.520477
1163,8,0.486746
1163,9,0.547988
1163,10,0.492966
1163,11,0.534946
1163,12,0.489005
1163,13,0.535135
1163,14,0.445859
1163,15,0.531294
1164,1,0.475183
1164,2,0.345645
1164,3,0.524980
1164,4,0.471671
1164,5,0.526170
1164,6,0.445859
1164,7,0.434589
1164,8,0.456642
1164,9,0.524980
1164,10,0.485880
1164,11,0.521767
1164,12,0.531294
1164,13,0.456642
1164,14,0.513297
1164,15,0.521767
1165,1,0.531294
1165,2,0.534946
1165,3,0.445859
1165,4,0.520477
1165,5,0.534946
1165,6,0.531294
1165,7,0.521767
1165,8,0.520477
1165,9,0.468876
1165,10,0.511102
1165,11,0.434589
1165,12,0.445859
1165,13,0.520477
1165,14,0.523217
1165,15,0.534946
1166,1,0.520477
1166,2,0.512790
1166,3,0.520477
1166,4,0.460637
1166,5,0.452359
1166,6,0.527474
1166,7,0.547988
1166,8,0.492464
1166,9,0.513993
1166,10,0.434589
1166,11,0.531294
1166,12,0.467425
1166,13,0.524980
1166,14,0.508587
1166,15,0.471671
1167,1,0.445859
1167,2,0.467425
1167,3,0.535561
1167,4,0.519583
1167,5,0.520813
1167,6,0.534946
1167,7,0.520477
1167,8,0.507065
1167,9,0.461727
1167,10,0.527474
1167,11,0.531294
1167,12,0.445859
1167,13,0.467425
1167,14,0.521767
1167,15,0.526170
1168,1,0.536737
1168,2,0.445859
1168,3,0.500261
1168,4,0.524980
1168,5,0.536737
1168,6,0.456480
1168,7,0.535561
1168,8,0.492464
1168,9,0.521767
1168,10,0.531294
1168,11,0.521767
1168,12,0.445859
1168,13,0.471671
1168,14,0.478695
1168,15,0.531294
1169,1,0.534946
1169,2,0.547988
1169,3,0.446717
1169,4,0.520477
1169,5,0.490210
1169,6,0.535135
1169,7,0.445859
1169,8,0.471671
1169,9,0.467425
1169,10,0.460860
1169,11,0.497424
1169,12,0.534946
1169,13,0.531294
1169,14,0.481201
1169,15,0.524980
1170,1,0.457767
1170,2,0.524980
1170,3,0.471671
1170,4,0.491157
1170,5,0.523217
1170,6,0.445859
1170,7,0.456480
1170,8,0.485581
1170,9,0.445859
1170,10,0.534946
1170,11,0.574110
1170,12,0.521767
1170,13,0.466824
1170,14,0.497782
1170,15,0.555304
1171,1,0.530367
1171,2,0.530367
1171,3,0.473956
1171,4,0.459058
1171,5,0.534946
1171,6,0.380913
1171,7,0.520477
1171,8,0.531294
1171,9,0.466824
1171,10,0.456480
1171,11,0.520477
1171,12,0.529648
1171,13,0.456480
1171,14,0.460860
1171,15,0.533428
1172,1,0.530367
1172,2,0.518839
1172,3,0.492464
1172,4,0.521767
1172,5,0.515102
1172,6,0.445859
1172,7,0.521767
1172,8,0.526170
1172,9,0.520651
1172,10,0.457093
1172,11,0.345645
1172,12,0.521767
1172,13,0.473956
1172,14,0.306039
1172,15,0.000000
1173,1,0.456480
1173,2,0.471671
1173,3,0.521767
1173,4,0.445859
1173,5,0.534946
1173,6,0.481802
1173,7,0.469414
1173,8,0.525634
1173,9,0.505214
1173,10,0.468327
1173,11,0.468373
1173,12,0.524980
1173,13,0.445859
1173,14,0.217294
1173,15,0.314447
1174,1,0.534946
1174,2,0.445859
1174,3,0.521767
1174,4,0.508587
1174,5,0.542906
1174,6,0.459058
1174,7,0.500261
1174,8,0.466824
1174,9,0.519457
1174,10,0.457081
1174,11,0.460860
1174,12,0.547988
1174,13,0.520477
1174,14,0.531294
1174,15,0.574110
1175,1,0.520477
1175,2,0.521767
1175,3,0.531294
1175,4,0.446717
1175,5,0.467425
1175,6,0.486746
1175,7,0.531294
1175,8,0.492464
1175,9,0.555304
1175,10,0.549676
1175,11,0.531294
1175,12,0.457456
1175,13,0.466679
1175,14,0.445859
1175,15,0.484252
1176,1,0.534016
1176,2,0.508124
1176,3,0.523730
1176,4,0.531474
1176,5,0.521767
1176,6,0.536737
1176,7,0.492464
1176,8,0.523217
1176,9,0.531294
1176,10,0.521767
1176,11,0.457767
1176,12,0.519867
1176,13,0.508587
1176,14,0.467425
1176,15,0.519867
1177,1,0.520813
1177,2,0.439679
1177,3,0.521767
1177,4,0.448507
1177,5,0.454942
1177,6,0.477873
1177,7,0.520477
1177,8,0.531294
1177,9,0.520477
1177,10,0.534946
1177,11,0.508587
1177,12,0.521767
1177,13,0.536737
1177,14,0.520477
1177,15,0.493834
1178,1,0.471671
1178,2,0.456480
1178,3,0.485880
1178,4,0.438214
1178,5,0.520477
1178,6,0.466824
1178,7,0.510893
1178,8,0.521767
1178,9,0.456480
1178,10,0.492464
1178,11,0.521767
1178,12,0.466824
1178,13,0.521767
1178,14,0.466824
1178,15,0.516911
1179,1,0.522955
1179,2,0.536737
1179,3,0.521767
1179,4,0.481555
1179,5,0.521767
1179,6,0.531294
1179,7,0.466824
1179,8,0.508960
1179,9,0.526170
1179,10,0.445859
1179,11,0.456480
1179,12,0.524980
1179,13,0.471671
1179,14,0.445859
1179,15,0.531294
1180,1,0.508587
1180,2,0.438214
1180,3,0.534946
1180,4,0.492464
1180,5,0.523217
1180,6,0.534946
1180,7,0.531294
1180,8,0.471671
1180,9,0.515668
1180,10,0.533704
1180,11,0.445859
1180,12,0.467425
1180,13,0.520477
1180,14,0.521767
1180,15,0.526170
1181,1,0.457767
1181,2,0.466824
1181,3,0.527474
1181,4,0.530367
1181,5,0.457129
1181,6,0.513297
1181,7,0.217294
1181,8,0.534946
1181,9,0.456480
1181,10,0.535561
1181,11,0.471671
1181,12,0.540239
1181,13,0.508587
1181,14,0.534946
1181,15,0.519583
1182,1,0.466824
1182,2,0.453644
1182,3,0.466824
1182,4,0.488311
1182,5,0.520477
1182,6,0.485880
1182,7,0.494256
1182,8,0.516929
1182,9,0.457767
1182,10,0.470727
1182,11,0.511102
1182,12,0.459058
1182,13,0.547988
1182,14,0.466824
1182,15,0.502593
1183,1,0.520477
1183,2,0.456813
1183,3,0.524980
1183,4,0.531294
1183,5,0.442102
1183,6,0.547988
1183,7,0.534946
1183,8,0.531294
1183,9,0.474816
1183,10,0.554100
1183,11,0.456480
1183,12,0.519867
1183,13,0.468890
1183,14,0.217294
1183,15,0.534946
1184,1,0.531294
1184,2,0.445859
1184,3,0.456480
1184,4,0.492464
1184,5,0.549865
1184,6,0.457081
1184,7,0.456857
1184,8,0.531294
1184,9,0.520813
1184,10,0.523217
1184,11,0.534946
1184,12,0.535135
1184,13,0.520477
1184,14,0.493834
1184,15,0.459058
1185,1,0.515668
1185,2,0.488479
1185,3,0.530367
1185,4,0.510703
1185,5,0.531294
1185,6,0.520477
1185,7,0.466824
1185,8,0.527474
1185,9,0.492632
1185,10,0.306039
1185,11,0.434589
1185,12,0.501076
1185,13,0.460763
1185,14,0.456480
1185,15,0.511077
1186,1,0.525634
1186,2,0.515668
1186,3,0.492131
1186,4,0.520813
1186,5,0.523217
1186,6,0.547988
1186,7,0.531294
1186,8,0.574110
1186,9,0.512167
1186,10,0.521767
1186,11,0.492464
1186,12,0.513993
1186,13,0.536737
1186,14,0.466824
1186,15,0.202543
1187,1,0.534946
1187,2,0.466824
1187,3,0.466679
1187,4,0.534946
1187,5,0.492464
1187,6,0.520477
1187,7,0.445859
1187,8,0.483527
1187,9,0.510893
1187,10,0.533704
1187,11,0.530367
1187,12,0.471671
1187,13,0.490059
1187,14,0.566955
1187,15,0.554100
1188,1,0.438214
1188,2,0.474943
1188,3,0.438214
1188,4,0.520477
1188,5,0.521767
1188,6,0.495311
1188,7,0.526170
1188,8,0.531294
1188,9,0.457456
1188,10,0.000000
1188,11,0.471671
1188,12,0.445859
1188,13,0.501733
1188,14,0.434589
1188,15,0.464451
1189,1,0.543716
1189,2,0.531294
1189,3,0.456480
1189,4,0.535561
1189,5,0.489306
1189,6,0.531294
1189,7,0.466824
1189,8,0.520791
1189,9,0.520477
1189,10,0.445859
1189,11,0.534946
1189,12,0.522955
1189,13,0.466824
1189,14,0.534946
1189,15,0.521767
1190,1,0.466824
1190,2,0.217294
1190,3,0.520791
1190,4,0.530367
1190,5,0.530367
1190,6,0.463993
1190,7,0.364186
1190,8,0.574110
1190,9,0.467064
1190,10,0.508409
1190,11,0.520477
1190,12,0.534946
1190,13,0.522955
1190,14,0.521767
1190,15,0.434589
1191,1,0.471671
1191,2,0.456480
1191,3,0.520477
1191,4,0.458415
1191,5,0.311119
1191,6,0.466679
1191,7,0.456480
1191,8,0.449476
1191,9,0.493604
1191,10,0.530367
1191,11,0.485880
1191,12,0.438214
1191,13,0.574110
1191,14,0.545566
1191,15,0.534946
1192,1,0.534946
1192,2,0.457081
1192,3,0.535561
1192,4,0.434589
1192,5,0.467064
1192,6,0.531518
1192,7,0.535135
1192,8,0.535135
1192,9,0.492320
1192,10,0.535135
1192,11,0.445859
1192,12,0.513297
1192,13,0.533704
1192,14,0.508124
1192,15,0.534946
1193,1,0.520477
1193,2,0.534946
1193,3,0.508587
1193,4,0.452359
1193,5,0.510893
1193,6,0.217294
1193,7,0.514107
1193,8,0.438214
1193,9,0.456480
1193,10,0.445859
1193,11,0.534946
1193,12,0.522955
1193,13,0.521767
1193,14,0.531294
1193,15,0.521767
1194,1,0.536737
1194,2,0.445859
1194,3,0.217294
1194,4,0.481201
1194,5,0.445859
1194,6,0.521767
1194,7,0.520477
1194,8,0.534946
1194,9,0.574110
1194,10,0.534946
1194,11,0.520477
1194,12,0.531294
1194,13,0.457620
1194,14,0.467425
1194,15,0.471671
1195,1,0.485880
1195,2,0.534946
1195,3,0.535135
1195,4,0.574110
1195,5,0.531294
1195,6,0.534946
1195,7,0.482941
1195,8,0.543019
1195,9,0.547988
1195,10,0.521767
1195,11,0.457767
1195,12,0.478468
1195,13,0.462961
1195,14,0.447546
1195,15,0.524980
1196,1,0.457767
1196,2,0.452355
1196,3,0.523217
1196,4,0.520477
1196,5,0.472792
1196,6,0.515668
1196,7,0.523217
1196,8,0.547988
1196,9,0.531294
1196,10,0.456480
1196,11,0.520477
1196,12,0.534946
1196,13,0.456480
1196,14,0.524980
1196,15,0.531294
1197,1,0.457620
1197,2,0.419837
1197,3,0.456480
1197,4,0.514309
1197,5,0.536737
1197,6,0.520477
1197,7,0.523217
1197,8,0.456480
1197,9,0.531294
1197,10,0.508124
1197,11,0.521767
1197,12,0.526170
1197,13,0.466824
1197,14,0.456480
1197,15,0.535561
1198,1,0.466824
1198,2,0.510893
1198,3,0.306039
1198,4,0.507823
1198,5,0.217294
1198,6,0.522701
1198,7,0.530367
1198,8,0.456642
1198,9,0.522701
1198,10,0.445859
1198,11,0.534946
1198,12,0.535135
1198,13,0.520477
1198,14,0.509792
1198,15,0.555785
1199,1,0.553959
1199,2,0.467425
1199,3,0.520477
1199,4,0.534946
1199,5,0.457081
1199,6,0.520477
1199,7,0.520477
1199,8,0.534946
1199,9,0.531294
1199,10,0.521767
1199,11,0.511308
1199,12,0.438214
1199,13,0.314447
1199,14,0.527474
1199,15,0.510413
1200,1,0.456480
1200,2,0.524980
1200,3,0.471671
1200,4,0.453661
1200,5,0.534946
1200,6,0.535135
1200,7,0.534946
1200,8,0.531294
1200,9,0.457620
1200,10,0.467425
1200,11,0.524980
1200,12,0.523751
1200,13,0.520651
1200,14,0.471671
1200,15,0.574110
1201,1,0.492464
1201,2,0.521767
1201,3,0.471671
1201,4,0.534946
1201,5,0.496160
1201,6,0.520477
1201,7,0.509792
1201,8,0.531294
1201,9,0.485880
1201,10,0.531294
1201,11,0.547988
1201,12,0.531294
1201,13,0.534946
1201,14,0.492966
1201,15,0.458415
1202,1,0.456480
1202,2,0.460860
1202,3,0.547988
1202,4,0.467425
1202,5,0.524980
1202,6,0.532978
1202,7,0.495780
1202,8,0.509792
1202,9,0.471050
1202,10,0.535561
1202,11,0.486746
1202,12,0.530367
1202,13,0.467425
1202,14,0.445859
1202,15,0.000000
1203,1,0.217294
1203,2,0.314447
1203,3,0.521767
1203,4,0.526170
1203,5,0.520477
1203,6,0.531294
1203,7,0.574110
1203,8,0.521767
1203,9,0.531294
1203,10,0.574110
1203,11,0.521767
1203,12,0.456480
1203,13,0.492966
1203,14,0.547988
1203,15,0.531294
1204,1,0.480650
1204,2,0.521767
1204,3,0.492464
1204,4,0.314447
1204,5,0.520477
1204,6,0.534946
1204,7,0.535135
1204,8,0.445859
1204,9,0.520477
1204,10,0.445859
1204,11,0.531294
1204,12,0.442102
1204,13,0.534946
1204,14,0.535135
1204,15,0.457081
1205,1,0.473996
1205,2,0.466824
1205,3,0.506117
1205,4,0.520477
1205,5,0.494540
1205,6,0.535135
1205,7,0.535135
1205,8,0.457081
1205,9,0.445859
1205,10,0.534946
1205,11,0.535135
1205,12,0.468327
1205,13,0.491652
1205,14,0.438214
1205,15,0.481201
1206,1,0.463495
1206,2,0.516911
1206,3,0.535135
1206,4,0.479948
1206,5,0.521767
1206,6,0.547988
1206,7,0.492464
1206,8,0.521767
1206,9,0.526170
1206,10,0.520477
1206,11,0.547988
1206,12,0.534946
1206,13,0.535135
1206,14,0.445859
1206,15,0.521767
1207,1,0.520477
1207,2,0.493834
1207,3,0.554100
1207,4,0.530367
1207,5,0.531294
1207,6,0.520813
1207,7,0.445859
1207,8,0.521122
1207,9,0.531294
1207,10,0.521767
1207,11,0.531294
1207,12,0.534946
1207,13,0.445859
1207,14,0.217294
1207,15,0.217294
1208,1,0.506117
1208,2,0.521767
1208,3,0.464451
1208,4,0.520477
1208,5,0.521767
1208,6,0.482941
1208,7,0.466679
1208,8,0.521767
1208,9,0.527474
1208,10,0.449943
1208,11,0.456480
1208,12,0.520477
1208,13,0.534946
1208,14,0.471671
1208,15,0.492464
1209,1,0.471671
1209,2,0.446645
1209,3,0.508753
1209,4,0.485386
1209,5,0.513297
1209,6,0.534946
1209,7,0.508587
1209,8,0.542906
1209,9,0.456480
1209,10,0.531294
1209,11,0.456480
1209,12,0.438229
1209,13,0.534946
1209,14,0.520477
1209,15,0.458415
1210,1,0.527474
1210,2,0.534946
1210,3,0.534946
1210,4,0.471671
1210,5,0.446645
1210,6,0.452355
1210,7,0.524980
1210,8,0.457767
1210,9,0.574110
1210,10,0.520477
1210,11,0.496995
1210,12,0.526170
1210,13,0.526170
1210,14,0.520477
1210,15,0.459058
1211,1,0.445859
1211,2,0.520477
1211,3,0.445859
1211,4,0.456480
1211,5,0.445859
1211,6,0.434589
1211,7,0.520477
1211,8,0.513993
1211,9,0.495311
1211,10,0.526170
1211,11,0.508753
1211,12,0.466679
1211,13,0.547988
1211,14,0.471671
1211,15,0.534946
1212,1,0.466824
1212,2,0.515668
1212,3,0.492464
1212,4,0.533704
1212,5,0.534946
1212,6,0.492464
1212,7,0.521767
1212,8,0.574110
1212,9,0.545566
1212,10,0.521767
1212,11,0.520477
1212,12,0.521767
1212,13,0.520477
1212,14,0.531294
1212,15,0.530367
1213,1,0.457456
1213,2,0.217294
1213,3,0.522701
1213,4,0.553959
1213,5,0.542906
1213,6,0.523217
1213,7,0.456480
1213,8,0.520477
1213,9,0.534946
1213,10,0.535135
1213,11,0.522955
1213,12,0.510381
1213,13,0.521767
1213,14,0.466824
1213,15,0.520791
1214,1,0.521767
1214,2,0.534946
1214,3,0.535135
1214,4,0.456480
1214,5,0.459927
1214,6,0.471671
1214,7,0.493604
1214,8,0.445859
1214,9,0.314447
1214,10,0.534946
1214,11,0.464451
1214,12,0.554100
1214,13,0.520477
1214,14,0.521767
1214,15,0.397650
1215,1,0.521767
1215,2,0.531294
1215,3,0.436940
1215,4,0.531975
1215,5,0.457767
1215,6,0.456919
1215,7,0.524980
1215,8,0.531294
1215,9,0.521767
1215,10,0.457456
1215,11,0.521767
1215,12,0.520477
1215,13,0.523217
1215,14,0.466824
1215,15,0.311119
1216,1,0.534946
1216,2,0.535135
1216,3,0.456480
1216,4,0.479866
1216,5,0.466824
1216,6,0.521767
1216,7,0.445859
1216,8,0.471292
1216,9,0.542738
1216,10,0.306039
1216,11,0.456480
1216,12,0.494256
1216,13,0.492464
1216,14,0.547988
1216,15,0.473956
1217,1,0.523217
1217,2,0.520477
1217,3,0.509792
1217,4,0.456480
1217,5,0.441191
1217,6,0.524980
1217,7,0.508587
1217,8,0.467425
1217,9,0.471671
1217,10,0.467052
1217,11,0.524980
1217,12,0.521767
1217,13,0.469798
1217,14,0.574110
1217,15,0.466824
1218,1,0.574110
1218,2,0.438229
1218,3,0.531294
1218,4,0.492297
1218,5,0.574110
1218,6,0.489005
1218,7,0.522955
1218,8,0.457767
1218,9,0.524980
1218,10,0.466824
1218,11,0.434589
1218,12,0.466824
1218,13,0.534946
1218,14,0.520477
1218,15,0.533704
1219,1,0.456480
1219,2,0.447332
1219,3,0.434589
1219,4,0.497424
1219,5,0.445859
1219,6,0.520477
1219,7,0.523217
1219,8,0.462244
1219,9,0.532880
1219,10,0.553959
1219,11,0.521767
1219,12,0.526170
1219,13,0.520477
1219,14,0.574110
1219,15,0.508587
1220,1,0.534946
1220,2,0.457081
1220,3,0.460860
1220,4,0.460860
1220,5,0.436940
1220,6,0.521767
1220,7,0.481555
1220,8,0.306039
1220,9,0.526170
1220,10,0.521767
1220,11,0.521767
1220,12,0.531294
1220,13,0.510413
1220,14,0.522955
1220,15,0.520477
1221,1,0.457767
1221,2,0.466824
1221,3,0.524527
1221,4,0.542738
1221,5,0.459058
1221,6,0.521767
1221,7,0.531294
1221,8,0.492297
1221,9,0.217294
1221,10,0.217294
1221,11,0.521767
1221,12,0.492464
1221,13,0.533704
1221,14,0.521767
1221,15,0.520477
1222,1,0.445859
1222,2,0.534946
1222,3,0.456480
1222,4,0.445859
1222,5,0.217294
1222,6,0.434589
1222,7,0.520477
1222,8,0.459058
1222,9,0.534946
1222,10,0.436940
1222,11,0.523217
1222,12,0.456480
1222,13,0.535561
1222,14,0.471671
1222,15,0.456480
1223,1,0.466824
1223,2,0.510893
1223,3,0.554100
1223,4,0.438214
1223,5,0.548001
1223,6,0.508753
1223,7,0.547988
1223,8,0.534946
1223,9,0.574110
1223,10,0.471671
1223,11,0.534946
1223,12,0.473956
1223,13,0.306039
1223,14,0.534946
1223,15,0.493703
1224,1,0.539444
1224,2,0.560633
1224,3,0.520477
1224,4,0.456480
1224,5,0.447332
1224,6,0.520477
1224,7,0.470328
1224,8,0.217294
1224,9,0.456480
1224,10,0.467011
1224,11,0.574110
1224,12,0.545566
1224,13,0.534946
1224,14,0.495444
1224,15,0.547988
1225,1,0.492464
1225,2,0.566955
1225,3,0.547988
1225,4,0.543152
1225,5,0.457767
1225,6,0.540239
1225,7,0.534946
1225,8,0.520477
1225,9,0.574110
1225,10,0.531294
1225,11,0.506124
1225,12,0.520477
1225,13,0.534946
1225,14,0.471671
1225,15,0.521767
1226,1,0.536737
1226,2,0.492464
1226,3,0.531294
1226,4,0.534946
1226,5,0.515290
1226,6,0.531294
1226,7,0.521767
1226,8,0.489901
1226,9,0.461727
1226,10,0.520791
1226,11,0.520813
1226,12,0.520477
1226,13,0.523217
1226,14,0.466824
1226,15,0.515668
1227,1,0.485880
1227,2,0.438214
1227,3,0.534946
1227,4,0.456480
1227,5,0.492966
1227,6,0.445859
1227,7,0.502593
1227,8,0.471671
1227,9,0.434589
1227,10,0.500261
1227,11,0.531294
1227,12,0.471671
1227,13,0.447546
1227,14,0.521767
1227,15,0.531294
1228,1,0.457456
1228,2,0.217294
1228,3,0.513297
1228,4,0.547430
1228,5,0.547988
1228,6,0.474816
1228,7,0.547988
1228,8,0.474816
1228,9,0.531294
1228,10,0.534946
1228,11,0.512959
1228,12,0.536737
1228,13,0.466824
1228,14,0.534946
1228,15,0.471671
1229,1,0.456480
1229,2,0.466824
1229,3,0.456480
1229,4,0.434589
1229,5,0.485880
1229,6,0.456480
1229,7,0.491652
1229,8,0.542906
1229,9,0.574110
1229,10,0.520477
1229,11,0.459310
1229,12,0.521767
1229,13,0.457767
1229,14,0.535561
1229,15,0.482941
1230,1,0.520477
1230,2,0.533704
1230,3,0.534946
1230,4,0.485880
1230,5,0.531294
1230,6,0.521767
1230,7,0.520477
1230,8,0.521767
1230,9,0.536737
1230,10,0.574110
1230,11,0.475183
1230,12,0.526441
1230,13,0.534946
1230,14,0.574110
1230,15,0.467425
1231,1,0.524980
1231,2,0.480933
1231,3,0.475559
1231,4,0.461727
1231,5,0.521767
1231,6,0.457767
1231,7,0.535561
1231,8,0.466824
1231,9,0.521767
1231,10,0.520477
1231,11,0.534946
1231,12,0.464451
1231,13,0.520477
1231,14,0.533704
1231,15,0.434589
1232,1,0.434589
1232,2,0.456480
1232,3,0.524980
1232,4,0.456480
1232,5,0.520477
1232,6,0.534946
1232,7,0.531294
1232,8,0.530367
1232,9,0.534946
1232,10,0.547988
1232,11,0.521767
1232,12,0.445859
1232,13,0.521767
1232,14,0.434589
1232,15,0.445859
1233,1,0.471671
1233,2,0.456480
1233,3,0.513402
1233,4,0.466824
1233,5,0.217294
1233,6,0.521767
1233,7,0.492464
1233,8,0.306039
1233,9,0.574110
1233,10,0.520477
1233,11,0.534325
1233,12,0.492464
1233,13,0.532569
1233,14,0.338176
1233,15,0.510893
1234,1,0.467425
1234,2,0.445859
1234,3,0.513297
1234,4,0.523217
1234,5,0.479353
1234,6,0.533704
1234,7,0.534946
1234,8,0.508587
1234,9,0.457620
1234,10,0.534946
1234,11,0.535135
1234,12,0.493109
1234,13,0.536737
1234,14,0.520477
1234,15,0.434589
1235,1,0.471671
1235,2,0.476949
1235,3,0.549865
1235,4,0.553959
1235,5,0.530367
1235,6,0.457456
1235,7,0.521767
1235,8,0.314447
1235,9,0.456480
1235,10,0.460860
1235,11,0.531294
1235,12,0.534946
1235,13,0.446905
1235,14,0.531294
1235,15,0.520477
1236,1,0.438229
1236,2,0.554100
1236,3,0.520813
1236,4,0.523217
1236,5,0.459058
1236,6,0.463495
1236,7,0.527474
1236,8,0.456480
1236,9,0.524980
1236,10,0.536737
1236,11,0.457081
1236,12,0.451025
1236,13,0.445859
1236,14,0.217294
1236,15,0.217294
1237,1,0.531294
1237,2,0.463993
1237,3,0.531294
1237,4,0.531294
1237,5,0.474816
1237,6,0.560633
1237,7,0.456480
1237,8,0.445859
1237,9,0.520477
1237,10,0.464451
1237,11,0.574110
1237,12,0.504507
1237,13,0.524980
1237,14,0.457767
1237,15,0.547988
1238,1,0.508587
1238,2,0.530367
1238,3,0.534946
1238,4,0.492464
1238,5,0.545086
1238,6,0.534946
1238,7,0.531294
1238,8,0.547988
1238,9,0.445859
1238,10,0.419837
1238,11,0.521767
1238,12,0.471671
1238,13,0.492464
1238,14,0.456480
1238,15,0.451025
1239,1,0.434589
1239,2,0.452355
1239,3,0.467425
1239,4,0.520477
1239,5,0.521767
1239,6,0.492464
1239,7,0.555304
1239,8,0.452359
1239,9,0.342360
1239,10,0.505564
1239,11,0.542906
1239,12,0.521767
1239,13,0.520477
1239,14,0.533704
1239,15,0.474816
1240,1,0.520477
1240,2,0.494176
1240,3,0.536737
1240,4,0.520477
1240,5,0.456642
1240,6,0.217294
1240,7,0.434589
1240,8,0.489181
1240,9,0.535135
1240,10,0.535135
1240,11,0.471671
1240,12,0.476949
1240,13,0.327929
1240,14,0.480839
1240,15,0.531294
1241,1,0.530367
1241,2,0.530367
1241,3,0.574110
1241,4,0.534946
1241,5,0.521767
1241,6,0.536737
1241,7,0.520477
1241,8,0.547988
1241,9,0.445859
1241,10,0.217294
1241,11,0.531294
1241,12,0.520477
1241,13,0.456480
1241,14,0.524980
1241,15,0.519457
1242,1,0.531294
1242,2,0.520813
1242,3,0.521767
1242,4,0.523217
1242,5,0.523217
1242,6,0.459058
1242,7,0.521767
1242,8,0.534946
1242,9,0.531294
1242,10,0.445859
1242,11,0.342360
1242,12,0.452355
1242,13,0.445859
1242,14,0.521767
1242,15,0.526170
1243,1,0.456480
1243,2,0.445859
1243,3,0.520477
1243,4,0.534946
1243,5,0.522955
1243,6,0.531294
1243,7,0.457456
1243,8,0.311119
1243,9,0.466679
1243,10,0.446645
1243,11,0.532649
1243,12,0.523751
1243,13,0.533900
1243,14,0.522955
1243,15,0.520477
1244,1,0.521767
1244,2,0.520477
1244,3,0.523217
1244,4,0.456480
1244,5,0.524980
1244,6,0.531294
1244,7,0.471671
1244,8,0.447546
1244,9,0.456480
1244,10,0.473996
1244,11,0.536466
1244,12,0.533129
1244,13,0.531294
1244,14,0.492632
1244,15,0.533704
1245,1,0.534946
1245,2,0.531294
1245,3,0.508124
1245,4,0.521767
1245,5,0.520477
1245,6,0.457767
1245,7,0.452355
1245,8,0.535561
1245,9,0.457081
1245,10,0.451025
1245,11,0.535561
1245,12,0.502064
1245,13,0.524980
1245,14,0.508587
1245,15,0.553959
1246,1,0.520477
1246,2,0.531294
1246,3,0.445859
1246,4,0.534946
1246,5,0.520477
1246,6,0.533704
1246,7,0.534946
1246,8,0.445859
1246,9,0.456480
1246,10,0.461048
1246,11,0.547988
1246,12,0.463993
1246,13,0.522701
1246,14,0.553495
1246,15,0.547988
1247,1,0.510381
1247,2,0.520813
1247,3,0.521767
1247,4,0.471671
1247,5,0.445859
1247,6,0.531294
1247,7,0.534946
1247,8,0.531294
1247,9,0.534946
1247,10,0.445859
1247,11,0.471671
1247,12,0.447546
1247,13,0.509792
1247,14,0.456480
1247,15,0.451025
1248,1,0.489591
1248,2,0.535135
1248,3,0.486746
1248,4,0.520813
1248,5,0.456480
1248,6,0.524980
1248,7,0.549194
1248,8,0.492464
1248,9,0.456480
1248,10,0.535561
1248,11,0.522332
1248,12,0.534946
1248,13,0.522955
1248,14,0.535770
1248,15,0.574110
1249,1,0.466824
1249,2,0.451927
1249,3,0.453644
1249,4,0.526170
1249,5,0.456480
1249,6,0.460860
1249,7,0.452355
1249,8,0.467425
1249,9,0.520477
1249,10,0.509792
1249,11,0.574110
1249,12,0.445859
1249,13,0.471671
1249,14,0.547988
1249,15,0.467425
1250,1,0.524980
1250,2,0.515102
1250,3,0.533704
1250,4,0.534946
1250,5,0.520477
1250,6,0.547988
1250,7,0.456480
1250,8,0.460860
1250,9,0.473996
1250,10,0.460860
1250,11,0.524980
1250,12,0.445859
1250,13,0.521767
1250,14,0.471671
1250,15,0.534946
1251,1,0.475634
1251,2,0.501516
1251,3,0.520477
1251,4,0.456480
1251,5,0.461048
1251,6,0.457081
1251,7,0.531294
1251,8,0.457620
1251,9,0.489181
1251,10,0.520477
1251,11,0.457081
1251,12,0.456857
1251,13,0.480933
1251,14,0.471671
1251,15,0.474816
1252,1,0.526170
1252,2,0.529648
1252,3,0.434589
1252,4,0.456919
1252,5,0.464451
1252,6,0.217294
1252,7,0.534946
1252,8,0.520477
1252,9,0.434589
1252,10,0.458403
1252,11,0.459058
1252,12,0.434589
1252,13,0.419837
1252,14,0.456919
1252,15,0.456480
1253,1,0.524980
1253,2,0.534661
1253,3,0.520477
1253,4,0.521767
1253,5,0.526170
1253,6,0.469079
1253,7,0.535561
1253,8,0.457093
1253,9,0.547988
1253,10,0.520477
1253,11,0.521063
1253,12,0.457456
1253,13,0.311119
1253,14,0.466679
1253,15,0.521767
1254,1,0.442102
1254,2,0.521767
1254,3,0.520477
1254,4,0.459058
1254,5,0.456480
1254,6,0.452355
1254,7,0.458415
1254,8,0.467711
1254,9,0.491652
1254,10,0.461727
1254,11,0.534946
1254,12,0.473956
1254,13,0.521767
1254,14,0.445859
1254,15,0.494256
1255,1,0.526170
1255,2,0.536505
1255,3,0.493703
1255,4,0.522955
1255,5,0.445859
1255,6,0.456480
1255,7,0.497013
1255,8,0.519867
1255,9,0.508587
1255,10,0.530367
1255,11,0.456480
1255,12,0.508587
1255,13,0.520813
1255,14,0.534946
1255,15,0.522955
1256,1,0.466824
1256,2,0.515789
1256,3,0.576623
1256,4,0.553959
1256,5,0.576623
1256,6,0.531294
1256,7,0.442137
1256,8,0.534946
1256,9,0.495444
1256,10,0.434589
1256,11,0.534946
1256,12,0.547988
1256,13,0.498130
1256,14,0.521767
1256,15,0.445859
1257,1,0.547988
1257,2,0.534946
1257,3,0.547988
1257,4,0.574110
1257,5,0.521767
1257,6,0.469356
1257,7,0.524980
1257,8,0.534946
1257,9,0.574110
1257,10,0.471671
1257,11,0.490059
1257,12,0.534946
1257,13,0.531294
1257,14,0.521767
1257,15,0.531294
1258,1,0.457456
1258,2,0.534946
1258,3,0.471671
1258,4,0.515668
1258,5,0.533704
1258,6,0.492464
1258,7,0.434589
1258,8,0.520477
1258,9,0.521767
1258,10,0.536737
1258,11,0.445859
1258,12,0.522701
1258,13,0.530367
1258,14,0.480650
1258,15,0.534946
1259,1,0.445859
1259,2,0.314447
1259,3,0.507999
1259,4,0.531294
1259,5,0.530367
1259,6,0.521290
1259,7,0.523217
1259,8,0.438229
1259,9,0.521767
1259,10,0.531294
1259,11,0.520813
1259,12,0.471671
1259,13,0.521767
1259,14,0.445859
1259,15,0.547988
1260,1,0.520477
1260,2,0.494540
1260,3,0.530367
1260,4,0.445859
1260,5,0.471671
1260,6,0.534946
1260,7,0.522955
1260,8,0.434589
1260,9,0.531294
1260,10,0.479521
1260,11,0.536939
1260,12,0.217294
1260,13,0.531294
1260,14,0.434589
1260,15,0.501076
1261,1,0.492464
1261,2,0.521767
1261,3,0.521767
1261,4,0.526170
1261,5,0.467425
1261,6,0.535561
1261,7,0.456497
1261,8,0.314447
1261,9,0.434589
1261,10,0.462172
1261,11,0.524980
1261,12,0.445859
1261,13,0.314447
1261,14,0.498527
1261,15,0.543716
1262,1,0.456480
1262,2,0.531294
1262,3,0.508587
1262,4,0.434589
1262,5,0.456480
1262,6,0.471671
1262,7,0.471671
1262,8,0.485386
1262,9,0.466679
1262,10,0.521767
1262,11,0.434589
1262,12,0.520477
1262,13,0.547988
1262,14,0.534946
1262,15,0.522955
1263,1,0.466824
1263,2,0.510893
1263,3,0.534946
1263,4,0.535135
1263,5,0.445859
1263,6,0.456480
1263,7,0.471671
1263,8,0.434589
1263,9,0.445859
1263,10,0.547988
1263,11,0.534946
1263,12,0.574110
1263,13,0.508587
1263,14,0.542738
1263,15,0.314447
1264,1,0.520791
1264,2,0.456480
1264,3,0.514309
1264,4,0.457761
1264,5,0.531294
1264,6,0.534946
1264,7,0.522955
1264,8,0.536737
1264,9,0.445859
1264,10,0.521767
1264,11,0.471671
1264,12,0.515668
1264,13,0.533704
1264,14,0.521290
1264,15,0.531294
1265,1,0.492464
1265,2,0.523217
1265,3,0.485880
1265,4,0.438214
1265,5,0.217294
1265,6,0.217294
1265,7,0.521767
1265,8,0.520477
1265,9,0.574110
1265,10,0.456480
1265,11,0.460860
1265,12,0.536466
1265,13,0.522955
1265,14,0.469356
1265,15,0.445859
1266,1,0.456480
1266,2,0.497424
1266,3,0.534946
1266,4,0.492464
1266,5,0.533704
1266,6,0.521767
1266,7,0.434589
1266,8,0.534946
1266,9,0.434589
1266,10,0.471671
1266,11,0.490059
1266,12,0.435089
1266,13,0.475183
1266,14,0.535561
1266,15,0.531294
1267,1,0.445859
1267,2,0.456480
1267,3,0.535561
1267,4,0.492464
1267,5,0.456480
1267,6,0.531294
1267,7,0.442102
1267,8,0.534946
1267,9,0.434589
1267,10,0.452355
1267,11,0.521767
1267,12,0.574110
1267,13,0.494256
1267,14,0.526170
1267,15,0.536737
1268,1,0.574110
1268,2,0.529648
1268,3,0.533704
1268,4,0.534946
1268,5,0.547988
1268,6,0.445859
1268,7,0.521767
1268,8,0.574110
1268,9,0.521767
1268,10,0.471671
1268,11,0.534946
1268,12,0.548126
1268,13,0.520477
1268,14,0.456480
1268,15,0.535561
1269,1,0.531294
1269,2,0.547988
1269,3,0.520477
1269,4,0.445859
1269,5,0.434589
1269,6,0.446645
1269,7,0.452355
1269,8,0.434589
1269,9,0.444306
1269,10,0.534946
1269,11,0.508587
1269,12,0.530367
1269,13,0.494591
1269,14,0.492464
1269,15,0.555304
1270,1,0.530367
1270,2,0.521767
1270,3,0.536737
1270,4,0.506102
1270,5,0.471671
1270,6,0.527474
1270,7,0.500261
1270,8,0.547988
1270,9,0.492464
1270,10,0.534946
1270,11,0.466824
1270,12,0.521767
1270,13,0.531294
1270,14,0.457620
1270,15,0.521767
1271,1,0.469356
1271,2,0.520477
1271,3,0.531294
1271,4,0.530507
1271,5,0.536737
1271,6,0.471671
1271,7,0.521767
1271,8,0.534946
1271,9,0.492966
1271,10,0.397650
1271,11,0.456480
1271,12,0.497424
1271,13,0.457456
1271,14,0.527474
1271,15,0.461444
1272,1,0.531294
1272,2,0.456480
1272,3,0.466824
1272,4,0.510893
1272,5,0.250131
1272,6,0.471671
1272,7,0.521767
1272,8,0.506743
1272,9,0.522955
1272,10,0.455372
1272,11,0.434589
1272,12,0.497424
1272,13,0.530367
1272,14,0.442102
1272,15,0.534946
1273,1,0.522955
1273,2,0.471671
1273,3,0.506677
1273,4,0.471671
1273,5,0.493604
1273,6,0.506124
1273,7,0.521767
1273,8,0.466824
1273,9,0.547988
1273,10,0.574110
1273,11,0.547988
1273,12,0.456480
1273,13,0.471671
1273,14,0.521767
1273,15,0.520477
1274,1,0.467425
1274,2,0.531294
1274,3,0.574110
1274,4,0.521767
1274,5,0.536737
1274,6,0.522955
1274,7,0.457767
1274,8,0.535561
1274,9,0.471671
1274,10,0.490059
1274,11,0.519457
1274,12,0.521767
1274,13,0.531294
1274,14,0.457456
1274,15,0.531294
1275,1,0.520477
1275,2,0.466824
1275,3,0.521767
1275,4,0.457767
1275,5,0.547988
1275,6,0.520477
1275,7,0.521767
1275,8,0.492464
1275,9,0.531294
1275,10,0.531294
1275,11,0.475183
1275,12,0.217294
1275,13,0.500186
1275,14,0.492131
1275,15,0.438229
1276,1,0.554100
1276,2,0.461727
1276,3,0.456480
1276,4,0.531294
1276,5,0.508587
1276,6,0.521767
1276,7,0.520477
1276,8,0.534946
1276,9,0.492464
1276,10,0.217294
1276,11,0.521767
1276,12,0.547988
1276,13,0.520477
1276,14,0.533704
