request_id,request_type,access_rate
0,p,0.400000
1,s,0.200000
2,s,0.400000
3,p,0.400000
4,s,0.600000
5,p,0.400000
6,d,0.400000
7,p,0.200000
8,p,0.400000
9,d,0.200000
10,s,0.600000
11,p,0.400000
12,s,0.600000
13,p,0.200000
14,s,0.400000
15,d,0.600000
16,p,0.400000
17,d,0.600000
18,p,0.600000
19,p,0.800000
20,d,0.400000
21,s,0.600000
22,s,0.800000
23,s,1.000000
24,d,0.200000
25,p,1.000000
26,p,0.800000
27,s,0.400000
28,s,0.200000
29,d,0.400000
30,s,0.400000
31,p,0.800000
32,d,0.600000
33,d,0.600000
34,d,0.800000
35,d,0.400000
36,p,0.600000
37,d,0.600000
38,p,0.800000
39,p,0.400000
40,d,0.600000
41,p,0.800000
42,d,0.400000
43,p,0.800000
44,d,0.600000
45,p,0.800000
46,p,0.600000
47,p,0.800000
48,d,0.800000
49,d,0.800000
50,s,0.400000
51,p,0.600000
52,p,0.600000
53,p,0.400000
54,p,0.600000
55,d,0.600000
56,d,0.400000
57,s,0.800000
58,s,0.400000
59,d,0.800000
60,p,1.000000
61,p,0.400000
62,s,0.600000
63,s,0.600000
64,s,0.200000
65,d,0.400000
66,d,0.400000
67,p,0.600000
68,p,0.600000
69,s,0.400000
70,p,0.200000
71,p,1.000000
72,d,0.800000
73,p,0.800000
74,s,0.600000
75,p,0.800000
76,d,0.200000
77,p,0.400000
78,s,0.600000
79,s,0.400000
80,p,0.400000
81,s,0.600000
82,p,0.200000
83,d,1.000000
84,s,0.400000
85,p,0.600000
86,p,0.200000
87,s,0.600000
88,p,0.200000
89,p,0.600000
90,d,0.800000
91,s,0.600000
92,d,0.800000
93,d,0.600000
94,d,0.200000
95,p,0.400000
96,s,0.400000
97,d,0.200000
98,d,0.400000
99,d,0.600000
100,d,0.400000
101,d,0.800000
102,d,0.400000
103,p,0.600000
104,s,0.200000
105,s,0.800000
106,s,0.800000
107,s,0.200000
108,d,0.600000
109,d,0.800000
110,s,0.600000
111,d,0.400000
112,p,0.600000
113,d,0.800000
114,p,0.400000
115,d,0.600000
116,s,0.800000
117,p,0.200000
118,s,0.800000
119,p,0.400000
120,p,0.400000
121,d,0.800000
122,d,0.600000
123,d,0.800000
124,p,0.400000
125,s,0.600000
126,p,0.600000
127,s,0.400000
128,s,0.400000
129,p,0.800000
130,p,0.400000
131,p,0.600000
132,p,0.600000
133,d,0.200000
134,s,0.400000
135,p,0.800000
136,d,0.400000
137,s,0.600000
138,s,0.400000
139,p,0.600000
140,d,0.400000
141,p,0.600000
142,s,0.800000
143,s,0.600000
144,d,0.600000
145,p,0.600000
146,s,1.000000
147,s,0.400000
148,s,0.200000
149,p,0.400000
150,s,0.800000
151,p,0.400000
152,d,0.200000
153,p,0.600000
154,s,0.400000
155,s,0.600000
156,d,0.400000
157,p,0.600000
158,d,0.600000
159,d,1.000000
160,s,0.600000
161,s,0.600000
162,d,0.200000
163,p,0.800000
164,p,0.600000
165,p,0.600000
166,p,0.600000
167,s,0.600000
168,p,0.600000
169,s,0.600000
170,d,0.400000
171,p,0.600000
172,p,0.400000
173,d,0.200000
174,d,0.600000
175,p,0.400000
176,d,0.200000
177,s,0.600000
178,p,0.600000
179,s,0.400000
180,p,0.800000
181,s,0.600000
182,p,0.400000
183,s,0.600000
184,s,0.200000
185,d,0.800000
186,s,0.800000
187,d,0.400000
188,p,0.200000
189,s,0.600000
190,p,0.400000
191,d,0.400000
192,d,0.400000
193,s,0.600000
194,s,0.400000
195,p,0.800000
196,p,1.000000
197,s,0.400000
198,p,0.400000
199,d,0.400000
200,d,0.400000
201,s,0.400000
202,p,0.400000
203,d,0.800000
204,p,0.800000
205,d,0.600000
206,d,0.600000
207,d,0.600000
208,p,0.200000
209,s,0.800000
210,p,0.400000
211,p,0.400000
212,s,0.200000
213,p,0.400000
214,s,0.800000
215,p,0.200000
216,s,0.400000
217,s,0.400000
218,p,0.600000
219,s,0.400000
220,s,0.400000
221,p,0.600000
222,s,0.800000
223,s,0.600000
224,s,0.600000
225,p,0.400000
226,d,0.600000
227,s,0.400000
228,s,0.600000
229,p,0.400000
230,s,0.400000
231,d,0.400000
232,p,0.600000
233,s,0.600000
234,s,0.400000
235,s,1.000000
236,p,0.800000
237,p,0.800000
238,p,0.400000
239,s,0.600000
240,d,0.200000
241,p,0.800000
242,p,0.200000
243,d,0.600000
244,s,0.400000
245,p,0.400000
246,p,1.000000
247,s,0.800000
248,p,0.400000
249,d,0.600000
250,s,0.400000
251,d,0.400000
252,s,0.600000
253,p,0.800000
254,s,0.400000
255,s,0.200000
256,s,0.800000
257,d,0.400000
258,d,0.400000
259,s,1.000000
260,s,0.200000
261,s,0.600000
262,d,0.600000
263,s,0.600000
264,p,0.200000
265,d,0.400000
266,d,0.200000
267,d,0.600000
268,d,0.400000
269,p,0.400000
270,s,0.800000
271,p,0.400000
272,s,0.400000
273,p,0.600000
274,d,0.400000
275,s,0.600000
276,p,0.600000
277,d,0.600000
278,s,0.400000
279,d,0.200000
280,s,0.600000
281,p,0.400000
282,p,0.200000
283,d,0.400000
284,p,0.600000
285,p,0.800000
286,s,0.400000
287,d,0.600000
288,s,0.200000
289,s,0.400000
290,d,0.600000
291,d,0.800000
292,p,0.200000
293,d,0.600000
294,s,0.800000
295,s,0.200000
296,p,0.600000
297,d,0.600000
298,s,0.400000
299,d,0.200000
300,p,0.200000
301,s,0.600000
302,s,0.200000
303,s,0.800000
304,d,1.000000
305,d,0.400000
306,p,0.600000
307,p,0.400000
308,p,0.800000
309,p,0.400000
310,p,0.600000
311,p,0.600000
312,s,0.600000
313,s,0.400000
314,d,0.400000
315,s,0.400000
316,p,0.600000
317,p,0.600000
318,s,0.800000
319,s,0.400000
320,p,0.200000
321,s,0.600000
322,p,0.400000
323,s,0.600000
324,d,0.400000
325,s,0.600000
326,p,0.600000
327,s,0.600000
328,p,0.400000
329,s,0.400000
330,d,0.400000
331,p,0.400000
332,d,0.200000
333,p,0.600000
334,s,0.600000
335,d,0.200000
336,p,0.200000
337,p,0.200000
338,d,1.000000
339,p,0.400000
340,d,0.800000
341,s,0.400000
342,d,0.400000
343,p,0.400000
344,d,0.400000
345,p,0.200000
346,s,1.000000
347,d,0.400000
348,s,0.600000
349,d,0.600000
350,s,0.800000
351,s,0.400000
352,d,0.400000
353,s,0.600000
354,p,0.600000
355,p,0.400000
356,d,0.800000
357,p,0.600000
358,s,0.600000
359,s,0.600000
360,s,0.200000
361,p,0.600000
362,p,0.800000
363,d,0.400000
364,s,0.200000
365,d,0.400000
366,d,0.400000
367,d,0.600000
368,p,0.400000
369,s,0.600000
370,d,0.400000
371,d,0.400000
372,p,0.200000
373,s,0.800000
374,d,0.600000
375,p,0.600000
376,p,0.600000
377,d,0.200000
378,p,0.600000
379,d,0.600000
380,s,0.200000
381,s,0.800000
382,d,0.600000
383,s,0.400000
384,s,0.400000
385,d,1.000000
386,s,0.200000
387,s,0.600000
388,s,0.200000
389,d,0.400000
390,p,0.600000
391,p,0.800000
392,d,0.200000
393,s,0.400000
394,s,0.400000
395,s,0.200000
396,d,0.400000
397,d,0.600000
398,p,0.800000
399,p,0.400000
400,p,0.400000
401,p,0.400000
402,d,0.800000
403,d,0.400000
404,s,0.400000
405,d,0.600000
406,d,0.200000
407,d,0.600000
408,s,0.600000
409,d,0.600000
410,p,0.800000
411,p,0.800000
412,s,0.200000
413,s,0.400000
414,d,0.400000
415,d,0.800000
416,s,0.400000
417,d,1.000000
418,d,0.600000
419,s,0.400000
420,d,0.400000
421,d,0.800000
422,p,0.600000
423,d,0.600000
424,p,0.800000
425,p,0.800000
426,d,0.200000
427,p,0.200000
428,p,0.800000
429,d,0.600000
430,s,0.400000
431,s,0.200000
432,d,0.400000
433,p,0.600000
434,p,0.200000
435,s,0.800000
436,s,0.200000
437,d,0.200000
438,p,0.400000
439,d,0.600000
440,s,0.200000
441,d,0.200000
442,s,0.400000
443,d,0.400000
444,d,0.200000
445,d,0.600000
446,d,0.200000
447,d,0.600000
448,p,0.200000
449,d,0.200000
450,d,0.800000
451,d,0.200000
452,s,0.600000
453,d,0.200000
454,d,0.600000
455,p,0.600000
456,p,0.800000
457,d,0.400000
458,p,0.800000
459,p,0.600000
460,d,0.600000
461,s,0.600000
462,p,0.600000
463,s,0.200000
464,s,0.400000
465,s,0.600000
466,p,0.400000
467,s,0.600000
468,p,0.600000
469,p,0.200000
470,d,0.200000
471,p,0.200000
472,p,0.600000
473,p,0.600000
474,p,0.400000
475,p,0.200000
476,s,0.600000
477,p,0.600000
478,s,0.800000
479,s,0.800000
480,s,0.400000
481,s,0.600000
482,p,0.800000
483,s,0.400000
484,s,0.400000
485,d,0.600000
486,p,0.400000
487,s,0.400000
488,s,1.000000
489,s,0.600000
490,p,0.600000
491,p,0.600000
492,s,0.800000
493,d,0.600000
494,p,0.600000
495,p,0.800000
496,p,0.600000
497,p,0.400000
498,d,0.600000
499,p,0.200000
500,p,1.000000
501,s,0.600000
502,d,0.400000
503,s,0.400000
504,p,0.800000
505,d,0.600000
506,s,0.200000
507,d,0.400000
508,s,0.200000
509,s,0.800000
510,p,0.200000
511,d,0.400000
512,p,0.400000
513,s,0.600000
514,s,0.400000
515,s,0.400000
516,p,0.400000
517,p,0.200000
518,p,0.600000
519,d,1.000000
520,s,0.400000
521,s,0.600000
522,d,0.200000
523,d,0.200000
524,d,0.600000
525,p,0.400000
526,p,0.400000
527,p,0.200000
528,p,0.600000
529,d,0.600000
530,p,0.600000
531,s,0.400000
532,p,0.400000
533,s,0.600000
534,p,0.200000
535,d,0.200000
536,p,0.600000
537,d,0.800000
538,d,0.600000
539,s,0.600000
540,p,0.800000
541,s,0.600000
542,p,0.400000
543,p,0.600000
544,d,0.800000
545,d,0.600000
546,s,0.400000
547,d,0.200000
548,s,0.600000
549,p,0.400000
550,p,0.600000
551,s,0.800000
552,p,0.600000
553,d,0.600000
554,s,0.200000
555,s,0.600000
556,d,0.200000
557,s,0.600000
558,d,0.400000
559,s,0.200000
560,s,0.400000
561,d,0.400000
562,s,0.600000
563,d,0.800000
564,p,0.400000
565,p,0.400000
566,s,0.400000
567,d,0.800000
568,s,0.400000
569,s,0.400000
570,s,1.000000
571,p,0.600000
572,s,0.200000
573,s,0.400000
574,s,0.800000
575,p,0.600000
576,d,0.600000
577,p,0.400000
578,p,0.200000
579,s,0.200000
580,s,1.000000
581,p,0.800000
582,d,0.200000
583,s,0.600000
584,p,0.600000
585,s,0.800000
586,s,0.200000
587,d,0.600000
588,s,0.600000
589,d,0.800000
590,d,0.400000
591,p,0.400000
592,s,1.000000
593,p,0.600000
594,d,0.600000
595,s,0.200000
596,s,0.800000
597,p,0.600000
598,d,0.400000
599,d,0.400000
600,d,0.400000
601,p,0.800000
602,p,0.400000
603,d,1.000000
604,s,0.800000
605,s,0.600000
606,p,0.800000
607,s,0.600000
608,d,0.800000
609,s,0.200000
610,p,0.800000
611,s,0.400000
612,d,0.600000
613,p,0.800000
614,d,0.400000
615,p,0.600000
616,p,0.800000
617,d,0.600000
618,p,0.600000
619,p,0.600000
620,p,0.400000
621,p,0.600000
622,s,0.600000
623,d,0.800000
624,p,0.800000
625,d,0.400000
626,d,0.800000
627,s,0.400000
628,p,0.400000
629,p,0.800000
630,d,0.400000
631,p,0.400000
632,p,0.400000
633,d,0.800000
634,d,0.400000
635,p,0.600000
636,d,0.400000
637,p,0.400000
638,s,0.800000
639,s,0.400000
640,s,0.600000
641,s,0.600000
642,s,0.200000
643,p,0.400000
644,d,0.400000
645,s,0.800000
646,p,0.800000
647,p,0.600000
648,p,0.600000
649,p,0.400000
650,s,0.600000
651,s,0.400000
652,d,0.200000
653,p,0.600000
654,s,0.400000
655,s,0.400000
656,p,0.600000
657,p,0.400000
658,s,0.800000
659,d,0.800000
660,d,0.800000
661,d,0.400000
662,d,0.800000
663,p,0.600000
664,d,0.200000
665,s,0.400000
666,p,0.200000
667,d,0.600000
668,d,0.800000
669,s,0.400000
670,s,0.400000
671,d,0.400000
672,d,0.600000
673,s,0.600000
674,p,0.200000
675,s,0.600000
676,d,0.400000
677,d,0.200000
678,s,0.400000
679,d,0.200000
680,p,0.400000
681,d,0.600000
682,s,1.000000
683,s,0.400000
684,s,0.400000
685,s,0.800000
686,p,0.400000
687,p,0.400000
688,d,0.400000
689,s,0.800000
690,d,0.600000
691,s,1.000000
692,s,0.400000
693,d,0.200000
694,s,0.400000
695,d,0.400000
696,d,0.400000
697,d,0.800000
698,s,0.800000
699,d,0.200000
700,s,0.600000
701,s,0.400000
702,d,0.400000
703,d,0.600000
704,s,0.600000
705,p,0.200000
706,s,0.800000
707,p,0.800000
708,p,0.200000
709,d,0.600000
710,p,0.600000
711,d,0.200000
712,d,0.600000
713,s,0.800000
714,s,0.400000
715,d,0.200000
716,s,0.200000
717,s,0.600000
718,p,0.400000
719,d,0.200000
720,p,0.600000
721,p,0.200000
722,s,0.600000
723,d,0.400000
724,s,0.800000
725,s,1.000000
726,s,0.600000
727,s,0.600000
728,p,0.200000
729,p,0.400000
730,s,0.400000
731,s,0.600000
732,p,0.600000
733,p,0.200000
734,p,0.600000
735,s,0.800000
736,d,0.400000
737,d,0.200000
738,d,0.400000
739,p,0.800000
740,s,0.200000
741,s,0.400000
742,p,0.600000
743,p,0.400000
744,d,0.600000
745,s,0.600000
746,s,0.200000
747,s,0.600000
748,d,0.600000
749,p,0.600000
750,d,0.800000
751,d,0.600000
752,p,0.600000
753,p,0.600000
754,p,0.400000
755,p,0.400000
756,s,0.200000
757,p,0.200000
758,p,0.400000
759,d,0.200000
760,s,1.000000
761,d,0.400000
762,d,0.400000
763,d,0.200000
764,p,0.400000
765,s,0.600000
766,d,0.400000
767,s,0.600000
768,s,0.600000
769,d,0.400000
770,s,0.600000
771,s,0.600000
772,p,0.600000
773,s,0.600000
774,p,0.600000
775,s,0.400000
776,p,0.400000
777,p,0.400000
778,s,0.600000
779,d,0.400000
780,p,0.600000
781,d,0.400000
782,p,0.800000
783,d,0.600000
784,d,0.400000
785,d,0.400000
786,d,0.800000
787,s,0.200000
788,p,0.400000
789,p,0.400000
790,p,0.400000
791,p,0.800000
792,p,1.000000
793,d,0.600000
794,d,0.400000
795,d,0.200000
796,p,0.400000
797,d,0.600000
798,p,0.400000
799,d,0.600000
800,s,0.600000
801,d,0.400000
802,s,0.600000
803,p,0.400000
804,d,0.400000
805,d,0.600000
806,p,0.600000
807,p,0.200000
808,s,1.000000
809,s,0.400000
810,s,0.600000
811,d,0.600000
812,s,0.800000
813,s,0.400000
814,d,0.200000
815,s,0.800000
816,d,0.400000
817,s,0.200000
818,d,0.200000
819,p,0.600000
820,p,0.600000
821,p,0.400000
822,d,0.600000
823,s,0.400000
824,s,0.600000
825,d,0.400000
826,p,0.400000
827,d,0.600000
828,s,0.800000
829,p,0.600000
830,d,0.600000
831,d,0.400000
832,p,0.400000
833,d,0.400000
834,s,0.400000
835,d,0.400000
836,p,0.400000
837,d,0.200000
838,d,0.200000
839,s,0.600000
840,d,0.600000
841,p,1.000000
842,p,0.200000
843,s,0.400000
844,p,0.200000
845,s,0.200000
846,s,1.000000
847,d,0.200000
848,d,0.800000
849,p,0.200000
850,d,0.200000
851,d,0.400000
852,p,0.400000
853,d,0.600000
854,d,0.800000
855,p,0.600000
856,p,0.400000
857,p,0.800000
858,p,0.400000
859,p,0.200000
860,p,0.600000
861,d,0.400000
862,p,0.600000
863,d,0.600000
864,p,1.000000
865,p,0.600000
866,s,0.200000
867,p,0.400000
868,d,0.200000
869,p,0.400000
870,p,0.600000
871,p,0.600000
872,d,0.400000
873,d,0.400000
874,p,0.400000
875,s,0.400000
876,p,0.600000
877,p,0.800000
878,d,0.200000
879,d,0.400000
880,s,0.600000
881,s,0.600000
882,s,0.400000
883,d,0.800000
884,d,0.800000
885,p,0.400000
886,d,0.400000
887,p,0.400000
888,s,1.000000
889,d,0.600000
890,s,1.000000
891,d,0.600000
892,p,0.200000
893,p,0.600000
894,d,0.400000
895,p,1.000000
896,s,0.200000
897,s,0.400000
898,d,0.800000
899,p,0.600000
900,d,0.600000
901,d,0.400000
902,s,0.400000
903,s,0.200000
904,d,0.400000
905,d,0.400000
906,d,0.400000
907,p,0.600000
908,s,0.200000
909,p,0.400000
910,s,1.000000
911,s,0.600000
912,d,0.400000
913,p,0.200000
914,p,0.400000
915,p,0.200000
916,s,0.400000
917,s,0.400000
918,p,0.800000
919,d,0.600000
920,s,0.600000
921,p,0.600000
922,p,0.800000
923,p,0.400000
924,d,0.600000
925,d,0.200000
926,d,0.800000
927,s,0.800000
928,p,0.600000
929,d,0.400000
930,s,0.400000
931,d,0.400000
932,d,0.800000
933,s,0.600000
934,s,0.400000
935,s,0.200000
936,p,0.400000
937,s,0.400000
938,s,0.600000
939,p,0.600000
940,d,0.200000
941,s,0.400000
942,p,0.400000
943,p,0.400000
944,d,0.800000
945,s,0.800000
946,d,0.400000
947,d,0.400000
948,s,0.200000
949,p,0.400000
950,d,0.600000
951,d,0.600000
952,d,0.600000
953,d,0.600000
954,p,0.400000
955,d,0.600000
956,s,0.600000
957,s,0.200000
958,s,0.800000
959,p,0.400000
960,s,0.400000
961,p,0.400000
962,s,0.800000
963,p,0.600000
964,p,0.600000
965,p,0.600000
966,s,0.400000
967,p,0.800000
968,d,0.800000
969,d,0.600000
970,d,0.200000
971,s,0.400000
972,s,1.000000
973,s,0.600000
974,s,0.200000
975,d,0.400000
976,s,0.200000
977,d,0.200000
978,p,0.200000
979,p,0.400000
980,s,0.800000
981,s,0.200000
982,s,0.400000
983,s,0.400000
984,s,0.400000
985,d,0.600000
986,s,0.400000
987,d,0.400000
988,p,0.600000
989,p,0.600000
990,d,0.400000
991,p,0.200000
992,s,0.600000
993,s,0.600000
994,p,0.400000
995,p,1.000000
996,s,0.400000
997,p,0.400000
998,d,0.400000
999,p,0.400000
1000,s,0.800000
1001,p,0.600000
1002,d,0.200000
1003,p,0.600000
1004,p,0.600000
1005,s,0.600000
1006,s,0.400000
1007,d,0.600000
1008,d,0.400000
1009,s,1.000000
1010,s,0.600000
1011,p,0.400000
1012,s,0.800000
1013,s,1.000000
1014,p,0.600000
1015,p,0.400000
1016,d,0.400000
1017,p,0.400000
1018,d,0.200000
1019,p,0.400000
1020,d,0.400000
1021,p,0.600000
1022,d,0.600000
1023,d,0.800000
1024,s,0.600000
1025,d,0.200000
1026,d,0.400000
1027,d,0.800000
1028,s,1.000000
1029,p,0.200000
1030,s,0.200000
1031,p,0.200000
1032,s,0.400000
1033,d,0.600000
1034,s,0.800000
1035,p,0.400000
1036,d,0.200000
1037,s,0.400000
1038,d,0.400000
1039,s,0.400000
1040,d,0.400000
1041,d,0.600000
1042,d,0.600000
1043,d,0.400000
1044,s,0.800000
1045,s,0.600000
1046,d,0.400000
1047,p,0.200000
1048,s,0.800000
1049,s,0.200000
1050,d,0.400000
1051,p,0.400000
1052,d,0.200000
1053,p,0.600000
1054,s,0.400000
1055,d,0.200000
1056,p,0.400000
1057,s,1.000000
1058,d,0.200000
1059,p,0.600000
1060,d,0.600000
1061,d,0.400000
1062,d,0.800000
1063,p,0.400000
1064,p,0.600000
1065,p,0.400000
1066,p,0.200000
1067,s,0.400000
1068,d,0.200000
1069,p,0.800000
1070,s,0.800000
1071,p,0.400000
1072,s,0.600000
1073,p,0.600000
1074,p,0.400000
1075,s,0.400000
1076,p,0.600000
1077,s,0.600000
1078,d,0.400000
1079,d,0.400000
1080,s,0.600000
1081,p,0.600000
1082,d,0.600000
1083,s,0.800000
1084,s,0.800000
1085,d,0.400000
1086,s,0.400000
1087,d,0.800000
1088,d,0.800000
1089,d,0.200000
1090,d,0.400000
1091,p,0.600000
1092,s,0.400000
1093,p,0.600000
1094,p,0.600000
1095,s,0.400000
1096,p,0.400000
1097,d,0.600000
1098,p,0.200000
1099,d,0.400000
1100,s,0.200000
1101,s,0.200000
1102,s,1.000000
1103,s,0.800000
1104,d,0.400000
1105,s,0.200000
1106,d,0.600000
1107,d,0.400000
1108,p,1.000000
1109,s,0.800000
1110,d,0.400000
1111,d,0.600000
1112,p,0.400000
1113,s,1.000000
1114,d,0.600000
1115,d,0.600000
1116,s,0.400000
1117,d,0.400000
1118,p,0.200000
1119,s,1.000000
1120,p,0.600000
1121,s,0.400000
1122,p,0.200000
1123,s,0.200000
1124,p,0.200000
1125,d,0.600000
1126,p,0.200000
1127,s,0.600000
1128,p,1.000000
1129,p,0.600000
1130,s,0.600000
1131,d,1.000000
1132,p,0.600000
1133,d,0.400000
1134,p,0.200000
1135,d,0.600000
1136,s,0.200000
1137,s,0.600000
1138,p,0.400000
1139,d,0.200000
1140,d,0.600000
1141,s,0.800000
1142,s,0.400000
1143,d,0.400000
1144,s,1.000000
1145,d,0.600000
1146,p,0.200000
1147,d,0.600000
1148,p,0.200000
1149,d,0.200000
1150,s,0.400000
1151,p,0.600000
1152,s,0.800000
1153,d,0.200000
1154,d,0.800000
1155,d,0.800000
1156,d,0.600000
1157,p,0.800000
1158,d,0.800000
1159,p,0.800000
1160,d,0.600000
1161,s,0.600000
1162,p,0.400000
1163,d,0.600000
1164,p,0.400000
1165,s,0.600000
1166,d,0.200000
1167,d,0.400000
1168,d,0.200000
1169,s,0.600000
1170,s,0.800000
1171,p,0.600000
1172,d,0.600000
1173,d,0.400000
1174,d,0.200000
1175,s,0.400000
1176,s,0.400000
1177,p,1.000000
1178,p,0.800000
1179,s,0.400000
1180,s,1.000000
1181,d,0.200000
1182,s,0.600000
1183,s,0.400000
1184,p,0.600000
1185,d,0.200000
1186,s,0.200000
1187,p,0.600000
1188,p,0.400000
1189,d,0.400000
1190,d,0.600000
1191,s,0.400000
1192,d,0.600000
1193,s,0.600000
1194,s,0.400000
1195,s,0.200000
1196,d,0.800000
1197,d,0.200000
1198,d,0.600000
1199,s,0.800000
1200,p,0.200000
1201,s,0.800000
1202,d,0.200000
1203,d,0.600000
1204,s,0.400000
1205,d,1.000000
1206,d,0.400000
1207,s,0.200000
1208,d,0.800000
1209,p,0.400000
1210,d,0.600000
1211,s,0.800000
1212,s,0.600000
1213,p,0.800000
1214,p,0.200000
1215,p,0.400000
1216,d,0.800000
1217,s,0.400000
1218,p,0.200000
1219,s,0.600000
1220,p,1.000000
1221,s,0.400000
1222,s,0.400000
1223,s,1.000000
1224,s,0.600000
1225,p,0.600000
1226,p,0.400000
1227,s,0.400000
1228,d,0.600000
1229,d,0.600000
1230,p,0.600000
1231,s,0.600000
1232,s,0.600000
1233,p,0.800000
1234,d,0.200000
1235,d,0.600000
1236,p,0.400000
1237,p,0.600000
1238,s,0.800000
1239,d,0.800000
1240,s,0.400000
1241,p,1.000000
1242,s,0.400000
1243,s,0.800000
1244,s,0.400000
1245,p,0.600000
1246,p,0.200000
1247,p,0.400000
1248,s,0.600000
1249,d,0.400000
1250,s,0.600000
1251,p,0.400000
1252,d,0.400000
1253,s,0.200000
1254,s,0.200000
1255,s,0.400000
1256,p,0.600000
1257,p,0.400000
1258,s,0.800000
1259,s,1.000000
1260,d,0.600000
1261,s,0.400000
1262,s,0.200000
1263,s,0.800000
1264,s,0.600000
1265,p,0.600000
1266,p,0.600000
1267,s,1.000000
1268,d,0.600000
1269,p,0.200000
1270,p,0.800000
1271,p,0.400000
1272,d,0.800000
1273,s,1.000000
1274,d,0.400000
1275,s,0.200000
1276,s,0.800000
1277,p,0.200000
1278,p,0.400000
1279,d,0.400000
1280,p,0.600000
1281,d,0.600000
1282,s,0.800000
1283,d,0.600000
1284,s,0.600000
1285,d,0.600000
1286,d,0.400000
1287,s,0.800000
1288,p,0.400000
1289,s,1.000000
1290,p,0.400000
1291,s,0.600000
1292,d,0.200000
1293,d,0.400000
1294,p,0.800000
1295,d,0.400000
1296,d,0.400000
1297,s,0.800000
1298,p,0.800000
1299,s,1.000000
1300,s,0.400000
1301,s,0.400000
1302,p,0.400000
1303,p,0.200000
1304,p,0.400000
1305,p,0.600000
1306,s,0.600000
1307,d,0.800000
1308,d,0.200000
1309,p,0.600000
1310,d,0.400000
1311,s,1.000000
1312,s,0.600000
1313,d,0.400000
1314,d,0.800000
1315,d,0.600000
1316,s,0.600000
1317,p,0.800000
1318,p,0.600000
1319,d,0.400000
1320,p,0.800000
1321,p,1.000000
1322,p,0.400000
1323,p,0.400000
1324,d,0.200000
1325,p,0.200000
1326,s,0.400000
1327,s,0.200000
1328,p,0.600000
1329,s,1.000000
1330,d,0.200000
1331,d,0.800000
1332,p,0.200000
1333,d,1.000000
1334,s,0.600000
1335,p,0.600000
1336,s,0.400000
1337,p,0.600000
1338,d,0.200000
1339,p,0.400000
1340,p,0.200000
1341,d,0.400000
1342,p,0.200000
1343,d,0.800000
1344,s,0.600000
1345,p,0.600000
1346,d,0.400000
1347,s,0.600000
1348,d,0.600000
1349,d,0.600000
1350,s,0.600000
1351,s,0.400000
1352,p,0.600000
1353,s,0.400000
1354,p,0.600000
1355,d,0.600000
1356,d,0.600000
1357,d,0.200000
1358,p,0.600000
1359,s,0.400000
1360,p,0.800000
1361,p,0.200000
1362,s,0.400000
1363,d,0.400000
1364,p,0.600000
1365,p,0.200000
1366,d,0.800000
1367,p,0.800000
1368,s,0.800000
1369,d,0.600000
1370,d,0.800000
1371,s,0.600000
1372,s,0.400000
1373,p,0.600000
1374,p,0.400000
1375,d,0.600000
1376,p,0.600000
1377,d,0.600000
1378,s,0.800000
1379,d,0.400000
1380,d,0.400000
1381,s,0.400000
1382,s,0.400000
1383,p,0.200000
1384,s,0.600000
1385,s,0.400000
1386,d,0.800000
1387,d,0.600000
1388,d,0.200000
1389,p,0.600000
1390,d,1.000000
1391,s,0.600000
1392,p,0.600000
1393,p,0.600000
1394,s,0.600000
1395,s,0.200000
1396,p,0.600000
1397,p,0.600000
1398,d,0.400000
1399,s,0.400000
1400,p,1.000000
1401,p,0.400000
1402,p,0.600000
1403,d,0.400000
1404,p,0.200000
1405,p,0.200000
1406,s,0.200000
1407,p,0.400000
1408,s,0.400000
1409,s,0.400000
1410,d,0.600000
1411,d,0.600000
1412,s,0.400000
1413,s,0.600000
1414,p,0.600000
1415,p,0.800000
1416,p,0.800000
1417,s,0.600000
1418,d,0.800000
1419,s,0.400000
1420,s,0.200000
1421,p,0.400000
1422,d,0.200000
1423,s,0.400000
1424,d,0.600000
1425,p,0.400000
1426,p,0.400000
1427,d,0.600000
1428,s,1.000000
1429,p,0.600000
1430,s,0.400000
1431,s,1.000000
1432,p,0.400000
1433,s,0.600000
1434,d,0.600000
1435,d,0.600000
1436,s,0.400000
1437,p,0.400000
1438,s,0.400000
1439,s,1.000000
1440,s,0.600000
1441,d,0.600000
1442,d,0.400000
1443,s,0.400000
1444,p,0.400000
1445,p,0.800000
1446,p,0.200000
1447,p,0.600000
1448,d,1.000000
1449,s,0.800000
1450,d,0.400000
1451,p,0.800000
1452,d,0.600000
1453,d,0.200000
1454,d,0.600000
1455,d,0.800000
1456,s,0.200000
1457,p,0.400000
1458,p,0.800000
1459,p,0.600000
1460,p,0.200000
1461,s,0.600000
1462,d,0.800000
1463,s,0.800000
1464,d,0.200000
1465,d,0.600000
1466,s,0.600000
1467,d,0.200000
1468,s,0.400000
1469,d,0.200000
1470,s,0.600000
1471,d,0.400000
1472,p,0.800000
1473,p,0.600000
1474,p,0.400000
1475,d,0.200000
1476,s,0.600000
1477,d,0.800000
1478,s,0.400000
1479,s,1.000000
1480,s,0.400000
1481,s,0.400000
1482,p,0.600000
1483,d,0.400000
1484,d,0.200000
1485,d,0.400000
1486,s,0.600000
1487,p,0.200000
1488,s,0.200000
1489,s,0.600000
1490,s,0.800000
1491,p,0.800000
1492,d,0.400000
1493,p,0.600000
1494,s,0.400000
1495,s,1.000000
1496,d,0.400000
1497,s,0.200000
1498,d,0.400000
1499,d,0.400000
1500,p,0.400000
1501,s,1.000000
1502,p,0.400000
1503,p,0.200000
1504,s,0.200000
1505,p,0.200000
1506,s,0.800000
1507,d,0.200000
1508,s,0.400000
1509,d,0.600000
1510,d,0.600000
1511,p,0.400000
1512,s,0.400000
1513,d,0.200000
1514,d,0.600000
1515,d,0.400000
1516,s,0.400000
1517,s,0.200000
1518,p,0.600000
1519,d,0.600000
1520,p,0.200000
1521,s,0.600000
1522,d,0.600000
1523,s,0.600000
1524,d,0.400000
1525,s,1.000000
1526,s,0.400000
1527,p,0.800000
1528,d,0.400000
1529,p,0.400000
1530,s,0.400000
1531,s,0.400000
1532,p,0.200000
1533,s,0.200000
1534,d,0.400000
1535,p,0.200000
1536,s,0.400000
1537,s,0.800000
1538,p,0.600000
1539,d,0.800000
1540,s,0.600000
1541,p,0.400000
1542,d,0.200000
1543,p,0.200000
1544,s,0.400000
1545,d,0.200000
1546,p,0.600000
1547,s,0.400000
1548,d,0.800000
1549,s,0.600000
1550,p,0.600000
1551,p,0.600000
1552,s,0.400000
1553,d,0.600000
1554,s,0.600000
1555,d,0.600000
1556,p,0.800000
1557,p,0.600000
1558,s,1.000000
1559,p,0.400000
1560,s,0.400000
1561,s,0.400000
1562,s,0.600000
1563,s,0.600000
1564,p,0.600000
1565,s,1.000000
1566,s,0.400000
1567,p,0.400000
1568,s,0.200000
1569,d,0.200000
1570,p,0.600000
1571,d,0.800000
1572,p,0.400000
1573,s,0.400000
1574,d,0.400000
1575,p,0.600000
1576,p,0.200000
1577,d,1.000000
1578,p,0.800000
1579,p,0.200000
1580,p,0.400000
1581,s,0.600000
1582,s,0.200000
1583,s,0.600000
1584,s,1.000000
1585,s,0.400000
1586,p,0.600000
1587,d,0.400000
1588,d,0.600000
1589,d,0.400000
1590,p,0.800000
1591,s,1.000000
1592,p,0.600000
1593,p,0.200000
1594,s,0.800000
1595,d,0.400000
1596,s,0.400000
1597,p,0.800000
1598,s,0.600000
1599,p,0.800000
1600,p,0.400000
1601,s,0.400000
1602,d,0.400000
1603,d,0.400000
1604,d,0.600000
1605,p,0.400000
1606,s,1.000000
1607,s,0.600000
1608,p,0.600000
1609,p,0.600000
1610,p,0.600000
1611,s,0.800000
1612,d,0.600000
1613,p,0.200000
1614,p,0.400000
1615,s,0.600000
1616,s,1.000000
1617,p,0.200000
1618,s,0.400000
1619,p,0.600000
1620,s,1.000000
1621,s,0.400000
1622,p,0.600000
1623,s,0.600000
1624,p,0.800000
1625,p,0.200000
1626,p,0.200000
1627,s,0.600000
1628,s,0.800000
1629,p,0.400000
1630,d,0.200000
1631,s,0.400000
1632,d,0.600000
1633,p,0.400000
1634,d,0.800000
1635,s,0.600000
1636,p,0.400000
1637,s,0.600000
1638,p,0.600000
1639,d,0.600000
1640,d,0.400000
1641,d,0.400000
1642,p,0.600000
1643,s,1.000000
1644,p,0.600000
1645,p,0.800000
1646,p,0.800000
1647,p,1.000000
1648,p,0.800000
1649,s,0.800000
1650,s,0.400000
1651,d,0.200000
1652,d,0.600000
1653,p,0.400000
1654,p,0.400000
1655,d,0.400000
1656,s,0.400000
1657,s,0.600000
1658,p,0.400000
1659,s,0.200000
1660,d,0.400000
1661,d,0.200000
1662,s,1.000000
1663,s,1.000000
1664,p,0.400000
1665,d,0.200000
1666,p,0.600000
1667,s,0.600000
1668,d,0.400000
1669,d,0.200000
1670,d,0.200000
1671,s,1.000000
1672,d,0.200000
1673,p,0.600000
1674,p,0.400000
1675,s,0.800000
1676,d,0.400000
1677,p,1.000000
1678,p,0.200000
1679,d,1.000000
1680,d,0.600000
1681,d,0.600000
1682,p,0.400000
1683,s,0.200000
1684,p,0.600000
1685,s,0.800000
1686,p,0.200000
1687,d,0.600000
1688,s,0.600000
1689,p,0.200000
1690,d,0.600000
1691,s,0.400000
1692,p,0.800000
1693,d,0.400000
1694,p,0.400000
1695,d,0.400000
1696,s,0.600000
1697,s,0.600000
1698,s,0.600000
1699,s,0.400000
1700,s,1.000000
1701,p,0.400000
1702,s,1.000000
1703,d,0.400000
1704,p,0.600000
1705,d,0.800000
1706,p,0.200000
1707,p,0.600000
1708,p,0.800000
1709,p,1.000000
1710,p,0.400000
1711,s,0.400000
1712,s,1.000000
1713,p,0.200000
1714,p,0.400000
1715,p,0.200000
1716,p,0.200000
1717,d,0.200000
1718,s,0.600000
1719,p,0.400000
1720,p,0.800000
1721,s,0.600000
1722,d,0.400000
1723,d,0.600000
1724,s,0.800000
1725,s,0.600000
1726,s,0.200000
1727,p,0.600000
1728,s,0.400000
1729,d,0.400000
1730,p,0.600000
1731,d,0.400000
1732,d,0.400000
1733,p,0.800000
1734,p,0.200000
1735,p,0.400000
1736,d,0.400000
1737,s,0.800000
1738,d,0.800000
1739,d,0.400000
1740,d,0.400000
1741,p,1.000000
1742,d,0.400000
1743,s,1.000000
1744,d,0.400000
1745,p,0.200000
1746,p,0.800000
1747,d,0.600000
1748,p,0.600000
1749,s,0.800000
1750,p,0.600000
1751,d,0.400000
1752,d,0.400000
1753,d,0.400000
1754,p,0.600000
1755,p,0.400000
1756,d,0.600000
1757,p,0.600000
1758,p,0.200000
1759,d,0.400000
1760,p,0.600000
1761,s,0.400000
1762,d,0.400000
1763,d,0.600000
1764,s,0.800000
1765,p,0.200000
1766,s,0.600000
1767,d,0.600000
1768,d,0.400000
1769,d,0.200000
1770,p,0.400000
1771,d,0.600000
1772,d,0.400000
1773,s,0.200000
1774,s,1.000000
1775,d,0.600000
1776,d,0.400000
1777,p,0.200000
1778,p,0.600000
1779,d,0.600000
1780,s,0.800000
1781,p,0.600000
1782,d,0.600000
1783,d,0.400000
1784,d,0.200000
1785,d,0.200000
1786,s,0.400000
1787,s,1.000000
1788,d,0.600000
1789,s,1.000000
1790,d,0.600000
1791,p,0.600000
1792,s,0.400000
1793,s,0.600000
1794,s,0.400000
1795,s,0.400000
1796,d,0.600000
1797,s,0.600000
1798,s,1.000000
1799,s,0.400000
1800,d,0.400000
1801,p,0.600000
1802,s,0.800000
1803,d,0.200000
1804,d,0.400000
1805,s,0.800000
1806,s,0.200000
1807,d,0.600000
1808,p,0.800000
1809,s,0.800000
1810,s,0.800000
1811,s,0.400000
1812,d,0.200000
1813,p,0.400000
1814,d,0.400000
1815,p,0.400000
1816,d,0.400000
1817,d,0.400000
1818,s,0.800000
1819,s,0.800000
1820,s,0.800000
1821,s,0.600000
1822,d,0.600000
1823,s,0.400000
1824,p,0.800000
1825,d,0.600000
1826,d,0.800000
1827,d,0.200000
1828,p,0.600000
1829,p,0.200000
1830,d,0.800000
1831,s,1.000000
1832,d,0.800000
1833,p,0.400000
1834,p,0.600000
1835,s,1.000000
1836,p,0.600000
1837,p,0.800000
1838,p,0.600000
1839,s,1.000000
1840,p,0.400000
1841,s,0.600000
1842,p,0.400000
1843,p,0.800000
1844,s,0.400000
1845,s,0.600000
1846,s,0.600000
1847,s,0.600000
1848,s,0.400000
1849,p,0.400000
1850,p,0.200000
1851,s,1.000000
1852,s,0.400000
1853,s,0.600000
1854,s,0.800000
1855,s,0.400000
1856,p,0.400000
1857,d,0.200000
1858,s,0.400000
1859,p,0.600000
1860,s,0.400000
1861,p,0.800000
1862,p,0.800000
1863,s,1.000000
1864,d,0.600000
1865,s,0.600000
1866,p,0.400000
1867,s,0.800000
1868,s,0.400000
1869,p,0.600000
1870,p,0.600000
1871,s,0.800000
1872,d,0.400000
1873,d,0.800000
1874,s,1.000000
1875,p,0.600000
1876,s,0.400000
1877,s,0.200000
1878,s,0.600000
1879,s,1.000000
1880,d,0.400000
1881,p,0.800000
1882,p,0.200000
1883,s,0.600000
1884,s,0.200000
1885,d,0.200000
1886,d,0.200000
1887,p,0.400000
1888,s,0.800000
1889,p,0.400000
1890,s,0.200000
1891,s,1.000000
1892,s,0.600000
1893,s,0.600000
1894,d,0.600000
1895,d,0.800000
1896,d,0.400000
1897,s,0.200000
1898,s,0.200000
1899,d,0.400000
1900,p,0.400000
1901,s,0.400000
1902,s,0.800000
1903,d,0.400000
1904,s,0.400000
1905,d,0.400000
1906,d,0.400000
1907,s,0.600000
1908,d,0.800000
1909,s,0.600000
1910,s,0.800000
1911,s,0.600000
1912,d,0.600000
1913,p,0.600000
1914,p,0.600000
1915,d,0.800000
1916,p,0.400000
1917,d,0.200000
1918,d,0.400000
1919,d,0.400000
1920,d,0.800000
1921,d,0.600000
1922,s,0.400000
1923,p,0.200000
1924,d,0.600000
1925,p,0.400000
1926,d,0.600000
1927,s,1.000000
1928,s,1.000000
1929,d,0.400000
1930,p,1.000000
1931,s,0.800000
1932,s,0.600000
1933,s,0.600000
1934,s,1.000000
1935,d,0.600000
1936,d,0.600000
1937,d,0.400000
1938,s,0.600000
1939,s,0.200000
1940,p,0.600000
1941,p,0.600000
1942,s,0.400000
1943,d,0.600000
1944,d,0.400000
1945,p,0.600000
1946,s,0.400000
1947,p,0.400000
1948,d,1.000000
1949,s,0.600000
1950,d,0.200000
1951,d,0.400000
1952,s,0.600000
1953,s,0.600000
1954,d,0.600000
1955,p,0.400000
1956,s,0.800000
1957,p,0.200000
1958,s,0.200000
1959,s,0.600000
1960,p,0.600000
1961,s,1.000000
1962,s,1.000000
1963,p,0.800000
1964,p,0.600000
1965,p,1.000000
1966,d,0.400000
1967,s,0.800000
1968,p,0.400000
1969,d,0.600000
1970,p,0.600000
1971,p,0.600000
1972,s,0.400000
1973,p,0.400000
1974,p,0.600000
1975,s,0.800000
1976,p,0.200000
1977,d,0.600000
1978,p,0.600000
1979,p,0.200000
1980,d,0.200000
1981,s,0.400000
1982,d,0.200000
1983,s,0.800000
1984,d,0.600000
1985,p,0.800000
1986,p,0.600000
1987,s,1.000000
1988,p,0.400000
1989,p,0.600000
1990,d,0.600000
1991,d,0.800000
1992,s,1.000000
1993,p,0.400000
1994,p,0.800000
1995,d,0.200000
1996,d,1.000000
1997,p,0.200000
1998,s,0.400000
1999,d,0.600000
2000,p,0.600000
2001,s,0.200000
2002,d,0.600000
2003,d,0.200000
2004,d,0.600000
2005,p,0.600000
2006,s,0.200000
2007,d,0.800000
2008,s,0.200000
2009,p,1.000000
2010,s,0.400000
2011,s,0.400000
2012,s,0.600000
2013,d,0.400000
2014,p,0.400000
2015,s,0.600000
2016,d,0.600000
2017,d,0.400000
2018,d,0.600000
2019,s,1.000000
2020,s,0.400000
2021,s,0.800000
2022,s,0.400000
2023,s,0.600000
2024,s,0.400000
2025,s,0.800000
2026,d,0.600000
2027,p,0.400000
2028,p,0.400000
2029,d,0.200000
2030,p,0.600000
2031,p,0.400000
2032,p,0.600000
2033,s,1.000000
2034,p,0.800000
2035,p,0.600000
2036,s,0.800000
2037,d,0.600000
2038,d,0.200000
2039,s,0.600000
2040,d,0.600000
2041,s,1.000000
2042,p,1.000000
2043,p,0.200000
2044,p,0.400000
2045,d,0.600000
2046,p,0.400000
2047,d,0.200000
2048,s,0.800000
2049,s,0.800000
2050,p,0.400000
2051,d,0.200000
2052,s,1.000000
2053,s,0.400000
2054,p,0.400000
2055,d,0.600000
2056,p,0.200000
2057,d,0.600000
2058,p,0.200000
2059,p,0.400000
2060,p,0.400000
2061,p,1.000000
2062,p,0.200000
2063,s,1.000000
2064,s,1.000000
2065,s,1.000000
2066,p,0.400000
2067,p,0.800000
2068,p,0.400000
2069,p,0.200000
2070,d,0.600000
2071,s,0.600000
2072,s,0.800000
2073,p,0.200000
2074,s,0.800000
2075,d,0.600000
2076,p,0.600000
2077,p,0.600000
2078,p,0.600000
2079,p,0.400000
2080,s,0.800000
2081,d,0.400000
2082,d,0.400000
2083,s,1.000000
2084,s,0.800000
2085,s,0.600000
2086,s,0.600000
2087,d,1.000000
2088,d,0.400000
2089,d,0.600000
2090,d,0.400000
2091,d,0.600000
2092,p,0.600000
2093,d,0.600000
2094,s,0.400000
2095,d,0.400000
2096,d,0.600000
2097,s,1.000000
2098,p,0.400000
2099,s,0.600000
2100,p,0.200000
2101,s,0.400000
2102,s,0.400000
2103,d,0.800000
2104,s,1.000000
2105,d,0.400000
2106,p,0.400000
2107,p,0.600000
2108,p,0.800000
2109,s,0.400000
2110,s,0.400000
2111,s,0.800000
2112,d,0.400000
2113,d,0.400000
2114,d,0.400000
2115,d,0.200000
2116,d,0.600000
2117,s,0.600000
2118,p,0.600000
2119,p,0.400000
2120,d,0.600000
2121,s,0.200000
2122,p,0.800000
2123,s,0.800000
2124,s,0.200000
2125,s,0.600000
2126,p,0.400000
2127,d,0.600000
2128,s,0.600000
2129,d,0.600000
2130,s,0.400000
2131,p,0.400000
2132,s,0.600000
2133,s,1.000000
2134,s,0.600000
2135,p,0.800000
2136,p,0.600000
2137,p,0.600000
2138,d,0.600000
2139,p,0.600000
2140,s,1.000000
2141,p,0.400000
2142,s,0.400000
2143,p,0.600000
2144,d,0.600000
2145,s,0.600000
2146,s,0.800000
2147,d,0.200000
2148,p,0.400000
2149,d,0.600000
2150,s,1.000000
2151,s,0.600000
2152,d,1.000000
2153,p,0.200000
2154,p,0.600000
2155,s,0.200000
2156,d,1.000000
2157,d,0.200000
2158,p,0.200000
2159,p,0.200000
2160,p,0.800000
2161,s,0.400000
2162,d,0.400000
2163,s,0.600000
2164,d,0.800000
2165,s,0.400000
2166,p,0.400000
2167,s,1.000000
2168,p,0.400000
2169,s,0.600000
2170,d,0.400000
2171,s,0.800000
2172,p,0.200000
2173,d,0.600000
2174,d,0.400000
2175,p,0.600000
2176,p,0.600000
2177,d,0.600000
2178,d,0.200000
2179,d,0.400000
2180,d,0.200000
2181,p,0.400000
2182,p,0.600000
2183,d,0.200000
2184,p,0.600000
2185,s,0.400000
2186,p,0.600000
2187,s,0.600000
2188,p,0.400000
2189,d,0.400000
2190,d,0.600000
2191,p,0.400000
2192,p,0.400000
2193,p,0.800000
2194,p,0.600000
2195,p,0.400000
2196,s,0.400000
2197,d,0.600000
2198,p,0.600000
2199,p,0.600000
2200,d,0.600000
2201,p,0.800000
2202,p,0.800000
2203,s,0.800000
2204,s,0.600000
2205,s,0.400000
2206,p,0.200000
2207,p,0.600000
2208,d,1.000000
2209,d,0.600000
2210,d,0.600000
2211,s,0.800000
2212,p,0.400000
2213,d,0.600000
2214,d,0.200000
2215,d,0.400000
2216,s,0.400000
2217,s,0.800000
2218,s,0.200000
2219,p,0.400000
2220,p,0.600000
2221,s,0.400000
2222,d,0.400000
2223,d,0.600000
2224,p,0.400000
2225,d,1.000000
2226,s,0.600000
2227,d,0.400000
2228,p,0.400000
2229,p,0.800000
2230,s,0.600000
2231,p,1.000000
2232,d,0.600000
2233,d,0.600000
2234,p,0.400000
2235,p,0.400000
2236,s,0.600000
2237,d,0.200000
2238,d,0.200000
2239,d,0.600000
2240,d,0.400000
2241,s,0.800000
2242,d,0.800000
2243,d,0.200000
2244,p,0.600000
2245,p,0.600000
2246,d,0.600000
2247,p,0.200000
2248,s,0.200000
2249,d,0.600000
2250,d,1.000000
2251,d,0.600000
2252,s,0.600000
2253,p,0.600000
2254,d,0.400000
2255,s,0.600000
2256,d,1.000000
2257,p,1.000000
2258,s,0.600000
2259,p,0.600000
2260,d,0.400000
2261,p,1.000000
2262,s,0.400000
2263,d,0.400000
2264,p,0.600000
2265,s,0.400000
2266,s,0.800000
2267,s,1.000000
2268,s,1.000000
2269,p,0.200000
2270,d,0.800000
2271,p,0.600000
2272,d,0.400000
2273,d,0.400000
2274,s,0.200000
2275,d,0.800000
2276,s,1.000000
2277,s,0.800000
2278,s,0.400000
2279,d,0.400000
2280,d,1.000000
2281,d,0.400000
2282,d,0.600000
2283,p,0.600000
2284,p,0.200000
2285,s,0.400000
2286,p,0.600000
2287,s,0.400000
2288,s,0.600000
2289,d,0.400000
2290,p,0.400000
2291,s,0.600000
2292,p,0.600000
2293,d,0.600000
2294,d,0.200000
2295,p,0.800000
2296,d,0.400000
2297,p,0.600000
2298,s,0.400000
2299,d,0.600000
2300,s,0.600000
2301,p,0.200000
2302,s,0.400000
2303,s,0.600000
2304,p,0.400000
2305,d,0.800000
2306,d,0.600000
2307,p,0.200000
2308,p,0.400000
2309,p,0.800000
2310,p,0.600000
2311,d,0.400000
2312,p,0.400000
2313,p,0.200000
2314,s,0.400000
2315,d,0.400000
2316,s,0.400000
2317,d,0.400000
2318,d,0.600000
2319,d,0.600000
2320,d,0.400000
2321,s,0.400000
2322,d,0.600000
2323,s,0.400000
2324,p,0.400000
2325,d,0.600000
2326,d,0.400000
2327,s,0.200000
2328,s,0.800000
2329,s,0.200000
2330,s,0.200000
2331,d,0.200000
2332,p,0.400000
2333,p,0.600000
2334,s,0.400000
2335,d,0.400000
2336,p,0.800000
2337,s,0.200000
2338,p,0.600000
2339,d,0.200000
2340,s,0.400000
2341,s,0.800000
2342,d,0.600000
2343,s,0.400000
2344,p,0.600000
2345,s,1.000000
2346,d,0.600000
2347,s,0.600000
2348,p,0.600000
2349,d,0.200000
2350,s,0.200000
2351,s,0.200000
2352,p,0.200000
2353,p,0.400000
2354,d,0.400000
2355,s,1.000000
2356,s,0.400000
2357,s,0.200000
2358,s,0.600000
2359,d,0.400000
2360,d,0.800000
2361,d,0.600000
2362,s,1.000000
2363,s,0.600000
2364,p,0.600000
2365,p,0.400000
2366,p,0.600000
2367,s,0.800000
2368,s,0.200000
2369,p,0.200000
2370,d,0.200000
2371,d,0.400000
2372,p,0.200000
2373,p,0.800000
2374,p,0.600000
2375,p,0.400000
2376,s,1.000000
2377,s,0.400000
2378,s,0.400000
2379,s,1.000000
2380,s,0.400000
2381,p,0.600000
2382,s,0.400000
2383,p,0.400000
2384,s,0.400000
2385,s,1.000000
2386,p,0.600000
2387,d,0.400000
2388,p,0.400000
2389,p,0.400000
2390,s,0.600000
2391,d,0.200000
2392,d,0.200000
2393,p,0.800000
2394,s,0.400000
2395,d,0.400000
2396,s,0.200000
2397,s,0.600000
2398,s,0.600000
2399,p,0.400000
2400,s,0.200000
2401,p,0.600000
2402,p,0.400000
2403,p,0.600000
2404,s,1.000000
2405,s,1.000000
2406,p,0.400000
2407,d,0.400000
2408,d,1.000000
2409,p,0.200000
2410,s,0.800000
2411,d,0.600000
2412,d,0.600000
2413,p,0.600000
2414,p,0.200000
2415,d,0.400000
2416,d,0.800000
2417,p,0.200000
2418,s,0.400000
2419,s,0.400000
2420,s,1.000000
2421,d,0.400000
2422,d,0.200000
2423,d,0.400000
2424,p,0.400000
2425,d,0.800000
2426,d,0.400000
2427,s,0.200000
2428,d,0.400000
2429,p,0.200000
2430,s,0.600000
2431,s,0.600000
2432,p,0.400000
2433,s,0.800000
2434,d,0.600000
2435,d,0.400000
2436,d,0.600000
2437,s,0.800000
2438,d,0.400000
2439,d,0.200000
2440,s,0.600000
2441,p,0.200000
2442,d,0.400000
2443,s,1.000000
2444,p,0.400000
2445,s,0.600000
2446,s,0.800000
2447,p,0.600000
2448,s,0.600000
2449,s,0.400000
2450,d,0.400000
2451,s,0.400000
2452,s,0.400000
2453,d,0.400000
2454,d,0.200000
2455,d,0.400000
2456,s,0.200000
2457,p,0.600000
2458,s,1.000000
2459,s,0.400000
2460,p,0.800000
2461,d,0.600000
2462,d,0.600000
2463,s,1.000000
2464,p,0.200000
2465,s,0.200000
2466,s,0.200000
2467,p,0.600000
2468,p,0.600000
2469,s,0.600000
2470,p,0.600000
2471,d,0.800000
2472,p,0.200000
2473,d,0.600000
2474,d,0.400000
2475,p,0.400000
2476,s,0.200000
2477,s,1.000000
2478,p,0.200000
2479,d,0.600000
2480,s,0.800000
2481,p,0.400000
2482,d,1.000000
2483,d,0.400000
2484,s,1.000000
2485,s,1.000000
2486,d,0.600000
2487,s,0.400000
2488,d,0.400000
2489,p,0.200000
2490,d,0.200000
2491,s,0.400000
2492,s,0.200000
2493,p,0.400000
2494,p,0.600000
2495,p,0.600000
2496,s,0.600000
2497,s,0.200000
2498,p,0.600000
2499,s,0.600000
2500,p,0.200000
2501,p,0.600000
2502,d,0.600000
2503,d,0.400000
2504,s,1.000000
2505,p,0.400000
2506,p,0.200000
2507,s,1.000000
2508,s,1.000000
2509,s,0.600000
2510,s,0.200000
2511,s,0.400000
2512,p,0.400000
2513,s,0.800000
2514,d,0.400000
2515,p,1.000000
2516,d,0.600000
2517,p,0.600000
2518,d,0.200000
2519,d,0.400000
2520,d,0.200000
2521,p,0.600000
2522,p,0.600000
2523,p,0.400000
2524,s,1.000000
2525,s,0.400000
2526,p,0.600000
2527,s,0.400000
2528,s,0.200000
2529,p,0.400000
2530,d,0.600000
2531,p,0.600000
2532,s,0.400000
2533,s,0.600000
2534,d,0.400000
2535,p,0.200000
2536,s,1.000000
2537,p,0.400000
2538,p,0.400000
2539,s,0.600000
2540,s,0.800000
2541,s,0.400000
2542,p,0.400000
2543,s,0.600000
2544,s,1.000000
2545,d,0.200000
2546,d,0.200000
2547,s,0.400000
2548,s,0.800000
2549,p,0.800000
2550,d,0.200000
2551,d,0.400000
2552,p,0.200000
2553,p,1.000000
2554,d,0.800000
2555,p,0.400000
2556,d,0.200000
2557,d,0.200000
2558,s,0.400000
2559,d,0.200000
2560,s,0.600000
2561,d,0.400000
2562,d,0.200000
2563,s,0.400000
2564,d,0.600000
2565,s,1.000000
2566,d,0.200000
2567,d,0.600000
2568,d,0.400000
2569,p,0.800000
2570,d,0.400000
2571,p,0.600000
2572,p,0.800000
2573,p,0.800000
2574,p,0.800000
2575,d,0.200000
2576,s,0.400000
2577,s,0.800000
2578,d,0.200000
2579,s,0.200000
2580,s,0.400000
2581,s,0.600000
2582,d,0.200000
2583,d,0.400000
2584,p,0.800000
2585,p,0.200000
2586,p,0.400000
2587,d,0.400000
2588,p,0.200000
2589,d,0.800000
2590,p,0.400000
2591,p,0.200000
2592,s,0.600000
2593,s,0.400000
2594,d,0.400000
2595,s,0.400000
2596,d,0.200000
2597,s,0.600000
2598,p,0.800000
2599,d,0.600000
2600,d,0.400000
2601,d,0.200000
2602,d,0.200000
2603,p,0.400000
2604,s,0.400000
2605,d,0.400000
2606,s,0.200000
2607,p,0.400000
2608,d,0.400000
2609,s,1.000000
2610,d,0.600000
2611,d,0.200000
2612,p,0.600000
2613,d,0.400000
2614,s,0.400000
2615,d,0.200000
2616,d,0.600000
2617,d,0.800000
2618,s,0.400000
2619,s,1.000000
2620,d,0.400000
2621,d,0.600000
2622,d,1.000000
2623,d,0.800000
2624,p,0.600000
2625,d,0.800000
2626,d,0.600000
2627,s,1.000000
2628,d,0.400000
2629,d,0.600000
2630,s,1.000000
2631,d,1.000000
2632,d,0.800000
2633,s,0.600000
2634,d,0.800000
2635,s,0.600000
2636,d,0.400000
2637,d,0.600000
2638,s,0.200000
2639,p,0.600000
2640,d,0.600000
2641,s,0.600000
2642,s,0.200000
2643,s,0.600000
2644,s,0.400000
2645,p,0.400000
2646,d,0.400000
2647,s,0.400000
2648,p,0.200000
2649,s,1.000000
2650,p,0.200000
2651,s,1.000000
2652,d,0.400000
2653,d,0.200000
2654,s,0.600000
2655,d,0.200000
2656,d,0.800000
2657,s,0.800000
2658,s,0.200000
2659,d,0.600000
2660,d,0.600000
2661,p,0.400000
2662,s,0.800000
2663,s,0.400000
2664,d,0.400000
2665,p,0.400000
2666,p,0.600000
2667,p,0.400000
2668,p,0.600000
2669,p,0.200000
2670,d,0.600000
2671,s,0.400000
2672,s,0.400000
2673,d,0.600000
2674,p,0.600000
2675,d,0.400000
2676,s,0.600000
2677,s,0.200000
2678,s,0.600000
2679,s,0.400000
2680,d,0.400000
2681,s,1.000000
2682,p,0.200000
2683,p,0.600000
2684,p,0.600000
2685,p,0.200000
2686,s,1.000000
2687,p,0.600000
2688,d,0.400000
2689,p,0.800000
2690,p,0.600000
2691,d,0.400000
2692,p,0.400000
2693,s,0.600000
2694,d,0.600000
2695,p,0.200000
2696,s,0.200000
2697,d,0.600000
2698,d,0.400000
2699,s,0.200000
2700,d,0.600000
2701,s,0.600000
2702,p,0.800000
2703,d,0.400000
2704,s,0.800000
2705,d,0.400000
2706,d,0.400000
2707,d,0.400000
2708,d,0.600000
2709,s,0.200000
2710,s,1.000000
2711,d,0.200000
2712,d,0.600000
2713,s,0.600000
2714,p,0.600000
2715,p,0.400000
2716,p,0.400000
2717,s,1.000000
2718,d,0.600000
2719,p,0.400000
2720,p,0.600000
2721,d,0.200000
2722,p,0.400000
2723,s,0.600000
2724,p,0.600000
2725,s,0.600000
2726,d,0.400000
2727,d,0.400000
2728,s,0.800000
2729,s,0.600000
2730,p,0.400000
2731,s,0.400000
2732,p,0.600000
2733,d,0.400000
2734,d,0.600000
2735,p,0.600000
2736,p,0.200000
2737,s,1.000000
2738,p,0.200000
2739,d,0.600000
2740,p,0.600000
2741,s,0.600000
2742,d,0.600000
2743,d,0.400000
2744,s,0.400000
2745,s,0.600000
2746,s,0.600000
2747,s,0.600000
2748,s,0.600000
2749,s,1.000000
2750,p,0.800000
2751,s,0.600000
2752,s,0.600000
2753,d,0.400000
2754,p,0.600000
2755,s,0.200000
2756,s,0.400000
2757,p,0.200000
2758,d,0.600000
2759,d,0.400000
2760,s,0.600000
2761,d,0.400000
2762,p,0.200000
2763,d,0.600000
2764,p,0.800000
2765,s,0.400000
2766,d,0.400000
2767,s,0.400000
2768,s,0.600000
2769,p,0.200000
2770,p,0.600000
2771,d,0.200000
2772,s,0.200000
2773,p,0.600000
2774,s,0.200000
2775,d,0.600000
2776,p,0.600000
2777,d,0.400000
2778,p,0.400000
2779,s,0.400000
2780,p,0.400000
2781,d,0.400000
2782,s,0.600000
2783,d,0.400000
2784,p,0.400000
2785,d,0.400000
2786,d,0.400000
2787,p,0.600000
2788,s,0.400000
2789,p,0.400000
2790,d,0.400000
2791,s,0.600000
2792,d,0.400000
2793,d,0.400000
2794,s,0.600000
2795,s,0.600000
2796,d,0.800000
2797,s,1.000000
2798,p,0.600000
2799,p,0.800000
2800,s,0.600000
2801,d,0.400000
2802,d,0.200000
2803,p,0.600000
2804,d,0.600000
2805,p,0.600000
2806,p,0.200000
2807,s,0.800000
2808,s,1.000000
2809,p,0.800000
2810,p,0.200000
2811,p,0.200000
2812,p,0.600000
2813,d,0.600000
2814,d,0.200000
2815,p,0.800000
2816,s,0.400000
2817,d,0.800000
2818,d,0.600000
2819,s,0.600000
2820,p,0.400000
2821,d,0.600000
2822,s,0.600000
2823,s,0.400000
2824,p,0.600000
2825,p,0.400000
2826,d,1.000000
2827,s,0.600000
2828,p,0.600000
2829,p,0.600000
2830,p,0.400000
2831,s,0.200000
2832,p,0.600000
2833,d,0.600000
2834,p,0.400000
2835,p,0.600000
2836,p,0.600000
2837,s,1.000000
2838,d,0.600000
2839,d,0.200000
2840,d,0.800000
2841,s,0.400000
2842,p,0.600000
2843,s,0.400000
2844,d,0.200000
2845,s,0.600000
2846,p,0.600000
2847,s,0.400000
2848,p,0.800000
2849,s,1.000000
2850,s,0.800000
2851,s,0.200000
2852,p,0.400000
2853,p,0.600000
2854,s,0.200000
2855,p,0.200000
2856,p,0.600000
2857,p,0.200000
2858,p,0.400000
2859,d,0.600000
2860,s,0.600000
2861,d,0.400000
2862,p,0.400000
2863,p,0.600000
2864,d,0.400000
2865,p,0.400000
2866,d,0.600000
2867,p,0.600000
2868,s,0.600000
2869,d,0.200000
2870,p,0.400000
2871,p,0.400000
2872,s,0.400000
2873,d,0.600000
2874,d,0.400000
2875,s,0.600000
2876,s,0.400000
2877,s,0.800000
2878,d,0.600000
2879,d,0.600000
2880,p,0.400000
2881,d,0.200000
2882,d,0.200000
2883,d,0.200000
2884,s,0.600000
2885,d,0.200000
2886,s,0.600000
2887,d,0.200000
2888,p,0.600000
2889,p,0.400000
2890,s,0.800000
2891,p,0.400000
2892,s,1.000000
2893,p,0.400000
2894,s,1.000000
2895,p,0.400000
2896,d,0.200000
2897,p,0.600000
2898,d,0.400000
2899,p,0.800000
2900,p,0.600000
2901,s,0.800000
2902,d,0.400000
2903,p,0.600000
2904,s,0.800000
2905,p,0.400000
2906,p,0.800000
2907,d,0.200000
2908,p,0.600000
2909,d,0.200000
2910,d,0.800000
2911,d,0.600000
2912,d,0.600000
2913,d,0.600000
2914,p,0.600000
2915,s,1.000000
2916,s,0.200000
2917,s,0.800000
2918,d,0.200000
2919,s,0.600000
2920,d,0.400000
2921,d,0.400000
2922,s,0.800000
2923,d,0.200000
2924,d,0.800000
2925,d,0.400000
2926,s,1.000000
2927,d,0.400000
2928,s,1.000000
2929,d,0.200000
2930,p,0.200000
2931,p,0.200000
2932,s,1.000000
2933,s,1.000000
2934,p,0.200000
2935,p,0.400000
2936,p,0.600000
2937,d,1.000000
2938,d,0.600000
2939,s,1.000000
2940,d,0.600000
2941,d,0.800000
2942,p,0.600000
2943,p,0.600000
2944,d,0.800000
2945,d,0.400000
2946,d,0.600000
2947,p,0.400000
2948,p,0.400000
2949,p,0.200000
2950,p,0.200000
2951,p,0.400000
2952,s,1.000000
2953,p,0.200000
2954,p,0.400000
2955,p,0.400000
2956,s,0.600000
2957,p,0.200000
2958,s,0.400000
2959,s,0.800000
2960,p,0.200000
2961,p,0.400000
2962,s,0.400000
2963,s,1.000000
2964,p,0.400000
2965,p,0.800000
2966,d,1.000000
2967,d,0.200000
2968,d,0.600000
2969,p,0.200000
2970,s,0.800000
2971,d,0.400000
2972,s,1.000000
2973,s,0.400000
2974,d,0.400000
2975,s,1.000000
2976,s,1.000000
2977,p,0.400000
2978,d,0.400000
2979,s,1.000000
2980,p,0.600000
2981,p,0.400000
2982,s,0.400000
2983,d,0.400000
2984,s,0.600000
2985,p,0.800000
2986,s,1.000000
2987,d,0.600000
2988,p,0.400000
2989,p,0.800000
2990,d,0.800000
2991,s,1.000000
2992,s,0.400000
2993,p,0.600000
2994,p,0.400000
2995,s,0.600000
2996,d,0.400000
2997,s,0.200000
2998,p,0.600000
2999,d,0.600000
3000,d,0.400000
3001,d,0.200000
3002,p,0.200000
3003,d,0.200000
3004,p,0.600000
3005,s,0.400000
3006,d,0.200000
3007,p,0.400000
3008,s,0.800000
3009,d,0.400000
3010,p,0.800000
3011,p,0.800000
3012,d,0.800000
3013,d,0.200000
3014,s,0.600000
3015,d,0.800000
3016,p,0.200000
3017,s,0.800000
3018,s,0.800000
3019,d,0.200000
3020,p,0.200000
3021,d,0.400000
3022,s,0.400000
3023,p,0.800000
3024,p,0.400000
3025,s,0.800000
3026,p,0.600000
3027,p,0.600000
3028,s,0.800000
3029,s,0.400000
3030,p,0.200000
3031,p,0.400000
3032,p,0.600000
3033,p,0.200000
3034,p,1.000000
3035,s,0.400000
3036,d,0.200000
3037,s,1.000000
3038,s,0.200000
3039,p,0.400000
3040,s,0.400000
3041,p,0.600000
3042,s,0.600000
3043,p,0.200000
3044,d,0.600000
3045,d,0.600000
3046,s,0.400000
3047,d,0.200000
3048,p,0.600000
3049,s,1.000000
3050,s,0.200000
3051,d,0.800000
3052,d,0.400000
3053,d,0.400000
3054,d,0.400000
3055,s,0.600000
3056,p,0.600000
3057,d,1.000000
3058,d,0.400000
3059,s,0.400000
3060,d,0.400000
3061,p,0.600000
3062,d,0.800000
3063,p,0.400000
3064,p,0.400000
3065,d,0.200000
3066,d,0.600000
3067,d,0.600000
3068,p,0.600000
3069,s,0.400000
3070,d,0.400000
3071,p,0.600000
3072,d,0.400000
3073,d,0.400000
3074,d,0.200000
3075,s,0.600000
3076,d,0.600000
3077,p,0.400000
3078,d,0.400000
3079,s,1.000000
3080,p,0.600000
3081,d,0.600000
3082,d,0.600000
3083,d,0.200000
3084,d,0.800000
3085,d,0.400000
3086,s,0.400000
3087,d,0.200000
3088,d,0.600000
3089,d,0.800000
3090,d,0.200000
3091,s,0.600000
3092,d,0.600000
3093,s,0.400000
3094,p,0.600000
3095,p,0.600000
3096,d,0.800000
3097,s,1.000000
3098,d,0.800000
3099,s,0.600000
3100,s,0.800000
3101,p,0.200000
3102,d,0.400000
3103,p,0.400000
3104,d,0.600000
3105,d,0.200000
3106,d,0.600000
3107,s,0.800000
3108,p,0.400000
3109,d,0.600000
3110,d,0.600000
3111,p,0.600000
3112,s,0.800000
3113,s,1.000000
3114,p,0.400000
3115,p,0.600000
3116,s,0.600000
3117,s,0.200000
3118,d,0.400000
3119,d,0.200000
3120,p,0.600000
3121,p,0.400000
3122,d,0.600000
3123,d,0.600000
3124,d,0.600000
3125,p,0.600000
3126,p,0.600000
3127,p,0.600000
3128,s,1.000000
3129,d,0.200000
3130,p,0.400000
3131,p,0.400000
3132,d,0.400000
3133,p,0.600000
3134,d,0.400000
3135,s,0.400000
3136,p,0.200000
3137,p,0.200000
3138,d,0.400000
3139,d,0.200000
3140,d,0.800000
3141,p,0.600000
3142,s,0.800000
3143,p,0.800000
3144,d,0.400000
3145,s,0.400000
3146,p,0.400000
3147,s,0.400000
3148,s,1.000000
3149,d,0.600000
3150,p,0.600000
3151,p,0.200000
3152,d,0.600000
3153,p,0.800000
3154,d,0.400000
3155,p,0.400000
3156,d,0.200000
3157,p,0.600000
3158,p,0.200000
3159,s,0.200000
3160,s,0.600000
3161,s,0.600000
3162,d,0.600000
3163,p,0.400000
3164,p,0.600000
3165,s,0.600000
3166,p,0.400000
3167,p,0.800000
3168,s,0.600000
3169,p,0.200000
3170,s,0.400000
3171,s,0.800000
3172,s,0.600000
3173,d,0.600000
3174,d,0.800000
3175,d,0.200000
3176,d,0.400000
3177,d,0.200000
3178,d,0.200000
3179,d,0.400000
3180,p,0.600000
3181,p,0.600000
3182,p,0.600000
3183,d,0.800000
3184,s,0.200000
3185,s,0.400000
3186,p,0.200000
3187,s,0.400000
3188,p,0.200000
3189,s,1.000000
3190,d,0.200000
3191,s,0.600000
3192,s,0.400000
3193,p,0.400000
3194,s,1.000000
3195,p,0.800000
3196,d,0.800000
3197,p,0.400000
3198,p,0.800000
3199,d,0.400000
3200,d,0.400000
3201,d,0.400000
3202,d,0.400000
3203,p,0.600000
3204,p,0.800000
3205,p,0.400000
3206,p,0.600000
3207,p,0.800000
3208,s,0.400000
3209,s,0.400000
3210,d,0.600000
3211,d,0.600000
3212,s,0.400000
3213,s,1.000000
3214,d,0.200000
3215,p,0.400000
3216,p,0.600000
3217,d,0.600000
3218,s,0.600000
3219,d,0.400000
3220,d,0.200000
3221,s,1.000000
3222,s,0.400000
3223,d,0.600000
3224,d,0.200000
3225,s,0.400000
3226,d,0.600000
3227,d,0.800000
3228,d,1.000000
3229,p,0.800000
3230,s,0.800000
3231,s,0.200000
3232,d,0.400000
3233,s,1.000000
3234,p,0.400000
3235,p,0.600000
3236,p,0.400000
3237,d,0.600000
3238,s,0.400000
3239,d,0.800000
3240,d,0.800000
3241,p,0.400000
3242,s,0.600000
3243,p,0.600000
3244,d,0.600000
3245,p,0.600000
3246,p,0.400000
3247,d,0.400000
3248,d,0.600000
3249,p,0.600000
3250,p,0.400000
3251,d,0.200000
3252,p,0.800000
3253,d,0.600000
3254,d,0.400000
3255,p,0.800000
3256,d,0.400000
3257,s,0.600000
3258,p,0.200000
3259,p,0.600000
3260,d,0.200000
3261,p,0.600000
3262,d,0.600000
3263,d,0.200000
3264,d,0.400000
3265,p,0.600000
3266,p,0.600000
3267,s,0.800000
3268,s,0.600000
3269,d,0.800000
3270,d,0.600000
3271,d,0.600000
3272,d,0.800000
3273,d,0.400000
3274,d,0.600000
3275,s,0.400000
3276,d,0.800000
3277,p,0.400000
3278,p,0.400000
3279,p,0.400000
3280,s,0.600000
3281,s,0.200000
3282,s,0.800000
3283,s,0.400000
3284,p,1.000000
3285,d,0.200000
3286,p,0.800000
3287,s,1.000000
3288,d,0.600000
3289,d,0.600000
3290,p,0.400000
3291,p,1.000000
3292,d,0.600000
3293,s,0.200000
3294,p,0.600000
3295,s,0.200000
3296,p,0.800000
3297,s,1.000000
3298,d,0.400000
3299,p,0.400000
3300,d,0.200000
3301,d,0.200000
3302,d,0.400000
3303,p,0.400000
3304,s,1.000000
3305,p,0.400000
3306,d,0.400000
3307,d,0.200000
3308,s,0.600000
3309,p,0.800000
3310,s,0.600000
3311,d,0.200000
3312,d,0.800000
3313,p,0.600000
3314,d,0.400000
3315,s,0.400000
3316,p,0.200000
3317,d,0.600000
3318,s,0.400000
3319,d,0.600000
3320,p,0.400000
3321,s,0.800000
3322,s,0.600000
3323,p,0.400000
3324,p,0.800000
3325,d,0.800000
3326,p,0.400000
3327,s,1.000000
3328,p,0.600000
3329,d,0.800000
3330,p,0.400000
3331,s,1.000000
3332,d,0.600000
3333,d,0.200000
3334,p,0.200000
3335,p,0.600000
3336,d,0.400000
3337,s,1.000000
3338,s,0.400000
3339,p,0.400000
3340,p,0.400000
3341,d,0.600000
3342,d,0.200000
3343,s,0.200000
3344,s,1.000000
3345,p,0.400000
3346,s,0.600000
3347,p,0.400000
3348,s,1.000000
3349,d,0.800000
3350,d,0.200000
3351,s,0.600000
3352,p,0.600000
3353,d,0.600000
3354,s,0.600000
3355,d,0.800000
3356,p,0.200000
3357,s,0.600000
3358,d,0.200000
3359,p,0.600000
3360,p,0.800000
3361,s,0.400000
3362,d,0.600000
3363,p,0.400000
3364,d,0.600000
3365,p,0.400000
3366,d,0.400000
3367,p,0.600000
3368,d,0.600000
3369,d,0.800000
3370,p,0.400000
3371,d,0.600000
3372,s,1.000000
3373,s,1.000000
3374,d,0.800000
3375,p,0.400000
3376,d,0.600000
3377,d,0.600000
3378,d,0.400000
3379,p,0.800000
3380,d,0.400000
3381,s,0.800000
3382,s,1.000000
3383,p,0.800000
3384,p,0.400000
3385,p,0.800000
3386,d,0.600000
3387,s,0.600000
3388,d,0.400000
3389,p,0.800000
3390,d,0.400000
3391,d,0.800000
3392,s,0.600000
3393,s,1.000000
3394,s,0.400000
3395,p,0.400000
3396,s,0.400000
3397,s,0.400000
3398,d,0.600000
3399,d,0.400000
3400,s,0.400000
3401,s,1.000000
3402,s,1.000000
3403,p,0.800000
3404,s,1.000000
3405,p,0.600000
3406,p,0.600000
3407,s,0.600000
3408,s,0.400000
3409,d,0.400000
3410,p,0.400000
3411,s,1.000000
3412,p,0.400000
3413,s,0.400000
3414,p,0.400000
3415,p,0.600000
3416,p,0.400000
3417,s,0.400000
3418,p,0.200000
3419,d,0.200000
3420,p,0.400000
3421,d,0.800000
3422,s,0.600000
3423,d,0.600000
3424,d,0.400000
3425,d,0.200000
3426,s,0.200000
3427,s,1.000000
3428,d,0.600000
3429,s,1.000000
3430,p,0.600000
3431,d,0.200000
3432,p,0.600000
3433,s,0.800000
3434,s,0.600000
3435,d,0.600000
3436,s,1.000000
3437,s,0.600000
3438,s,0.400000
3439,s,0.400000
3440,p,0.200000
3441,p,0.400000
3442,s,0.400000
3443,p,0.400000
3444,d,0.200000
3445,d,1.000000
3446,s,0.400000
3447,p,0.600000
3448,s,0.600000
3449,p,0.200000
3450,s,0.600000
3451,d,0.400000
3452,d,0.600000
3453,p,0.200000
3454,p,0.600000
3455,p,0.400000
3456,p,0.400000
3457,s,1.000000
3458,s,0.400000
3459,s,0.600000
3460,s,0.600000
3461,d,0.400000
3462,d,0.200000
3463,d,0.200000
3464,d,0.400000
3465,d,0.600000
3466,p,0.400000
3467,d,1.000000
3468,p,0.800000
3469,d,0.200000
3470,s,0.200000
3471,p,0.600000
3472,s,0.600000
3473,p,0.400000
3474,p,0.600000
3475,s,0.800000
3476,d,0.600000
3477,d,0.600000
3478,p,0.200000
3479,p,0.400000
3480,s,0.200000
3481,d,0.200000
3482,s,0.400000
3483,d,0.400000
3484,s,0.400000
3485,p,0.600000
3486,p,0.200000
3487,s,1.000000
3488,s,0.200000
3489,s,0.400000
3490,d,0.600000
3491,s,1.000000
3492,p,0.200000
3493,d,0.400000
3494,p,0.600000
3495,d,0.200000
3496,d,0.200000
3497,d,0.400000
3498,s,0.400000
3499,d,0.400000
3500,s,1.000000
3501,p,0.600000
3502,p,0.600000
3503,d,0.600000
3504,p,0.400000
3505,p,0.600000
3506,d,0.200000
3507,p,0.400000
3508,p,0.600000
3509,p,0.400000
3510,d,0.600000
3511,s,0.400000
3512,s,0.600000
3513,d,0.400000
3514,d,0.400000
3515,d,0.800000
3516,d,0.400000
3517,s,0.400000
3518,s,0.600000
3519,d,0.400000
3520,d,0.800000
3521,p,0.200000
3522,d,0.200000
3523,p,0.200000
3524,p,0.600000
3525,p,0.600000
3526,s,1.000000
3527,s,0.400000
3528,s,0.400000
3529,p,0.600000
3530,s,0.400000
3531,s,1.000000
3532,d,0.800000
3533,d,0.200000
3534,s,0.400000
3535,d,0.600000
3536,d,0.400000
3537,d,0.800000
3538,d,1.000000
3539,s,0.600000
3540,s,1.000000
3541,p,0.400000
3542,p,0.400000
3543,p,0.800000
3544,s,0.400000
3545,d,0.400000
3546,s,1.000000
3547,d,0.600000
3548,s,0.400000
3549,p,0.600000
3550,p,0.400000
3551,d,0.600000
3552,s,1.000000
3553,p,0.800000
3554,d,0.200000
3555,p,0.200000
3556,d,0.200000
3557,p,0.200000
3558,p,0.200000
3559,p,1.000000
3560,p,0.200000
3561,d,0.400000
3562,s,0.200000
3563,d,0.800000
3564,d,0.600000
3565,d,0.600000
3566,p,0.400000
3567,d,0.800000
3568,p,0.600000
3569,d,0.800000
3570,s,1.000000
3571,s,0.400000
3572,p,0.600000
3573,s,0.400000
3574,s,0.400000
3575,s,0.400000
3576,p,0.600000
3577,d,0.400000
3578,p,0.600000
3579,p,0.400000
3580,p,0.600000
3581,p,0.800000
3582,p,0.400000
3583,d,0.200000
3584,d,0.200000
3585,d,0.400000
3586,d,0.600000
3587,p,0.600000
3588,d,0.600000
3589,s,1.000000
3590,p,0.400000
3591,d,0.400000
3592,s,0.800000
3593,d,0.200000
3594,p,0.400000
3595,p,0.600000
3596,s,0.400000
3597,d,0.400000
3598,s,0.600000
3599,p,0.400000
3600,p,0.600000
3601,p,0.200000
3602,d,0.400000
3603,s,0.400000
3604,d,0.600000
3605,p,0.200000
3606,d,0.400000
3607,d,0.400000
3608,p,0.600000
3609,d,0.400000
3610,d,0.400000
3611,d,0.800000
3612,s,0.400000
3613,p,0.200000
3614,d,0.600000
3615,p,0.800000
3616,d,0.400000
3617,p,0.400000
3618,d,0.400000
3619,s,1.000000
3620,s,0.400000
3621,s,1.000000
3622,d,0.200000
3623,d,0.200000
3624,d,0.400000
3625,p,0.400000
3626,d,0.200000
3627,d,0.600000
3628,p,0.400000
3629,d,0.400000
3630,s,0.600000
3631,p,0.400000
3632,p,0.400000
3633,s,0.600000
3634,d,0.200000
3635,p,0.200000
3636,d,0.400000
3637,d,0.600000
3638,d,0.200000
3639,p,0.600000
3640,p,0.600000
3641,s,0.400000
3642,s,1.000000
3643,s,0.400000
3644,s,0.400000
3645,p,0.400000
3646,d,0.400000
3647,s,0.600000
3648,s,0.400000
3649,d,0.600000
3650,d,0.600000
3651,p,0.200000
3652,s,0.400000
3653,p,0.400000
3654,p,0.200000
3655,s,0.400000
3656,d,0.200000
3657,p,0.200000
3658,p,0.800000
3659,s,0.600000
3660,p,0.400000
3661,d,0.800000
3662,s,0.400000
3663,d,0.800000
3664,d,0.400000
3665,d,0.600000
3666,p,0.600000
3667,p,0.600000
3668,p,0.600000
3669,s,0.200000
3670,s,1.000000
3671,d,0.600000
3672,p,0.400000
3673,p,0.800000
3674,p,0.200000
3675,s,0.200000
3676,s,1.000000
3677,d,0.600000
3678,s,1.000000
3679,d,0.200000
3680,p,0.600000
3681,d,1.000000
3682,p,0.600000
3683,p,0.400000
3684,p,0.600000
3685,p,0.400000
3686,s,0.200000
3687,d,0.400000
3688,d,0.800000
3689,p,1.000000
3690,s,0.400000
3691,p,0.600000
3692,d,0.800000
3693,s,0.400000
3694,d,0.400000
3695,d,0.200000
3696,d,0.400000
3697,s,0.800000
3698,p,0.600000
3699,p,0.600000
3700,d,0.200000
3701,p,0.600000
3702,d,0.400000
3703,d,0.400000
3704,d,0.600000
3705,s,0.400000
3706,d,0.600000
3707,s,0.400000
3708,s,0.400000
3709,s,0.400000
3710,p,0.200000
3711,p,0.800000
3712,d,0.800000
3713,s,0.600000
3714,d,0.800000
3715,s,0.600000
3716,p,0.400000
3717,d,0.200000
3718,s,0.800000
3719,s,1.000000
3720,d,0.400000
3721,p,0.400000
3722,s,0.400000
3723,s,1.000000
3724,d,0.400000
3725,d,0.400000
3726,d,0.200000
3727,p,0.200000
3728,d,0.200000
3729,p,0.200000
3730,d,0.200000
3731,d,0.800000
3732,p,0.400000
3733,p,0.200000
3734,d,0.400000
3735,d,0.200000
3736,p,0.400000
3737,s,1.000000
3738,p,0.600000
3739,p,0.800000
3740,p,0.200000
3741,p,0.800000
3742,s,1.000000
3743,s,1.000000
3744,d,0.600000
3745,s,0.400000
3746,s,0.400000
3747,s,0.400000
3748,s,0.200000
3749,d,0.400000
3750,p,0.400000
3751,p,0.400000
3752,d,0.600000
3753,s,1.000000
3754,d,0.600000
3755,d,0.200000
3756,d,0.200000
3757,d,0.800000
3758,s,0.800000
3759,p,0.600000
3760,d,0.800000
3761,d,0.600000
3762,p,0.400000
3763,d,0.400000
3764,p,0.600000
3765,d,0.400000
3766,d,0.600000
3767,s,0.800000
3768,p,0.400000
3769,d,0.400000
3770,p,0.200000
3771,p,0.200000
3772,d,0.600000
3773,d,0.600000
3774,d,0.200000
3775,p,0.200000
3776,s,1.000000
3777,d,0.600000
3778,s,0.400000
3779,p,0.800000
3780,s,0.400000
3781,s,0.400000
3782,d,0.600000
3783,s,0.400000
3784,d,0.600000
3785,d,0.200000
3786,s,0.800000
3787,p,0.800000
3788,d,0.600000
3789,d,0.600000
3790,d,0.200000
3791,d,0.600000
3792,p,0.400000
3793,d,0.600000
3794,p,0.600000
3795,p,0.600000
3796,p,0.400000
3797,d,0.600000
3798,d,0.600000
3799,p,0.400000
3800,p,0.600000
3801,p,0.800000
3802,p,0.600000
3803,s,0.600000
3804,p,0.200000
3805,p,0.200000
3806,p,0.400000
3807,p,0.200000
3808,p,0.800000
3809,p,0.600000
3810,p,0.800000
3811,d,0.200000
3812,p,0.200000
3813,s,0.400000
3814,s,0.600000
3815,s,0.600000
3816,d,0.600000
3817,s,0.400000
3818,d,0.600000
3819,s,0.600000
3820,p,0.200000
3821,d,0.200000
3822,d,0.200000
3823,p,0.200000
3824,s,0.800000
3825,s,0.400000
3826,s,0.600000
3827,d,0.800000
3828,p,0.400000
3829,d,0.400000
3830,d,0.400000
3831,s,1.000000
3832,s,0.400000
3833,p,0.600000
3834,s,1.000000
3835,d,0.400000
3836,p,0.800000
3837,s,0.400000
3838,s,0.600000
3839,s,0.400000
3840,p,0.800000
3841,d,0.400000
3842,d,0.400000
3843,d,0.600000
3844,d,0.400000
3845,p,0.400000
3846,p,0.400000
3847,p,0.600000
3848,s,0.200000
3849,p,0.400000
3850,d,0.200000
3851,d,0.400000
3852,d,0.200000
3853,d,0.600000
3854,s,0.600000
3855,p,0.400000
3856,d,0.400000
3857,p,0.400000
3858,d,0.800000
3859,s,0.400000
3860,d,0.400000
3861,p,0.800000
3862,d,0.600000
3863,p,0.600000
3864,s,0.600000
3865,s,1.000000
3866,s,0.400000
3867,p,0.200000
3868,d,0.600000
3869,p,0.800000
3870,s,0.600000
3871,p,0.800000
3872,d,1.000000
3873,p,0.600000
3874,p,0.600000
3875,d,0.600000
3876,d,0.600000
3877,s,0.600000
3878,p,0.600000
3879,p,0.400000
3880,d,1.000000
3881,s,0.200000
3882,s,1.000000
3883,p,0.200000
3884,p,0.600000
3885,p,0.400000
3886,p,0.600000
3887,d,0.200000
3888,p,0.600000
3889,p,0.600000
3890,d,0.800000
3891,s,1.000000
3892,s,1.000000
3893,s,0.400000
3894,p,0.200000
3895,d,0.600000
3896,s,1.000000
3897,s,1.000000
3898,s,0.600000
3899,p,0.200000
3900,s,0.400000
3901,d,0.200000
3902,p,0.200000
3903,p,0.600000
3904,s,0.400000
3905,s,0.400000
3906,p,0.600000
3907,d,0.200000
3908,d,0.400000
3909,p,0.800000
3910,s,0.200000
3911,d,0.800000
3912,d,0.400000
3913,s,0.600000
3914,d,0.600000
3915,p,0.400000
3916,p,0.600000
3917,s,0.400000
3918,s,1.000000
3919,p,0.600000
3920,s,0.400000
3921,s,0.800000
3922,p,0.400000
3923,d,0.400000
3924,p,0.400000
3925,p,0.400000
3926,d,0.400000
3927,d,0.400000
3928,p,0.600000
3929,d,0.600000
3930,s,1.000000
3931,s,1.000000
3932,s,0.400000
3933,p,0.600000
3934,p,0.200000
3935,s,0.600000
3936,p,0.600000
3937,p,0.600000
3938,p,0.400000
3939,d,0.400000
3940,d,0.400000
3941,p,0.400000
3942,s,1.000000
3943,s,0.600000
3944,s,0.200000
3945,p,0.600000
3946,d,0.800000
3947,s,1.000000
3948,d,0.400000
3949,d,0.600000
3950,s,0.600000
3951,s,0.800000
3952,s,0.400000
3953,d,0.400000
3954,p,0.400000
3955,p,0.600000
3956,s,1.000000
3957,d,0.800000
3958,p,1.000000
3959,p,0.800000
3960,p,0.400000
3961,d,0.200000
3962,d,0.600000
3963,p,0.400000
3964,p,0.400000
3965,s,0.600000
3966,p,0.600000
3967,p,0.200000
3968,p,0.400000
3969,d,0.400000
3970,d,0.400000
3971,s,0.400000
3972,p,0.800000
3973,d,0.200000
3974,s,1.000000
3975,s,0.600000
3976,s,0.600000
3977,s,1.000000
3978,d,0.200000
3979,d,0.800000
3980,d,0.400000
3981,p,0.400000
3982,p,0.600000
3983,p,0.200000
3984,s,1.000000
3985,d,0.200000
3986,s,0.600000
3987,d,0.400000
3988,d,0.400000
3989,p,0.600000
3990,p,0.600000
3991,s,0.800000
3992,d,0.400000
3993,s,0.400000
3994,p,0.600000
3995,s,1.000000
3996,p,0.600000
3997,p,0.400000
3998,d,0.200000
3999,d,0.600000
4000,d,0.800000
4001,s,0.600000
4002,d,0.400000
4003,s,0.400000
4004,s,0.600000
4005,s,0.600000
4006,d,0.200000
4007,s,0.800000
4008,p,0.800000
4009,p,0.400000
4010,d,0.400000
4011,p,0.400000
4012,d,0.400000
4013,p,0.400000
4014,p,0.200000
4015,p,0.400000
4016,d,0.200000
4017,p,0.400000
4018,p,0.200000
4019,p,0.400000
4020,d,0.600000
4021,d,0.400000
4022,d,0.400000
4023,p,0.200000
4024,s,0.600000
4025,s,0.400000
4026,s,0.600000
4027,d,0.400000
4028,s,0.400000
4029,d,0.200000
4030,s,0.800000
4031,s,0.400000
4032,s,0.400000
4033,p,0.400000
4034,p,0.400000
4035,p,0.400000
4036,s,0.400000
4037,d,0.800000
4038,d,0.400000
4039,d,0.200000
4040,p,0.600000
4041,p,0.200000
4042,s,0.200000
4043,p,0.600000
4044,p,0.400000
4045,d,0.400000
4046,p,0.400000
4047,d,0.600000
4048,d,0.600000
4049,p,0.600000
4050,d,0.400000
4051,p,0.600000
4052,d,0.400000
4053,s,0.400000
4054,d,0.600000
4055,d,0.400000
4056,s,1.000000
4057,p,0.600000
4058,s,0.800000
4059,s,1.000000
4060,s,0.400000
4061,d,1.000000
4062,p,0.400000
4063,p,0.800000
4064,p,0.400000
4065,p,0.600000
4066,d,0.400000
4067,d,0.200000
4068,p,0.600000
4069,s,0.400000
4070,s,0.600000
4071,p,0.600000
4072,p,0.200000
4073,p,0.400000
4074,p,0.800000
4075,s,0.600000
4076,d,0.800000
4077,s,0.200000
4078,p,0.800000
4079,d,0.600000
4080,p,0.400000
4081,d,0.400000
4082,d,0.200000
4083,d,0.400000
4084,d,0.400000
4085,p,0.600000
4086,d,0.400000
4087,s,1.000000
4088,p,0.600000
4089,d,0.400000
4090,s,0.600000
4091,s,0.800000
4092,d,0.600000
4093,p,0.600000
4094,p,0.400000
4095,s,1.000000
4096,p,0.400000
4097,p,0.800000
4098,p,0.800000
4099,d,0.600000
4100,s,0.400000
4101,p,0.600000
4102,s,0.400000
4103,d,0.600000
4104,s,0.600000
4105,p,0.600000
4106,d,0.400000
4107,d,0.400000
4108,d,0.800000
4109,d,0.200000
4110,p,0.600000
4111,s,0.600000
4112,d,0.400000
4113,s,0.400000
4114,p,0.400000
4115,s,1.000000
4116,s,0.400000
4117,s,1.000000
4118,s,0.600000
4119,d,0.800000
4120,p,0.200000
4121,p,0.600000
4122,s,0.400000
4123,s,0.400000
4124,s,1.000000
4125,p,0.400000
4126,s,0.400000
4127,d,0.600000
4128,d,0.400000
4129,d,0.600000
4130,d,0.200000
4131,d,0.600000
4132,d,0.400000
4133,s,0.400000
4134,s,1.000000
4135,s,1.000000
4136,d,0.200000
4137,s,0.400000
4138,s,0.400000
4139,p,0.600000
4140,p,0.600000
4141,p,0.200000
4142,p,0.600000
4143,d,0.200000
4144,p,0.600000
4145,d,0.600000
4146,p,0.800000
4147,p,0.600000
4148,p,0.400000
4149,p,0.600000
4150,s,0.400000
4151,p,0.400000
4152,p,0.200000
4153,s,0.400000
4154,p,0.600000
4155,s,0.400000
4156,s,0.600000
4157,p,0.200000
4158,s,0.400000
4159,d,0.800000
4160,d,0.400000
4161,s,0.400000
4162,d,0.600000
4163,d,0.800000
4164,s,1.000000
4165,s,0.400000
4166,p,0.400000
4167,d,0.600000
4168,s,0.200000
4169,d,0.200000
4170,p,0.200000
4171,s,0.400000
4172,s,0.400000
4173,s,0.400000
4174,d,0.400000
4175,p,0.400000
4176,d,0.800000
4177,s,0.200000
4178,s,0.600000
4179,p,0.200000
4180,s,0.400000
4181,s,0.600000
4182,d,0.600000
4183,d,0.600000
4184,d,0.400000
4185,p,0.400000
4186,s,0.400000
4187,d,0.600000
4188,d,0.400000
4189,d,0.800000
4190,p,0.400000
4191,d,0.600000
4192,p,0.600000
4193,p,0.400000
4194,s,0.600000
4195,d,0.200000
4196,s,0.800000
4197,s,0.400000
4198,p,0.400000
4199,p,0.200000
4200,d,0.400000
4201,p,0.600000
4202,d,0.400000
4203,p,0.400000
4204,d,0.600000
4205,p,0.400000
4206,s,0.600000
4207,p,0.400000
4208,s,0.400000
4209,d,0.600000
4210,s,0.400000
4211,s,0.600000
4212,d,0.200000
4213,d,0.400000
4214,s,0.600000
4215,p,0.400000
4216,d,0.200000
4217,s,0.400000
4218,p,0.600000
4219,p,0.600000
4220,d,0.400000
4221,d,0.400000
4222,d,0.600000
4223,d,0.400000
4224,p,0.800000
4225,s,0.400000
4226,p,0.400000
4227,d,0.600000
4228,s,0.400000
4229,d,0.400000
4230,s,0.400000
4231,p,0.600000
4232,p,0.800000
4233,d,0.400000
4234,s,1.000000
4235,s,1.000000
4236,s,0.600000
4237,d,0.400000
4238,d,0.600000
4239,s,1.000000
4240,d,0.600000
4241,s,1.000000
4242,d,0.800000
4243,d,0.400000
4244,p,0.800000
4245,p,0.400000
4246,p,0.600000
4247,s,0.400000
4248,s,1.000000
4249,d,0.600000
4250,d,0.600000
4251,s,0.600000
4252,p,0.800000
4253,s,0.400000
4254,s,0.800000
4255,p,1.000000
4256,p,0.400000
4257,d,0.400000
4258,d,0.600000
4259,s,0.800000
4260,d,0.600000
4261,s,0.400000
4262,p,0.600000
4263,p,0.600000
4264,p,0.400000
4265,p,0.200000
4266,s,0.800000
4267,s,0.400000
4268,p,0.600000
4269,p,0.600000
4270,s,0.400000
4271,d,0.600000
4272,p,0.400000
4273,d,0.400000
4274,d,0.600000
4275,d,0.400000
4276,s,1.000000
4277,p,0.200000
4278,s,0.600000
4279,d,0.800000
4280,s,0.400000
4281,s,0.400000
4282,s,1.000000
4283,d,0.800000
4284,p,0.400000
4285,p,0.200000
4286,p,0.400000
4287,d,0.400000
4288,d,0.400000
4289,d,0.200000
4290,d,0.400000
4291,d,0.800000
4292,s,0.200000
4293,s,0.600000
4294,s,0.600000
4295,s,0.600000
4296,s,0.800000
4297,d,0.400000
4298,p,0.600000
4299,p,0.200000
4300,d,0.400000
4301,d,0.600000
4302,d,0.200000
4303,p,0.200000
4304,d,0.200000
4305,d,0.800000
4306,p,0.400000
4307,d,0.400000
4308,d,0.200000
4309,p,0.600000
4310,d,0.800000
4311,d,0.200000
4312,p,0.400000
4313,s,0.600000
4314,p,0.200000
4315,s,0.600000
4316,p,0.600000
4317,d,0.400000
4318,d,0.400000
4319,s,1.000000
4320,d,0.800000
4321,d,0.200000
4322,s,0.400000
4323,p,0.400000
4324,d,0.600000
4325,d,1.000000
4326,d,0.600000
4327,s,0.200000
4328,p,0.600000
4329,p,0.200000
4330,p,0.600000
4331,p,0.200000
4332,p,0.400000
4333,s,0.600000
4334,p,0.400000
4335,d,0.800000
4336,s,0.600000
4337,p,0.600000
4338,d,0.200000
4339,p,0.600000
4340,s,0.600000
4341,p,0.600000
4342,p,0.600000
4343,p,0.400000
4344,d,0.600000
4345,p,0.400000
4346,s,0.600000
4347,s,0.600000
4348,d,0.400000
4349,p,0.400000
4350,p,0.200000
4351,s,0.600000
4352,d,0.800000
4353,p,0.400000
4354,d,0.600000
4355,d,0.600000
4356,s,1.000000
4357,p,0.400000
4358,s,0.600000
4359,p,0.600000
4360,s,1.000000
4361,s,1.000000
4362,p,0.600000
4363,d,0.600000
4364,s,0.600000
4365,s,0.400000
4366,s,0.800000
4367,s,0.600000
4368,s,0.400000
4369,s,0.600000
4370,p,0.600000
4371,p,0.600000
4372,p,0.200000
4373,d,0.400000
4374,s,0.800000
4375,p,0.400000
4376,s,1.000000
4377,s,0.600000
4378,d,0.600000
4379,d,0.800000
4380,p,0.400000
4381,s,1.000000
4382,s,1.000000
4383,s,0.400000
4384,s,0.600000
4385,s,0.200000
4386,d,0.600000
4387,d,0.600000
4388,s,0.600000
4389,p,0.400000
4390,p,0.600000
4391,s,0.800000
4392,d,0.200000
4393,s,0.400000
4394,p,0.600000
4395,d,0.800000
4396,d,0.600000
4397,s,0.400000
4398,s,1.000000
4399,p,0.600000
4400,d,0.400000
4401,p,0.600000
4402,d,0.400000
4403,s,0.400000
4404,d,0.600000
4405,d,0.600000
4406,p,0.400000
4407,p,0.600000
4408,p,0.200000
4409,p,0.600000
4410,s,1.000000
4411,s,0.600000
4412,d,0.800000
4413,s,0.400000
4414,p,0.800000
4415,s,0.600000
4416,s,0.600000
4417,s,0.400000
4418,s,1.000000
4419,p,0.400000
4420,s,0.200000
4421,p,0.200000
4422,s,0.400000
4423,p,0.400000
4424,s,0.400000
4425,p,0.400000
4426,p,0.800000
4427,d,0.600000
4428,s,0.400000
4429,s,0.600000
4430,d,0.400000
4431,d,0.600000
4432,d,0.200000
4433,p,0.400000
4434,s,1.000000
4435,d,0.400000
4436,d,0.600000
4437,p,0.800000
4438,s,0.600000
4439,d,0.200000
4440,s,0.400000
4441,p,0.200000
4442,p,0.400000
4443,p,0.400000
4444,p,0.200000
4445,s,1.000000
4446,d,0.400000
4447,p,0.600000
4448,s,1.000000
4449,d,0.800000
4450,s,0.200000
4451,p,0.200000
4452,s,0.400000
4453,p,0.600000
4454,d,0.800000
4455,d,0.600000
4456,s,1.000000
4457,d,0.400000
4458,d,0.800000
4459,s,0.400000
4460,s,0.600000
4461,p,0.400000
4462,d,0.400000
4463,d,0.400000
4464,d,0.600000
4465,d,0.600000
4466,s,0.800000
4467,d,1.000000
4468,p,0.400000
4469,s,0.600000
4470,s,0.400000
4471,p,0.400000
4472,p,0.200000
4473,s,0.400000
4474,s,0.200000
4475,p,0.400000
4476,d,0.200000
4477,s,0.400000
4478,d,0.200000
4479,p,0.400000
4480,d,0.600000
4481,p,0.600000
4482,s,1.000000
4483,p,0.400000
4484,d,0.200000
4485,p,0.600000
4486,d,0.200000
4487,s,0.800000
4488,d,0.200000
4489,d,0.600000
4490,s,0.600000
4491,p,0.400000
4492,p,0.400000
4493,s,0.600000
4494,s,0.600000
4495,d,0.200000
4496,p,0.600000
4497,d,0.200000
4498,p,0.400000
4499,p,0.200000
4500,d,0.600000
4501,p,0.200000
4502,d,0.600000
4503,p,0.600000
4504,s,0.800000
4505,d,0.400000
4506,p,0.600000
4507,d,0.200000
4508,d,0.200000
4509,s,0.400000
4510,s,0.400000
4511,s,0.600000
4512,s,0.800000
4513,s,0.800000
4514,p,0.400000
4515,d,0.200000
4516,d,0.200000
4517,d,0.200000
4518,s,0.400000
4519,s,0.200000
4520,d,0.400000
4521,d,0.200000
4522,s,0.600000
4523,s,0.400000
4524,s,0.600000
4525,d,0.400000
4526,p,0.600000
4527,s,0.600000
4528,d,0.400000
4529,p,0.800000
4530,p,0.600000
4531,d,0.400000
4532,d,0.400000
4533,d,0.600000
4534,d,0.800000
4535,p,0.600000
4536,p,0.200000
4537,s,0.400000
4538,p,0.600000
4539,d,0.800000
4540,p,0.600000
4541,s,0.400000
4542,p,0.400000
4543,p,0.800000
4544,d,1.000000
4545,s,0.600000
4546,s,0.800000
4547,p,0.800000
4548,p,0.600000
4549,d,0.200000
4550,s,0.600000
4551,d,0.400000
4552,s,0.400000
4553,p,0.800000
4554,s,1.000000
4555,s,0.600000
4556,d,0.200000
4557,p,0.200000
4558,s,0.800000
4559,s,0.600000
4560,p,0.600000
4561,d,0.200000
4562,s,0.800000
4563,d,0.400000
4564,s,0.800000
4565,s,0.600000
4566,s,0.400000
4567,p,0.400000
4568,p,0.600000
4569,p,0.600000
4570,d,0.400000
4571,s,0.800000
4572,s,0.800000
4573,s,0.400000
4574,p,0.200000
4575,p,0.400000
4576,p,0.600000
4577,d,0.600000
4578,p,0.200000
4579,s,0.600000
4580,s,1.000000
4581,p,0.200000
4582,s,0.200000
4583,p,0.400000
4584,d,0.400000
4585,d,0.200000
4586,s,0.600000
4587,s,0.400000
4588,p,0.600000
4589,d,0.400000
4590,p,0.600000
4591,d,0.400000
4592,p,0.400000
4593,d,0.600000
4594,s,1.000000
4595,d,0.400000
4596,s,0.400000
4597,p,0.600000
4598,s,0.400000
4599,d,0.800000
4600,p,0.600000
4601,p,0.400000
4602,s,0.600000
4603,s,0.400000
4604,p,0.400000
4605,d,0.200000
4606,d,0.600000
4607,d,0.200000
4608,s,0.600000
4609,d,0.400000
4610,p,0.600000
4611,d,0.400000
4612,p,0.600000
4613,p,0.600000
4614,d,0.200000
4615,d,0.200000
4616,s,1.000000
4617,d,0.400000
4618,d,0.200000
4619,p,0.600000
4620,d,0.800000
4621,p,0.600000
4622,d,0.400000
4623,p,0.600000
4624,s,0.400000
4625,d,0.600000
4626,d,0.800000
4627,p,0.400000
4628,d,0.400000
4629,p,0.600000
4630,d,0.400000
4631,s,0.400000
4632,d,0.600000
4633,p,0.200000
4634,s,0.800000
4635,p,0.800000
4636,p,0.800000
4637,d,0.400000
4638,d,0.600000
4639,p,0.400000
4640,p,0.400000
4641,d,0.800000
4642,d,0.600000
4643,d,0.400000
4644,p,0.200000
4645,d,0.400000
4646,d,0.400000
4647,p,0.200000
4648,d,0.600000
4649,p,0.200000
4650,p,0.400000
4651,p,0.200000
4652,p,0.400000
4653,p,0.600000
4654,d,0.400000
4655,s,0.600000
4656,s,0.400000
4657,p,0.800000
4658,d,0.400000
4659,s,0.600000
4660,p,0.200000
4661,s,0.600000
4662,p,0.400000
4663,d,0.600000
4664,p,0.400000
4665,s,0.800000
4666,p,0.400000
4667,d,0.400000
4668,s,0.400000
4669,s,1.000000
4670,d,0.400000
4671,d,0.200000
4672,p,0.200000
4673,d,0.400000
4674,d,0.200000
4675,p,0.600000
4676,d,0.400000
4677,s,0.800000
4678,s,1.000000
4679,p,0.800000
4680,p,0.200000
4681,d,0.400000
4682,p,0.600000
4683,d,0.400000
4684,s,1.000000
4685,s,0.800000
4686,d,0.400000
4687,d,0.400000
4688,s,0.400000
4689,s,1.000000
4690,p,0.400000
4691,d,0.600000
4692,p,0.400000
4693,p,0.600000
4694,d,0.400000
4695,d,0.400000
4696,d,0.200000
4697,p,0.600000
4698,p,0.200000
4699,s,0.400000
4700,p,0.600000
4701,p,0.400000
4702,p,0.600000
4703,s,1.000000
4704,d,0.200000
4705,d,0.600000
4706,s,0.200000
4707,s,0.600000
4708,d,0.400000
4709,d,0.600000
4710,s,0.600000
4711,s,0.400000
4712,s,0.600000
4713,d,0.400000
4714,s,1.000000
4715,p,0.600000
4716,p,0.600000
4717,s,0.600000
4718,s,0.400000
4719,s,1.000000
4720,s,0.200000
4721,s,0.400000
4722,d,0.600000
4723,s,0.600000
4724,p,0.200000
4725,p,0.600000
4726,d,0.600000
4727,p,0.400000
4728,p,0.600000
4729,p,0.800000
4730,d,0.600000
4731,d,0.400000
4732,d,0.400000
4733,d,0.600000
4734,p,0.600000
4735,s,1.000000
4736,d,0.600000
4737,s,0.600000
4738,s,0.200000
4739,p,0.400000
4740,s,0.800000
4741,s,0.600000
4742,s,0.400000
4743,s,0.400000
4744,p,0.200000
4745,p,0.600000
4746,d,0.200000
4747,s,0.800000
4748,p,0.200000
4749,s,0.400000
4750,s,0.400000
4751,d,0.400000
4752,s,0.400000
4753,d,0.600000
4754,p,0.600000
4755,s,0.800000
4756,s,0.600000
4757,s,0.600000
4758,s,0.400000
4759,p,0.600000
4760,s,0.400000
4761,s,0.400000
4762,d,0.200000
4763,d,0.400000
4764,p,0.600000
4765,s,0.400000
4766,p,0.600000
4767,d,0.800000
4768,s,0.600000
4769,s,0.600000
4770,p,0.800000
4771,d,0.600000
4772,d,0.600000
4773,s,1.000000
4774,p,0.800000
4775,s,0.600000
4776,p,0.600000
4777,s,0.600000
4778,s,0.600000
4779,s,0.800000
4780,p,0.800000
4781,d,0.400000
4782,p,0.400000
4783,p,0.200000
4784,d,0.400000
4785,s,0.200000
4786,p,0.600000
4787,d,0.600000
4788,s,0.200000
4789,d,0.600000
4790,s,0.400000
4791,d,0.600000
4792,p,0.400000
4793,d,0.400000
4794,s,0.400000
4795,s,0.400000
4796,s,0.800000
4797,p,0.600000
4798,p,0.800000
4799,s,0.400000
4800,s,1.000000
4801,d,0.400000
4802,s,0.800000
4803,s,0.600000
4804,d,0.400000
4805,d,0.200000
4806,d,0.200000
4807,p,0.400000
4808,s,1.000000
4809,p,0.600000
4810,p,0.400000
4811,s,0.400000
4812,p,0.400000
4813,p,0.800000
4814,d,0.800000
4815,p,0.800000
4816,p,0.200000
4817,s,0.400000
4818,d,0.200000
4819,d,0.400000
4820,s,1.000000
4821,d,0.200000
4822,s,0.400000
4823,d,0.200000
4824,d,0.400000
4825,d,0.400000
4826,p,0.200000
4827,p,0.400000
4828,p,0.600000
4829,s,0.400000
4830,p,0.400000
4831,p,0.200000
4832,s,0.600000
4833,d,0.400000
4834,d,0.400000
4835,p,0.600000
4836,s,1.000000
4837,d,0.200000
4838,s,0.400000
4839,s,0.600000
4840,p,0.200000
4841,s,0.400000
4842,s,0.400000
4843,d,0.600000
4844,p,0.800000
4845,d,0.600000
4846,p,0.400000
4847,d,0.200000
4848,d,0.400000
4849,d,0.400000
4850,s,0.800000
4851,p,0.600000
4852,p,0.200000
4853,s,0.800000
4854,s,0.400000
4855,p,0.400000
4856,p,0.400000
4857,p,0.400000
4858,s,0.400000
4859,s,1.000000
4860,s,0.800000
4861,s,0.800000
4862,p,0.400000
4863,d,0.600000
4864,p,0.400000
4865,d,0.600000
4866,p,0.400000
4867,p,0.400000
4868,s,0.800000
4869,s,0.600000
4870,d,0.200000
4871,d,0.600000
4872,p,0.400000
4873,s,0.600000
4874,d,0.600000
4875,d,0.200000
4876,s,0.800000
4877,p,0.400000
4878,d,0.600000
4879,d,0.600000
4880,p,0.600000
4881,s,0.800000
4882,p,0.200000
4883,d,0.600000
4884,d,0.200000
4885,p,0.400000
4886,p,0.400000
4887,d,0.400000
4888,s,0.400000
4889,s,0.600000
4890,d,0.200000
4891,p,0.600000
4892,p,0.200000
4893,s,1.000000
4894,d,0.400000
4895,s,0.400000
4896,d,0.200000
4897,p,0.200000
4898,d,0.600000
4899,s,0.400000
4900,d,0.600000
4901,p,0.200000
4902,p,0.400000
4903,s,0.400000
4904,d,0.800000
4905,s,0.400000
4906,s,0.600000
4907,p,0.200000
4908,s,0.400000
4909,d,0.400000
4910,s,0.400000
4911,p,0.600000
4912,s,0.800000
4913,d,0.200000
4914,s,0.400000
4915,p,0.400000
4916,p,0.600000
4917,s,0.400000
4918,d,0.400000
4919,d,0.400000
4920,p,0.400000
4921,d,0.400000
4922,d,0.200000
4923,p,0.400000
4924,p,0.200000
4925,s,0.400000
4926,d,0.400000
4927,d,0.400000
4928,d,0.400000
4929,s,0.600000
4930,p,0.600000
4931,p,0.400000
4932,s,0.800000
4933,s,0.400000
4934,s,0.400000
4935,s,0.400000
4936,p,0.800000
4937,p,0.400000
4938,d,0.600000
4939,p,0.400000
4940,p,0.400000
4941,s,0.400000
4942,p,0.800000
4943,s,0.200000
4944,p,0.800000
4945,d,0.400000
4946,d,0.600000
4947,s,0.400000
4948,p,0.400000
4949,s,1.000000
4950,d,0.800000
4951,s,0.400000
4952,p,0.400000
4953,p,0.200000
4954,d,0.600000
4955,d,0.400000
4956,p,0.800000
4957,d,0.200000
4958,s,0.600000
4959,p,0.400000
4960,d,0.600000
4961,p,0.400000
4962,s,0.400000
4963,d,0.400000
4964,p,0.600000
4965,p,0.200000
4966,s,0.600000
4967,s,0.800000
4968,d,0.200000
4969,s,0.400000
4970,s,0.600000
4971,d,0.600000
4972,s,0.600000
4973,p,0.600000
4974,p,0.400000
4975,d,0.200000
4976,d,0.600000
4977,s,0.600000
4978,s,0.600000
4979,d,0.400000
4980,s,0.400000
4981,s,0.600000
4982,d,0.800000
4983,p,0.400000
4984,p,0.400000
4985,s,0.600000
4986,d,0.600000
4987,p,0.400000
4988,p,0.200000
4989,d,0.200000
4990,p,0.200000
4991,s,0.800000
4992,s,0.600000
4993,s,0.400000
4994,d,0.400000
4995,p,0.200000
4996,s,0.200000
4997,d,0.200000
4998,p,0.200000
4999,s,1.000000
5000,s,0.800000
5001,d,0.600000
5002,d,0.400000
5003,d,0.400000
5004,d,0.200000
5005,p,0.200000
5006,s,0.600000
5007,d,0.600000
5008,s,0.600000
5009,p,0.600000
5010,s,0.400000
5011,p,0.200000
5012,s,0.400000
5013,d,0.400000
5014,p,0.600000
5015,s,0.400000
5016,s,0.600000
5017,s,0.400000
5018,s,0.600000
5019,p,0.200000
5020,d,0.400000
5021,p,0.800000
5022,s,1.000000
5023,p,0.400000
5024,d,0.400000
5025,s,0.800000
5026,p,0.600000
5027,s,0.800000
5028,p,0.200000
5029,s,0.400000
5030,p,0.600000
5031,d,0.200000
5032,p,0.200000
5033,d,0.800000
5034,p,0.400000
5035,p,0.400000
5036,s,0.200000
5037,s,1.000000
5038,p,0.600000
5039,p,0.200000
5040,s,0.800000
5041,s,0.800000
5042,s,0.600000
5043,p,0.400000
5044,d,0.200000
5045,p,0.400000
5046,p,0.200000
5047,d,0.200000
5048,p,0.200000
5049,d,0.400000
5050,p,0.200000
5051,d,0.200000
5052,s,0.600000
5053,s,0.400000
5054,p,0.400000
5055,s,0.400000
5056,s,1.000000
5057,p,0.600000
5058,d,0.600000
5059,p,0.600000
5060,d,0.600000
5061,d,0.200000
5062,p,0.600000
5063,d,0.200000
5064,p,0.400000
5065,p,0.400000
5066,p,0.800000
5067,s,0.400000
5068,p,0.600000
5069,d,0.200000
5070,d,0.400000
5071,d,0.600000
5072,s,0.600000
5073,p,0.600000
5074,d,0.200000
5075,d,0.200000
5076,s,0.800000
5077,d,0.200000
5078,d,0.600000
5079,d,0.400000
5080,s,0.400000
5081,s,0.800000
5082,p,0.400000
5083,s,0.800000
5084,d,0.400000
5085,s,0.800000
5086,d,0.200000
5087,p,0.600000
5088,s,0.600000
5089,d,0.400000
5090,s,0.600000
5091,s,0.200000
5092,s,0.600000
5093,p,0.600000
5094,d,0.800000
5095,s,0.400000
5096,p,0.400000
5097,s,1.000000
5098,s,0.400000
5099,p,0.400000
5100,d,0.400000
5101,p,0.400000
5102,s,0.600000
5103,d,0.800000
5104,p,0.800000
5105,d,0.600000
5106,d,0.600000
5107,p,0.400000
5108,s,0.400000
5109,d,0.600000
5110,p,0.600000
5111,p,0.600000
5112,s,0.800000
5113,d,0.400000
5114,p,0.400000
5115,p,0.400000
5116,p,0.400000
5117,p,0.600000
5118,s,0.800000
5119,d,0.600000
5120,d,0.400000
5121,p,0.200000
5122,p,0.400000
5123,p,0.400000
5124,d,0.600000
5125,d,0.400000
5126,s,0.400000
5127,s,0.600000
5128,d,0.400000
5129,d,0.400000
5130,d,0.200000
5131,p,0.200000
5132,p,0.400000
5133,d,0.200000
5134,d,0.600000
5135,s,0.400000
5136,p,0.200000
5137,d,0.400000
5138,d,0.400000
5139,s,0.400000
5140,s,0.800000
5141,p,0.200000
5142,s,0.600000
5143,p,0.800000
5144,d,0.800000
5145,d,0.200000
5146,s,0.800000
5147,d,0.200000
5148,s,0.400000
5149,s,0.600000
5150,d,0.800000
5151,s,0.400000
5152,p,0.600000
5153,s,0.800000
5154,p,0.400000
5155,p,0.400000
5156,s,0.200000
5157,p,0.200000
5158,s,0.800000
5159,d,0.600000
5160,d,0.400000
5161,p,0.200000
5162,d,0.200000
5163,d,0.200000
5164,s,0.800000
5165,d,0.600000
5166,p,0.600000
5167,d,0.600000
5168,s,0.400000
5169,s,0.800000
5170,d,0.800000
5171,p,0.400000
5172,s,0.600000
5173,p,0.400000
5174,s,0.600000
5175,s,0.600000
5176,d,0.800000
5177,d,0.200000
5178,s,0.800000
5179,s,0.400000
5180,s,0.600000
5181,d,0.800000
5182,p,0.600000
5183,p,0.200000
5184,p,0.600000
5185,d,0.600000
5186,d,0.600000
5187,p,0.400000
5188,p,0.600000
5189,s,0.400000
5190,s,0.600000
5191,d,0.600000
5192,p,0.800000
5193,s,0.400000
5194,p,0.400000
5195,d,0.200000
5196,p,0.600000
5197,d,0.400000
5198,s,0.800000
5199,s,0.800000
5200,p,0.800000
5201,d,0.400000
5202,p,0.200000
5203,s,0.600000
5204,d,0.200000
5205,p,0.600000
5206,p,0.600000
5207,s,0.400000
5208,p,0.400000
5209,d,0.200000
5210,s,0.800000
5211,d,0.400000
5212,s,0.600000
5213,s,0.800000
5214,p,0.400000
5215,p,0.200000
5216,d,0.800000
5217,s,0.600000
5218,d,0.200000
5219,p,0.400000
5220,s,0.400000
5221,p,0.600000
5222,d,0.400000
5223,s,1.000000
5224,s,0.400000
5225,s,0.400000
5226,d,0.600000
5227,d,0.200000
5228,p,0.400000
5229,s,0.800000
5230,d,0.600000
5231,p,0.600000
5232,p,0.600000
5233,p,0.400000
5234,s,0.200000
5235,d,0.600000
5236,p,0.600000
5237,p,0.600000
5238,d,0.400000
5239,p,0.600000
5240,p,0.600000
5241,d,0.600000
5242,s,0.800000
5243,p,0.200000
5244,p,0.200000
5245,d,0.600000
5246,d,0.800000
5247,s,0.400000
5248,d,0.400000
5249,p,0.800000
5250,s,0.200000
5251,s,0.800000
5252,s,0.400000
5253,p,0.400000
5254,s,0.600000
5255,p,0.800000
5256,d,0.800000
5257,s,0.600000
5258,d,0.400000
5259,p,0.800000
5260,s,0.400000
5261,s,0.800000
5262,d,0.400000
5263,p,0.400000
5264,p,0.200000
5265,p,0.200000
5266,d,0.600000
5267,d,0.600000
5268,s,0.800000
5269,s,1.000000
5270,d,0.400000
5271,s,0.400000
5272,s,0.400000
5273,d,0.400000
5274,s,0.800000
5275,s,0.400000
5276,p,0.200000
5277,d,0.600000
5278,d,0.200000
5279,s,0.600000
5280,s,0.400000
5281,d,0.600000
5282,s,0.400000
5283,p,0.200000
5284,s,0.400000
5285,s,0.400000
5286,s,0.400000
5287,p,0.400000
5288,p,0.400000
5289,s,0.600000
5290,p,0.400000
5291,p,0.600000
5292,d,0.600000
5293,p,0.800000
5294,d,0.400000
5295,s,0.400000
5296,p,0.600000
5297,d,0.400000
5298,s,0.800000
5299,s,0.800000
5300,d,0.800000
5301,s,1.000000
5302,s,0.400000
5303,d,0.200000
5304,p,0.400000
5305,p,0.200000
5306,d,0.200000
5307,p,0.400000
5308,d,0.800000
5309,s,0.600000
5310,p,0.600000
5311,d,0.600000
5312,s,0.400000
5313,s,0.200000
5314,s,0.800000
5315,p,0.200000
5316,d,0.200000
5317,p,0.400000
5318,d,0.800000
5319,s,0.800000
5320,s,1.000000
5321,p,0.400000
5322,s,0.600000
5323,s,0.400000
5324,s,0.400000
5325,p,0.400000
5326,p,0.200000
5327,d,0.400000
5328,s,0.400000
5329,s,0.800000
5330,s,0.800000
5331,p,0.400000
5332,p,0.800000
5333,d,0.200000
5334,s,0.400000
5335,p,0.600000
5336,p,0.600000
5337,d,0.400000
5338,d,0.400000
5339,d,0.200000
5340,d,0.400000
5341,s,0.400000
5342,d,0.200000
5343,p,0.400000
5344,s,0.600000
5345,d,1.000000
5346,p,0.800000
5347,p,0.400000
5348,p,0.600000
5349,d,0.600000
5350,d,0.400000
5351,d,0.600000
5352,d,0.200000
5353,d,0.600000
5354,p,1.000000
5355,p,0.600000
5356,d,0.400000
5357,s,0.400000
5358,s,0.400000
5359,d,0.400000
5360,d,0.600000
5361,d,0.600000
5362,p,0.400000
5363,p,0.200000
5364,s,0.400000
5365,s,0.400000
5366,d,0.600000
5367,s,0.200000
5368,d,0.400000
5369,s,0.600000
5370,s,0.400000
5371,s,0.800000
5372,p,0.400000
5373,p,0.200000
5374,p,0.400000
5375,d,0.200000
5376,s,0.400000
5377,d,0.400000
5378,d,0.400000
5379,s,0.400000
5380,p,0.600000
5381,s,1.000000
5382,s,1.000000
5383,p,0.800000
5384,s,0.800000
5385,d,0.800000
5386,d,0.400000
5387,p,0.400000
5388,s,0.400000
5389,d,0.200000
5390,d,0.200000
5391,d,0.400000
5392,p,0.400000
5393,d,0.400000
5394,p,0.400000
5395,p,0.400000
5396,s,0.400000
5397,s,0.800000
5398,p,0.800000
5399,d,0.400000
5400,s,0.400000
5401,s,0.400000
5402,p,0.600000
5403,d,0.600000
5404,s,0.400000
5405,s,0.200000
5406,p,0.800000
5407,s,0.400000
5408,p,0.400000
5409,s,0.800000
5410,p,0.600000
5411,d,0.800000
5412,d,0.600000
5413,d,0.600000
5414,d,0.400000
5415,d,0.200000
5416,s,0.400000
5417,p,0.200000
5418,d,0.200000
5419,d,0.400000
5420,s,0.400000
5421,s,0.400000
5422,p,0.400000
5423,p,0.600000
5424,p,0.200000
5425,s,1.000000
5426,d,0.800000
5427,p,0.600000
5428,d,0.600000
5429,d,0.200000
5430,p,0.400000
5431,p,0.200000
5432,p,0.400000
5433,p,0.200000
5434,s,0.400000
5435,d,0.600000
5436,s,0.400000
5437,d,0.200000
5438,p,0.400000
5439,s,0.200000
5440,p,0.400000
5441,d,0.600000
5442,p,0.600000
5443,p,0.600000
5444,d,0.400000
5445,s,0.400000
5446,d,0.400000
5447,p,0.400000
5448,d,0.400000
5449,p,0.400000
5450,p,0.600000
5451,s,0.400000
5452,d,0.400000
5453,p,0.400000
5454,s,0.400000
5455,s,0.400000
5456,s,1.000000
5457,d,0.400000
5458,d,0.400000
5459,d,0.400000
5460,p,0.600000
5461,s,0.400000
5462,p,0.200000
5463,s,0.400000
5464,d,0.200000
5465,d,0.200000
5466,s,0.400000
5467,s,0.600000
5468,p,0.800000
5469,d,0.800000
5470,s,0.600000
5471,d,0.400000
5472,s,0.800000
5473,d,0.800000
5474,p,0.200000
5475,s,0.200000
5476,d,0.400000
5477,s,0.400000
5478,s,0.400000
5479,p,0.200000
5480,d,0.400000
5481,d,0.400000
5482,d,0.600000
5483,s,0.400000
5484,s,0.600000
5485,d,0.400000
5486,s,0.400000
5487,s,0.600000
5488,p,0.400000
5489,p,0.600000
5490,s,0.400000
5491,p,0.600000
5492,s,0.400000
5493,s,0.800000
5494,p,0.400000
5495,d,0.200000
5496,p,0.400000
5497,p,0.800000
5498,s,1.000000
5499,d,0.200000
5500,p,0.800000
5501,d,0.400000
5502,d,0.600000
5503,d,0.400000
5504,s,0.600000
5505,d,0.400000
5506,s,0.400000
5507,s,0.400000
5508,s,0.200000
5509,p,0.800000
5510,s,1.000000
5511,d,0.800000
5512,p,0.600000
5513,s,0.400000
5514,p,0.400000
5515,d,0.400000
5516,s,0.400000
5517,p,0.800000
5518,d,0.600000
5519,p,0.400000
5520,p,0.400000
5521,p,0.800000
5522,p,0.400000
5523,p,0.600000
5524,p,0.600000
5525,p,0.400000
5526,p,0.400000
5527,s,0.800000
5528,s,0.800000
5529,d,0.600000
5530,s,0.400000
5531,p,0.200000
5532,p,0.600000
5533,d,0.400000
5534,p,0.600000
5535,s,0.400000
5536,d,0.200000
5537,d,0.400000
5538,d,0.800000
5539,p,0.600000
5540,s,0.400000
5541,d,0.400000
5542,p,0.600000
5543,d,0.800000
5544,p,0.600000
5545,d,0.400000
5546,s,0.400000
5547,s,0.600000
5548,d,0.400000
5549,d,0.200000
5550,s,0.600000
5551,s,0.600000
5552,p,0.400000
5553,d,0.600000
5554,d,0.400000
5555,d,0.600000
5556,d,0.400000
5557,p,0.600000
5558,d,0.600000
5559,p,0.200000
5560,d,0.400000
5561,d,0.600000
5562,s,0.600000
5563,p,0.400000
5564,d,0.600000
5565,p,0.400000
5566,p,0.600000
5567,s,0.800000
5568,s,0.400000
5569,d,0.400000
5570,p,0.600000
5571,d,0.600000
5572,p,0.400000
5573,d,0.400000
5574,s,0.600000
5575,p,0.600000
5576,s,0.400000
5577,p,0.400000
5578,s,0.400000
5579,d,0.400000
5580,p,0.600000
5581,p,0.200000
5582,p,0.400000
5583,p,0.400000
5584,s,1.000000
5585,p,0.600000
5586,p,0.600000
5587,d,0.600000
5588,d,0.200000
5589,d,0.600000
5590,s,0.400000
5591,s,0.800000
5592,d,0.400000
5593,s,0.400000
5594,s,0.800000
5595,p,0.800000
5596,d,0.400000
5597,s,0.200000
5598,d,0.400000
5599,d,0.600000
5600,d,0.600000
5601,p,0.400000
5602,s,0.400000
5603,p,0.200000
5604,d,0.800000
5605,s,0.600000
5606,p,0.400000
5607,p,0.200000
5608,d,0.400000
5609,d,0.600000
5610,d,0.200000
5611,s,0.800000
5612,d,0.400000
5613,s,0.400000
5614,p,0.200000
5615,d,0.200000
5616,p,0.400000
5617,p,0.400000
5618,d,0.400000
5619,d,0.200000
5620,p,0.400000
5621,d,0.600000
5622,p,0.600000
5623,s,0.400000
5624,d,0.600000
5625,p,0.600000
5626,s,0.800000
5627,s,0.400000
5628,d,0.200000
5629,d,0.400000
5630,s,0.400000
5631,d,0.400000
5632,d,0.400000
5633,d,0.400000
5634,d,0.600000
5635,p,0.400000
5636,d,1.000000
5637,p,0.200000
5638,s,0.400000
5639,d,0.400000
5640,s,0.800000
5641,s,0.400000
5642,s,0.400000
5643,d,0.600000
5644,s,1.000000
5645,d,0.400000
5646,s,0.400000
5647,p,0.800000
5648,s,0.400000
5649,p,0.400000
5650,d,0.600000
5651,p,0.200000
5652,d,0.600000
5653,d,0.600000
5654,s,0.800000
5655,d,0.600000
5656,s,0.800000
5657,d,0.800000
5658,s,0.400000
5659,p,0.800000
5660,s,0.600000
5661,p,0.400000
5662,s,0.400000
5663,s,0.400000
5664,p,0.600000
5665,s,0.400000
5666,p,0.600000
5667,p,0.600000
5668,d,0.800000
5669,s,0.600000
5670,p,0.400000
5671,s,0.800000
5672,d,0.600000
5673,d,0.400000
5674,p,0.200000
5675,s,0.200000
5676,s,0.800000
5677,p,0.400000
5678,s,0.800000
5679,s,0.400000
5680,p,0.200000
5681,s,0.400000
5682,p,0.600000
5683,d,0.400000
5684,s,0.800000
5685,p,0.400000
5686,p,0.400000
5687,s,0.400000
5688,p,0.400000
5689,d,0.400000
5690,p,0.600000
5691,d,0.200000
5692,s,0.800000
5693,d,0.400000
5694,d,0.400000
5695,d,0.600000
5696,p,0.400000
5697,s,0.400000
5698,p,0.600000
5699,d,0.600000
5700,d,0.400000
5701,d,0.600000
5702,d,0.400000
5703,s,0.800000
5704,s,0.200000
5705,p,0.600000
5706,p,0.400000
5707,d,0.200000
5708,d,0.400000
5709,d,0.600000
5710,d,0.800000
5711,s,0.600000
5712,d,0.800000
5713,s,0.400000
5714,s,0.400000
5715,d,0.400000
5716,p,0.600000
5717,p,0.600000
5718,p,0.400000
5719,d,0.400000
5720,d,0.600000
5721,s,0.400000
5722,s,0.600000
5723,d,0.400000
5724,d,0.400000
5725,s,0.400000
5726,s,0.400000
5727,p,0.400000
5728,d,0.800000
5729,d,0.600000
5730,s,0.400000
5731,s,0.400000
5732,d,0.400000
5733,d,0.400000
5734,p,0.600000
5735,s,0.800000
5736,p,0.600000
5737,d,0.600000
5738,s,0.400000
5739,p,0.200000
5740,d,0.400000
5741,p,0.600000
5742,s,0.400000
5743,p,0.400000
5744,d,0.600000
5745,s,0.400000
5746,d,0.400000
5747,d,0.400000
5748,p,0.600000
5749,s,0.600000
5750,s,0.400000
5751,s,0.400000
5752,d,0.400000
5753,d,0.600000
5754,d,0.600000
5755,p,0.200000
5756,d,0.600000
5757,p,0.400000
5758,s,1.000000
5759,d,0.200000
5760,s,0.400000
5761,s,0.400000
5762,s,0.800000
5763,p,0.600000
5764,p,0.200000
5765,d,0.400000
5766,s,0.800000
5767,s,0.800000
5768,s,0.400000
5769,p,0.400000
5770,d,0.400000
5771,p,0.200000
5772,d,0.600000
5773,p,0.400000
5774,s,0.600000
5775,s,0.400000
5776,s,0.600000
5777,p,0.200000
5778,p,0.400000
5779,s,0.400000
5780,d,0.400000
5781,p,0.600000
5782,p,0.200000
5783,d,0.400000
5784,p,0.400000
5785,s,0.400000
5786,s,0.800000
5787,s,0.800000
5788,p,0.800000
5789,d,0.200000
5790,d,0.200000
5791,d,0.200000
5792,p,0.200000
5793,s,0.400000
5794,s,0.400000
5795,d,0.400000
5796,d,0.200000
5797,d,0.200000
5798,s,0.400000
5799,p,0.800000
5800,p,0.200000
5801,p,0.600000
5802,d,0.400000
5803,d,0.800000
5804,d,0.400000
5805,s,0.200000
5806,s,0.400000
5807,p,0.600000
5808,s,0.400000
5809,p,0.200000
5810,d,0.400000
5811,s,1.000000
5812,s,0.400000
5813,d,0.200000
5814,d,0.600000
5815,d,0.200000
5816,s,0.600000
5817,d,0.200000
5818,p,0.400000
5819,s,0.400000
5820,d,0.400000
5821,d,0.600000
5822,d,0.600000
5823,p,0.400000
5824,d,0.800000
5825,p,0.400000
5826,p,0.600000
5827,s,0.400000
5828,d,0.400000
5829,d,0.600000
5830,s,0.400000
5831,s,0.400000
5832,s,0.400000
5833,s,0.400000
5834,s,0.400000
5835,p,0.800000
5836,s,0.600000
5837,p,0.200000
5838,s,0.800000
5839,d,0.400000
5840,p,0.600000
5841,s,0.400000
5842,s,0.400000
5843,s,0.600000
5844,d,0.600000
5845,d,0.400000
5846,s,0.400000
5847,p,0.200000
5848,s,0.400000
5849,s,0.800000
5850,p,0.200000
5851,d,0.400000
5852,p,0.200000
5853,p,0.800000
5854,p,0.200000
5855,p,0.200000
5856,d,0.200000
5857,s,0.400000
5858,p,0.600000
5859,s,0.400000
5860,d,1.000000
5861,s,0.600000
5862,d,0.200000
5863,s,0.400000
5864,d,0.800000
5865,d,0.400000
5866,p,0.400000
5867,s,0.400000
5868,d,0.600000
5869,d,0.400000
5870,s,0.600000
5871,p,0.400000
5872,d,0.200000
5873,d,0.200000
5874,p,0.600000
5875,s,0.800000
5876,p,0.400000
5877,s,0.400000
5878,d,0.400000
5879,s,0.600000
5880,s,0.400000
5881,p,0.800000
5882,s,0.400000
5883,p,0.200000
5884,d,0.600000
5885,p,0.400000
5886,p,0.600000
5887,p,0.400000
5888,s,0.400000
5889,s,0.800000
5890,d,0.600000
5891,p,0.400000
5892,s,0.800000
5893,s,0.800000
5894,p,0.400000
5895,d,0.400000
5896,p,0.600000
5897,p,0.600000
5898,s,0.600000
5899,d,0.400000
5900,s,0.800000
5901,p,0.200000
5902,p,0.200000
5903,s,0.400000
5904,s,0.400000
5905,s,0.600000
5906,s,0.600000
5907,s,0.400000
5908,d,0.200000
5909,d,0.400000
5910,p,0.200000
5911,d,0.600000
5912,p,0.200000
5913,p,0.400000
5914,p,0.600000
5915,p,0.400000
5916,s,0.800000
5917,p,0.400000
5918,d,0.600000
5919,s,0.400000
5920,p,0.600000
5921,s,0.600000
5922,p,0.400000
5923,s,0.600000
5924,d,0.600000
5925,s,0.600000
5926,p,0.400000
5927,s,0.400000
5928,d,0.200000
5929,s,0.400000
5930,d,0.400000
5931,p,0.600000
5932,d,0.400000
5933,d,0.400000
5934,d,0.600000
5935,d,0.400000
5936,d,0.200000
5937,d,0.600000
5938,p,0.600000
5939,p,0.400000
5940,p,0.800000
5941,p,0.600000
5942,d,0.400000
5943,p,0.600000
5944,p,0.600000
5945,d,0.600000
5946,p,0.600000
5947,p,0.400000
5948,d,0.600000
5949,p,0.600000
5950,p,0.400000
5951,p,0.600000
5952,p,0.600000
5953,p,0.600000
5954,d,0.400000
5955,s,0.400000
5956,p,0.600000
5957,d,0.600000
5958,s,0.400000
5959,p,0.600000
5960,d,0.400000
5961,p,0.600000
5962,d,0.400000
5963,d,1.000000
5964,p,0.600000
5965,p,0.200000
5966,s,0.600000
5967,s,0.600000
5968,d,0.600000
5969,d,0.600000
5970,d,0.600000
5971,s,0.400000
5972,s,0.800000
5973,d,0.400000
5974,d,0.400000
5975,d,0.200000
5976,d,0.400000
5977,p,0.800000
5978,s,0.400000
5979,p,0.600000
5980,s,0.800000
5981,s,0.800000
5982,d,0.200000
5983,d,0.200000
5984,p,0.400000
5985,s,0.400000
5986,d,0.600000
5987,s,0.600000
5988,s,0.400000
5989,s,0.400000
5990,p,0.400000
5991,s,0.600000
5992,d,0.400000
5993,p,0.400000
5994,s,0.400000
5995,p,0.200000
5996,p,0.200000
5997,d,0.400000
5998,d,0.200000
5999,p,0.200000
6000,s,0.400000
6001,d,0.600000
6002,d,0.800000
6003,p,0.200000
6004,d,0.600000
6005,p,0.600000
6006,p,0.200000
6007,s,0.800000
6008,s,0.600000
6009,d,0.800000
6010,d,0.400000
6011,p,0.200000
6012,p,0.400000
6013,s,0.400000
6014,p,0.200000
6015,p,0.400000
6016,p,0.200000
6017,d,0.600000
6018,d,0.600000
6019,s,0.800000
6020,p,0.400000
6021,p,0.600000
6022,s,0.600000
6023,d,0.400000
6024,p,0.400000
6025,d,0.600000
6026,p,0.400000
6027,d,0.800000
6028,d,0.600000
6029,d,0.400000
6030,d,0.200000
6031,p,0.600000
6032,d,0.800000
6033,d,0.800000
6034,s,0.600000
6035,d,0.600000
6036,d,1.000000
6037,d,0.800000
6038,p,0.800000
6039,s,0.400000
6040,d,0.600000
6041,p,0.200000
6042,p,0.400000
6043,d,0.600000
6044,s,0.400000
6045,d,0.600000
6046,p,0.600000
6047,d,0.600000
6048,d,0.600000
6049,s,0.400000
6050,s,0.400000
6051,p,0.600000
6052,p,0.600000
6053,p,0.200000
6054,d,0.200000
6055,d,0.400000
6056,d,0.400000
6057,s,0.400000
6058,s,0.800000
6059,p,0.600000
6060,d,0.800000
6061,d,0.400000
6062,s,0.800000
6063,p,0.400000
6064,p,0.600000
6065,s,0.800000
6066,d,0.800000
6067,d,0.800000
6068,p,0.800000
6069,s,0.400000
6070,d,0.400000
6071,p,0.200000
6072,p,0.200000
6073,p,0.600000
6074,p,0.400000
6075,p,0.400000
6076,p,0.600000
6077,p,0.600000
6078,p,0.400000
6079,d,0.600000
6080,p,0.200000
6081,d,0.600000
6082,s,0.400000
6083,s,1.000000
6084,d,0.400000
6085,s,0.800000
6086,s,0.400000
6087,p,0.600000
6088,p,0.600000
6089,d,0.200000
6090,p,0.800000
6091,d,0.400000
6092,s,0.400000
6093,p,0.600000
6094,s,0.400000
6095,s,0.800000
6096,p,0.200000
6097,p,0.800000
6098,d,0.200000
6099,d,0.600000
6100,d,0.200000
6101,s,0.400000
6102,s,0.200000
6103,s,0.400000
6104,d,0.400000
6105,d,0.200000
6106,p,0.600000
6107,s,0.400000
6108,d,0.400000
6109,d,0.400000
6110,d,0.600000
6111,s,0.800000
6112,d,0.600000
6113,p,0.400000
6114,p,0.600000
6115,p,0.400000
6116,p,0.600000
6117,s,0.800000
6118,d,0.600000
6119,d,0.400000
6120,p,0.400000
6121,s,0.400000
6122,d,0.400000
6123,s,0.800000
6124,s,0.800000
6125,p,0.800000
6126,s,1.000000
6127,p,0.800000
6128,p,0.400000
6129,d,0.200000
6130,s,0.400000
6131,s,0.600000
6132,s,0.800000
6133,p,0.400000
6134,d,0.400000
6135,p,0.200000
6136,p,0.400000
6137,s,0.800000
6138,s,0.400000
6139,p,0.400000
6140,p,0.600000
6141,p,0.400000
6142,s,0.600000
6143,s,0.400000
6144,s,0.800000
6145,s,0.400000
6146,s,0.400000
6147,s,0.600000
6148,p,0.400000
6149,d,0.200000
6150,p,0.600000
6151,p,0.400000
6152,s,0.800000
6153,p,0.400000
6154,s,0.400000
6155,d,0.600000
6156,d,0.600000
6157,d,0.400000
6158,d,0.400000
6159,s,0.400000
6160,s,0.400000
6161,d,0.600000
6162,s,0.400000
6163,p,0.600000
6164,s,0.800000
6165,p,0.800000
6166,s,0.400000
6167,p,0.600000
6168,p,0.400000
6169,p,0.200000
6170,p,0.200000
6171,s,0.800000
6172,p,0.800000
6173,s,0.400000
6174,d,0.400000
6175,d,0.400000
6176,s,0.800000
6177,d,0.400000
6178,p,0.800000
6179,d,0.800000
6180,d,0.400000
6181,s,0.800000
6182,s,0.400000
6183,s,0.400000
6184,s,0.800000
6185,d,0.200000
6186,p,0.400000
6187,s,0.600000
6188,d,0.400000
6189,p,0.400000
6190,s,0.600000
6191,d,0.800000
6192,d,0.600000
6193,d,0.400000
6194,s,0.400000
6195,d,0.400000
6196,s,0.400000
6197,d,0.400000
6198,d,0.400000
6199,s,0.600000
6200,s,0.400000
6201,s,0.400000
6202,s,0.600000
6203,p,0.600000
6204,s,0.400000
6205,d,0.800000
6206,p,0.800000
6207,p,0.600000
6208,d,0.400000
6209,d,0.400000
6210,p,0.400000
6211,p,0.600000
6212,s,0.400000
6213,p,0.400000
6214,p,0.400000
6215,p,0.200000
6216,d,0.600000
6217,s,0.400000
6218,s,0.400000
6219,d,0.400000
6220,s,0.200000
6221,p,0.200000
6222,p,0.600000
6223,d,0.600000
6224,s,0.400000
6225,s,0.800000
6226,s,0.400000
6227,s,0.400000
6228,s,0.600000
6229,s,0.600000
6230,p,0.800000
6231,p,0.200000
6232,p,0.400000
6233,d,0.600000
6234,s,0.800000
6235,d,0.600000
6236,s,0.400000
6237,p,0.400000
6238,d,0.600000
6239,s,0.800000
6240,p,0.800000
6241,d,0.200000
6242,p,0.400000
6243,d,0.400000
6244,d,0.800000
6245,d,0.200000
6246,s,0.400000
6247,d,0.200000
6248,s,0.400000
6249,d,0.600000
6250,p,0.400000
6251,p,0.400000
6252,d,0.400000
6253,d,0.400000
6254,s,0.800000
6255,p,0.400000
6256,p,0.600000
6257,d,0.400000
6258,s,0.400000
6259,p,0.400000
6260,d,0.600000
6261,p,0.600000
6262,d,0.600000
6263,s,0.600000
6264,s,0.600000
6265,p,0.400000
6266,p,0.200000
6267,p,0.600000
6268,d,0.800000
6269,d,0.600000
6270,d,0.400000
6271,p,0.400000
6272,p,0.400000
6273,d,0.600000
6274,d,0.400000
6275,p,0.600000
6276,d,0.400000
6277,p,0.600000
6278,p,0.400000
6279,p,0.600000
6280,p,0.400000
6281,p,0.600000
6282,s,0.400000
6283,d,0.800000
6284,s,0.400000
6285,s,0.400000
6286,s,0.400000
6287,d,0.600000
6288,d,0.400000
6289,d,0.400000
6290,s,1.000000
6291,s,0.800000
6292,s,0.400000
6293,d,0.400000
6294,s,0.400000
6295,s,0.800000
6296,s,0.400000
6297,s,0.600000
6298,d,0.400000
6299,d,0.600000
6300,p,0.600000
6301,d,0.400000
6302,p,0.600000
6303,p,0.600000
6304,d,0.400000
6305,d,0.600000
6306,d,0.400000
6307,d,0.600000
6308,p,0.600000
6309,s,0.400000
6310,d,0.800000
6311,p,0.400000
6312,p,0.400000
6313,s,0.400000
6314,d,0.400000
6315,p,0.200000
6316,s,0.800000
6317,d,0.200000
6318,s,0.400000
6319,d,0.400000
6320,p,0.800000
6321,d,0.600000
6322,d,0.400000
6323,p,0.400000
6324,p,0.200000
6325,s,0.800000
6326,d,0.200000
6327,p,0.400000
6328,s,0.400000
6329,d,0.600000
6330,s,0.600000
6331,p,0.400000
6332,d,0.400000
6333,p,0.400000
6334,d,0.600000
6335,s,0.800000
6336,s,0.400000
6337,d,0.200000
6338,d,0.400000
6339,p,0.400000
6340,p,0.600000
6341,s,0.800000
6342,d,0.200000
6343,p,0.600000
6344,d,0.400000
6345,p,0.600000
6346,s,0.600000
6347,p,0.400000
6348,p,0.600000
6349,p,0.600000
6350,p,0.400000
6351,d,0.600000
6352,d,0.400000
6353,d,0.400000
6354,s,0.800000
6355,s,0.800000
6356,d,0.400000
6357,d,0.600000
6358,p,0.800000
6359,p,0.200000
6360,p,0.600000
6361,s,0.800000
6362,d,0.800000
6363,p,0.200000
6364,p,0.600000
6365,p,0.600000
6366,s,0.400000
6367,d,0.200000
6368,s,0.600000
6369,p,0.200000
6370,p,0.600000
6371,d,0.600000
6372,d,0.600000
6373,d,0.600000
6374,s,0.600000
6375,p,0.400000
6376,p,0.600000
6377,p,0.600000
6378,s,0.800000
6379,d,0.600000
6380,d,0.200000
6381,s,0.400000
6382,p,0.600000
6383,p,0.800000
6384,p,0.600000
6385,d,0.800000
6386,s,0.600000
6387,p,0.200000
6388,s,0.600000
6389,d,0.200000
6390,d,0.600000
6391,p,0.200000
6392,p,0.600000
6393,d,0.600000
6394,p,0.800000
6395,s,0.400000
6396,d,0.600000
6397,s,0.400000
6398,s,0.600000
6399,d,0.400000
6400,s,0.400000
6401,p,0.400000
6402,d,0.400000
6403,d,0.600000
6404,s,0.400000
6405,d,0.400000
6406,d,0.400000
6407,p,0.600000
6408,s,0.400000
6409,d,0.400000
6410,s,0.400000
6411,d,0.600000
6412,d,0.200000
6413,s,0.800000
6414,s,0.400000
6415,p,0.400000
6416,p,0.200000
6417,d,0.200000
6418,p,0.400000
6419,d,0.400000
6420,s,0.400000
6421,d,0.400000
6422,s,0.400000
6423,p,0.600000
6424,s,0.400000
6425,s,0.600000
6426,d,0.600000
6427,s,0.400000
6428,p,0.600000
6429,s,0.400000
6430,p,0.400000
6431,s,0.400000
6432,s,0.600000
6433,s,0.800000
6434,d,0.800000
6435,d,0.400000
6436,d,0.200000
6437,p,0.400000
6438,d,0.400000
6439,s,0.400000
6440,s,0.800000
6441,p,0.200000
6442,s,0.800000
6443,p,0.400000
6444,p,0.400000
6445,s,0.400000
6446,d,0.200000
6447,p,0.600000
6448,s,0.400000
6449,p,0.400000
6450,p,0.400000
6451,s,0.400000
6452,p,0.600000
6453,p,0.600000
6454,d,0.600000
6455,d,0.400000
6456,d,0.600000
6457,s,0.400000
6458,p,0.600000
6459,p,0.400000
6460,p,0.400000
6461,d,0.600000
6462,p,0.600000
6463,s,0.400000
6464,s,0.600000
6465,p,0.600000
6466,d,0.400000
6467,p,0.400000
6468,p,0.600000
6469,s,0.600000
6470,d,0.400000
6471,d,0.200000
6472,p,0.400000
6473,s,0.400000
6474,s,0.400000
6475,p,0.600000
6476,s,0.600000
6477,s,0.400000
6478,d,0.600000
6479,s,0.400000
6480,p,0.400000
6481,s,0.800000
6482,s,0.400000
6483,p,1.000000
6484,s,0.400000
6485,s,0.400000
6486,p,0.400000
6487,p,0.600000
6488,s,0.600000
6489,s,0.800000
6490,s,0.400000
6491,p,0.800000
6492,p,0.400000
6493,d,0.400000
6494,d,0.400000
6495,s,0.400000
6496,d,0.400000
6497,d,0.400000
6498,p,0.400000
6499,p,0.400000
6500,s,0.400000
6501,d,0.200000
6502,d,0.600000
6503,s,0.600000
6504,s,0.400000
6505,d,0.800000
6506,d,0.600000
6507,d,0.800000
6508,p,0.400000
6509,d,0.200000
6510,d,0.800000
6511,d,0.400000
6512,d,0.600000
6513,s,0.800000
6514,d,0.800000
6515,d,0.600000
6516,p,0.800000
6517,p,0.600000
6518,d,0.600000
6519,p,0.800000
6520,s,0.400000
6521,p,0.800000
6522,d,0.800000
6523,p,0.600000
6524,d,0.600000
6525,d,0.600000
6526,p,0.800000
6527,s,0.400000
6528,s,0.200000
6529,d,0.400000
6530,d,1.000000
6531,s,0.600000
6532,d,0.800000
6533,d,0.400000
6534,s,0.600000
6535,p,0.600000
6536,p,0.800000
6537,d,0.400000
6538,p,0.600000
6539,p,0.600000
6540,s,0.400000
6541,s,0.600000
6542,s,0.400000
6543,p,0.600000
6544,s,0.400000
6545,p,0.400000
6546,s,0.400000
6547,s,0.400000
6548,d,0.400000
6549,s,0.400000
6550,p,0.600000
6551,d,0.600000
6552,p,0.200000
6553,d,0.600000
6554,p,0.600000
6555,d,0.200000
6556,s,0.600000
6557,d,0.800000
6558,d,0.400000
6559,p,0.400000
6560,p,0.400000
6561,d,0.400000
6562,d,0.600000
6563,d,0.400000
6564,s,0.400000
6565,d,0.400000
6566,s,0.800000
6567,d,0.400000
6568,d,0.400000
6569,p,0.800000
6570,s,0.600000
6571,p,0.400000
6572,p,0.600000
6573,d,0.800000
6574,d,0.200000
6575,s,0.400000
6576,s,0.400000
6577,s,0.800000
6578,p,0.200000
6579,p,0.400000
6580,s,0.800000
6581,d,0.600000
6582,s,0.400000
6583,p,0.200000
6584,p,0.800000
6585,s,0.400000
6586,s,0.600000
6587,p,0.600000
6588,p,0.400000
6589,d,0.600000
6590,p,0.400000
6591,d,0.400000
6592,d,0.800000
6593,p,0.400000
6594,s,0.400000
6595,s,0.400000
6596,d,0.600000
6597,d,0.600000
6598,s,0.400000
6599,s,0.800000
6600,s,0.600000
6601,s,0.200000
6602,d,0.400000
6603,d,0.600000
6604,d,0.400000
6605,p,0.600000
6606,d,0.600000
6607,d,0.200000
6608,s,0.400000
6609,p,0.600000
6610,d,0.600000
6611,d,0.400000
6612,d,0.600000
6613,d,0.600000
6614,s,0.600000
6615,d,0.400000
6616,p,0.400000
6617,p,0.400000
6618,s,0.600000
6619,d,0.400000
6620,p,0.600000
6621,p,0.400000
6622,d,0.600000
6623,p,0.400000
6624,s,0.800000
6625,d,0.400000
6626,d,0.600000
6627,d,0.600000
6628,p,0.600000
6629,d,0.400000
6630,s,0.800000
6631,d,0.800000
6632,s,0.600000
6633,d,0.200000
6634,d,0.400000
6635,p,0.400000
6636,p,0.600000
6637,s,0.600000
6638,s,0.800000
6639,s,0.600000
6640,s,0.400000
6641,d,0.400000
6642,s,0.400000
6643,p,0.400000
6644,p,0.200000
6645,p,0.400000
6646,p,0.400000
6647,d,0.400000
6648,d,0.600000
6649,d,0.600000
6650,s,0.800000
6651,p,0.400000
6652,d,0.800000
6653,d,0.400000
6654,s,0.800000
6655,p,0.800000
6656,p,0.600000
6657,s,0.400000
6658,s,0.800000
6659,s,0.200000
6660,s,0.600000
6661,p,0.400000
6662,s,0.600000
6663,s,0.400000
6664,p,0.400000
6665,p,0.400000
6666,s,0.800000
6667,p,0.600000
6668,p,0.400000
6669,p,0.600000
6670,s,0.400000
6671,p,0.600000
6672,s,0.400000
6673,s,0.400000
6674,d,0.400000
6675,p,0.200000
6676,p,0.400000
6677,p,0.200000
6678,d,0.200000
6679,s,0.400000
6680,p,0.800000
6681,s,0.600000
6682,p,0.400000
6683,s,0.400000
6684,s,0.800000
6685,p,0.600000
6686,d,0.600000
6687,p,0.800000
6688,p,0.400000
6689,s,0.400000
6690,d,0.600000
6691,s,0.400000
6692,p,0.200000
6693,p,0.400000
6694,p,0.600000
6695,p,0.400000
6696,s,0.400000
6697,s,0.800000
6698,d,0.600000
6699,s,0.800000
6700,d,0.600000
6701,p,0.400000
6702,d,0.200000
6703,d,0.400000
6704,p,0.600000
6705,s,0.400000
6706,s,0.600000
6707,s,0.400000
6708,d,0.400000
6709,s,0.800000
6710,p,0.600000
6711,s,0.800000
6712,d,0.600000
6713,d,0.600000
6714,p,0.600000
6715,d,0.400000
6716,s,0.800000
6717,p,0.600000
6718,s,0.400000
6719,s,0.600000
6720,d,0.800000
6721,s,0.400000
6722,p,0.800000
6723,d,0.400000
6724,s,0.400000
6725,d,0.400000
6726,p,0.800000
6727,d,0.400000
6728,p,0.200000
6729,d,0.400000
6730,p,0.600000
6731,p,0.600000
6732,s,0.400000
6733,s,0.400000
6734,p,0.600000
6735,p,0.600000
6736,p,0.600000
6737,p,0.200000
6738,d,0.400000
6739,s,0.400000
6740,s,0.400000
6741,d,0.600000
6742,s,0.200000
6743,p,0.600000
6744,s,0.400000
6745,d,1.000000
6746,p,0.400000
6747,d,0.400000
6748,p,0.400000
6749,s,0.400000
6750,p,0.400000
6751,d,0.600000
6752,d,0.600000
6753,s,0.400000
6754,d,0.200000
6755,d,0.400000
6756,p,0.600000
6757,p,0.600000
6758,d,0.400000
6759,d,0.600000
6760,p,0.600000
6761,s,0.400000
6762,p,0.400000
6763,d,0.600000
6764,s,0.600000
6765,p,0.600000
6766,s,0.400000
6767,p,0.400000
6768,s,0.800000
6769,s,0.600000
6770,p,0.400000
6771,p,0.400000
6772,s,0.600000
6773,p,0.600000
6774,d,0.600000
6775,p,0.600000
6776,d,0.600000
6777,p,0.600000
6778,s,0.800000
6779,p,0.800000
6780,s,0.600000
6781,d,0.600000
6782,d,0.800000
6783,p,0.400000
6784,s,0.400000
6785,d,0.600000
6786,d,0.400000
6787,p,0.600000
6788,p,0.400000
6789,s,0.800000
6790,p,0.400000
6791,s,0.400000
6792,s,0.400000
6793,d,0.600000
6794,s,0.800000
6795,d,0.400000
6796,d,0.600000
6797,d,0.800000
6798,p,0.400000
6799,p,0.400000
6800,d,0.600000
6801,s,0.400000
6802,d,0.400000
6803,d,0.400000
6804,s,0.400000
6805,s,0.600000
6806,p,0.600000
6807,p,0.600000
6808,p,0.600000
6809,s,0.400000
6810,p,0.200000
6811,p,0.600000
6812,d,0.800000
6813,p,0.400000
6814,s,0.400000
6815,p,0.400000
6816,p,0.400000
6817,s,0.600000
6818,p,0.400000
6819,d,0.400000
6820,s,0.400000
6821,s,0.400000
6822,d,0.600000
6823,s,0.800000
6824,s,0.400000
6825,d,0.400000
6826,d,0.400000
6827,s,0.600000
6828,p,0.600000
6829,s,0.600000
6830,d,0.400000
6831,s,0.400000
6832,d,0.600000
6833,p,0.400000
6834,p,0.400000
6835,s,0.400000
6836,s,0.400000
6837,d,0.400000
6838,d,0.600000
6839,s,0.400000
6840,s,0.800000
6841,p,0.200000
6842,d,0.400000
6843,s,0.400000
6844,d,0.400000
6845,s,0.400000
6846,d,0.600000
6847,s,0.400000
6848,s,0.400000
6849,d,0.400000
6850,s,0.600000
6851,p,0.400000
6852,s,0.600000
6853,d,0.200000
6854,p,0.600000
6855,s,0.400000
6856,s,0.400000
6857,s,0.800000
6858,s,0.400000
6859,s,0.600000
6860,p,0.800000
6861,s,0.600000
6862,d,0.200000
6863,s,0.400000
6864,s,0.400000
6865,d,0.600000
6866,d,0.400000
6867,d,0.400000
6868,d,0.400000
6869,d,0.400000
6870,p,0.400000
6871,p,0.400000
6872,s,0.800000
6873,d,0.600000
6874,p,0.800000
6875,d,0.400000
6876,p,0.600000
6877,p,0.600000
6878,p,0.600000
6879,d,0.400000
6880,d,0.600000
6881,d,0.400000
6882,s,0.800000
6883,s,0.600000
6884,p,0.400000
6885,d,0.400000
6886,s,0.400000
6887,s,0.600000
6888,s,0.400000
6889,s,0.400000
6890,s,0.600000
6891,s,0.600000
6892,s,0.600000
6893,s,0.600000
6894,d,0.800000
6895,s,0.400000
6896,p,0.800000
6897,p,0.400000
6898,p,0.600000
6899,s,0.400000
6900,p,0.600000
6901,d,0.200000
6902,d,0.600000
6903,d,0.600000
6904,p,0.600000
6905,p,0.600000
6906,s,0.600000
6907,d,0.600000
6908,s,0.400000
6909,d,0.600000
6910,d,0.800000
6911,d,0.800000
6912,s,0.400000
6913,p,0.400000
6914,p,0.600000
6915,s,0.800000
6916,d,0.600000
6917,p,0.600000
6918,s,0.600000
6919,p,0.600000
6920,s,0.400000
6921,d,0.400000
6922,s,0.600000
6923,d,0.600000
6924,p,0.400000
6925,p,0.600000
6926,s,0.400000
6927,s,0.800000
6928,p,0.600000
6929,d,0.800000
6930,d,0.400000
6931,s,0.600000
6932,p,0.600000
6933,d,0.600000
6934,d,0.200000
6935,s,0.800000
6936,d,0.600000
6937,s,0.400000
6938,s,0.400000
6939,p,0.400000
6940,p,0.400000
6941,s,0.800000
6942,s,0.400000
6943,p,0.400000
6944,p,0.400000
6945,s,0.800000
6946,p,0.200000
6947,p,0.600000
6948,p,0.600000
6949,p,0.400000
6950,p,0.600000
6951,s,0.400000
6952,s,0.800000
6953,s,0.400000
6954,s,0.800000
6955,d,0.200000
6956,s,0.200000
6957,s,0.400000
6958,p,0.400000
6959,p,0.400000
6960,d,0.400000
6961,p,0.600000
6962,p,0.600000
6963,p,0.600000
6964,d,0.600000
6965,p,0.400000
6966,p,0.600000
6967,s,0.400000
6968,s,0.400000
6969,d,0.600000
6970,p,0.400000
6971,d,0.600000
6972,d,0.400000
6973,p,0.600000
6974,p,0.800000
6975,p,0.400000
6976,d,0.400000
6977,d,0.600000
6978,d,0.800000
6979,d,0.400000
6980,p,0.600000
6981,d,0.600000
6982,d,0.400000
6983,d,0.400000
6984,p,0.200000
6985,p,0.400000
6986,d,0.600000
6987,d,0.600000
6988,s,0.400000
6989,s,0.400000
6990,d,0.400000
6991,p,0.400000
6992,d,0.800000
6993,s,0.400000
6994,s,0.600000
6995,d,0.400000
6996,s,0.600000
6997,s,0.600000
6998,s,0.600000
6999,s,0.400000
7000,s,0.400000
7001,d,0.400000
7002,d,0.200000
7003,s,0.400000
7004,s,0.800000
7005,p,0.200000
7006,p,0.200000
7007,s,0.400000
7008,s,0.400000
7009,d,0.600000
7010,d,0.600000
7011,s,0.800000
7012,p,0.400000
7013,p,0.800000
7014,s,0.400000
7015,p,0.800000
7016,d,0.600000
7017,d,0.400000
7018,s,0.800000
7019,p,0.600000
7020,d,0.600000
7021,s,0.400000
7022,d,0.600000
7023,d,0.600000
7024,p,0.400000
7025,s,0.400000
7026,d,0.600000
7027,d,0.400000
7028,s,0.400000
7029,p,0.600000
7030,p,0.600000
7031,p,0.600000
7032,d,0.600000
7033,s,0.600000
7034,s,0.400000
7035,d,0.600000
7036,s,0.600000
7037,s,0.400000
7038,p,0.200000
7039,p,0.600000
7040,d,0.600000
7041,p,0.400000
7042,d,1.000000
7043,d,0.800000
7044,d,0.400000
7045,p,0.800000
7046,p,0.600000
7047,p,0.600000
7048,s,0.400000
7049,p,0.600000
7050,p,0.400000
7051,p,0.600000
7052,p,0.600000
7053,s,0.400000
7054,d,0.400000
7055,s,0.400000
7056,d,0.400000
7057,d,0.600000
7058,s,0.400000
7059,d,0.400000
7060,d,0.400000
7061,s,0.400000
7062,s,0.400000
7063,p,0.600000
7064,d,0.400000
7065,d,0.400000
7066,p,0.800000
7067,s,0.400000
7068,s,0.400000
7069,p,0.600000
7070,d,0.400000
7071,d,0.400000
7072,d,0.600000
7073,s,0.400000
7074,d,0.400000
7075,s,0.600000
7076,d,0.600000
7077,d,0.400000
7078,s,0.400000
7079,s,0.600000
7080,d,0.800000
7081,s,0.600000
7082,p,0.800000
7083,d,0.400000
7084,d,0.600000
7085,p,0.600000
7086,d,0.600000
7087,d,0.600000
7088,p,0.600000
7089,p,0.400000
7090,s,0.400000
7091,p,0.600000
7092,s,0.400000
7093,p,0.800000
7094,p,0.600000
7095,p,0.400000
7096,s,0.400000
7097,s,0.600000
7098,p,0.600000
7099,p,0.400000
7100,s,0.600000
7101,p,0.600000
7102,s,0.400000
7103,d,0.600000
7104,d,0.200000
7105,s,0.400000
7106,d,0.400000
7107,s,0.800000
7108,d,0.600000
7109,p,0.400000
7110,s,0.400000
7111,p,0.200000
7112,p,0.400000
7113,s,0.400000
7114,p,0.400000
7115,d,0.200000
7116,p,0.600000
7117,s,0.400000
7118,p,0.600000
7119,p,0.600000
7120,s,0.800000
7121,s,0.600000
7122,d,0.400000
7123,d,0.600000
7124,p,0.200000
7125,p,0.600000
7126,p,0.600000
7127,s,0.400000
7128,s,0.400000
7129,d,0.400000
7130,d,0.400000
7131,d,0.400000
7132,s,0.600000
7133,d,0.200000
7134,s,0.400000
7135,s,0.400000
7136,s,0.400000
7137,d,0.600000
7138,p,0.400000
7139,p,0.600000
7140,d,0.600000
7141,s,0.400000
7142,p,0.600000
7143,p,0.600000
7144,p,0.400000
7145,s,0.400000
7146,d,0.400000
7147,p,0.600000
7148,d,0.800000
7149,s,0.600000
7150,p,0.400000
7151,p,0.800000
7152,d,0.400000
7153,s,0.400000
7154,d,0.400000
7155,p,0.600000
7156,d,0.800000
7157,d,0.800000
7158,d,0.600000
7159,s,0.400000
7160,s,0.400000
7161,s,0.400000
7162,p,0.400000
7163,s,0.600000
7164,s,0.400000
7165,p,0.400000
7166,s,0.600000
7167,s,0.400000
7168,d,0.200000
7169,p,0.400000
7170,p,0.600000
7171,p,0.400000
7172,d,0.600000
7173,s,0.800000
7174,s,0.400000
7175,d,0.600000
7176,s,0.600000
7177,p,0.400000
7178,d,0.400000
7179,d,0.200000
7180,s,0.400000
7181,d,0.600000
7182,d,0.400000
7183,d,0.400000
7184,p,0.200000
7185,p,0.600000
7186,d,0.400000
7187,d,0.600000
7188,s,0.400000
7189,d,0.600000
7190,s,0.400000
7191,s,0.400000
7192,p,0.600000
7193,d,0.400000
7194,s,0.400000
7195,p,0.400000
7196,s,0.600000
7197,d,0.400000
7198,s,0.400000
7199,d,0.400000
7200,p,0.600000
7201,d,0.400000
7202,p,0.400000
7203,p,0.600000
7204,d,0.600000
7205,s,0.800000
7206,d,0.400000
7207,s,0.400000
7208,s,0.400000
7209,s,0.400000
7210,s,0.400000
7211,d,0.600000
7212,d,0.600000
7213,d,0.800000
7214,d,0.600000
7215,s,0.400000
7216,d,0.600000
7217,p,0.600000
7218,s,0.400000
7219,s,0.400000
7220,s,0.400000
7221,d,0.600000
7222,p,0.800000
7223,d,0.400000
7224,s,0.600000
7225,p,0.400000
7226,s,0.400000
7227,d,0.600000
7228,d,0.600000
7229,s,0.400000
7230,s,0.400000
7231,d,0.400000
7232,s,0.400000
7233,d,0.400000
7234,p,0.400000
7235,d,0.600000
7236,p,0.600000
7237,d,0.600000
7238,s,0.400000
7239,p,0.200000
7240,d,0.400000
7241,s,0.600000
7242,p,0.400000
7243,s,0.600000
7244,s,0.800000
7245,d,0.400000
7246,p,0.400000
7247,s,0.400000
7248,d,0.600000
7249,d,0.600000
7250,d,0.200000
7251,p,0.400000
7252,d,0.400000
7253,s,0.800000
7254,s,0.400000
7255,p,0.400000
7256,d,0.800000
7257,p,0.400000
7258,d,0.600000
7259,p,0.400000
7260,p,0.600000
7261,p,0.600000
7262,p,0.600000
7263,s,0.400000
7264,p,0.600000
7265,s,0.800000
7266,d,0.200000
7267,s,0.400000
7268,s,0.600000
7269,d,0.200000
7270,d,0.600000
7271,p,0.600000
7272,d,0.400000
7273,p,0.400000
7274,d,0.600000
7275,p,0.600000
7276,d,0.400000
7277,p,0.400000
7278,d,0.600000
7279,s,0.400000
7280,p,0.400000
7281,s,0.600000
7282,d,0.200000
7283,p,0.600000
7284,s,0.400000
7285,d,0.400000
7286,p,0.400000
7287,d,0.200000
7288,p,0.800000
7289,d,0.600000
7290,s,0.600000
7291,p,0.800000
7292,s,0.400000
7293,p,0.400000
7294,d,0.200000
7295,p,0.600000
7296,d,0.400000
7297,d,0.600000
7298,s,0.800000
7299,d,0.200000
7300,d,0.400000
7301,d,0.800000
7302,d,0.600000
7303,d,0.600000
7304,s,0.400000
7305,p,0.600000
7306,d,0.400000
7307,p,0.600000
7308,d,0.400000
7309,p,0.400000
7310,s,0.400000
7311,p,0.600000
7312,d,0.600000
7313,d,0.200000
7314,p,0.600000
7315,s,0.400000
7316,d,0.600000
7317,s,0.400000
7318,p,0.600000
7319,d,0.400000
7320,s,0.400000
7321,d,0.600000
7322,d,0.400000
7323,p,0.400000
7324,d,0.600000
7325,d,0.600000
7326,s,0.800000
7327,p,0.400000
7328,d,0.600000
7329,s,0.800000
7330,p,0.400000
7331,s,0.400000
7332,d,0.400000
7333,d,0.400000
7334,p,0.400000
7335,s,0.400000
7336,p,0.400000
7337,p,0.600000
7338,p,0.600000
7339,s,0.400000
7340,p,0.600000
7341,d,0.400000
7342,s,0.400000
7343,p,0.600000
7344,s,0.400000
7345,s,0.400000
7346,s,0.400000
7347,s,0.600000
7348,d,0.400000
7349,p,0.600000
7350,p,0.400000
7351,d,0.400000
7352,s,0.400000
7353,s,0.400000
7354,d,0.400000
7355,d,0.400000
7356,s,0.400000
7357,d,0.400000
7358,s,0.800000
7359,s,0.400000
7360,s,0.400000
7361,d,0.400000
7362,d,0.800000
7363,p,0.600000
7364,p,0.200000
7365,p,0.400000
7366,s,0.400000
7367,p,0.600000
7368,s,0.400000
7369,d,0.400000
7370,d,0.600000
7371,s,0.600000
7372,p,0.400000
7373,p,0.200000
7374,p,0.600000
7375,s,0.400000
7376,d,0.400000
7377,s,0.400000
7378,p,0.400000
7379,s,0.400000
7380,s,0.400000
7381,p,0.400000
7382,s,0.400000
7383,p,0.600000
7384,p,0.600000
7385,d,0.400000
7386,p,0.600000
7387,d,0.600000
7388,p,0.400000
7389,s,0.400000
7390,s,0.400000
7391,p,0.600000
7392,s,0.400000
7393,d,0.400000
7394,d,0.600000
7395,p,0.400000
7396,p,0.400000
7397,s,0.400000
7398,p,0.600000
7399,s,0.400000
7400,s,0.400000
7401,d,0.600000
7402,p,0.400000
7403,d,0.200000
7404,d,0.600000
7405,s,0.400000
7406,p,0.400000
7407,d,0.600000
7408,p,0.400000
7409,p,0.600000
7410,s,0.400000
7411,p,0.600000
7412,p,0.600000
7413,p,0.400000
7414,s,0.800000
7415,p,0.800000
7416,p,0.400000
7417,d,1.000000
7418,d,0.400000
7419,d,0.600000
7420,d,0.400000
7421,s,0.400000
7422,p,0.800000
7423,s,0.800000
7424,p,0.200000
7425,p,0.200000
7426,s,0.400000
7427,p,0.600000
7428,p,0.600000
7429,p,0.800000
7430,s,0.400000
7431,p,0.600000
7432,d,0.600000
7433,p,0.400000
7434,d,0.600000
7435,d,0.600000
7436,d,0.400000
7437,s,0.800000
7438,p,0.400000
7439,d,0.400000
7440,s,0.400000
7441,p,0.400000
7442,d,0.400000
7443,d,0.600000
7444,s,0.400000
7445,p,0.600000
7446,d,0.600000
7447,s,0.400000
7448,d,0.600000
7449,s,0.800000
7450,s,0.600000
7451,p,0.800000
7452,p,0.800000
7453,p,0.600000
7454,s,0.400000
7455,d,0.400000
7456,p,0.600000
7457,p,0.400000
7458,d,0.400000
7459,p,0.400000
7460,d,0.400000
7461,s,0.400000
7462,s,0.600000
7463,d,0.600000
7464,d,0.600000
7465,d,0.200000
7466,d,0.600000
7467,d,0.400000
7468,p,0.400000
7469,s,0.800000
7470,s,0.400000
7471,p,0.400000
7472,s,0.600000
7473,p,0.400000
7474,s,0.600000
7475,s,0.600000
7476,p,0.400000
7477,p,0.600000
7478,p,0.200000
7479,p,0.400000
7480,d,0.600000
7481,d,0.600000
7482,p,0.400000
7483,s,0.800000
7484,p,0.400000
7485,s,0.400000
7486,d,0.400000
7487,p,0.400000
7488,p,0.600000
7489,d,0.400000
7490,p,0.400000
7491,p,0.600000
7492,s,0.400000
7493,s,0.600000
7494,s,0.400000
7495,p,0.800000
7496,s,0.600000
7497,s,0.400000
7498,p,0.600000
7499,d,0.200000
7500,d,0.400000
7501,d,0.600000
7502,p,0.600000
7503,s,0.400000
7504,p,0.200000
7505,d,0.600000
7506,s,0.600000
7507,s,0.400000
7508,s,0.600000
7509,p,0.400000
7510,d,0.600000
7511,d,0.600000
7512,s,0.400000
7513,s,0.400000
7514,s,0.600000
7515,s,0.600000
7516,d,0.600000
7517,d,0.400000
7518,s,0.400000
7519,d,0.600000
7520,d,0.600000
7521,d,0.600000
7522,d,0.600000
7523,p,0.600000
7524,d,0.200000
7525,p,0.400000
7526,p,0.400000
7527,s,0.400000
7528,p,0.600000
7529,s,0.400000
7530,p,0.400000
7531,p,0.600000
7532,p,0.600000
7533,s,0.600000
7534,s,0.400000
7535,p,0.600000
7536,s,0.400000
7537,d,0.200000
7538,d,0.200000
7539,d,0.400000
7540,d,0.600000
7541,p,0.600000
7542,s,0.400000
7543,s,0.400000
7544,p,0.600000
7545,s,0.600000
7546,p,0.400000
7547,d,0.600000
7548,d,0.200000
7549,s,0.400000
7550,s,0.400000
7551,d,0.400000
7552,p,0.400000
7553,p,0.600000
7554,d,0.600000
7555,s,0.400000
7556,d,0.800000
7557,d,0.800000
7558,s,0.400000
7559,p,0.400000
7560,s,0.600000
7561,d,0.400000
7562,s,0.400000
7563,d,0.400000
7564,d,0.600000
7565,p,0.200000
7566,d,0.600000
7567,s,0.400000
7568,d,0.200000
7569,p,0.200000
7570,p,0.200000
7571,d,0.400000
7572,s,0.600000
7573,s,0.800000
7574,p,0.400000
7575,p,0.600000
7576,s,0.400000
7577,d,0.600000
7578,p,0.200000
7579,s,0.600000
7580,s,0.400000
7581,p,0.600000
7582,d,0.400000
7583,s,0.400000
7584,d,0.600000
7585,d,0.400000
7586,p,0.400000
7587,p,0.600000
7588,d,0.200000
7589,p,0.600000
7590,d,0.400000
7591,p,0.400000
7592,p,0.400000
7593,d,0.600000
7594,p,0.800000
7595,p,0.800000
7596,d,0.600000
7597,d,0.600000
7598,s,0.400000
7599,s,0.600000
7600,d,0.400000
7601,d,0.600000
7602,s,0.800000
7603,d,0.400000
7604,p,0.400000
7605,p,0.600000
7606,p,0.600000
7607,p,0.400000
7608,d,0.400000
7609,d,0.400000
7610,s,0.800000
7611,p,0.400000
7612,s,0.400000
7613,d,0.600000
7614,d,0.400000
7615,d,0.800000
7616,p,0.600000
7617,s,0.600000
7618,p,0.600000
7619,d,0.800000
7620,s,0.400000
7621,p,0.400000
7622,d,0.800000
7623,p,0.800000
7624,p,0.800000
7625,p,0.200000
7626,d,0.600000
7627,p,0.600000
7628,d,0.600000
7629,p,0.400000
7630,d,0.600000
7631,s,0.600000
7632,s,0.400000
7633,s,0.400000
7634,p,0.400000
7635,s,0.400000
7636,p,0.600000
7637,p,0.400000
7638,s,0.400000
7639,p,0.400000
7640,p,0.400000
7641,p,0.400000
7642,p,0.400000
7643,d,0.600000
7644,p,0.400000
7645,p,0.600000
7646,p,0.400000
7647,s,0.400000
7648,p,0.600000
7649,p,0.600000
7650,d,0.600000
7651,s,0.400000
7652,d,0.600000
7653,s,0.400000
7654,s,0.400000
7655,s,0.400000
7656,d,0.600000
7657,s,0.400000
7658,d,0.600000
7659,d,0.200000
7660,p,0.400000
7661,p,0.600000
7662,p,0.600000
7663,d,0.600000
7664,p,0.400000
7665,d,0.400000
7666,s,0.400000
7667,d,0.600000
7668,d,0.600000
7669,s,0.600000
7670,d,0.400000
7671,s,0.600000
7672,d,0.600000
7673,d,0.600000
7674,p,0.400000
7675,s,0.400000
7676,p,0.600000
7677,d,0.600000
7678,p,0.400000
7679,d,0.800000
7680,s,0.400000
7681,d,0.400000
7682,d,0.600000
7683,p,0.600000
7684,p,0.400000
7685,p,0.400000
7686,s,0.600000
7687,p,0.800000
7688,p,0.400000
7689,s,0.400000
7690,s,0.600000
7691,p,0.800000
7692,s,0.600000
7693,p,0.400000
7694,d,0.400000
7695,d,0.400000
7696,s,0.600000
7697,s,0.800000
7698,s,0.400000
7699,s,0.400000
7700,d,0.200000
7701,d,0.600000
7702,p,0.600000
7703,p,0.600000
7704,s,0.600000
7705,s,0.400000
7706,s,0.400000
7707,d,0.600000
7708,s,0.800000
7709,p,0.400000
7710,s,0.400000
7711,p,0.600000
7712,p,0.600000
7713,s,0.400000
7714,s,0.600000
7715,d,0.200000
7716,d,0.200000
7717,p,0.400000
7718,s,0.600000
7719,d,0.400000
7720,p,0.400000
7721,d,0.400000
7722,s,0.400000
7723,s,0.600000
7724,p,0.600000
7725,s,0.400000
7726,d,0.400000
7727,s,0.400000
7728,d,0.600000
7729,d,0.200000
7730,p,0.600000
7731,p,0.600000
7732,p,0.600000
7733,d,0.400000
7734,p,0.600000
7735,d,0.600000
7736,d,0.400000
7737,s,0.400000
7738,p,0.600000
7739,d,0.400000
7740,s,0.400000
7741,p,0.200000
7742,p,0.400000
7743,p,0.400000
7744,p,0.200000
7745,d,0.600000
7746,p,0.600000
7747,s,0.400000
7748,s,0.400000
7749,s,0.400000
7750,d,0.600000
7751,p,0.800000
7752,d,0.600000
7753,d,0.600000
7754,p,0.600000
7755,p,0.600000
7756,d,0.400000
7757,d,0.400000
7758,s,0.400000
7759,d,0.400000
7760,s,0.600000
7761,s,0.400000
7762,s,0.600000
7763,d,0.600000
7764,p,0.600000
7765,s,0.400000
7766,d,0.400000
7767,d,0.600000
7768,d,0.600000
7769,d,0.600000
7770,s,0.400000
7771,d,0.400000
7772,p,0.600000
7773,d,0.400000
7774,s,0.400000
7775,p,0.600000
7776,p,0.200000
7777,s,0.400000
7778,d,0.400000
7779,s,0.800000
7780,s,0.400000
7781,p,0.200000
7782,s,0.400000
7783,s,0.600000
7784,p,0.600000
7785,s,0.600000
7786,p,0.600000
7787,s,0.400000
7788,s,0.600000
7789,s,0.400000
7790,s,1.000000
7791,p,0.200000
7792,p,0.400000
7793,s,0.800000
7794,s,0.400000
7795,s,0.400000
7796,d,0.400000
7797,d,0.600000
7798,p,0.600000
7799,s,0.400000
7800,d,0.600000
7801,d,0.600000
7802,p,0.600000
7803,p,0.600000
7804,s,0.400000
7805,p,0.400000
7806,d,0.600000
7807,d,0.600000
7808,p,0.600000
7809,s,0.400000
7810,d,0.400000
7811,d,0.800000
7812,s,0.400000
7813,s,0.600000
7814,s,0.400000
7815,d,0.400000
7816,s,0.600000
7817,p,0.600000
7818,d,0.400000
7819,p,0.800000
7820,d,0.600000
7821,p,0.600000
7822,s,0.400000
7823,p,0.600000
7824,p,0.400000
7825,d,0.600000
7826,d,0.600000
7827,d,0.400000
7828,p,0.400000
7829,d,0.400000
7830,p,0.400000
7831,p,0.400000
7832,p,0.200000
7833,p,0.400000
7834,d,0.600000
7835,d,0.400000
7836,p,0.400000
7837,s,0.400000
7838,p,0.600000
7839,d,0.600000
7840,s,0.400000
7841,s,0.400000
7842,s,0.600000
7843,p,0.800000
7844,p,0.400000
7845,s,0.400000
7846,s,0.400000
7847,s,0.400000
7848,d,0.400000
7849,s,0.400000
7850,d,0.400000
7851,d,0.400000
7852,d,0.400000
7853,s,0.400000
7854,d,0.400000
7855,p,0.600000
7856,d,0.200000
7857,d,0.400000
7858,p,0.400000
7859,d,0.600000
7860,d,0.800000
7861,p,0.200000
7862,s,0.800000
7863,s,0.600000
7864,p,0.800000
7865,s,0.400000
7866,s,0.400000
7867,p,0.600000
7868,s,0.400000
7869,s,0.400000
7870,s,0.400000
7871,d,0.200000
7872,p,0.400000
7873,d,0.200000
7874,s,0.400000
7875,s,0.600000
7876,p,0.400000
7877,d,0.600000
7878,d,0.400000
7879,d,0.600000
7880,s,0.400000
7881,d,0.600000
7882,d,0.600000
7883,d,0.800000
7884,s,0.600000
7885,s,0.600000
7886,s,0.600000
7887,s,0.400000
7888,d,0.400000
7889,s,0.400000
7890,p,0.400000
7891,p,0.400000
7892,d,0.600000
7893,p,0.600000
7894,s,0.400000
7895,p,0.600000
7896,s,0.400000
7897,p,0.600000
7898,d,0.400000
7899,p,0.400000
7900,p,0.400000
7901,s,0.600000
7902,s,0.800000
7903,p,0.400000
7904,p,0.400000
7905,d,0.400000
7906,s,0.400000
7907,s,0.400000
7908,s,0.600000
7909,p,0.600000
7910,d,0.600000
7911,p,0.400000
7912,p,0.400000
7913,s,0.400000
7914,d,0.400000
7915,s,0.400000
7916,d,0.600000
7917,d,0.600000
7918,d,0.400000
7919,p,0.400000
7920,s,0.400000
7921,p,0.600000
7922,p,0.600000
7923,p,0.600000
7924,s,0.400000
7925,s,0.400000
7926,s,0.800000
7927,d,0.600000
7928,s,0.600000
7929,s,0.600000
7930,s,0.600000
7931,s,0.400000
7932,s,0.600000
7933,d,0.400000
7934,d,0.600000
7935,d,0.600000
7936,p,0.400000
7937,d,0.400000
7938,d,0.600000
7939,d,0.600000
7940,s,0.400000
7941,d,0.400000
7942,p,0.400000
7943,s,0.400000
7944,d,0.600000
7945,s,0.600000
7946,p,0.600000
7947,p,0.400000
7948,p,0.400000
7949,d,0.400000
7950,d,0.600000
7951,s,0.400000
7952,d,0.400000
7953,p,0.600000
7954,s,0.800000
7955,p,0.200000
7956,s,0.400000
7957,d,0.600000
7958,d,0.400000
7959,s,0.600000
7960,d,0.800000
7961,s,0.400000
7962,s,0.400000
7963,p,0.400000
7964,p,0.400000
7965,d,0.400000
7966,p,0.400000
7967,p,0.600000
7968,p,0.600000
7969,p,0.600000
7970,d,0.400000
7971,p,0.600000
7972,d,0.400000
7973,d,0.200000
7974,d,0.600000
7975,s,0.800000
7976,p,0.600000
7977,d,0.400000
7978,p,0.800000
7979,s,0.400000
7980,d,0.800000
7981,p,0.800000
7982,s,0.600000
7983,s,0.400000
7984,s,0.400000
7985,s,0.400000
7986,p,0.600000
7987,s,0.400000
7988,s,0.600000
7989,d,0.400000
7990,p,0.600000
7991,p,0.600000
7992,d,0.600000
7993,s,0.200000
7994,s,0.600000
7995,s,0.600000
7996,p,0.200000
7997,s,0.400000
7998,p,0.600000
7999,d,0.400000
8000,p,0.600000
8001,p,0.400000
8002,p,0.600000
8003,s,0.400000
8004,d,0.800000
8005,p,0.600000
8006,d,0.600000
8007,d,0.600000
8008,p,0.400000
8009,p,0.400000
8010,s,0.400000
8011,d,0.600000
8012,d,0.600000
8013,d,0.400000
8014,d,0.600000
8015,s,0.200000
8016,p,0.400000
8017,s,0.400000
8018,s,0.800000
8019,p,0.600000
8020,s,0.400000
8021,p,0.400000
8022,d,0.600000
8023,s,0.600000
8024,d,0.600000
8025,d,0.600000
8026,s,0.400000
8027,d,0.400000
8028,s,0.400000
8029,p,0.600000
8030,p,0.600000
8031,p,0.600000
8032,d,0.600000
8033,d,0.400000
8034,s,0.400000
8035,s,0.600000
8036,s,0.400000
8037,s,0.600000
8038,p,0.200000
8039,d,0.200000
8040,s,0.400000
8041,s,0.800000
8042,d,0.400000
8043,s,0.400000
8044,p,0.400000
8045,p,0.400000
8046,d,0.400000
8047,p,0.600000
8048,p,0.600000
8049,s,0.400000
8050,s,0.400000
8051,s,0.400000
8052,p,0.600000
8053,s,0.400000
8054,s,0.400000
8055,d,0.600000
8056,d,0.400000
8057,p,0.400000
8058,p,0.400000
8059,s,0.800000
8060,p,0.600000
8061,d,0.200000
8062,d,0.200000
8063,p,0.200000
8064,d,0.400000
8065,p,0.400000
8066,d,0.400000
8067,d,0.600000
8068,s,0.400000
8069,p,0.600000
8070,s,0.400000
8071,p,1.000000
8072,d,0.600000
8073,p,0.800000
8074,d,0.800000
8075,s,0.200000
8076,p,0.600000
8077,d,0.600000
8078,d,0.400000
8079,s,0.800000
8080,s,1.000000
8081,s,0.800000
8082,p,0.400000
8083,s,0.600000
8084,d,0.600000
8085,d,0.400000
8086,p,0.600000
8087,s,0.400000
8088,s,0.400000
8089,s,0.800000
8090,s,0.400000
8091,p,0.400000
8092,s,0.600000
8093,p,0.600000
8094,s,0.600000
8095,s,0.400000
8096,s,0.800000
8097,d,0.600000
8098,p,0.600000
8099,d,0.600000
8100,s,0.400000
8101,p,0.400000
8102,p,0.400000
8103,d,0.600000
8104,s,0.800000
8105,d,0.400000
8106,s,0.600000
8107,p,0.600000
8108,s,0.600000
8109,s,0.400000
8110,p,0.400000
8111,d,0.600000
8112,p,0.400000
8113,d,0.600000
8114,d,0.200000
8115,p,0.600000
8116,s,0.400000
8117,p,0.400000
8118,d,0.600000
8119,s,0.400000
8120,d,0.600000
8121,s,0.600000
8122,p,0.800000
8123,p,0.400000
8124,d,0.200000
8125,d,0.600000
8126,p,0.400000
8127,s,0.400000
8128,d,0.400000
8129,p,0.200000
8130,d,0.400000
8131,d,0.400000
8132,d,0.600000
8133,d,0.400000
8134,d,0.600000
8135,p,0.600000
8136,p,0.600000
8137,d,0.400000
8138,p,0.400000
8139,p,0.600000
8140,d,0.400000
8141,d,0.600000
8142,p,0.800000
8143,p,0.600000
8144,p,0.600000
8145,s,0.400000
8146,p,0.200000
8147,p,0.600000
8148,d,0.400000
8149,p,0.400000
8150,d,0.600000
8151,s,0.800000
8152,d,0.400000
8153,d,0.600000
8154,p,0.600000
8155,p,0.200000
8156,s,0.400000
8157,d,0.600000
8158,s,0.800000
8159,d,0.200000
8160,p,0.400000
8161,s,0.400000
8162,s,0.400000
8163,p,0.400000
8164,d,0.600000
8165,s,0.400000
8166,d,0.400000
8167,d,0.600000
8168,p,0.800000
8169,s,0.800000
8170,d,0.200000
8171,d,0.400000
8172,p,0.600000
8173,s,0.600000
8174,d,0.600000
8175,s,0.400000
8176,p,0.200000
8177,p,0.400000
8178,d,0.400000
8179,s,0.600000
8180,p,0.400000
8181,d,0.400000
8182,p,0.800000
8183,s,0.400000
8184,d,0.600000
8185,s,0.600000
8186,s,0.600000
8187,p,0.200000
8188,p,0.200000
8189,p,0.200000
8190,p,0.600000
8191,p,0.600000
8192,p,0.400000
8193,s,0.400000
8194,p,0.600000
8195,p,0.400000
8196,d,0.400000
8197,d,0.600000
8198,d,0.600000
8199,d,0.600000
8200,d,0.600000
8201,s,0.400000
8202,p,0.400000
8203,p,0.400000
8204,p,0.600000
8205,s,0.800000
8206,p,0.200000
8207,d,0.600000
8208,s,0.400000
8209,p,0.400000
8210,s,0.600000
8211,p,0.400000
8212,p,0.400000
8213,d,0.600000
8214,s,0.800000
8215,s,0.400000
8216,d,0.400000
8217,p,0.600000
8218,s,0.400000
8219,s,0.400000
8220,s,0.400000
8221,s,0.600000
8222,s,0.400000
8223,p,1.000000
8224,s,0.400000
8225,s,0.400000
8226,d,0.400000
8227,p,0.400000
8228,p,0.400000
8229,p,0.600000
8230,s,0.400000
8231,s,0.400000
8232,s,0.400000
8233,d,0.600000
8234,p,0.600000
8235,d,0.200000
8236,s,0.600000
8237,d,0.400000
8238,p,0.600000
8239,d,0.600000
8240,d,0.600000
8241,d,0.400000
8242,p,0.400000
8243,p,0.800000
8244,d,0.600000
8245,s,0.400000
8246,d,0.400000
8247,s,0.400000
8248,p,0.400000
8249,d,0.400000
8250,p,0.600000
8251,p,0.800000
8252,d,0.600000
8253,d,0.600000
8254,d,0.600000
8255,s,0.400000
8256,s,0.800000
8257,s,0.600000
8258,s,0.400000
8259,d,0.600000
8260,d,0.600000
8261,s,0.800000
8262,d,0.600000
8263,p,0.800000
8264,s,0.400000
8265,p,0.400000
8266,d,0.600000
8267,p,0.400000
8268,d,0.600000
8269,p,0.400000
8270,d,0.400000
8271,d,0.400000
8272,s,0.400000
8273,d,0.600000
8274,s,0.600000
8275,d,0.600000
8276,d,0.400000
8277,s,0.600000
8278,p,0.400000
8279,d,0.600000
8280,s,0.600000
8281,p,0.400000
8282,p,0.600000
8283,d,0.600000
8284,s,0.400000
8285,s,0.600000
8286,d,0.600000
8287,p,0.800000
8288,s,0.400000
8289,s,0.200000
8290,p,0.400000
8291,p,0.400000
8292,d,0.200000
8293,s,0.800000
8294,s,0.400000
8295,d,0.400000
8296,s,0.400000
8297,s,0.400000
8298,d,0.400000
8299,s,0.600000
8300,s,0.400000
8301,p,0.200000
8302,d,0.400000
8303,p,0.400000
8304,s,0.400000
8305,d,0.400000
8306,s,0.400000
8307,d,0.800000
8308,s,0.400000
8309,d,0.600000
8310,s,0.400000
8311,p,0.600000
8312,s,0.600000
8313,s,0.600000
8314,s,0.400000
8315,s,0.400000
8316,p,0.600000
8317,s,0.400000
8318,p,0.600000
8319,d,0.600000
8320,s,0.800000
8321,p,0.600000
8322,s,0.400000
8323,p,0.600000
8324,d,0.200000
8325,p,0.600000
8326,p,0.400000
8327,s,0.400000
8328,d,0.600000
8329,p,0.400000
8330,p,0.600000
8331,s,0.400000
8332,d,0.200000
8333,s,0.400000
8334,s,0.400000
8335,s,0.400000
8336,d,0.600000
8337,p,0.400000
8338,d,0.600000
8339,s,0.400000
8340,p,0.600000
8341,s,0.400000
8342,d,0.400000
8343,p,0.200000
8344,p,0.600000
8345,p,0.600000
8346,s,0.200000
8347,d,0.600000
8348,s,0.600000
8349,d,0.600000
8350,d,0.600000
8351,s,0.400000
8352,d,0.600000
8353,d,0.600000
8354,s,0.400000
8355,p,0.600000
8356,s,0.600000
8357,s,0.400000
8358,p,0.600000
8359,s,0.800000
8360,s,0.400000
8361,s,0.600000
8362,d,0.800000
8363,d,0.200000
8364,d,0.400000
8365,p,0.600000
8366,p,0.600000
8367,p,0.400000
8368,p,0.600000
8369,p,0.400000
8370,p,0.400000
8371,p,0.400000
8372,s,0.400000
8373,s,0.400000
8374,s,0.400000
8375,p,0.400000
8376,s,0.400000
8377,s,0.400000
8378,d,0.400000
8379,p,0.400000
8380,p,0.400000
8381,s,0.400000
8382,p,0.400000
8383,p,0.400000
8384,d,0.800000
8385,p,0.600000
8386,d,0.400000
8387,s,0.400000
8388,s,0.400000
8389,p,0.600000
8390,d,0.400000
8391,d,0.600000
8392,d,0.400000
8393,s,0.800000
8394,p,0.400000
8395,p,0.800000
8396,p,0.600000
8397,s,0.400000
8398,s,0.400000
8399,p,0.400000
8400,p,0.600000
8401,d,0.200000
8402,d,0.200000
8403,s,0.800000
8404,p,0.600000
8405,p,0.600000
8406,d,0.400000
8407,p,0.200000
8408,d,0.400000
8409,d,0.600000
8410,d,0.600000
8411,d,0.400000
8412,d,0.800000
8413,p,0.400000
8414,s,0.400000
8415,p,0.400000
8416,s,0.800000
8417,d,0.200000
8418,s,0.600000
8419,d,0.600000
8420,p,0.400000
8421,p,0.400000
8422,p,0.600000
8423,p,0.400000
8424,s,0.400000
8425,d,0.400000
8426,p,0.400000
8427,s,0.400000
8428,s,0.600000
8429,d,0.800000
8430,s,0.600000
8431,s,0.600000
8432,d,0.400000
8433,s,0.600000
8434,d,0.400000
8435,d,0.200000
8436,p,0.600000
8437,s,0.400000
8438,p,0.600000
8439,d,0.600000
8440,s,0.400000
8441,s,0.800000
8442,p,0.200000
8443,p,0.400000
8444,d,0.600000
8445,s,0.400000
8446,s,0.400000
8447,d,0.400000
8448,d,0.600000
8449,d,0.800000
8450,p,0.200000
8451,s,0.200000
8452,p,0.600000
8453,d,0.600000
8454,p,0.600000
8455,s,0.400000
8456,p,0.400000
8457,p,0.400000
8458,p,0.600000
8459,s,0.600000
8460,p,0.600000
8461,p,0.600000
8462,d,0.400000
8463,p,0.600000
8464,d,0.400000
8465,s,0.600000
8466,p,0.400000
8467,p,0.400000
8468,d,0.400000
8469,s,0.400000
8470,p,0.600000
8471,s,0.400000
8472,s,0.400000
8473,d,0.600000
8474,s,0.400000
8475,d,0.400000
8476,p,0.400000
8477,p,0.400000
8478,d,0.600000
8479,s,0.600000
8480,s,0.400000
8481,p,0.400000
8482,s,0.400000
8483,s,0.600000
8484,s,0.600000
8485,d,0.400000
8486,s,0.400000
8487,s,0.400000
8488,s,0.400000
8489,p,0.400000
8490,s,0.600000
8491,d,0.200000
8492,s,0.400000
8493,s,0.600000
8494,d,0.200000
8495,s,0.400000
8496,d,0.200000
8497,s,0.600000
8498,d,0.400000
8499,d,0.600000
8500,p,0.600000
8501,s,0.600000
8502,s,0.600000
8503,p,0.600000
8504,s,0.400000
8505,p,0.400000
8506,d,0.600000
8507,d,0.600000
8508,d,0.400000
8509,s,0.400000
8510,p,0.400000
8511,d,0.400000
8512,d,0.800000
8513,d,0.200000
8514,p,0.400000
8515,d,0.400000
8516,s,0.400000
8517,d,0.400000
8518,s,0.600000
8519,p,0.400000
8520,s,0.600000
8521,s,0.400000
8522,s,0.600000
8523,s,0.400000
8524,p,0.400000
8525,s,0.600000
8526,p,0.200000
8527,s,0.400000
8528,d,0.400000
8529,p,0.600000
8530,s,0.600000
8531,s,0.400000
8532,d,0.400000
8533,s,0.600000
8534,p,0.600000
8535,p,0.400000
8536,p,0.600000
8537,s,0.600000
8538,s,0.600000
8539,d,0.800000
8540,d,0.800000
8541,s,0.400000
8542,d,0.800000
8543,s,0.400000
8544,s,0.800000
8545,s,0.400000
8546,s,0.800000
8547,s,0.800000
8548,d,0.400000
8549,s,0.800000
8550,s,0.800000
8551,d,0.400000
8552,p,0.800000
8553,d,0.600000
8554,s,0.400000
8555,s,0.400000
8556,d,0.600000
8557,p,0.600000
8558,d,0.400000
8559,d,0.400000
8560,p,0.600000
8561,p,0.400000
8562,p,0.600000
8563,p,0.400000
8564,s,0.800000
8565,p,0.600000
8566,d,0.600000
8567,s,0.600000
8568,p,0.400000
8569,p,0.400000
8570,d,0.400000
8571,d,0.200000
8572,p,0.600000
8573,s,0.400000
8574,p,0.600000
8575,s,0.400000
8576,p,0.400000
8577,s,0.800000
8578,d,0.600000
8579,s,0.600000
8580,s,0.400000
8581,p,0.800000
8582,d,0.600000
8583,s,0.400000
8584,p,0.400000
8585,p,1.000000
8586,p,0.400000
8587,p,0.400000
8588,d,0.600000
8589,s,0.400000
8590,s,0.400000
8591,p,0.600000
8592,s,0.400000
8593,s,0.400000
8594,p,0.400000
8595,d,0.600000
8596,s,0.600000
8597,s,0.600000
8598,s,0.400000
8599,p,0.200000
8600,d,0.200000
8601,p,0.200000
8602,s,0.600000
8603,s,0.600000
8604,s,0.600000
8605,s,0.400000
8606,d,0.400000
8607,d,0.200000
8608,s,0.400000
8609,d,0.400000
8610,p,0.400000
8611,s,0.800000
8612,d,0.600000
8613,d,0.400000
8614,d,0.800000
8615,p,0.400000
8616,s,0.400000
8617,p,0.400000
8618,p,0.400000
8619,s,0.400000
8620,d,0.600000
8621,d,0.600000
8622,p,0.400000
8623,d,0.200000
8624,d,0.400000
8625,p,0.600000
8626,d,0.400000
8627,p,0.200000
8628,d,0.200000
8629,p,0.400000
8630,d,0.600000
8631,d,0.600000
8632,d,0.600000
8633,d,0.800000
8634,p,0.200000
8635,p,0.600000
8636,d,0.600000
8637,p,0.600000
8638,s,0.600000
8639,p,0.400000
8640,s,0.400000
8641,s,0.800000
8642,p,0.600000
8643,d,0.800000
8644,d,0.600000
8645,s,0.600000
8646,p,0.600000
8647,s,0.600000
8648,p,0.800000
8649,s,0.400000
8650,p,0.400000
8651,s,0.600000
8652,p,0.600000
8653,p,0.200000
8654,p,0.400000
8655,p,0.600000
8656,p,0.600000
8657,d,0.400000
8658,s,0.600000
8659,p,0.800000
8660,s,0.400000
8661,s,0.400000
8662,d,0.600000
8663,s,0.600000
8664,p,0.400000
8665,d,0.200000
8666,s,0.400000
8667,d,0.600000
8668,p,0.400000
8669,s,0.400000
8670,d,0.600000
8671,d,0.600000
8672,s,0.600000
8673,p,0.400000
8674,p,0.400000
8675,s,0.400000
8676,s,0.600000
8677,p,0.800000
8678,p,0.600000
8679,s,0.400000
8680,s,0.800000
8681,d,0.400000
8682,p,0.400000
8683,p,0.600000
8684,p,0.600000
8685,s,0.400000
8686,d,0.400000
8687,p,0.400000
8688,d,0.600000
8689,d,0.600000
8690,d,0.600000
8691,p,0.400000
8692,s,0.400000
8693,p,0.400000
8694,d,0.400000
8695,d,0.400000
8696,s,0.600000
8697,p,0.400000
8698,p,0.400000
8699,d,0.600000
8700,s,0.400000
8701,d,0.600000
8702,p,0.600000
8703,s,0.400000
8704,p,0.600000
8705,s,0.400000
8706,d,0.600000
8707,s,0.600000
8708,d,0.600000
8709,p,0.400000
8710,s,0.400000
8711,s,0.400000
8712,s,0.400000
8713,p,0.600000
8714,s,0.400000
8715,d,0.400000
8716,d,0.800000
8717,s,0.400000
8718,d,0.400000
8719,s,0.600000
8720,d,0.600000
8721,d,0.600000
8722,p,0.400000
8723,s,0.800000
8724,p,0.600000
8725,d,0.400000
8726,d,0.400000
8727,s,0.400000
8728,d,0.600000
8729,s,0.600000
8730,p,0.400000
8731,d,0.200000
8732,s,0.800000
8733,p,0.400000
8734,p,0.400000
8735,p,0.400000
8736,d,0.400000
8737,s,0.600000
8738,p,0.200000
8739,p,0.400000
8740,d,0.400000
8741,d,0.600000
8742,d,0.600000
8743,s,0.600000
8744,s,0.600000
8745,p,0.600000
8746,s,0.400000
8747,d,0.600000
8748,d,0.600000
8749,p,0.600000
8750,s,0.400000
8751,p,0.200000
8752,d,0.400000
8753,p,0.600000
8754,d,0.600000
8755,s,0.400000
8756,d,0.600000
8757,d,0.200000
8758,d,0.600000
8759,p,0.600000
8760,p,0.600000
8761,s,0.400000
8762,d,0.600000
8763,p,0.400000
8764,p,0.600000
8765,d,0.400000
8766,d,0.600000
8767,s,0.400000
8768,d,0.400000
8769,s,0.400000
8770,p,0.600000
8771,d,0.200000
8772,d,0.400000
8773,s,0.400000
8774,p,0.600000
8775,p,0.400000
8776,d,0.600000
8777,p,0.600000
8778,s,0.400000
8779,s,0.600000
8780,p,0.400000
8781,s,0.400000
8782,d,0.600000
8783,p,0.600000
8784,s,0.600000
8785,d,0.600000
8786,d,0.200000
8787,d,0.400000
8788,s,0.400000
8789,s,0.400000
8790,p,0.400000
8791,d,0.600000
8792,d,0.600000
8793,s,0.200000
8794,d,0.200000
8795,d,0.600000
8796,d,0.600000
8797,p,0.400000
8798,s,0.600000
8799,p,0.600000
8800,p,0.600000
8801,p,0.600000
8802,s,0.200000
8803,d,0.400000
8804,p,0.800000
8805,p,0.600000
8806,s,0.400000
8807,d,0.400000
8808,d,0.400000
8809,s,0.800000
8810,s,0.800000
8811,p,0.600000
8812,s,0.400000
8813,p,0.400000
8814,s,0.800000
8815,p,0.600000
8816,p,0.600000
8817,s,0.400000
8818,d,0.400000
8819,s,0.400000
8820,d,0.400000
8821,d,0.400000
8822,p,0.200000
8823,d,0.600000
8824,p,0.400000
8825,p,0.600000
8826,p,0.600000
8827,s,0.400000
8828,p,0.600000
8829,s,0.400000
8830,s,0.400000
8831,s,0.400000
8832,s,0.400000
8833,s,0.600000
8834,s,0.400000
8835,d,0.400000
8836,s,0.400000
8837,s,0.400000
8838,p,0.800000
8839,d,0.600000
8840,p,0.400000
8841,s,0.400000
8842,p,0.600000
8843,s,0.400000
8844,s,0.400000
8845,d,0.600000
8846,s,0.400000
8847,s,0.600000
8848,s,0.600000
8849,p,0.400000
8850,s,0.600000
8851,s,0.400000
8852,p,0.600000
8853,p,0.600000
8854,d,0.400000
8855,s,0.400000
8856,p,0.600000
8857,d,0.400000
8858,d,0.400000
8859,d,0.400000
8860,s,0.400000
8861,p,0.400000
8862,p,0.400000
8863,p,0.600000
8864,d,0.600000
8865,d,0.800000
8866,p,0.400000
8867,p,0.400000
8868,s,0.800000
8869,s,0.600000
8870,p,0.200000
8871,d,0.400000
8872,p,0.600000
8873,p,0.400000
8874,d,0.400000
8875,p,0.400000
8876,p,0.400000
8877,s,0.400000
8878,d,0.400000
8879,p,0.600000
8880,p,0.400000
8881,s,0.600000
8882,s,0.400000
8883,s,0.400000
8884,d,0.400000
8885,p,0.600000
8886,d,0.400000
8887,p,0.400000
8888,s,0.400000
8889,p,0.400000
8890,d,0.800000
8891,p,0.800000
8892,p,0.400000
8893,d,0.800000
8894,s,0.600000
8895,p,0.200000
8896,p,0.400000
8897,s,0.400000
8898,d,0.200000
8899,d,0.400000
8900,p,0.600000
8901,p,0.400000
8902,d,0.400000
8903,s,0.800000
8904,p,0.400000
8905,p,0.600000
8906,s,0.600000
8907,d,0.800000
8908,p,0.800000
8909,s,0.400000
8910,s,0.400000
8911,d,0.400000
8912,s,0.400000
8913,p,0.200000
8914,d,0.400000
8915,s,0.800000
8916,s,0.600000
8917,p,0.600000
8918,p,0.800000
8919,d,0.400000
8920,s,0.400000
8921,p,0.800000
8922,s,0.800000
8923,d,0.800000
8924,s,0.400000
8925,d,0.400000
8926,s,0.600000
8927,d,0.400000
8928,d,0.400000
8929,s,0.400000
8930,d,0.200000
8931,d,0.600000
8932,s,0.400000
8933,p,0.600000
8934,p,0.600000
8935,d,0.800000
8936,s,0.400000
8937,s,0.800000
8938,p,0.400000
8939,p,0.600000
8940,s,0.400000
8941,p,0.600000
8942,d,0.400000
8943,d,0.600000
8944,d,0.600000
8945,d,0.600000
8946,p,0.800000
8947,s,0.400000
8948,p,0.600000
8949,p,0.400000
8950,s,0.600000
8951,d,0.400000
8952,s,0.800000
8953,d,0.400000
8954,d,0.200000
8955,s,0.400000
8956,p,0.600000
8957,p,0.400000
8958,s,0.400000
8959,p,0.600000
8960,s,0.400000
8961,s,0.600000
8962,d,0.400000
8963,p,0.600000
8964,d,0.600000
8965,p,0.600000
8966,d,0.600000
8967,s,0.400000
8968,s,0.800000
8969,s,0.600000
8970,s,0.800000
8971,d,0.400000
8972,s,0.800000
8973,d,0.400000
8974,s,0.200000
8975,d,0.600000
8976,d,0.600000
8977,p,0.400000
8978,s,0.800000
8979,d,0.200000
8980,p,0.600000
8981,s,0.800000
8982,d,0.400000
8983,p,0.800000
8984,s,0.400000
8985,s,0.400000
8986,p,0.400000
8987,d,0.600000
8988,p,0.400000
8989,d,0.800000
8990,d,0.600000
8991,s,0.600000
8992,s,0.400000
8993,d,0.600000
8994,d,0.600000
8995,s,0.400000
8996,p,0.200000
8997,d,0.400000
8998,d,0.200000
8999,d,0.600000
9000,p,0.600000
9001,d,0.400000
9002,d,0.600000
9003,d,0.800000
9004,d,0.800000
9005,p,0.400000
9006,d,0.600000
9007,p,0.600000
9008,d,0.200000
9009,p,0.600000
9010,p,0.600000
9011,p,0.400000
9012,d,0.600000
9013,d,0.400000
9014,p,0.600000
9015,d,0.600000
9016,p,0.400000
9017,d,0.400000
9018,d,0.400000
9019,s,0.800000
9020,d,0.800000
9021,p,0.200000
9022,d,0.400000
9023,d,0.200000
9024,d,0.600000
9025,p,0.400000
9026,d,0.600000
9027,p,0.600000
9028,d,0.600000
9029,p,0.800000
9030,d,0.400000
9031,s,0.600000
9032,p,0.400000
9033,s,0.600000
9034,s,0.400000
9035,d,0.600000
9036,p,0.600000
9037,s,0.400000
9038,s,0.400000
9039,s,0.800000
9040,s,0.600000
9041,p,0.200000
9042,s,0.400000
9043,s,0.600000
9044,s,0.600000
9045,d,0.400000
9046,d,0.600000
9047,s,0.400000
9048,d,0.200000
9049,s,0.400000
9050,p,0.600000
9051,s,0.400000
9052,s,0.400000
9053,p,0.400000
9054,p,0.600000
9055,p,0.600000
9056,d,0.400000
9057,d,0.600000
9058,p,0.400000
9059,d,0.200000
9060,p,0.600000
9061,p,0.600000
9062,s,0.600000
9063,d,0.600000
9064,p,0.200000
9065,d,0.600000
9066,d,0.400000
9067,s,0.400000
9068,p,0.400000
9069,d,0.600000
9070,d,0.800000
9071,d,0.800000
9072,p,0.600000
9073,p,0.800000
9074,d,0.400000
9075,d,0.600000
9076,d,0.600000
9077,p,0.800000
9078,d,0.400000
9079,p,0.400000
9080,d,0.600000
9081,s,0.400000
9082,p,0.400000
9083,p,0.400000
9084,s,0.400000
9085,s,0.400000
9086,p,0.600000
9087,d,0.400000
9088,s,0.400000
9089,p,0.600000
9090,d,0.400000
9091,s,0.600000
9092,s,0.800000
9093,s,0.800000
9094,p,0.400000
9095,s,0.600000
9096,d,0.400000
9097,s,0.400000
9098,s,0.600000
9099,p,0.800000
9100,d,0.400000
9101,p,0.400000
9102,p,0.600000
9103,d,0.600000
9104,p,0.400000
9105,s,0.800000
9106,p,0.600000
9107,d,0.400000
9108,d,0.600000
9109,d,0.400000
9110,s,0.200000
9111,d,0.400000
9112,d,0.600000
9113,s,0.400000
9114,p,0.400000
9115,p,0.600000
9116,s,0.400000
9117,s,0.400000
9118,p,0.400000
9119,d,0.600000
9120,p,0.600000
9121,s,0.600000
9122,d,0.600000
9123,p,0.600000
9124,p,0.600000
9125,s,0.400000
9126,p,0.600000
9127,d,0.600000
9128,d,0.400000
9129,s,0.400000
9130,p,0.400000
9131,d,0.200000
9132,d,0.400000
9133,p,0.400000
9134,s,0.400000
9135,s,0.400000
9136,s,0.400000
9137,s,0.800000
9138,d,0.400000
9139,s,0.400000
9140,d,0.600000
9141,s,0.400000
9142,p,0.600000
9143,s,0.400000
9144,p,0.400000
9145,p,0.600000
9146,d,0.600000
9147,p,0.600000
9148,d,0.600000
9149,p,0.600000
9150,d,0.600000
9151,s,0.400000
9152,p,0.400000
9153,d,0.400000
9154,p,0.400000
9155,d,0.600000
9156,s,0.600000
9157,p,0.400000
9158,d,0.800000
9159,p,0.400000
9160,p,0.600000
9161,d,0.600000
9162,d,0.600000
9163,p,0.200000
9164,s,0.200000
9165,d,0.600000
9166,d,0.400000
9167,d,0.600000
9168,s,0.400000
9169,d,0.600000
9170,s,0.400000
9171,p,0.200000
9172,d,0.800000
9173,p,0.400000
9174,p,0.400000
9175,p,0.400000
9176,p,0.400000
9177,s,0.400000
9178,s,0.400000
9179,p,0.400000
9180,p,0.400000
9181,s,0.400000
9182,s,0.400000
9183,d,0.400000
9184,d,0.400000
9185,p,0.400000
9186,s,0.400000
9187,p,0.600000
9188,s,0.400000
9189,p,0.400000
9190,p,0.200000
9191,s,0.600000
9192,s,0.600000
9193,s,0.600000
9194,p,0.400000
9195,d,0.400000
9196,d,0.800000
9197,p,0.800000
9198,p,0.400000
9199,p,0.400000
9200,d,0.600000
9201,s,0.400000
9202,s,0.400000
9203,s,0.600000
9204,d,0.600000
9205,d,0.400000
9206,p,0.600000
9207,d,0.400000
9208,p,0.400000
9209,s,0.400000
9210,s,0.400000
9211,p,0.400000
9212,s,0.400000
9213,s,0.400000
9214,p,0.400000
9215,p,0.600000
9216,s,0.400000
9217,p,0.600000
9218,d,0.600000
9219,d,0.600000
9220,d,0.600000
9221,d,0.400000
9222,s,0.400000
9223,s,0.400000
9224,s,0.400000
9225,s,0.400000
9226,p,0.600000
9227,d,0.600000
9228,p,0.600000
9229,p,0.200000
9230,s,0.600000
9231,s,0.400000
9232,p,0.600000
9233,d,0.400000
9234,s,0.800000
9235,d,0.200000
9236,d,0.200000
9237,d,0.400000
9238,s,0.400000
9239,d,0.600000
9240,d,0.400000
9241,s,0.400000
9242,d,0.400000
9243,d,0.600000
9244,s,0.800000
9245,d,0.800000
9246,p,0.400000
9247,p,0.400000
9248,d,0.600000
9249,s,0.400000
9250,s,0.800000
9251,d,0.400000
9252,s,0.400000
9253,p,0.400000
9254,d,0.400000
9255,p,0.600000
9256,s,0.400000
9257,s,0.400000
9258,p,0.600000
9259,p,0.600000
9260,d,0.400000
9261,d,0.400000
9262,s,0.400000
9263,s,0.200000
9264,p,0.600000
9265,d,0.600000
9266,p,0.400000
9267,d,0.600000
9268,d,0.600000
9269,p,0.800000
9270,d,0.800000
9271,d,0.200000
9272,p,0.400000
9273,s,0.400000
9274,p,0.600000
9275,s,0.400000
9276,p,0.600000
9277,p,0.600000
9278,s,0.400000
9279,d,0.800000
9280,p,0.400000
9281,d,0.400000
9282,d,0.400000
9283,d,0.600000
9284,s,0.800000
9285,p,0.600000
9286,d,0.600000
9287,p,0.600000
9288,p,0.400000
9289,d,0.400000
9290,p,0.400000
9291,s,0.400000
9292,s,0.400000
9293,s,0.800000
9294,d,0.400000
9295,s,0.800000
9296,p,0.400000
9297,s,0.400000
9298,s,0.400000
9299,d,0.600000
9300,p,0.400000
9301,s,0.400000
9302,d,0.400000
9303,p,0.800000
9304,d,0.400000
9305,s,0.400000
9306,s,0.800000
9307,d,0.600000
9308,p,0.800000
9309,p,0.400000
9310,d,0.600000
9311,d,0.400000
9312,d,0.600000
9313,d,0.600000
9314,d,0.600000
9315,d,0.600000
9316,s,0.400000
9317,p,0.400000
9318,d,0.400000
9319,p,0.400000
9320,s,0.400000
9321,p,0.600000
9322,s,0.400000
9323,d,0.400000
9324,d,0.600000
9325,d,0.400000
9326,s,0.800000
9327,d,0.400000
9328,s,0.400000
9329,p,0.400000
9330,p,0.400000
9331,p,0.600000
9332,d,0.600000
9333,s,0.400000
9334,d,0.400000
9335,p,0.600000
9336,p,0.600000
9337,s,0.400000
9338,p,0.400000
9339,p,0.400000
9340,p,0.600000
9341,p,0.400000
9342,p,0.400000
9343,s,0.400000
9344,p,0.600000
9345,s,0.400000
9346,s,0.800000
9347,p,0.600000
9348,d,0.200000
9349,d,0.400000
9350,d,0.400000
9351,p,0.400000
9352,d,0.400000
9353,p,0.400000
9354,s,0.400000
9355,s,0.400000
9356,p,0.600000
9357,s,0.400000
9358,d,0.400000
9359,s,0.600000
9360,p,0.400000
9361,s,0.400000
9362,s,0.400000
9363,p,0.400000
9364,d,0.400000
9365,s,0.600000
9366,s,0.800000
9367,d,0.400000
9368,s,0.400000
9369,s,0.800000
9370,p,0.400000
9371,p,0.400000
9372,d,0.600000
9373,d,0.400000
9374,p,0.600000
9375,d,0.600000
9376,d,0.400000
9377,p,0.400000
9378,s,0.600000
9379,s,0.600000
9380,s,0.400000
9381,d,0.200000
9382,d,0.200000
9383,d,0.600000
9384,d,0.600000
9385,p,0.600000
9386,d,0.400000
9387,s,0.600000
9388,d,0.600000
9389,s,0.600000
9390,p,0.600000
9391,d,0.400000
9392,d,0.600000
9393,d,0.600000
9394,p,0.600000
9395,d,0.400000
9396,p,0.400000
9397,p,0.200000
9398,s,0.400000
9399,p,0.400000
9400,p,0.600000
9401,d,0.400000
9402,s,0.400000
9403,p,0.400000
9404,d,0.600000
9405,s,0.600000
9406,s,0.400000
9407,p,0.400000
9408,d,0.600000
9409,p,0.400000
9410,s,0.800000
9411,s,0.400000
9412,s,0.400000
9413,p,0.600000
9414,p,0.400000
9415,p,0.600000
9416,d,0.600000
9417,d,0.600000
9418,p,0.600000
9419,s,0.600000
9420,d,0.400000
9421,d,0.600000
9422,d,0.400000
9423,d,0.600000
9424,s,0.400000
9425,s,0.400000
9426,s,0.400000
9427,p,0.400000
9428,d,0.600000
9429,d,0.400000
9430,s,0.800000
9431,d,0.400000
9432,d,0.600000
9433,s,0.400000
9434,d,0.600000
9435,d,0.400000
9436,p,0.400000
9437,p,0.600000
9438,p,0.600000
9439,s,0.400000
9440,s,0.400000
9441,s,0.400000
9442,s,0.800000
9443,d,0.600000
9444,p,0.400000
9445,d,0.400000
9446,p,0.400000
9447,s,0.400000
9448,p,0.800000
9449,d,0.600000
9450,s,0.600000
9451,d,0.400000
9452,s,0.400000
9453,p,0.600000
9454,d,0.400000
9455,p,0.600000
9456,d,0.600000
9457,p,0.800000
9458,s,0.400000
9459,d,0.400000
9460,p,0.200000
9461,s,0.600000
9462,p,0.400000
9463,d,0.600000
9464,d,0.400000
9465,d,0.200000
9466,p,0.600000
9467,d,0.400000
9468,d,0.600000
9469,p,0.400000
9470,d,0.600000
9471,d,0.400000
9472,s,0.600000
9473,d,0.400000
9474,d,0.400000
9475,p,0.600000
9476,p,0.600000
9477,d,0.600000
9478,p,0.400000
9479,s,0.400000
9480,d,0.400000
9481,s,0.400000
9482,p,0.400000
9483,d,0.600000
9484,p,0.600000
9485,p,0.600000
9486,s,0.400000
9487,p,0.400000
9488,d,0.400000
9489,d,0.400000
9490,s,0.400000
9491,d,0.600000
9492,d,0.600000
9493,d,0.600000
9494,d,0.600000
9495,d,0.800000
9496,s,0.200000
9497,d,0.400000
9498,d,0.200000
9499,p,0.600000
9500,p,0.600000
9501,s,0.400000
9502,s,0.400000
9503,d,0.600000
9504,d,0.400000
9505,s,0.600000
9506,p,0.400000
9507,p,0.600000
9508,p,0.600000
9509,d,0.600000
9510,p,0.600000
9511,d,0.600000
9512,p,0.800000
9513,s,0.800000
9514,p,0.400000
9515,s,0.400000
9516,d,0.600000
9517,d,0.400000
9518,s,0.800000
9519,s,0.400000
9520,p,0.600000
9521,d,0.400000
9522,d,0.800000
9523,s,0.400000
9524,p,0.600000
9525,p,0.400000
9526,s,0.200000
9527,p,0.600000
9528,d,0.600000
9529,s,0.400000
9530,p,0.400000
9531,d,0.400000
9532,s,0.600000
9533,p,0.600000
9534,p,0.400000
9535,p,0.400000
9536,d,0.400000
9537,d,0.400000
9538,p,0.600000
9539,p,0.400000
9540,s,0.600000
9541,d,0.200000
9542,s,0.600000
9543,d,0.200000
9544,d,0.600000
9545,s,0.400000
9546,s,0.800000
9547,s,0.600000
9548,p,0.800000
9549,p,0.800000
9550,p,0.400000
9551,p,0.600000
9552,p,0.400000
9553,d,0.200000
9554,s,0.600000
9555,d,0.600000
9556,p,0.400000
9557,p,0.400000
9558,d,0.600000
9559,p,0.400000
9560,s,0.800000
9561,s,0.800000
9562,p,0.400000
9563,s,0.400000
9564,p,0.200000
9565,s,0.800000
9566,p,0.600000
9567,p,0.400000
9568,p,0.200000
9569,p,0.600000
9570,p,0.400000
9571,d,0.400000
9572,p,0.600000
9573,p,0.200000
9574,d,0.200000
9575,d,0.600000
9576,d,0.600000
9577,d,0.400000
9578,p,0.600000
9579,p,0.400000
9580,p,0.600000
9581,d,0.400000
9582,p,0.400000
9583,s,0.400000
9584,s,0.600000
9585,s,0.400000
9586,s,0.600000
9587,s,0.600000
9588,s,0.800000
9589,s,0.400000
9590,p,0.600000
9591,p,0.400000
9592,d,0.600000
9593,p,0.600000
9594,d,0.600000
9595,s,0.800000
9596,p,0.400000
9597,s,0.800000
9598,d,0.400000
9599,p,0.400000
9600,p,0.400000
9601,d,0.600000
9602,s,0.800000
9603,s,0.600000
9604,p,0.400000
9605,d,0.600000
9606,d,0.200000
9607,p,0.400000
9608,d,0.600000
9609,d,0.400000
9610,s,0.400000
9611,p,0.400000
9612,s,0.400000
9613,p,0.400000
9614,p,0.400000
9615,p,0.600000
9616,s,0.400000
9617,p,0.400000
9618,d,0.400000
9619,s,0.400000
9620,d,0.600000
9621,s,0.400000
9622,p,0.400000
9623,d,0.600000
9624,d,0.400000
9625,d,0.200000
9626,d,0.800000
9627,p,0.600000
9628,p,0.600000
9629,s,0.400000
9630,s,0.400000
9631,p,0.800000
9632,p,0.600000
9633,p,0.600000
9634,p,0.600000
9635,p,0.600000
9636,p,0.600000
9637,d,0.600000
9638,d,0.400000
9639,d,0.400000
9640,p,0.400000
9641,s,0.800000
9642,s,0.400000
9643,p,0.600000
9644,s,0.400000
9645,p,0.600000
9646,p,0.400000
9647,p,0.600000
9648,d,0.400000
9649,d,0.400000
9650,s,0.200000
9651,p,0.600000
9652,d,0.400000
9653,p,0.400000
9654,d,0.600000
9655,d,0.400000
9656,s,0.600000
9657,d,0.600000
9658,d,0.600000
9659,p,0.400000
9660,s,0.400000
9661,d,0.600000
9662,p,0.600000
9663,d,0.400000
9664,s,0.800000
9665,s,0.400000
9666,s,0.400000
9667,s,0.800000
9668,s,0.600000
9669,d,0.400000
9670,p,0.400000
9671,p,0.600000
9672,p,0.400000
9673,p,0.600000
9674,s,0.400000
9675,d,0.200000
9676,p,0.600000
9677,d,0.600000
9678,d,0.600000
9679,s,0.400000
9680,d,0.400000
9681,s,0.400000
9682,p,0.600000
9683,d,0.600000
9684,d,0.400000
9685,d,0.400000
9686,p,0.600000
9687,s,0.400000
9688,s,0.600000
9689,d,0.400000
9690,s,0.600000
9691,s,0.400000
9692,d,0.400000
9693,d,0.600000
9694,s,0.600000
9695,d,0.600000
9696,p,0.600000
9697,d,0.600000
9698,s,0.400000
9699,s,0.400000
9700,s,1.000000
9701,s,0.600000
9702,s,0.600000
9703,d,0.800000
9704,s,0.600000
9705,p,0.600000
9706,d,0.600000
9707,d,0.600000
9708,s,0.400000
9709,s,0.400000
9710,s,0.400000
9711,s,0.400000
9712,p,0.400000
9713,p,0.600000
9714,p,0.600000
9715,d,0.400000
9716,p,0.400000
9717,p,0.400000
9718,s,0.600000
9719,s,0.800000
9720,d,0.400000
9721,p,0.600000
9722,p,0.800000
9723,p,0.400000
9724,p,0.400000
9725,d,0.600000
9726,p,0.400000
9727,p,0.600000
9728,s,0.600000
9729,d,0.600000
9730,d,0.600000
9731,s,0.400000
9732,p,0.400000
9733,d,0.400000
9734,d,0.800000
9735,p,0.800000
9736,s,0.400000
9737,d,0.400000
9738,p,0.600000
9739,s,0.400000
9740,d,0.400000
9741,d,0.600000
9742,p,0.400000
9743,p,0.400000
9744,d,0.600000
9745,d,0.600000
9746,d,0.600000
9747,d,0.600000
9748,d,0.200000
9749,s,0.400000
9750,s,0.800000
9751,p,0.800000
9752,d,0.400000
9753,d,0.400000
9754,d,0.600000
9755,p,0.400000
9756,s,0.400000
9757,s,0.400000
9758,p,0.600000
9759,d,0.600000
9760,s,0.400000
9761,s,0.800000
9762,p,0.400000
9763,p,0.400000
9764,s,0.800000
9765,d,0.600000
9766,s,0.400000
9767,p,0.600000
9768,p,0.600000
9769,d,0.400000
9770,p,0.600000
9771,s,0.800000
9772,p,0.400000
9773,s,0.600000
9774,s,0.400000
9775,d,0.600000
9776,p,0.600000
9777,s,0.400000
9778,d,0.400000
9779,p,0.400000
9780,d,0.600000
9781,d,0.600000
9782,p,0.600000
9783,d,0.600000
9784,s,0.400000
9785,d,0.600000
9786,d,0.400000
9787,s,0.800000
9788,d,0.600000
9789,p,0.600000
9790,s,0.400000
9791,s,0.400000
9792,p,0.400000
9793,d,0.400000
9794,p,0.400000
9795,d,0.600000
9796,s,0.800000
9797,s,0.800000
9798,d,0.800000
9799,p,0.800000
9800,d,0.800000
9801,d,0.600000
9802,p,0.400000
9803,s,0.600000
9804,p,0.600000
9805,p,0.600000
9806,d,0.600000
9807,d,0.600000
9808,d,0.600000
9809,p,0.600000
9810,p,0.600000
9811,s,0.400000
9812,d,0.600000
9813,s,0.400000
9814,d,0.600000
9815,s,0.600000
9816,s,0.600000
9817,p,0.400000
9818,d,0.400000
9819,d,0.200000
9820,d,0.600000
9821,s,0.600000
9822,d,0.200000
9823,s,0.600000
9824,p,0.600000
9825,s,0.400000
9826,d,0.400000
9827,d,0.400000
9828,d,0.400000
9829,d,0.800000
9830,d,0.600000
9831,p,0.600000
9832,p,0.600000
9833,d,0.600000
9834,p,0.200000
9835,p,0.400000
9836,d,0.600000
9837,d,0.400000
9838,d,0.800000
9839,p,0.600000
9840,p,0.400000
9841,s,0.600000
9842,s,0.600000
9843,s,0.600000
9844,p,0.600000
9845,s,0.800000
9846,d,0.400000
9847,d,0.600000
9848,d,0.200000
9849,d,0.400000
9850,d,0.600000
9851,p,0.400000
9852,d,0.600000
9853,d,0.400000
9854,s,0.400000
9855,p,0.400000
9856,s,0.600000
9857,p,0.400000
9858,s,0.400000
9859,d,0.600000
9860,p,0.200000
9861,s,0.800000
9862,s,0.800000
9863,d,0.800000
9864,d,0.800000
9865,d,0.200000
9866,d,0.600000
9867,d,0.400000
9868,d,0.600000
9869,p,0.600000
9870,s,0.200000
9871,s,0.600000
9872,p,0.600000
9873,d,0.600000
9874,s,0.600000
9875,d,0.600000
9876,p,0.400000
9877,p,0.600000
9878,p,0.600000
9879,p,0.400000
9880,d,0.400000
9881,s,0.400000
9882,s,0.600000
9883,d,0.600000
9884,d,0.800000
9885,p,0.600000
9886,p,0.400000
9887,d,0.600000
9888,s,0.800000
9889,p,0.600000
9890,s,0.400000
9891,p,0.400000
9892,s,0.400000
9893,s,0.400000
9894,p,0.600000
9895,s,0.400000
9896,p,0.600000
9897,d,0.400000
9898,s,0.400000
9899,p,0.400000
9900,d,0.600000
9901,s,0.800000
9902,p,0.600000
9903,s,0.400000
9904,d,0.400000
9905,p,0.400000
9906,d,0.600000
9907,p,0.600000
9908,d,0.600000
9909,p,0.600000
9910,p,0.600000
9911,p,0.600000
9912,d,0.400000
9913,s,0.400000
9914,p,0.400000
9915,s,0.400000
9916,d,0.400000
9917,d,0.400000
9918,d,0.400000
9919,s,0.800000
9920,d,0.800000
9921,p,0.800000
9922,s,0.600000
9923,s,0.400000
9924,s,0.400000
9925,s,0.600000
9926,d,0.400000
9927,d,0.400000
9928,p,0.400000
9929,p,0.400000
9930,p,0.400000
9931,p,0.400000
9932,d,0.400000
9933,s,0.400000
9934,d,0.400000
9935,p,0.600000
9936,d,0.400000
9937,p,0.600000
9938,d,0.400000
9939,d,0.400000
9940,s,0.400000
9941,d,0.400000
9942,p,0.800000
9943,s,0.400000
9944,d,0.600000
9945,d,0.200000
9946,s,0.400000
9947,s,0.800000
9948,s,0.400000
9949,d,0.800000
9950,s,0.800000
9951,p,0.800000
9952,d,0.800000
9953,d,0.400000
9954,s,0.400000
9955,p,0.600000
9956,s,0.200000
9957,s,0.400000
9958,p,0.600000
9959,s,0.400000
9960,d,0.600000
9961,s,0.400000
9962,d,0.400000
9963,p,0.400000
9964,s,0.400000
9965,s,0.200000
9966,p,0.600000
9967,s,0.800000
9968,d,0.800000
9969,p,0.400000
9970,s,0.800000
9971,s,0.600000
9972,s,0.400000
9973,p,0.400000
9974,s,0.800000
9975,s,0.400000
9976,p,0.400000
9977,d,0.400000
9978,s,0.200000
9979,s,0.600000
9980,p,0.600000
9981,p,0.400000
9982,p,0.600000
9983,p,0.600000
9984,p,0.600000
9985,d,0.400000
9986,s,0.400000
9987,s,0.600000
9988,p,0.400000
9989,s,0.400000
9990,p,0.400000
9991,d,0.600000
9992,s,0.800000
9993,p,0.400000
9994,d,0.400000
9995,s,0.400000
9996,d,0.600000
9997,s,0.800000
9998,s,0.400000
9999,d,0.400000
10000,d,0.400000
10001,s,0.800000
10002,p,0.600000
10003,p,0.800000
10004,d,0.400000
10005,s,0.400000
10006,s,0.400000
10007,p,0.400000
10008,d,0.400000
10009,d,0.400000
10010,d,0.400000
10011,d,0.600000
10012,d,0.600000
10013,d,0.400000
10014,p,0.400000
10015,p,0.600000
10016,d,0.400000
10017,d,0.800000
10018,s,0.600000
10019,p,0.400000
10020,d,0.400000
10021,p,0.600000
10022,s,0.200000
10023,d,0.400000
10024,p,0.400000
10025,d,0.400000
10026,p,0.800000
10027,s,0.400000
10028,p,0.400000
10029,d,0.400000
10030,p,0.600000
10031,d,0.400000
10032,s,0.400000
10033,s,0.600000
10034,s,0.600000
10035,s,0.200000
10036,d,0.400000
10037,p,0.600000
10038,s,0.800000
10039,s,0.400000
10040,p,0.400000
10041,p,0.400000
10042,p,0.600000
10043,p,0.400000
10044,d,0.400000
10045,d,0.600000
10046,d,0.400000
10047,d,0.800000
10048,p,0.200000
10049,d,0.600000
10050,s,0.400000
10051,p,0.400000
10052,s,0.600000
10053,p,0.600000
10054,p,0.600000
10055,p,0.600000
10056,s,0.400000
10057,s,0.400000
10058,d,0.400000
10059,p,0.400000
10060,p,0.600000
10061,p,0.400000
10062,s,0.400000
10063,s,0.400000
10064,p,0.400000
10065,p,0.400000
10066,s,0.600000
10067,p,0.400000
10068,d,0.600000
10069,s,0.400000
10070,s,0.600000
10071,s,0.400000
10072,p,0.400000
10073,s,0.800000
10074,d,0.400000
10075,s,0.800000
10076,d,0.400000
10077,p,0.400000
10078,d,0.400000
10079,p,0.600000
10080,d,0.400000
10081,d,0.600000
10082,p,0.400000
10083,p,0.600000
10084,p,0.600000
10085,d,0.600000
10086,s,0.400000
10087,d,0.600000
10088,p,0.400000
10089,s,0.400000
10090,p,0.400000
10091,s,0.400000
10092,p,0.600000
10093,p,0.600000
10094,d,0.600000
10095,p,0.400000
10096,s,0.800000
10097,d,0.600000
10098,s,0.400000
10099,s,0.800000
10100,s,0.400000
10101,p,0.600000
10102,d,0.600000
10103,p,0.400000
10104,p,0.400000
10105,d,0.400000
10106,s,0.800000
10107,d,0.400000
10108,d,0.400000
10109,s,0.200000
10110,s,0.400000
10111,d,0.600000
10112,s,0.400000
10113,s,0.800000
10114,p,0.600000
10115,s,0.400000
10116,d,0.400000
10117,s,0.200000
10118,d,0.400000
10119,p,0.400000
10120,d,0.200000
10121,d,0.600000
10122,p,0.400000
10123,s,0.400000
10124,d,0.600000
10125,d,0.400000
10126,p,0.800000
10127,p,0.600000
10128,p,0.800000
10129,p,0.600000
10130,s,0.800000
10131,s,1.000000
10132,d,0.800000
10133,d,0.800000
10134,d,0.200000
10135,d,0.200000
10136,p,0.200000
10137,s,0.400000
10138,d,0.400000
10139,p,0.600000
10140,d,0.400000
10141,p,0.200000
10142,d,0.600000
10143,s,0.200000
10144,d,0.400000
10145,p,0.600000
10146,d,0.600000
10147,p,0.400000
10148,p,0.400000
10149,d,0.400000
10150,d,0.400000
10151,s,0.400000
10152,p,0.400000
10153,p,0.600000
10154,d,0.600000
10155,p,0.400000
10156,s,0.600000
10157,s,0.600000
10158,s,0.400000
10159,p,0.400000
10160,s,0.800000
10161,d,0.600000
10162,s,0.800000
10163,p,0.400000
10164,p,0.400000
10165,d,0.400000
10166,p,0.200000
10167,d,0.400000
10168,d,0.400000
10169,p,0.400000
10170,s,0.600000
10171,d,0.400000
10172,s,0.400000
10173,s,0.800000
10174,p,0.400000
10175,s,0.200000
10176,d,0.400000
10177,p,0.600000
10178,d,0.600000
10179,p,0.400000
10180,p,0.400000
10181,s,0.400000
10182,s,0.600000
10183,d,0.800000
10184,p,0.800000
10185,s,0.400000
10186,d,0.400000
10187,p,0.400000
10188,d,0.600000
10189,p,0.600000
10190,s,0.400000
10191,d,0.600000
10192,s,0.600000
10193,d,0.400000
10194,p,0.600000
10195,p,0.600000
10196,p,0.600000
10197,d,0.600000
10198,d,0.400000
10199,p,0.400000
10200,p,0.200000
10201,s,0.400000
10202,s,0.600000
10203,p,0.400000
10204,p,0.400000
10205,s,0.400000
10206,d,0.400000
10207,s,0.600000
10208,s,0.400000
10209,s,0.400000
10210,d,0.600000
10211,d,0.400000
10212,s,0.400000
10213,p,0.400000
10214,p,0.600000
10215,p,0.400000
10216,p,0.400000
10217,p,0.800000
10218,s,0.800000
10219,s,0.400000
10220,d,0.400000
10221,s,0.400000
10222,s,0.600000
10223,d,0.400000
10224,d,0.600000
10225,p,0.400000
10226,d,0.600000
10227,d,0.800000
10228,s,0.600000
10229,s,0.400000
10230,s,0.400000
10231,d,0.600000
10232,p,0.400000
10233,p,0.400000
10234,d,0.400000
10235,p,0.400000
10236,d,0.600000
10237,p,0.600000
10238,s,0.400000
10239,s,0.400000
10240,d,0.600000
10241,s,0.200000
10242,p,0.400000
10243,p,0.600000
10244,s,0.400000
10245,s,0.400000
10246,s,0.800000
10247,d,0.600000
10248,d,0.400000
10249,p,0.600000
10250,p,0.400000
10251,d,0.600000
10252,s,0.400000
10253,d,0.600000
10254,s,0.800000
10255,p,0.400000
10256,d,0.400000
10257,s,0.400000
10258,s,0.600000
10259,s,0.400000
10260,d,0.400000
10261,d,0.600000
10262,s,0.400000
10263,s,0.400000
10264,d,0.400000
10265,d,0.800000
10266,s,0.400000
10267,p,0.600000
10268,s,0.400000
10269,p,0.600000
10270,s,0.400000
10271,p,0.600000
10272,d,0.600000
10273,p,0.600000
10274,s,0.600000
10275,d,0.600000
10276,d,0.600000
10277,s,0.200000
10278,s,0.400000
10279,s,0.400000
10280,s,0.400000
10281,p,0.600000
10282,p,0.600000
10283,s,0.400000
10284,s,0.400000
10285,p,0.400000
10286,s,0.400000
10287,p,0.400000
10288,d,0.400000
10289,s,0.400000
10290,s,0.800000
10291,d,0.600000
10292,p,0.200000
10293,p,0.400000
10294,s,0.400000
10295,d,0.600000
10296,s,0.200000
10297,d,0.600000
10298,p,0.400000
10299,s,0.800000
10300,d,0.400000
10301,d,0.800000
10302,d,0.200000
10303,s,0.400000
10304,p,0.600000
10305,s,0.400000
10306,d,0.400000
10307,p,0.600000
10308,s,0.400000
10309,d,0.600000
10310,s,0.400000
10311,s,0.400000
10312,s,0.800000
10313,s,0.600000
10314,s,0.400000
10315,s,0.400000
10316,p,0.400000
10317,p,0.600000
10318,p,0.600000
10319,p,0.200000
10320,d,0.400000
10321,d,0.400000
10322,p,0.200000
10323,s,0.600000
10324,p,0.600000
10325,d,0.400000
10326,s,0.400000
10327,p,0.400000
10328,d,0.400000
10329,d,0.600000
10330,d,0.400000
10331,p,0.400000
10332,p,0.400000
10333,s,0.400000
10334,s,0.800000
10335,d,0.400000
10336,s,0.800000
10337,d,0.400000
10338,p,0.800000
10339,d,0.400000
10340,d,0.600000
10341,d,0.400000
10342,p,0.600000
10343,p,0.400000
10344,s,0.600000
10345,d,0.400000
10346,p,0.400000
10347,s,0.400000
10348,p,0.400000
10349,s,0.800000
10350,p,0.400000
10351,d,0.400000
10352,p,0.400000
10353,d,0.400000
10354,p,0.600000
10355,p,0.400000
10356,d,0.200000
10357,d,0.400000
10358,p,0.400000
10359,s,0.200000
10360,d,0.200000
10361,d,0.400000
10362,p,0.600000
10363,s,0.400000
10364,d,0.800000
10365,d,0.800000
10366,s,0.600000
10367,d,0.600000
10368,p,0.600000
10369,p,0.600000
10370,p,0.600000
10371,s,0.600000
10372,d,0.400000
10373,d,0.400000
10374,d,0.800000
10375,s,0.400000
10376,d,0.400000
10377,d,0.400000
10378,d,0.400000
10379,p,0.400000
10380,d,0.400000
10381,p,0.400000
10382,d,0.400000
10383,p,0.600000
10384,d,0.400000
10385,s,0.600000
10386,s,0.600000
10387,s,0.600000
10388,d,0.800000
10389,p,0.400000
10390,d,0.400000
10391,d,0.600000
10392,d,0.600000
10393,d,0.400000
10394,s,0.800000
10395,s,0.400000
10396,d,0.400000
10397,s,0.800000
10398,s,0.400000
10399,p,0.800000
10400,d,0.600000
10401,p,0.800000
10402,s,0.400000
10403,d,0.600000
10404,s,0.200000
10405,d,0.600000
10406,p,0.400000
10407,s,0.800000
10408,p,1.000000
10409,p,0.400000
10410,p,0.600000
10411,s,0.400000
10412,s,0.600000
10413,d,0.600000
10414,p,0.400000
10415,s,0.400000
10416,p,0.400000
10417,d,0.400000
10418,p,0.400000
10419,s,0.400000
10420,s,0.400000
10421,d,0.600000
10422,s,0.600000
10423,p,0.600000
10424,s,0.600000
10425,p,0.800000
10426,p,0.600000
10427,d,0.400000
10428,s,0.400000
10429,p,0.400000
10430,p,0.400000
10431,d,0.400000
10432,d,0.800000
10433,s,0.800000
10434,d,0.600000
10435,p,0.200000
10436,d,0.200000
10437,p,0.400000
10438,d,0.600000
10439,d,0.400000
10440,d,0.400000
10441,s,0.400000
10442,p,0.400000
10443,s,0.400000
10444,d,0.400000
10445,s,0.400000
10446,p,0.400000
10447,s,0.800000
10448,s,0.400000
10449,p,0.400000
10450,s,0.400000
10451,d,0.400000
10452,s,0.800000
10453,s,0.800000
10454,s,0.600000
10455,d,0.800000
10456,d,0.200000
10457,s,0.600000
10458,s,0.400000
10459,s,0.600000
10460,p,0.600000
10461,d,0.600000
10462,p,0.600000
10463,s,0.400000
10464,d,0.400000
10465,p,0.400000
10466,d,0.800000
10467,d,0.400000
10468,s,0.400000
10469,s,0.400000
10470,d,0.600000
10471,d,0.400000
10472,p,0.600000
10473,d,0.600000
10474,p,0.400000
10475,p,0.400000
10476,d,0.600000
10477,d,0.400000
10478,d,0.400000
10479,d,0.600000
10480,p,0.400000
10481,s,0.800000
10482,d,0.400000
10483,s,0.400000
10484,p,0.600000
10485,p,0.800000
10486,s,0.400000
10487,d,0.200000
10488,s,0.400000
10489,s,0.400000
10490,s,0.800000
10491,s,0.600000
10492,p,0.400000
10493,d,0.200000
10494,p,0.400000
10495,d,0.400000
10496,d,0.400000
10497,s,0.800000
10498,s,0.400000
10499,s,0.400000
10500,d,0.400000
10501,p,0.600000
10502,p,0.400000
10503,s,0.400000
10504,s,0.600000
10505,d,0.600000
10506,s,0.400000
10507,p,0.400000
10508,p,0.400000
10509,p,0.600000
10510,d,0.600000
10511,d,0.400000
10512,s,0.800000
10513,p,0.400000
10514,p,0.800000
10515,d,0.600000
10516,p,0.600000
10517,s,0.400000
10518,p,0.400000
10519,s,0.800000
10520,d,0.400000
10521,s,0.400000
10522,p,0.400000
10523,d,0.600000
10524,s,0.400000
10525,s,0.400000
10526,p,0.400000
10527,p,0.600000
10528,p,0.400000
10529,d,0.600000
10530,d,0.400000
10531,p,0.400000
10532,d,0.600000
10533,p,0.600000
10534,s,0.800000
10535,p,0.600000
10536,s,0.400000
10537,s,0.400000
10538,s,0.400000
10539,s,0.800000
10540,s,0.800000
10541,p,0.800000
10542,s,0.400000
10543,p,0.600000
10544,s,0.400000
10545,s,0.400000
10546,d,0.600000
10547,d,0.400000
10548,s,0.800000
10549,p,0.600000
10550,p,0.400000
10551,d,0.600000
10552,p,0.200000
10553,s,0.400000
10554,p,0.400000
10555,p,0.400000
10556,d,0.400000
10557,d,0.600000
10558,p,0.400000
10559,p,0.600000
10560,d,0.600000
10561,d,0.600000
10562,s,0.200000
10563,d,0.600000
10564,p,0.600000
10565,d,0.600000
10566,d,0.400000
10567,p,0.800000
10568,p,0.600000
10569,p,0.600000
10570,d,0.600000
10571,p,0.600000
10572,d,0.400000
10573,s,0.800000
10574,p,0.400000
10575,p,0.400000
10576,p,0.400000
10577,p,0.800000
10578,d,0.400000
10579,s,0.400000
10580,s,0.800000
10581,p,0.800000
10582,d,0.400000
10583,d,0.600000
10584,p,0.200000
10585,d,0.600000
10586,s,0.600000
10587,s,0.400000
10588,d,0.600000
10589,p,0.400000
10590,p,0.800000
10591,p,0.600000
10592,p,0.600000
10593,d,0.600000
10594,d,0.400000
10595,p,1.000000
10596,d,0.400000
10597,d,0.400000
10598,s,0.800000
10599,p,0.400000
10600,s,0.400000
10601,d,0.800000
10602,p,0.400000
10603,d,0.600000
10604,d,0.600000
10605,d,1.000000
10606,s,0.600000
10607,p,0.400000
10608,s,0.400000
10609,p,0.600000
10610,s,0.200000
10611,p,0.600000
10612,d,0.600000
10613,d,0.600000
10614,p,0.600000
10615,s,0.400000
10616,s,0.800000
10617,s,0.800000
10618,s,0.400000
10619,d,0.200000
10620,s,0.400000
10621,s,0.600000
10622,d,0.600000
10623,s,0.800000
10624,p,0.400000
10625,d,0.600000
10626,p,0.600000
10627,d,0.400000
10628,p,0.600000
10629,d,0.400000
10630,s,0.800000
10631,d,0.400000
10632,s,0.400000
10633,p,0.400000
10634,p,0.400000
10635,p,0.600000
10636,d,0.600000
10637,s,0.800000
10638,s,0.800000
10639,p,0.600000
10640,p,0.200000
10641,s,0.400000
10642,d,0.600000
10643,p,0.400000
10644,p,0.400000
10645,s,0.400000
10646,s,0.400000
10647,d,0.400000
10648,p,0.600000
10649,p,0.600000
10650,p,0.400000
10651,d,0.600000
10652,p,0.400000
10653,d,0.400000
10654,d,0.400000
10655,s,0.400000
10656,p,0.600000
10657,d,0.600000
10658,p,0.400000
10659,d,0.400000
10660,s,0.400000
10661,d,0.400000
10662,s,0.800000
10663,p,0.600000
10664,p,0.600000
10665,p,0.400000
10666,d,0.400000
10667,d,0.600000
10668,p,0.400000
10669,d,0.400000
10670,d,0.400000
10671,s,0.800000
10672,d,0.400000
10673,d,0.400000
10674,d,0.400000
10675,p,0.400000
10676,p,0.400000
10677,s,0.400000
10678,s,0.400000
10679,s,0.400000
10680,s,0.400000
10681,p,0.400000
10682,s,0.600000
10683,p,0.400000
10684,d,0.600000
10685,s,0.400000
10686,s,0.600000
10687,p,0.400000
10688,p,0.400000
10689,p,0.600000
10690,p,0.600000
10691,d,0.600000
10692,p,0.400000
10693,s,0.400000
10694,s,0.600000
10695,p,0.600000
10696,s,0.400000
10697,s,0.400000
10698,d,0.600000
10699,d,0.400000
10700,p,0.400000
10701,d,0.800000
10702,s,0.400000
10703,s,0.200000
10704,s,0.800000
10705,p,0.600000
10706,s,0.400000
10707,d,0.200000
10708,d,0.400000
10709,s,0.800000
10710,d,0.200000
10711,d,0.600000
10712,d,0.400000
10713,s,0.400000
10714,p,0.600000
10715,p,0.400000
10716,s,0.800000
10717,p,0.600000
10718,p,0.400000
10719,d,0.400000
10720,s,0.400000
10721,d,0.400000
10722,p,0.600000
10723,s,0.400000
10724,s,0.400000
10725,p,0.600000
10726,d,0.600000
10727,d,0.400000
10728,p,0.200000
10729,d,0.400000
10730,d,0.400000
10731,s,0.600000
10732,d,0.400000
10733,p,0.400000
10734,p,0.600000
10735,p,0.600000
10736,d,0.600000
10737,s,0.400000
10738,p,0.400000
10739,s,0.400000
10740,s,0.400000
10741,p,0.400000
10742,s,0.200000
10743,s,0.400000
10744,p,0.600000
10745,d,0.400000
10746,s,0.400000
10747,d,0.400000
10748,s,0.400000
10749,s,0.600000
10750,d,0.600000
10751,d,0.400000
10752,d,0.400000
10753,s,0.800000
10754,s,0.600000
10755,s,0.400000
10756,p,0.800000
10757,d,0.600000
10758,p,0.400000
10759,p,0.400000
10760,p,0.400000
10761,p,0.600000
10762,s,0.800000
10763,s,0.800000
10764,d,0.400000
10765,d,0.400000
10766,d,0.400000
10767,p,0.600000
10768,s,0.200000
10769,d,0.400000
10770,s,0.600000
10771,s,0.800000
10772,s,0.600000
10773,s,0.400000
10774,s,0.400000
10775,d,0.600000
10776,d,0.600000
10777,p,0.600000
10778,p,0.600000
10779,s,0.800000
10780,p,0.600000
10781,d,0.400000
10782,s,0.800000
10783,s,0.400000
10784,s,0.400000
10785,s,0.600000
10786,d,0.800000
10787,s,0.800000
10788,d,0.400000
10789,s,0.600000
10790,d,0.600000
10791,p,0.600000
10792,d,0.600000
10793,d,0.400000
10794,p,0.600000
10795,p,0.400000
10796,d,0.600000
10797,p,0.600000
10798,p,0.600000
10799,p,0.200000
10800,p,0.600000
10801,d,0.600000
10802,p,0.600000
10803,s,0.200000
10804,p,0.800000
10805,s,0.400000
10806,p,0.400000
10807,d,0.400000
10808,d,0.400000
10809,p,0.600000
10810,d,0.600000
10811,d,0.600000
10812,s,0.400000
10813,s,0.400000
10814,d,0.400000
10815,s,0.400000
10816,d,0.400000
10817,p,0.600000
10818,p,0.800000
10819,s,0.800000
10820,d,0.600000
10821,p,0.600000
10822,d,0.400000
10823,s,0.800000
10824,s,0.400000
10825,d,0.400000
10826,d,0.600000
10827,d,0.400000
10828,p,0.400000
10829,d,0.400000
10830,p,0.400000
10831,p,0.800000
10832,s,0.800000
10833,d,0.400000
10834,s,0.800000
10835,p,0.400000
10836,p,0.400000
10837,s,0.400000
10838,d,0.600000
10839,p,0.400000
10840,s,0.400000
10841,p,0.400000
10842,p,0.400000
10843,p,0.600000
10844,s,0.400000
10845,s,0.600000
10846,p,0.400000
10847,p,0.600000
10848,p,0.800000
10849,p,0.600000
10850,d,0.600000
10851,d,0.800000
10852,s,0.400000
10853,p,0.200000
10854,s,0.800000
10855,p,0.600000
10856,s,0.400000
10857,d,0.400000
10858,d,0.600000
10859,p,0.400000
10860,p,0.200000
10861,d,0.200000
10862,s,0.400000
10863,s,0.800000
10864,s,0.400000
10865,p,0.400000
10866,s,0.400000
10867,d,0.400000
10868,s,0.600000
10869,s,0.400000
10870,s,0.400000
10871,s,0.600000
10872,p,0.600000
10873,s,0.600000
10874,p,0.400000
10875,s,0.800000
10876,p,0.600000
10877,p,0.400000
10878,s,0.400000
10879,s,0.400000
10880,d,0.600000
10881,p,0.600000
10882,s,0.400000
10883,d,0.600000
10884,s,0.400000
10885,p,0.600000
10886,p,0.400000
10887,p,0.600000
10888,s,0.400000
10889,d,0.400000
10890,s,0.400000
10891,d,0.800000
10892,s,0.400000
10893,p,0.200000
10894,s,0.600000
10895,s,0.800000
10896,d,0.400000
10897,s,0.800000
10898,d,0.200000
10899,p,0.400000
10900,s,0.400000
10901,p,0.400000
10902,d,0.400000
10903,s,0.400000
10904,d,0.400000
10905,s,0.200000
10906,s,0.400000
10907,s,0.400000
10908,s,0.800000
10909,d,0.400000
10910,s,0.400000
10911,d,0.800000
10912,p,0.200000
10913,p,0.400000
10914,p,0.600000
10915,s,0.400000
10916,p,0.400000
10917,d,0.800000
10918,s,0.800000
10919,s,0.800000
10920,p,0.400000
10921,p,0.400000
10922,p,0.400000
10923,p,0.600000
10924,p,0.400000
10925,s,0.400000
10926,p,0.400000
10927,s,0.800000
10928,p,0.400000
10929,d,0.400000
10930,d,0.400000
10931,d,0.400000
10932,p,0.800000
10933,s,0.600000
10934,s,0.400000
10935,d,0.600000
10936,s,0.400000
10937,d,0.600000
10938,d,0.400000
10939,p,0.400000
10940,p,0.600000
10941,s,0.400000
10942,p,0.400000
10943,s,0.400000
10944,p,0.400000
10945,p,0.400000
10946,s,0.400000
10947,p,0.600000
10948,d,0.400000
10949,d,0.200000
10950,p,0.400000
10951,p,0.600000
10952,d,0.400000
10953,p,0.600000
10954,d,0.400000
10955,s,0.400000
10956,d,0.400000
10957,p,0.400000
10958,d,0.400000
10959,p,0.600000
10960,d,0.400000
10961,d,0.600000
10962,d,0.400000
10963,p,0.400000
10964,s,0.400000
10965,p,0.400000
10966,s,0.800000
10967,s,0.600000
10968,d,0.400000
10969,d,0.400000
10970,s,0.400000
10971,p,0.600000
10972,p,0.600000
10973,s,0.800000
10974,d,0.600000
10975,d,0.400000
10976,p,0.400000
10977,s,0.400000
10978,s,0.400000
10979,p,0.400000
10980,p,0.400000
10981,p,0.600000
10982,p,0.600000
10983,p,0.200000
10984,s,0.400000
10985,d,0.600000
10986,p,0.600000
10987,d,0.200000
10988,p,0.600000
10989,p,0.400000
10990,p,0.400000
10991,s,0.400000
10992,p,0.600000
10993,d,0.800000
10994,d,0.600000
10995,p,0.200000
10996,d,0.200000
10997,s,0.600000
10998,d,0.600000
10999,d,0.200000
11000,d,0.400000
11001,p,0.400000
11002,s,0.600000
11003,s,0.800000
11004,p,0.400000
11005,p,0.600000
11006,d,0.200000
11007,d,0.400000
11008,s,0.400000
11009,d,0.400000
11010,d,0.400000
11011,d,0.400000
11012,s,0.400000
11013,s,0.400000
11014,s,0.400000
11015,p,0.600000
11016,s,0.400000
11017,p,0.200000
11018,p,0.400000
11019,d,0.600000
11020,s,0.400000
11021,s,0.400000
11022,p,0.400000
11023,s,0.400000
11024,d,0.400000
11025,d,0.400000
11026,d,0.600000
11027,s,0.400000
11028,d,0.600000
11029,p,0.600000
11030,p,0.400000
11031,d,0.600000
11032,s,0.400000
11033,s,0.400000
11034,p,0.600000
11035,d,0.400000
11036,p,0.800000
11037,d,0.600000
11038,d,0.400000
11039,s,0.800000
11040,d,0.400000
11041,s,0.800000
11042,d,0.600000
11043,d,0.800000
11044,d,0.400000
11045,p,0.400000
11046,p,0.600000
11047,d,0.600000
11048,p,0.400000
11049,d,0.600000
11050,p,0.400000
11051,d,0.200000
11052,p,0.400000
11053,d,0.200000
11054,s,0.400000
11055,s,0.400000
11056,s,0.600000
11057,d,0.400000
11058,s,0.400000
11059,s,0.400000
11060,d,0.600000
11061,d,0.600000
11062,d,0.600000
11063,d,0.200000
11064,d,0.400000
11065,d,0.600000
11066,p,0.600000
11067,p,0.600000
11068,s,0.400000
11069,d,0.200000
11070,p,0.400000
11071,d,0.400000
11072,s,0.600000
11073,p,0.200000
11074,s,0.800000
11075,p,0.400000
11076,d,0.600000
11077,d,0.400000
11078,p,0.600000
11079,s,0.800000
11080,p,0.400000
11081,p,0.600000
11082,s,0.400000
11083,s,0.400000
11084,p,1.000000
11085,s,0.400000
11086,s,0.400000
11087,p,0.400000
11088,d,0.600000
11089,d,0.600000
11090,d,0.200000
11091,d,0.400000
11092,p,0.400000
11093,p,0.400000
11094,d,0.600000
11095,s,0.800000
11096,p,0.600000
11097,p,0.600000
11098,s,0.800000
11099,d,0.400000
11100,s,0.800000
11101,d,0.400000
11102,d,0.400000
11103,p,0.600000
11104,d,0.400000
11105,d,0.400000
11106,s,0.200000
11107,d,0.600000
11108,p,0.600000
11109,d,0.400000
11110,s,0.400000
11111,s,0.200000
11112,p,0.400000
11113,s,0.400000
11114,p,0.600000
11115,s,0.400000
11116,s,0.400000
11117,s,0.600000
11118,s,0.400000
11119,p,0.600000
11120,p,0.400000
11121,d,0.400000
11122,p,0.400000
11123,p,0.400000
11124,p,0.400000
11125,d,0.400000
11126,d,0.400000
11127,p,0.600000
11128,d,0.600000
11129,s,0.200000
11130,s,0.800000
11131,p,0.400000
11132,d,0.600000
11133,s,0.400000
11134,p,0.400000
11135,d,0.400000
11136,d,0.400000
11137,p,0.400000
11138,d,0.600000
11139,p,0.600000
11140,d,0.200000
11141,d,0.400000
11142,p,0.400000
11143,s,0.400000
11144,p,0.400000
11145,p,0.400000
11146,d,0.400000
11147,s,0.200000
11148,p,0.400000
11149,d,0.600000
11150,s,0.400000
11151,p,0.400000
11152,s,0.400000
11153,d,0.200000
11154,d,0.600000
11155,p,0.600000
11156,p,0.400000
11157,d,0.400000
11158,d,0.400000
11159,s,0.800000
11160,p,0.600000
11161,p,0.400000
11162,s,0.800000
11163,s,0.200000
11164,d,0.600000
11165,d,0.600000
11166,d,0.400000
11167,p,0.400000
11168,s,0.400000
11169,d,0.400000
11170,s,0.400000
11171,p,0.600000
11172,s,0.400000
11173,d,0.400000
11174,p,0.800000
11175,d,0.400000
11176,d,0.400000
11177,s,0.400000
11178,s,0.800000
11179,p,0.400000
11180,d,0.600000
11181,p,0.600000
11182,s,0.600000
11183,d,0.600000
11184,d,0.400000
11185,d,0.600000
11186,p,0.400000
11187,s,0.400000
11188,p,0.600000
11189,p,0.400000
11190,d,0.600000
11191,s,0.200000
11192,p,0.600000
11193,d,0.400000
11194,s,0.400000
11195,s,0.400000
11196,p,0.600000
11197,p,0.600000
11198,d,0.600000
11199,p,0.400000
11200,s,0.800000
11201,p,0.400000
11202,p,0.600000
11203,p,0.400000
11204,d,0.600000
11205,p,0.400000
11206,d,0.600000
11207,s,0.800000
11208,p,0.400000
11209,p,0.400000
11210,p,0.600000
11211,d,0.600000
11212,s,0.400000
11213,d,0.400000
11214,s,0.400000
11215,p,0.400000
11216,d,0.600000
11217,p,0.600000
11218,p,0.600000
11219,s,0.400000
11220,s,0.800000
11221,s,0.400000
11222,d,0.400000
11223,s,0.400000
11224,s,0.800000
11225,p,0.600000
11226,s,0.200000
11227,p,0.200000
11228,s,0.600000
11229,s,0.400000
11230,d,0.400000
11231,d,0.400000
11232,s,0.600000
11233,p,0.400000
11234,s,0.400000
11235,s,0.400000
11236,d,0.600000
11237,d,0.200000
11238,d,0.600000
11239,p,0.600000
11240,d,0.600000
11241,p,0.600000
11242,s,0.400000
11243,d,0.600000
11244,p,0.600000
11245,p,0.600000
11246,d,0.600000
11247,d,0.600000
11248,s,0.400000
11249,s,0.400000
11250,p,0.800000
11251,d,0.600000
11252,d,0.600000
11253,p,0.400000
11254,s,0.800000
11255,p,0.600000
11256,s,0.800000
11257,p,0.400000
11258,d,0.400000
11259,p,0.400000
11260,d,0.400000
11261,s,0.400000
11262,p,0.600000
11263,p,0.600000
11264,s,0.600000
11265,s,0.400000
11266,d,0.600000
11267,p,0.400000
11268,d,1.000000
11269,d,0.600000
11270,p,0.200000
11271,d,0.600000
11272,d,0.400000
11273,p,0.600000
11274,d,0.400000
11275,s,0.400000
11276,p,0.400000
11277,s,0.800000
11278,s,0.400000
11279,p,0.400000
11280,s,0.400000
11281,s,0.200000
11282,s,0.400000
11283,d,0.200000
11284,d,0.400000
11285,p,0.800000
11286,d,0.600000
11287,d,0.600000
11288,p,0.600000
11289,d,0.400000
11290,d,0.400000
11291,p,0.400000
11292,p,0.600000
11293,d,0.400000
11294,p,0.400000
11295,d,0.600000
11296,d,0.600000
11297,p,0.800000
11298,d,0.600000
11299,d,0.400000
11300,s,0.400000
11301,s,0.400000
11302,d,0.400000
11303,p,0.400000
11304,s,0.400000
11305,s,0.400000
11306,s,0.400000
11307,p,0.400000
11308,p,0.400000
11309,d,0.400000
11310,d,0.400000
11311,p,0.400000
11312,p,0.600000
11313,d,0.200000
11314,d,0.400000
11315,p,0.600000
11316,s,0.200000
11317,s,0.400000
11318,p,0.600000
11319,d,0.600000
11320,d,0.600000
11321,p,0.400000
11322,p,0.600000
11323,s,0.800000
11324,p,0.400000
11325,p,0.600000
11326,d,0.600000
11327,s,0.400000
11328,p,0.400000
11329,s,0.400000
11330,p,0.400000
11331,d,0.400000
11332,p,0.600000
11333,d,0.600000
11334,p,0.600000
11335,s,0.400000
11336,s,0.400000
11337,d,0.400000
11338,p,0.400000
11339,p,0.600000
11340,d,0.600000
11341,s,0.400000
11342,d,0.400000
11343,p,0.400000
11344,s,0.800000
11345,d,0.800000
11346,d,0.400000
11347,d,0.600000
11348,s,0.200000
11349,s,0.400000
11350,p,0.400000
11351,d,0.400000
11352,d,0.600000
11353,s,0.400000
11354,s,0.400000
11355,s,0.400000
11356,d,0.400000
11357,s,0.400000
11358,s,0.400000
11359,d,0.400000
11360,d,0.600000
11361,p,0.400000
11362,p,0.400000
11363,d,0.400000
11364,d,0.400000
11365,d,0.400000
11366,s,0.600000
11367,s,0.400000
11368,p,0.600000
11369,s,0.600000
11370,s,0.400000
11371,p,0.600000
11372,d,0.400000
11373,s,0.800000
11374,s,0.400000
11375,d,0.800000
11376,p,0.600000
11377,s,0.600000
11378,d,0.400000
11379,s,0.400000
11380,d,0.400000
11381,d,0.600000
11382,p,0.400000
11383,p,0.200000
11384,s,0.400000
11385,s,0.400000
11386,s,0.600000
11387,d,0.400000
11388,p,0.200000
11389,d,0.400000
11390,p,0.400000
11391,d,0.800000
11392,p,0.400000
11393,d,0.400000
11394,d,0.400000
11395,p,0.600000
11396,s,0.400000
11397,d,0.400000
11398,s,0.800000
11399,p,0.400000
11400,s,0.400000
11401,s,0.400000
11402,d,0.400000
11403,s,0.400000
11404,s,0.600000
11405,s,0.400000
11406,d,0.400000
11407,s,0.800000
11408,p,0.400000
11409,d,0.200000
11410,p,0.400000
11411,d,0.600000
11412,p,0.400000
11413,s,0.800000
11414,d,0.400000
11415,p,0.400000
11416,d,0.400000
11417,p,0.400000
11418,s,0.400000
11419,p,0.400000
11420,s,0.600000
11421,s,0.400000
11422,d,0.600000
11423,d,0.600000
11424,s,0.400000
11425,s,0.400000
11426,s,0.400000
11427,s,0.800000
11428,p,0.400000
11429,p,0.400000
11430,p,0.400000
11431,d,0.600000
11432,p,0.400000
11433,d,0.600000
11434,s,0.800000
11435,s,0.400000
11436,p,0.400000
11437,s,0.200000
11438,s,0.400000
11439,d,0.400000
11440,p,0.200000
11441,d,0.400000
11442,d,0.600000
11443,d,0.600000
11444,s,0.400000
11445,s,0.800000
11446,p,0.800000
11447,p,0.600000
11448,p,0.600000
11449,p,0.600000
11450,p,0.400000
11451,s,0.800000
11452,s,0.400000
11453,s,0.800000
11454,d,0.400000
11455,s,0.400000
11456,p,0.800000
11457,d,0.600000
11458,s,0.400000
11459,s,0.800000
11460,d,0.400000
11461,p,0.400000
11462,p,0.400000
11463,p,0.600000
11464,d,0.400000
11465,d,0.800000
11466,d,0.600000
11467,p,0.600000
11468,d,0.600000
11469,p,0.400000
11470,s,0.800000
11471,p,0.400000
11472,s,0.200000
11473,s,0.400000
11474,d,0.600000
11475,s,0.400000
11476,p,0.400000
11477,p,0.600000
11478,d,0.400000
11479,p,0.400000
11480,s,0.200000
11481,d,0.600000
11482,d,0.400000
11483,d,0.600000
11484,s,0.400000
11485,p,0.400000
11486,s,0.400000
11487,d,0.600000
11488,p,0.600000
11489,d,0.400000
11490,s,0.800000
11491,p,0.600000
11492,p,0.400000
11493,p,0.600000
11494,p,0.600000
11495,s,0.400000
11496,p,0.600000
11497,p,0.600000
11498,d,0.800000
11499,p,0.400000
11500,p,0.600000
11501,s,0.800000
11502,p,0.200000
11503,p,0.200000
11504,s,0.400000
11505,s,0.600000
11506,d,0.400000
11507,p,0.400000
11508,s,0.200000
11509,p,0.400000
11510,s,0.400000
11511,d,0.600000
11512,d,0.400000
11513,s,0.400000
11514,s,0.800000
11515,s,0.400000
11516,s,0.400000
11517,s,0.600000
11518,s,0.400000
11519,p,0.400000
11520,p,0.400000
11521,d,1.000000
11522,d,0.400000
11523,d,0.400000
11524,p,0.400000
11525,p,0.200000
11526,p,0.400000
11527,d,0.600000
11528,d,0.400000
11529,d,0.400000
11530,s,0.400000
11531,s,0.400000
11532,p,0.400000
11533,d,0.400000
11534,d,0.400000
11535,d,0.400000
11536,p,0.600000
11537,d,0.400000
11538,p,0.400000
11539,p,0.400000
11540,d,0.400000
11541,s,0.800000
11542,d,0.600000
11543,s,0.400000
11544,d,0.400000
11545,d,0.400000
11546,d,0.400000
11547,d,0.200000
11548,s,0.400000
11549,p,0.600000
11550,s,0.800000
11551,d,0.600000
11552,d,0.400000
11553,d,0.400000
11554,p,0.400000
11555,s,0.400000
11556,d,0.600000
11557,d,0.400000
11558,d,0.400000
11559,d,0.400000
11560,s,0.400000
11561,p,0.600000
11562,s,0.400000
11563,s,0.800000
11564,d,0.200000
11565,p,0.400000
11566,p,0.400000
11567,s,0.600000
11568,s,0.800000
11569,p,0.600000
11570,s,0.400000
11571,p,0.600000
11572,s,0.400000
11573,s,0.800000
11574,s,0.400000
11575,d,0.400000
11576,d,0.600000
11577,d,0.200000
11578,p,0.400000
11579,p,0.400000
11580,s,0.400000
11581,s,0.400000
11582,s,0.400000
11583,d,0.400000
11584,p,0.200000
11585,p,0.600000
11586,d,0.600000
11587,s,0.800000
11588,d,0.400000
11589,d,0.400000
11590,p,0.200000
11591,d,0.600000
11592,d,0.600000
11593,p,0.400000
11594,d,0.400000
11595,s,0.400000
11596,p,0.800000
11597,p,0.400000
11598,d,0.600000
11599,p,0.600000
11600,p,0.400000
11601,d,0.400000
11602,p,0.600000
11603,s,0.800000
11604,p,0.600000
11605,s,0.400000
11606,d,0.800000
11607,s,0.800000
11608,s,0.400000
11609,d,0.800000
11610,s,0.600000
11611,s,0.800000
11612,p,0.400000
11613,d,0.400000
11614,s,0.800000
11615,p,0.600000
11616,s,0.200000
11617,p,0.400000
11618,d,0.600000
11619,d,0.400000
11620,d,0.600000
11621,s,0.400000
11622,p,1.000000
11623,d,0.400000
11624,s,0.400000
11625,s,0.200000
11626,p,0.400000
11627,s,0.600000
11628,s,0.400000
11629,p,0.600000
11630,p,0.400000
11631,s,0.200000
11632,p,0.600000
11633,p,0.400000
11634,p,0.600000
11635,p,0.600000
11636,s,0.400000
11637,p,0.600000
11638,p,0.400000
11639,d,0.400000
11640,d,0.400000
11641,d,0.400000
11642,p,0.400000
11643,p,0.800000
11644,d,0.400000
11645,s,0.600000
11646,s,0.400000
11647,d,0.600000
11648,d,0.600000
11649,p,0.400000
11650,d,0.400000
11651,d,0.400000
11652,p,0.400000
11653,p,0.400000
11654,d,0.400000
11655,p,0.400000
11656,d,0.400000
11657,p,0.400000
11658,s,0.400000
11659,d,0.400000
11660,p,0.400000
11661,s,0.600000
11662,p,0.600000
11663,p,0.400000
11664,d,0.400000
11665,p,0.400000
11666,s,0.400000
11667,s,0.400000
11668,p,0.400000
11669,p,0.400000
11670,s,0.800000
11671,d,0.600000
11672,d,0.400000
11673,p,0.400000
11674,p,0.600000
11675,d,0.600000
11676,s,0.200000
11677,p,0.600000
11678,p,0.600000
11679,s,0.200000
11680,s,0.800000
11681,d,0.400000
11682,p,0.600000
11683,s,0.800000
11684,d,0.400000
11685,s,0.800000
11686,d,0.400000
11687,p,0.400000
11688,p,0.400000
11689,s,0.400000
11690,s,0.400000
11691,p,0.600000
11692,s,0.800000
11693,p,0.400000
11694,d,0.400000
11695,d,0.200000
11696,d,0.400000
11697,d,0.600000
11698,p,0.400000
11699,s,0.400000
11700,d,0.400000
11701,d,0.600000
11702,s,0.800000
11703,p,0.400000
11704,s,0.600000
11705,s,0.400000
11706,s,0.800000
11707,s,0.400000
11708,d,0.400000
11709,p,0.600000
11710,d,0.400000
11711,s,0.400000
11712,s,0.800000
11713,s,0.400000
11714,d,0.600000
11715,p,0.600000
11716,s,0.800000
11717,d,0.400000
11718,d,0.600000
11719,p,0.400000
11720,s,0.400000
11721,p,0.400000
11722,s,0.800000
11723,s,0.800000
11724,d,0.800000
11725,d,0.400000
11726,s,0.400000
11727,d,0.400000
11728,p,0.400000
11729,p,0.600000
11730,d,0.600000
11731,d,0.400000
11732,p,0.400000
11733,s,0.800000
11734,d,0.400000
11735,p,0.600000
11736,s,0.200000
11737,p,0.600000
11738,s,0.400000
11739,s,0.400000
11740,d,0.400000
11741,d,0.600000
11742,p,0.400000
11743,p,0.600000
11744,d,0.600000
11745,s,0.400000
11746,s,0.400000
11747,d,0.600000
11748,d,0.600000
11749,s,0.600000
11750,p,0.400000
11751,s,0.800000
11752,d,0.400000
11753,p,0.400000
11754,s,0.400000
11755,p,0.400000
11756,s,0.200000
11757,p,0.400000
11758,d,0.600000
11759,p,0.600000
11760,p,0.400000
11761,s,0.400000
11762,d,0.400000
11763,p,0.400000
11764,s,0.400000
11765,d,0.600000
11766,d,0.600000
11767,s,0.400000
11768,d,0.600000
11769,d,0.400000
11770,d,0.400000
11771,p,0.400000
11772,d,0.600000
11773,d,0.400000
11774,d,0.200000
11775,p,0.600000
11776,d,0.600000
11777,d,0.600000
11778,s,0.200000
11779,s,0.400000
11780,d,0.200000
11781,d,0.400000
11782,s,0.800000
11783,d,0.800000
11784,d,0.400000
11785,p,0.600000
11786,s,0.800000
11787,d,0.400000
11788,d,0.800000
11789,s,0.400000
11790,p,0.800000
11791,d,0.400000
11792,s,0.400000
11793,p,0.400000
11794,s,0.800000
11795,d,0.400000
11796,s,0.600000
11797,s,0.400000
11798,d,0.800000
11799,s,0.400000
11800,d,0.800000
11801,d,0.400000
11802,s,0.400000
11803,p,0.600000
11804,p,0.200000
11805,d,0.200000
11806,s,0.600000
11807,p,0.800000
11808,s,0.400000
11809,s,0.800000
11810,s,0.400000
11811,d,0.400000
11812,p,0.400000
11813,d,0.400000
11814,p,0.600000
11815,d,0.600000
11816,d,0.600000
11817,d,0.400000
11818,d,0.400000
11819,s,0.800000
11820,d,0.400000
11821,p,0.600000
11822,d,0.400000
11823,d,0.400000
11824,p,0.600000
11825,d,0.600000
11826,p,0.400000
11827,d,0.400000
11828,d,0.600000
11829,d,0.400000
11830,d,0.200000
11831,s,0.400000
11832,s,0.400000
11833,p,0.600000
11834,s,0.800000
11835,s,0.400000
11836,d,0.400000
11837,d,0.800000
11838,d,0.200000
11839,p,0.400000
11840,d,0.400000
11841,s,0.200000
11842,d,0.400000
11843,s,0.800000
11844,s,0.800000
11845,s,0.800000
11846,d,0.400000
11847,s,0.600000
11848,p,0.400000
11849,s,0.400000
11850,s,0.400000
11851,d,0.400000
11852,s,0.400000
11853,s,0.400000
11854,d,0.400000
11855,d,0.400000
11856,s,0.400000
11857,p,0.200000
11858,p,0.600000
11859,s,0.800000
11860,s,0.400000
11861,s,0.800000
11862,d,0.800000
11863,d,0.600000
11864,p,0.600000
11865,s,0.600000
11866,d,0.400000
11867,d,0.400000
11868,d,0.400000
11869,p,0.600000
11870,s,0.400000
11871,p,0.600000
11872,s,0.200000
11873,s,0.400000
11874,s,0.800000
11875,d,0.400000
11876,s,0.600000
11877,d,0.400000
11878,p,0.600000
11879,d,0.400000
11880,p,0.600000
11881,s,0.400000
11882,s,0.400000
11883,s,0.800000
11884,d,0.600000
11885,d,0.400000
11886,p,0.400000
11887,s,0.800000
11888,p,0.400000
11889,p,0.400000
11890,p,0.800000
11891,d,0.600000
11892,p,0.400000
11893,s,0.800000
11894,p,0.800000
11895,d,0.400000
11896,s,0.200000
11897,p,0.600000
11898,p,0.600000
11899,p,0.600000
11900,p,0.400000
11901,s,0.200000
11902,d,0.400000
11903,d,0.400000
11904,p,0.400000
11905,s,0.400000
11906,p,0.400000
11907,p,0.400000
11908,s,0.400000
11909,p,0.200000
11910,s,0.400000
11911,s,0.400000
11912,p,0.400000
11913,p,0.600000
11914,d,0.600000
11915,s,0.800000
11916,s,0.800000
11917,p,0.400000
11918,p,0.400000
11919,s,0.400000
11920,s,0.400000
11921,p,0.400000
11922,s,0.400000
11923,d,0.400000
11924,p,0.800000
11925,d,0.600000
11926,p,0.400000
11927,d,0.400000
11928,d,0.400000
11929,s,0.400000
11930,d,0.400000
11931,d,0.400000
11932,s,0.800000
11933,s,0.600000
11934,s,0.600000
11935,s,0.600000
11936,p,0.600000
11937,p,0.600000
11938,s,0.400000
11939,p,0.400000
11940,d,0.400000
11941,p,0.400000
11942,p,0.400000
11943,s,0.800000
11944,d,0.400000
11945,d,0.400000
11946,s,0.200000
11947,p,0.200000
11948,s,0.600000
11949,s,0.400000
11950,s,0.400000
11951,p,0.400000
11952,s,0.400000
11953,d,0.600000
11954,s,0.800000
11955,p,0.400000
11956,d,0.600000
11957,d,0.400000
11958,d,0.400000
11959,d,0.400000
11960,s,0.400000
11961,d,0.400000
11962,d,0.400000
11963,d,0.400000
11964,s,0.400000
11965,d,0.400000
11966,d,0.400000
11967,s,0.800000
11968,p,0.200000
11969,p,0.600000
11970,s,0.200000
11971,d,0.400000
11972,s,0.600000
11973,p,0.600000
11974,s,0.400000
11975,d,0.800000
11976,d,0.600000
11977,d,0.400000
11978,p,0.400000
11979,s,1.000000
11980,p,0.600000
11981,s,0.400000
11982,d,0.200000
11983,d,0.400000
11984,p,0.800000
11985,p,0.400000
11986,s,0.800000
11987,p,0.600000
11988,s,0.200000
11989,d,0.400000
11990,d,0.600000
11991,p,0.400000
11992,s,0.400000
11993,d,0.600000
11994,d,0.600000
11995,p,0.400000
11996,d,0.800000
11997,s,0.400000
11998,d,0.400000
11999,p,0.800000
12000,s,0.400000
12001,s,0.400000
12002,p,0.400000
12003,d,0.600000
12004,s,0.800000
12005,p,0.600000
12006,d,0.400000
12007,s,0.400000
12008,d,0.600000
12009,d,0.600000
12010,d,0.600000
12011,p,0.400000
12012,d,0.600000
12013,s,0.200000
12014,d,0.400000
12015,p,0.200000
12016,s,0.800000
12017,p,0.600000
12018,d,0.600000
12019,p,0.600000
12020,s,0.800000
12021,s,0.400000
12022,s,0.400000
12023,d,0.400000
12024,s,0.800000
12025,s,0.400000
12026,d,0.400000
12027,s,0.400000
12028,s,0.800000
12029,d,0.400000
12030,d,0.200000
12031,s,0.600000
12032,d,0.400000
12033,s,0.400000
12034,s,0.400000
12035,p,0.600000
12036,s,0.400000
12037,s,0.200000
12038,p,0.600000
12039,s,0.400000
12040,p,0.600000
12041,s,0.400000
12042,d,0.600000
12043,d,0.400000
12044,s,0.400000
12045,p,0.400000
12046,s,0.400000
12047,d,0.600000
12048,s,0.800000
12049,d,0.600000
12050,s,0.800000
12051,s,0.400000
12052,s,0.800000
12053,d,0.400000
12054,d,0.400000
12055,s,0.600000
12056,p,0.600000
12057,s,0.400000
12058,d,0.800000
12059,s,0.400000
12060,s,0.400000
12061,p,0.400000
12062,s,0.400000
12063,p,0.600000
12064,p,0.400000
12065,s,0.600000
12066,s,0.800000
12067,d,0.400000
12068,s,1.000000
12069,p,0.400000
12070,p,0.600000
12071,d,0.400000
12072,d,0.600000
12073,d,0.400000
12074,d,0.400000
12075,d,0.400000
12076,d,0.600000
12077,d,0.400000
12078,d,0.400000
12079,p,0.400000
12080,d,0.400000
12081,d,0.600000
12082,s,0.400000
12083,p,0.600000
12084,d,0.600000
12085,p,0.400000
12086,d,0.600000
12087,d,0.400000
12088,d,0.400000
12089,p,0.600000
12090,s,0.400000
12091,d,0.600000
12092,p,0.600000
12093,p,0.400000
12094,p,0.600000
12095,d,0.600000
12096,s,0.400000
12097,d,0.600000
12098,p,0.400000
12099,d,0.600000
12100,d,0.600000
12101,d,0.400000
12102,s,0.200000
12103,s,0.400000
12104,s,0.400000
12105,s,0.400000
12106,s,0.600000
12107,s,0.600000
12108,p,0.600000
12109,d,0.600000
12110,d,0.600000
12111,s,0.800000
12112,d,0.800000
12113,s,0.400000
12114,s,0.800000
12115,s,0.800000
12116,d,0.400000
12117,p,0.400000
12118,p,0.400000
12119,p,0.400000
12120,d,0.400000
12121,p,0.600000
12122,s,0.400000
12123,s,0.400000
12124,p,0.400000
12125,s,0.600000
12126,d,0.600000
12127,d,0.600000
12128,s,0.800000
12129,s,0.800000
12130,s,0.400000
12131,s,0.400000
12132,p,0.400000
12133,d,0.600000
12134,p,0.200000
12135,p,0.400000
12136,p,0.400000
12137,d,0.600000
12138,p,0.400000
12139,p,0.600000
12140,p,0.600000
12141,d,0.600000
12142,p,0.600000
12143,s,0.400000
12144,s,0.400000
12145,p,0.400000
12146,d,0.400000
12147,d,0.600000
12148,p,0.400000
12149,p,0.600000
12150,p,0.600000
12151,p,0.400000
12152,p,0.400000
12153,s,0.800000
12154,s,0.200000
12155,d,0.400000
12156,s,0.800000
12157,d,0.400000
12158,s,0.400000
12159,p,0.400000
12160,s,0.800000
12161,d,0.600000
12162,d,0.400000
12163,p,0.800000
12164,s,0.400000
12165,s,0.800000
12166,s,0.400000
12167,p,0.800000
12168,s,0.400000
12169,s,0.600000
12170,s,0.600000
12171,s,0.400000
12172,p,0.600000
12173,s,0.400000
12174,s,0.400000
12175,d,0.800000
12176,s,0.400000
12177,d,0.400000
12178,p,0.800000
12179,d,0.400000
12180,s,0.400000
12181,p,0.400000
12182,d,0.400000
12183,d,0.800000
12184,p,0.600000
12185,s,0.800000
12186,p,0.400000
12187,p,0.400000
12188,d,0.400000
12189,p,0.400000
12190,s,0.800000
12191,s,0.400000
12192,p,0.600000
12193,d,0.600000
12194,d,0.400000
12195,d,0.600000
12196,d,0.600000
12197,p,0.600000
12198,p,0.200000
12199,s,0.800000
12200,d,0.400000
12201,s,0.200000
12202,p,0.600000
12203,p,0.600000
12204,d,0.600000
12205,p,0.400000
12206,d,0.400000
12207,s,0.400000
12208,d,0.600000
12209,p,0.400000
12210,d,0.400000
12211,s,0.400000
12212,d,0.600000
12213,s,0.200000
12214,p,0.600000
12215,p,0.400000
12216,p,0.600000
12217,s,0.400000
12218,p,0.400000
12219,d,0.600000
12220,d,0.600000
12221,s,0.400000
12222,p,0.200000
12223,p,0.200000
12224,d,0.600000
12225,d,0.400000
12226,d,0.600000
12227,d,0.400000
12228,p,0.400000
12229,d,0.600000
12230,p,0.600000
12231,d,0.600000
12232,p,0.400000
12233,d,0.400000
12234,p,0.400000
12235,p,0.600000
12236,d,0.200000
12237,d,0.400000
12238,s,0.400000
12239,p,0.400000
12240,s,0.400000
12241,d,0.800000
12242,p,0.400000
12243,d,0.600000
12244,d,0.600000
12245,s,0.200000
12246,s,0.400000
12247,s,0.200000
12248,p,0.400000
12249,s,0.400000
12250,p,0.400000
12251,p,0.400000
12252,d,0.400000
12253,s,0.400000
12254,d,0.600000
12255,d,0.600000
12256,p,0.600000
12257,p,0.600000
12258,s,0.800000
12259,s,0.400000
12260,p,0.200000
12261,p,0.400000
12262,d,0.600000
12263,d,0.600000
12264,p,0.600000
12265,s,0.400000
12266,d,0.600000
12267,s,0.400000
12268,s,0.600000
12269,s,0.600000
12270,d,0.400000
12271,d,0.200000
12272,s,0.400000
12273,s,0.600000
12274,p,0.400000
12275,d,0.400000
12276,p,0.800000
12277,d,0.600000
12278,p,0.400000
12279,p,0.600000
12280,s,0.600000
12281,s,0.400000
12282,s,0.800000
12283,d,0.400000
12284,s,0.200000
12285,d,0.400000
12286,s,0.400000
12287,s,0.600000
12288,s,0.400000
12289,s,0.600000
12290,s,0.400000
12291,s,0.400000
12292,d,0.400000
12293,d,0.400000
12294,d,0.600000
12295,d,0.800000
12296,p,0.600000
12297,s,0.400000
12298,p,0.400000
12299,p,0.600000
12300,d,0.400000
12301,p,0.400000
12302,p,0.400000
12303,d,0.600000
12304,d,0.600000
12305,d,0.600000
12306,s,0.400000
12307,d,0.600000
12308,d,0.400000
12309,p,0.400000
12310,s,0.400000
12311,s,0.600000
12312,d,0.600000
12313,p,0.400000
12314,p,0.600000
12315,d,0.400000
12316,p,0.400000
12317,s,0.600000
12318,p,0.400000
12319,p,0.600000
12320,d,0.600000
12321,d,0.400000
12322,p,0.200000
12323,d,0.400000
12324,s,0.200000
12325,p,0.400000
12326,d,0.600000
12327,s,0.200000
12328,d,0.600000
12329,s,0.400000
12330,s,0.600000
12331,s,0.600000
12332,d,0.400000
12333,p,0.400000
12334,p,0.400000
12335,p,0.400000
12336,d,0.200000
12337,d,0.600000
12338,s,0.400000
12339,s,0.800000
12340,s,0.400000
12341,d,0.400000
12342,s,0.400000
12343,d,0.200000
12344,p,0.400000
12345,d,0.600000
12346,p,0.600000
12347,p,0.400000
12348,p,0.400000
12349,d,0.600000
12350,p,0.400000
12351,s,0.600000
12352,p,0.200000
12353,s,0.400000
12354,s,0.400000
12355,p,0.400000
12356,d,0.600000
12357,d,0.400000
12358,p,0.400000
12359,p,0.600000
12360,d,0.600000
12361,p,0.400000
12362,p,0.400000
12363,d,0.200000
12364,s,0.400000
12365,s,0.600000
12366,d,0.600000
12367,d,0.400000
12368,p,0.200000
12369,d,0.400000
12370,d,0.400000
12371,p,0.400000
12372,d,0.600000
12373,p,0.400000
12374,s,0.400000
12375,p,0.400000
12376,p,0.600000
12377,s,0.400000
12378,s,0.400000
12379,s,0.800000
12380,s,0.400000
12381,d,0.600000
12382,s,0.800000
12383,d,0.200000
12384,d,0.400000
12385,p,0.400000
12386,p,0.600000
12387,s,0.400000
12388,d,0.400000
12389,p,0.400000
12390,s,0.600000
12391,s,0.200000
12392,d,0.600000
12393,s,0.400000
12394,p,0.200000
12395,d,0.600000
12396,p,0.400000
12397,s,0.800000
12398,s,0.400000
12399,s,0.400000
12400,d,0.400000
12401,s,0.400000
12402,d,0.400000
12403,s,0.800000
12404,d,0.600000
12405,p,0.600000
12406,s,0.400000
12407,s,0.400000
12408,s,0.200000
12409,s,0.800000
12410,s,0.400000
12411,p,0.600000
12412,s,0.400000
12413,p,0.400000
12414,p,0.600000
12415,s,0.400000
12416,p,0.400000
12417,s,0.800000
12418,s,0.600000
12419,s,0.400000
12420,d,0.400000
12421,s,0.400000
12422,s,0.400000
12423,s,0.800000
12424,s,0.400000
12425,s,0.400000
12426,d,0.400000
12427,s,0.800000
12428,s,0.400000
12429,d,0.400000
12430,p,0.800000
12431,p,0.400000
12432,d,0.600000
12433,d,0.600000
12434,s,0.400000
12435,d,0.600000
12436,d,0.400000
12437,p,0.400000
12438,d,0.400000
12439,d,0.400000
12440,p,0.400000
12441,s,0.800000
12442,s,0.800000
12443,d,0.400000
12444,p,0.800000
12445,p,0.400000
12446,s,0.800000
12447,p,0.800000
12448,p,0.400000
12449,s,0.400000
12450,s,0.800000
12451,d,0.600000
12452,s,0.400000
12453,d,0.200000
12454,s,0.800000
12455,s,0.400000
12456,s,0.600000
12457,d,0.400000
12458,d,0.600000
12459,p,0.800000
12460,s,0.400000
12461,d,0.600000
12462,s,0.400000
12463,p,0.400000
12464,s,0.600000
12465,d,0.600000
12466,p,0.400000
12467,d,0.400000
12468,p,0.400000
12469,d,0.400000
12470,s,0.400000
12471,d,0.600000
12472,s,0.600000
12473,d,0.600000
12474,s,1.000000
12475,p,0.400000
12476,s,0.400000
12477,p,0.400000
12478,d,0.200000
12479,s,0.400000
12480,p,0.600000
12481,p,0.600000
12482,d,0.600000
12483,p,0.600000
12484,s,0.800000
12485,p,0.200000
12486,p,0.800000
12487,p,0.400000
12488,d,0.600000
12489,s,0.400000
12490,d,0.400000
12491,s,0.400000
12492,p,0.400000
12493,d,0.400000
12494,s,0.400000
12495,d,0.600000
12496,p,0.400000
12497,d,0.400000
12498,p,0.600000
12499,s,0.800000
12500,d,0.600000
12501,d,0.400000
12502,s,0.400000
12503,p,0.600000
12504,s,0.400000
12505,s,0.600000
12506,p,0.400000
12507,s,0.400000
12508,s,0.800000
12509,p,0.400000
12510,d,0.600000
12511,s,0.600000
12512,p,0.400000
12513,s,0.400000
12514,s,0.400000
12515,p,0.600000
12516,p,0.200000
12517,d,0.400000
12518,s,0.400000
12519,d,0.600000
12520,s,0.400000
12521,d,0.400000
12522,s,0.400000
12523,d,0.400000
12524,s,0.400000
12525,d,0.400000
12526,d,0.600000
12527,s,0.400000
12528,d,0.400000
12529,s,0.400000
12530,d,0.400000
12531,d,0.400000
12532,s,0.800000
12533,p,0.400000
12534,s,0.400000
12535,s,0.200000
12536,s,1.000000
12537,p,0.600000
12538,p,0.400000
12539,d,0.400000
12540,d,0.600000
12541,p,0.400000
12542,s,0.800000
12543,s,0.400000
12544,d,0.400000
12545,d,0.400000
12546,p,0.800000
12547,d,0.400000
12548,p,0.600000
12549,d,0.200000
12550,d,0.600000
12551,d,0.600000
12552,s,0.400000
12553,d,0.600000
12554,d,0.400000
12555,p,0.400000
12556,s,0.800000
12557,p,0.600000
12558,p,0.400000
12559,s,0.400000
12560,p,0.600000
12561,p,0.600000
12562,p,0.600000
12563,d,0.600000
12564,p,0.600000
12565,p,0.200000
12566,p,0.400000
12567,d,0.400000
12568,p,0.400000
12569,s,0.200000
12570,p,0.600000
12571,s,0.400000
12572,p,0.600000
12573,s,0.400000
12574,p,0.400000
12575,s,0.800000
12576,d,0.400000
12577,s,0.400000
12578,d,0.400000
12579,s,0.800000
12580,d,0.400000
12581,s,0.400000
12582,p,0.400000
12583,p,0.400000
12584,d,0.600000
12585,d,0.400000
12586,p,0.400000
12587,p,0.600000
12588,d,0.400000
12589,s,0.400000
12590,d,0.600000
12591,p,0.400000
12592,p,0.200000
12593,p,0.400000
12594,p,0.400000
12595,s,0.800000
12596,d,0.400000
12597,d,0.400000
12598,d,0.400000
12599,d,0.400000
12600,s,0.800000
12601,s,0.400000
12602,s,0.200000
12603,s,0.200000
12604,s,0.600000
12605,d,0.600000
12606,d,0.600000
12607,p,0.600000
12608,s,0.400000
12609,d,0.600000
12610,d,0.400000
12611,s,0.400000
12612,s,0.800000
12613,s,0.400000
12614,d,0.600000
12615,p,0.600000
12616,d,0.400000
12617,s,0.200000
12618,d,0.400000
12619,s,0.800000
12620,d,0.600000
12621,s,0.800000
12622,s,0.400000
12623,d,0.600000
12624,p,0.400000
12625,p,0.600000
12626,p,0.600000
12627,p,0.600000
12628,d,0.400000
12629,s,0.400000
12630,s,0.400000
12631,d,0.200000
12632,s,0.400000
12633,d,0.600000
12634,s,0.400000
12635,s,1.000000
12636,d,0.600000
12637,d,0.400000
12638,s,0.400000
12639,d,0.400000
12640,p,0.600000
12641,s,0.800000
12642,p,0.600000
12643,s,0.400000
12644,p,0.200000
12645,s,0.400000
12646,p,0.400000
12647,p,0.400000
12648,s,0.400000
12649,p,0.600000
12650,d,0.400000
12651,d,0.400000
12652,s,0.400000
12653,p,0.600000
12654,p,0.600000
12655,s,0.800000
12656,d,0.400000
12657,s,0.800000
12658,d,0.400000
12659,s,0.400000
12660,s,0.400000
12661,d,0.400000
12662,s,0.400000
12663,d,0.600000
12664,s,0.600000
12665,p,0.800000
12666,s,0.400000
12667,p,0.400000
12668,s,0.600000
12669,d,0.600000
12670,s,0.200000
12671,s,0.400000
12672,s,0.800000
12673,d,0.400000
12674,d,0.400000
12675,d,0.400000
12676,p,0.600000
12677,p,0.600000
12678,s,0.400000
12679,d,0.600000
12680,p,0.600000
12681,p,0.600000
12682,p,0.600000
12683,s,0.400000
12684,d,0.200000
12685,p,0.400000
12686,s,0.400000
12687,s,0.800000
12688,s,0.400000
12689,d,0.600000
12690,p,0.400000
12691,s,0.400000
12692,p,0.400000
12693,d,0.600000
12694,p,0.400000
12695,d,0.400000
12696,p,0.400000
12697,d,0.400000
12698,d,0.400000
12699,d,0.400000
12700,p,0.800000
12701,p,0.400000
12702,d,0.600000
12703,d,0.200000
12704,s,0.400000
12705,s,0.400000
12706,p,0.600000
12707,s,0.200000
12708,p,0.400000
12709,p,0.400000
12710,s,0.400000
12711,p,0.400000
12712,d,0.400000
12713,d,0.400000
12714,s,0.400000
12715,p,0.400000
12716,d,0.400000
12717,d,0.600000
12718,d,0.600000
12719,p,0.600000
12720,s,0.400000
12721,d,0.400000
12722,d,0.400000
12723,p,0.400000
12724,s,0.800000
12725,s,0.600000
12726,p,0.200000
12727,s,0.400000
12728,s,0.400000
12729,p,0.400000
12730,s,0.600000
12731,d,0.400000
12732,p,0.400000
12733,s,0.600000
12734,s,0.400000
12735,s,0.400000
12736,d,0.400000
12737,d,0.800000
12738,s,0.400000
12739,s,0.400000
12740,s,0.600000
12741,p,0.400000
12742,s,0.400000
12743,d,0.400000
12744,s,0.800000
12745,s,0.400000
12746,p,0.400000
12747,s,0.600000
12748,p,0.600000
12749,s,0.400000
12750,d,0.400000
12751,p,0.800000
12752,p,0.600000
12753,p,0.600000
12754,p,0.400000
12755,s,0.600000
12756,s,0.400000
12757,s,0.400000
12758,s,0.400000
12759,p,0.400000
12760,d,0.400000
12761,d,0.800000
12762,d,0.400000
12763,d,0.400000
12764,s,0.400000
12765,s,0.400000
12766,d,0.600000
12767,p,0.400000
12768,p,0.800000
12769,p,0.400000
12770,p,0.400000
12771,p,0.400000
12772,d,0.600000
12773,p,0.600000
12774,p,0.400000
12775,d,0.200000
12776,p,0.400000
12777,s,0.200000
12778,d,0.400000
12779,d,0.600000
12780,p,0.600000
12781,d,0.600000
12782,d,0.600000
12783,p,0.400000
12784,p,0.400000
12785,p,0.600000
12786,s,0.400000
12787,d,0.600000
12788,p,0.800000
12789,s,0.400000
12790,p,0.600000
12791,s,0.800000
12792,p,0.400000
12793,p,0.800000
12794,p,0.400000
12795,p,0.600000
12796,d,0.400000
12797,s,0.400000
12798,p,0.400000
12799,d,0.600000
12800,p,0.400000
12801,p,0.600000
12802,d,0.600000
12803,s,0.800000
12804,d,0.600000
12805,p,0.400000
12806,p,0.400000
12807,p,0.600000
12808,d,0.400000
12809,p,0.400000
12810,d,0.400000
12811,p,0.400000
12812,p,0.600000
12813,s,0.400000
12814,s,0.400000
12815,p,0.400000
12816,s,0.400000
12817,d,0.600000
12818,p,0.400000
12819,d,0.400000
12820,d,0.400000
12821,p,0.600000
12822,d,0.600000
12823,d,0.200000
12824,p,0.400000
12825,d,0.600000
12826,d,0.600000
12827,d,0.400000
12828,p,0.400000
12829,d,0.600000
12830,s,0.400000
12831,d,0.400000
12832,d,0.400000
12833,d,0.400000
12834,s,0.600000
12835,p,0.600000
12836,p,0.400000
12837,s,0.200000
12838,s,0.400000
12839,s,0.400000
12840,p,0.800000
12841,d,0.800000
12842,s,0.400000
12843,d,0.400000
12844,s,0.400000
12845,p,0.200000
12846,s,0.600000
12847,p,0.600000
12848,p,0.400000
12849,s,0.400000
12850,s,0.400000
12851,s,0.800000
12852,s,0.400000
12853,d,0.400000
12854,s,0.600000
12855,p,0.800000
12856,d,0.400000
12857,p,0.400000
12858,d,0.600000
12859,s,0.600000
12860,s,0.400000
12861,d,0.400000
12862,p,0.400000
12863,s,0.400000
12864,p,0.400000
12865,s,0.800000
12866,p,0.400000
12867,p,0.400000
12868,p,0.400000
12869,d,0.400000
12870,p,0.600000
12871,d,0.600000
12872,p,0.600000
12873,d,0.600000
12874,s,0.800000
12875,d,0.600000
12876,p,0.600000
12877,p,0.600000
12878,p,0.600000
12879,p,0.800000
12880,p,0.400000
12881,s,0.600000
12882,d,0.600000
12883,p,0.600000
12884,p,0.600000
12885,d,0.600000
12886,s,0.400000
12887,d,0.600000
12888,p,0.600000
12889,s,0.800000
12890,d,0.600000
12891,s,0.400000
12892,p,0.400000
12893,p,0.400000
12894,p,0.400000
12895,d,0.600000
12896,d,0.400000
12897,p,0.400000
12898,d,0.400000
12899,s,0.400000
12900,d,0.400000
12901,s,0.400000
12902,s,0.400000
12903,d,0.400000
12904,p,0.600000
12905,p,0.600000
12906,d,0.600000
12907,d,0.600000
12908,d,0.600000
12909,s,0.800000
12910,d,0.600000
12911,p,0.400000
12912,d,0.800000
12913,s,0.400000
12914,d,0.400000
12915,p,0.600000
12916,s,0.400000
12917,s,0.400000
12918,d,0.600000
12919,p,0.400000
12920,d,0.400000
12921,p,0.600000
12922,s,0.400000
12923,d,0.600000
12924,p,0.400000
12925,d,0.400000
12926,d,0.400000
12927,d,0.400000
12928,p,0.400000
12929,d,0.400000
12930,p,0.400000
12931,s,0.400000
12932,p,0.600000
12933,d,0.600000
12934,p,0.600000
12935,p,0.600000
12936,p,0.400000
12937,s,0.400000
12938,p,0.400000
12939,s,0.400000
12940,d,0.400000
12941,s,0.400000
12942,p,0.600000
12943,d,0.600000
12944,d,0.400000
12945,s,0.600000
12946,p,0.400000
12947,s,0.400000
12948,d,0.400000
12949,d,0.400000
12950,s,0.600000
12951,s,0.800000
12952,d,0.400000
12953,s,0.400000
12954,d,0.600000
12955,p,0.400000
12956,p,0.400000
12957,s,0.800000
12958,p,0.400000
12959,s,0.400000
12960,s,0.400000
12961,d,0.400000
12962,p,0.800000
12963,s,0.600000
12964,s,0.400000
12965,d,0.400000
12966,s,0.400000
12967,p,0.600000
12968,d,0.400000
12969,s,0.800000
12970,s,0.600000
12971,d,0.400000
12972,s,0.400000
12973,d,0.400000
12974,s,0.400000
12975,p,0.600000
12976,p,0.600000
12977,s,0.400000
12978,s,0.400000
12979,p,0.600000
12980,d,0.400000
12981,d,0.400000
12982,d,0.400000
12983,s,0.400000
12984,p,0.600000
12985,s,0.400000
12986,p,0.600000
12987,d,0.400000
12988,d,0.600000
12989,d,0.400000
12990,d,0.400000
12991,d,0.400000
12992,s,0.600000
12993,s,0.800000
12994,s,0.400000
12995,p,0.400000
12996,s,0.400000
12997,d,0.400000
12998,s,0.800000
12999,d,0.600000
13000,s,0.400000
13001,d,0.400000
13002,p,0.600000
13003,d,0.400000
13004,d,0.600000
13005,p,1.000000
13006,s,0.800000
13007,d,0.800000
13008,p,0.800000
13009,s,0.400000
13010,d,0.600000
13011,s,0.200000
13012,d,0.600000
13013,d,0.600000
13014,s,0.800000
13015,p,0.400000
13016,p,0.200000
13017,p,0.600000
13018,s,0.400000
13019,p,0.600000
13020,p,0.600000
13021,d,0.600000
13022,d,0.400000
13023,p,0.800000
13024,s,0.400000
13025,p,0.800000
13026,d,0.400000
13027,p,0.800000
13028,d,0.400000
13029,d,0.600000
13030,p,0.600000
13031,d,0.400000
13032,s,0.800000
13033,d,0.400000
13034,d,0.400000
13035,s,0.400000
13036,p,0.400000
13037,d,0.600000
13038,d,0.400000
13039,p,0.200000
13040,d,0.600000
13041,d,0.600000
13042,d,0.400000
13043,s,0.400000
13044,s,0.600000
13045,d,0.400000
13046,d,0.400000
13047,d,0.600000
13048,s,0.400000
13049,s,0.600000
13050,s,0.400000
13051,s,0.800000
13052,d,0.600000
13053,p,0.400000
13054,d,0.800000
13055,p,0.400000
13056,p,0.600000
13057,s,0.600000
13058,s,0.400000
13059,p,0.400000
13060,d,0.600000
13061,p,0.600000
13062,s,0.400000
13063,d,0.400000
13064,s,0.400000
13065,p,0.600000
13066,d,0.400000
13067,s,0.400000
13068,d,0.400000
13069,d,0.400000
13070,p,0.600000
13071,s,0.400000
13072,d,0.600000
13073,s,0.800000
13074,s,0.400000
13075,s,0.400000
13076,d,0.600000
13077,p,0.400000
13078,p,0.400000
13079,p,0.400000
13080,d,0.400000
13081,s,0.800000
13082,d,0.600000
13083,p,0.400000
13084,s,0.200000
13085,s,0.800000
13086,s,0.800000
13087,d,0.400000
13088,s,0.400000
13089,p,0.400000
13090,d,0.400000
13091,d,0.200000
13092,p,0.400000
13093,s,0.400000
13094,s,0.800000
13095,d,0.800000
13096,s,0.400000
13097,d,0.400000
13098,p,0.400000
13099,s,0.600000
13100,d,0.400000
13101,s,0.400000
13102,d,0.400000
13103,d,0.400000
13104,s,0.400000
13105,d,0.400000
13106,p,0.400000
13107,s,0.400000
13108,s,0.400000
13109,d,0.400000
13110,s,0.400000
13111,p,0.600000
13112,p,0.400000
13113,d,0.600000
13114,p,0.400000
13115,p,0.600000
13116,s,0.800000
13117,s,0.400000
13118,p,0.600000
13119,p,0.400000
13120,p,0.400000
13121,d,0.400000
13122,s,0.400000
13123,p,0.400000
13124,d,0.400000
13125,d,0.800000
13126,p,0.400000
13127,s,0.800000
13128,p,0.400000
13129,p,0.400000
13130,d,0.600000
13131,s,0.600000
13132,s,0.400000
13133,p,0.600000
13134,p,0.600000
13135,p,0.400000
13136,s,0.400000
13137,s,0.400000
13138,d,0.600000
13139,d,0.400000
13140,s,0.400000
13141,d,0.600000
13142,d,0.600000
13143,d,0.400000
13144,d,0.400000
13145,s,0.400000
13146,s,0.400000
13147,p,0.600000
13148,d,0.400000
13149,p,0.400000
13150,s,0.400000
13151,p,0.400000
13152,s,0.400000
13153,s,0.800000
13154,p,0.600000
13155,d,0.600000
13156,p,0.600000
13157,s,0.400000
13158,s,0.400000
13159,d,0.600000
13160,s,0.600000
13161,p,0.600000
13162,d,0.400000
13163,s,0.400000
13164,s,0.400000
13165,s,0.800000
13166,s,0.400000
13167,d,0.600000
13168,d,0.400000
13169,s,0.800000
13170,d,0.400000
13171,s,0.800000
13172,p,0.600000
13173,s,0.400000
13174,d,0.400000
13175,p,0.400000
13176,d,0.400000
13177,p,0.400000
13178,s,0.400000
13179,p,0.400000
13180,s,0.400000
13181,s,0.400000
13182,d,0.600000
13183,p,0.600000
13184,p,0.600000
13185,d,0.400000
13186,d,0.600000
13187,p,0.400000
13188,p,0.600000
13189,p,0.600000
13190,p,0.600000
13191,s,0.400000
13192,s,0.400000
13193,d,0.400000
13194,s,0.400000
13195,p,0.600000
13196,d,0.400000
13197,s,0.600000
13198,s,0.600000
13199,s,0.400000
13200,s,0.400000
13201,s,0.800000
13202,s,0.400000
13203,s,0.600000
13204,p,0.400000
13205,d,0.400000
13206,d,0.400000
13207,d,0.600000
13208,p,0.600000
13209,s,0.800000
13210,d,0.600000
13211,d,0.600000
13212,s,0.800000
13213,s,0.600000
13214,p,0.800000
13215,s,0.400000
13216,s,0.800000
13217,s,0.400000
13218,p,0.800000
13219,s,0.800000
13220,p,0.600000
13221,s,0.400000
13222,p,0.400000
13223,s,0.400000
13224,s,0.400000
13225,p,0.600000
13226,d,0.600000
13227,d,0.400000
13228,d,0.600000
13229,p,0.600000
13230,p,0.600000
13231,d,0.600000
13232,d,0.600000
13233,p,0.400000
13234,d,0.800000
13235,s,0.600000
13236,p,0.400000
13237,d,0.400000
13238,d,0.400000
13239,s,0.400000
13240,s,0.400000
13241,s,0.400000
13242,p,0.600000
13243,d,0.600000
13244,s,0.400000
13245,d,0.600000
13246,d,0.400000
13247,s,0.600000
13248,d,0.600000
13249,d,0.400000
13250,d,0.800000
13251,d,0.600000
13252,p,0.600000
13253,p,0.600000
13254,d,0.600000
13255,d,0.600000
13256,d,0.400000
13257,p,0.600000
13258,p,0.400000
13259,s,0.400000
13260,s,0.400000
13261,s,0.800000
13262,d,0.600000
13263,p,0.600000
13264,s,0.400000
13265,s,0.600000
13266,d,0.200000
13267,s,0.400000
13268,s,0.400000
13269,d,0.600000
13270,d,0.600000
13271,s,0.400000
13272,d,0.400000
13273,d,0.400000
13274,d,0.400000
13275,s,0.600000
13276,p,0.400000
13277,d,0.400000
13278,p,0.400000
13279,s,0.400000
13280,s,0.400000
13281,p,0.400000
13282,p,0.400000
13283,d,0.400000
13284,p,0.200000
13285,p,0.400000
13286,p,0.600000
13287,d,0.600000
13288,d,0.600000
13289,s,0.400000
13290,s,0.400000
13291,s,0.800000
13292,d,0.400000
13293,d,0.600000
13294,s,0.400000
13295,s,0.400000
13296,s,0.600000
13297,p,0.600000
13298,d,0.600000
13299,p,0.400000
13300,d,0.600000
13301,d,0.400000
13302,s,0.800000
13303,d,0.400000
13304,p,0.600000
13305,d,0.600000
13306,s,0.400000
13307,s,0.800000
13308,d,0.400000
13309,d,0.600000
13310,p,0.400000
13311,s,0.400000
13312,s,0.800000
13313,d,0.800000
13314,s,0.400000
13315,d,0.600000
13316,p,0.800000
13317,p,0.200000
13318,s,0.400000
13319,p,0.600000
13320,s,0.400000
13321,p,0.600000
13322,d,0.600000
13323,p,0.400000
13324,s,0.400000
13325,d,0.600000
13326,d,0.400000
13327,s,0.400000
13328,p,0.600000
13329,p,0.400000
13330,p,0.600000
13331,d,0.600000
13332,s,0.400000
13333,s,0.400000
13334,s,0.200000
13335,p,0.800000
13336,s,0.400000
13337,d,0.400000
13338,p,0.400000
13339,s,0.600000
13340,s,0.800000
13341,s,0.800000
13342,d,0.400000
13343,p,0.400000
13344,s,0.400000
13345,d,0.600000
13346,s,0.800000
13347,p,0.600000
13348,s,0.800000
13349,d,0.400000
13350,d,0.400000
13351,p,0.600000
13352,p,0.400000
13353,d,0.600000
13354,p,0.600000
13355,d,0.600000
13356,p,0.400000
13357,d,0.600000
13358,p,0.400000
13359,s,0.400000
13360,p,0.400000
13361,s,0.400000
13362,p,0.400000
13363,d,0.600000
13364,p,0.200000
13365,p,0.400000
13366,s,0.800000
13367,p,0.600000
13368,d,0.600000
13369,d,0.400000
13370,p,0.400000
13371,d,0.200000
13372,d,0.400000
13373,s,0.400000
13374,p,1.000000
13375,d,0.600000
13376,s,0.400000
13377,p,1.000000
13378,d,0.600000
13379,s,0.200000
13380,d,0.600000
13381,p,0.600000
13382,s,0.400000
13383,s,0.400000
13384,d,0.600000
13385,p,0.600000
13386,d,0.600000
13387,d,0.400000
13388,d,0.600000
13389,p,0.400000
13390,p,0.400000
13391,p,0.200000
13392,p,0.400000
13393,s,0.400000
13394,p,0.600000
13395,s,0.400000
13396,d,0.800000
13397,d,0.600000
13398,d,0.400000
13399,s,0.400000
13400,d,0.600000
13401,s,0.400000
13402,s,0.400000
13403,d,0.400000
13404,d,0.600000
13405,p,0.800000
13406,s,0.400000
13407,s,0.400000
13408,p,0.600000
13409,s,0.400000
13410,d,0.400000
13411,s,0.400000
13412,s,0.800000
13413,p,0.600000
13414,s,0.400000
13415,d,0.600000
13416,p,0.400000
13417,s,0.400000
13418,p,0.200000
13419,d,0.400000
13420,s,0.800000
13421,p,0.600000
13422,d,0.400000
13423,s,0.400000
13424,d,0.600000
13425,s,0.400000
13426,s,0.400000
13427,d,0.600000
13428,d,0.600000
13429,d,0.600000
13430,s,0.400000
13431,d,0.400000
13432,p,0.600000
13433,s,0.200000
13434,p,0.800000
13435,s,0.800000
13436,d,0.600000
13437,s,0.400000
13438,p,0.400000
13439,p,0.600000
13440,p,0.400000
13441,d,0.600000
13442,s,0.800000
13443,p,0.600000
13444,p,0.600000
13445,s,0.800000
13446,s,0.400000
13447,s,0.400000
13448,s,0.400000
13449,d,0.400000
13450,d,0.600000
13451,s,0.400000
13452,s,0.400000
13453,p,0.600000
13454,s,0.400000
13455,p,0.600000
13456,p,0.600000
13457,s,0.400000
13458,p,0.400000
13459,s,0.400000
13460,s,0.600000
13461,d,0.400000
13462,s,0.400000
13463,s,0.800000
13464,p,0.600000
13465,p,0.600000
13466,d,0.600000
13467,s,0.400000
13468,s,0.800000
13469,p,0.400000
13470,p,0.600000
13471,p,0.400000
13472,d,0.600000
13473,d,0.600000
13474,s,0.400000
13475,p,0.400000
13476,s,0.400000
13477,p,0.600000
13478,s,0.400000
13479,s,0.400000
13480,d,0.400000
13481,p,0.400000
13482,p,0.400000
13483,d,0.400000
13484,d,0.400000
13485,d,0.400000
13486,p,0.600000
13487,d,0.400000
13488,p,0.200000
13489,p,0.400000
13490,s,0.400000
13491,s,0.400000
13492,s,0.400000
13493,d,0.600000
13494,s,0.600000
13495,p,0.400000
13496,d,0.600000
13497,d,0.600000
13498,s,0.400000
13499,d,0.600000
13500,d,0.400000
13501,d,0.600000
13502,s,0.400000
13503,s,0.800000
13504,p,0.400000
13505,d,0.600000
13506,s,0.400000
13507,d,0.400000
13508,s,0.800000
13509,s,0.400000
13510,p,0.400000
13511,p,0.400000
13512,p,0.400000
13513,s,0.400000
13514,d,0.400000
13515,d,0.600000
13516,s,0.400000
13517,p,0.400000
13518,s,0.400000
13519,p,0.600000
13520,s,0.400000
13521,s,0.800000
13522,s,0.400000
13523,p,0.600000
13524,d,0.400000
13525,d,0.400000
13526,s,0.400000
13527,d,0.400000
13528,d,0.400000
13529,s,0.400000
13530,d,0.400000
13531,d,0.600000
13532,p,0.600000
13533,s,0.400000
13534,d,0.600000
13535,s,0.800000
13536,d,0.600000
13537,p,0.400000
13538,s,0.600000
13539,p,0.600000
13540,s,0.800000
13541,s,0.400000
13542,s,0.800000
13543,s,0.400000
13544,p,0.400000
13545,d,0.600000
13546,s,0.800000
13547,s,0.800000
13548,p,0.400000
13549,d,0.600000
13550,p,0.400000
13551,d,0.600000
13552,s,0.400000
13553,d,0.600000
13554,p,0.600000
13555,d,0.400000
13556,d,0.600000
13557,d,0.400000
13558,s,0.400000
13559,s,0.400000
13560,s,0.400000
13561,p,0.400000
13562,s,0.800000
13563,s,0.800000
13564,s,0.600000
13565,s,0.400000
13566,p,0.400000
13567,d,0.400000
13568,s,0.400000
13569,s,0.800000
13570,s,0.400000
13571,d,0.400000
13572,p,0.600000
13573,d,0.400000
13574,d,0.200000
13575,p,0.600000
13576,s,0.400000
13577,s,0.400000
13578,d,1.000000
13579,s,0.400000
13580,p,0.600000
13581,p,0.600000
13582,d,0.600000
13583,s,0.400000
13584,s,0.600000
13585,p,0.400000
13586,d,0.400000
13587,p,0.600000
13588,d,0.400000
13589,p,0.600000
13590,p,0.600000
13591,p,0.400000
13592,p,0.400000
13593,s,0.600000
13594,d,0.600000
13595,p,0.400000
13596,p,0.600000
13597,d,0.600000
13598,p,0.400000
13599,s,0.400000
13600,d,0.600000
13601,d,0.600000
13602,p,1.000000
13603,s,0.400000
13604,d,0.400000
13605,p,0.600000
13606,s,0.800000
13607,d,0.400000
13608,p,0.600000
13609,p,0.400000
13610,s,0.800000
13611,p,0.400000
13612,s,0.600000
13613,s,0.400000
13614,d,0.600000
13615,s,0.800000
13616,d,0.400000
13617,s,0.800000
13618,p,0.400000
13619,s,0.400000
13620,d,0.400000
13621,d,0.600000
13622,s,0.400000
13623,d,0.800000
13624,d,0.600000
13625,d,0.400000
13626,s,0.600000
13627,s,0.800000
13628,d,0.600000
13629,p,0.400000
13630,p,0.600000
13631,d,0.600000
13632,p,0.400000
13633,p,0.600000
13634,p,0.400000
13635,d,0.400000
13636,p,0.400000
13637,p,0.600000
13638,p,0.600000
13639,d,0.400000
13640,p,0.600000
13641,s,0.400000
13642,s,0.800000
13643,p,0.400000
13644,p,0.400000
13645,p,0.400000
13646,d,0.400000
13647,s,0.400000
13648,s,0.800000
13649,p,0.200000
13650,s,0.600000
13651,s,0.400000
13652,d,0.200000
13653,d,0.600000
13654,p,0.400000
13655,p,0.200000
13656,d,0.400000
13657,d,0.800000
13658,d,0.600000
13659,d,0.400000
13660,p,0.600000
13661,s,0.400000
13662,d,0.600000
13663,p,0.600000
13664,p,0.400000
13665,p,0.400000
13666,p,0.600000
13667,d,0.400000
13668,s,0.600000
13669,d,0.400000
13670,p,0.800000
13671,d,0.400000
13672,s,0.600000
13673,s,0.600000
13674,d,0.800000
13675,s,0.400000
13676,s,0.400000
13677,s,0.800000
13678,s,0.400000
13679,d,0.400000
13680,d,0.400000
13681,p,0.600000
13682,d,0.600000
13683,p,0.800000
13684,d,0.200000
13685,d,0.600000
13686,d,0.600000
13687,d,0.600000
13688,s,0.400000
13689,p,0.600000
13690,p,0.600000
13691,d,0.400000
13692,s,0.600000
13693,p,0.400000
13694,d,0.400000
13695,p,0.200000
13696,d,0.400000
13697,s,0.400000
13698,p,0.400000
13699,p,0.400000
13700,p,0.400000
13701,p,0.400000
13702,s,0.400000
13703,s,0.400000
13704,p,0.400000
13705,p,0.400000
13706,d,0.600000
13707,p,0.400000
13708,p,0.600000
13709,s,0.600000
13710,p,0.400000
13711,s,0.400000
13712,d,0.600000
13713,d,0.400000
13714,d,0.600000
13715,d,0.400000
13716,p,0.400000
13717,s,0.800000
13718,s,0.400000
13719,p,0.600000
13720,s,0.400000
13721,p,0.400000
13722,d,0.400000
13723,p,0.600000
13724,s,0.400000
13725,d,0.800000
13726,p,0.400000
13727,d,0.600000
13728,p,0.600000
13729,d,0.600000
13730,d,0.400000
13731,p,0.600000
13732,d,0.600000
13733,p,0.600000
13734,d,0.400000
13735,p,0.400000
13736,s,0.400000
13737,s,0.400000
13738,p,0.400000
13739,p,0.600000
13740,p,0.400000
13741,s,0.400000
13742,p,0.600000
13743,s,0.400000
13744,s,0.400000
13745,s,0.600000
13746,s,0.400000
13747,d,0.400000
13748,s,0.800000
13749,p,0.400000
13750,p,0.400000
13751,s,0.400000
13752,p,0.600000
13753,s,0.400000
13754,s,0.400000
13755,d,0.400000
13756,p,0.600000
13757,d,0.400000
13758,p,0.400000
13759,p,0.600000
13760,p,0.200000
13761,p,0.400000
13762,p,0.600000
13763,s,0.400000
13764,p,0.400000
13765,d,0.600000
13766,s,0.600000
13767,p,0.400000
13768,s,0.400000
13769,p,0.400000
13770,d,0.600000
13771,p,0.600000
13772,p,0.400000
13773,s,0.400000
13774,d,0.600000
13775,p,0.200000
13776,d,0.400000
13777,d,0.600000
13778,s,0.400000
13779,p,0.400000
13780,p,0.600000
13781,d,0.600000
13782,d,0.600000
13783,s,0.400000
13784,d,0.600000
13785,s,0.400000
13786,p,0.800000
13787,p,0.400000
13788,d,0.600000
13789,d,0.400000
13790,d,0.400000
13791,d,0.400000
13792,p,0.400000
13793,p,0.400000
13794,d,0.600000
13795,d,0.400000
13796,p,0.400000
13797,s,0.800000
13798,s,0.400000
13799,s,0.400000
13800,s,0.200000
13801,s,0.800000
13802,s,0.600000
13803,p,0.400000
13804,s,0.600000
13805,s,0.800000
13806,d,0.600000
13807,p,0.600000
13808,p,0.600000
13809,s,0.400000
13810,d,0.400000
13811,p,0.400000
13812,s,0.400000
13813,d,0.600000
13814,p,0.400000
13815,s,0.800000
13816,d,0.200000
13817,s,0.800000
13818,d,0.600000
13819,s,0.800000
13820,d,0.600000
13821,p,0.400000
13822,s,0.400000
13823,d,0.400000
13824,s,0.400000
13825,p,0.600000
13826,p,0.600000
13827,s,0.400000
13828,d,0.400000
13829,s,0.400000
13830,s,0.400000
13831,d,0.400000
13832,d,0.400000
13833,d,0.600000
13834,p,0.400000
13835,s,0.600000
13836,s,0.400000
13837,p,0.400000
13838,p,0.600000
13839,p,0.400000
13840,d,0.400000
13841,d,0.600000
13842,s,0.400000
13843,p,0.400000
13844,d,0.400000
13845,s,0.400000
13846,p,0.400000
13847,d,0.600000
13848,s,0.600000
13849,d,0.400000
13850,p,0.400000
13851,s,0.800000
13852,p,0.400000
13853,p,0.600000
13854,p,0.600000
13855,s,0.400000
13856,p,0.400000
13857,s,0.800000
13858,d,0.400000
13859,s,0.400000
13860,s,0.400000
13861,d,0.400000
13862,d,0.600000
13863,d,0.600000
13864,d,0.400000
13865,d,0.200000
13866,s,0.400000
13867,p,0.600000
13868,d,0.600000
13869,p,0.600000
13870,d,0.600000
13871,p,0.600000
13872,p,0.400000
13873,p,0.200000
13874,s,0.800000
13875,p,0.600000
13876,p,0.400000
13877,p,0.600000
13878,s,0.400000
13879,s,0.800000
13880,p,0.600000
13881,s,0.400000
13882,p,0.600000
13883,d,0.400000
13884,d,0.400000
13885,s,0.400000
13886,d,0.400000
13887,p,0.600000
13888,d,0.600000
13889,d,0.400000
13890,p,0.600000
13891,d,0.600000
13892,p,0.600000
13893,s,0.400000
13894,p,0.400000
13895,d,0.400000
13896,s,0.400000
13897,p,0.600000
13898,p,0.400000
13899,d,0.600000
13900,s,0.600000
13901,p,0.600000
13902,d,0.600000
13903,d,0.600000
13904,p,0.400000
13905,p,0.400000
13906,p,0.400000
13907,d,0.600000
13908,p,0.400000
13909,d,0.600000
13910,p,0.600000
13911,p,0.800000
13912,s,0.600000
13913,d,0.600000
13914,p,0.400000
13915,d,0.400000
13916,p,0.800000
13917,d,0.400000
13918,d,0.400000
13919,d,0.600000
13920,p,0.400000
13921,d,0.400000
13922,p,0.400000
13923,p,0.400000
13924,p,0.400000
13925,d,0.600000
13926,d,0.600000
13927,p,0.400000
13928,d,0.400000
13929,p,0.600000
13930,s,0.800000
13931,s,0.400000
13932,d,0.400000
13933,p,0.200000
13934,s,0.800000
13935,s,0.400000
13936,p,0.400000
13937,p,0.600000
13938,d,0.600000
13939,s,0.400000
13940,p,0.600000
13941,p,0.600000
13942,p,0.600000
13943,p,0.600000
13944,s,0.800000
13945,p,0.400000
13946,s,0.800000
13947,p,0.600000
13948,p,0.600000
13949,p,0.400000
13950,d,0.600000
13951,s,0.800000
13952,p,0.800000
13953,s,0.400000
13954,d,0.400000
13955,s,0.200000
13956,s,0.400000
13957,p,0.600000
13958,d,0.400000
13959,s,0.400000
13960,s,0.400000
13961,s,0.600000
13962,p,0.400000
13963,p,0.600000
13964,s,0.800000
13965,p,0.600000
13966,d,0.400000
13967,p,0.600000
13968,p,0.600000
13969,s,0.400000
13970,s,0.400000
13971,s,0.400000
13972,d,0.600000
13973,d,0.400000
13974,d,0.400000
13975,d,0.600000
13976,s,0.400000
13977,d,0.600000
13978,s,0.800000
13979,d,0.800000
13980,s,0.400000
13981,d,0.800000
13982,p,0.400000
13983,s,0.400000
13984,d,0.600000
13985,p,0.600000
13986,s,0.800000
13987,d,0.600000
13988,d,0.400000
13989,p,0.600000
13990,p,0.400000
13991,s,0.800000
13992,s,0.400000
13993,p,0.400000
13994,s,0.800000
13995,d,0.400000
13996,d,0.800000
13997,d,0.600000
13998,s,0.400000
13999,d,0.600000
14000,s,0.600000
14001,d,0.600000
14002,s,0.800000
14003,p,0.600000
14004,d,0.400000
14005,s,0.600000
14006,s,0.400000
14007,s,0.800000
14008,d,0.400000
14009,s,0.800000
14010,p,0.800000
14011,s,0.400000
14012,p,0.400000
14013,s,0.400000
14014,s,0.400000
14015,p,0.600000
14016,s,0.400000
14017,s,0.400000
14018,d,0.600000
14019,p,0.600000
14020,s,0.200000
14021,s,0.400000
14022,p,0.400000
14023,s,0.400000
14024,p,0.400000
14025,d,0.400000
14026,s,0.400000
14027,s,0.600000
14028,d,0.600000
14029,s,0.400000
14030,p,0.600000
14031,d,0.600000
14032,d,0.400000
14033,p,0.400000
14034,p,0.600000
14035,d,0.400000
14036,p,0.600000
14037,s,0.800000
14038,s,0.800000
14039,d,0.400000
14040,d,0.600000
14041,d,0.600000
14042,p,0.600000
14043,d,0.600000
14044,s,0.400000
14045,d,0.400000
14046,s,0.400000
14047,s,0.800000
14048,s,0.200000
14049,p,0.200000
14050,d,0.800000
14051,p,0.600000
14052,s,0.800000
14053,s,0.400000
14054,d,0.600000
14055,d,0.600000
14056,s,0.400000
14057,d,0.400000
14058,d,0.600000
14059,s,0.800000
14060,s,0.400000
14061,s,0.400000
14062,d,0.400000
14063,d,0.400000
14064,d,0.600000
14065,s,0.800000
14066,s,0.800000
14067,s,0.600000
14068,d,0.600000
14069,s,0.800000
14070,d,0.600000
14071,d,0.600000
14072,d,0.400000
14073,p,0.600000
14074,s,0.400000
14075,d,0.600000
14076,p,0.400000
14077,p,0.600000
14078,d,0.600000
14079,s,0.400000
14080,s,0.600000
14081,s,0.800000
14082,p,0.200000
14083,p,0.400000
14084,p,0.400000
14085,d,0.400000
14086,s,0.400000
14087,s,0.800000
14088,d,0.400000
14089,s,0.800000
14090,s,0.800000
14091,p,0.400000
14092,d,0.400000
14093,d,0.600000
14094,d,0.600000
14095,s,0.800000
14096,d,0.400000
14097,d,0.600000
14098,d,0.600000
14099,s,0.400000
14100,p,0.600000
14101,p,0.400000
14102,d,0.400000
14103,p,0.400000
14104,s,0.400000
14105,p,0.400000
14106,p,0.600000
14107,s,0.400000
14108,p,0.400000
14109,d,0.400000
14110,s,0.800000
14111,s,0.600000
14112,s,0.400000
14113,s,0.400000
14114,d,0.600000
14115,s,0.800000
14116,d,0.600000
14117,p,0.600000
14118,d,0.400000
14119,d,0.400000
14120,d,0.600000
14121,s,0.800000
14122,s,0.400000
14123,s,0.400000
14124,p,0.400000
14125,p,0.600000
14126,p,0.400000
14127,d,0.600000
14128,p,0.400000
14129,s,0.400000
14130,s,0.800000
14131,p,0.600000
14132,p,0.400000
14133,p,0.400000
14134,p,0.600000
14135,d,0.400000
14136,s,0.400000
14137,d,0.600000
14138,d,0.600000
14139,s,0.400000
14140,p,0.600000
14141,p,1.000000
14142,d,0.600000
14143,d,0.200000
14144,p,0.400000
14145,p,0.400000
14146,p,0.600000
14147,s,0.800000
14148,s,0.800000
14149,s,0.400000
14150,s,0.600000
14151,s,0.400000
14152,d,0.600000
14153,p,0.400000
14154,p,0.400000
14155,d,0.400000
14156,d,0.400000
14157,s,0.400000
14158,s,0.400000
14159,p,0.600000
14160,d,0.600000
14161,d,0.600000
14162,s,0.800000
14163,s,0.400000
14164,p,0.400000
14165,p,0.600000
14166,d,0.600000
14167,s,0.400000
14168,p,0.600000
14169,p,0.600000
14170,d,0.600000
14171,d,0.600000
14172,p,0.600000
14173,p,0.600000
14174,p,0.600000
14175,p,0.400000
14176,d,0.400000
14177,p,0.600000
14178,s,0.600000
14179,p,0.600000
14180,d,0.600000
14181,p,0.400000
14182,d,0.400000
14183,s,0.800000
14184,p,0.600000
14185,d,0.600000
14186,p,0.400000
14187,d,0.400000
14188,p,0.600000
14189,d,0.400000
14190,s,0.400000
14191,d,0.600000
14192,p,0.200000
14193,p,0.400000
14194,s,0.800000
14195,d,0.600000
14196,s,0.400000
14197,p,0.400000
14198,d,0.600000
14199,p,0.600000
14200,s,0.400000
14201,d,0.600000
14202,s,0.800000
14203,d,0.400000
14204,p,0.600000
14205,s,0.600000
14206,d,0.600000
14207,p,0.600000
14208,p,0.400000
14209,p,0.400000
14210,s,0.400000
14211,s,0.600000
14212,s,0.400000
14213,s,0.600000
14214,p,0.400000
14215,p,0.600000
14216,s,0.600000
14217,p,0.600000
14218,p,0.600000
14219,d,0.400000
14220,s,0.800000
14221,p,0.400000
14222,s,0.200000
14223,d,0.600000
14224,p,0.600000
14225,d,0.600000
14226,d,0.600000
14227,s,0.600000
14228,p,0.600000
14229,d,0.400000
14230,p,0.600000
14231,p,0.400000
14232,p,0.600000
14233,d,0.600000
14234,p,0.600000
14235,p,0.600000
14236,s,0.800000
14237,p,0.400000
14238,p,0.400000
14239,s,0.600000
14240,s,0.400000
14241,s,0.800000
14242,s,0.400000
14243,d,0.600000
14244,s,0.800000
14245,d,0.400000
14246,s,0.400000
14247,d,0.600000
14248,p,0.600000
14249,d,0.600000
14250,d,0.400000
14251,p,0.600000
14252,d,0.600000
14253,p,0.600000
14254,d,0.400000
14255,d,0.600000
14256,p,0.400000
14257,s,0.400000
14258,d,0.600000
14259,s,0.600000
14260,p,0.600000
14261,s,0.400000
14262,s,0.600000
14263,s,0.400000
14264,s,0.400000
14265,s,0.400000
14266,p,0.600000
14267,p,0.400000
14268,d,0.400000
14269,d,0.400000
14270,d,0.600000
14271,p,0.400000
14272,p,0.400000
14273,s,0.400000
14274,d,0.400000
14275,d,0.400000
14276,d,0.600000
14277,p,0.400000
14278,s,0.400000
14279,d,0.600000
14280,p,0.400000
14281,s,0.400000
14282,p,0.600000
14283,p,0.400000
14284,s,0.800000
14285,d,0.400000
14286,d,0.600000
14287,p,0.800000
14288,d,0.400000
14289,d,0.400000
14290,p,0.600000
14291,d,0.400000
14292,d,0.600000
14293,d,0.600000
14294,s,0.800000
14295,p,0.400000
14296,d,0.600000
14297,d,0.600000
14298,s,0.600000
14299,d,0.600000
14300,p,0.600000
14301,s,0.600000
14302,d,0.600000
14303,d,0.200000
14304,s,0.800000
14305,p,0.400000
14306,d,0.600000
14307,d,0.600000
14308,p,0.600000
14309,d,0.600000
14310,s,0.800000
14311,p,0.600000
14312,p,0.600000
14313,p,0.400000
14314,p,0.600000
14315,d,0.400000
14316,s,0.600000
14317,s,0.800000
14318,d,0.600000
14319,p,0.600000
14320,s,0.600000
14321,s,0.800000
14322,p,0.600000
14323,s,0.400000
14324,p,0.600000
14325,p,0.600000
14326,d,0.600000
14327,p,0.400000
14328,s,0.400000
14329,p,0.400000
14330,p,0.600000
14331,s,0.400000
14332,d,0.600000
14333,p,0.600000
14334,p,0.600000
14335,s,0.600000
14336,d,0.600000
14337,p,0.400000
14338,s,0.800000
14339,p,0.600000
14340,d,0.600000
14341,s,0.400000
14342,p,0.400000
14343,d,0.400000
14344,d,0.600000
14345,s,0.600000
14346,p,0.400000
14347,p,0.400000
14348,s,0.800000
14349,p,0.200000
14350,d,0.800000
14351,p,0.200000
14352,p,0.600000
14353,s,0.400000
14354,s,0.200000
14355,s,0.400000
14356,s,0.800000
14357,d,0.600000
14358,s,0.200000
14359,d,0.600000
14360,p,0.600000
14361,p,0.400000
14362,p,0.400000
14363,d,0.600000
14364,d,0.400000
14365,s,0.400000
14366,d,0.600000
14367,p,0.600000
14368,d,0.600000
14369,p,0.400000
14370,d,0.400000
14371,p,0.600000
14372,d,0.400000
14373,s,0.600000
14374,s,0.400000
14375,p,0.600000
14376,s,0.800000
14377,s,0.400000
14378,s,0.600000
14379,d,0.600000
14380,d,0.600000
14381,d,0.400000
14382,d,0.400000
14383,p,0.600000
14384,s,0.400000
14385,p,0.400000
14386,p,0.600000
14387,d,0.400000
14388,p,0.400000
14389,p,0.600000
14390,p,0.400000
14391,d,0.600000
14392,p,0.400000
14393,d,0.400000
14394,s,1.000000
14395,d,0.400000
14396,s,0.400000
14397,s,0.400000
14398,p,0.600000
14399,d,0.400000
14400,d,0.400000
14401,p,0.600000
14402,s,0.800000
14403,d,0.600000
14404,d,0.600000
14405,s,0.800000
14406,d,0.600000
14407,p,0.400000
14408,s,0.400000
14409,s,0.400000
14410,s,0.400000
14411,p,0.600000
14412,s,0.400000
14413,s,0.400000
14414,s,0.400000
14415,s,0.600000
14416,p,0.600000
14417,d,0.400000
14418,p,0.600000
14419,p,0.200000
14420,p,0.600000
14421,d,0.400000
14422,d,0.400000
14423,d,0.200000
14424,p,0.400000
14425,d,0.400000
14426,s,0.800000
14427,s,0.400000
14428,p,0.400000
14429,s,0.600000
14430,p,0.400000
14431,s,0.800000
14432,p,0.600000
14433,s,0.800000
14434,p,0.600000
14435,d,0.600000
14436,p,0.600000
14437,p,0.600000
14438,p,0.600000
14439,p,0.600000
14440,d,0.600000
14441,p,0.600000
14442,p,0.600000
14443,s,0.400000
14444,d,0.400000
14445,p,0.600000
14446,p,0.600000
14447,p,0.600000
14448,p,0.600000
14449,s,0.400000
14450,p,0.400000
14451,s,0.400000
14452,p,0.600000
14453,p,0.600000
14454,d,0.400000
14455,s,0.400000
14456,s,0.600000
14457,p,0.400000
14458,s,0.800000
14459,p,0.400000
14460,s,0.400000
14461,d,0.600000
14462,p,0.600000
14463,d,0.600000
14464,d,0.400000
14465,d,0.600000
14466,s,0.400000
14467,d,0.600000
14468,p,0.400000
14469,s,0.400000
14470,d,0.400000
14471,d,0.600000
14472,p,0.600000
14473,d,0.400000
14474,s,0.400000
14475,s,0.400000
14476,s,0.400000
14477,s,0.800000
14478,p,0.400000
14479,s,0.400000
14480,d,0.400000
14481,p,0.400000
14482,s,0.400000
14483,p,0.400000
14484,p,0.400000
14485,p,0.400000
14486,s,0.400000
14487,d,0.600000
14488,d,0.600000
14489,d,0.600000
14490,d,0.600000
14491,s,0.800000
14492,d,0.600000
14493,s,0.600000
14494,p,0.400000
14495,d,0.400000
14496,s,0.800000
14497,d,0.800000
14498,p,0.400000
14499,p,0.400000
14500,d,0.600000
14501,d,0.600000
14502,s,0.800000
14503,p,0.400000
14504,s,0.800000
14505,d,0.600000
14506,p,0.600000
14507,d,0.400000
14508,p,0.600000
14509,p,0.600000
14510,d,0.600000
14511,p,0.400000
14512,d,0.400000
14513,s,0.400000
14514,d,0.600000
14515,d,0.200000
14516,p,0.400000
14517,s,1.000000
14518,s,0.800000
14519,d,0.400000
14520,s,0.400000
14521,s,0.400000
14522,d,0.600000
14523,s,0.800000
14524,d,0.800000
14525,s,0.800000
14526,s,0.400000
14527,d,0.600000
14528,p,0.600000
14529,d,0.400000
14530,s,0.200000
14531,s,0.600000
14532,s,0.400000
14533,s,0.800000
14534,d,0.200000
14535,s,0.600000
14536,d,0.400000
14537,d,0.400000
14538,p,0.600000
14539,d,0.400000
14540,d,0.400000
14541,s,0.800000
14542,d,0.400000
14543,s,0.400000
14544,p,0.600000
14545,d,0.600000
14546,p,0.400000
14547,s,0.400000
14548,d,0.400000
14549,d,0.600000
14550,s,0.600000
14551,d,0.400000
14552,d,0.400000
14553,p,0.400000
14554,s,0.600000
14555,p,0.400000
14556,d,0.600000
14557,d,0.400000
14558,p,0.600000
14559,d,0.400000
14560,d,0.400000
14561,s,0.600000
14562,p,0.600000
14563,d,0.400000
14564,p,0.400000
14565,p,0.600000
14566,p,0.600000
14567,s,0.800000
14568,p,0.400000
14569,s,0.600000
14570,s,0.800000
14571,d,0.600000
14572,d,0.400000
14573,d,0.400000
14574,p,0.600000
14575,d,0.600000
14576,d,0.600000
14577,s,0.400000
14578,d,0.600000
14579,d,0.600000
14580,d,0.600000
14581,s,0.600000
14582,d,0.600000
14583,p,0.400000
14584,d,1.000000
14585,p,0.600000
14586,p,0.400000
14587,p,0.400000
14588,p,0.400000
14589,s,0.800000
14590,d,0.200000
14591,p,0.400000
14592,p,0.600000
14593,p,0.400000
14594,s,0.400000
14595,p,0.600000
14596,d,0.600000
14597,p,0.200000
14598,d,0.600000
14599,p,0.600000
14600,p,0.400000
14601,p,0.600000
14602,s,0.600000
14603,d,0.600000
14604,d,0.400000
14605,s,0.400000
14606,p,0.600000
14607,p,0.600000
14608,d,0.600000
14609,p,0.600000
14610,p,0.600000
14611,d,0.600000
14612,d,0.400000
14613,s,0.800000
14614,s,0.800000
14615,p,0.400000
14616,p,0.600000
14617,s,0.800000
14618,p,0.600000
14619,p,0.600000
14620,p,0.600000
14621,s,0.800000
14622,d,0.600000
14623,p,0.400000
14624,s,0.800000
14625,s,0.600000
14626,s,0.400000
14627,p,0.400000
14628,p,0.600000
14629,d,0.600000
14630,d,0.600000
14631,s,0.800000
14632,s,0.400000
14633,d,0.400000
14634,d,0.600000
14635,d,0.400000
14636,p,0.400000
14637,d,0.600000
14638,d,0.600000
14639,d,0.400000
14640,p,0.400000
14641,p,0.400000
14642,s,0.400000
14643,s,0.200000
14644,p,0.200000
14645,p,0.600000
14646,s,0.800000
14647,s,0.200000
14648,p,0.400000
14649,s,0.400000
14650,p,0.400000
14651,d,0.400000
14652,d,0.600000
14653,p,0.400000
14654,s,0.200000
14655,p,0.600000
14656,d,0.600000
14657,p,0.600000
14658,p,0.600000
14659,p,0.800000
14660,p,0.400000
14661,d,0.600000
14662,s,0.800000
14663,s,0.800000
14664,d,0.400000
14665,d,0.400000
14666,s,0.800000
14667,d,0.400000
14668,d,0.400000
14669,d,0.400000
14670,d,0.600000
14671,p,0.400000
14672,p,0.600000
14673,s,0.400000
14674,d,0.400000
14675,d,0.400000
14676,p,0.400000
14677,s,0.400000
14678,s,0.600000
14679,s,0.600000
14680,s,0.800000
14681,d,0.600000
14682,p,0.400000
14683,s,0.800000
14684,s,0.400000
14685,d,0.400000
14686,p,0.400000
14687,p,0.600000
14688,s,0.400000
14689,d,0.400000
14690,p,0.600000
14691,p,0.600000
14692,s,0.400000
14693,s,0.600000
14694,d,0.400000
14695,d,0.600000
14696,p,0.600000
14697,p,0.400000
14698,s,0.400000
14699,d,0.400000
14700,p,0.400000
14701,s,0.800000
14702,p,0.600000
14703,p,0.600000
14704,d,0.600000
14705,p,0.600000
14706,s,0.600000
14707,s,0.600000
14708,s,0.600000
14709,p,0.200000
14710,d,0.400000
14711,d,0.600000
14712,p,0.400000
14713,p,0.400000
14714,s,0.400000
14715,p,0.600000
14716,s,0.800000
14717,s,0.400000
14718,p,0.600000
14719,d,0.400000
14720,p,0.400000
14721,p,0.600000
14722,d,0.600000
14723,d,0.600000
14724,d,0.400000
14725,s,0.800000
14726,s,0.800000
14727,s,0.400000
14728,s,0.400000
14729,s,0.400000
14730,s,0.400000
14731,s,0.400000
14732,s,0.800000
14733,s,0.400000
14734,s,0.600000
14735,s,0.400000
14736,p,0.400000
14737,p,0.400000
14738,p,0.600000
14739,d,0.600000
14740,p,0.400000
14741,p,0.400000
14742,p,0.400000
14743,s,0.400000
14744,d,0.600000
14745,d,0.400000
14746,d,0.400000
14747,s,0.400000
14748,s,0.600000
14749,s,0.800000
14750,d,0.200000
14751,s,0.200000
14752,d,0.600000
14753,s,0.400000
14754,p,0.600000
14755,p,0.600000
14756,d,0.600000
14757,p,0.400000
14758,p,0.400000
14759,s,0.400000
14760,s,0.600000
14761,p,0.600000
14762,s,0.600000
14763,s,0.400000
14764,s,0.800000
14765,d,0.400000
14766,d,0.600000
14767,p,0.400000
14768,s,0.800000
14769,s,0.200000
14770,d,0.600000
14771,p,0.600000
14772,p,0.400000
14773,p,0.400000
14774,p,0.600000
14775,p,0.600000
14776,d,0.400000
14777,p,0.600000
14778,s,0.800000
14779,p,0.600000
14780,d,0.600000
14781,d,0.600000
14782,d,0.400000
14783,p,0.400000
14784,d,0.600000
14785,p,0.400000
14786,d,0.400000
14787,s,0.800000
14788,d,0.400000
14789,d,0.400000
14790,d,0.600000
14791,d,0.400000
14792,d,0.600000
14793,p,0.600000
14794,p,0.800000
14795,d,0.400000
14796,d,0.600000
14797,d,0.600000
14798,d,0.600000
14799,d,0.400000
14800,s,0.400000
14801,d,0.600000
14802,d,0.600000
14803,d,0.600000
14804,d,0.800000
14805,p,0.600000
14806,p,0.600000
14807,p,0.400000
14808,d,0.400000
14809,d,0.400000
14810,d,0.400000
14811,d,0.600000
14812,s,0.800000
14813,p,0.600000
14814,s,0.600000
14815,p,0.200000
14816,p,0.400000
14817,d,0.400000
14818,p,0.400000
14819,s,0.800000
14820,d,0.800000
14821,d,0.400000
14822,s,0.400000
14823,d,0.400000
14824,p,0.400000
14825,d,0.600000
14826,d,0.400000
14827,p,0.600000
14828,p,0.600000
14829,p,0.600000
14830,p,0.600000
14831,s,0.600000
14832,p,0.600000
14833,s,0.600000
14834,d,0.400000
14835,s,0.400000
14836,p,0.400000
14837,p,0.600000
14838,p,0.600000
14839,d,0.600000
14840,d,0.600000
14841,s,0.800000
14842,d,0.600000
14843,p,0.600000
14844,s,0.800000
14845,s,0.800000
14846,d,0.400000
14847,p,0.400000
14848,s,0.800000
14849,d,0.600000
14850,p,0.200000
14851,s,0.400000
14852,p,1.000000
14853,p,0.600000
14854,p,0.600000
14855,p,0.400000
14856,s,0.400000
14857,p,0.600000
14858,p,0.600000
14859,s,0.400000
14860,s,0.400000
14861,s,0.800000
14862,d,0.600000
14863,d,0.600000
14864,p,0.400000
14865,p,0.600000
14866,p,0.600000
14867,d,0.600000
14868,s,0.400000
14869,d,0.600000
14870,p,0.600000
14871,p,0.600000
14872,d,0.400000
14873,d,0.600000
14874,p,0.400000
14875,p,0.600000
14876,p,0.600000
14877,s,0.600000
14878,s,0.400000
14879,d,0.600000
14880,p,0.400000
14881,p,0.400000
14882,s,0.400000
14883,s,0.400000
14884,p,0.600000
14885,p,0.600000
14886,p,0.400000
14887,s,0.800000
14888,p,0.600000
14889,s,0.400000
14890,p,0.600000
14891,d,0.600000
14892,s,0.400000
14893,d,0.600000
14894,d,0.400000
14895,p,0.600000
14896,d,0.400000
14897,d,0.400000
14898,d,0.400000
14899,p,0.400000
14900,p,0.600000
14901,d,0.400000
14902,s,0.400000
14903,s,0.400000
14904,p,0.400000
14905,s,0.400000
14906,s,0.600000
14907,s,0.200000
14908,s,0.400000
14909,d,0.200000
14910,d,0.400000
14911,p,0.400000
14912,p,0.400000
14913,p,0.400000
14914,s,0.400000
14915,d,0.600000
14916,s,0.800000
14917,p,0.400000
14918,s,0.400000
14919,p,0.600000
14920,s,0.400000
14921,p,0.600000
14922,d,0.600000
14923,d,0.200000
14924,p,0.600000
14925,d,0.600000
14926,d,0.600000
14927,s,0.400000
14928,d,0.600000
14929,p,0.600000
14930,s,0.400000
14931,p,0.600000
14932,d,0.400000
14933,p,0.400000
14934,p,0.400000
14935,p,0.600000
14936,d,0.600000
14937,p,0.400000
14938,s,0.400000
14939,d,0.400000
14940,p,0.400000
14941,d,0.600000
14942,p,0.600000
14943,d,0.600000
14944,s,0.400000
14945,p,0.400000
14946,p,0.200000
14947,p,0.400000
14948,d,0.400000
14949,p,0.400000
14950,s,0.400000
14951,p,0.400000
14952,p,0.400000
14953,d,0.400000
14954,p,0.400000
14955,p,0.600000
14956,d,0.400000
14957,s,0.400000
14958,d,0.400000
14959,s,0.400000
14960,s,0.400000
14961,d,0.600000
14962,s,0.200000
14963,s,0.200000
14964,s,0.400000
14965,s,0.800000
14966,d,0.600000
14967,p,0.600000
14968,d,0.600000
14969,s,0.400000
14970,d,0.600000
14971,s,0.400000
14972,d,0.400000
14973,p,0.600000
14974,d,0.400000
14975,s,0.400000
14976,d,0.600000
14977,d,0.600000
14978,d,0.400000
14979,d,0.400000
14980,p,0.400000
14981,d,0.400000
14982,s,0.400000
14983,p,0.400000
14984,p,0.600000
14985,p,0.600000
14986,p,0.600000
14987,p,1.000000
14988,s,0.600000
14989,d,0.600000
14990,s,0.600000
14991,s,0.400000
14992,p,0.800000
14993,s,0.400000
14994,d,0.600000
14995,d,0.400000
14996,d,0.400000
14997,d,0.400000
14998,d,0.800000
14999,p,0.400000
15000,p,0.600000
15001,s,0.400000
15002,p,0.600000
15003,d,0.600000
15004,p,0.400000
15005,p,0.400000
15006,d,0.400000
15007,p,0.400000
15008,p,0.600000
15009,d,0.600000
15010,s,0.400000
15011,p,0.400000
15012,d,0.400000
15013,p,0.600000
15014,p,0.600000
15015,s,0.400000
15016,p,0.400000
15017,d,0.400000
15018,d,0.400000
15019,s,0.400000
15020,d,0.600000
15021,d,0.600000
15022,s,0.600000
15023,d,0.400000
15024,d,0.600000
15025,s,0.800000
15026,s,0.400000
15027,p,0.600000
15028,s,0.800000
15029,s,0.800000
15030,p,0.200000
15031,s,0.800000
15032,p,0.600000
15033,s,0.600000
15034,p,0.600000
15035,s,0.400000
15036,d,0.400000
15037,d,0.400000
15038,s,0.800000
15039,p,0.600000
15040,p,0.600000
15041,s,0.400000
15042,s,0.400000
15043,s,0.400000
15044,p,0.600000
15045,p,0.600000
15046,p,0.600000
15047,p,0.400000
15048,p,0.400000
15049,p,0.800000
15050,d,0.600000
15051,d,0.400000
15052,p,0.600000
15053,s,0.200000
15054,p,0.400000
15055,p,0.600000
15056,s,0.600000
15057,d,0.600000
15058,p,0.400000
15059,s,0.400000
15060,s,0.800000
15061,s,0.200000
15062,s,0.800000
15063,p,0.400000
15064,d,0.400000
15065,s,0.400000
15066,d,0.600000
15067,d,0.400000
15068,p,0.400000
15069,p,0.600000
15070,p,0.600000
15071,p,0.600000
15072,p,0.400000
15073,s,0.400000
15074,p,0.600000
15075,p,0.600000
15076,p,0.600000
15077,s,0.400000
15078,p,0.400000
15079,s,0.800000
15080,p,0.600000
15081,s,0.400000
15082,p,0.600000
15083,s,0.400000
15084,s,0.600000
15085,s,0.800000
15086,p,0.600000
15087,p,0.600000
15088,s,0.400000
15089,p,0.800000
15090,p,0.600000
15091,d,0.400000
15092,s,0.400000
15093,p,0.600000
15094,p,0.400000
15095,s,0.400000
15096,p,0.600000
15097,p,0.400000
15098,p,0.600000
15099,s,0.400000
15100,d,0.600000
15101,s,0.400000
15102,d,0.600000
15103,s,0.400000
15104,p,0.600000
15105,p,0.400000
15106,d,0.600000
15107,d,0.600000
15108,s,0.800000
15109,d,0.600000
15110,d,0.400000
15111,p,0.600000
15112,p,0.600000
15113,d,0.600000
15114,d,0.600000
15115,p,0.600000
15116,s,0.400000
15117,d,0.600000
15118,p,0.600000
15119,s,0.400000
15120,p,0.400000
15121,p,0.400000
15122,s,0.400000
15123,s,0.400000
15124,s,0.800000
15125,d,0.600000
15126,d,0.800000
15127,d,0.400000
15128,s,0.800000
15129,p,0.400000
15130,s,0.400000
15131,p,0.400000
15132,d,0.400000
15133,d,0.400000
15134,d,0.400000
15135,s,0.800000
15136,p,0.600000
15137,p,0.400000
15138,p,0.600000
15139,p,0.600000
15140,d,0.600000
15141,d,0.400000
15142,s,0.800000
15143,d,0.400000
15144,s,0.400000
15145,p,0.400000
15146,d,0.600000
15147,p,0.600000
15148,p,0.600000
15149,p,0.600000
15150,d,0.400000
15151,p,0.400000
15152,s,0.800000
15153,d,0.400000
15154,s,0.600000
15155,d,0.400000
15156,s,0.400000
15157,p,0.600000
15158,d,0.600000
15159,d,0.400000
15160,d,0.400000
15161,s,0.400000
15162,p,0.400000
15163,s,0.800000
15164,s,0.400000
15165,s,0.400000
15166,s,0.600000
15167,s,0.400000
15168,s,0.800000
15169,p,0.600000
15170,p,0.600000
15171,s,0.600000
15172,p,0.600000
15173,s,0.800000
15174,s,0.400000
15175,s,0.400000
15176,s,0.400000
15177,s,0.800000
15178,s,0.400000
15179,s,0.400000
15180,s,0.600000
15181,s,0.400000
15182,s,0.400000
15183,d,0.600000
15184,d,0.400000
15185,s,0.400000
15186,s,0.400000
15187,s,0.400000
15188,d,0.600000
15189,p,0.600000
15190,p,0.600000
15191,p,0.600000
15192,s,0.800000
15193,p,0.600000
15194,d,0.200000
15195,d,0.400000
15196,p,0.800000
15197,s,0.400000
15198,d,0.400000
15199,d,0.600000
15200,p,0.600000
15201,d,0.600000
15202,p,0.600000
15203,s,0.400000
15204,s,0.400000
15205,p,0.600000
15206,p,0.600000
15207,p,0.600000
15208,d,0.600000
15209,s,0.400000
15210,s,0.800000
15211,p,0.600000
15212,p,0.600000
15213,p,0.400000
15214,s,0.400000
15215,d,0.600000
15216,p,0.200000
15217,d,0.400000
15218,s,0.400000
15219,p,0.400000
15220,s,0.400000
15221,s,0.400000
15222,s,0.800000
15223,p,0.600000
15224,s,0.400000
