episode,step,reward
0,1,0.485880
0,2,0.500261
0,3,0.477620
0,4,0.513957
0,5,0.465547
0,6,0.491540
0,7,0.432046
0,8,0.525622
0,9,0.506560
0,10,0.493637
0,11,0.462221
0,12,0.513768
0,13,0.466446
0,14,0.525622
0,15,0.504584
1,1,0.492297
1,2,0.537742
1,3,0.523275
1,4,0.520664
1,5,0.508662
1,6,0.557856
1,7,0.455337
1,8,0.344595
1,9,0.468514
1,10,0.491610
1,11,0.453203
1,12,0.498402
1,13,0.439490
1,14,0.426354
1,15,0.469703
2,1,0.475437
2,2,0.490701
2,3,0.519911
2,4,0.483096
2,5,0.516086
2,6,0.511715
2,7,0.516519
2,8,0.541276
2,9,0.542460
2,10,0.534581
2,11,0.557487
2,12,0.533808
2,13,0.555135
2,14,0.527129
2,15,0.533935
3,1,0.521222
3,2,0.548908
3,3,0.534009
3,4,0.537898
3,5,0.537213
3,6,0.455284
3,7,0.493554
3,8,0.510470
3,9,0.573227
3,10,0.529533
3,11,0.521776
3,12,0.567857
3,13,0.460178
3,14,0.476059
3,15,0.463082
4,1,0.475397
4,2,0.458909
4,3,0.448606
4,4,0.439539
4,5,0.454279
4,6,0.432165
4,7,0.435024
4,8,0.446933
4,9,0.491833
4,10,0.464209
4,11,0.486625
4,12,0.504802
4,13,0.493352
4,14,0.517164
4,15,0.458592
5,1,0.484940
5,2,0.533703
5,3,0.486050
5,4,0.443250
5,5,0.477886
5,6,0.506369
5,7,0.482723
5,8,0.525622
5,9,0.505404
5,10,0.464046
5,11,0.441509
5,12,0.574110
5,13,0.463211
5,14,0.481361
5,15,0.485729
6,1,0.507952
6,2,0.485762
6,3,0.483044
6,4,0.470935
6,5,0.438768
6,6,0.554858
6,7,0.440187
6,8,0.453680
6,9,0.520477
6,10,0.455204
6,11,0.511180
6,12,0.512947
6,13,0.530688
6,14,0.496858
6,15,0.459471
7,1,0.452356
7,2,0.440360
7,3,0.443143
7,4,0.481876
7,5,0.467446
7,6,0.456539
7,7,0.457622
7,8,0.478887
7,9,0.447721
7,10,0.532282
7,11,0.549805
7,12,0.467468
7,13,0.497013
7,14,0.466875
7,15,0.515721
8,1,0.511014
8,2,0.470946
8,3,0.490563
8,4,0.514814
8,5,0.456086
8,6,0.460235
8,7,0.508559
8,8,0.421292
8,9,0.448221
8,10,0.489005
8,11,0.535135
8,12,0.529404
8,13,0.531964
8,14,0.533703
8,15,0.479597
9,1,0.523832
9,2,0.540846
9,3,0.484219
9,4,0.467158
9,5,0.477921
9,6,0.531996
9,7,0.549235
9,8,0.463023
9,9,0.475407
9,10,0.485428
9,11,0.511217
9,12,0.462471
9,13,0.450121
9,14,0.405085
9,15,0.475559
10,1,0.452675
10,2,0.499687
10,3,0.464246
10,4,0.510768
10,5,0.471671
10,6,0.468038
10,7,0.497965
10,8,0.535752
10,9,0.445455
10,10,0.530669
10,11,0.443337
10,12,0.424405
10,13,0.411744
10,14,0.484274
10,15,0.502802
11,1,0.460145
11,2,0.544948
11,3,0.456752
11,4,0.507073
11,5,0.464004
11,6,0.453469
11,7,0.505324
11,8,0.549866
11,9,0.547988
11,10,0.512167
11,11,0.448507
11,12,0.492966
11,13,0.450901
11,14,0.499352
11,15,0.492209
12,1,0.488605
12,2,0.456287
12,3,0.502595
12,4,0.479057
12,5,0.499727
12,6,0.460981
12,7,0.344733
12,8,0.473400
12,9,0.574110
12,10,0.461928
12,11,0.501691
12,12,0.540846
12,13,0.494081
12,14,0.459644
12,15,0.451927
13,1,0.515477
13,2,0.490778
13,3,0.491357
13,4,0.574110
13,5,0.464451
13,6,0.554919
13,7,0.485899
13,8,0.513634
13,9,0.507669
13,10,0.495657
13,11,0.513183
13,12,0.526115
13,13,0.541097
13,14,0.497430
13,15,0.469079
14,1,0.493604
14,2,0.470364
14,3,0.434589
14,4,0.542752
14,5,0.467489
14,6,0.506369
14,7,0.485266
14,8,0.255200
14,9,0.533882
14,10,0.447318
14,11,0.456919
14,12,0.525421
14,13,0.455034
14,14,0.301604
14,15,0.437131
15,1,0.503536
15,2,0.512543
15,3,0.476155
15,4,0.313189
15,5,0.533704
15,6,0.453502
15,7,0.521767
15,8,0.516843
15,9,0.459546
15,10,0.467158
15,11,0.364309
15,12,0.485805
15,13,0.508629
15,14,0.479998
15,15,0.458071
16,1,0.497922
16,2,0.524938
16,3,0.574110
16,4,0.523507
16,5,0.217294
16,6,0.479764
16,7,0.509163
16,8,0.460914
16,9,0.499687
16,10,0.470431
16,11,0.435089
16,12,0.458048
16,13,0.314447
16,14,0.485053
16,15,0.446165
17,1,0.484157
17,2,0.473346
17,3,0.435400
17,4,0.500525
17,5,0.467500
17,6,0.405085
17,7,0.462092
17,8,0.439149
17,9,0.311950
17,10,0.506369
17,11,0.520477
17,12,0.498445
17,13,0.476249
17,14,0.511880
17,15,0.553196
18,1,0.473124
18,2,0.488926
18,3,0.217294
18,4,0.505338
18,5,0.520813
18,6,0.471900
18,7,0.550086
18,8,0.533020
18,9,0.474496
18,10,0.547988
18,11,0.306039
18,12,0.474471
18,13,0.574110
18,14,0.522955
18,15,0.534607
19,1,0.489100
19,2,0.438214
19,3,0.498501
19,4,0.459168
19,5,0.491894
19,6,0.482985
19,7,0.502630
19,8,0.493297
19,9,0.543152
19,10,0.361866
19,11,0.405085
19,12,0.517321
19,13,0.498624
19,14,0.217795
19,15,0.492966
20,1,0.453159
20,2,0.459310
20,3,0.500261
20,4,0.475972
20,5,0.456994
20,6,0.481344
20,7,0.548730
20,8,0.549866
20,9,0.523035
20,10,0.491392
20,11,0.547517
20,12,0.472535
20,13,0.455955
20,14,0.473996
20,15,0.506117
21,1,0.447379
21,2,0.480888
21,3,0.478736
21,4,0.450862
21,5,0.429682
21,6,0.574110
21,7,0.463074
21,8,0.527474
21,9,0.473002
21,10,0.506117
21,11,0.477882
21,12,0.496343
21,13,0.439357
21,14,0.496497
21,15,0.457620
22,1,0.479866
22,2,0.493193
22,3,0.533703
22,4,0.503337
22,5,0.449614
22,6,0.464246
22,7,0.477056
22,8,0.574110
22,9,0.529301
22,10,0.515823
22,11,0.541384
22,12,0.493825
22,13,0.491869
22,14,0.524679
22,15,0.500734
23,1,0.574110
23,2,0.465417
23,3,0.483108
23,4,0.464175
23,5,0.486415
23,6,0.339133
23,7,0.451927
23,8,0.432540
23,9,0.481535
23,10,0.519184
23,11,0.535642
23,12,0.543924
23,13,0.519526
23,14,0.311702
23,15,0.311119
24,1,0.504123
24,2,0.517321
24,3,0.487633
24,4,0.540846
24,5,0.502064
24,6,0.513335
24,7,0.452414
24,8,0.528779
24,9,0.576875
24,10,0.457302
24,11,0.468613
24,12,0.521767
24,13,0.451974
24,14,0.465485
24,15,0.520909
25,1,0.525230
25,2,0.531267
25,3,0.493637
25,4,0.522649
25,5,0.559329
25,6,0.435590
25,7,0.462623
25,8,0.441820
25,9,0.439651
25,10,0.252368
25,11,0.510256
25,12,0.435590
25,13,0.474284
25,14,0.000000
25,15,0.483108
26,1,0.547810
26,2,0.529856
26,3,0.533703
26,4,0.458120
26,5,0.466679
26,6,0.499267
26,7,0.464451
26,8,0.552609
26,9,0.511499
26,10,0.549866
26,11,0.510703
26,12,0.537930
26,13,0.521663
26,14,0.511027
26,15,0.438214
27,1,0.456319
27,2,0.495545
27,3,0.515102
27,4,0.310991
27,5,0.457273
27,6,0.515888
27,7,0.503381
27,8,0.426354
27,9,0.480519
27,10,0.503170
27,11,0.494131
27,12,0.446448
27,13,0.482833
27,14,0.487626
27,15,0.446879
28,1,0.479498
28,2,0.477852
28,3,0.481788
28,4,0.557795
28,5,0.532156
28,6,0.541099
28,7,0.492014
28,8,0.579136
28,9,0.534569
28,10,0.525110
28,11,0.447282
28,12,0.502064
28,13,0.437995
28,14,0.459563
28,15,0.578040
29,1,0.469548
29,2,0.513402
29,3,0.547988
29,4,0.439245
29,5,0.537327
29,6,0.483527
29,7,0.547988
29,8,0.249384
29,9,0.479102
29,10,0.495545
29,11,0.519717
29,12,0.504352
29,13,0.542126
29,14,0.574110
29,15,0.547988
30,1,0.481555
30,2,0.547988
30,3,0.327929
30,4,0.547988
30,5,0.498324
30,6,0.527214
30,7,0.521095
30,8,0.522955
30,9,0.498130
30,10,0.528786
30,11,0.537086
30,12,0.473121
30,13,0.517508
30,14,0.499683
30,15,0.461244
31,1,0.465849
31,2,0.486922
31,3,0.311424
31,4,0.496467
31,5,0.426527
31,6,0.492966
31,7,0.574110
31,8,0.531010
31,9,0.473018
31,10,0.535135
31,11,0.488479
31,12,0.457081
31,13,0.463548
31,14,0.466617
31,15,0.466792
32,1,0.466928
32,2,0.487323
32,3,0.503472
32,4,0.468074
32,5,0.470948
32,6,0.490557
32,7,0.514221
32,8,0.467553
32,9,0.459935
32,10,0.270057
32,11,0.464816
32,12,0.490399
32,13,0.465283
32,14,0.453459
32,15,0.544128
33,1,0.555818
33,2,0.531964
33,3,0.491406
33,4,0.474180
33,5,0.532282
33,6,0.533649
33,7,0.472434
33,8,0.453469
33,9,0.498513
33,10,0.488895
33,11,0.522994
33,12,0.498435
33,13,0.493874
33,14,0.434589
33,15,0.456984
34,1,0.397650
34,2,0.564999
34,3,0.532957
34,4,0.471833
34,5,0.427481
34,6,0.419837
34,7,0.501691
34,8,0.496160
34,9,0.545566
34,10,0.490833
34,11,0.217294
34,12,0.440108
34,13,0.463451
34,14,0.411744
34,15,0.493352
35,1,0.494540
35,2,0.492513
35,3,0.487543
35,4,0.519271
35,5,0.526467
35,6,0.472804
35,7,0.430471
35,8,0.491204
35,9,0.448606
35,10,0.397650
35,11,0.582009
35,12,0.549109
35,13,0.528861
35,14,0.523449
35,15,0.443033
36,1,0.490420
36,2,0.489519
36,3,0.513186
36,4,0.486628
36,5,0.510087
36,6,0.523149
36,7,0.469356
36,8,0.547988
36,9,0.467157
36,10,0.488926
36,11,0.546789
36,12,0.456199
36,13,0.460358
36,14,0.537327
36,15,0.435590
37,1,0.471833
37,2,0.585922
37,3,0.306415
37,4,0.505720
37,5,0.499267
37,6,0.434589
37,7,0.489446
37,8,0.477071
37,9,0.451030
37,10,0.555991
37,11,0.549866
37,12,0.471050
37,13,0.513297
37,14,0.435590
37,15,0.486285
38,1,0.463444
38,2,0.486205
38,3,0.434589
38,4,0.468074
38,5,0.474646
38,6,0.486431
38,7,0.499784
38,8,0.527474
38,9,0.574110
38,10,0.480650
38,11,0.462245
38,12,0.488122
38,13,0.453441
38,14,0.468819
38,15,0.506587
39,1,0.459328
39,2,0.510400
39,3,0.452863
39,4,0.476172
39,5,0.512587
39,6,0.534081
39,7,0.576875
39,8,0.462359
39,9,0.503250
39,10,0.499514
39,11,0.434589
39,12,0.337107
39,13,0.494330
39,14,0.522955
39,15,0.520813
40,1,0.520256
40,2,0.499956
40,3,0.507051
40,4,0.531052
40,5,0.453156
40,6,0.421479
40,7,0.461228
40,8,0.447198
40,9,0.491831
40,10,0.492503
40,11,0.527351
40,12,0.454125
40,13,0.485092
40,14,0.478736
40,15,0.537823
41,1,0.549235
41,2,0.520188
41,3,0.525110
41,4,0.535734
41,5,0.531079
41,6,0.535135
41,7,0.533639
41,8,0.478259
41,9,0.509234
41,10,0.511192
41,11,0.523149
41,12,0.512892
41,13,0.446359
41,14,0.476502
41,15,0.534419
42,1,0.520813
42,2,0.445339
42,3,0.530367
42,4,0.517313
42,5,0.514134
42,6,0.535097
42,7,0.439612
42,8,0.535463
42,9,0.465283
42,10,0.451927
42,11,0.480712
42,12,0.462710
42,13,0.405085
42,14,0.493175
42,15,0.439418
43,1,0.361866
43,2,0.514583
43,3,0.499711
43,4,0.498982
43,5,0.549866
43,6,0.479057
43,7,0.485266
43,8,0.483348
43,9,0.522076
43,10,0.463019
43,11,0.431107
43,12,0.485626
43,13,0.492320
43,14,0.466104
43,15,0.483672
44,1,0.479364
44,2,0.463907
44,3,0.516473
44,4,0.549194
44,5,0.547988
44,6,0.505408
44,7,0.493006
44,8,0.530884
44,9,0.508610
44,10,0.435590
44,11,0.501863
44,12,0.438372
44,13,0.539086
44,14,0.460387
44,15,0.574110
45,1,0.456565
45,2,0.479895
45,3,0.547988
45,4,0.435089
45,5,0.411744
45,6,0.534090
45,7,0.512390
45,8,0.459398
45,9,0.459244
45,10,0.467711
45,11,0.334611
45,12,0.467471
45,13,0.574110
45,14,0.533703
45,15,0.468408
46,1,0.487234
46,2,0.372253
46,3,0.501873
46,4,0.493959
46,5,0.472494
46,6,0.436940
46,7,0.547988
46,8,0.531680
46,9,0.454438
46,10,0.411744
46,11,0.478207
46,12,0.506085
46,13,0.547988
46,14,0.469369
46,15,0.479365
47,1,0.480839
47,2,0.358037
47,3,0.497946
47,4,0.460349
47,5,0.497814
47,6,0.534249
47,7,0.577407
47,8,0.529648
47,9,0.469074
47,10,0.217294
47,11,0.547988
47,12,0.405085
47,13,0.453154
47,14,0.492746
47,15,0.547988
48,1,0.520165
48,2,0.579136
48,3,0.464608
48,4,0.520477
48,5,0.460712
48,6,0.451642
48,7,0.488481
48,8,0.465921
48,9,0.506369
48,10,0.535561
48,11,0.471671
48,12,0.446452
48,13,0.493405
48,14,0.481361
48,15,0.548126
49,1,0.469999
49,2,0.447546
49,3,0.484081
49,4,0.524980
49,5,0.489660
49,6,0.480650
49,7,0.468497
49,8,0.475883
49,9,0.533129
49,10,0.481596
49,11,0.450010
49,12,0.459802
49,13,0.305800
49,14,0.502593
49,15,0.505764
50,1,0.510794
50,2,0.503668
50,3,0.521027
50,4,0.575420
50,5,0.506124
50,6,0.537648
50,7,0.434589
50,8,0.574110
50,9,0.533808
50,10,0.582009
50,11,0.461602
50,12,0.456857
50,13,0.455629
50,14,0.464246
50,15,0.490460
51,1,0.289726
51,2,0.479498
51,3,0.457669
51,4,0.462269
51,5,0.520973
51,6,0.441431
51,7,0.469325
51,8,0.495640
51,9,0.450797
51,10,0.458852
51,11,0.468327
51,12,0.531294
51,13,0.491819
51,14,0.477817
51,15,0.506117
52,1,0.511460
52,2,0.472535
52,3,0.534419
52,4,0.526467
52,5,0.508776
52,6,0.523217
52,7,0.517418
52,8,0.457129
52,9,0.514107
52,10,0.549866
52,11,0.489523
52,12,0.540825
52,13,0.541143
52,14,0.536464
52,15,0.537247
53,1,0.493637
53,2,0.533569
53,3,0.525746
53,4,0.512790
53,5,0.528681
53,6,0.482822
53,7,0.456067
53,8,0.457148
53,9,0.443065
53,10,0.542644
53,11,0.538804
53,12,0.535252
53,13,0.525622
53,14,0.465778
53,15,0.249864
54,1,0.462491
54,2,0.503324
54,3,0.449653
54,4,0.405085
54,5,0.406025
54,6,0.455804
54,7,0.433250
54,8,0.498768
54,9,0.493959
54,10,0.548001
54,11,0.482965
54,12,0.552379
54,13,0.526538
54,14,0.447282
54,15,0.314447
55,1,0.435400
55,2,0.513269
55,3,0.497686
55,4,0.452906
55,5,0.477949
55,6,0.499784
55,7,0.514134
55,8,0.553196
55,9,0.436940
55,10,0.250131
55,11,0.505720
55,12,0.531294
55,13,0.533703
55,14,0.547988
55,15,0.457456
56,1,0.481027
56,2,0.476753
56,3,0.453424
56,4,0.483864
56,5,0.453130
56,6,0.434589
56,7,0.456108
56,8,0.464246
56,9,0.515280
56,10,0.579640
56,11,0.547988
56,12,0.538777
56,13,0.531294
56,14,0.525110
56,15,0.487090
57,1,0.521309
57,2,0.492786
57,3,0.508124
57,4,0.532880
57,5,0.575087
57,6,0.548327
57,7,0.495444
57,8,0.521612
57,9,0.487535
57,10,0.525410
57,11,0.520640
57,12,0.491437
57,13,0.530163
57,14,0.533703
57,15,0.490314
58,1,0.548126
58,2,0.512623
58,3,0.522955
58,4,0.495764
58,5,0.536505
58,6,0.459058
58,7,0.467038
58,8,0.534705
58,9,0.493637
58,10,0.564999
58,11,0.467087
58,12,0.463640
58,13,0.451927
58,14,0.484833
58,15,0.507856
59,1,0.533704
59,2,0.494591
59,3,0.536737
59,4,0.465778
59,5,0.429244
59,6,0.468504
59,7,0.466124
59,8,0.574110
59,9,0.482336
59,10,0.540846
59,11,0.525592
59,12,0.502064
59,13,0.490189
59,14,0.529156
59,15,0.534024
60,1,0.509267
60,2,0.511880
60,3,0.445859
60,4,0.434589
60,5,0.453644
60,6,0.494081
60,7,0.521767
60,8,0.551058
60,9,0.441839
60,10,0.513957
60,11,0.465539
60,12,0.457440
60,13,0.525634
60,14,0.495212
60,15,0.485880
61,1,0.496160
61,2,0.471951
61,3,0.446928
61,4,0.505437
61,5,0.484478
61,6,0.465725
61,7,0.486852
61,8,0.510409
61,9,0.510891
61,10,0.541212
61,11,0.547988
61,12,0.538937
61,13,0.459587
61,14,0.503250
61,15,0.513335
62,1,0.470328
62,2,0.522955
62,3,0.493965
62,4,0.462087
62,5,0.419837
62,6,0.498768
62,7,0.501076
62,8,0.462561
62,9,0.432268
62,10,0.450246
62,11,0.481983
62,12,0.446165
62,13,0.470215
62,14,0.491204
62,15,0.529984
63,1,0.337758
63,2,0.437598
63,3,0.477128
63,4,0.508753
63,5,0.536737
63,6,0.487535
63,7,0.535127
63,8,0.552442
63,9,0.526062
63,10,0.536737
63,11,0.543907
63,12,0.468795
63,13,0.405085
63,14,0.449516
63,15,0.470953
64,1,0.457620
64,2,0.501076
64,3,0.469999
64,4,0.467011
64,5,0.532302
64,6,0.519583
64,7,0.457620
64,8,0.513329
64,9,0.518313
64,10,0.523265
64,11,0.497733
64,12,0.502170
64,13,0.465345
64,14,0.335203
64,15,0.434589
65,1,0.435400
65,2,0.459168
65,3,0.492966
65,4,0.495783
65,5,0.574110
65,6,0.473575
65,7,0.434589
65,8,0.473996
65,9,0.457743
65,10,0.431107
65,11,0.472753
65,12,0.511077
65,13,0.547988
65,14,0.492328
65,15,0.532248
66,1,0.513670
66,2,0.397650
66,3,0.461727
66,4,0.446645
66,5,0.493604
66,6,0.507495
66,7,0.470761
66,8,0.530367
66,9,0.498975
66,10,0.514648
66,11,0.467940
66,12,0.497859
66,13,0.495194
66,14,0.548550
66,15,0.470584
67,1,0.447198
67,2,0.450121
67,3,0.482370
67,4,0.458194
67,5,0.460308
67,6,0.470299
67,7,0.506369
67,8,0.452276
67,9,0.364468
67,10,0.485603
67,11,0.508885
67,12,0.490635
67,13,0.485880
67,14,0.498445
67,15,0.535403
68,1,0.521767
68,2,0.535252
68,3,0.470976
68,4,0.515690
68,5,0.306372
68,6,0.463451
68,7,0.521767
68,8,0.509857
68,9,0.375664
68,10,0.480839
68,11,0.000000
68,12,0.486625
68,13,0.457620
68,14,0.457178
68,15,0.455013
69,1,0.481771
69,2,0.501971
69,3,0.446165
69,4,0.496240
69,5,0.466487
69,6,0.499418
69,7,0.530724
69,8,0.513447
69,9,0.436940
69,10,0.343325
69,11,0.454776
69,12,0.411744
69,13,0.498822
69,14,0.342810
69,15,0.508753
70,1,0.521591
70,2,0.493193
70,3,0.582009
70,4,0.548001
70,5,0.468327
70,6,0.492966
70,7,0.493152
70,8,0.460593
70,9,0.478025
70,10,0.468138
70,11,0.498355
70,12,0.508220
70,13,0.532512
70,14,0.555961
70,15,0.546876
71,1,0.534946
71,2,0.486625
71,3,0.489352
71,4,0.547988
71,5,0.474998
71,6,0.452675
71,7,0.506369
71,8,0.450492
71,9,0.494330
71,10,0.535135
71,11,0.445859
71,12,0.505564
71,13,0.480152
71,14,0.524980
71,15,0.535952
72,1,0.313442
72,2,0.525415
72,3,0.510551
72,4,0.469904
72,5,0.465687
72,6,0.525634
72,7,0.466679
72,8,0.497782
72,9,0.499899
72,10,0.504352
72,11,0.543452
72,12,0.522097
72,13,0.457620
72,14,0.525421
72,15,0.515801
73,1,0.426354
73,2,0.446905
73,3,0.512959
73,4,0.532282
73,5,0.520477
73,6,0.434589
73,7,0.500261
73,8,0.464647
73,9,0.353563
73,10,0.411744
73,11,0.454115
73,12,0.500334
73,13,0.500525
73,14,0.508671
73,15,0.464736
74,1,0.444884
74,2,0.494452
74,3,0.491845
74,4,0.369764
74,5,0.439137
74,6,0.514341
74,7,0.498513
74,8,0.464451
74,9,0.574110
74,10,0.374764
74,11,0.494325
74,12,0.217294
74,13,0.506369
74,14,0.000000
74,15,0.453426
75,1,0.480651
75,2,0.574110
75,3,0.470047
75,4,0.491196
75,5,0.530627
75,6,0.474851
75,7,0.504615
75,8,0.499653
75,9,0.540846
75,10,0.532282
75,11,0.512167
75,12,0.483527
75,13,0.487362
75,14,0.534939
75,15,0.493638
76,1,0.473956
76,2,0.338176
76,3,0.452673
76,4,0.492355
76,5,0.365587
76,6,0.452910
76,7,0.532282
76,8,0.545294
76,9,0.574110
76,10,0.495545
76,11,0.469356
76,12,0.522986
76,13,0.449680
76,14,0.411744
76,15,0.451596
77,1,0.496102
77,2,0.507781
77,3,0.524357
77,4,0.490229
77,5,0.524841
77,6,0.522989
77,7,0.457786
77,8,0.515667
77,9,0.497895
77,10,0.553196
77,11,0.308872
77,12,0.501971
77,13,0.437995
77,14,0.492966
77,15,0.464673
78,1,0.471446
78,2,0.477695
78,3,0.500830
78,4,0.473168
78,5,0.576760
78,6,0.504507
78,7,0.448817
78,8,0.502298
78,9,0.532751
78,10,0.434096
78,11,0.367430
78,12,0.459056
78,13,0.449476
78,14,0.432127
78,15,0.477932
79,1,0.547988
79,2,0.434589
79,3,0.507898
79,4,0.531294
79,5,0.537823
79,6,0.530507
79,7,0.459058
79,8,0.480004
79,9,0.463701
79,10,0.501873
79,11,0.000000
79,12,0.498091
79,13,0.463174
79,14,0.503037
79,15,0.467731
80,1,0.480839
80,2,0.467981
80,3,0.411744
80,4,0.509328
80,5,0.459558
80,6,0.464580
80,7,0.512449
80,8,0.498385
80,9,0.531817
80,10,0.576905
80,11,0.553033
80,12,0.475523
80,13,0.446147
80,14,0.486564
80,15,0.525622
81,1,0.576623
81,2,0.528566
81,3,0.446755
81,4,0.493297
81,5,0.303069
81,6,0.503509
81,7,0.467136
81,8,0.446165
81,9,0.461484
81,10,0.452656
81,11,0.476728
81,12,0.486755
81,13,0.438214
81,14,0.485885
81,15,0.517394
82,1,0.521155
82,2,0.436612
82,3,0.304613
82,4,0.507422
82,5,0.457825
82,6,0.538804
82,7,0.537712
82,8,0.548191
82,9,0.457554
82,10,0.463445
82,11,0.466423
82,12,0.529311
82,13,0.490167
82,14,0.469722
82,15,0.466679
83,1,0.495289
83,2,0.454104
83,3,0.531294
83,4,0.472434
83,5,0.444884
83,6,0.468489
83,7,0.448236
83,8,0.495451
83,9,0.483527
83,10,0.434589
83,11,0.471336
83,12,0.548001
83,13,0.488499
83,14,0.465951
83,15,0.367217
84,1,0.467928
84,2,0.439082
84,3,0.504737
84,4,0.353390
84,5,0.475965
84,6,0.476112
84,7,0.533881
84,8,0.463789
84,9,0.441820
84,10,0.480839
84,11,0.532514
84,12,0.535135
84,13,0.480062
84,14,0.369242
84,15,0.456857
85,1,0.000000
85,2,0.458011
85,3,0.480839
85,4,0.574110
85,5,0.478941
85,6,0.549036
85,7,0.512390
85,8,0.465601
85,9,0.480824
85,10,0.298776
85,11,0.472247
85,12,0.503998
85,13,0.349420
85,14,0.491166
85,15,0.370603
86,1,0.502595
86,2,0.333443
86,3,0.464246
86,4,0.497965
86,5,0.526345
86,6,0.557856
86,7,0.549686
86,8,0.468610
86,9,0.486588
86,10,0.461450
86,11,0.444870
86,12,0.452406
86,13,0.474575
86,14,0.488479
86,15,0.538075
87,1,0.548126
87,2,0.458982
87,3,0.468960
87,4,0.547988
87,5,0.502298
87,6,0.539779
87,7,0.370419
87,8,0.421479
87,9,0.494415
87,10,0.513369
87,11,0.503668
87,12,0.444408
87,13,0.488191
87,14,0.507676
87,15,0.540846
88,1,0.534965
88,2,0.531891
88,3,0.531294
88,4,0.506124
88,5,0.495545
88,6,0.488479
88,7,0.445859
88,8,0.405085
88,9,0.496259
88,10,0.461804
88,11,0.495194
88,12,0.475501
88,13,0.493297
88,14,0.534216
88,15,0.473521
89,1,0.549859
89,2,0.438214
89,3,0.511428
89,4,0.497922
89,5,0.536737
89,6,0.488479
89,7,0.438229
89,8,0.486625
89,9,0.543478
89,10,0.473126
89,11,0.553393
89,12,0.492659
89,13,0.477071
89,14,0.537579
89,15,0.494325
90,1,0.474791
90,2,0.481053
90,3,0.520439
90,4,0.217294
90,5,0.495365
90,6,0.525746
90,7,0.517394
90,8,0.523915
90,9,0.520497
90,10,0.430471
90,11,0.454172
90,12,0.495783
90,13,0.471671
90,14,0.490635
90,15,0.490375
91,1,0.496160
91,2,0.543924
91,3,0.523619
91,4,0.466795
91,5,0.498954
91,6,0.512361
91,7,0.458537
91,8,0.444428
91,9,0.497017
91,10,0.470364
91,11,0.540671
91,12,0.548281
91,13,0.512390
91,14,0.466019
91,15,0.468309
92,1,0.455795
92,2,0.459558
92,3,0.467425
92,4,0.506369
92,5,0.465628
92,6,0.202543
92,7,0.466434
92,8,0.499831
92,9,0.461608
92,10,0.551038
92,11,0.533775
92,12,0.442699
92,13,0.481940
92,14,0.504497
92,15,0.442717
93,1,0.500261
93,2,0.482984
93,3,0.479021
93,4,0.522332
93,5,0.435089
93,6,0.515557
93,7,0.530856
93,8,0.548126
93,9,0.495674
93,10,0.397650
93,11,0.497430
93,12,0.508753
93,13,0.535135
93,14,0.468327
93,15,0.463040
94,1,0.484233
94,2,0.514341
94,3,0.472171
94,4,0.432268
94,5,0.504034
94,6,0.508669
94,7,0.553495
94,8,0.455326
94,9,0.478407
94,10,0.467179
94,11,0.459168
94,12,0.502867
94,13,0.547988
94,14,0.467425
94,15,0.470750
95,1,0.512790
95,2,0.511318
95,3,0.470431
95,4,0.374822
95,5,0.497859
95,6,0.469783
95,7,0.369768
95,8,0.489830
95,9,0.306248
95,10,0.501656
95,11,0.518417
95,12,0.493825
95,13,0.535561
95,14,0.478406
95,15,0.375531
96,1,0.452656
96,2,0.484564
96,3,0.503998
96,4,0.449712
96,5,0.534946
96,6,0.519183
96,7,0.525622
96,8,0.502677
96,9,0.490833
96,10,0.462472
96,11,0.447241
96,12,0.496593
96,13,0.526122
96,14,0.523915
96,15,0.504924
97,1,0.482082
97,2,0.434589
97,3,0.494540
97,4,0.488636
97,5,0.544948
97,6,0.486625
97,7,0.442102
97,8,0.453167
97,9,0.464038
97,10,0.501971
97,11,0.526239
97,12,0.477405
97,13,0.380913
97,14,0.252489
97,15,0.547988
98,1,0.467419
98,2,0.456857
98,3,0.513757
98,4,0.545566
98,5,0.491392
98,6,0.547988
98,7,0.456119
98,8,0.475501
98,9,0.480616
98,10,0.463336
98,11,0.457743
98,12,0.470955
98,13,0.486431
98,14,0.564999
98,15,0.492966
99,1,0.523217
99,2,0.473837
99,3,0.506369
99,4,0.434589
99,5,0.485581
99,6,0.467846
99,7,0.486706
99,8,0.547988
99,9,0.517063
99,10,0.478695
99,11,0.370999
99,12,0.468541
99,13,0.453896
99,14,0.523217
99,15,0.535952
100,1,0.493727
100,2,0.461804
100,3,0.465580
100,4,0.453424
100,5,0.434589
100,6,0.579136
100,7,0.459226
100,8,0.411744
100,9,0.451927
100,10,0.512497
100,11,0.480004
100,12,0.506560
100,13,0.492386
100,14,0.483348
100,15,0.511347
101,1,0.452414
101,2,0.494132
101,3,0.000000
101,4,0.533793
101,5,0.494230
101,6,0.532282
101,7,0.455022
101,8,0.441820
101,9,0.483026
101,10,0.467830
101,11,0.466411
101,12,0.255200
101,13,0.504888
101,14,0.495764
101,15,0.535561
102,1,0.464209
102,2,0.504240
102,3,0.574110
102,4,0.498768
102,5,0.464451
102,6,0.579701
102,7,0.442233
102,8,0.459676
102,9,0.503250
102,10,0.500469
102,11,0.306372
102,12,0.495844
102,13,0.533703
102,14,0.486625
102,15,0.445859
103,1,0.464246
103,2,0.548001
103,3,0.505408
103,4,0.490059
103,5,0.330743
103,6,0.511584
103,7,0.533803
103,8,0.468890
103,9,0.481839
103,10,0.462087
103,11,0.474394
103,12,0.466708
103,13,0.498932
103,14,0.454974
103,15,0.499687
104,1,0.213177
104,2,0.478090
104,3,0.456302
104,4,0.440190
104,5,0.480870
104,6,0.458645
104,7,0.481479
104,8,0.474066
104,9,0.499683
104,10,0.483348
104,11,0.547075
104,12,0.518161
104,13,0.535770
104,14,0.459058
104,15,0.522376
105,1,0.512027
105,2,0.525622
105,3,0.490776
105,4,0.526161
105,5,0.486625
105,6,0.530367
105,7,0.456480
105,8,0.508753
105,9,0.463495
105,10,0.370469
105,11,0.452176
105,12,0.460224
105,13,0.507843
105,14,0.465784
105,15,0.496995
106,1,0.536211
106,2,0.455718
106,3,0.501423
106,4,0.525622
106,5,0.455569
106,6,0.479720
106,7,0.466423
106,8,0.516945
106,9,0.286981
106,10,0.489986
106,11,0.534221
106,12,0.471951
106,13,0.478606
106,14,0.523217
106,15,0.494094
107,1,0.514856
107,2,0.367925
107,3,0.270057
107,4,0.488721
107,5,0.501217
107,6,0.515676
107,7,0.469752
107,8,0.484975
107,9,0.426345
107,10,0.491845
107,11,0.456287
107,12,0.449535
107,13,0.480839
107,14,0.472494
107,15,0.509639
108,1,0.462243
108,2,0.451927
108,3,0.501915
108,4,0.476621
108,5,0.511187
108,6,0.481361
108,7,0.453929
108,8,0.456480
108,9,0.445175
108,10,0.457309
108,11,0.492966
108,12,0.459058
108,13,0.485885
108,14,0.492341
108,15,0.519068
109,1,0.462055
109,2,0.533569
109,3,0.313252
109,4,0.504720
109,5,0.527888
109,6,0.523915
109,7,0.494256
109,8,0.575785
109,9,0.458086
109,10,0.503250
109,11,0.500300
109,12,0.530978
109,13,0.532514
109,14,0.522115
109,15,0.462438
110,1,0.452406
110,2,0.406025
110,3,0.506720
110,4,0.534661
110,5,0.511358
110,6,0.436940
110,7,0.217294
110,8,0.441067
110,9,0.474660
110,10,0.502064
110,11,0.492659
110,12,0.498445
110,13,0.462019
110,14,0.364881
110,15,0.506369
111,1,0.459056
111,2,0.548411
111,3,0.462529
111,4,0.506117
111,5,0.495194
111,6,0.492966
111,7,0.371365
111,8,0.464246
111,9,0.480572
111,10,0.518244
111,11,0.450142
111,12,0.478137
111,13,0.519985
111,14,0.497094
111,15,0.533909
112,1,0.523449
112,2,0.517394
112,3,0.555991
112,4,0.441839
112,5,0.534008
112,6,0.467489
112,7,0.579136
112,8,0.521028
112,9,0.442366
112,10,0.457224
112,11,0.529648
112,12,0.479001
112,13,0.504556
112,14,0.522332
112,15,0.553196
113,1,0.436940
113,2,0.289726
113,3,0.421479
113,4,0.489085
113,5,0.419837
113,6,0.455291
113,7,0.479897
113,8,0.463542
113,9,0.456857
113,10,0.529077
113,11,0.478151
113,12,0.579701
113,13,0.549194
113,14,0.530919
113,15,0.521823
114,1,0.549866
114,2,0.471951
114,3,0.378267
114,4,0.480839
114,5,0.475220
114,6,0.574110
114,7,0.488479
114,8,0.493637
114,9,0.471900
114,10,0.485880
114,11,0.532638
114,12,0.448366
114,13,0.411744
114,14,0.467584
114,15,0.357385
115,1,0.469776
115,2,0.434589
115,3,0.479377
115,4,0.438214
115,5,0.454833
115,6,0.479905
115,7,0.547988
115,8,0.498995
115,9,0.555096
115,10,0.579136
115,11,0.535435
115,12,0.520477
115,13,0.463942
115,14,0.442647
115,15,0.535002
116,1,0.523751
116,2,0.534908
116,3,0.495124
116,4,0.457410
116,5,0.452927
116,6,0.532282
116,7,0.490854
116,8,0.542640
116,9,0.521759
116,10,0.466795
116,11,0.520439
116,12,0.540846
116,13,0.508441
116,14,0.496995
116,15,0.487810
117,1,0.506124
117,2,0.525746
117,3,0.535252
117,4,0.488479
117,5,0.523149
117,6,0.531624
117,7,0.453502
117,8,0.453644
117,9,0.511896
117,10,0.456423
117,11,0.454104
117,12,0.490490
117,13,0.496595
117,14,0.488488
117,15,0.523915
118,1,0.535561
118,2,0.456852
118,3,0.498168
118,4,0.483527
118,5,0.464464
118,6,0.441820
118,7,0.514134
118,8,0.488479
118,9,0.515290
118,10,0.510564
118,11,0.454035
118,12,0.479450
118,13,0.498355
118,14,0.522955
118,15,0.523915
119,1,0.547988
119,2,0.491894
119,3,0.467695
119,4,0.429244
119,5,0.468604
119,6,0.441820
119,7,0.535252
119,8,0.500416
119,9,0.463815
119,10,0.217294
119,11,0.466679
119,12,0.427515
119,13,0.461527
119,14,0.366465
119,15,0.459244
120,1,0.515668
120,2,0.502118
120,3,0.449680
120,4,0.411744
120,5,0.506117
120,6,0.473447
120,7,0.405085
120,8,0.452848
120,9,0.489404
120,10,0.460464
120,11,0.455585
120,12,0.471205
120,13,0.380913
120,14,0.520986
120,15,0.513670
121,1,0.535561
121,2,0.513335
121,3,0.510919
121,4,0.452709
121,5,0.327751
121,6,0.464682
121,7,0.461883
121,8,0.484564
121,9,0.467926
121,10,0.517697
121,11,0.487535
121,12,0.525349
121,13,0.547988
121,14,0.508315
121,15,0.579701
122,1,0.521122
122,2,0.460134
122,3,0.445003
122,4,0.480438
122,5,0.548126
122,6,0.459282
122,7,0.484493
122,8,0.510363
122,9,0.547843
122,10,0.467794
122,11,0.501691
122,12,0.481008
122,13,0.540239
122,14,0.475281
122,15,0.434589
123,1,0.439641
123,2,0.468639
123,3,0.446314
123,4,0.459244
123,5,0.493604
123,6,0.574110
123,7,0.468045
123,8,0.506085
123,9,0.301451
123,10,0.466763
123,11,0.472494
123,12,0.513768
123,13,0.483348
123,14,0.467171
123,15,0.518814
124,1,0.493110
124,2,0.510721
124,3,0.539927
124,4,0.461228
124,5,0.447882
124,6,0.442552
124,7,0.495844
124,8,0.340301
124,9,0.456919
124,10,0.508409
124,11,0.500874
124,12,0.450613
124,13,0.456857
124,14,0.486649
124,15,0.468031
125,1,0.502835
125,2,0.460755
125,3,0.405085
125,4,0.481023
125,5,0.461194
125,6,0.484470
125,7,0.507497
125,8,0.462378
125,9,0.458071
125,10,0.484655
125,11,0.464246
125,12,0.483348
125,13,0.518987
125,14,0.465239
125,15,0.540239
126,1,0.434589
126,2,0.370369
126,3,0.472585
126,4,0.470979
126,5,0.469661
126,6,0.474011
126,7,0.566955
126,8,0.463045
126,9,0.434589
126,10,0.521767
126,11,0.493922
126,12,0.434589
126,13,0.442341
126,14,0.478606
126,15,0.473996
127,1,0.483227
127,2,0.496240
127,3,0.457971
127,4,0.454211
127,5,0.464662
127,6,0.455972
127,7,0.440222
127,8,0.484096
127,9,0.547172
127,10,0.533032
127,11,0.488893
127,12,0.512790
127,13,0.492326
127,14,0.496995
127,15,0.547988
128,1,0.476906
128,2,0.552609
128,3,0.469856
128,4,0.497013
128,5,0.475192
128,6,0.531294
128,7,0.515326
128,8,0.462991
128,9,0.362783
128,10,0.458202
128,11,0.508966
128,12,0.463850
128,13,0.448884
128,14,0.446965
128,15,0.363868
129,1,0.429244
129,2,0.483267
129,3,0.480561
129,4,0.457513
129,5,0.504123
129,6,0.485099
129,7,0.503732
129,8,0.434096
129,9,0.485885
129,10,0.510903
129,11,0.520497
129,12,0.445859
129,13,0.492131
129,14,0.510356
129,15,0.470207
130,1,0.501971
130,2,0.464451
130,3,0.337830
130,4,0.479445
130,5,0.459952
130,6,0.479771
130,7,0.469230
130,8,0.480839
130,9,0.434589
130,10,0.451025
130,11,0.473662
130,12,0.465302
130,13,0.362526
130,14,0.474587
130,15,0.531259
131,1,0.504862
131,2,0.522955
131,3,0.461502
131,4,0.498489
131,5,0.470431
131,6,0.532667
131,7,0.503009
131,8,0.463013
131,9,0.490742
131,10,0.546789
131,11,0.471855
131,12,0.480839
131,13,0.504735
131,14,0.523418
131,15,0.574110
132,1,0.547988
132,2,0.469356
132,3,0.492966
132,4,0.472162
132,5,0.511538
132,6,0.489329
132,7,0.517719
132,8,0.464500
132,9,0.499687
132,10,0.516962
132,11,0.531229
132,12,0.473983
132,13,0.369736
132,14,0.499911
132,15,0.508669
133,1,0.533703
133,2,0.528485
133,3,0.493297
133,4,0.490456
133,5,0.511102
133,6,0.475048
133,7,0.495156
133,8,0.530390
133,9,0.492966
133,10,0.476138
133,11,0.533868
133,12,0.502064
133,13,0.494715
133,14,0.504737
133,15,0.542683
134,1,0.453502
134,2,0.419837
134,3,0.463935
134,4,0.464451
134,5,0.553196
134,6,0.450990
134,7,0.496877
134,8,0.524980
134,9,0.533443
134,10,0.375664
134,11,0.405085
134,12,0.354314
134,13,0.476771
134,14,0.450025
134,15,0.202543
135,1,0.327235
135,2,0.441820
135,3,0.462855
135,4,0.549866
135,5,0.492966
135,6,0.521189
135,7,0.574110
135,8,0.502677
135,9,0.459355
135,10,0.479997
135,11,0.486802
135,12,0.453497
135,13,0.441820
135,14,0.483348
135,15,0.453318
136,1,0.508960
136,2,0.367460
136,3,0.489450
136,4,0.525622
136,5,0.533129
136,6,0.526467
136,7,0.514856
136,8,0.380913
136,9,0.341083
136,10,0.441041
136,11,0.502595
136,12,0.459056
136,13,0.466302
136,14,0.451927
136,15,0.535561
137,1,0.526538
137,2,0.397650
137,3,0.540988
137,4,0.493297
137,5,0.531488
137,6,0.510703
137,7,0.496033
137,8,0.579136
137,9,0.467794
137,10,0.364468
137,11,0.454791
137,12,0.476517
137,13,0.531232
137,14,0.527735
137,15,0.487543
138,1,0.504979
138,2,0.451235
138,3,0.442033
138,4,0.415796
138,5,0.340052
138,6,0.455448
138,7,0.535252
138,8,0.470584
138,9,0.549802
138,10,0.535135
138,11,0.465283
138,12,0.396328
138,13,0.520477
138,14,0.373422
138,15,0.468397
139,1,0.446314
139,2,0.470979
139,3,0.449647
139,4,0.490670
139,5,0.544585
139,6,0.511880
139,7,0.544585
139,8,0.506578
139,9,0.531300
139,10,0.446359
139,11,0.506117
139,12,0.504142
139,13,0.463399
139,14,0.495844
139,15,0.448366
140,1,0.454104
140,2,0.475296
140,3,0.467425
140,4,0.478895
140,5,0.466771
140,6,0.498228
140,7,0.533276
140,8,0.532275
140,9,0.486264
140,10,0.466638
140,11,0.473996
140,12,0.478252
140,13,0.524980
140,14,0.503632
140,15,0.481880
141,1,0.484081
141,2,0.533443
141,3,0.314781
141,4,0.503017
141,5,0.527735
141,6,0.498991
141,7,0.480650
141,8,0.555926
141,9,0.469266
141,10,0.499727
141,11,0.471584
141,12,0.537407
141,13,0.480782
141,14,0.467157
141,15,0.503375
142,1,0.466487
142,2,0.531294
142,3,0.476214
142,4,0.458372
142,5,0.451303
142,6,0.505057
142,7,0.532248
142,8,0.531964
142,9,0.526538
142,10,0.535252
142,11,0.464396
142,12,0.506369
142,13,0.469878
142,14,0.509012
142,15,0.512543
143,1,0.455871
143,2,0.458857
143,3,0.453878
143,4,0.536466
143,5,0.526542
143,6,0.467099
143,7,0.303354
143,8,0.480505
143,9,0.475249
143,10,0.482501
143,11,0.502064
143,12,0.533229
143,13,0.523915
143,14,0.579701
143,15,0.578040
144,1,0.533365
144,2,0.457620
144,3,0.539966
144,4,0.455982
144,5,0.498994
144,6,0.466988
144,7,0.490809
144,8,0.458700
144,9,0.480236
144,10,0.458115
144,11,0.457512
144,12,0.470667
144,13,0.495768
144,14,0.456852
144,15,0.542183
145,1,0.548550
145,2,0.523033
145,3,0.541212
145,4,0.575457
145,5,0.562374
145,6,0.492966
145,7,0.534946
145,8,0.531964
145,9,0.498445
145,10,0.515290
145,11,0.454940
145,12,0.553205
145,13,0.456151
145,14,0.540239
145,15,0.513335
146,1,0.505968
146,2,0.495517
146,3,0.523412
146,4,0.484701
146,5,0.520640
146,6,0.574598
146,7,0.457620
146,8,0.485092
146,9,0.459284
146,10,0.519276
146,11,0.559329
146,12,0.535106
146,13,0.522075
146,14,0.452838
146,15,0.461821
147,1,0.459622
147,2,0.579136
147,3,0.519867
147,4,0.530803
147,5,0.544584
147,6,0.515241
147,7,0.360682
147,8,0.480236
147,9,0.527888
147,10,0.523915
147,11,0.494256
147,12,0.493825
147,13,0.473866
147,14,0.434589
147,15,0.502374
148,1,0.489402
148,2,0.457620
148,3,0.487974
148,4,0.488028
148,5,0.464966
148,6,0.532204
148,7,0.458678
148,8,0.458048
148,9,0.492721
148,10,0.501934
148,11,0.439972
148,12,0.490236
148,13,0.541212
148,14,0.521968
148,15,0.535770
149,1,0.536469
149,2,0.459874
149,3,0.495194
149,4,0.453878
149,5,0.531830
149,6,0.493545
149,7,0.477878
149,8,0.485868
149,9,0.499514
149,10,0.506885
149,11,0.559623
149,12,0.526538
149,13,0.488479
149,14,0.480650
149,15,0.453269
150,1,0.536939
150,2,0.509371
150,3,0.306372
150,4,0.485104
150,5,0.513335
150,6,0.478563
150,7,0.465071
150,8,0.522945
150,9,0.452293
150,10,0.475985
150,11,0.514986
150,12,0.527259
150,13,0.468327
150,14,0.479866
150,15,0.550086
151,1,0.464209
151,2,0.445310
151,3,0.364029
151,4,0.455659
151,5,0.452331
151,6,0.508191
151,7,0.520526
151,8,0.542183
151,9,0.540484
151,10,0.434589
151,11,0.510900
151,12,0.463603
151,13,0.468060
151,14,0.468463
151,15,0.503346
152,1,0.507133
152,2,0.498979
152,3,0.532320
152,4,0.519287
152,5,0.499364
152,6,0.471671
152,7,0.466726
152,8,0.468327
152,9,0.446147
152,10,0.393469
152,11,0.488926
152,12,0.472810
152,13,0.525831
152,14,0.453646
152,15,0.585922
153,1,0.535802
153,2,0.522955
153,3,0.521682
153,4,0.468327
153,5,0.484975
153,6,0.458562
153,7,0.488479
153,8,0.240325
153,9,0.460860
153,10,0.489830
153,11,0.498035
153,12,0.527419
153,13,0.491670
153,14,0.534946
153,15,0.496002
154,1,0.520640
154,2,0.534890
154,3,0.574110
154,4,0.488479
154,5,0.490456
154,6,0.524980
154,7,0.469663
154,8,0.432130
154,9,0.515218
154,10,0.535928
154,11,0.521767
154,12,0.217294
154,13,0.505529
154,14,0.478777
154,15,0.474463
155,1,0.511531
155,2,0.535952
155,3,0.435590
155,4,0.445082
155,5,0.500261
155,6,0.513402
155,7,0.483348
155,8,0.574110
155,9,0.472190
155,10,0.467425
155,11,0.456857
155,12,0.497667
155,13,0.441839
155,14,0.549194
155,15,0.498310
156,1,0.471671
156,2,0.335949
156,3,0.435612
156,4,0.217795
156,5,0.525831
156,6,0.374352
156,7,0.453112
156,8,0.452163
156,9,0.503853
156,10,0.498445
156,11,0.502064
156,12,0.434589
156,13,0.574110
156,14,0.549866
156,15,0.533703
157,1,0.467465
157,2,0.506085
157,3,0.405085
157,4,0.481419
157,5,0.421662
157,6,0.516553
157,7,0.536450
157,8,0.466590
157,9,0.421479
157,10,0.485292
157,11,0.492320
157,12,0.544948
157,13,0.466549
157,14,0.434589
157,15,0.454104
158,1,0.492966
158,2,0.523217
158,3,0.491670
158,4,0.510413
158,5,0.549802
158,6,0.492320
158,7,0.456621
158,8,0.459244
158,9,0.476771
158,10,0.461194
158,11,0.405085
158,12,0.503853
158,13,0.249842
158,14,0.473216
158,15,0.471671
159,1,0.459649
159,2,0.488848
159,3,0.477706
159,4,0.476171
159,5,0.530367
159,6,0.471833
159,7,0.411744
159,8,0.483348
159,9,0.510721
159,10,0.471951
159,11,0.500933
159,12,0.459471
159,13,0.459310
159,14,0.453755
159,15,0.493604
160,1,0.426354
160,2,0.525831
160,3,0.446905
160,4,0.547517
160,5,0.460594
160,6,0.361733
160,7,0.502595
160,8,0.515813
160,9,0.488735
160,10,0.493297
160,11,0.337847
160,12,0.433838
160,13,0.484769
160,14,0.470910
160,15,0.488479
161,1,0.526170
161,2,0.531154
161,3,0.579701
161,4,0.442233
161,5,0.454604
161,6,0.464219
161,7,0.457512
161,8,0.483348
161,9,0.498979
161,10,0.536505
161,11,0.490259
161,12,0.554919
161,13,0.463045
161,14,0.547988
161,15,0.488479
162,1,0.305080
162,2,0.301284
162,3,0.496008
162,4,0.342360
162,5,0.441820
162,6,0.481880
162,7,0.529648
162,8,0.457600
162,9,0.435137
162,10,0.523915
162,11,0.456813
162,12,0.497013
162,13,0.522332
162,14,0.468037
162,15,0.501068
163,1,0.308679
163,2,0.469588
163,3,0.527061
163,4,0.460051
163,5,0.469140
163,6,0.484470
163,7,0.217294
163,8,0.479195
163,9,0.524980
163,10,0.492966
163,11,0.506117
163,12,0.434589
163,13,0.525421
163,14,0.465778
163,15,0.249864
164,1,0.503686
164,2,0.508506
164,3,0.493903
164,4,0.462002
164,5,0.480839
164,6,0.513402
164,7,0.000000
164,8,0.505338
164,9,0.508182
164,10,0.479057
164,11,0.524495
164,12,0.492349
164,13,0.488479
164,14,0.542516
164,15,0.494035
165,1,0.536737
165,2,0.502064
165,3,0.466957
165,4,0.454104
165,5,0.532649
165,6,0.472729
165,7,0.475409
165,8,0.508061
165,9,0.510903
165,10,0.371566
165,11,0.455322
165,12,0.427515
165,13,0.435590
165,14,0.456857
165,15,0.495212
166,1,0.494792
166,2,0.506438
166,3,0.504977
166,4,0.536244
166,5,0.472439
166,6,0.533030
166,7,0.455329
166,8,0.405085
166,9,0.508409
166,10,0.434260
166,11,0.488479
166,12,0.548126
166,13,0.508197
166,14,0.522940
166,15,0.461161
167,1,0.489386
167,2,0.490367
167,3,0.463302
167,4,0.361316
167,5,0.468525
167,6,0.454115
167,7,0.466679
167,8,0.490715
167,9,0.461226
167,10,0.396328
167,11,0.520203
167,12,0.542640
167,13,0.518278
167,14,0.575457
167,15,0.523149
168,1,0.585922
168,2,0.549040
168,3,0.547430
168,4,0.576623
168,5,0.465786
168,6,0.459244
168,7,0.496242
168,8,0.213177
168,9,0.000000
168,10,0.492746
168,11,0.502970
168,12,0.497858
168,13,0.471671
168,14,0.481267
168,15,0.474536
169,1,0.480839
169,2,0.462747
169,3,0.488926
169,4,0.470364
169,5,0.457081
169,6,0.446634
169,7,0.453154
169,8,0.536466
169,9,0.439357
169,10,0.364197
169,11,0.483348
169,12,0.484081
169,13,0.256701
169,14,0.459174
169,15,0.489185
170,1,0.453441
170,2,0.561723
170,3,0.488479
170,4,0.542053
170,5,0.530389
170,6,0.535770
170,7,0.498445
170,8,0.547988
170,9,0.471395
170,10,0.482739
170,11,0.320333
170,12,0.515364
170,13,0.501971
170,14,0.434589
170,15,0.442613
171,1,0.375463
171,2,0.411744
171,3,0.478683
171,4,0.511715
171,5,0.521828
171,6,0.522955
171,7,0.475787
171,8,0.534471
171,9,0.532294
171,10,0.543757
171,11,0.492966
171,12,0.438214
171,13,0.462623
171,14,0.411744
171,15,0.000000
172,1,0.473996
172,2,0.304613
172,3,0.459056
172,4,0.515668
172,5,0.498953
172,6,0.488866
172,7,0.574110
172,8,0.494256
172,9,0.493297
172,10,0.481395
172,11,0.555991
172,12,0.493297
172,13,0.472354
172,14,0.506085
172,15,0.525634
173,1,0.467179
173,2,0.380913
173,3,0.311285
173,4,0.515477
173,5,0.513183
173,6,0.501399
173,7,0.380913
173,8,0.492966
173,9,0.533704
173,10,0.454283
173,11,0.453644
173,12,0.435590
173,13,0.502867
173,14,0.523149
173,15,0.466248
174,1,0.458794
174,2,0.483348
174,3,0.513935
174,4,0.506117
174,5,0.487903
174,6,0.478025
174,7,0.560633
174,8,0.525957
174,9,0.469356
174,10,0.458245
174,11,0.483763
174,12,0.498170
174,13,0.506712
174,14,0.532135
174,15,0.547682
175,1,0.532048
175,2,0.526085
175,3,0.463153
175,4,0.456067
175,5,0.490238
175,6,0.371566
175,7,0.454136
175,8,0.498771
175,9,0.452280
175,10,0.464668
175,11,0.477610
175,12,0.456067
175,13,0.500950
175,14,0.498385
175,15,0.547224
176,1,0.513129
176,2,0.451235
176,3,0.457129
176,4,0.479848
176,5,0.419837
176,6,0.480236
176,7,0.541990
176,8,0.469663
176,9,0.495768
176,10,0.466725
176,11,0.454104
176,12,0.469815
176,13,0.480864
176,14,0.483348
176,15,0.477276
177,1,0.547988
177,2,0.488302
177,3,0.362270
177,4,0.507642
177,5,0.505171
177,6,0.518417
177,7,0.513747
177,8,0.339025
177,9,0.456919
177,10,0.437995
177,11,0.535135
177,12,0.531964
177,13,0.507051
177,14,0.460145
177,15,0.574110
178,1,0.523507
178,2,0.493825
178,3,0.469783
178,4,0.493671
178,5,0.515457
178,6,0.495124
178,7,0.462299
178,8,0.405085
178,9,0.463711
178,10,0.202543
178,11,0.476011
178,12,0.465055
178,13,0.457173
178,14,0.507960
178,15,0.546789
179,1,0.488479
179,2,0.461444
179,3,0.485829
179,4,0.522332
179,5,0.514311
179,6,0.532275
179,7,0.515813
179,8,0.535770
179,9,0.476754
179,10,0.484975
179,11,0.532282
179,12,0.500261
179,13,0.532649
179,14,0.496240
179,15,0.483527
180,1,0.532320
180,2,0.456649
180,3,0.470940
180,4,0.523149
180,5,0.467594
180,6,0.521049
180,7,0.491431
180,8,0.521486
180,9,0.524083
180,10,0.435590
180,11,0.460788
180,12,0.464246
180,13,0.465688
180,14,0.466294
180,15,0.522986
181,1,0.470364
181,2,0.534946
181,3,0.457099
181,4,0.453112
181,5,0.512644
181,6,0.531964
181,7,0.492966
181,8,0.533704
181,9,0.461248
181,10,0.482984
181,11,0.468577
181,12,0.480864
181,13,0.520477
181,14,0.464882
181,15,0.489454
182,1,0.517771
182,2,0.468377
182,3,0.504946
182,4,0.524980
182,5,0.523806
182,6,0.519002
182,7,0.488479
182,8,0.461444
182,9,0.506369
182,10,0.527888
182,11,0.533868
182,12,0.451591
182,13,0.431543
182,14,0.539444
182,15,0.459058
183,1,0.315997
183,2,0.452707
183,3,0.472419
183,4,0.481419
183,5,0.369868
183,6,0.488122
183,7,0.476214
183,8,0.427171
183,9,0.447546
183,10,0.534468
183,11,0.508753
183,12,0.467425
183,13,0.480839
183,14,0.532649
183,15,0.526170
184,1,0.467157
184,2,0.437995
184,3,0.488479
184,4,0.501600
184,5,0.513030
184,6,0.455614
184,7,0.538777
184,8,0.252061
184,9,0.449943
184,10,0.506369
184,11,0.526857
184,12,0.493637
184,13,0.457129
184,14,0.548001
184,15,0.434589
185,1,0.430193
185,2,0.536471
185,3,0.516007
185,4,0.531294
185,5,0.457620
185,6,0.452010
185,7,0.486785
185,8,0.473188
185,9,0.496877
185,10,0.534939
185,11,0.520477
185,12,0.554919
185,13,0.549844
185,14,0.471671
185,15,0.488499
186,1,0.522955
186,2,0.456316
186,3,0.454817
186,4,0.432130
186,5,0.475159
186,6,0.457495
186,7,0.512233
186,8,0.467863
186,9,0.481725
186,10,0.503376
186,11,0.458115
186,12,0.496877
186,13,0.547988
186,14,0.521731
186,15,0.529871
187,1,0.561842
187,2,0.488479
187,3,0.456642
187,4,0.360845
187,5,0.483918
187,6,0.492148
187,7,0.453424
187,8,0.518974
187,9,0.531229
187,10,0.492966
187,11,0.535220
187,12,0.487903
187,13,0.477224
187,14,0.552609
187,15,0.465934
188,1,0.501068
188,2,0.470750
188,3,0.306039
188,4,0.467711
188,5,0.513970
188,6,0.534946
188,7,0.488502
188,8,0.306372
188,9,0.485653
188,10,0.476897
188,11,0.479571
188,12,0.491437
188,13,0.545892
188,14,0.509770
188,15,0.534661
189,1,0.532275
189,2,0.516113
189,3,0.462749
189,4,0.457061
189,5,0.547988
189,6,0.516096
189,7,0.470163
189,8,0.499279
189,9,0.468327
189,10,0.411744
189,11,0.456302
189,12,0.461650
189,13,0.457620
189,14,0.513329
189,15,0.457800
190,1,0.347367
190,2,0.498768
190,3,0.574110
190,4,0.516086
190,5,0.434589
190,6,0.480839
190,7,0.489181
190,8,0.488479
190,9,0.491392
190,10,0.529330
190,11,0.464928
190,12,0.497804
190,13,0.534661
190,14,0.531964
190,15,0.513335
191,1,0.446905
191,2,0.531300
191,3,0.520664
191,4,0.448048
191,5,0.492966
191,6,0.485880
191,7,0.534946
191,8,0.471671
191,9,0.485092
191,10,0.452414
191,11,0.463149
191,12,0.252489
191,13,0.472083
191,14,0.435612
191,15,0.516601
192,1,0.532282
192,2,0.498445
192,3,0.498445
192,4,0.499845
192,5,0.442102
192,6,0.498445
192,7,0.311617
192,8,0.492966
192,9,0.547172
192,10,0.530367
192,11,0.454583
192,12,0.470364
192,13,0.461566
192,14,0.501691
192,15,0.371879
193,1,0.499687
193,2,0.547988
193,3,0.492845
193,4,0.540846
193,5,0.511844
193,6,0.531355
193,7,0.467940
193,8,0.438053
193,9,0.547810
193,10,0.337869
193,11,0.501264
193,12,0.512499
193,13,0.582009
193,14,0.547517
193,15,0.497922
194,1,0.479940
194,2,0.524296
194,3,0.534268
194,4,0.538063
194,5,0.547410
194,6,0.459993
194,7,0.405085
194,8,0.449428
194,9,0.459056
194,10,0.464175
194,11,0.477037
194,12,0.526170
194,13,0.456933
194,14,0.492966
194,15,0.514667
195,1,0.509730
195,2,0.371992
195,3,0.447241
195,4,0.375217
195,5,0.493959
195,6,0.475249
195,7,0.486625
195,8,0.461444
195,9,0.364468
195,10,0.480839
195,11,0.536466
195,12,0.470584
195,13,0.533909
195,14,0.534575
195,15,0.463027
196,1,0.425626
196,2,0.507751
196,3,0.519925
196,4,0.503732
196,5,0.518313
196,6,0.508220
196,7,0.525419
196,8,0.515591
196,9,0.535135
196,10,0.488479
196,11,0.486625
196,12,0.530826
196,13,0.459797
196,14,0.497013
196,15,0.533129
197,1,0.439245
197,2,0.471833
197,3,0.480839
197,4,0.473996
197,5,0.451389
197,6,0.480839
197,7,0.534946
197,8,0.430471
197,9,0.455623
197,10,0.480236
197,11,0.508499
197,12,0.503291
197,13,0.499514
197,14,0.560633
197,15,0.488479
198,1,0.353875
198,2,0.456857
198,3,0.374737
198,4,0.476442
198,5,0.456067
198,6,0.465537
198,7,0.453505
198,8,0.496008
198,9,0.496380
198,10,0.465675
198,11,0.485514
198,12,0.490314
198,13,0.461244
198,14,0.522332
198,15,0.474789
199,1,0.514271
199,2,0.459458
199,3,0.451338
199,4,0.553196
199,5,0.509184
199,6,0.518313
199,7,0.460868
199,8,0.451727
199,9,0.503706
199,10,0.533129
199,11,0.464078
199,12,0.454727
199,13,0.434589
199,14,0.526614
199,15,0.526538
200,1,0.514134
200,2,0.492966
200,3,0.493297
200,4,0.380913
200,5,0.519586
200,6,0.468327
200,7,0.495194
200,8,0.489953
200,9,0.454436
200,10,0.494415
200,11,0.523838
200,12,0.510506
200,13,0.519920
200,14,0.498445
200,15,0.453318
201,1,0.486858
201,2,0.493297
201,3,0.463488
201,4,0.455585
201,5,0.493959
201,6,0.574110
201,7,0.492659
201,8,0.469663
201,9,0.517386
201,10,0.533129
201,11,0.471855
201,12,0.503017
201,13,0.530913
201,14,0.454647
201,15,0.499515
202,1,0.454104
202,2,0.535561
202,3,0.549802
202,4,0.574110
202,5,0.532626
202,6,0.491357
202,7,0.582009
202,8,0.376270
202,9,0.510400
202,10,0.467471
202,11,0.473996
202,12,0.527506
202,13,0.434260
202,14,0.488479
202,15,0.516618
203,1,0.514459
203,2,0.435590
203,3,0.492966
203,4,0.549194
203,5,0.465778
203,6,0.499727
203,7,0.520651
203,8,0.523751
203,9,0.493975
203,10,0.499714
203,11,0.454922
203,12,0.502064
203,13,0.474238
203,14,0.542103
203,15,0.252061
204,1,0.524190
204,2,0.507808
204,3,0.517363
204,4,0.536505
204,5,0.492786
204,6,0.493637
204,7,0.512019
204,8,0.525419
204,9,0.521155
204,10,0.464872
204,11,0.520477
204,12,0.501347
204,13,0.540227
204,14,0.523217
204,15,0.575457
205,1,0.473504
205,2,0.465688
205,3,0.513747
205,4,0.522955
205,5,0.466248
205,6,0.494325
205,7,0.525110
205,8,0.476248
205,9,0.492966
205,10,0.544361
205,11,0.511180
205,12,0.435089
205,13,0.492966
205,14,0.461237
205,15,0.545720
206,1,0.498445
206,2,0.465340
206,3,0.486708
206,4,0.435089
206,5,0.500406
206,6,0.488784
206,7,0.529389
206,8,0.462614
206,9,0.434343
206,10,0.461527
206,11,0.444935
206,12,0.506369
206,13,0.519199
206,14,0.448507
206,15,0.540988
207,1,0.575457
207,2,0.512959
207,3,0.454188
207,4,0.492341
207,5,0.531300
207,6,0.525419
207,7,0.521309
207,8,0.477287
207,9,0.360819
207,10,0.475220
207,11,0.483641
207,12,0.465654
207,13,0.405085
207,14,0.432811
207,15,0.483348
208,1,0.515047
208,2,0.535135
208,3,0.526538
208,4,0.457257
208,5,0.544118
208,6,0.532687
208,7,0.516715
208,8,0.515801
208,9,0.463652
208,10,0.483348
208,11,0.533558
208,12,0.535135
208,13,0.439312
208,14,0.547411
208,15,0.513335
209,1,0.470328
209,2,0.480839
209,3,0.486625
209,4,0.520001
209,5,0.380913
209,6,0.530605
209,7,0.522257
209,8,0.458572
209,9,0.485792
209,10,0.500715
209,11,0.467136
209,12,0.531294
209,13,0.457620
209,14,0.461795
209,15,0.469661
210,1,0.533868
210,2,0.488479
210,3,0.492297
210,4,0.523598
210,5,0.512859
210,6,0.555161
210,7,0.547988
210,8,0.519457
210,9,0.486625
210,10,0.434589
210,11,0.446285
210,12,0.464920
210,13,0.475133
210,14,0.518987
210,15,0.547172
211,1,0.460183
211,2,0.501691
211,3,0.490088
211,4,0.452359
211,5,0.506369
211,6,0.463308
211,7,0.337107
211,8,0.301284
211,9,0.454919
211,10,0.497627
211,11,0.461608
211,12,0.521767
211,13,0.547988
211,14,0.523915
211,15,0.494256
212,1,0.549194
212,2,0.514847
212,3,0.528786
212,4,0.475950
212,5,0.000000
212,6,0.457720
212,7,0.495783
212,8,0.468327
212,9,0.397650
212,10,0.463899
212,11,0.453878
212,12,0.459859
212,13,0.456919
212,14,0.476463
212,15,0.461894
213,1,0.484707
213,2,0.515088
213,3,0.511946
213,4,0.523030
213,5,0.522850
213,6,0.564999
213,7,0.508776
213,8,0.509730
213,9,0.533140
213,10,0.496002
213,11,0.536737
213,12,0.533639
213,13,0.555422
213,14,0.442664
213,15,0.456919
214,1,0.485885
214,2,0.525419
214,3,0.472171
214,4,0.459939
214,5,0.411744
214,6,0.469876
214,7,0.533881
214,8,0.525746
214,9,0.458434
214,10,0.436940
214,11,0.498445
214,12,0.373648
214,13,0.405085
214,14,0.459320
214,15,0.463174
215,1,0.481214
215,2,0.498116
215,3,0.517685
215,4,0.503040
215,5,0.544441
215,6,0.453735
215,7,0.459268
215,8,0.524980
215,9,0.467557
215,10,0.502595
215,11,0.503017
215,12,0.535561
215,13,0.526538
215,14,0.487915
215,15,0.476590
216,1,0.535477
216,2,0.534661
216,3,0.457081
216,4,0.501915
216,5,0.526122
216,6,0.520664
216,7,0.534221
216,8,0.540846
216,9,0.466791
216,10,0.522515
216,11,0.535135
216,12,0.492966
216,13,0.535676
216,14,0.512745
216,15,0.498438
217,1,0.509792
217,2,0.520813
217,3,0.473521
217,4,0.506369
217,5,0.532248
217,6,0.497922
217,7,0.520006
217,8,0.457620
217,9,0.547988
217,10,0.566955
217,11,0.535252
217,12,0.519583
217,13,0.465951
217,14,0.279891
217,15,0.440142
218,1,0.495178
218,2,0.493689
218,3,0.507321
218,4,0.501399
218,5,0.533443
218,6,0.466988
218,7,0.493326
218,8,0.494255
218,9,0.485880
218,10,0.493922
218,11,0.470132
218,12,0.484655
218,13,0.456508
218,14,0.457743
218,15,0.489677
219,1,0.493637
219,2,0.533416
219,3,0.458510
219,4,0.439560
219,5,0.495892
219,6,0.512362
219,7,0.532814
219,8,0.526538
219,9,0.435590
219,10,0.525969
219,11,0.508753
219,12,0.487190
219,13,0.454974
219,14,0.453469
219,15,0.504669
220,1,0.453878
220,2,0.547988
220,3,0.554919
220,4,0.492131
220,5,0.370378
220,6,0.501691
220,7,0.522332
220,8,0.483348
220,9,0.477071
220,10,0.470468
220,11,0.472810
220,12,0.582009
220,13,0.541312
220,14,0.548068
220,15,0.521767
221,1,0.506438
221,2,0.579136
221,3,0.541848
221,4,0.469356
221,5,0.496391
221,6,0.513747
221,7,0.469999
221,8,0.485208
221,9,0.496008
221,10,0.503546
221,11,0.525818
221,12,0.575772
221,13,0.464739
221,14,0.502835
221,15,0.500469
222,1,0.535770
222,2,0.372586
222,3,0.459055
222,4,0.483348
222,5,0.463863
222,6,0.550870
222,7,0.523217
222,8,0.462949
222,9,0.499248
222,10,0.514107
222,11,0.511318
222,12,0.493370
222,13,0.497922
222,14,0.495181
222,15,0.376582
223,1,0.480236
223,2,0.460954
223,3,0.501076
223,4,0.374352
223,5,0.452202
223,6,0.464246
223,7,0.479365
223,8,0.520439
223,9,0.523562
223,10,0.465614
223,11,0.501566
223,12,0.463863
223,13,0.456814
223,14,0.492966
223,15,0.547996
224,1,0.498385
224,2,0.467553
224,3,0.485885
224,4,0.490102
224,5,0.475737
224,6,0.492995
224,7,0.464451
224,8,0.534184
224,9,0.543944
224,10,0.531067
224,11,0.494947
224,12,0.531429
224,13,0.369202
224,14,0.361462
224,15,0.444163
225,1,0.534661
225,2,0.497851
225,3,0.512949
225,4,0.524486
225,5,0.524644
225,6,0.457308
225,7,0.341334
225,8,0.454069
225,9,0.486751
225,10,0.467393
225,11,0.503559
225,12,0.523109
225,13,0.473188
225,14,0.561723
225,15,0.540772
226,1,0.524980
226,2,0.538416
226,3,0.480576
226,4,0.368684
226,5,0.457743
226,6,0.502595
226,7,0.213177
226,8,0.468327
226,9,0.514309
226,10,0.523751
226,11,0.459058
226,12,0.459204
226,13,0.364568
226,14,0.498850
226,15,0.368956
227,1,0.485603
227,2,0.478017
227,3,0.464416
227,4,0.442868
227,5,0.521591
227,6,0.514107
227,7,0.460362
227,8,0.501691
227,9,0.499226
227,10,0.535258
227,11,0.531259
227,12,0.531294
227,13,0.490456
227,14,0.497013
227,15,0.483348
228,1,0.533129
228,2,0.516493
228,3,0.458749
228,4,0.488028
228,5,0.512449
228,6,0.523915
228,7,0.498385
228,8,0.467342
228,9,0.442256
228,10,0.374814
228,11,0.480437
228,12,0.453441
228,13,0.510798
228,14,0.467503
228,15,0.436313
229,1,0.498575
229,2,0.374837
229,3,0.436313
229,4,0.470955
229,5,0.249634
229,6,0.574110
229,7,0.488311
229,8,0.468327
229,9,0.442137
229,10,0.582009
229,11,0.533408
229,12,0.469895
229,13,0.510233
229,14,0.464388
229,15,0.480839
230,1,0.473603
230,2,0.524980
230,3,0.476138
230,4,0.488479
230,5,0.546812
230,6,0.576623
230,7,0.510703
230,8,0.464367
230,9,0.432176
230,10,0.451025
230,11,0.455984
230,12,0.480514
230,13,0.547988
230,14,0.463174
230,15,0.520477
231,1,0.526637
231,2,0.536737
231,3,0.532774
231,4,0.545881
231,5,0.498445
231,6,0.495156
231,7,0.547075
231,8,0.464078
231,9,0.467471
231,10,0.548126
231,11,0.466702
231,12,0.484975
231,13,0.510393
231,14,0.493297
231,15,0.531488
232,1,0.500261
232,2,0.380913
232,3,0.256701
232,4,0.524980
232,5,0.254376
232,6,0.502791
232,7,0.497013
232,8,0.465550
232,9,0.000000
232,10,0.473996
232,11,0.453112
232,12,0.465255
232,13,0.480839
232,14,0.525634
232,15,0.504946
233,1,0.582009
233,2,0.575457
233,3,0.547988
233,4,0.467926
233,5,0.456857
233,6,0.468159
233,7,0.485413
233,8,0.546789
233,9,0.526122
233,10,0.490045
233,11,0.544948
233,12,0.495545
233,13,0.536737
233,14,0.532275
233,15,0.492320
234,1,0.474180
234,2,0.491458
234,3,0.472990
234,4,0.525634
234,5,0.491431
234,6,0.493834
234,7,0.511880
234,8,0.439058
234,9,0.311808
234,10,0.502499
234,11,0.466361
234,12,0.491670
234,13,0.547988
234,14,0.579701
234,15,0.534058
235,1,0.531964
235,2,0.463652
235,3,0.256701
235,4,0.466679
235,5,0.496946
235,6,0.441741
235,7,0.368101
235,8,0.441473
235,9,0.523915
235,10,0.459058
235,11,0.493468
235,12,0.535002
235,13,0.544236
235,14,0.526299
235,15,0.458558
236,1,0.459366
236,2,0.501691
236,3,0.533129
236,4,0.517633
236,5,0.463013
236,6,0.494080
236,7,0.462914
236,8,0.442256
236,9,0.470706
236,10,0.511528
236,11,0.549866
236,12,0.520984
236,13,0.465179
236,14,0.490652
236,15,0.483348
237,1,0.453424
237,2,0.492966
237,3,0.574110
237,4,0.493297
237,5,0.505655
237,6,0.487543
237,7,0.522955
237,8,0.495181
237,9,0.544594
237,10,0.504359
237,11,0.522296
237,12,0.515584
237,13,0.476504
237,14,0.548345
237,15,0.540145
238,1,0.369772
238,2,0.451120
238,3,0.485829
238,4,0.478712
238,5,0.469140
238,6,0.471671
238,7,0.525831
238,8,0.522955
238,9,0.548550
238,10,0.492786
238,11,0.460145
238,12,0.555879
238,13,0.509977
238,14,0.492966
238,15,0.498445
239,1,0.522955
239,2,0.475598
239,3,0.520497
239,4,0.513312
239,5,0.369242
239,6,0.501068
239,7,0.515190
239,8,0.466846
239,9,0.494110
239,10,0.485880
239,11,0.531079
239,12,0.453502
239,13,0.521767
239,14,0.474789
239,15,0.501068
240,1,0.487376
240,2,0.488479
240,3,0.564999
240,4,0.468327
240,5,0.497101
240,6,0.493029
240,7,0.521767
240,8,0.526170
240,9,0.535097
240,10,0.516067
240,11,0.522940
240,12,0.479900
240,13,0.465088
240,14,0.579701
240,15,0.540988
241,1,0.523868
241,2,0.522955
241,3,0.464966
241,4,0.513335
241,5,0.459933
241,6,0.459244
241,7,0.363868
241,8,0.459056
241,9,0.463174
241,10,0.547988
241,11,0.537712
241,12,0.547988
241,13,0.521623
241,14,0.532282
241,15,0.557856
242,1,0.314781
242,2,0.501076
242,3,0.535135
242,4,0.442102
242,5,0.492966
242,6,0.493297
242,7,0.521767
242,8,0.525419
242,9,0.492966
242,10,0.549194
242,11,0.515801
242,12,0.464209
242,13,0.461057
242,14,0.202543
242,15,0.456919
243,1,0.536466
243,2,0.515190
243,3,0.467157
243,4,0.252061
243,5,0.502479
243,6,0.492163
243,7,0.532282
243,8,0.469356
243,9,0.492746
243,10,0.397650
243,11,0.467136
243,12,0.492966
243,13,0.397650
243,14,0.535889
243,15,0.458592
244,1,0.474456
244,2,0.508191
244,3,0.475211
244,4,0.504429
244,5,0.497695
244,6,0.495408
244,7,0.548494
244,8,0.522090
244,9,0.548126
244,10,0.441839
244,11,0.465727
244,12,0.435612
244,13,0.514648
244,14,0.504418
244,15,0.486625
245,1,0.434589
245,2,0.455543
245,3,0.441820
245,4,0.374937
245,5,0.493959
245,6,0.534108
245,7,0.504237
245,8,0.533868
245,9,0.536499
245,10,0.549676
245,11,0.510891
245,12,0.434589
245,13,0.454833
245,14,0.486446
245,15,0.527385
246,1,0.464872
246,2,0.553205
246,3,0.531234
246,4,0.470163
246,5,0.456857
246,6,0.492966
246,7,0.498979
246,8,0.456173
246,9,0.502835
246,10,0.531964
246,11,0.492966
246,12,0.489306
246,13,0.498184
246,14,0.522940
246,15,0.523212
247,1,0.471671
247,2,0.478881
247,3,0.477757
247,4,0.466679
247,5,0.455031
247,6,0.480839
247,7,0.532657
247,8,0.493703
247,9,0.304077
247,10,0.462778
247,11,0.465960
247,12,0.492123
247,13,0.463451
247,14,0.469548
247,15,0.364468
248,1,0.437995
248,2,0.536466
248,3,0.479426
248,4,0.375531
248,5,0.478568
248,6,0.524795
248,7,0.463174
248,8,0.463863
248,9,0.577407
248,10,0.577435
248,11,0.547988
248,12,0.535569
248,13,0.534946
248,14,0.579701
248,15,0.495444
249,1,0.498445
249,2,0.536737
249,3,0.460733
249,4,0.501915
249,5,0.517217
249,6,0.489961
249,7,0.532758
249,8,0.458032
249,9,0.361733
249,10,0.469661
249,11,0.470706
249,12,0.202543
249,13,0.254376
249,14,0.513402
249,15,0.525634
250,1,0.534661
250,2,0.511358
250,3,0.475083
250,4,0.374051
250,5,0.441820
250,6,0.483348
250,7,0.464246
250,8,0.522492
250,9,0.356093
250,10,0.496233
250,11,0.504331
250,12,0.508110
250,13,0.479538
250,14,0.523149
250,15,0.534607
251,1,0.516007
251,2,0.535636
251,3,0.342141
251,4,0.501068
251,5,0.522332
251,6,0.574110
251,7,0.488479
251,8,0.531300
251,9,0.507302
251,10,0.523915
251,11,0.488479
251,12,0.462216
251,13,0.451338
251,14,0.473996
251,15,0.499410
252,1,0.473996
252,2,0.473996
252,3,0.487670
252,4,0.506745
252,5,0.532824
252,6,0.499514
252,7,0.472218
252,8,0.505057
252,9,0.505359
252,10,0.526295
252,11,0.547988
252,12,0.546088
252,13,0.515591
252,14,0.526538
252,15,0.472804
253,1,0.533032
253,2,0.552379
253,3,0.525746
253,4,0.517394
253,5,0.515591
253,6,0.531964
253,7,0.496465
253,8,0.546623
253,9,0.461863
253,10,0.486625
253,11,0.487543
253,12,0.535561
253,13,0.496160
253,14,0.508587
253,15,0.531355
254,1,0.534008
254,2,0.582009
254,3,0.488479
254,4,0.457620
254,5,0.473168
254,6,0.458539
254,7,0.453112
254,8,0.457338
254,9,0.502064
254,10,0.462087
254,11,0.574110
254,12,0.492966
254,13,0.498445
254,14,0.493297
254,15,0.462913
255,1,0.459244
255,2,0.450025
255,3,0.443745
255,4,0.534894
255,5,0.520477
255,6,0.522955
255,7,0.462791
255,8,0.451927
255,9,0.525831
255,10,0.371879
255,11,0.473797
255,12,0.526272
255,13,0.459428
255,14,0.459087
255,15,0.452673
256,1,0.485783
256,2,0.475058
256,3,0.522940
256,4,0.524296
256,5,0.512449
256,6,0.493922
256,7,0.491859
256,8,0.548044
256,9,0.426354
256,10,0.497424
256,11,0.493637
256,12,0.521767
256,13,0.492966
256,14,0.516929
256,15,0.472878
257,1,0.476274
257,2,0.522955
257,3,0.536737
257,4,0.493800
257,5,0.465019
257,6,0.456067
257,7,0.544634
257,8,0.526122
257,9,0.520664
257,10,0.459310
257,11,0.453266
257,12,0.459244
257,13,0.574110
257,14,0.511538
257,15,0.499335
258,1,0.431515
258,2,0.491477
258,3,0.505204
258,4,0.522257
258,5,0.518965
258,6,0.470776
258,7,0.523348
258,8,0.335713
258,9,0.548411
258,10,0.510891
258,11,0.488733
258,12,0.491323
258,13,0.370415
258,14,0.498822
258,15,0.511213
259,1,0.508885
259,2,0.518246
259,3,0.533703
259,4,0.531005
259,5,0.489181
259,6,0.518313
259,7,0.460134
259,8,0.454637
259,9,0.471205
259,10,0.485647
259,11,0.532649
259,12,0.468360
259,13,0.362783
259,14,0.452823
259,15,0.452331
260,1,0.473996
260,2,0.483348
260,3,0.493297
260,4,0.548001
260,5,0.441741
260,6,0.467425
260,7,0.503250
260,8,0.464246
260,9,0.539444
260,10,0.536015
260,11,0.449876
260,12,0.498357
260,13,0.522940
260,14,0.458637
260,15,0.488028
261,1,0.515823
261,2,0.532275
261,3,0.464209
261,4,0.461057
261,5,0.503853
261,6,0.213177
261,7,0.334839
261,8,0.497424
261,9,0.524980
261,10,0.515823
261,11,0.510891
261,12,0.515813
261,13,0.522940
261,14,0.534329
261,15,0.526708
262,1,0.466248
262,2,0.362783
262,3,0.455713
262,4,0.527061
262,5,0.488479
262,6,0.457081
262,7,0.503250
262,8,0.531964
262,9,0.509977
262,10,0.515707
262,11,0.510903
262,12,0.510381
262,13,0.459797
262,14,0.436313
262,15,0.000000
263,1,0.548001
263,2,0.508429
263,3,0.462827
263,4,0.437598
263,5,0.466664
263,6,0.466211
263,7,0.466572
263,8,0.438866
263,9,0.456067
263,10,0.513747
263,11,0.531964
263,12,0.463652
263,13,0.449611
263,14,0.497069
263,15,0.532751
264,1,0.534221
264,2,0.547988
264,3,0.522483
264,4,0.493922
264,5,0.535602
264,6,0.467387
264,7,0.524004
264,8,0.480839
264,9,0.533129
264,10,0.522850
264,11,0.495429
264,12,0.490956
264,13,0.506677
264,14,0.582009
264,15,0.461602
265,1,0.451297
265,2,0.462989
265,3,0.461192
265,4,0.411744
265,5,0.504874
265,6,0.493545
265,7,0.492491
265,8,0.517390
265,9,0.575087
265,10,0.467433
265,11,0.453878
265,12,0.464175
265,13,0.515668
265,14,0.494081
265,15,0.534058
266,1,0.488352
266,2,0.464786
266,3,0.453469
266,4,0.470163
266,5,0.526433
266,6,0.465302
266,7,0.494538
266,8,0.486493
266,9,0.547988
266,10,0.521623
266,11,0.481797
266,12,0.452280
266,13,0.453644
266,14,0.506438
266,15,0.486958
267,1,0.313643
267,2,0.483348
267,3,0.471887
267,4,0.498658
267,5,0.535561
267,6,0.495156
267,7,0.533704
267,8,0.514624
267,9,0.530367
267,10,0.397650
267,11,0.530367
267,12,0.493637
267,13,0.485880
267,14,0.493297
267,15,0.534946
268,1,0.531300
268,2,0.452414
268,3,0.498659
268,4,0.493297
268,5,0.472354
268,6,0.202543
268,7,0.466900
268,8,0.456857
268,9,0.467179
268,10,0.380913
268,11,0.343479
268,12,0.456919
268,13,0.444428
268,14,0.493604
268,15,0.510703
269,1,0.510891
269,2,0.505408
269,3,0.476861
269,4,0.511715
269,5,0.498445
269,6,0.549194
269,7,0.493297
269,8,0.434589
269,9,0.466726
269,10,0.492320
269,11,0.522955
269,12,0.492954
269,13,0.531429
269,14,0.467573
269,15,0.536279
270,1,0.526222
270,2,0.472804
270,3,0.526170
270,4,0.469856
270,5,0.486708
270,6,0.510055
270,7,0.466330
270,8,0.476903
270,9,0.468166
270,10,0.456665
270,11,0.453154
270,12,0.481083
270,13,0.534661
270,14,0.534846
270,15,0.574110
271,1,0.531838
271,2,0.495444
271,3,0.498445
271,4,0.549194
271,5,0.492795
271,6,0.455982
271,7,0.499462
271,8,0.397650
271,9,0.532880
271,10,0.532901
271,11,0.457081
271,12,0.495646
271,13,0.434589
271,14,0.518478
271,15,0.542640
272,1,0.575772
272,2,0.555135
272,3,0.577891
272,4,0.521767
272,5,0.520477
272,6,0.535252
272,7,0.523149
272,8,0.461056
272,9,0.480437
272,10,0.524980
272,11,0.459162
272,12,0.334611
272,13,0.439149
272,14,0.507773
272,15,0.494729
273,1,0.458746
273,2,0.491712
273,3,0.501466
273,4,0.533199
273,5,0.525110
273,6,0.491894
273,7,0.548411
273,8,0.441741
273,9,0.486394
273,10,0.465960
273,11,0.485613
273,12,0.521767
273,13,0.508776
273,14,0.536609
273,15,0.498445
274,1,0.548001
274,2,0.473393
274,3,0.456857
274,4,0.501753
274,5,0.488303
274,6,0.461105
274,7,0.451971
274,8,0.363868
274,9,0.471449
274,10,0.489596
274,11,0.454104
274,12,0.547810
274,13,0.505408
274,14,0.473996
274,15,0.458136
275,1,0.503536
275,2,0.415719
275,3,0.440054
275,4,0.495429
275,5,0.533443
275,6,0.498445
275,7,0.484272
275,8,0.498659
275,9,0.459058
275,10,0.367741
275,11,0.364468
275,12,0.411744
275,13,0.420338
275,14,0.457743
275,15,0.484200
276,1,0.532248
276,2,0.486625
276,3,0.518965
276,4,0.380913
276,5,0.575973
276,6,0.536344
276,7,0.523075
276,8,0.531355
276,9,0.491406
276,10,0.486128
276,11,0.434589
276,12,0.537648
276,13,0.575087
276,14,0.434589
276,15,0.527096
277,1,0.471671
277,2,0.478474
277,3,0.485647
277,4,0.473996
277,5,0.447393
277,6,0.523751
277,7,0.468322
277,8,0.485188
277,9,0.531680
277,10,0.371889
277,11,0.504238
277,12,0.536466
277,13,0.496972
277,14,0.000000
277,15,0.463451
278,1,0.488479
278,2,0.446879
278,3,0.467425
278,4,0.459244
278,5,0.452355
278,6,0.495155
278,7,0.492304
278,8,0.483527
278,9,0.289726
278,10,0.453159
278,11,0.446165
278,12,0.462894
278,13,0.468894
278,14,0.500348
278,15,0.500525
279,1,0.490460
279,2,0.457620
279,3,0.423561
279,4,0.510919
279,5,0.535477
279,6,0.537742
279,7,0.523275
279,8,0.521309
279,9,0.507051
279,10,0.447198
279,11,0.478025
279,12,0.462364
279,13,0.250417
279,14,0.513768
279,15,0.497013
280,1,0.494821
280,2,0.548550
280,3,0.439612
280,4,0.535770
280,5,0.524886
280,6,0.446905
280,7,0.455955
280,8,0.473405
280,9,0.471671
280,10,0.498991
280,11,0.466679
280,12,0.447932
280,13,0.483348
280,14,0.524980
280,15,0.477610
281,1,0.501068
281,2,0.380913
281,3,0.466679
281,4,0.525421
281,5,0.484200
281,6,0.514986
281,7,0.520256
281,8,0.512019
281,9,0.514134
281,10,0.524647
281,11,0.487903
281,12,0.527474
281,13,0.525987
281,14,0.474496
281,15,0.456857
282,1,0.482941
282,2,0.516720
282,3,0.531669
282,4,0.522850
282,5,0.466248
282,6,0.362783
282,7,0.471584
282,8,0.520973
282,9,0.503323
282,10,0.464909
282,11,0.453112
282,12,0.465255
282,13,0.441341
282,14,0.459465
282,15,0.514574
283,1,0.533129
283,2,0.531355
283,3,0.458895
283,4,0.461057
283,5,0.458023
283,6,0.493695
283,7,0.464222
283,8,0.504111
283,9,0.464872
283,10,0.440541
283,11,0.487321
283,12,0.510891
283,13,0.522850
283,14,0.473956
283,15,0.338426
284,1,0.464125
284,2,0.246251
284,3,0.508967
284,4,0.502791
284,5,0.574598
284,6,0.486625
284,7,0.452819
284,8,0.442868
284,9,0.501756
284,10,0.528706
284,11,0.442664
284,12,0.482511
284,13,0.536737
284,14,0.523149
284,15,0.525419
285,1,0.514134
285,2,0.468037
285,3,0.480839
285,4,0.306248
285,5,0.469556
285,6,0.467926
285,7,0.459058
285,8,0.461795
285,9,0.445423
285,10,0.480438
285,11,0.578040
285,12,0.492320
285,13,0.522955
285,14,0.508441
285,15,0.495545
286,1,0.501399
286,2,0.524201
286,3,0.434589
286,4,0.432268
286,5,0.438098
286,6,0.475747
286,7,0.451801
286,8,0.437995
286,9,0.534468
286,10,0.463863
286,11,0.522955
286,12,0.542630
286,13,0.575457
286,14,0.579640
286,15,0.547988
287,1,0.536720
287,2,0.535366
287,3,0.521767
287,4,0.498445
287,5,0.549194
287,6,0.476376
287,7,0.498445
287,8,0.536737
287,9,0.456381
287,10,0.480839
287,11,0.473603
287,12,0.525831
287,13,0.522955
287,14,0.452414
287,15,0.376611
288,1,0.464733
288,2,0.523915
288,3,0.470163
288,4,0.502595
288,5,0.526122
288,6,0.483920
288,7,0.516271
288,8,0.498385
288,9,0.547224
288,10,0.492148
288,11,0.546060
288,12,0.488479
288,13,0.491204
288,14,0.456119
288,15,0.486420
289,1,0.500948
289,2,0.473521
289,3,0.546376
289,4,0.533703
289,5,0.561842
289,6,0.467439
289,7,0.525421
289,8,0.515801
289,9,0.534221
289,10,0.473956
289,11,0.536499
289,12,0.455038
289,13,0.449353
289,14,0.453644
289,15,0.515823
290,1,0.488479
290,2,0.462291
290,3,0.488667
290,4,0.513747
290,5,0.525495
290,6,0.465932
290,7,0.371566
290,8,0.501068
290,9,0.475624
290,10,0.494538
290,11,0.461328
290,12,0.362526
290,13,0.503853
290,14,0.526542
290,15,0.311342
291,1,0.503561
291,2,0.360939
291,3,0.462491
291,4,0.457743
291,5,0.450025
291,6,0.504481
291,7,0.515097
291,8,0.488479
291,9,0.521767
291,10,0.457858
291,11,0.474936
291,12,0.467071
291,13,0.436632
291,14,0.481891
291,15,0.510808
292,1,0.535561
292,2,0.369307
292,3,0.361733
292,4,0.470955
292,5,0.337390
292,6,0.434589
292,7,0.481027
292,8,0.514459
292,9,0.458434
292,10,0.492746
292,11,0.517627
292,12,0.455372
292,13,0.493637
292,14,0.467158
292,15,0.524495
293,1,0.476376
293,2,0.523265
293,3,0.465281
293,4,0.460094
293,5,0.483694
293,6,0.522332
293,7,0.491395
293,8,0.564999
293,9,0.472171
293,10,0.497737
293,11,0.525419
293,12,0.515591
293,13,0.499127
293,14,0.579136
293,15,0.548327
294,1,0.467794
294,2,0.454374
294,3,0.478811
294,4,0.470163
294,5,0.504638
294,6,0.473469
294,7,0.476548
294,8,0.457743
294,9,0.463210
294,10,0.502595
294,11,0.499683
294,12,0.488479
294,13,0.457620
294,14,0.488311
294,15,0.468327
295,1,0.501691
295,2,0.488097
295,3,0.526467
295,4,0.465385
295,5,0.470736
295,6,0.479866
295,7,0.476248
295,8,0.483348
295,9,0.535561
295,10,0.460733
295,11,0.453469
295,12,0.476702
295,13,0.491531
295,14,0.470132
295,15,0.582009
296,1,0.473996
296,2,0.488479
296,3,0.491819
296,4,0.533129
296,5,0.488479
296,6,0.459679
296,7,0.453469
296,8,0.511288
296,9,0.372355
296,10,0.444126
296,11,0.499727
296,12,0.463863
296,13,0.473996
296,14,0.526433
296,15,0.486249
297,1,0.525419
297,2,0.375664
297,3,0.489589
297,4,0.520260
297,5,0.466988
297,6,0.455730
297,7,0.493650
297,8,0.495780
297,9,0.501399
297,10,0.460581
297,11,0.544752
297,12,0.457902
297,13,0.455147
297,14,0.531819
297,15,0.286981
298,1,0.202543
298,2,0.513768
298,3,0.488479
298,4,0.480154
298,5,0.513402
298,6,0.574110
298,7,0.533703
298,8,0.471671
298,9,0.483348
298,10,0.486131
298,11,0.492297
298,12,0.520241
298,13,0.372705
298,14,0.501691
298,15,0.492966
299,1,0.548411
299,2,0.533703
299,3,0.475634
299,4,0.483348
299,5,0.498772
299,6,0.465560
299,7,0.543035
299,8,0.511318
299,9,0.478263
299,10,0.472419
299,11,0.380913
299,12,0.546486
299,13,0.481983
299,14,0.534946
299,15,0.493297
300,1,0.531300
300,2,0.486625
300,3,0.533443
300,4,0.517681
300,5,0.467688
300,6,0.456067
300,7,0.501756
300,8,0.493637
300,9,0.492524
300,10,0.463750
300,11,0.467711
300,12,0.301782
300,13,0.477357
300,14,0.448264
300,15,0.502595
301,1,0.459056
301,2,0.492966
301,3,0.498445
301,4,0.468327
301,5,0.405085
301,6,0.497469
301,7,0.498445
301,8,0.465485
301,9,0.495319
301,10,0.481941
301,11,0.479102
301,12,0.550877
301,13,0.477695
301,14,0.523235
301,15,0.520611
302,1,0.532275
302,2,0.522850
302,3,0.495429
302,4,0.531236
302,5,0.476064
302,6,0.523424
302,7,0.578040
302,8,0.469356
302,9,0.525831
302,10,0.488893
302,11,0.518904
302,12,0.463019
302,13,0.499687
302,14,0.496465
302,15,0.533660
303,1,0.470207
303,2,0.451113
303,3,0.467955
303,4,0.519773
303,5,0.577766
303,6,0.457719
303,7,0.454833
303,8,0.465385
303,9,0.484581
303,10,0.458746
303,11,0.463156
303,12,0.464246
303,13,0.480839
303,14,0.465057
303,15,0.466713
304,1,0.525831
304,2,0.547988
304,3,0.472542
304,4,0.437995
304,5,0.476482
304,6,0.452601
304,7,0.466679
304,8,0.540239
304,9,0.515676
304,10,0.531964
304,11,0.515707
304,12,0.474163
304,13,0.352208
304,14,0.466928
304,15,0.454104
305,1,0.535561
305,2,0.531964
305,3,0.469194
305,4,0.493297
305,5,0.472955
305,6,0.461795
305,7,0.454104
305,8,0.513402
305,9,0.536466
305,10,0.520477
305,11,0.498445
305,12,0.480824
305,13,0.467158
305,14,0.497287
305,15,0.522332
306,1,0.533868
306,2,0.495638
306,3,0.485880
306,4,0.542814
306,5,0.462177
306,6,0.456857
306,7,0.467711
306,8,0.525421
306,9,0.466679
306,10,0.455998
306,11,0.520116
306,12,0.535135
306,13,0.464078
306,14,0.468327
306,15,0.480236
307,1,0.483348
307,2,0.475782
307,3,0.498445
307,4,0.473504
307,5,0.434060
307,6,0.534468
307,7,0.522332
307,8,0.534607
307,9,0.531964
307,10,0.492966
307,11,0.497711
307,12,0.466048
307,13,0.456857
307,14,0.483348
307,15,0.541156
308,1,0.489060
308,2,0.535922
308,3,0.522955
308,4,0.534607
308,5,0.459795
308,6,0.484276
308,7,0.508811
308,8,0.515823
308,9,0.523217
308,10,0.488352
308,11,0.515813
308,12,0.471671
308,13,0.488028
308,14,0.480839
308,15,0.469123
309,1,0.513326
309,2,0.518310
309,3,0.519650
309,4,0.523265
309,5,0.532282
309,6,0.525622
309,7,0.485966
309,8,0.525419
309,9,0.543452
309,10,0.488479
309,11,0.498995
309,12,0.524486
309,13,0.488479
309,14,0.532320
309,15,0.397650
310,1,0.492995
310,2,0.486625
310,3,0.491852
310,4,0.488697
310,5,0.539966
310,6,0.487284
310,7,0.466679
310,8,0.504821
310,9,0.513670
310,10,0.472792
310,11,0.485318
310,12,0.477969
310,13,0.536466
310,14,0.526538
310,15,0.489134
311,1,0.466401
311,2,0.499687
311,3,0.547988
311,4,0.467637
311,5,0.461057
311,6,0.493314
311,7,0.547988
311,8,0.493297
311,9,0.506117
311,10,0.493637
311,11,0.548001
311,12,0.515813
311,13,0.476399
311,14,0.368684
311,15,0.487953
312,1,0.574110
312,2,0.514624
312,3,0.476432
312,4,0.523149
312,5,0.463043
312,6,0.352208
312,7,0.526324
312,8,0.522092
312,9,0.506438
312,10,0.374585
312,11,0.502374
312,12,0.498628
312,13,0.511810
312,14,0.521036
312,15,0.522955
313,1,0.498659
313,2,0.500983
313,3,0.549040
313,4,0.493297
313,5,0.457620
313,6,0.525421
313,7,0.488499
313,8,0.547517
313,9,0.456385
313,10,0.483348
313,11,0.498772
313,12,0.513402
313,13,0.450901
313,14,0.456857
313,15,0.525419
314,1,0.465614
314,2,0.456919
314,3,0.479445
314,4,0.457512
314,5,0.374954
314,6,0.503636
314,7,0.532275
314,8,0.311119
314,9,0.463013
314,10,0.370369
314,11,0.454115
314,12,0.472494
314,13,0.487670
314,14,0.465819
314,15,0.498171
315,1,0.546195
315,2,0.526467
315,3,0.443065
315,4,0.521063
315,5,0.553725
315,6,0.525746
315,7,0.514134
315,8,0.526170
315,9,0.521623
315,10,0.521309
315,11,0.459086
315,12,0.457061
315,13,0.477894
315,14,0.507642
315,15,0.536466
316,1,0.472980
316,2,0.446147
316,3,0.457743
316,4,0.466928
316,5,0.397650
316,6,0.548001
316,7,0.547988
316,8,0.475884
316,9,0.454104
316,10,0.466679
316,11,0.485571
316,12,0.525634
316,13,0.466679
316,14,0.486415
316,15,0.452092
317,1,0.469830
317,2,0.466278
317,3,0.428565
317,4,0.452176
317,5,0.485603
317,6,0.438214
317,7,0.466679
317,8,0.483348
317,9,0.489813
317,10,0.475550
317,11,0.458400
317,12,0.535962
317,13,0.532509
317,14,0.458120
317,15,0.448002
318,1,0.504655
318,2,0.496900
318,3,0.536759
318,4,0.370418
318,5,0.487804
318,6,0.458829
318,7,0.525831
318,8,0.478474
318,9,0.472585
318,10,0.468721
318,11,0.500611
318,12,0.540846
318,13,0.514032
318,14,0.488479
318,15,0.495780
319,1,0.434589
319,2,0.520651
319,3,0.508550
319,4,0.495181
319,5,0.530029
319,6,0.468428
319,7,0.487234
319,8,0.513747
319,9,0.438795
319,10,0.471671
319,11,0.451927
319,12,0.473777
319,13,0.525831
319,14,0.511496
319,15,0.434096
320,1,0.461952
320,2,0.489271
320,3,0.446573
320,4,0.470219
320,5,0.506117
320,6,0.493959
320,7,0.585922
320,8,0.534946
320,9,0.374352
320,10,0.503250
320,11,0.486493
320,12,0.240325
320,13,0.514107
320,14,0.519088
320,15,0.504279
321,1,0.515821
321,2,0.486625
321,3,0.488451
321,4,0.380913
321,5,0.524980
321,6,0.376611
321,7,0.483348
321,8,0.463546
321,9,0.464246
321,10,0.489446
321,11,0.526170
321,12,0.498901
321,13,0.447372
321,14,0.547517
321,15,0.467553
322,1,0.535135
322,2,0.480839
322,3,0.472434
322,4,0.464451
322,5,0.524980
322,6,0.549194
322,7,0.465778
322,8,0.483348
322,9,0.467158
322,10,0.450025
322,11,0.500704
322,12,0.504218
322,13,0.477949
322,14,0.532649
322,15,0.521813
323,1,0.526667
323,2,0.515591
323,3,0.547988
323,4,0.522955
323,5,0.514134
323,6,0.474964
323,7,0.524644
323,8,0.492148
323,9,0.468278
323,10,0.451927
323,11,0.533558
323,12,0.508885
323,13,0.509977
323,14,0.457956
323,15,0.460640
324,1,0.353563
324,2,0.451071
324,3,0.479350
324,4,0.484690
324,5,0.534661
324,6,0.526538
324,7,0.514856
324,8,0.511358
324,9,0.470918
324,10,0.472419
324,11,0.547988
324,12,0.487161
324,13,0.524679
324,14,0.305600
324,15,0.479272
325,1,0.463174
325,2,0.454997
325,3,0.501076
325,4,0.531300
325,5,0.467573
325,6,0.534329
325,7,0.359486
325,8,0.480839
325,9,0.510648
325,10,0.380913
325,11,0.539533
325,12,0.535135
325,13,0.515707
325,14,0.471671
325,15,0.485386
326,1,0.493959
326,2,0.475455
326,3,0.453424
326,4,0.461813
326,5,0.456857
326,6,0.454911
326,7,0.483348
326,8,0.493297
326,9,0.474180
326,10,0.459558
326,11,0.485092
326,12,0.485318
326,13,0.446717
326,14,0.457620
326,15,0.504942
327,1,0.459558
327,2,0.301973
327,3,0.454104
327,4,0.471671
327,5,0.473797
327,6,0.467425
327,7,0.550275
327,8,0.450616
327,9,0.411744
327,10,0.217294
327,11,0.535561
327,12,0.530627
327,13,0.467553
327,14,0.490635
327,15,0.526170
328,1,0.536737
328,2,0.495444
328,3,0.498445
328,4,0.535770
328,5,0.488479
328,6,0.457620
328,7,0.521767
328,8,0.467830
328,9,0.498659
328,10,0.442102
328,11,0.482255
328,12,0.535135
328,13,0.468761
328,14,0.452406
328,15,0.466679
329,1,0.473996
329,2,0.493786
329,3,0.533129
329,4,0.526122
329,5,0.514856
329,6,0.531294
329,7,0.453502
329,8,0.469215
329,9,0.480650
329,10,0.530359
329,11,0.522850
329,12,0.523265
329,13,0.506438
329,14,0.534939
329,15,0.463081
330,1,0.453160
330,2,0.464046
330,3,0.501076
330,4,0.480839
330,5,0.531300
330,6,0.452414
330,7,0.523559
330,8,0.493637
330,9,0.472501
330,10,0.485880
330,11,0.527888
330,12,0.493922
330,13,0.457620
330,14,0.396328
330,15,0.498746
331,1,0.488479
331,2,0.457456
331,3,0.354876
331,4,0.459056
331,5,0.451927
331,6,0.478039
331,7,0.446882
331,8,0.485915
331,9,0.526433
331,10,0.535135
331,11,0.533703
331,12,0.473956
331,13,0.473393
331,14,0.279891
331,15,0.447546
332,1,0.217294
332,2,0.481201
332,3,0.499388
332,4,0.524679
332,5,0.492995
332,6,0.471098
332,7,0.443675
332,8,0.512648
332,9,0.574110
332,10,0.380913
332,11,0.488479
332,12,0.353875
332,13,0.472419
332,14,0.457743
332,15,0.458219
333,1,0.397650
333,2,0.434589
333,3,0.492966
333,4,0.493297
333,5,0.461444
333,6,0.354314
333,7,0.487670
333,8,0.524795
333,9,0.512449
333,10,0.492966
333,11,0.493297
333,12,0.472354
333,13,0.509328
333,14,0.465601
333,15,0.454740
334,1,0.471115
334,2,0.506369
334,3,0.468377
334,4,0.457512
334,5,0.498556
334,6,0.460755
334,7,0.458539
334,8,0.471671
334,9,0.481252
334,10,0.454104
334,11,0.524980
334,12,0.523777
334,13,0.457365
334,14,0.498950
334,15,0.522955
335,1,0.359620
335,2,0.516905
335,3,0.353144
335,4,0.493006
335,5,0.248004
335,6,0.534108
335,7,0.453441
335,8,0.462502
335,9,0.521122
335,10,0.535669
335,11,0.536737
335,12,0.434589
335,13,0.461524
335,14,0.501915
335,15,0.492148
336,1,0.361351
336,2,0.361690
336,3,0.481419
336,4,0.476124
336,5,0.547988
336,6,0.471292
336,7,0.486625
336,8,0.493637
336,9,0.493029
336,10,0.521767
336,11,0.486625
336,12,0.380913
336,13,0.314447
336,14,0.466679
336,15,0.534946
337,1,0.464209
337,2,0.463792
337,3,0.503853
337,4,0.526122
337,5,0.532667
337,6,0.520124
337,7,0.498445
337,8,0.521063
337,9,0.380913
337,10,0.535135
337,11,0.491392
337,12,0.510050
337,13,0.434096
337,14,0.524937
337,15,0.492966
338,1,0.496995
338,2,0.517395
338,3,0.463701
338,4,0.507222
338,5,0.453441
338,6,0.452700
338,7,0.457562
338,8,0.483348
338,9,0.509205
338,10,0.526170
338,11,0.466988
338,12,0.445082
338,13,0.488303
338,14,0.354328
338,15,0.489271
339,1,0.341859
339,2,0.411744
339,3,0.505510
339,4,0.469689
339,5,0.453469
339,6,0.463659
339,7,0.405085
339,8,0.305162
339,9,0.526433
339,10,0.507394
339,11,0.472171
339,12,0.535770
339,13,0.370973
339,14,0.451927
339,15,0.533558
340,1,0.515190
340,2,0.506560
340,3,0.468564
340,4,0.483238
340,5,0.503268
340,6,0.494620
340,7,0.523265
340,8,0.443065
340,9,0.489518
340,10,0.532123
340,11,0.521155
340,12,0.516113
340,13,0.471848
340,14,0.453469
340,15,0.514107
341,1,0.534661
341,2,0.510891
341,3,0.531964
341,4,0.472977
341,5,0.463428
341,6,0.511715
341,7,0.488479
341,8,0.536737
341,9,0.535135
341,10,0.526467
341,11,0.510903
341,12,0.501863
341,13,0.482253
341,14,0.456857
341,15,0.511715
342,1,0.483348
342,2,0.574110
342,3,0.496331
342,4,0.380913
342,5,0.531300
342,6,0.472171
342,7,0.397650
342,8,0.526170
342,9,0.564999
342,10,0.469356
342,11,0.465707
342,12,0.480839
342,13,0.458625
342,14,0.483636
342,15,0.507850
343,1,0.498445
343,2,0.355045
343,3,0.464246
343,4,0.480001
343,5,0.462269
343,6,0.478098
343,7,0.464046
343,8,0.488672
343,9,0.471811
343,10,0.499687
343,11,0.509977
343,12,0.426354
343,13,0.488479
343,14,0.468157
343,15,0.498527
344,1,0.482572
344,2,0.452701
344,3,0.547988
344,4,0.492966
344,5,0.468876
344,6,0.487234
344,7,0.519925
344,8,0.525495
344,9,0.472171
344,10,0.465311
344,11,0.481487
344,12,0.513747
344,13,0.467503
344,14,0.488499
344,15,0.473603
345,1,0.461400
345,2,0.460981
345,3,0.501603
345,4,0.359795
345,5,0.466679
345,6,0.479611
345,7,0.458651
345,8,0.501515
345,9,0.481361
345,10,0.515290
345,11,0.525746
345,12,0.533443
345,13,0.536505
345,14,0.548438
345,15,0.471671
346,1,0.464594
346,2,0.484975
346,3,0.501787
346,4,0.453502
346,5,0.540239
346,6,0.483348
346,7,0.541156
346,8,0.514624
346,9,0.469123
346,10,0.352208
346,11,0.494431
346,12,0.564999
346,13,0.577435
346,14,0.456420
346,15,0.453680
347,1,0.543019
347,2,0.510869
347,3,0.441741
347,4,0.491204
347,5,0.464246
347,6,0.469118
347,7,0.505720
347,8,0.464175
347,9,0.475257
347,10,0.536466
347,11,0.454104
347,12,0.508191
347,13,0.459012
347,14,0.458266
347,15,0.534946
348,1,0.471671
348,2,0.525546
348,3,0.522955
348,4,0.464251
348,5,0.451927
348,6,0.470955
348,7,0.427494
348,8,0.493959
348,9,0.536737
348,10,0.469352
348,11,0.508843
348,12,0.473593
348,13,0.507288
348,14,0.531783
348,15,0.502064
349,1,0.532649
349,2,0.519925
349,3,0.530240
349,4,0.522955
349,5,0.534607
349,6,0.532275
349,7,0.470846
349,8,0.361866
349,9,0.480839
349,10,0.574110
349,11,0.527888
349,12,0.511455
349,13,0.445859
349,14,0.498659
349,15,0.505219
350,1,0.426354
350,2,0.452757
350,3,0.475948
350,4,0.488926
350,5,0.472810
350,6,0.483833
350,7,0.528938
350,8,0.462004
350,9,0.453644
350,10,0.514729
350,11,0.467553
350,12,0.468864
350,13,0.456857
350,14,0.513747
350,15,0.488479
351,1,0.486625
351,2,0.531300
351,3,0.515241
351,4,0.459015
351,5,0.361465
351,6,0.480514
351,7,0.479316
351,8,0.471671
351,9,0.515668
351,10,0.357089
351,11,0.217294
351,12,0.453426
351,13,0.499593
351,14,0.575457
351,15,0.459018
352,1,0.452673
352,2,0.487234
352,3,0.217795
352,4,0.574110
352,5,0.471671
352,6,0.451927
352,7,0.467425
352,8,0.501691
352,9,0.490314
352,10,0.470141
352,11,0.499687
352,12,0.530627
352,13,0.524335
352,14,0.511163
352,15,0.495780
353,1,0.469356
353,2,0.489591
353,3,0.522332
353,4,0.471154
353,5,0.465373
353,6,0.478187
353,7,0.456411
353,8,0.461867
353,9,0.547988
353,10,0.514032
353,11,0.488479
353,12,0.493637
353,13,0.494729
353,14,0.493650
353,15,0.471432
354,1,0.523696
354,2,0.526667
354,3,0.446359
354,4,0.504123
354,5,0.362080
354,6,0.453426
354,7,0.453441
354,8,0.479143
354,9,0.528861
354,10,0.467804
354,11,0.458900
354,12,0.506369
354,13,0.311808
354,14,0.466679
354,15,0.452176
355,1,0.534946
355,2,0.525622
355,3,0.515813
355,4,0.471671
355,5,0.473652
355,6,0.460980
355,7,0.491330
355,8,0.523618
355,9,0.547988
355,10,0.465386
355,11,0.522232
355,12,0.470523
355,13,0.495339
355,14,0.522940
355,15,0.498445
356,1,0.523217
356,2,0.459558
356,3,0.380913
356,4,0.492341
356,5,0.472434
356,6,0.463837
356,7,0.529878
356,8,0.551831
356,9,0.533032
356,10,0.531300
356,11,0.510903
356,12,0.505955
356,13,0.500346
356,14,0.532107
356,15,0.498281
357,1,0.548438
357,2,0.522955
357,3,0.501967
357,4,0.466479
357,5,0.453667
357,6,0.523806
357,7,0.515102
357,8,0.515591
357,9,0.488479
357,10,0.434589
357,11,0.442868
357,12,0.483186
357,13,0.504123
357,14,0.524190
357,15,0.483026
358,1,0.466679
358,2,0.476097
358,3,0.502595
358,4,0.480839
358,5,0.533129
358,6,0.493637
358,7,0.434589
358,8,0.453644
358,9,0.514134
358,10,0.466988
358,11,0.524644
358,12,0.463654
358,13,0.361733
358,14,0.487953
358,15,0.450710
359,1,0.435343
359,2,0.509730
359,3,0.503766
359,4,0.491237
359,5,0.585922
359,6,0.478025
359,7,0.524980
359,8,0.534661
359,9,0.540846
359,10,0.492320
359,11,0.442137
359,12,0.457620
359,13,0.465336
359,14,0.498696
359,15,0.514986
360,1,0.474496
360,2,0.457743
360,3,0.522076
360,4,0.531304
360,5,0.446359
360,6,0.405085
360,7,0.508487
360,8,0.505408
360,9,0.533558
360,10,0.471079
360,11,0.524495
360,12,0.514386
360,13,0.515241
360,14,0.506750
360,15,0.524486
361,1,0.547988
361,2,0.466988
361,3,0.488479
361,4,0.493637
361,5,0.496458
361,6,0.469356
361,7,0.471671
361,8,0.534939
361,9,0.546789
361,10,0.488479
361,11,0.461804
361,12,0.449177
361,13,0.492604
361,14,0.508954
361,15,0.499845
362,1,0.535135
362,2,0.397650
362,3,0.492131
362,4,0.486625
362,5,0.457620
362,6,0.430193
362,7,0.464885
362,8,0.492966
362,9,0.495155
362,10,0.434589
362,11,0.535135
362,12,0.531229
362,13,0.520664
362,14,0.531355
362,15,0.522955
363,1,0.445859
363,2,0.454817
363,3,0.515591
363,4,0.523149
363,5,0.514550
363,6,0.547715
363,7,0.458906
363,8,0.451677
363,9,0.513747
363,10,0.441741
363,11,0.454604
363,12,0.370681
363,13,0.457512
363,14,0.512759
363,15,0.509449
364,1,0.490220
364,2,0.464595
364,3,0.488479
364,4,0.467425
364,5,0.501971
364,6,0.493637
364,7,0.459058
364,8,0.480053
364,9,0.490944
364,10,0.531288
364,11,0.452208
364,12,0.453644
364,13,0.343575
364,14,0.441321
364,15,0.463863
365,1,0.453329
365,2,0.474612
365,3,0.471671
365,4,0.446879
365,5,0.480839
365,6,0.521767
365,7,0.520477
365,8,0.522483
365,9,0.459558
365,10,0.479848
365,11,0.478701
365,12,0.434589
365,13,0.441191
365,14,0.489830
365,15,0.546789
366,1,0.467136
366,2,0.524495
366,3,0.465298
366,4,0.468664
366,5,0.499687
366,6,0.483348
366,7,0.535135
366,8,0.497670
366,9,0.456739
366,10,0.453878
366,11,0.524677
366,12,0.524980
366,13,0.523806
366,14,0.512449
366,15,0.457456
367,1,0.524486
367,2,0.501445
367,3,0.466679
367,4,0.405085
367,5,0.471142
367,6,0.462720
367,7,0.452202
367,8,0.506123
367,9,0.467553
367,10,0.488311
367,11,0.522955
367,12,0.446359
367,13,0.486595
367,14,0.508550
367,15,0.515591
368,1,0.511358
368,2,0.497928
368,3,0.509977
368,4,0.531344
368,5,0.531964
368,6,0.491406
368,7,0.534221
368,8,0.463423
368,9,0.456014
368,10,0.459756
368,11,0.471671
368,12,0.480839
368,13,0.546812
368,14,0.514624
368,15,0.549194
369,1,0.464872
369,2,0.492966
369,3,0.524980
369,4,0.476906
369,5,0.533230
369,6,0.462370
369,7,0.497014
369,8,0.547810
369,9,0.513791
369,10,0.462588
369,11,0.522955
369,12,0.438714
369,13,0.457702
369,14,0.522940
369,15,0.523915
370,1,0.479160
370,2,0.463662
370,3,0.535561
370,4,0.480708
370,5,0.510903
370,6,0.525419
370,7,0.514134
370,8,0.535097
370,9,0.526667
370,10,0.488479
370,11,0.498995
370,12,0.458140
370,13,0.443003
370,14,0.502635
370,15,0.526667
371,1,0.536737
371,2,0.548438
371,3,0.473575
371,4,0.451927
371,5,0.479866
371,6,0.453763
371,7,0.521225
371,8,0.514032
371,9,0.522955
371,10,0.487021
371,11,0.475184
371,12,0.459373
371,13,0.535135
371,14,0.445859
371,15,0.490529
372,1,0.549194
372,2,0.493297
372,3,0.491392
372,4,0.535135
372,5,0.458032
372,6,0.499651
372,7,0.530627
372,8,0.526122
372,9,0.492966
372,10,0.533443
372,11,0.459558
372,12,0.474169
372,13,0.456067
372,14,0.468428
372,15,0.352874
373,1,0.505057
373,2,0.524980
373,3,0.504123
373,4,0.524190
373,5,0.484272
373,6,0.517394
373,7,0.493922
373,8,0.464872
373,9,0.493006
373,10,0.479895
373,11,0.471099
373,12,0.534939
373,13,0.480839
373,14,0.495156
373,15,0.533443
374,1,0.492524
374,2,0.456642
374,3,0.456857
374,4,0.444306
374,5,0.480839
374,6,0.380913
374,7,0.488311
374,8,0.535135
374,9,0.515707
374,10,0.492966
374,11,0.536737
374,12,0.526667
374,13,0.521309
374,14,0.467553
374,15,0.485885
375,1,0.534607
375,2,0.471411
375,3,0.452406
375,4,0.547988
375,5,0.506117
375,6,0.254376
375,7,0.521767
375,8,0.514134
375,9,0.512449
375,10,0.532107
375,11,0.515591
375,12,0.490776
375,13,0.496817
375,14,0.459058
375,15,0.515668
376,1,0.471822
376,2,0.466679
376,3,0.473996
376,4,0.487234
376,5,0.466262
376,6,0.457512
376,7,0.469663
376,8,0.503115
376,9,0.438214
376,10,0.501691
376,11,0.531300
376,12,0.488479
376,13,0.475608
376,14,0.523265
376,15,0.360682
377,1,0.486708
377,2,0.359774
377,3,0.478187
377,4,0.469783
377,5,0.496614
377,6,0.464004
377,7,0.471142
377,8,0.497026
377,9,0.472494
377,10,0.527061
377,11,0.479344
377,12,0.547075
377,13,0.529343
377,14,0.512921
377,15,0.469813
378,1,0.529714
378,2,0.466099
378,3,0.493499
378,4,0.491431
378,5,0.454104
378,6,0.434589
378,7,0.463984
378,8,0.514107
378,9,0.476562
378,10,0.451927
378,11,0.574110
378,12,0.462561
378,13,0.525421
378,14,0.515813
378,15,0.476399
379,1,0.488303
379,2,0.527735
379,3,0.222275
379,4,0.534946
379,5,0.522955
379,6,0.534607
379,7,0.492966
379,8,0.468876
379,9,0.456857
379,10,0.511715
379,11,0.522296
379,12,0.443754
379,13,0.464595
379,14,0.525415
379,15,0.506769
380,1,0.510903
380,2,0.457204
380,3,0.498089
380,4,0.356093
380,5,0.504977
380,6,0.548866
380,7,0.531294
380,8,0.493637
380,9,0.522955
380,10,0.512949
380,11,0.487815
380,12,0.473212
380,13,0.507098
380,14,0.448164
380,15,0.452960
381,1,0.453644
381,2,0.499940
381,3,0.532275
381,4,0.510768
381,5,0.436940
381,6,0.531229
381,7,0.435590
381,8,0.464245
381,9,0.491869
381,10,0.523751
381,11,0.468322
381,12,0.457743
381,13,0.540239
381,14,0.477389
381,15,0.525419
382,1,0.435590
382,2,0.456919
382,3,0.493850
382,4,0.526170
382,5,0.535097
382,6,0.473907
382,7,0.524004
382,8,0.493766
382,9,0.467637
382,10,0.405629
382,11,0.524980
382,12,0.547810
382,13,0.467553
382,14,0.485880
382,15,0.480331
383,1,0.469356
383,2,0.496679
383,3,0.524486
383,4,0.535097
383,5,0.476754
383,6,0.445859
383,7,0.202543
383,8,0.453644
383,9,0.521623
383,10,0.517394
383,11,0.493297
383,12,0.533443
383,13,0.515823
383,14,0.465778
383,15,0.483348
384,1,0.473996
384,2,0.459244
384,3,0.470342
384,4,0.527061
384,5,0.494045
384,6,0.439312
384,7,0.358666
384,8,0.464123
384,9,0.478754
384,10,0.536466
384,11,0.515813
384,12,0.480839
384,13,0.533443
384,14,0.509453
384,15,0.462535
385,1,0.217294
385,2,0.431263
385,3,0.452331
385,4,0.474095
385,5,0.471671
385,6,0.494755
385,7,0.534058
385,8,0.488479
385,9,0.495780
385,10,0.535770
385,11,0.441741
385,12,0.354490
385,13,0.467843
385,14,0.504888
385,15,0.493637
386,1,0.582009
386,2,0.547988
386,3,0.488479
386,4,0.457620
386,5,0.451927
386,6,0.521767
386,7,0.483348
386,8,0.484081
386,9,0.467425
386,10,0.483255
386,11,0.486625
386,12,0.548411
386,13,0.522332
386,14,0.515858
386,15,0.510824
387,1,0.508753
387,2,0.466679
387,3,0.466601
387,4,0.462561
387,5,0.579136
387,6,0.522955
387,7,0.461193
387,8,0.479268
387,9,0.459056
387,10,0.494799
387,11,0.461608
387,12,0.467216
387,13,0.547988
387,14,0.534946
387,15,0.464209
388,1,0.494080
388,2,0.531830
388,3,0.516271
388,4,0.496099
388,5,0.492632
388,6,0.535135
388,7,0.547517
388,8,0.445859
388,9,0.495444
388,10,0.531289
388,11,0.466988
388,12,0.459558
388,13,0.476258
388,14,0.499764
388,15,0.505427
389,1,0.503433
389,2,0.469504
389,3,0.579136
389,4,0.467620
389,5,0.456857
389,6,0.533868
389,7,0.467553
389,8,0.496962
389,9,0.462958
389,10,0.487234
389,11,0.511715
389,12,0.468322
389,13,0.493117
389,14,0.445859
389,15,0.364186
390,1,0.453426
390,2,0.521767
390,3,0.488479
390,4,0.489437
390,5,0.486625
390,6,0.579136
390,7,0.493637
390,8,0.459058
390,9,0.525421
390,10,0.505408
390,11,0.492442
390,12,0.309031
390,13,0.411744
390,14,0.466679
390,15,0.479881
391,1,0.493850
391,2,0.536505
391,3,0.471671
391,4,0.509753
391,5,0.514134
391,6,0.477581
391,7,0.501068
391,8,0.492966
391,9,0.380913
391,10,0.548001
391,11,0.361351
391,12,0.499687
391,13,0.463019
391,14,0.437995
391,15,0.481357
392,1,0.466679
392,2,0.516237
392,3,0.464209
392,4,0.486625
392,5,0.531300
392,6,0.536737
392,7,0.548438
392,8,0.485880
392,9,0.467425
392,10,0.465457
392,11,0.468499
392,12,0.515552
392,13,0.342424
392,14,0.351479
392,15,0.535561
393,1,0.515813
393,2,0.534607
393,3,0.531964
393,4,0.461849
393,5,0.521591
393,6,0.362270
393,7,0.453426
393,8,0.480839
393,9,0.457620
393,10,0.459622
393,11,0.447892
393,12,0.471980
393,13,0.457743
393,14,0.504695
393,15,0.524795
394,1,0.492441
394,2,0.531300
394,3,0.488479
394,4,0.536737
394,5,0.532275
394,6,0.510891
394,7,0.470918
394,8,0.501691
394,9,0.526538
394,10,0.467179
394,11,0.525421
394,12,0.461849
394,13,0.527474
394,14,0.468910
394,15,0.453112
395,1,0.479164
395,2,0.538357
395,3,0.438214
395,4,0.411744
395,5,0.447429
395,6,0.503522
395,7,0.505515
395,8,0.522955
395,9,0.498995
395,10,0.473809
395,11,0.512449
395,12,0.547988
395,13,0.525419
395,14,0.521155
395,15,0.535602
396,1,0.533153
396,2,0.460145
396,3,0.522850
396,4,0.534607
396,5,0.503420
396,6,0.531229
396,7,0.520664
396,8,0.535602
396,9,0.526667
396,10,0.461186
396,11,0.535135
396,12,0.531964
396,13,0.531964
396,14,0.486746
396,15,0.522955
397,1,0.471671
397,2,0.526614
397,3,0.482773
397,4,0.500416
397,5,0.547075
397,6,0.520477
397,7,0.534468
397,8,0.457308
397,9,0.529743
397,10,0.535093
397,11,0.574110
397,12,0.469609
397,13,0.451025
397,14,0.442256
397,15,0.515781
398,1,0.514271
398,2,0.446359
398,3,0.353723
398,4,0.435400
398,5,0.512943
398,6,0.463174
398,7,0.566706
398,8,0.546349
398,9,0.467553
398,10,0.525421
398,11,0.473575
398,12,0.361690
398,13,0.459056
398,14,0.547988
398,15,0.514032
399,1,0.505408
399,2,0.453152
399,3,0.477276
399,4,0.455031
399,5,0.202543
399,6,0.514107
399,7,0.467027
399,8,0.457512
399,9,0.475813
399,10,0.438214
399,11,0.488479
399,12,0.574110
399,13,0.514624
399,14,0.492966
399,15,0.493297
400,1,0.457620
400,2,0.454430
400,3,0.533594
400,4,0.532282
400,5,0.525746
400,6,0.521309
400,7,0.488479
400,8,0.468608
400,9,0.463156
400,10,0.479484
400,11,0.503998
400,12,0.574110
400,13,0.510703
400,14,0.459058
400,15,0.480839
401,1,0.488572
401,2,0.574110
401,3,0.525746
401,4,0.465932
401,5,0.355810
401,6,0.501691
401,7,0.530627
401,8,0.464078
401,9,0.519650
401,10,0.513148
401,11,0.526538
401,12,0.493922
401,13,0.480212
401,14,0.523396
401,15,0.510824
402,1,0.500346
402,2,0.549035
402,3,0.476473
402,4,0.539068
402,5,0.473837
402,6,0.487234
402,7,0.523323
402,8,0.529459
402,9,0.524773
402,10,0.467425
402,11,0.512380
402,12,0.577435
402,13,0.514032
402,14,0.526538
402,15,0.446359
403,1,0.485874
403,2,0.521155
403,3,0.521906
403,4,0.515241
403,5,0.466988
403,6,0.471671
403,7,0.526614
403,8,0.531964
403,9,0.480839
403,10,0.547988
403,11,0.522955
403,12,0.514134
403,13,0.471671
403,14,0.473652
403,15,0.478506
404,1,0.502717
404,2,0.510919
404,3,0.474100
404,4,0.501068
404,5,0.478244
404,6,0.463065
404,7,0.472909
404,8,0.504790
404,9,0.526428
404,10,0.458400
404,11,0.453644
404,12,0.579136
404,13,0.480839
404,14,0.549194
404,15,0.535135
405,1,0.492320
405,2,0.486128
405,3,0.531838
405,4,0.535135
405,5,0.508197
405,6,0.493297
405,7,0.457054
405,8,0.464885
405,9,0.365636
405,10,0.458202
405,11,0.360045
405,12,0.456363
405,13,0.526286
405,14,0.514464
405,15,0.492966
406,1,0.490304
406,2,0.522955
406,3,0.457620
406,4,0.526614
406,5,0.441741
406,6,0.361351
406,7,0.453426
406,8,0.520366
406,9,0.493637
406,10,0.559329
406,11,0.498445
406,12,0.459058
406,13,0.457129
406,14,0.467425
406,15,0.492659
407,1,0.547988
407,2,0.533868
407,3,0.464872
407,4,0.452420
407,5,0.509180
407,6,0.503955
407,7,0.468407
407,8,0.486708
407,9,0.512364
407,10,0.548438
407,11,0.491406
407,12,0.547517
407,13,0.472977
407,14,0.483781
407,15,0.521217
408,1,0.490102
408,2,0.491357
408,3,0.521591
408,4,0.472436
408,5,0.352208
408,6,0.484753
408,7,0.462152
408,8,0.487662
408,9,0.492985
408,10,0.495545
408,11,0.469356
408,12,0.463571
408,13,0.466831
408,14,0.503536
408,15,0.515302
409,1,0.488479
409,2,0.533129
409,3,0.475634
409,4,0.467158
409,5,0.502595
409,6,0.530627
409,7,0.508885
409,8,0.458306
409,9,0.451364
409,10,0.356810
409,11,0.504584
409,12,0.472542
409,13,0.471616
409,14,0.496008
409,15,0.380913
410,1,0.548001
410,2,0.535135
410,3,0.470918
410,4,0.499687
410,5,0.467136
410,6,0.454248
410,7,0.532526
410,8,0.512449
410,9,0.499714
410,10,0.459058
410,11,0.452960
410,12,0.447425
410,13,0.217294
410,14,0.526614
410,15,0.361351
411,1,0.501516
411,2,0.459373
411,3,0.525546
411,4,0.488499
411,5,0.397650
411,6,0.488479
411,7,0.468157
411,8,0.507899
411,9,0.462561
411,10,0.454210
411,11,0.493850
411,12,0.470652
411,13,0.453787
411,14,0.515165
411,15,0.519965
412,1,0.520256
412,2,0.469327
412,3,0.452406
412,4,0.217294
412,5,0.470339
412,6,0.459056
412,7,0.535561
412,8,0.459673
412,9,0.454833
412,10,0.515823
412,11,0.473426
412,12,0.458651
412,13,0.503323
412,14,0.498979
412,15,0.466487
413,1,0.456067
413,2,0.470163
413,3,0.520477
413,4,0.525634
413,5,0.483026
413,6,0.466679
413,7,0.478198
413,8,0.477434
413,9,0.525831
413,10,0.500416
413,11,0.492712
413,12,0.508205
413,13,0.520829
413,14,0.537823
413,15,0.522955
414,1,0.510381
414,2,0.533032
414,3,0.441741
414,4,0.535135
414,5,0.492320
414,6,0.486625
414,7,0.456950
414,8,0.459058
414,9,0.501445
414,10,0.524190
414,11,0.457129
414,12,0.480839
414,13,0.548001
414,14,0.526538
414,15,0.446359
415,1,0.362116
415,2,0.444352
415,3,0.466679
415,4,0.462657
415,5,0.452218
415,6,0.483233
415,7,0.574110
415,8,0.510703
415,9,0.526538
415,10,0.474163
415,11,0.481027
415,12,0.464046
415,13,0.534946
415,14,0.509753
415,15,0.469842
416,1,0.515391
416,2,0.464246
416,3,0.535561
416,4,0.494821
416,5,0.532562
416,6,0.547988
416,7,0.217795
416,8,0.411744
416,9,0.467926
416,10,0.487234
416,11,0.513747
416,12,0.531294
416,13,0.495780
416,14,0.498168
416,15,0.462772
417,1,0.506369
417,2,0.516086
417,3,0.522955
417,4,0.501967
417,5,0.533558
417,6,0.526122
417,7,0.472804
417,8,0.536450
417,9,0.470541
417,10,0.459430
417,11,0.536466
417,12,0.485647
417,13,0.546789
417,14,0.490132
417,15,0.515241
418,1,0.512449
418,2,0.515584
418,3,0.535754
418,4,0.526667
418,5,0.510903
418,6,0.520497
418,7,0.523149
418,8,0.520033
418,9,0.485880
418,10,0.516113
418,11,0.535135
418,12,0.531355
418,13,0.464209
418,14,0.458960
418,15,0.466423
419,1,0.202543
419,2,0.429676
419,3,0.500004
419,4,0.474303
419,5,0.526170
419,6,0.468072
419,7,0.352208
419,8,0.455713
419,9,0.526324
419,10,0.470206
419,11,0.469652
419,12,0.202543
419,13,0.452656
419,14,0.521767
419,15,0.525419
420,1,0.521155
420,2,0.523210
420,3,0.461186
420,4,0.547715
420,5,0.516007
420,6,0.523265
420,7,0.510903
420,8,0.457257
420,9,0.523966
420,10,0.464595
420,11,0.508517
420,12,0.535561
420,13,0.508885
420,14,0.458895
420,15,0.497469
421,1,0.493297
421,2,0.469123
421,3,0.483348
421,4,0.463546
421,5,0.456857
421,6,0.471741
421,7,0.524215
421,8,0.523136
421,9,0.535353
421,10,0.488479
421,11,0.468608
421,12,0.464246
421,13,0.535561
421,14,0.471671
421,15,0.485885
422,1,0.476513
422,2,0.490707
422,3,0.438795
422,4,0.536737
422,5,0.526538
422,6,0.474163
422,7,0.202543
422,8,0.411744
422,9,0.515668
422,10,0.534946
422,11,0.548126
422,12,0.472977
422,13,0.411744
422,14,0.530869
422,15,0.522955
423,1,0.535252
423,2,0.479499
423,3,0.499687
423,4,0.531964
423,5,0.460154
423,6,0.491392
423,7,0.542569
423,8,0.522940
423,9,0.452414
423,10,0.361866
423,11,0.467881
423,12,0.454652
423,13,0.524502
423,14,0.511323
423,15,0.525622
424,1,0.504489
424,2,0.468608
424,3,0.483238
424,4,0.532282
424,5,0.533032
424,6,0.473144
424,7,0.438214
424,8,0.453878
424,9,0.459310
424,10,0.463863
424,11,0.519457
424,12,0.526538
424,13,0.517394
424,14,0.516271
424,15,0.471542
425,1,0.501068
425,2,0.515105
425,3,0.547517
425,4,0.466549
425,5,0.484975
425,6,0.494445
425,7,0.466487
425,8,0.524644
425,9,0.519645
425,10,0.486128
425,11,0.542906
425,12,0.443033
425,13,0.506369
425,14,0.438403
425,15,0.459056
426,1,0.484233
426,2,0.493297
426,3,0.519586
426,4,0.473639
426,5,0.539563
426,6,0.467425
426,7,0.487234
426,8,0.470163
426,9,0.483661
426,10,0.458219
426,11,0.446359
426,12,0.493650
426,13,0.495780
426,14,0.533443
426,15,0.469356
427,1,0.456067
427,2,0.467916
427,3,0.535097
427,4,0.441741
427,5,0.454833
427,6,0.465385
427,7,0.486708
427,8,0.492966
427,9,0.469842
427,10,0.202543
427,11,0.501691
427,12,0.574110
427,13,0.492966
427,14,0.494729
427,15,0.495124
428,1,0.445859
428,2,0.454817
428,3,0.465385
428,4,0.525415
428,5,0.467553
428,6,0.446645
428,7,0.441820
428,8,0.446359
428,9,0.511288
428,10,0.217294
428,11,0.501264
428,12,0.471671
428,13,0.301284
428,14,0.472058
428,15,0.470300
429,1,0.477516
429,2,0.498445
429,3,0.536737
429,4,0.522955
429,5,0.446359
429,6,0.352255
429,7,0.506369
429,8,0.361690
429,9,0.488926
429,10,0.533129
429,11,0.471671
429,12,0.483348
429,13,0.548001
429,14,0.462561
429,15,0.488311
430,1,0.452010
430,2,0.453502
430,3,0.525421
430,4,0.515801
430,5,0.526467
430,6,0.523915
430,7,0.515241
430,8,0.466988
430,9,0.525415
430,10,0.444899
430,11,0.491406
430,12,0.531229
430,13,0.460048
430,14,0.464872
430,15,0.472938
431,1,0.458956
431,2,0.520813
431,3,0.514221
431,4,0.520649
431,5,0.468892
431,6,0.453469
431,7,0.494445
431,8,0.536505
431,9,0.445859
431,10,0.453575
431,11,0.524495
431,12,0.478263
431,13,0.431107
431,14,0.487234
431,15,0.252368
432,1,0.534939
432,2,0.453406
432,3,0.405085
432,4,0.490218
432,5,0.467136
432,6,0.452406
432,7,0.500857
432,8,0.531259
432,9,0.479508
432,10,0.465177
432,11,0.466928
432,12,0.511791
432,13,0.533129
432,14,0.512508
432,15,0.495429
433,1,0.464781
433,2,0.456067
433,3,0.455629
433,4,0.533276
433,5,0.511358
433,6,0.441741
433,7,0.492966
433,8,0.486800
433,9,0.457767
433,10,0.432127
433,11,0.489642
433,12,0.508904
433,13,0.508999
433,14,0.515591
433,15,0.498431
434,1,0.543716
434,2,0.511099
434,3,0.524296
434,4,0.468658
434,5,0.484575
434,6,0.481508
434,7,0.525938
434,8,0.503295
434,9,0.526538
434,10,0.513102
434,11,0.464872
434,12,0.514659
434,13,0.488655
434,14,0.520241
434,15,0.508197
435,1,0.523265
435,2,0.513614
435,3,0.464872
435,4,0.457129
435,5,0.524980
435,6,0.505726
435,7,0.472501
435,8,0.484575
435,9,0.522092
435,10,0.480909
435,11,0.457314
435,12,0.529987
435,13,0.522850
435,14,0.521682
435,15,0.518965
436,1,0.489352
436,2,0.458791
436,3,0.459244
436,4,0.526433
436,5,0.463956
436,6,0.501388
436,7,0.504218
436,8,0.445859
436,9,0.521591
436,10,0.217294
436,11,0.525230
436,12,0.500004
436,13,0.493297
436,14,0.530507
436,15,0.521309
437,1,0.492966
437,2,0.471091
437,3,0.455846
437,4,0.512943
437,5,0.515823
437,6,0.492786
437,7,0.522850
437,8,0.484272
437,9,0.510903
437,10,0.471671
437,11,0.526170
437,12,0.472468
437,13,0.456857
437,14,0.511715
437,15,0.521828
438,1,0.457456
438,2,0.501076
438,3,0.508124
438,4,0.508211
438,5,0.523915
438,6,0.483336
438,7,0.467425
438,8,0.354314
438,9,0.506369
438,10,0.512222
438,11,0.475634
438,12,0.480929
438,13,0.466423
438,14,0.506369
438,15,0.520889
439,1,0.453502
439,2,0.458791
439,3,0.525421
439,4,0.535135
439,5,0.521706
439,6,0.492954
439,7,0.495200
439,8,0.520756
439,9,0.534946
439,10,0.445859
439,11,0.471671
439,12,0.485092
439,13,0.503872
439,14,0.445859
439,15,0.348184
440,1,0.453345
440,2,0.405085
440,3,0.453644
440,4,0.525419
440,5,0.496975
440,6,0.463278
440,7,0.542769
440,8,0.523915
440,9,0.469856
440,10,0.519452
440,11,0.526122
440,12,0.511715
440,13,0.515102
440,14,0.508904
440,15,0.472878
441,1,0.453787
441,2,0.513747
441,3,0.508885
441,4,0.475514
441,5,0.451677
441,6,0.535252
441,7,0.510891
441,8,0.508197
441,9,0.535770
441,10,0.465061
441,11,0.452420
441,12,0.530141
441,13,0.524296
441,14,0.517681
441,15,0.498995
442,1,0.467739
442,2,0.469899
442,3,0.462087
442,4,0.411744
442,5,0.509730
442,6,0.510381
442,7,0.518839
442,8,0.456119
442,9,0.355327
442,10,0.462657
442,11,0.466679
442,12,0.524980
442,13,0.217795
442,14,0.502867
442,15,0.488479
443,1,0.491204
443,2,0.535135
443,3,0.515707
443,4,0.457257
443,5,0.527419
443,6,0.456799
443,7,0.499911
443,8,0.496898
443,9,0.522940
443,10,0.462170
443,11,0.519439
443,12,0.528706
443,13,0.473996
443,14,0.459494
443,15,0.434589
444,1,0.306415
444,2,0.469876
444,3,0.473002
444,4,0.459244
444,5,0.502595
444,6,0.534077
444,7,0.475634
444,8,0.524495
444,9,0.531204
444,10,0.519583
444,11,0.453502
444,12,0.525546
444,13,0.462561
444,14,0.452176
444,15,0.521767
445,1,0.397650
445,2,0.536737
445,3,0.488479
445,4,0.493637
445,5,0.457720
445,6,0.483053
445,7,0.473002
445,8,0.501691
445,9,0.463019
445,10,0.470342
445,11,0.526433
445,12,0.481843
445,13,0.528701
445,14,0.535135
445,15,0.445859
446,1,0.485814
446,2,0.247590
446,3,0.574110
446,4,0.510703
446,5,0.519583
446,6,0.549866
446,7,0.467553
446,8,0.472687
446,9,0.465688
446,10,0.355713
446,11,0.472929
446,12,0.514025
446,13,0.585922
446,14,0.522955
446,15,0.520651
447,1,0.457620
447,2,0.476171
447,3,0.451120
447,4,0.457512
447,5,0.474056
447,6,0.525415
447,7,0.360756
447,8,0.487234
447,9,0.515781
447,10,0.521155
447,11,0.523149
447,12,0.474163
447,13,0.525831
447,14,0.499226
447,15,0.481252
448,1,0.489596
448,2,0.446359
448,3,0.508799
448,4,0.498975
448,5,0.458120
448,6,0.487974
448,7,0.545304
448,8,0.526170
448,9,0.488479
448,10,0.526170
448,11,0.535097
448,12,0.532275
448,13,0.463013
448,14,0.471671
448,15,0.525831
449,1,0.530627
449,2,0.515801
449,3,0.494332
449,4,0.495339
449,5,0.445859
449,6,0.471671
449,7,0.485092
449,8,0.498768
449,9,0.549194
449,10,0.462561
449,11,0.464383
449,12,0.515823
449,13,0.523149
449,14,0.553196
449,15,0.441741
450,1,0.534946
450,2,0.526538
450,3,0.515241
450,4,0.482941
450,5,0.483348
450,6,0.521767
450,7,0.518104
450,8,0.532275
450,9,0.515025
450,10,0.523265
450,11,0.460908
450,12,0.438214
450,13,0.501731
450,14,0.484743
450,15,0.459095
451,1,0.517036
451,2,0.468327
451,3,0.499687
451,4,0.475634
451,5,0.477695
451,6,0.500857
451,7,0.509834
451,8,0.481008
451,9,0.524495
451,10,0.521776
451,11,0.521309
451,12,0.526538
451,13,0.506708
451,14,0.453307
451,15,0.497724
452,1,0.471641
452,2,0.482025
452,3,0.541495
452,4,0.515823
452,5,0.464872
452,6,0.484975
452,7,0.509180
452,8,0.532944
452,9,0.492320
452,10,0.465951
452,11,0.496293
452,12,0.213177
452,13,0.452384
452,14,0.487234
452,15,0.362270
453,1,0.457120
453,2,0.481263
453,3,0.510808
453,4,0.536737
453,5,0.535135
453,6,0.526538
453,7,0.446359
453,8,0.458048
453,9,0.520477
453,10,0.469356
453,11,0.472938
453,12,0.526433
453,13,0.531259
453,14,0.531964
453,15,0.445859
454,1,0.488479
454,2,0.548001
454,3,0.507394
454,4,0.492027
454,5,0.463013
454,6,0.496293
454,7,0.490314
454,8,0.457456
454,9,0.488311
454,10,0.522955
454,11,0.465385
454,12,0.431107
454,13,0.484614
454,14,0.362116
454,15,0.469783
455,1,0.457512
455,2,0.512759
455,3,0.480909
455,4,0.524644
455,5,0.473016
455,6,0.454210
455,7,0.465385
455,8,0.486708
455,9,0.513747
455,10,0.511358
455,11,0.441741
455,12,0.471671
455,13,0.522955
455,14,0.497505
455,15,0.466487
456,1,0.353872
456,2,0.498379
456,3,0.506117
456,4,0.466679
456,5,0.522955
456,6,0.217795
456,7,0.485874
456,8,0.506438
456,9,0.445859
456,10,0.456067
456,11,0.482693
456,12,0.502270
456,13,0.481008
456,14,0.547988
456,15,0.534468
457,1,0.445859
457,2,0.504507
457,3,0.354314
457,4,0.452176
457,5,0.482419
457,6,0.516237
457,7,0.480323
457,8,0.483348
457,9,0.467158
457,10,0.459244
457,11,0.487670
457,12,0.524795
457,13,0.494397
457,14,0.523751
457,15,0.512449
458,1,0.515591
458,2,0.492320
458,3,0.465951
458,4,0.479155
458,5,0.521833
458,6,0.521767
458,7,0.549194
458,8,0.531964
458,9,0.531355
458,10,0.540846
458,11,0.504142
458,12,0.526170
458,13,0.470092
458,14,0.469610
458,15,0.480236
459,1,0.517837
459,2,0.471671
459,3,0.427171
459,4,0.451927
459,5,0.470955
459,6,0.478039
459,7,0.482253
459,8,0.481419
459,9,0.470979
459,10,0.489596
459,11,0.474156
459,12,0.532927
459,13,0.532238
459,14,0.484200
459,15,0.438214
460,1,0.482266
460,2,0.547988
460,3,0.522483
460,4,0.517394
460,5,0.521155
460,6,0.516113
460,7,0.439357
460,8,0.440470
460,9,0.469856
460,10,0.486708
460,11,0.509248
460,12,0.510315
460,13,0.446359
460,14,0.499405
460,15,0.519583
461,1,0.465951
461,2,0.484975
461,3,0.533868
461,4,0.439357
461,5,0.496877
461,6,0.457620
461,7,0.522955
461,8,0.459125
461,9,0.485092
461,10,0.536737
461,11,0.548126
461,12,0.445859
461,13,0.353975
461,14,0.517321
461,15,0.515088
462,1,0.508780
462,2,0.471363
462,3,0.525831
462,4,0.526122
462,5,0.523915
462,6,0.476399
462,7,0.486708
462,8,0.252061
462,9,0.444352
462,10,0.501068
462,11,0.474793
462,12,0.471811
462,13,0.466679
462,14,0.533558
462,15,0.508885
463,1,0.472977
463,2,0.480839
463,3,0.548411
463,4,0.530627
463,5,0.491406
463,6,0.547517
463,7,0.453502
463,8,0.465762
463,9,0.470955
463,10,0.347783
463,11,0.459056
463,12,0.508753
463,13,0.466679
463,14,0.538357
463,15,0.492320
464,1,0.522955
464,2,0.534607
464,3,0.532275
464,4,0.515801
464,5,0.457197
464,6,0.534062
464,7,0.531964
464,8,0.463013
464,9,0.431107
464,10,0.485092
464,11,0.536737
464,12,0.531300
464,13,0.510903
464,14,0.534329
464,15,0.520784
465,1,0.511358
465,2,0.515707
465,3,0.457563
465,4,0.543606
465,5,0.521767
465,6,0.535252
465,7,0.521776
465,8,0.510903
465,9,0.510824
465,10,0.488479
465,11,0.536737
465,12,0.526667
465,13,0.515241
465,14,0.446359
465,15,0.202543
466,1,0.458048
466,2,0.515823
466,3,0.480044
466,4,0.464518
466,5,0.296204
466,6,0.492355
466,7,0.453894
466,8,0.470014
466,9,0.467099
466,10,0.457743
466,11,0.431107
466,12,0.457512
466,13,0.492966
466,14,0.217294
466,15,0.468123
467,1,0.453426
467,2,0.452406
467,3,0.473996
467,4,0.423462
467,5,0.487670
467,6,0.515781
467,7,0.476552
467,8,0.488926
467,9,0.520921
467,10,0.467425
467,11,0.528386
467,12,0.527888
467,13,0.523751
467,14,0.471142
467,15,0.525415
468,1,0.526122
468,2,0.467012
468,3,0.458090
468,4,0.531830
468,5,0.534661
468,6,0.445859
468,7,0.486014
468,8,0.514134
468,9,0.503569
468,10,0.547996
468,11,0.530627
468,12,0.530627
468,13,0.521776
468,14,0.479841
468,15,0.466679
469,1,0.469224
469,2,0.477071
469,3,0.459244
469,4,0.397650
469,5,0.548411
469,6,0.521361
469,7,0.492954
469,8,0.493458
469,9,0.516218
469,10,0.522860
469,11,0.524237
469,12,0.532275
469,13,0.469966
469,14,0.451497
469,15,0.525421
470,1,0.535135
470,2,0.531964
470,3,0.515192
470,4,0.450102
470,5,0.452355
470,6,0.459558
470,7,0.521767
470,8,0.511896
470,9,0.459558
470,10,0.526170
470,11,0.512449
470,12,0.466487
470,13,0.431107
470,14,0.525415
470,15,0.495444
471,1,0.498168
471,2,0.534698
471,3,0.441741
471,4,0.471671
471,5,0.480437
471,6,0.521767
471,7,0.514134
471,8,0.525543
471,9,0.446254
471,10,0.456363
471,11,0.466203
471,12,0.511896
471,13,0.524486
471,14,0.490956
471,15,0.480133
472,1,0.489588
472,2,0.461407
472,3,0.504975
472,4,0.514624
472,5,0.525419
472,6,0.535097
472,7,0.526667
472,8,0.458288
472,9,0.549040
472,10,0.511358
472,11,0.471671
472,12,0.525546
472,13,0.463013
472,14,0.513793
472,15,0.469966
473,1,0.534946
473,2,0.457620
473,3,0.458791
473,4,0.525421
473,5,0.535135
473,6,0.464078
473,7,0.524937
473,8,0.462561
473,9,0.463545
473,10,0.380913
473,11,0.463546
473,12,0.526170
473,13,0.351994
473,14,0.482662
473,15,0.533278
474,1,0.466790
474,2,0.488479
474,3,0.535561
474,4,0.504218
474,5,0.533558
474,6,0.492507
474,7,0.547810
474,8,0.467553
474,9,0.525421
474,10,0.500874
474,11,0.465951
474,12,0.462461
474,13,0.479866
474,14,0.517037
474,15,0.495679
475,1,0.548126
475,2,0.531964
475,3,0.467553
475,4,0.451927
475,5,0.522955
475,6,0.510903
475,7,0.512449
475,8,0.480909
475,9,0.495831
475,10,0.466054
475,11,0.455031
475,12,0.431107
475,13,0.487670
475,14,0.513747
475,15,0.479892
476,1,0.513112
476,2,0.438214
476,3,0.525969
476,4,0.515801
476,5,0.491406
476,6,0.457620
476,7,0.522955
476,8,0.534607
476,9,0.486488
476,10,0.290393
476,11,0.494540
476,12,0.502750
476,13,0.522955
476,14,0.438714
476,15,0.498659
477,1,0.522257
477,2,0.509566
477,3,0.532919
477,4,0.515241
477,5,0.459558
477,6,0.469356
477,7,0.466679
477,8,0.491330
477,9,0.457456
477,10,0.466679
477,11,0.535135
477,12,0.439357
477,13,0.202543
477,14,0.459056
477,15,0.474105
478,1,0.549437
478,2,0.534221
478,3,0.526467
478,4,0.474163
478,5,0.473996
478,6,0.487670
478,7,0.483055
478,8,0.439245
478,9,0.525634
478,10,0.582009
478,11,0.217294
478,12,0.456054
478,13,0.496995
478,14,0.526170
478,15,0.493297
479,1,0.548001
479,2,0.515813
479,3,0.523265
479,4,0.446359
479,5,0.486905
479,6,0.435590
479,7,0.456919
479,8,0.525421
479,9,0.495444
479,10,0.445859
479,11,0.501076
479,12,0.314447
479,13,0.522955
479,14,0.466679
479,15,0.521767
480,1,0.518104
480,2,0.522955
480,3,0.514856
480,4,0.532275
480,5,0.526467
480,6,0.476399
480,7,0.491869
480,8,0.469663
480,9,0.457743
480,10,0.431107
480,11,0.509576
480,12,0.533085
480,13,0.515781
480,14,0.508945
480,15,0.460114
481,1,0.217294
481,2,0.516929
481,3,0.535252
481,4,0.454940
481,5,0.451927
481,6,0.464872
481,7,0.465688
481,8,0.494823
481,9,0.524980
481,10,0.474179
481,11,0.501068
481,12,0.441741
481,13,0.485885
481,14,0.525419
481,15,0.469856
482,1,0.506865
482,2,0.526324
482,3,0.446359
482,4,0.455629
482,5,0.512362
482,6,0.485174
482,7,0.522257
482,8,0.525519
482,9,0.217294
482,10,0.453159
482,11,0.483351
482,12,0.442548
482,13,0.501076
482,14,0.441148
482,15,0.353975
483,1,0.524980
483,2,0.513747
483,3,0.496962
483,4,0.530390
483,5,0.503872
483,6,0.498445
483,7,0.495517
483,8,0.522955
483,9,0.469123
483,10,0.451927
483,11,0.535561
483,12,0.518082
483,13,0.535770
483,14,0.526667
483,15,0.514550
484,1,0.531355
484,2,0.531355
484,3,0.460154
484,4,0.462074
484,5,0.517944
484,6,0.464786
484,7,0.464246
484,8,0.473996
484,9,0.279891
484,10,0.492966
484,11,0.487234
484,12,0.479265
484,13,0.522955
484,14,0.514856
484,15,0.526538
485,1,0.461186
485,2,0.495973
485,3,0.535463
485,4,0.530913
485,5,0.445859
485,6,0.501076
485,7,0.289726
485,8,0.464246
485,9,0.548001
485,10,0.468327
485,11,0.494080
485,12,0.532768
485,13,0.494792
485,14,0.531391
485,15,0.457661
486,1,0.469963
486,2,0.506293
486,3,0.466578
486,4,0.501068
486,5,0.492966
486,6,0.548126
486,7,0.515813
486,8,0.523265
486,9,0.459265
486,10,0.497733
486,11,0.447546
486,12,0.514242
486,13,0.524296
486,14,0.458288
486,15,0.465088
487,1,0.525415
487,2,0.523149
487,3,0.534607
487,4,0.522955
487,5,0.492954
487,6,0.463013
487,7,0.522232
487,8,0.521776
487,9,0.492966
487,10,0.549194
487,11,0.467553
487,12,0.485092
487,13,0.467179
487,14,0.497127
487,15,0.523149
488,1,0.501967
488,2,0.530029
488,3,0.496240
488,4,0.485880
488,5,0.533443
488,6,0.543660
488,7,0.361866
488,8,0.534939
488,9,0.509753
488,10,0.455622
488,11,0.498489
488,12,0.467136
488,13,0.494080
488,14,0.523751
488,15,0.513747
489,1,0.445859
489,2,0.501076
489,3,0.548126
489,4,0.470584
489,5,0.468327
489,6,0.519249
489,7,0.522332
489,8,0.446359
489,9,0.526614
489,10,0.467553
489,11,0.451927
489,12,0.452176
489,13,0.477434
489,14,0.456857
489,15,0.457900
490,1,0.538115
490,2,0.520813
490,3,0.468327
490,4,0.459058
490,5,0.524980
490,6,0.526170
490,7,0.446359
490,8,0.496975
490,9,0.354125
490,10,0.467711
490,11,0.451927
490,12,0.497965
490,13,0.485608
490,14,0.506578
490,15,0.579701
491,1,0.535135
491,2,0.505408
491,3,0.547075
491,4,0.441741
491,5,0.454210
491,6,0.523265
491,7,0.480909
491,8,0.533782
491,9,0.490367
491,10,0.547517
491,11,0.468327
491,12,0.453469
491,13,0.446359
491,14,0.492131
491,15,0.468327
492,1,0.471671
492,2,0.488926
492,3,0.467136
492,4,0.525628
492,5,0.530627
492,6,0.515707
492,7,0.533468
492,8,0.456881
492,9,0.535770
492,10,0.213177
492,11,0.448261
492,12,0.524495
492,13,0.441741
492,14,0.454833
492,15,0.515102
493,1,0.536737
493,2,0.494729
493,3,0.463013
493,4,0.459712
493,5,0.463013
493,6,0.457620
493,7,0.484975
493,8,0.535770
493,9,0.380913
493,10,0.531300
493,11,0.465385
493,12,0.492746
493,13,0.512767
493,14,0.532860
493,15,0.532275
494,1,0.445859
494,2,0.503420
494,3,0.531964
494,4,0.535135
494,5,0.470918
494,6,0.511883
494,7,0.531204
494,8,0.489377
494,9,0.510903
494,10,0.524296
494,11,0.512449
494,12,0.435089
494,13,0.477438
494,14,0.469752
494,15,0.453805
495,1,0.453424
495,2,0.471671
495,3,0.494330
495,4,0.501048
495,5,0.487828
495,6,0.453502
495,7,0.525546
495,8,0.526538
495,9,0.514856
495,10,0.526538
495,11,0.515241
495,12,0.496975
495,13,0.468407
495,14,0.501068
495,15,0.494821
496,1,0.459058
496,2,0.535770
496,3,0.515813
496,4,0.523265
496,5,0.446359
496,6,0.526614
496,7,0.526667
496,8,0.446359
496,9,0.512959
496,10,0.355810
496,11,0.462491
496,12,0.504888
496,13,0.490109
496,14,0.518965
496,15,0.468327
497,1,0.464451
497,2,0.533132
497,3,0.510891
497,4,0.515707
497,5,0.513148
497,6,0.515707
497,7,0.463457
497,8,0.432268
497,9,0.439560
497,10,0.497505
497,11,0.547988
497,12,0.513979
497,13,0.524486
497,14,0.515823
497,15,0.471848
498,1,0.202543
498,2,0.501076
498,3,0.441098
498,4,0.474793
498,5,0.457081
498,6,0.422637
498,7,0.475220
498,8,0.519583
498,9,0.486625
498,10,0.534946
498,11,0.531300
498,12,0.517394
498,13,0.515591
498,14,0.471848
498,15,0.498950
499,1,0.465298
499,2,0.457512
499,3,0.491845
499,4,0.548126
499,5,0.522850
499,6,0.492954
499,7,0.518965
499,8,0.457620
499,9,0.473769
499,10,0.459244
499,11,0.484582
499,12,0.434260
499,13,0.456919
499,14,0.495230
499,15,0.464246
500,1,0.522955
500,2,0.525419
500,3,0.506708
500,4,0.464872
500,5,0.486625
500,6,0.513991
500,7,0.473392
500,8,0.456363
500,9,0.464984
500,10,0.502595
500,11,0.526538
500,12,0.523265
500,13,0.472171
500,14,0.451927
500,15,0.478039
501,1,0.453827
501,2,0.487234
501,3,0.511715
501,4,0.435089
501,5,0.458288
501,6,0.486693
501,7,0.544118
501,8,0.524296
501,9,0.521309
501,10,0.380913
501,11,0.535135
501,12,0.491406
501,13,0.445859
501,14,0.525546
501,15,0.213177
502,1,0.501264
502,2,0.531964
502,3,0.503420
502,4,0.468892
502,5,0.431107
502,6,0.524495
502,7,0.217294
502,8,0.411744
502,9,0.459056
502,10,0.521767
502,11,0.515102
502,12,0.535252
502,13,0.454940
502,14,0.468327
502,15,0.524495
503,1,0.478259
503,2,0.445328
503,3,0.520678
503,4,0.547988
503,5,0.459058
503,6,0.451927
503,7,0.437436
503,8,0.534946
503,9,0.575973
503,10,0.526538
503,11,0.472171
503,12,0.486858
503,13,0.508224
503,14,0.465589
503,15,0.499911
504,1,0.455670
504,2,0.454210
504,3,0.435089
504,4,0.458048
504,5,0.478881
504,6,0.488479
504,7,0.515326
504,8,0.459558
504,9,0.380913
504,10,0.480839
504,11,0.486625
504,12,0.521767
504,13,0.472117
504,14,0.450445
504,15,0.502374
505,1,0.475697
505,2,0.438214
505,3,0.485885
505,4,0.488479
505,5,0.442102
505,6,0.442868
505,7,0.485419
505,8,0.522955
505,9,0.471671
505,10,0.463545
505,11,0.526170
505,12,0.515591
505,13,0.489618
505,14,0.492966
505,15,0.548126
506,1,0.522850
506,2,0.514856
506,3,0.492786
506,4,0.531229
506,5,0.511301
506,6,0.520321
506,7,0.513183
506,8,0.473809
506,9,0.458221
506,10,0.478561
506,11,0.456857
506,12,0.531830
506,13,0.457341
506,14,0.453787
506,15,0.512364
507,1,0.532275
507,2,0.531355
507,3,0.510891
507,4,0.515707
507,5,0.495429
507,6,0.467606
507,7,0.498489
507,8,0.468327
507,9,0.484975
507,10,0.521217
507,11,0.513738
507,12,0.521150
507,13,0.479314
507,14,0.456674
507,15,0.517617
508,1,0.469663
508,2,0.501068
508,3,0.517074
508,4,0.488456
508,5,0.543449
508,6,0.574110
508,7,0.525746
508,8,0.506708
508,9,0.508421
508,10,0.535770
508,11,0.457397
508,12,0.471099
508,13,0.466479
508,14,0.466679
508,15,0.501691
509,1,0.467136
509,2,0.525831
509,3,0.492320
509,4,0.468327
509,5,0.442137
509,6,0.491204
509,7,0.491392
509,8,0.530826
509,9,0.507088
509,10,0.536737
509,11,0.531964
509,12,0.534221
509,13,0.468327
509,14,0.495951
509,15,0.546789
510,1,0.526538
510,2,0.472171
510,3,0.466481
510,4,0.466487
510,5,0.471671
510,6,0.445859
510,7,0.487234
510,8,0.472171
510,9,0.472914
510,10,0.464246
510,11,0.536737
510,12,0.548126
510,13,0.488697
510,14,0.531229
510,15,0.515823
511,1,0.522955
511,2,0.471671
511,3,0.485874
511,4,0.515241
511,5,0.467157
511,6,0.458048
511,7,0.290060
511,8,0.466752
511,9,0.508904
511,10,0.536505
511,11,0.441741
511,12,0.519457
511,13,0.508421
511,14,0.515823
511,15,0.476376
512,1,0.217294
512,2,0.454817
512,3,0.516929
512,4,0.535097
512,5,0.535602
512,6,0.510891
512,7,0.475514
512,8,0.511883
512,9,0.530367
512,10,0.455614
512,11,0.473769
512,12,0.484582
512,13,0.477383
512,14,0.501691
512,15,0.522332
513,1,0.523751
513,2,0.465819
513,3,0.336829
513,4,0.455713
513,5,0.429600
513,6,0.503279
513,7,0.531830
513,8,0.521155
513,9,0.516215
513,10,0.466824
513,11,0.202543
513,12,0.466679
513,13,0.485885
513,14,0.473902
513,15,0.534939
514,1,0.456919
514,2,0.524209
514,3,0.531355
514,4,0.445859
514,5,0.279891
514,6,0.459056
514,7,0.547988
514,8,0.492131
514,9,0.289726
514,10,0.480687
514,11,0.535770
514,12,0.516007
514,13,0.217795
514,14,0.469673
514,15,0.524495
515,1,0.462561
515,2,0.522955
515,3,0.471671
515,4,0.488028
515,5,0.434848
515,6,0.502968
515,7,0.531964
515,8,0.533140
515,9,0.522850
515,10,0.533468
515,11,0.526667
515,12,0.526170
515,13,0.471671
515,14,0.526614
515,15,0.522955
516,1,0.501967
516,2,0.490608
516,3,0.530356
516,4,0.510768
516,5,0.494301
516,6,0.531300
516,7,0.520664
516,8,0.445859
516,9,0.501954
516,10,0.466679
516,11,0.469224
516,12,0.519213
516,13,0.526667
516,14,0.515241
516,15,0.520386
517,1,0.516113
517,2,0.515813
517,3,0.510903
517,4,0.466988
517,5,0.496679
517,6,0.458415
517,7,0.454911
517,8,0.279891
517,9,0.468894
517,10,0.498556
517,11,0.467553
517,12,0.522955
517,13,0.511896
517,14,0.524296
517,15,0.516271
518,1,0.471671
518,2,0.521767
518,3,0.549194
518,4,0.495638
518,5,0.459058
518,6,0.526614
518,7,0.480839
518,8,0.467425
518,9,0.497469
518,10,0.469995
518,11,0.456363
518,12,0.498379
518,13,0.465898
518,14,0.471188
518,15,0.526433
519,1,0.463495
519,2,0.525546
519,3,0.217294
519,4,0.431263
519,5,0.456919
519,6,0.458564
519,7,0.453426
519,8,0.534946
519,9,0.469315
519,10,0.451927
519,11,0.452176
519,12,0.524980
519,13,0.525419
519,14,0.506554
519,15,0.445859
520,1,0.485885
520,2,0.515241
520,3,0.521155
520,4,0.532275
520,5,0.468327
520,6,0.490742
520,7,0.531229
520,8,0.457480
520,9,0.521523
520,10,0.464872
520,11,0.453469
520,12,0.514829
520,13,0.466423
520,14,0.465565
520,15,0.509576
521,1,0.525634
521,2,0.480060
521,3,0.525415
521,4,0.522332
521,5,0.521620
521,6,0.526538
521,7,0.520664
521,8,0.441741
521,9,0.525857
521,10,0.492320
521,11,0.457420
521,12,0.527419
521,13,0.523217
521,14,0.536737
521,15,0.498184
522,1,0.535770
522,2,0.535602
522,3,0.574110
522,4,0.535135
522,5,0.457197
522,6,0.541907
522,7,0.535353
522,8,0.430471
522,9,0.503277
522,10,0.469194
522,11,0.459558
522,12,0.452960
522,13,0.478039
522,14,0.469563
522,15,0.489187
523,1,0.438214
523,2,0.453575
523,3,0.432176
523,4,0.456857
523,5,0.217795
523,6,0.458048
523,7,0.481704
523,8,0.524486
523,9,0.217294
523,10,0.456045
523,11,0.549040
523,12,0.492966
523,13,0.498184
523,14,0.535770
523,15,0.531429
524,1,0.509770
524,2,0.493297
524,3,0.469513
524,4,0.468118
524,5,0.488122
524,6,0.472494
524,7,0.457620
524,8,0.494740
524,9,0.438214
524,10,0.452384
524,11,0.202543
524,12,0.411744
524,13,0.514032
524,14,0.492966
524,15,0.459058
525,1,0.432268
525,2,0.501076
525,3,0.526538
525,4,0.522940
525,5,0.525419
525,6,0.472171
525,7,0.486905
525,8,0.455081
525,9,0.541495
525,10,0.461098
525,11,0.453395
525,12,0.452823
525,13,0.466021
525,14,0.521767
525,15,0.469856
526,1,0.534939
526,2,0.532238
526,3,0.456742
526,4,0.548550
526,5,0.467553
526,6,0.467794
526,7,0.466679
526,8,0.525421
526,9,0.520477
526,10,0.514032
526,11,0.443065
526,12,0.437005
526,13,0.461316
526,14,0.535561
526,15,0.533129
527,1,0.522850
527,2,0.471671
527,3,0.445859
527,4,0.279891
527,5,0.502840
527,6,0.508197
527,7,0.495364
527,8,0.535602
527,9,0.445859
527,10,0.453644
527,11,0.471671
527,12,0.466481
527,13,0.495730
527,14,0.512449
527,15,0.515584
528,1,0.472171
528,2,0.520439
528,3,0.531964
528,4,0.531964
528,5,0.468327
528,6,0.431107
528,7,0.364186
528,8,0.487670
528,9,0.479727
528,10,0.472585
528,11,0.301451
528,12,0.466679
528,13,0.482419
528,14,0.456857
528,15,0.523806
529,1,0.524296
529,2,0.536497
529,3,0.522955
529,4,0.523265
529,5,0.457204
529,6,0.217294
529,7,0.498659
529,8,0.536737
529,9,0.459058
529,10,0.486014
529,11,0.442770
529,12,0.504034
529,13,0.510891
529,14,0.509977
529,15,0.522850
530,1,0.525419
530,2,0.472171
530,3,0.524486
530,4,0.459130
530,5,0.451543
530,6,0.453805
530,7,0.457620
530,8,0.463545
530,9,0.526170
530,10,0.475493
530,11,0.487380
530,12,0.445859
530,13,0.455031
530,14,0.514107
530,15,0.492746
531,1,0.495780
531,2,0.535770
531,3,0.531355
531,4,0.531964
531,5,0.532531
531,6,0.521732
531,7,0.517306
531,8,0.522850
531,9,0.498139
531,10,0.531236
531,11,0.454790
531,12,0.503250
531,13,0.494821
531,14,0.533282
531,15,0.454283
532,1,0.448900
532,2,0.524390
532,3,0.474250
532,4,0.473996
532,5,0.432176
532,6,0.466679
532,7,0.494740
532,8,0.453502
532,9,0.458791
532,10,0.454833
532,11,0.535252
532,12,0.532275
532,13,0.457197
532,14,0.000000
532,15,0.441148
533,1,0.422804
533,2,0.452331
533,3,0.456919
533,4,0.494330
533,5,0.522955
533,6,0.534607
533,7,0.461636
533,8,0.503420
533,9,0.453502
533,10,0.483867
533,11,0.502298
533,12,0.508421
533,13,0.506931
533,14,0.536737
533,15,0.531294
534,1,0.445859
534,2,0.485092
534,3,0.517394
534,4,0.498659
534,5,0.532320
534,6,0.495587
534,7,0.533782
534,8,0.467553
534,9,0.465762
534,10,0.525831
534,11,0.462810
534,12,0.533129
534,13,0.526538
534,14,0.467157
534,15,0.485885
535,1,0.523265
535,2,0.435089
535,3,0.452355
535,4,0.444306
535,5,0.525421
535,6,0.531964
535,7,0.503420
535,8,0.526538
535,9,0.514134
535,10,0.471671
535,11,0.463495
535,12,0.202543
535,13,0.452823
535,14,0.506369
535,15,0.459056
536,1,0.471671
536,2,0.351029
536,3,0.524980
536,4,0.470163
536,5,0.502270
536,6,0.508815
536,7,0.515707
536,8,0.489730
536,9,0.548438
536,10,0.467553
536,11,0.467425
536,12,0.466679
536,13,0.494740
536,14,0.467136
536,15,0.454388
537,1,0.485938
537,2,0.511715
537,3,0.512362
537,4,0.492786
537,5,0.468608
537,6,0.520439
537,7,0.464246
537,8,0.585922
537,9,0.574110
537,10,0.494256
537,11,0.536737
537,12,0.522955
537,13,0.523265
537,14,0.446359
537,15,0.525969
538,1,0.467553
538,2,0.491025
538,3,0.513183
538,4,0.524212
538,5,0.518082
538,6,0.435590
538,7,0.525969
538,8,0.508197
538,9,0.522940
538,10,0.476148
538,11,0.370369
538,12,0.443671
538,13,0.458250
538,14,0.438353
538,15,0.439677
539,1,0.478606
539,2,0.548001
539,3,0.217294
539,4,0.471671
539,5,0.351479
539,6,0.471205
539,7,0.469876
539,8,0.473884
539,9,0.525831
539,10,0.456565
539,11,0.452673
539,12,0.475972
539,13,0.487670
539,14,0.519925
539,15,0.485174
540,1,0.464885
540,2,0.501691
540,3,0.508885
540,4,0.524335
540,5,0.476399
540,6,0.524190
540,7,0.479698
540,8,0.526217
540,9,0.450797
540,10,0.456919
540,11,0.488926
540,12,0.509298
540,13,0.536737
540,14,0.526667
540,15,0.498283
541,1,0.548272
541,2,0.426354
541,3,0.492786
541,4,0.529871
541,5,0.459558
541,6,0.485885
541,7,0.480182
541,8,0.490862
541,9,0.535561
541,10,0.547988
541,11,0.456852
541,12,0.495364
541,13,0.217294
541,14,0.454833
541,15,0.532282
542,1,0.484299
542,2,0.520477
542,3,0.522483
542,4,0.498659
542,5,0.532320
542,6,0.535097
542,7,0.503420
542,8,0.495674
542,9,0.534062
542,10,0.547715
542,11,0.515707
542,12,0.521623
542,13,0.514306
542,14,0.531964
542,15,0.531355
543,1,0.467553
543,2,0.480839
543,3,0.517085
543,4,0.522955
543,5,0.514856
543,6,0.457104
543,7,0.340906
543,8,0.452420
543,9,0.523806
543,10,0.521155
543,11,0.497399
543,12,0.471671
543,13,0.485885
543,14,0.468313
543,15,0.494110
544,1,0.488025
544,2,0.217294
544,3,0.452673
544,4,0.491819
544,5,0.513183
544,6,0.464885
544,7,0.453469
544,8,0.459624
544,9,0.533083
544,10,0.338886
544,11,0.411744
544,12,0.509554
544,13,0.535252
544,14,0.459546
544,15,0.484135
545,1,0.446879
545,2,0.506369
545,3,0.491845
545,4,0.522955
545,5,0.442436
545,6,0.493922
545,7,0.495780
545,8,0.534669
545,9,0.468327
545,10,0.456358
545,11,0.289726
545,12,0.456035
545,13,0.453426
545,14,0.574110
545,15,0.480839
546,1,0.548001
546,2,0.531964
546,3,0.535135
546,4,0.463013
546,5,0.492710
546,6,0.509314
546,7,0.495444
546,8,0.526115
546,9,0.532320
546,10,0.528450
546,11,0.528917
546,12,0.460625
546,13,0.536737
546,14,0.488499
546,15,0.547517
547,1,0.464814
547,2,0.397650
547,3,0.531300
547,4,0.469856
547,5,0.492746
547,6,0.457456
547,7,0.501264
547,8,0.535135
547,9,0.526467
547,10,0.454658
547,11,0.202543
547,12,0.456857
547,13,0.535252
547,14,0.467553
547,15,0.451927
548,1,0.467425
548,2,0.472585
548,3,0.457743
548,4,0.491558
548,5,0.467136
548,6,0.423462
548,7,0.525634
548,8,0.493922
548,9,0.491392
548,10,0.547517
548,11,0.463013
548,12,0.451364
548,13,0.457743
548,14,0.459525
548,15,0.522893
549,1,0.547988
549,2,0.471974
549,3,0.492659
549,4,0.456037
549,5,0.531300
549,6,0.515241
549,7,0.510824
549,8,0.515584
549,9,0.521403
549,10,0.457420
549,11,0.459058
549,12,0.454817
549,13,0.461503
549,14,0.536737
549,15,0.522955
550,1,0.534607
550,2,0.520784
550,3,0.531300
550,4,0.515241
550,5,0.515241
550,6,0.503569
550,7,0.456990
550,8,0.270057
550,9,0.451927
550,10,0.465688
550,11,0.525419
550,12,0.476399
550,13,0.482662
550,14,0.521833
550,15,0.453502
551,1,0.534946
551,2,0.509753
551,3,0.536737
551,4,0.526538
551,5,0.515823
551,6,0.495638
551,7,0.524486
551,8,0.471671
551,9,0.488028
551,10,0.442770
551,11,0.469687
551,12,0.535952
551,13,0.290393
551,14,0.492131
551,15,0.531300
552,1,0.466824
552,2,0.501899
552,3,0.547517
552,4,0.504991
552,5,0.459558
552,6,0.479848
552,7,0.487234
552,8,0.486965
552,9,0.434096
552,10,0.405085
552,11,0.501076
552,12,0.510891
552,13,0.492966
552,14,0.469327
552,15,0.467158
553,1,0.493314
553,2,0.217294
553,3,0.459058
553,4,0.526170
553,5,0.312141
553,6,0.466679
553,7,0.454104
553,8,0.494256
553,9,0.536737
553,10,0.434589
553,11,0.454833
553,12,0.465385
553,13,0.460654
553,14,0.470163
553,15,0.487670
554,1,0.445859
554,2,0.506708
554,3,0.286981
554,4,0.302383
554,5,0.452406
554,6,0.457743
554,7,0.526433
554,8,0.426354
554,9,0.496877
554,10,0.508421
554,11,0.455622
554,12,0.501915
554,13,0.217294
554,14,0.524209
554,15,0.492966
555,1,0.548126
555,2,0.491406
555,3,0.457620
555,4,0.451494
555,5,0.536737
555,6,0.548438
555,7,0.463013
555,8,0.495194
555,9,0.445859
555,10,0.454604
555,11,0.471671
555,12,0.487234
555,13,0.513747
555,14,0.531429
555,15,0.465019
556,1,0.459712
556,2,0.438214
556,3,0.454833
556,4,0.574110
556,5,0.531838
556,6,0.470584
556,7,0.434589
556,8,0.512390
556,9,0.457523
556,10,0.488028
556,11,0.482859
556,12,0.446879
556,13,0.488028
556,14,0.507078
556,15,0.217294
557,1,0.526614
557,2,0.286981
557,3,0.456919
557,4,0.525421
557,5,0.356797
557,6,0.451927
557,7,0.311285
557,8,0.471597
557,9,0.547988
557,10,0.509730
557,11,0.535252
557,12,0.548438
557,13,0.534221
557,14,0.548126
557,15,0.492320
558,1,0.535135
558,2,0.534221
558,3,0.441741
558,4,0.471671
558,5,0.217294
558,6,0.501264
558,7,0.500416
558,8,0.217294
558,9,0.453469
558,10,0.513747
558,11,0.508885
558,12,0.441741
558,13,0.492320
558,14,0.534221
558,15,0.480062
559,1,0.535252
559,2,0.498184
559,3,0.459058
559,4,0.445859
559,5,0.526614
559,6,0.522955
559,7,0.523265
559,8,0.512449
559,9,0.476148
559,10,0.488303
559,11,0.520921
559,12,0.532248
559,13,0.505408
559,14,0.434589
559,15,0.452010
560,1,0.500748
560,2,0.493637
560,3,0.380913
560,4,0.353875
560,5,0.525831
560,6,0.530627
560,7,0.495339
560,8,0.494014
560,9,0.436940
560,10,0.531429
560,11,0.527419
560,12,0.522860
560,13,0.539418
560,14,0.515584
560,15,0.471671
561,1,0.535135
561,2,0.468422
561,3,0.491610
561,4,0.476179
561,5,0.486708
561,6,0.512364
561,7,0.532549
561,8,0.531355
561,9,0.534205
561,10,0.445859
561,11,0.495444
561,12,0.496331
561,13,0.464872
561,14,0.471319
561,15,0.455846
562,1,0.309031
562,2,0.431314
562,3,0.456857
562,4,0.431597
562,5,0.458048
562,6,0.523915
562,7,0.535252
562,8,0.468327
562,9,0.459712
562,10,0.524107
562,11,0.466512
562,12,0.455921
562,13,0.492007
562,14,0.490739
562,15,0.531300
563,1,0.464885
563,2,0.451727
563,3,0.498813
563,4,0.460320
563,5,0.522913
563,6,0.498885
563,7,0.434589
563,8,0.526460
563,9,0.494213
563,10,0.520664
563,11,0.467553
563,12,0.535135
563,13,0.492320
563,14,0.547517
563,15,0.478259
564,1,0.525831
564,2,0.530627
564,3,0.522850
564,4,0.534607
564,5,0.523149
564,6,0.480909
564,7,0.501068
564,8,0.532238
564,9,0.515813
564,10,0.445859
564,11,0.525969
564,12,0.467553
564,13,0.451927
564,14,0.456806
564,15,0.469356
565,1,0.456067
565,2,0.533278
565,3,0.492786
565,4,0.531300
565,5,0.470474
565,6,0.431107
565,7,0.501068
565,8,0.471671
565,9,0.432268
565,10,0.282743
565,11,0.477301
565,12,0.469356
565,13,0.471671
565,14,0.451927
565,15,0.496008
566,1,0.458625
566,2,0.464246
566,3,0.446879
566,4,0.431041
566,5,0.459056
566,6,0.467425
566,7,0.463174
566,8,0.289726
566,9,0.453644
566,10,0.515102
566,11,0.535097
566,12,0.439357
566,13,0.270057
566,14,0.497003
566,15,0.453502
567,1,0.535135
567,2,0.487535
567,3,0.501728
567,4,0.526170
567,5,0.446359
567,6,0.502867
567,7,0.516007
567,8,0.508510
567,9,0.585922
567,10,0.536505
567,11,0.495444
567,12,0.459058
567,13,0.522940
567,14,0.464518
567,15,0.488311
568,1,0.306248
568,2,0.466679
568,3,0.311285
568,4,0.451269
568,5,0.488311
568,6,0.306248
568,7,0.496160
568,8,0.217294
568,9,0.454833
568,10,0.520651
568,11,0.289726
568,12,0.456919
568,13,0.437995
568,14,0.443116
568,15,0.502840
569,1,0.510891
569,2,0.531964
569,3,0.475514
569,4,0.467165
569,5,0.487943
569,6,0.501954
569,7,0.465281
569,8,0.488502
569,9,0.466555
569,10,0.449864
569,11,0.455713
569,12,0.336504
569,13,0.469588
569,14,0.458219
569,15,0.457529
570,1,0.468233
570,2,0.447546
570,3,0.508767
570,4,0.496372
570,5,0.469663
570,6,0.471671
570,7,0.486708
570,8,0.457900
570,9,0.523149
570,10,0.510903
570,11,0.535252
570,12,0.549866
570,13,0.515801
570,14,0.491406
570,15,0.465951
571,1,0.524495
571,2,0.521776
571,3,0.442770
571,4,0.493922
571,5,0.535602
571,6,0.515707
571,7,0.523915
571,8,0.548001
571,9,0.505408
571,10,0.457165
571,11,0.465298
571,12,0.534727
571,13,0.467814
571,14,0.455847
571,15,0.309031
572,1,0.467711
572,2,0.504821
572,3,0.525746
572,4,0.472171
572,5,0.488311
572,6,0.504678
572,7,0.509977
572,8,0.531294
572,9,0.457420
572,10,0.457720
572,11,0.467425
572,12,0.503250
572,13,0.467553
572,14,0.467136
572,15,0.493604
573,1,0.527888
573,2,0.458639
573,3,0.456989
573,4,0.202543
573,5,0.453426
573,6,0.457825
573,7,0.462502
573,8,0.439685
573,9,0.457386
573,10,0.407172
573,11,0.451927
573,12,0.521767
573,13,0.464246
573,14,0.466679
573,15,0.566955
574,1,0.514032
574,2,0.473138
574,3,0.484975
574,4,0.503632
574,5,0.505058
574,6,0.534661
574,7,0.471671
574,8,0.534946
574,9,0.488499
574,10,0.463013
574,11,0.484975
574,12,0.456332
574,13,0.533276
574,14,0.498310
574,15,0.522940
575,1,0.534329
575,2,0.523149
575,3,0.496817
575,4,0.496763
575,5,0.535770
575,6,0.526152
575,7,0.515241
575,8,0.516271
575,9,0.510286
575,10,0.495911
575,11,0.547172
575,12,0.520984
575,13,0.521309
575,14,0.466824
575,15,0.502867
576,1,0.471671
576,2,0.460127
576,3,0.503250
576,4,0.489141
576,5,0.508110
576,6,0.306750
576,7,0.526614
576,8,0.308374
576,9,0.504888
576,10,0.455255
576,11,0.534946
576,12,0.434260
576,13,0.497003
576,14,0.486625
576,15,0.485880
577,1,0.531964
577,2,0.519583
577,3,0.495780
577,4,0.470207
577,5,0.514101
577,6,0.455255
577,7,0.468327
577,8,0.425335
577,9,0.309364
577,10,0.501076
577,11,0.483348
577,12,0.468327
577,13,0.484975
577,14,0.492954
577,15,0.445859
578,1,0.485885
578,2,0.517394
578,3,0.480909
578,4,0.533782
578,5,0.535135
578,6,0.466679
578,7,0.474931
578,8,0.490944
578,9,0.516086
578,10,0.467553
578,11,0.465762
578,12,0.452851
578,13,0.535561
578,14,0.531964
578,15,0.460154
579,1,0.491357
579,2,0.524980
579,3,0.534661
579,4,0.526667
579,5,0.517394
579,6,0.525419
579,7,0.536505
579,8,0.445859
579,9,0.492131
579,10,0.522955
579,11,0.495764
579,12,0.442102
579,13,0.502635
579,14,0.511358
579,15,0.457397
580,1,0.459058
580,2,0.488028
580,3,0.485997
580,4,0.464209
580,5,0.508332
580,6,0.467553
580,7,0.485092
580,8,0.458434
580,9,0.458090
580,10,0.534661
580,11,0.460755
580,12,0.482941
580,13,0.500416
580,14,0.517588
580,15,0.463019
581,1,0.455113
581,2,0.514829
581,3,0.466988
581,4,0.520477
581,5,0.442436
581,6,0.441820
581,7,0.487705
581,8,0.515591
581,9,0.473907
581,10,0.484493
581,11,0.513105
581,12,0.508780
581,13,0.445859
581,14,0.512949
581,15,0.472167
582,1,0.499911
582,2,0.493638
582,3,0.476302
582,4,0.534939
582,5,0.511358
582,6,0.510768
582,7,0.521732
582,8,0.466824
582,9,0.480839
582,10,0.534946
582,11,0.490635
582,12,0.531289
582,13,0.525419
582,14,0.442770
582,15,0.270057
583,1,0.504034
583,2,0.467553
583,3,0.485885
583,4,0.454051
583,5,0.517460
583,6,0.458400
583,7,0.579136
583,8,0.522955
583,9,0.535252
583,10,0.526667
583,11,0.472171
583,12,0.488028
583,13,0.523915
583,14,0.468604
583,15,0.535097
584,1,0.531964
584,2,0.445859
584,3,0.485885
584,4,0.514856
584,5,0.531964
584,6,0.495444
584,7,0.531289
584,8,0.489354
584,9,0.492659
584,10,0.463546
584,11,0.526614
584,12,0.483348
584,13,0.522955
584,14,0.459058
584,15,0.460777
585,1,0.535602
585,2,0.512959
585,3,0.534607
585,4,0.445859
585,5,0.279891
585,6,0.501076
585,7,0.471671
585,8,0.485885
585,9,0.485997
585,10,0.464078
585,11,0.486014
585,12,0.498283
585,13,0.506117
585,14,0.466679
585,15,0.451927
586,1,0.534946
586,2,0.526538
586,3,0.467573
586,4,0.494973
586,5,0.495831
586,6,0.529648
586,7,0.516271
586,8,0.496099
586,9,0.457977
586,10,0.525421
586,11,0.500874
586,12,0.531355
586,13,0.434589
586,14,0.495339
586,15,0.533883
587,1,0.532275
587,2,0.468327
587,3,0.494080
587,4,0.498168
587,5,0.456173
587,6,0.348397
587,7,0.526433
587,8,0.440235
587,9,0.499258
587,10,0.361351
587,11,0.525831
587,12,0.514464
587,13,0.445859
587,14,0.454833
587,15,0.217795
588,1,0.458048
588,2,0.512449
588,3,0.498885
588,4,0.531429
588,5,0.514856
588,6,0.460154
588,7,0.547517
588,8,0.458895
588,9,0.519867
588,10,0.467136
588,11,0.459244
588,12,0.471671
588,13,0.445859
588,14,0.279891
588,15,0.506085
589,1,0.524980
589,2,0.466679
589,3,0.452176
589,4,0.463855
589,5,0.525746
589,6,0.536737
589,7,0.468327
589,8,0.465675
589,9,0.438214
589,10,0.471671
589,11,0.485092
589,12,0.467179
589,13,0.432268
589,14,0.282743
589,15,0.501076
590,1,0.441098
590,2,0.453575
590,3,0.519867
590,4,0.530627
590,5,0.522850
590,6,0.501967
590,7,0.458086
590,8,0.522332
590,9,0.523751
590,10,0.496975
590,11,0.445859
590,12,0.501076
590,13,0.510891
590,14,0.531355
590,15,0.526467
591,1,0.480428
591,2,0.535770
591,3,0.494729
591,4,0.451739
591,5,0.296580
591,6,0.506369
591,7,0.494752
591,8,0.549194
591,9,0.535602
591,10,0.516007
591,11,0.514856
591,12,0.510274
591,13,0.445859
591,14,0.454727
591,15,0.534607
592,1,0.511358
592,2,0.464078
592,3,0.466679
592,4,0.463013
592,5,0.497965
592,6,0.474855
592,7,0.521390
592,8,0.515591
592,9,0.491357
592,10,0.486922
592,11,0.517617
592,12,0.488811
592,13,0.536737
592,14,0.539334
592,15,0.457786
593,1,0.506369
593,2,0.488311
593,3,0.457620
593,4,0.483348
593,5,0.521767
593,6,0.535252
593,7,0.535602
593,8,0.515025
593,9,0.476148
593,10,0.535561
593,11,0.524209
593,12,0.478259
593,13,0.483672
593,14,0.500368
593,15,0.438214
594,1,0.471671
594,2,0.521767
594,3,0.501445
594,4,0.574110
594,5,0.508526
594,6,0.469127
594,7,0.279891
594,8,0.494740
594,9,0.520752
594,10,0.493780
594,11,0.469356
594,12,0.538161
594,13,0.462276
594,14,0.472909
594,15,0.464046
595,1,0.521767
595,2,0.480182
595,3,0.456067
595,4,0.522092
595,5,0.467821
595,6,0.497110
595,7,0.531830
595,8,0.468322
595,9,0.460632
595,10,0.517627
595,11,0.542500
595,12,0.463513
595,13,0.334329
595,14,0.502595
595,15,0.530627
596,1,0.445859
596,2,0.519457
596,3,0.522955
596,4,0.515102
596,5,0.524296
596,6,0.460114
596,7,0.534694
596,8,0.462819
596,9,0.525415
596,10,0.508885
596,11,0.464078
596,12,0.490529
596,13,0.353324
596,14,0.480514
596,15,0.547988
597,1,0.466679
597,2,0.526614
597,3,0.535135
597,4,0.445859
597,5,0.519583
597,6,0.468327
597,7,0.447621
597,8,0.454833
597,9,0.518104
597,10,0.526538
597,11,0.520664
597,12,0.526538
597,13,0.472171
597,14,0.465311
597,15,0.472585
598,1,0.337519
598,2,0.456857
598,3,0.359523
598,4,0.457512
598,5,0.434589
598,6,0.483065
598,7,0.532320
598,8,0.515591
598,9,0.466213
598,10,0.380913
598,11,0.494740
598,12,0.340752
598,13,0.494080
598,14,0.533236
598,15,0.467136
599,1,0.431107
599,2,0.490742
599,3,0.485268
599,4,0.533704
599,5,0.543556
599,6,0.508904
599,7,0.474791
599,8,0.202543
599,9,0.486708
599,10,0.517394
599,11,0.217795
599,12,0.453426
599,13,0.526170
599,14,0.492966
599,15,0.530507
600,1,0.535252
600,2,0.516007
600,3,0.523265
600,4,0.509632
600,5,0.517674
600,6,0.536505
600,7,0.457397
600,8,0.549194
600,9,0.498445
600,10,0.548126
600,11,0.531355
600,12,0.534221
600,13,0.526467
600,14,0.511027
600,15,0.534607
601,1,0.526667
601,2,0.514550
601,3,0.522376
601,4,0.512449
601,5,0.474964
601,6,0.484728
601,7,0.492445
601,8,0.519118
601,9,0.490247
601,10,0.531289
601,11,0.493922
601,12,0.531300
601,13,0.520664
601,14,0.521906
601,15,0.498130
602,1,0.498995
602,2,0.437005
602,3,0.502867
602,4,0.286981
602,5,0.453575
602,6,0.484975
602,7,0.533868
602,8,0.468327
602,9,0.471671
602,10,0.468596
602,11,0.311285
602,12,0.506369
602,13,0.466679
602,14,0.478039
602,15,0.472585
603,1,0.457512
603,2,0.455288
603,3,0.217294
603,4,0.463451
603,5,0.471671
603,6,0.525421
603,7,0.464209
603,8,0.471671
603,9,0.533558
603,10,0.530627
603,11,0.530627
603,12,0.522955
603,13,0.523265
603,14,0.515823
603,15,0.492966
604,1,0.548126
604,2,0.460154
604,3,0.468892
604,4,0.520184
604,5,0.491427
604,6,0.527014
604,7,0.542884
604,8,0.460125
604,9,0.495844
604,10,0.521150
604,11,0.543481
604,12,0.531445
604,13,0.522365
604,14,0.553781
604,15,0.537844
605,1,0.533443
605,2,0.516271
605,3,0.512982
605,4,0.523149
605,5,0.515823
605,6,0.526538
605,7,0.445859
605,8,0.501264
605,9,0.531294
605,10,0.453502
605,11,0.444870
605,12,0.525421
605,13,0.495444
605,14,0.464885
605,15,0.525415
606,1,0.520813
606,2,0.479841
606,3,0.459203
606,4,0.443410
606,5,0.503536
606,6,0.286981
606,7,0.454833
606,8,0.217795
606,9,0.431263
606,10,0.490487
606,11,0.475682
606,12,0.480933
606,13,0.548126
606,14,0.537808
606,15,0.535770
607,1,0.359624
607,2,0.494740
607,3,0.522332
607,4,0.515326
607,5,0.524486
607,6,0.434589
607,7,0.524486
607,8,0.524296
607,9,0.472171
607,10,0.536737
607,11,0.517036
607,12,0.491357
607,13,0.467158
607,14,0.485880
607,15,0.525628
608,1,0.535252
608,2,0.439357
608,3,0.440599
608,4,0.520664
608,5,0.532275
608,6,0.441741
608,7,0.519457
608,8,0.526538
608,9,0.510903
608,10,0.465281
608,11,0.501068
608,12,0.493638
608,13,0.523136
608,14,0.514439
608,15,0.471671
609,1,0.451927
609,2,0.452176
609,3,0.449717
609,4,0.456857
609,5,0.470163
609,6,0.486570
609,7,0.459058
609,8,0.525230
609,9,0.462561
609,10,0.535135
609,11,0.531355
609,12,0.521776
609,13,0.520664
609,14,0.469194
609,15,0.507121
610,1,0.526538
610,2,0.465385
610,3,0.497424
610,4,0.517837
610,5,0.515823
610,6,0.526667
610,7,0.479841
610,8,0.498489
610,9,0.514386
610,10,0.513747
610,11,0.462680
610,12,0.531300
610,13,0.515241
610,14,0.496596
610,15,0.434589
611,1,0.486014
611,2,0.514134
611,3,0.524296
611,4,0.502170
611,5,0.532123
611,6,0.468428
611,7,0.498171
611,8,0.520570
611,9,0.494729
611,10,0.491392
611,11,0.485880
611,12,0.491204
611,13,0.457620
611,14,0.451927
611,15,0.490904
612,1,0.534221
612,2,0.471671
612,3,0.500416
612,4,0.524980
612,5,0.515668
612,6,0.485230
612,7,0.445859
612,8,0.525546
612,9,0.486043
612,10,0.533558
612,11,0.480839
612,12,0.442102
612,13,0.270057
612,14,0.471366
612,15,0.535561
613,1,0.454210
613,2,0.514629
613,3,0.523033
613,4,0.511358
613,5,0.509977
613,6,0.475537
613,7,0.217294
613,8,0.471671
613,9,0.279891
613,10,0.439677
613,11,0.514134
613,12,0.480495
613,13,0.540160
613,14,0.535770
613,15,0.459795
614,1,0.448654
614,2,0.493650
614,3,0.445859
614,4,0.457620
614,5,0.535135
614,6,0.517036
614,7,0.463013
614,8,0.524495
614,9,0.508421
614,10,0.523265
614,11,0.467573
614,12,0.501399
614,13,0.466487
614,14,0.431107
614,15,0.459244
615,1,0.459244
615,2,0.526433
615,3,0.521776
615,4,0.534607
615,5,0.494926
615,6,0.442102
615,7,0.453575
615,8,0.525831
615,9,0.522955
615,10,0.473913
615,11,0.494110
615,12,0.489657
615,13,0.520250
615,14,0.472171
615,15,0.466481
616,1,0.526170
616,2,0.446359
616,3,0.496975
616,4,0.532320
616,5,0.354376
616,6,0.499236
616,7,0.513747
616,8,0.535135
616,9,0.526538
616,10,0.501967
616,11,0.473866
616,12,0.525634
616,13,0.470706
616,14,0.540239
616,15,0.496679
617,1,0.547810
617,2,0.467553
617,3,0.445859
617,4,0.525546
617,5,0.500874
617,6,0.522955
617,7,0.495429
617,8,0.466487
617,9,0.434589
617,10,0.525831
617,11,0.470431
617,12,0.492954
617,13,0.531429
617,14,0.458511
617,15,0.555237
618,1,0.537856
618,2,0.547988
618,3,0.494540
618,4,0.445859
618,5,0.525546
618,6,0.467553
618,7,0.524937
618,8,0.460154
618,9,0.461244
618,10,0.506970
618,11,0.514221
618,12,0.515813
618,13,0.498659
618,14,0.533443
618,15,0.470092
619,1,0.525415
619,2,0.481423
619,3,0.549194
619,4,0.535602
619,5,0.515025
619,6,0.515591
619,7,0.460755
619,8,0.504240
619,9,0.475222
619,10,0.526342
619,11,0.344000
619,12,0.500915
619,13,0.463019
619,14,0.431107
619,15,0.487234
620,1,0.493922
620,2,0.457620
620,3,0.490635
620,4,0.505280
620,5,0.514624
620,6,0.469856
620,7,0.461960
620,8,0.481027
620,9,0.509548
620,10,0.533129
620,11,0.526122
620,12,0.498659
620,13,0.533443
620,14,0.460114
620,15,0.532320
621,1,0.516271
621,2,0.435590
621,3,0.502627
621,4,0.495444
621,5,0.535770
621,6,0.460755
621,7,0.524495
621,8,0.467553
621,9,0.522955
621,10,0.525419
621,11,0.498659
621,12,0.468407
621,13,0.524190
621,14,0.470163
621,15,0.502270
622,1,0.508885
622,2,0.531355
622,3,0.457197
622,4,0.493825
622,5,0.524980
622,6,0.457900
622,7,0.548126
622,8,0.438214
622,9,0.501264
622,10,0.492320
622,11,0.459536
622,12,0.576623
622,13,0.510703
622,14,0.471671
622,15,0.525546
623,1,0.445859
623,2,0.360901
623,3,0.525831
623,4,0.547988
623,5,0.497469
623,6,0.526170
623,7,0.533704
623,8,0.526170
623,9,0.492763
623,10,0.455614
623,11,0.451927
623,12,0.494456
623,13,0.457620
623,14,0.522955
623,15,0.471809
624,1,0.534939
624,2,0.467553
624,3,0.451927
624,4,0.535135
624,5,0.490635
624,6,0.461407
624,7,0.359370
624,8,0.456067
624,9,0.467179
624,10,0.351994
624,11,0.534939
624,12,0.490314
624,13,0.530884
624,14,0.510903
624,15,0.549040
625,1,0.526667
625,2,0.496975
625,3,0.496099
625,4,0.462291
625,5,0.471655
625,6,0.457743
625,7,0.504695
625,8,0.501603
625,9,0.532320
625,10,0.516271
625,11,0.521309
625,12,0.522955
625,13,0.442436
625,14,0.439677
625,15,0.290060
626,1,0.504034
626,2,0.495444
626,3,0.533443
626,4,0.468604
626,5,0.536961
626,6,0.537665
626,7,0.538400
626,8,0.578040
626,9,0.469356
626,10,0.501691
626,11,0.530627
626,12,0.495339
626,13,0.459058
626,14,0.535770
626,15,0.453991
627,1,0.474091
627,2,0.455031
627,3,0.502374
627,4,0.475192
627,5,0.535770
627,6,0.361351
627,7,0.217294
627,8,0.506085
627,9,0.549014
627,10,0.509834
627,11,0.459426
627,12,0.531300
627,13,0.507302
627,14,0.535252
627,15,0.439357
628,1,0.454833
628,2,0.485034
628,3,0.524486
628,4,0.508904
628,5,0.217294
628,6,0.493825
628,7,0.473996
628,8,0.489830
628,9,0.530884
628,10,0.510903
628,11,0.466887
628,12,0.524980
628,13,0.525419
628,14,0.467179
628,15,0.486905
629,1,0.467597
629,2,0.490102
629,3,0.548438
629,4,0.472535
629,5,0.463013
629,6,0.431107
629,7,0.471671
629,8,0.354314
629,9,0.485328
629,10,0.460779
629,11,0.521390
629,12,0.493922
629,13,0.457620
629,14,0.513329
629,15,0.526538
630,1,0.471309
630,2,0.521591
630,3,0.469663
630,4,0.525415
630,5,0.515813
630,6,0.490375
630,7,0.526667
630,8,0.512465
630,9,0.463912
630,10,0.451677
630,11,0.491427
630,12,0.442102
630,13,0.501264
630,14,0.484974
630,15,0.526170
631,1,0.547988
631,2,0.535097
631,3,0.515813
631,4,0.457257
631,5,0.535353
631,6,0.525217
631,7,0.566955
631,8,0.444408
631,9,0.455094
631,10,0.514134
631,11,0.508315
631,12,0.502802
631,13,0.512642
631,14,0.514856
631,15,0.471671
632,1,0.523149
632,2,0.466679
632,3,0.534946
632,4,0.509753
632,5,0.534607
632,6,0.532275
632,7,0.467553
632,8,0.488499
632,9,0.522850
632,10,0.514134
632,11,0.446359
632,12,0.512167
632,13,0.508904
632,14,0.524296
632,15,0.468391
633,1,0.516304
633,2,0.435590
633,3,0.526170
633,4,0.492966
633,5,0.549194
633,6,0.532275
633,7,0.467553
633,8,0.445859
633,9,0.440470
633,10,0.498659
633,11,0.289726
633,12,0.501076
633,13,0.531964
633,14,0.531964
633,15,0.526538
634,1,0.520664
634,2,0.457397
634,3,0.555304
634,4,0.465464
634,5,0.532359
634,6,0.464209
634,7,0.457061
634,8,0.511715
634,9,0.342808
634,10,0.456919
634,11,0.476903
634,12,0.475875
634,13,0.538354
634,14,0.469856
634,15,0.525831
635,1,0.533129
635,2,0.434589
635,3,0.496877
635,4,0.526538
635,5,0.458120
635,6,0.488210
635,7,0.523149
635,8,0.471642
635,9,0.525415
635,10,0.486493
635,11,0.534221
635,12,0.522955
635,13,0.510903
635,14,0.534607
635,15,0.535602
636,1,0.439357
636,2,0.464246
636,3,0.432947
636,4,0.458529
636,5,0.501376
636,6,0.459058
636,7,0.335127
636,8,0.282743
636,9,0.487953
636,10,0.503122
636,11,0.534946
636,12,0.531964
636,13,0.509977
636,14,0.492966
636,15,0.442102
637,1,0.468578
637,2,0.496331
637,3,0.535135
637,4,0.526538
637,5,0.514856
637,6,0.472977
637,7,0.358271
637,8,0.536466
637,9,0.463019
637,10,0.496406
637,11,0.472977
637,12,0.475983
637,13,0.533129
637,14,0.525622
637,15,0.531964
638,1,0.535135
638,2,0.439312
638,3,0.520651
638,4,0.525622
638,5,0.493637
638,6,0.530507
638,7,0.517394
638,8,0.496975
638,9,0.549040
638,10,0.492786
638,11,0.547517
638,12,0.522850
638,13,0.513148
638,14,0.471671
638,15,0.432268
639,1,0.499515
639,2,0.315997
639,3,0.452823
639,4,0.451047
639,5,0.456919
639,6,0.495640
639,7,0.490314
639,8,0.475537
639,9,0.536471
639,10,0.526538
639,11,0.455443
639,12,0.502867
639,13,0.358855
639,14,0.453469
639,15,0.534661
640,1,0.492786
640,2,0.513183
640,3,0.455622
640,4,0.461435
640,5,0.502595
640,6,0.481423
640,7,0.547988
640,8,0.513747
640,9,0.526667
640,10,0.510903
640,11,0.471671
640,12,0.536737
640,13,0.464209
640,14,0.499687
640,15,0.533129
641,1,0.488697
641,2,0.462074
641,3,0.501691
641,4,0.515190
641,5,0.471671
641,6,0.488028
641,7,0.467179
641,8,0.536737
641,9,0.509753
641,10,0.522940
641,11,0.497733
641,12,0.521669
641,13,0.462514
641,14,0.548126
641,15,0.471671
642,1,0.451927
642,2,0.488297
642,3,0.518965
642,4,0.531355
642,5,0.531355
642,6,0.531355
642,7,0.515801
642,8,0.512888
642,9,0.523064
642,10,0.510824
642,11,0.514439
642,12,0.473575
642,13,0.473996
642,14,0.526433
642,15,0.213177
643,1,0.525546
643,2,0.514107
643,3,0.531964
643,4,0.522955
643,5,0.495429
643,6,0.434589
643,7,0.463283
643,8,0.495780
643,9,0.535770
643,10,0.526538
643,11,0.510903
643,12,0.442436
643,13,0.442613
643,14,0.507078
643,15,0.536505
644,1,0.445859
644,2,0.486014
644,3,0.521309
644,4,0.523149
644,5,0.474964
644,6,0.202543
644,7,0.466679
644,8,0.449692
644,9,0.421259
644,10,0.456857
644,11,0.513747
644,12,0.548126
644,13,0.534221
644,14,0.531355
644,15,0.458895
645,1,0.492966
645,2,0.548411
645,3,0.456852
645,4,0.531289
645,5,0.459558
645,6,0.526170
645,7,0.466679
645,8,0.490375
645,9,0.542769
645,10,0.526170
645,11,0.512449
645,12,0.522355
645,13,0.457620
645,14,0.473168
645,15,0.432130
646,1,0.309031
646,2,0.450169
646,3,0.524980
646,4,0.523806
646,5,0.442770
646,6,0.442613
646,7,0.521155
646,8,0.526538
646,9,0.472171
646,10,0.451927
646,11,0.460039
646,12,0.471980
646,13,0.470979
646,14,0.472560
646,15,0.480814
647,1,0.553393
647,2,0.523126
647,3,0.517394
647,4,0.472171
647,5,0.501445
647,6,0.473996
647,7,0.457743
647,8,0.493650
647,9,0.548126
647,10,0.473144
647,11,0.522850
647,12,0.513148
647,13,0.510274
647,14,0.450793
647,15,0.467673
648,1,0.493314
648,2,0.515013
648,3,0.532046
648,4,0.489386
648,5,0.491852
648,6,0.531300
648,7,0.492954
648,8,0.547517
648,9,0.439357
648,10,0.466975
648,11,0.508904
648,12,0.445859
648,13,0.496331
648,14,0.495780
648,15,0.513187
649,1,0.529371
649,2,0.453502
649,3,0.489446
649,4,0.549194
649,5,0.464872
649,6,0.497469
649,7,0.531830
649,8,0.512362
649,9,0.530904
649,10,0.526467
649,11,0.515241
649,12,0.517394
649,13,0.468604
649,14,0.500346
649,15,0.502170
650,1,0.475972
650,2,0.505057
650,3,0.525634
650,4,0.512759
650,5,0.525543
650,6,0.536497
650,7,0.217294
650,8,0.453575
650,9,0.524495
650,10,0.521706
650,11,0.465385
650,12,0.448793
650,13,0.502374
650,14,0.490314
650,15,0.451739
651,1,0.464338
651,2,0.464046
651,3,0.526614
651,4,0.531964
651,5,0.495339
651,6,0.462792
651,7,0.447917
651,8,0.501264
651,9,0.289726
651,10,0.456919
651,11,0.485092
651,12,0.535252
651,13,0.467553
651,14,0.522955
651,15,0.515823
652,1,0.531300
652,2,0.517394
652,3,0.521155
652,4,0.521906
652,5,0.446359
652,6,0.488028
652,7,0.524486
652,8,0.474964
652,9,0.487234
652,10,0.519925
652,11,0.462672
652,12,0.506222
652,13,0.534727
652,14,0.490012
652,15,0.532860
653,1,0.531429
653,2,0.474964
653,3,0.359584
653,4,0.478187
653,5,0.508517
653,6,0.496819
653,7,0.513452
653,8,0.514032
653,9,0.442102
653,10,0.497003
653,11,0.502802
653,12,0.526538
653,13,0.523265
653,14,0.458288
653,15,0.549040
654,1,0.503420
654,2,0.463013
654,3,0.514309
654,4,0.445859
654,5,0.485092
654,6,0.290060
654,7,0.270057
654,8,0.497424
654,9,0.521767
654,10,0.492966
654,11,0.531474
654,12,0.473504
654,13,0.483348
654,14,0.442102
654,15,0.503250
655,1,0.471671
655,2,0.490635
655,3,0.526170
655,4,0.512449
655,5,0.522322
655,6,0.532320
655,7,0.461677
655,8,0.518965
655,9,0.508421
655,10,0.397650
655,11,0.496331
655,12,0.513183
655,13,0.522940
655,14,0.479940
655,15,0.535252
656,1,0.535602
656,2,0.466824
656,3,0.279891
656,4,0.421429
656,5,0.502840
656,6,0.340752
656,7,0.456857
656,8,0.485575
656,9,0.547988
656,10,0.498659
656,11,0.533443
656,12,0.515591
656,13,0.526667
656,14,0.511099
656,15,0.479745
657,1,0.490102
657,2,0.458625
657,3,0.501264
657,4,0.468327
657,5,0.474698
657,6,0.491427
657,7,0.473907
657,8,0.358271
657,9,0.478187
657,10,0.502262
657,11,0.547988
657,12,0.522483
657,13,0.498659
657,14,0.532320
657,15,0.461671
658,1,0.441839
658,2,0.442815
658,3,0.502966
658,4,0.531300
658,5,0.466824
658,6,0.481828
658,7,0.535353
658,8,0.531964
658,9,0.547517
658,10,0.534205
658,11,0.514590
658,12,0.463457
658,13,0.466824
658,14,0.480929
658,15,0.510808
659,1,0.533230
659,2,0.536737
659,3,0.508197
659,4,0.467857
659,5,0.525831
659,6,0.217294
659,7,0.474604
659,8,0.505408
659,9,0.438214
659,10,0.525831
659,11,0.467553
659,12,0.525546
659,13,0.495444
659,14,0.459058
659,15,0.502867
660,1,0.526538
660,2,0.471417
660,3,0.524495
660,4,0.463019
660,5,0.453469
660,6,0.532768
660,7,0.526467
660,8,0.520664
660,9,0.526667
660,10,0.534607
660,11,0.503420
660,12,0.547517
660,13,0.515813
660,14,0.446359
660,15,0.501899
661,1,0.460755
661,2,0.453469
661,3,0.511715
661,4,0.521486
661,5,0.474964
661,6,0.484728
661,7,0.508065
661,8,0.472955
661,9,0.452406
661,10,0.431107
661,11,0.279891
661,12,0.453644
661,13,0.514134
661,14,0.476395
661,15,0.535135
662,1,0.491406
662,2,0.535135
662,3,0.495444
662,4,0.493825
662,5,0.524190
662,6,0.533868
662,7,0.457308
662,8,0.534184
662,9,0.522955
662,10,0.514134
662,11,0.503569
662,12,0.524190
662,13,0.519919
662,14,0.453502
662,15,0.485885
663,1,0.483348
663,2,0.469356
663,3,0.468986
663,4,0.451927
663,5,0.489243
663,6,0.344251
663,7,0.501052
663,8,0.520813
663,9,0.520816
663,10,0.217795
663,11,0.526614
663,12,0.495156
663,13,0.445859
663,14,0.525831
663,15,0.463019
664,1,0.484975
664,2,0.446359
664,3,0.455629
664,4,0.512362
664,5,0.464872
664,6,0.434589
664,7,0.497287
664,8,0.465954
664,9,0.475501
664,10,0.514648
664,11,0.469837
664,12,0.431263
664,13,0.451927
664,14,0.535561
664,15,0.358855
665,1,0.467158
665,2,0.474724
665,3,0.522332
665,4,0.434589
665,5,0.484905
665,6,0.548411
665,7,0.533129
665,8,0.478972
665,9,0.547517
665,10,0.503420
665,11,0.522850
665,12,0.446359
665,13,0.279891
665,14,0.474604
665,15,0.471671
666,1,0.535135
666,2,0.475537
666,3,0.359881
666,4,0.498489
666,5,0.513671
666,6,0.467179
666,7,0.485874
666,8,0.455820
666,9,0.202543
666,10,0.456067
666,11,0.481704
666,12,0.361866
666,13,0.502703
666,14,0.520751
666,15,0.536656
667,1,0.469356
667,2,0.471671
667,3,0.535561
667,4,0.515190
667,5,0.488496
667,6,0.522940
667,7,0.457204
667,8,0.528450
667,9,0.524486
667,10,0.515584
667,11,0.532275
667,12,0.522850
667,13,0.486446
667,14,0.290393
667,15,0.501076
668,1,0.495444
668,2,0.548550
668,3,0.426354
668,4,0.522955
668,5,0.496331
668,6,0.495973
668,7,0.534583
668,8,0.464872
668,9,0.498950
668,10,0.494821
668,11,0.460853
668,12,0.564999
668,13,0.467926
668,14,0.432531
668,15,0.270057
669,1,0.513402
669,2,0.525634
669,3,0.533868
669,4,0.471848
669,5,0.217294
669,6,0.475220
669,7,0.533129
669,8,0.531964
669,9,0.534221
669,10,0.521732
669,11,0.475598
669,12,0.524486
669,13,0.522322
669,14,0.498885
669,15,0.531429
670,1,0.446359
670,2,0.514107
670,3,0.439561
670,4,0.476066
670,5,0.531964
670,6,0.499127
670,7,0.504507
670,8,0.506085
670,9,0.525634
670,10,0.464966
670,11,0.549486
670,12,0.535135
670,13,0.434096
670,14,0.471671
670,15,0.488311
671,1,0.535135
671,2,0.439357
671,3,0.492131
671,4,0.513183
671,5,0.493825
671,6,0.464184
671,7,0.459244
671,8,0.502595
671,9,0.472542
671,10,0.523235
671,11,0.359523
671,12,0.525634
671,13,0.534661
671,14,0.457308
671,15,0.534184
672,1,0.495444
672,2,0.531289
672,3,0.514439
672,4,0.532275
672,5,0.473455
672,6,0.526467
672,7,0.462956
672,8,0.458090
672,9,0.494255
672,10,0.434589
672,11,0.501731
672,12,0.457620
672,13,0.494330
672,14,0.498932
672,15,0.521776
673,1,0.514856
673,2,0.475634
673,3,0.484975
673,4,0.470163
673,5,0.337107
673,6,0.455031
673,7,0.526433
673,8,0.526122
673,9,0.515823
673,10,0.492786
673,11,0.495674
673,12,0.454408
673,13,0.456067
673,14,0.510055
673,15,0.434589
674,1,0.504507
674,2,0.532649
674,3,0.470163
674,4,0.476362
674,5,0.526433
674,6,0.467136
674,7,0.523235
674,8,0.435590
674,9,0.438053
674,10,0.492954
674,11,0.493637
674,12,0.530507
674,13,0.515823
674,14,0.505408
674,15,0.530390
675,1,0.491431
675,2,0.490067
675,3,0.519712
675,4,0.537438
675,5,0.531964
675,6,0.462727
675,7,0.367634
675,8,0.444126
675,9,0.491608
675,10,0.461608
675,11,0.580866
675,12,0.574110
675,13,0.463308
675,14,0.456857
675,15,0.533868
676,1,0.494821
676,2,0.491610
676,3,0.531229
676,4,0.435590
676,5,0.498659
676,6,0.549194
676,7,0.526538
676,8,0.514856
676,9,0.492786
676,10,0.522850
676,11,0.495764
676,12,0.459058
676,13,0.536505
676,14,0.509384
676,15,0.494142
677,1,0.513148
677,2,0.479499
677,3,0.445610
677,4,0.470955
677,5,0.535561
677,6,0.475634
677,7,0.484975
677,8,0.342359
677,9,0.502270
677,10,0.489423
677,11,0.495156
677,12,0.491610
677,13,0.495339
677,14,0.498292
677,15,0.535353
678,1,0.471802
678,2,0.456067
678,3,0.466679
678,4,0.450385
678,5,0.501068
678,6,0.000000
678,7,0.522955
678,8,0.535252
678,9,0.470976
678,10,0.535463
678,11,0.492320
678,12,0.457620
678,13,0.473168
678,14,0.449957
678,15,0.535320
679,1,0.442233
679,2,0.453644
679,3,0.476585
679,4,0.531300
679,5,0.520664
679,6,0.467553
679,7,0.488028
679,8,0.442770
679,9,0.498659
679,10,0.549194
679,11,0.532275
679,12,0.503420
679,13,0.526467
679,14,0.511027
679,15,0.514439
680,1,0.497399
680,2,0.445859
680,3,0.279891
680,4,0.474793
680,5,0.531294
680,6,0.438214
680,7,0.494591
680,8,0.305147
680,9,0.454604
680,10,0.466679
680,11,0.487234
680,12,0.498659
680,13,0.490956
680,14,0.533782
680,15,0.530627
681,1,0.532036
681,2,0.491390
681,3,0.510507
681,4,0.469154
681,5,0.466679
681,6,0.521591
681,7,0.466679
681,8,0.432268
681,9,0.489446
681,10,0.488028
681,11,0.506560
681,12,0.507628
681,13,0.486335
681,14,0.473504
681,15,0.459244
682,1,0.466679
682,2,0.487670
682,3,0.513981
682,4,0.511358
682,5,0.522850
682,6,0.553196
682,7,0.528681
682,8,0.521155
682,9,0.467553
682,10,0.451927
682,11,0.483978
682,12,0.504123
682,13,0.492123
682,14,0.548126
682,15,0.445859
683,1,0.457620
683,2,0.351479
683,3,0.514639
683,4,0.523751
683,5,0.493866
683,6,0.507051
683,7,0.507628
683,8,0.459558
683,9,0.488028
683,10,0.469114
683,11,0.488303
683,12,0.495156
683,13,0.445859
683,14,0.279891
683,15,0.456919
684,1,0.435400
684,2,0.522483
684,3,0.506438
684,4,0.467179
684,5,0.524980
684,6,0.486694
684,7,0.459558
684,8,0.525421
684,9,0.462561
684,10,0.525546
684,11,0.462561
684,12,0.525421
684,13,0.526538
684,14,0.520664
684,15,0.439357
685,1,0.440470
685,2,0.485034
685,3,0.434589
685,4,0.466487
685,5,0.405085
685,6,0.506438
685,7,0.548411
685,8,0.531964
685,9,0.462561
685,10,0.451927
685,11,0.535135
685,12,0.500416
685,13,0.488926
685,14,0.522332
685,15,0.466512
686,1,0.449321
686,2,0.442256
686,3,0.495679
686,4,0.535135
686,5,0.441741
686,6,0.512959
686,7,0.435590
686,8,0.488028
686,9,0.493690
686,10,0.466881
686,11,0.437995
686,12,0.507568
686,13,0.523915
686,14,0.467926
686,15,0.525831
687,1,0.467553
687,2,0.490012
687,3,0.549194
687,4,0.468327
687,5,0.474698
687,6,0.472171
687,7,0.217294
687,8,0.352148
687,9,0.431263
687,10,0.429600
687,11,0.466679
687,12,0.534946
687,13,0.531964
687,14,0.500874
687,15,0.486625
688,1,0.522955
688,2,0.495429
688,3,0.496596
688,4,0.462106
688,5,0.525415
688,6,0.513671
688,7,0.471671
688,8,0.535770
688,9,0.495444
688,10,0.531289
688,11,0.523915
688,12,0.496331
688,13,0.491392
688,14,0.463013
688,15,0.448611
689,1,0.457512
689,2,0.343750
689,3,0.457120
689,4,0.491827
689,5,0.523149
689,6,0.523265
689,7,0.510824
689,8,0.535097
689,9,0.485880
689,10,0.437005
689,11,0.453644
689,12,0.493922
689,13,0.217294
689,14,0.492320
689,15,0.354326
690,1,0.533558
690,2,0.515190
690,3,0.513747
690,4,0.515813
690,5,0.489730
690,6,0.535602
690,7,0.496346
690,8,0.523136
690,9,0.536505
690,10,0.434589
690,11,0.492966
690,12,0.521767
690,13,0.522257
690,14,0.464872
690,15,0.486616
691,1,0.486335
691,2,0.474995
691,3,0.487234
691,4,0.475048
691,5,0.548126
691,6,0.533030
691,7,0.484219
691,8,0.521591
691,9,0.488897
691,10,0.523038
691,11,0.465589
691,12,0.521909
691,13,0.522092
691,14,0.508213
691,15,0.512362
692,1,0.495444
692,2,0.495364
692,3,0.523149
692,4,0.548550
692,5,0.495339
692,6,0.450901
692,7,0.454349
692,8,0.301451
692,9,0.470300
692,10,0.534946
692,11,0.495444
692,12,0.459083
692,13,0.531941
692,14,0.514134
692,15,0.474714
693,1,0.468120
693,2,0.493314
693,3,0.458032
693,4,0.456363
693,5,0.493489
693,6,0.484853
693,7,0.533282
693,8,0.464872
693,9,0.455882
693,10,0.434589
693,11,0.486415
693,12,0.515823
693,13,0.475634
693,14,0.502487
693,15,0.535135
694,1,0.520649
694,2,0.457620
694,3,0.468639
694,4,0.485328
694,5,0.464966
694,6,0.438214
694,7,0.531294
694,8,0.494591
694,9,0.536737
694,10,0.441741
694,11,0.471671
694,12,0.463545
694,13,0.477071
694,14,0.510566
694,15,0.472810
695,1,0.483833
695,2,0.532248
695,3,0.495156
695,4,0.445859
695,5,0.496331
695,6,0.491859
695,7,0.522167
695,8,0.487739
695,9,0.341538
695,10,0.458529
695,11,0.574110
695,12,0.533703
695,13,0.515823
695,14,0.512959
695,15,0.498168
696,1,0.499714
696,2,0.465088
696,3,0.501068
696,4,0.471671
696,5,0.454210
696,6,0.460470
696,7,0.485880
696,8,0.450761
696,9,0.451927
696,10,0.488926
696,11,0.467136
696,12,0.453469
696,13,0.462272
696,14,0.466490
696,15,0.481419
697,1,0.471597
697,2,0.523915
697,3,0.290060
697,4,0.444306
697,5,0.279891
697,6,0.502840
697,7,0.526538
697,8,0.520664
697,9,0.460755
697,10,0.493032
697,11,0.532768
697,12,0.515620
697,13,0.510903
697,14,0.465281
697,15,0.431107
698,1,0.485868
698,2,0.523751
698,3,0.535097
698,4,0.521906
698,5,0.514550
698,6,0.535135
698,7,0.475537
698,8,0.522940
698,9,0.510903
698,10,0.476628
698,11,0.515584
698,12,0.338886
698,13,0.451102
698,14,0.472171
698,15,0.495524
699,1,0.487320
699,2,0.468327
699,3,0.582009
699,4,0.471671
699,5,0.451927
699,6,0.360668
699,7,0.481815
699,8,0.502595
699,9,0.380913
699,10,0.533129
699,11,0.494821
699,12,0.522940
699,13,0.474163
699,14,0.466679
699,15,0.451927
700,1,0.524980
700,2,0.533868
700,3,0.535135
700,4,0.471671
700,5,0.464594
700,6,0.487234
700,7,0.506745
700,8,0.535561
700,9,0.533129
700,10,0.531355
700,11,0.521776
700,12,0.495429
700,13,0.468407
700,14,0.533782
700,15,0.519645
701,1,0.531229
701,2,0.460568
701,3,0.438214
701,4,0.501264
701,5,0.361351
701,6,0.521591
701,7,0.506438
701,8,0.439245
701,9,0.514532
701,10,0.438214
701,11,0.459058
701,12,0.534946
701,13,0.517036
701,14,0.491392
701,15,0.457420
702,1,0.498168
702,2,0.576905
702,3,0.528681
702,4,0.521309
702,5,0.471848
702,6,0.525415
702,7,0.213177
702,8,0.471671
702,9,0.451927
702,10,0.358529
702,11,0.354439
702,12,0.504888
702,13,0.453502
702,14,0.525421
702,15,0.445859
703,1,0.505408
703,2,0.530390
703,3,0.514134
703,4,0.474964
703,5,0.476132
703,6,0.532238
703,7,0.526467
703,8,0.494014
703,9,0.464872
703,10,0.499687
703,11,0.531204
703,12,0.519650
703,13,0.523265
703,14,0.464966
703,15,0.534553
704,1,0.526538
704,2,0.515241
704,3,0.435590
704,4,0.488028
704,5,0.461677
704,6,0.531300
704,7,0.498995
704,8,0.511193
704,9,0.516113
704,10,0.531964
704,11,0.526538
704,12,0.520664
704,13,0.495444
704,14,0.467606
704,15,0.498489
705,1,0.533129
705,2,0.507792
705,3,0.496465
705,4,0.521767
705,5,0.471671
705,6,0.466276
705,7,0.505057
705,8,0.524980
705,9,0.523806
705,10,0.532282
705,11,0.525746
705,12,0.442770
705,13,0.506438
705,14,0.532123
705,15,0.513747
706,1,0.510507
706,2,0.531355
706,3,0.520649
706,4,0.542569
706,5,0.511027
706,6,0.533863
706,7,0.523149
706,8,0.523136
706,9,0.471142
706,10,0.527474
706,11,0.498779
706,12,0.509562
706,13,0.515552
706,14,0.526122
706,15,0.457668
707,1,0.535647
707,2,0.461432
707,3,0.502635
707,4,0.500416
707,5,0.547075
707,6,0.426354
707,7,0.497003
707,8,0.526467
707,9,0.517394
707,10,0.535097
707,11,0.464872
707,12,0.475049
707,13,0.335224
707,14,0.457743
707,15,0.411744
708,1,0.471671
708,2,0.279891
708,3,0.439677
708,4,0.356266
708,5,0.534939
708,6,0.526667
708,7,0.506708
708,8,0.495973
708,9,0.548550
708,10,0.515233
708,11,0.474163
708,12,0.492659
708,13,0.469663
708,14,0.536140
708,15,0.498368
709,1,0.531964
709,2,0.508197
709,3,0.467606
709,4,0.336163
709,5,0.486205
709,6,0.574110
709,7,0.430471
709,8,0.456852
709,9,0.496331
709,10,0.576905
709,11,0.471671
709,12,0.451927
709,13,0.522955
709,14,0.535252
709,15,0.531964
710,1,0.492320
710,2,0.531300
710,3,0.464966
710,4,0.514624
710,5,0.514134
710,6,0.446359
710,7,0.525421
710,8,0.526538
710,9,0.492954
710,10,0.495780
710,11,0.464885
710,12,0.452927
710,13,0.468511
710,14,0.503250
710,15,0.546789
711,1,0.532036
711,2,0.495444
711,3,0.531289
711,4,0.536505
711,5,0.516067
711,6,0.524167
711,7,0.474964
711,8,0.491869
711,9,0.523751
711,10,0.496975
711,11,0.536497
711,12,0.535754
711,13,0.441741
711,14,0.202543
711,15,0.453575
712,1,0.471671
712,2,0.488926
712,3,0.472810
712,4,0.499687
712,5,0.531300
712,6,0.472171
712,7,0.432268
712,8,0.488311
712,9,0.535135
712,10,0.547517
712,11,0.503420
712,12,0.526467
712,13,0.490319
712,14,0.463912
712,15,0.465042
713,1,0.459104
713,2,0.468074
713,3,0.452406
713,4,0.484975
713,5,0.496240
713,6,0.496331
713,7,0.479884
713,8,0.458221
713,9,0.500834
713,10,0.472812
713,11,0.525831
713,12,0.504218
713,13,0.483348
713,14,0.464451
713,15,0.357879
714,1,0.547988
714,2,0.496711
714,3,0.514134
714,4,0.503569
714,5,0.547996
714,6,0.507995
714,7,0.452923
714,8,0.484493
714,9,0.508885
714,10,0.512508
714,11,0.466512
714,12,0.497469
714,13,0.547810
714,14,0.501954
714,15,0.445859
715,1,0.525831
715,2,0.508197
715,3,0.464451
715,4,0.493297
715,5,0.494591
715,6,0.464451
715,7,0.290060
715,8,0.458048
715,9,0.515591
715,10,0.532275
715,11,0.515801
715,12,0.530243
715,13,0.472171
715,14,0.488499
715,15,0.459373
716,1,0.453575
716,2,0.533558
716,3,0.498768
716,4,0.468327
716,5,0.465675
716,6,0.522332
716,7,0.438714
716,8,0.453644
716,9,0.471671
716,10,0.279891
716,11,0.440707
716,12,0.449547
716,13,0.498659
716,14,0.355560
716,15,0.480133
717,1,0.466679
717,2,0.490944
717,3,0.525746
717,4,0.492995
717,5,0.535135
717,6,0.535135
717,7,0.531355
717,8,0.473575
717,9,0.354314
717,10,0.525634
717,11,0.524795
717,12,0.509449
717,13,0.459125
717,14,0.434589
717,15,0.522955
718,1,0.442102
718,2,0.353525
718,3,0.431263
718,4,0.459244
718,5,0.466679
718,6,0.487234
718,7,0.486092
718,8,0.521309
718,9,0.531964
718,10,0.473575
718,11,0.525831
718,12,0.515190
718,13,0.359631
718,14,0.217294
718,15,0.466679
719,1,0.462657
719,2,0.470300
719,3,0.443231
719,4,0.453644
719,5,0.312141
719,6,0.488028
719,7,0.535097
719,8,0.498753
719,9,0.498659
719,10,0.549194
719,11,0.492320
719,12,0.531229
719,13,0.521309
719,14,0.532275
719,15,0.488479
720,1,0.548126
720,2,0.521776
720,3,0.475787
720,4,0.434589
720,5,0.537023
720,6,0.490456
720,7,0.535561
720,8,0.490012
720,9,0.523751
720,10,0.535097
720,11,0.526667
720,12,0.515241
720,13,0.506438
720,14,0.466679
720,15,0.456067
721,1,0.467179
721,2,0.523751
721,3,0.512517
721,4,0.498619
721,5,0.452883
721,6,0.440470
721,7,0.485997
721,8,0.490635
721,9,0.455372
721,10,0.456919
721,11,0.524980
721,12,0.482369
721,13,0.524486
721,14,0.515584
721,15,0.498377
722,1,0.496099
722,2,0.508684
722,3,0.462727
722,4,0.524980
722,5,0.359774
722,6,0.534939
722,7,0.507995
722,8,0.501968
722,9,0.470750
722,10,0.512644
722,11,0.463546
722,12,0.488311
722,13,0.491392
722,14,0.548126
722,15,0.467553
723,1,0.432268
723,2,0.492131
723,3,0.518965
723,4,0.496231
723,5,0.531964
723,6,0.508421
723,7,0.525565
723,8,0.464781
723,9,0.493453
723,10,0.455058
723,11,0.501915
723,12,0.467553
723,13,0.522955
723,14,0.523265
723,15,0.514439
724,1,0.497399
724,2,0.497922
724,3,0.464885
724,4,0.478468
724,5,0.451927
724,6,0.502595
724,7,0.467553
724,8,0.490635
724,9,0.461407
724,10,0.466679
724,11,0.501695
724,12,0.451025
724,13,0.470129
724,14,0.455654
724,15,0.535561
725,1,0.358855
725,2,0.484267
725,3,0.531204
725,4,0.438214
725,5,0.448261
725,6,0.487234
725,7,0.519925
725,8,0.462672
725,9,0.484975
725,10,0.472171
725,11,0.495524
725,12,0.535602
725,13,0.531355
725,14,0.467553
725,15,0.522955
726,1,0.466679
726,2,0.458651
726,3,0.457338
726,4,0.480839
726,5,0.458625
726,6,0.354876
726,7,0.456857
726,8,0.473052
726,9,0.547988
726,10,0.514648
726,11,0.505408
726,12,0.486922
726,13,0.520247
726,14,0.464885
726,15,0.521049
727,1,0.434589
727,2,0.471671
727,3,0.501445
727,4,0.450445
727,5,0.494004
727,6,0.470206
727,7,0.488799
727,8,0.493389
727,9,0.492320
727,10,0.548126
727,11,0.463013
727,12,0.530163
727,13,0.517833
727,14,0.456686
727,15,0.347085
728,1,0.502595
728,2,0.533129
728,3,0.507792
728,4,0.460154
728,5,0.534205
728,6,0.458895
728,7,0.499687
728,8,0.475038
728,9,0.501388
728,10,0.522332
728,11,0.495429
728,12,0.498089
728,13,0.509385
728,14,0.472354
728,15,0.459244
729,1,0.455847
729,2,0.459058
729,3,0.499060
729,4,0.509449
729,5,0.515584
729,6,0.473455
729,7,0.500095
729,8,0.486922
729,9,0.463013
729,10,0.499687
729,11,0.491392
729,12,0.463013
729,13,0.524495
729,14,0.513105
729,15,0.493644
730,1,0.531292
730,2,0.519583
730,3,0.522955
730,4,0.460568
730,5,0.523149
730,6,0.465019
730,7,0.541990
730,8,0.491845
730,9,0.464451
730,10,0.532846
730,11,0.495444
730,12,0.531289
730,13,0.510903
730,14,0.515591
730,15,0.445859
731,1,0.501264
731,2,0.361351
731,3,0.462491
731,4,0.456857
731,5,0.511715
731,6,0.466988
731,7,0.525415
731,8,0.514464
731,9,0.472977
731,10,0.484975
731,11,0.509180
731,12,0.514107
731,13,0.462370
731,14,0.471671
731,15,0.535561
732,1,0.488499
732,2,0.548126
732,3,0.515192
732,4,0.494301
732,5,0.471671
732,6,0.485885
732,7,0.520664
732,8,0.533703
732,9,0.534495
732,10,0.535135
732,11,0.510891
732,12,0.463013
732,13,0.495951
732,14,0.489060
732,15,0.522483
733,1,0.493297
733,2,0.493637
733,3,0.473188
733,4,0.486708
733,5,0.492966
733,6,0.501399
733,7,0.536505
733,8,0.439357
733,9,0.353975
733,10,0.535561
733,11,0.506787
733,12,0.547988
733,13,0.510919
733,14,0.471671
733,15,0.493850
734,1,0.524486
734,2,0.512449
734,3,0.466988
734,4,0.471671
734,5,0.445859
734,6,0.525831
734,7,0.499226
734,8,0.480839
734,9,0.535561
734,10,0.526538
734,11,0.476155
734,12,0.217294
734,13,0.501068
734,14,0.471671
734,15,0.490012
735,1,0.464451
735,2,0.525419
735,3,0.466988
735,4,0.486708
735,5,0.519925
735,6,0.511358
735,7,0.531429
735,8,0.446359
735,9,0.450133
735,10,0.519867
735,11,0.495780
735,12,0.509724
735,13,0.510564
735,14,0.501399
735,15,0.468407
736,1,0.453787
736,2,0.468937
736,3,0.469224
736,4,0.479590
736,5,0.511715
736,6,0.512362
736,7,0.503420
736,8,0.531300
736,9,0.464966
736,10,0.525746
736,11,0.532282
736,12,0.380913
736,13,0.536737
736,14,0.492966
736,15,0.459058
737,1,0.451927
737,2,0.478039
737,3,0.456857
737,4,0.446359
737,5,0.471671
737,6,0.485092
737,7,0.525419
737,8,0.524296
737,9,0.500346
737,10,0.524167
737,11,0.524296
737,12,0.521155
737,13,0.532275
737,14,0.445859
737,15,0.492966
738,1,0.534946
738,2,0.498184
738,3,0.471810
738,4,0.480839
738,5,0.457821
738,6,0.502595
738,7,0.526122
738,8,0.508780
738,9,0.549040
738,10,0.473907
738,11,0.499687
738,12,0.531355
738,13,0.445859
738,14,0.505408
738,15,0.516035
739,1,0.457620
739,2,0.468327
739,3,0.488926
739,4,0.475192
739,5,0.523265
739,6,0.497733
739,7,0.496656
739,8,0.536497
739,9,0.511511
739,10,0.526467
739,11,0.476399
739,12,0.525415
739,13,0.478244
739,14,0.462129
739,15,0.456857
740,1,0.359523
740,2,0.456857
740,3,0.491431
740,4,0.513933
740,5,0.516067
740,6,0.511099
740,7,0.435590
740,8,0.485092
740,9,0.506708
740,10,0.495973
740,11,0.464885
740,12,0.434589
740,13,0.535561
740,14,0.441741
740,15,0.525831
741,1,0.468327
741,2,0.445859
741,3,0.279891
741,4,0.475948
741,5,0.495640
741,6,0.486493
741,7,0.522850
741,8,0.534062
741,9,0.492786
741,10,0.491269
741,11,0.522850
741,12,0.522940
741,13,0.476278
741,14,0.526667
741,15,0.435590
742,1,0.468258
742,2,0.488926
742,3,0.530884
742,4,0.489543
742,5,0.532359
742,6,0.513671
742,7,0.464451
742,8,0.492131
742,9,0.513183
742,10,0.535252
742,11,0.498445
742,12,0.464451
742,13,0.514221
742,14,0.492795
742,15,0.488926
743,1,0.491392
743,2,0.522850
743,3,0.435590
743,4,0.492954
743,5,0.531300
743,6,0.446359
743,7,0.492954
743,8,0.468327
743,9,0.492966
743,10,0.532649
743,11,0.521309
743,12,0.531294
743,13,0.498995
743,14,0.464451
743,15,0.355560
744,1,0.525831
744,2,0.508885
744,3,0.339031
744,4,0.405085
744,5,0.487234
744,6,0.515781
744,7,0.493975
744,8,0.496099
744,9,0.457620
744,10,0.523149
744,11,0.464518
744,12,0.525831
744,13,0.504218
744,14,0.493314
744,15,0.505280
745,1,0.564999
745,2,0.509730
745,3,0.457620
745,4,0.466276
745,5,0.534939
745,6,0.526122
745,7,0.494605
745,8,0.487216
745,9,0.498321
745,10,0.507182
745,11,0.523275
745,12,0.514856
745,13,0.441741
745,14,0.479892
745,15,0.534221
746,1,0.513112
746,2,0.435590
746,3,0.525969
746,4,0.515233
746,5,0.472171
746,6,0.445859
746,7,0.526614
746,8,0.515801
746,9,0.526467
746,10,0.513148
746,11,0.452827
746,12,0.501691
746,13,0.506787
746,14,0.492320
746,15,0.531229
747,1,0.513148
747,2,0.526538
747,3,0.474163
747,4,0.480236
747,5,0.534939
747,6,0.530627
747,7,0.526467
747,8,0.465385
747,9,0.493538
747,10,0.459058
747,11,0.500790
747,12,0.526667
747,13,0.520664
747,14,0.531964
747,15,0.464209
748,1,0.467673
748,2,0.466679
748,3,0.492659
748,4,0.459058
748,5,0.466276
748,6,0.525831
748,7,0.426354
748,8,0.480839
748,9,0.442102
748,10,0.490456
748,11,0.524980
748,12,0.511715
748,13,0.463495
748,14,0.490102
748,15,0.491357
749,1,0.445859
749,2,0.502476
749,3,0.547988
749,4,0.523806
749,5,0.521155
749,6,0.526538
749,7,0.521309
749,8,0.467553
749,9,0.485885
749,10,0.534607
749,11,0.515801
749,12,0.526538
749,13,0.515241
749,14,0.466487
749,15,0.453368
750,1,0.515541
750,2,0.526122
750,3,0.467573
750,4,0.535353
750,5,0.357566
750,6,0.524495
750,7,0.356201
750,8,0.501388
750,9,0.506117
750,10,0.488311
750,11,0.495780
750,12,0.459058
750,13,0.525421
750,14,0.500874
750,15,0.470061
751,1,0.459244
751,2,0.477394
751,3,0.513981
751,4,0.490073
751,5,0.523806
751,6,0.532282
751,7,0.528681
751,8,0.496975
751,9,0.522257
751,10,0.495124
751,11,0.457720
751,12,0.501899
751,13,0.463753
751,14,0.452406
751,15,0.500857
752,1,0.445859
752,2,0.434589
752,3,0.505408
752,4,0.483348
752,5,0.524980
752,6,0.499335
752,7,0.525746
752,8,0.517394
752,9,0.535097
752,10,0.495638
752,11,0.523136
752,12,0.514148
752,13,0.473455
752,14,0.522850
752,15,0.555709
753,1,0.528681
753,2,0.516271
753,3,0.513102
753,4,0.457620
753,5,0.523136
753,6,0.465281
753,7,0.476021
753,8,0.521049
753,9,0.491845
753,10,0.491357
753,11,0.445859
753,12,0.499248
753,13,0.535561
753,14,0.488499
753,15,0.495780
754,1,0.522940
754,2,0.535353
754,3,0.532275
754,4,0.492966
754,5,0.498184
754,6,0.549194
754,7,0.426354
754,8,0.445859
754,9,0.519457
754,10,0.526538
754,11,0.517394
754,12,0.493690
754,13,0.548438
754,14,0.463892
754,15,0.533558
755,1,0.531964
755,2,0.526467
755,3,0.472171
755,4,0.490102
755,5,0.459373
755,6,0.525583
755,7,0.464451
755,8,0.534058
755,9,0.508421
755,10,0.535252
755,11,0.467553
755,12,0.500416
755,13,0.521591
755,14,0.534661
755,15,0.546402
756,1,0.531229
756,2,0.464885
756,3,0.452927
756,4,0.513747
756,5,0.454266
756,6,0.452595
756,7,0.511099
756,8,0.508904
756,9,0.435590
756,10,0.466487
756,11,0.499911
756,12,0.520813
756,13,0.467573
756,14,0.472171
756,15,0.451927
757,1,0.471205
757,2,0.453644
757,3,0.446359
757,4,0.456919
757,5,0.489446
757,6,0.533443
757,7,0.515591
757,8,0.492939
757,9,0.495780
757,10,0.522940
757,11,0.522860
757,12,0.479438
757,13,0.431107
757,14,0.507994
757,15,0.454336
758,1,0.456919
758,2,0.467011
758,3,0.495444
758,4,0.466019
758,5,0.451927
758,6,0.479484
758,7,0.484803
758,8,0.286981
758,9,0.454833
758,10,0.506438
758,11,0.524190
758,12,0.523806
758,13,0.512362
758,14,0.525622
758,15,0.501954
759,1,0.465872
759,2,0.450025
759,3,0.494021
759,4,0.495679
759,5,0.497560
759,6,0.532860
759,7,0.519225
759,8,0.514550
759,9,0.515233
759,10,0.495553
759,11,0.489730
759,12,0.467553
759,13,0.490635
759,14,0.469842
759,15,0.501068
760,1,0.464209
760,2,0.511077
760,3,0.464451
760,4,0.504584
760,5,0.481419
760,6,0.457790
760,7,0.526342
760,8,0.458283
760,9,0.502270
760,10,0.493638
760,11,0.532860
760,12,0.526667
760,13,0.514550
760,14,0.453168
760,15,0.452420
761,1,0.511854
761,2,0.493879
761,3,0.495057
761,4,0.463013
761,5,0.499687
761,6,0.459310
761,7,0.431107
761,8,0.485092
761,9,0.525419
761,10,0.217795
761,11,0.471671
761,12,0.466487
761,13,0.466490
761,14,0.501691
761,15,0.492320
762,1,0.534221
762,2,0.526538
762,3,0.514856
762,4,0.526667
762,5,0.455689
762,6,0.455031
762,7,0.501068
762,8,0.434589
762,9,0.467136
762,10,0.494080
762,11,0.397650
762,12,0.523751
762,13,0.524296
762,14,0.516271
762,15,0.472171
763,1,0.472218
763,2,0.505057
763,3,0.532248
763,4,0.531964
763,5,0.515192
763,6,0.509962
763,7,0.472977
763,8,0.466115
763,9,0.353563
763,10,0.435400
763,11,0.466679
763,12,0.507497
763,13,0.527888
763,14,0.458120
763,15,0.462454
764,1,0.524190
764,2,0.533278
764,3,0.492320
764,4,0.547517
764,5,0.495780
764,6,0.521598
764,7,0.515241
764,8,0.476278
764,9,0.526538
764,10,0.493922
764,11,0.466881
764,12,0.532821
764,13,0.426354
764,14,0.445859
764,15,0.485092
765,1,0.254376
765,2,0.536737
765,3,0.548438
765,4,0.495339
765,5,0.495364
765,6,0.434589
765,7,0.485885
765,8,0.495429
765,9,0.468604
765,10,0.465088
765,11,0.494533
765,12,0.445859
765,13,0.485885
765,14,0.506223
765,15,0.498659
766,1,0.464585
766,2,0.525415
766,3,0.533129
766,4,0.487969
766,5,0.531355
766,6,0.434096
766,7,0.496877
766,8,0.502802
766,9,0.488655
766,10,0.493815
766,11,0.549381
766,12,0.469154
766,13,0.506369
766,14,0.480839
766,15,0.490456
767,1,0.477549
767,2,0.525634
767,3,0.534894
767,4,0.434589
767,5,0.535135
767,6,0.500095
767,7,0.532649
767,8,0.523751
767,9,0.445859
767,10,0.361866
767,11,0.451927
767,12,0.452176
767,13,0.313532
767,14,0.473996
767,15,0.501691
768,1,0.490314
768,2,0.493648
768,3,0.523064
768,4,0.554919
768,5,0.537900
768,6,0.574110
768,7,0.510891
768,8,0.526538
768,9,0.510903
768,10,0.436940
768,11,0.466487
768,12,0.202543
768,13,0.534946
768,14,0.495444
768,15,0.522940
769,1,0.523217
769,2,0.507121
769,3,0.522955
769,4,0.493922
769,5,0.535135
769,6,0.515813
769,7,0.473913
769,8,0.484975
769,9,0.470163
769,10,0.492922
769,11,0.522092
769,12,0.512131
769,13,0.547988
769,14,0.471671
769,15,0.494330
770,1,0.466549
770,2,0.502476
770,3,0.493545
770,4,0.509554
770,5,0.491845
770,6,0.487903
770,7,0.532649
770,8,0.511715
770,9,0.509449
770,10,0.524167
770,11,0.445859
770,12,0.526460
770,13,0.467553
770,14,0.465762
770,15,0.464246
771,1,0.535561
771,2,0.535135
771,3,0.309473
771,4,0.353391
771,5,0.526433
771,6,0.462561
771,7,0.489306
771,8,0.451927
771,9,0.473262
771,10,0.202543
771,11,0.453469
771,12,0.500497
771,13,0.547988
771,14,0.493690
771,15,0.491392
772,1,0.457620
772,2,0.444870
772,3,0.452176
772,4,0.438229
772,5,0.480839
772,6,0.520033
772,7,0.526538
772,8,0.469373
772,9,0.524980
772,10,0.491431
772,11,0.492441
772,12,0.531300
772,13,0.467573
772,14,0.514439
772,15,0.523210
773,1,0.471671
773,2,0.487507
773,3,0.576623
773,4,0.526538
773,5,0.520664
773,6,0.511358
773,7,0.522167
773,8,0.534607
773,9,0.473907
773,10,0.524495
773,11,0.462561
773,12,0.458651
773,13,0.354185
773,14,0.452960
773,15,0.468817
774,1,0.466930
774,2,0.361690
774,3,0.536466
774,4,0.522962
774,5,0.456243
774,6,0.501915
774,7,0.426354
774,8,0.535135
774,9,0.526467
774,10,0.495429
774,11,0.531289
774,12,0.446359
774,13,0.504393
774,14,0.523149
774,15,0.465385
775,1,0.434589
775,2,0.534939
775,3,0.464078
775,4,0.466679
775,5,0.525546
775,6,0.509977
775,7,0.434589
775,8,0.466117
775,9,0.491406
775,10,0.547517
775,11,0.502802
775,12,0.457620
775,13,0.525546
775,14,0.534221
775,15,0.490529
776,1,0.523064
776,2,0.499714
776,3,0.496091
776,4,0.533621
776,5,0.515025
776,6,0.455120
776,7,0.431107
776,8,0.486708
776,9,0.515781
776,10,0.536505
776,11,0.495638
776,12,0.524486
776,13,0.515591
776,14,0.485880
776,15,0.557856
777,1,0.536797
777,2,0.522955
777,3,0.538702
777,4,0.468327
777,5,0.494080
777,6,0.576623
777,7,0.453557
777,8,0.497287
777,9,0.491392
777,10,0.522850
777,11,0.535770
777,12,0.460755
777,13,0.511077
777,14,0.536466
777,15,0.491262
778,1,0.468013
778,2,0.487234
778,3,0.498659
778,4,0.536505
778,5,0.531964
778,6,0.526467
778,7,0.435590
778,8,0.525969
778,9,0.503420
778,10,0.426354
778,11,0.465951
778,12,0.437995
778,13,0.534468
778,14,0.358697
778,15,0.489271
779,1,0.341859
779,2,0.454912
779,3,0.533004
779,4,0.489863
779,5,0.462672
779,6,0.459244
779,7,0.550689
779,8,0.453144
779,9,0.499687
779,10,0.520247
779,11,0.493644
779,12,0.522940
779,13,0.524296
779,14,0.515823
779,15,0.471671
780,1,0.464451
780,2,0.522483
780,3,0.359620
780,4,0.475086
780,5,0.442306
780,6,0.452673
780,7,0.356810
780,8,0.217294
780,9,0.457512
780,10,0.533868
780,11,0.523149
780,12,0.501967
780,13,0.473866
780,14,0.466679
780,15,0.465688
781,1,0.476239
781,2,0.463058
781,3,0.513007
781,4,0.524625
781,5,0.494255
781,6,0.217294
781,7,0.492320
781,8,0.354326
781,9,0.354743
781,10,0.469492
781,11,0.493545
781,12,0.474496
781,13,0.525634
781,14,0.491845
781,15,0.548126
782,1,0.526538
782,2,0.495764
782,3,0.496099
782,4,0.466881
782,5,0.479866
782,6,0.485214
782,7,0.426354
782,8,0.465389
782,9,0.500095
782,10,0.466679
782,11,0.524980
782,12,0.525419
782,13,0.515823
782,14,0.489618
782,15,0.508197
783,1,0.464885
783,2,0.431107
783,3,0.484975
783,4,0.495892
783,5,0.443116
783,6,0.493922
783,7,0.354326
783,8,0.453469
783,9,0.486133
783,10,0.463912
783,11,0.532821
783,12,0.426354
783,13,0.485880
783,14,0.526538
783,15,0.521309
784,1,0.492320
784,2,0.457620
784,3,0.464451
784,4,0.514032
784,5,0.500416
784,6,0.530390
784,7,0.515241
784,8,0.446359
784,9,0.504406
784,10,0.512131
784,11,0.524167
784,12,0.493682
784,13,0.531429
784,14,0.452414
784,15,0.492966
785,1,0.548001
785,2,0.508197
785,3,0.475598
785,4,0.435590
785,5,0.217294
785,6,0.492966
785,7,0.501399
785,8,0.341891
785,9,0.446895
785,10,0.512943
785,11,0.535252
785,12,0.351259
785,13,0.452420
785,14,0.511425
785,15,0.217795
786,1,0.516965
786,2,0.495780
786,3,0.457720
786,4,0.536737
786,5,0.471411
786,6,0.520543
786,7,0.311619
786,8,0.466928
786,9,0.479484
786,10,0.464046
786,11,0.502282
786,12,0.509730
786,13,0.469856
786,14,0.525415
786,15,0.488479
787,1,0.493637
787,2,0.471900
787,3,0.490862
787,4,0.473996
787,5,0.467620
787,6,0.451927
787,7,0.506117
787,8,0.514032
787,9,0.490635
787,10,0.489730
787,11,0.526667
787,12,0.516271
787,13,0.512449
787,14,0.524167
787,15,0.455724
788,1,0.453787
788,2,0.506886
788,3,0.523149
788,4,0.510903
788,5,0.535097
788,6,0.521906
788,7,0.514550
788,8,0.495339
788,9,0.533443
788,10,0.524486
788,11,0.500346
788,12,0.465088
788,13,0.431107
788,14,0.525831
788,15,0.359293
789,1,0.506085
789,2,0.524980
789,3,0.516344
789,4,0.494983
789,5,0.536497
789,6,0.523210
789,7,0.435590
789,8,0.496975
789,9,0.461032
789,10,0.336163
789,11,0.442657
789,12,0.458202
789,13,0.462491
789,14,0.500790
789,15,0.466679
790,1,0.451927
790,2,0.494752
790,3,0.498313
790,4,0.469783
790,5,0.458202
790,6,0.524795
790,7,0.472171
790,8,0.480839
790,9,0.548001
790,10,0.475634
790,11,0.466679
790,12,0.358855
790,13,0.478187
790,14,0.516601
790,15,0.519925
791,1,0.452033
791,2,0.452420
791,3,0.523751
791,4,0.508441
791,5,0.488990
791,6,0.464872
791,7,0.524495
791,8,0.426354
791,9,0.456919
791,10,0.465762
791,11,0.437995
791,12,0.464675
791,13,0.456857
791,14,0.535252
791,15,0.495638
792,1,0.548550
792,2,0.489341
792,3,0.497962
792,4,0.458162
792,5,0.442256
792,6,0.492475
792,7,0.533276
792,8,0.351259
792,9,0.486922
792,10,0.489386
792,11,0.508353
792,12,0.525746
792,13,0.515823
792,14,0.473907
792,15,0.513212
793,1,0.513671
793,2,0.435590
793,3,0.467150
793,4,0.532275
793,5,0.531355
793,6,0.509962
793,7,0.434589
793,8,0.522850
793,9,0.495429
793,10,0.535353
793,11,0.464872
793,12,0.532821
793,13,0.531204
793,14,0.441741
793,15,0.488479
794,1,0.490456
794,2,0.473996
794,3,0.493650
794,4,0.546789
794,5,0.526122
794,6,0.474163
794,7,0.334511
794,8,0.502374
794,9,0.492320
794,10,0.463013
794,11,0.503197
794,12,0.534727
794,13,0.445859
794,14,0.457512
794,15,0.514965
795,1,0.526538
795,2,0.492954
795,3,0.523149
795,4,0.523136
795,5,0.445859
795,6,0.496975
795,7,0.501399
795,8,0.468941
795,9,0.279891
795,10,0.436810
795,11,0.434114
795,12,0.455047
795,13,0.531964
795,14,0.458895
795,15,0.530163
796,1,0.494821
796,2,0.492454
796,3,0.534518
796,4,0.467268
796,5,0.521591
796,6,0.509180
796,7,0.434589
796,8,0.492441
796,9,0.487013
796,10,0.467158
796,11,0.202543
796,12,0.502595
796,13,0.500416
796,14,0.530390
796,15,0.474056
797,1,0.488303
797,2,0.531300
797,3,0.495764
797,4,0.522860
797,5,0.510284
797,6,0.502170
797,7,0.491869
797,8,0.464451
797,9,0.498979
797,10,0.469356
797,11,0.456067
797,12,0.511715
797,13,0.476148
797,14,0.480839
797,15,0.548411
798,1,0.426354
798,2,0.522955
798,3,0.442436
798,4,0.504034
798,5,0.467553
798,6,0.459642
798,7,0.515241
798,8,0.510824
798,9,0.489862
798,10,0.460423
798,11,0.503250
798,12,0.467136
798,13,0.498482
798,14,0.521217
798,15,0.519348
799,1,0.492995
799,2,0.468608
799,3,0.524495
799,4,0.426354
799,5,0.495444
799,6,0.531289
799,7,0.512790
799,8,0.465238
799,9,0.487234
799,10,0.515781
799,11,0.533276
799,12,0.479165
799,13,0.488987
799,14,0.521049
799,15,0.542853
800,1,0.457620
800,2,0.451927
800,3,0.490715
800,4,0.531300
800,5,0.467137
800,6,0.491344
800,7,0.522332
800,8,0.445859
800,9,0.503375
800,10,0.524296
800,11,0.495812
800,12,0.535010
800,13,0.526667
800,14,0.435590
800,15,0.498659
801,1,0.397650
801,2,0.466019
801,3,0.485729
801,4,0.526538
801,5,0.520664
801,6,0.470918
801,7,0.202543
801,8,0.466679
801,9,0.521591
801,10,0.361866
801,11,0.451927
801,12,0.506117
801,13,0.467926
801,14,0.356810
801,15,0.525634
802,1,0.501603
802,2,0.336602
802,3,0.489589
802,4,0.466054
802,5,0.493825
802,6,0.548411
802,7,0.499226
802,8,0.434589
802,9,0.524495
802,10,0.445859
802,11,0.506787
802,12,0.479902
802,13,0.494258
802,14,0.509180
802,15,0.472171
803,1,0.452010
803,2,0.469356
803,3,0.487234
803,4,0.476552
803,5,0.487670
803,6,0.359774
803,7,0.467429
803,8,0.354314
803,9,0.503522
803,10,0.513597
803,11,0.467837
803,12,0.526614
803,13,0.462561
803,14,0.458651
803,15,0.459558
804,1,0.500548
804,2,0.535561
804,3,0.466679
804,4,0.525421
804,5,0.488499
804,6,0.470061
804,7,0.459433
804,8,0.437436
804,9,0.374416
804,10,0.501691
804,11,0.530627
804,12,0.512508
804,13,0.467573
804,14,0.496975
804,15,0.524167
805,1,0.512131
805,2,0.524296
805,3,0.496975
805,4,0.524486
805,5,0.536497
805,6,0.523149
805,7,0.523265
805,8,0.446359
805,9,0.526614
805,10,0.498753
805,11,0.492954
805,12,0.529871
805,13,0.498377
805,14,0.522940
805,15,0.535252
806,1,0.460755
806,2,0.474698
806,3,0.533868
806,4,0.508305
806,5,0.531964
806,6,0.508127
806,7,0.462956
806,8,0.487234
806,9,0.494255
806,10,0.531300
806,11,0.515241
806,12,0.510824
806,13,0.434589
806,14,0.456919
806,15,0.451927
807,1,0.499764
807,2,0.442102
807,3,0.471980
807,4,0.525831
807,5,0.470431
807,6,0.523265
807,7,0.360682
807,8,0.484728
807,9,0.466555
807,10,0.352148
807,11,0.336829
807,12,0.457512
807,13,0.513981
807,14,0.532604
807,15,0.535011
808,1,0.495339
808,2,0.548550
808,3,0.467553
808,4,0.464872
808,5,0.499687
808,6,0.463495
808,7,0.485885
808,8,0.517394
808,9,0.358186
808,10,0.460023
808,11,0.455713
808,12,0.455713
808,13,0.494591
808,14,0.530884
808,15,0.486625
809,1,0.492995
809,2,0.491852
809,3,0.529871
809,4,0.535135
809,5,0.531964
809,6,0.515192
809,7,0.526538
809,8,0.475787
809,9,0.467553
809,10,0.451927
809,11,0.485880
809,12,0.494256
809,13,0.533443
809,14,0.496331
809,15,0.548438
810,1,0.531355
810,2,0.509962
810,3,0.491390
810,4,0.453966
810,5,0.405085
810,6,0.497469
810,7,0.355713
810,8,0.525242
810,9,0.435089
810,10,0.492746
810,11,0.468608
810,12,0.479155
810,13,0.523751
810,14,0.515821
810,15,0.454283
811,1,0.461488
811,2,0.452176
811,3,0.500611
811,4,0.455255
811,5,0.466855
811,6,0.448730
811,7,0.459244
811,8,0.525831
811,9,0.462561
811,10,0.500416
811,11,0.458651
811,12,0.467659
811,13,0.456857
811,14,0.497241
811,15,0.521390
812,1,0.465385
812,2,0.489544
812,3,0.520247
812,4,0.513383
812,5,0.508315
812,6,0.468608
812,7,0.533558
812,8,0.531204
812,9,0.519650
812,10,0.492954
812,11,0.454886
812,12,0.511077
812,13,0.549014
812,14,0.521361
812,15,0.493305
813,1,0.531289
813,2,0.468604
813,3,0.535097
813,4,0.488479
813,5,0.468157
813,6,0.524980
813,7,0.434589
813,8,0.497453
813,9,0.531964
813,10,0.526467
813,11,0.513148
813,12,0.495638
813,13,0.476155
813,14,0.502115
813,15,0.509982
814,1,0.523210
814,2,0.471671
814,3,0.432336
814,4,0.435590
814,5,0.528478
814,6,0.533808
814,7,0.548001
814,8,0.438214
814,9,0.501264
814,10,0.531229
814,11,0.523265
814,12,0.465385
814,13,0.574110
814,14,0.488479
814,15,0.492297
815,1,0.497804
815,2,0.533443
815,3,0.512449
815,4,0.515823
815,5,0.526538
815,6,0.520664
815,7,0.521906
815,8,0.492648
815,9,0.523149
815,10,0.492027
815,11,0.486128
815,12,0.493637
815,13,0.522955
815,14,0.446359
815,15,0.501899
816,1,0.505408
816,2,0.476861
816,3,0.534661
816,4,0.538139
816,5,0.523265
816,6,0.435590
816,7,0.466487
816,8,0.405085
816,9,0.492746
816,10,0.457620
816,11,0.485880
816,12,0.488311
816,13,0.522955
816,14,0.438714
816,15,0.488028
817,1,0.516271
817,2,0.521155
817,3,0.473455
817,4,0.469752
817,5,0.486335
817,6,0.574110
817,7,0.527474
817,8,0.525746
817,9,0.476248
817,10,0.537116
817,11,0.467553
817,12,0.485885
817,13,0.467179
817,14,0.478640
817,15,0.453827
818,1,0.492659
818,2,0.504352
818,3,0.470328
818,4,0.477936
818,5,0.501068
818,6,0.520813
818,7,0.519710
818,8,0.526667
818,9,0.492763
818,10,0.515290
818,11,0.434260
818,12,0.452673
818,13,0.349784
818,14,0.525634
818,15,0.435590
819,1,0.523751
819,2,0.471671
819,3,0.432268
819,4,0.452673
819,5,0.451025
819,6,0.457743
819,7,0.509576
819,8,0.458219
819,9,0.512759
819,10,0.523806
819,11,0.474694
819,12,0.535097
819,13,0.467553
819,14,0.535135
819,15,0.488697
820,1,0.514590
820,2,0.492954
820,3,0.535135
820,4,0.487535
820,5,0.522483
820,6,0.525419
820,7,0.469356
820,8,0.486708
820,9,0.510055
820,10,0.485880
820,11,0.430471
820,12,0.451892
820,13,0.439677
820,14,0.476585
820,15,0.507898
821,1,0.515707
821,2,0.513148
821,3,0.466824
821,4,0.488311
821,5,0.548126
821,6,0.531229
821,7,0.495553
821,8,0.493742
821,9,0.498438
821,10,0.434589
821,11,0.496331
821,12,0.475737
821,13,0.435590
821,14,0.498519
821,15,0.472171
822,1,0.463495
822,2,0.270057
822,3,0.453644
822,4,0.515823
822,5,0.492786
822,6,0.535011
822,7,0.495476
822,8,0.533443
822,9,0.472171
822,10,0.473652
822,11,0.202543
822,12,0.480514
822,13,0.469663
822,14,0.411744
822,15,0.514032
823,1,0.525604
823,2,0.548550
823,3,0.535602
823,4,0.510768
823,5,0.475537
823,6,0.493922
823,7,0.289726
823,8,0.454104
823,9,0.457620
823,10,0.499515
823,11,0.491330
823,12,0.475192
823,13,0.566955
823,14,0.514856
823,15,0.531964
824,1,0.526467
824,2,0.492954
824,3,0.534518
824,4,0.496346
824,5,0.462956
824,6,0.449476
824,7,0.441293
824,8,0.491431
824,9,0.492441
824,10,0.523210
824,11,0.511099
824,12,0.492537
824,13,0.531429
824,14,0.514550
824,15,0.467553
825,1,0.535135
825,2,0.531355
825,3,0.462561
825,4,0.445859
825,5,0.351479
825,6,0.483759
825,7,0.466124
825,8,0.457402
825,9,0.411744
825,10,0.497469
825,11,0.534661
825,12,0.487969
825,13,0.467553
825,14,0.522955
825,15,0.515823
826,1,0.454336
826,2,0.405085
826,3,0.468894
826,4,0.445859
826,5,0.488479
826,6,0.533443
826,7,0.493690
826,8,0.466881
826,9,0.451120
826,10,0.457743
826,11,0.526342
826,12,0.445859
826,13,0.455629
826,14,0.342808
826,15,0.455544
827,1,0.510139
827,2,0.467136
827,3,0.423462
827,4,0.405085
827,5,0.475718
827,6,0.473996
827,7,0.526433
827,8,0.467136
827,9,0.535258
827,10,0.531355
827,11,0.441741
827,12,0.492320
827,13,0.337457
827,14,0.421429
827,15,0.429600
828,1,0.453644
828,2,0.469856
828,3,0.455031
828,4,0.476362
828,5,0.504584
828,6,0.472542
828,7,0.524859
828,8,0.458283
828,9,0.451927
828,10,0.492659
828,11,0.519393
828,12,0.536737
828,13,0.513183
828,14,0.467573
828,15,0.466487
829,1,0.484233
829,2,0.499418
829,3,0.534661
829,4,0.497560
829,5,0.522940
829,6,0.447123
829,7,0.471811
829,8,0.473088
829,9,0.454912
829,10,0.519782
829,11,0.491859
829,12,0.455366
829,13,0.489962
829,14,0.533129
829,15,0.471671
830,1,0.465762
830,2,0.512380
830,3,0.470163
830,4,0.502497
830,5,0.456635
830,6,0.456919
830,7,0.292577
830,8,0.453644
830,9,0.525419
830,10,0.493441
830,11,0.487903
830,12,0.532649
830,13,0.460123
830,14,0.500790
830,15,0.476337
831,1,0.484975
831,2,0.511854
831,3,0.489070
831,4,0.535770
831,5,0.495444
831,6,0.445859
831,7,0.488028
831,8,0.290393
831,9,0.460114
831,10,0.467297
831,11,0.501068
831,12,0.466679
831,13,0.488499
831,14,0.493637
831,15,0.459058
832,1,0.525546
832,2,0.515801
832,3,0.526538
832,4,0.520664
832,5,0.463674
832,6,0.490608
832,7,0.530302
832,8,0.534221
832,9,0.526467
832,10,0.463457
832,11,0.452355
832,12,0.481053
832,13,0.534939
832,14,0.515190
832,15,0.217795
833,1,0.485034
833,2,0.536505
833,3,0.515813
833,4,0.534607
833,5,0.456706
833,6,0.440470
833,7,0.490619
833,8,0.466487
833,9,0.489176
833,10,0.438214
833,11,0.457702
833,12,0.501264
833,13,0.471671
833,14,0.473138
833,15,0.480236
834,1,0.527888
834,2,0.467361
834,3,0.534661
834,4,0.217294
834,5,0.478090
834,6,0.506847
834,7,0.574110
834,8,0.515813
834,9,0.501967
834,10,0.476431
834,11,0.467927
834,12,0.498833
834,13,0.217795
834,14,0.482711
834,15,0.469356
835,1,0.520477
835,2,0.468407
835,3,0.494132
835,4,0.525242
835,5,0.500017
835,6,0.526324
835,7,0.512759
835,8,0.474056
835,9,0.534939
835,10,0.213177
835,11,0.434589
835,12,0.370098
835,13,0.475983
835,14,0.535135
835,15,0.495444
836,1,0.459083
836,2,0.535353
836,3,0.340945
836,4,0.405085
836,5,0.497469
836,6,0.498979
836,7,0.533083
836,8,0.523149
836,9,0.520651
836,10,0.493637
836,11,0.530507
836,12,0.525419
836,13,0.446359
836,14,0.512167
836,15,0.501399
837,1,0.496099
837,2,0.455366
837,3,0.501915
837,4,0.531204
837,5,0.445859
837,6,0.525546
837,7,0.531964
837,8,0.531355
837,9,0.531300
837,10,0.535252
837,11,0.574110
837,12,0.492320
837,13,0.522955
837,14,0.492995
837,15,0.434589
838,1,0.525546
838,2,0.471671
838,3,0.525546
838,4,0.462561
838,5,0.534946
838,6,0.473138
838,7,0.453469
838,8,0.466423
838,9,0.521049
838,10,0.457143
838,11,0.457120
838,12,0.472171
838,13,0.488926
838,14,0.491392
838,15,0.457420
839,1,0.523064
839,2,0.536505
839,3,0.532275
839,4,0.495444
839,5,0.459058
839,6,0.485885
839,7,0.489134
839,8,0.481361
839,9,0.535135
839,10,0.534221
839,11,0.470918
839,12,0.453469
839,13,0.488897
839,14,0.521486
839,15,0.512131
840,1,0.455724
840,2,0.505202
840,3,0.434589
840,4,0.405085
840,5,0.466824
840,6,0.508960
840,7,0.525419
840,8,0.535097
840,9,0.454940
840,10,0.488028
840,11,0.493850
840,12,0.466487
840,13,0.459289
840,14,0.431107
840,15,0.505171
841,1,0.498503
841,2,0.516007
841,3,0.435590
841,4,0.494256
841,5,0.469842
841,6,0.452910
841,7,0.458581
841,8,0.405085
841,9,0.440349
841,10,0.491845
841,11,0.489618
841,12,0.520649
841,13,0.548126
841,14,0.495339
841,15,0.434589
842,1,0.431107
842,2,0.498445
842,3,0.469356
842,4,0.487234
842,5,0.472171
842,6,0.460062
842,7,0.456649
842,8,0.437459
842,9,0.467429
842,10,0.566955
842,11,0.534058
842,12,0.359293
842,13,0.524495
842,14,0.251032
842,15,0.574110
843,1,0.471671
843,2,0.488499
843,3,0.535135
843,4,0.491357
843,5,0.547075
843,6,0.513105
843,7,0.526170
843,8,0.503569
843,9,0.547996
843,10,0.514464
843,11,0.473575
843,12,0.489271
843,13,0.334483
843,14,0.457120
843,15,0.254376
844,1,0.466679
844,2,0.458048
844,3,0.460720
844,4,0.466481
844,5,0.475159
844,6,0.513693
844,7,0.489608
844,8,0.533558
844,9,0.481802
844,10,0.474698
844,11,0.435590
844,12,0.501753
844,13,0.336829
844,14,0.457512
844,15,0.524795
845,1,0.496975
845,2,0.549040
845,3,0.460763
845,4,0.457620
845,5,0.485885
845,6,0.520664
845,7,0.515801
845,8,0.515801
845,9,0.467553
845,10,0.411744
845,11,0.453592
845,12,0.468327
845,13,0.471443
845,14,0.472494
845,15,0.505171
846,1,0.534894
846,2,0.472171
846,3,0.488311
846,4,0.531300
846,5,0.493922
846,6,0.495780
846,7,0.535770
846,8,0.522376
846,9,0.521256
846,10,0.496975
846,11,0.511193
846,12,0.535754
846,13,0.526667
846,14,0.492966
846,15,0.492795
847,1,0.467158
847,2,0.526433
847,3,0.426354
847,4,0.446717
847,5,0.492320
847,6,0.457620
847,7,0.487585
847,8,0.522850
847,9,0.522940
847,10,0.472171
847,11,0.536737
847,12,0.522955
847,13,0.512949
847,14,0.525419
847,15,0.521155
848,1,0.445859
848,2,0.481084
848,3,0.483763
848,4,0.536505
848,5,0.475054
848,6,0.484254
848,7,0.574110
848,8,0.471671
848,9,0.451927
848,10,0.490715
848,11,0.470105
848,12,0.453469
848,13,0.511854
848,14,0.463495
848,15,0.466679
849,1,0.467425
849,2,0.492659
849,3,0.478124
849,4,0.466487
849,5,0.459058
849,6,0.451025
849,7,0.439245
849,8,0.459373
849,9,0.524980
849,10,0.473652
849,11,0.501873
849,12,0.536244
849,13,0.307853
849,14,0.524209
849,15,0.467553
850,1,0.490635
850,2,0.505280
850,3,0.546623
850,4,0.531838
850,5,0.492320
850,6,0.459497
850,7,0.457620
850,8,0.473996
850,9,0.504584
850,10,0.489830
850,11,0.522332
850,12,0.511883
850,13,0.452414
850,14,0.499714
850,15,0.466487
851,1,0.459244
851,2,0.477394
851,3,0.492079
851,4,0.532984
851,5,0.510768
851,6,0.445991
851,7,0.534221
851,8,0.542569
851,9,0.534577
851,10,0.534518
851,11,0.496346
851,12,0.534062
851,13,0.426354
851,14,0.522955
851,15,0.525419
852,1,0.521309
852,2,0.470976
852,3,0.523265
852,4,0.492537
852,5,0.535754
852,6,0.531355
852,7,0.467553
852,8,0.485885
852,9,0.489911
852,10,0.467553
852,11,0.526614
852,12,0.471079
852,13,0.514107
852,14,0.501346
852,15,0.506124
853,1,0.531964
853,2,0.495780
853,3,0.480626
853,4,0.494533
853,5,0.531300
853,6,0.492995
853,7,0.548438
853,8,0.526667
853,9,0.474163
853,10,0.481027
853,11,0.514107
853,12,0.534946
853,13,0.521258
853,14,0.495780
853,15,0.535770
854,1,0.439312
854,2,0.496331
854,3,0.518965
854,4,0.463013
854,5,0.451364
854,6,0.532197
854,7,0.467136
854,8,0.487670
854,9,0.493922
854,10,0.495780
854,11,0.522940
854,12,0.489730
854,13,0.526538
854,14,0.492966
854,15,0.496331
855,1,0.531429
855,2,0.517394
855,3,0.498659
855,4,0.496099
855,5,0.531429
855,6,0.458120
855,7,0.490619
855,8,0.522940
855,9,0.535952
855,10,0.467157
855,11,0.526614
855,12,0.488499
855,13,0.434589
855,14,0.442868
855,15,0.445859
856,1,0.502910
856,2,0.504279
856,3,0.479363
856,4,0.480119
856,5,0.481567
856,6,0.574110
856,7,0.463125
856,8,0.525421
856,9,0.510891
856,10,0.505408
856,11,0.445859
856,12,0.361690
856,13,0.451927
856,14,0.525634
856,15,0.463995
857,1,0.500611
857,2,0.488764
857,3,0.536737
857,4,0.526667
857,5,0.458434
857,6,0.455031
857,7,0.498813
857,8,0.485880
857,9,0.434096
857,10,0.474794
857,11,0.468370
857,12,0.533558
857,13,0.467471
857,14,0.535135
857,15,0.515707
858,1,0.520651
858,2,0.526667
858,3,0.475787
858,4,0.526667
858,5,0.470340
858,6,0.486708
858,7,0.521155
858,8,0.531964
858,9,0.515192
858,10,0.508506
858,11,0.534221
858,12,0.454711
858,13,0.485885
858,14,0.534607
858,15,0.532275
859,1,0.526467
859,2,0.472171
859,3,0.485092
859,4,0.485997
859,5,0.456706
859,6,0.440470
859,7,0.467179
859,8,0.492506
859,9,0.535135
859,10,0.487585
859,11,0.531229
859,12,0.495429
859,13,0.535353
859,14,0.514087
859,15,0.435089
860,1,0.454817
860,2,0.506438
860,3,0.445859
860,4,0.491869
860,5,0.549194
860,6,0.516113
860,7,0.521776
860,8,0.467573
860,9,0.535909
860,10,0.476443
860,11,0.487234
860,12,0.513747
860,13,0.517363
860,14,0.465385
860,15,0.521049
861,1,0.535097
861,2,0.468327
861,3,0.511077
861,4,0.533085
861,5,0.488259
861,6,0.521390
861,7,0.475787
861,8,0.438214
861,9,0.500059
861,10,0.535770
861,11,0.495638
861,12,0.498168
861,13,0.522940
861,14,0.515591
861,15,0.516007
862,1,0.535770
862,2,0.471671
862,3,0.525546
862,4,0.526538
862,5,0.521309
862,6,0.515801
862,7,0.535135
862,8,0.500095
862,9,0.488926
862,10,0.459373
862,11,0.464451
862,12,0.466679
862,13,0.525421
862,14,0.508197
862,15,0.501399
863,1,0.459126
863,2,0.490102
863,3,0.457620
863,4,0.522955
863,5,0.510903
863,6,0.463829
863,7,0.350560
863,8,0.435400
863,9,0.467787
863,10,0.487670
863,11,0.513747
863,12,0.492320
863,13,0.465951
863,14,0.480236
863,15,0.485571
864,1,0.466679
864,2,0.447546
864,3,0.508936
864,4,0.472354
864,5,0.459244
864,6,0.457512
864,7,0.471671
864,8,0.525230
864,9,0.490012
864,10,0.469842
864,11,0.480133
864,12,0.457512
864,13,0.470163
864,14,0.457512
864,15,0.471671
865,1,0.525230
865,2,0.531964
865,3,0.445859
865,4,0.251032
865,5,0.506847
865,6,0.522332
865,7,0.495429
865,8,0.564999
865,9,0.217795
865,10,0.526614
865,11,0.467553
865,12,0.525546
865,13,0.515707
865,14,0.523265
865,15,0.510824
866,1,0.524486
866,2,0.496656
866,3,0.478748
866,4,0.341262
866,5,0.405085
866,6,0.476502
866,7,0.471671
866,8,0.490635
866,9,0.469842
866,10,0.486708
866,11,0.435590
866,12,0.437995
866,13,0.498746
866,14,0.559813
866,15,0.523275
867,1,0.534400
867,2,0.461000
867,3,0.472909
867,4,0.492459
867,5,0.476795
867,6,0.532649
867,7,0.435590
867,8,0.486415
867,9,0.517394
867,10,0.476399
867,11,0.534939
867,12,0.490367
867,13,0.547517
867,14,0.467553
867,15,0.525546
868,1,0.460154
868,2,0.531300
868,3,0.498995
868,4,0.509724
868,5,0.466487
868,6,0.517438
868,7,0.495780
868,8,0.555096
868,9,0.522955
868,10,0.518503
868,11,0.521155
868,12,0.495699
868,13,0.454393
868,14,0.451604
868,15,0.522092
869,1,0.472171
869,2,0.490102
869,3,0.525987
869,4,0.498184
869,5,0.574110
869,6,0.528681
869,7,0.524296
869,8,0.496975
869,9,0.445859
869,10,0.279891
869,11,0.450785
869,12,0.526170
869,13,0.532320
869,14,0.466487
869,15,0.456989
870,1,0.202543
870,2,0.477715
870,3,0.487234
870,4,0.488025
870,5,0.518188
870,6,0.514550
870,7,0.489618
870,8,0.484219
870,9,0.486335
870,10,0.536466
870,11,0.498208
870,12,0.534607
870,13,0.467553
870,14,0.490635
870,15,0.469356
871,1,0.525415
871,2,0.494821
871,3,0.445859
871,4,0.501399
871,5,0.506117
871,6,0.548001
871,7,0.251032
871,8,0.530390
871,9,0.360650
871,10,0.479546
871,11,0.434589
871,12,0.441820
871,13,0.493922
871,14,0.491859
871,15,0.491859
872,1,0.464451
872,2,0.354326
872,3,0.484975
872,4,0.532768
872,5,0.434589
872,6,0.473907
872,7,0.358271
872,8,0.525634
872,9,0.434589
872,10,0.471292
872,11,0.521767
872,12,0.492966
872,13,0.445474
872,14,0.457620
872,15,0.461488
873,1,0.479484
873,2,0.479715
873,3,0.520477
873,4,0.495155
873,5,0.472955
873,6,0.521591
873,7,0.466924
873,8,0.496679
873,9,0.497320
873,10,0.494892
873,11,0.524190
873,12,0.488025
873,13,0.487903
873,14,0.466679
873,15,0.396328
874,1,0.250131
874,2,0.548411
874,3,0.490314
874,4,0.513183
874,5,0.533704
874,6,0.548001
874,7,0.475634
874,8,0.451927
874,9,0.525421
874,10,0.485880
874,11,0.492131
874,12,0.495780
874,13,0.471671
874,14,0.534946
874,15,0.495444
875,1,0.482925
875,2,0.494540
875,3,0.475634
875,4,0.488926
875,5,0.491204
875,6,0.530507
875,7,0.466824
875,8,0.466679
875,9,0.525421
875,10,0.548126
875,11,0.492320
875,12,0.471671
875,13,0.451927
875,14,0.485092
875,15,0.493850
876,1,0.466487
876,2,0.458617
876,3,0.531830
876,4,0.526170
876,5,0.498659
876,6,0.445859
876,7,0.471671
876,8,0.525421
876,9,0.495444
876,10,0.493922
876,11,0.491357
876,12,0.535561
876,13,0.468327
876,14,0.478468
876,15,0.548411
877,1,0.531300
877,2,0.549194
877,3,0.468327
877,4,0.485266
877,5,0.532649
877,6,0.490001
877,7,0.548411
877,8,0.464451
877,9,0.471671
877,10,0.467425
877,11,0.475972
877,12,0.419837
877,13,0.439677
877,14,0.494256
877,15,0.476148
878,1,0.492659
878,2,0.355713
878,3,0.548411
878,4,0.479597
878,5,0.494080
878,6,0.536737
878,7,0.495444
878,8,0.535770
878,9,0.471671
878,10,0.534946
878,11,0.505408
878,12,0.506085
878,13,0.532649
878,14,0.533868
878,15,0.531964
879,1,0.495444
879,2,0.533443
879,3,0.496099
879,4,0.548126
879,5,0.519583
879,6,0.548126
879,7,0.471671
879,8,0.479597
879,9,0.497469
879,10,0.434589
879,11,0.526614
879,12,0.495444
879,13,0.458415
879,14,0.311808
879,15,0.477188
880,1,0.466679
880,2,0.354314
880,3,0.451927
880,4,0.311285
880,5,0.501076
880,6,0.490635
880,7,0.501399
880,8,0.533443
880,9,0.461677
880,10,0.471360
880,11,0.487234
880,12,0.531830
880,13,0.474714
880,14,0.311119
880,15,0.504888
881,1,0.457620
881,2,0.465311
881,3,0.452176
881,4,0.500611
881,5,0.462276
881,6,0.548411
881,7,0.471671
881,8,0.488499
881,9,0.479597
881,10,0.471671
881,11,0.525831
881,12,0.531300
881,13,0.464451
881,14,0.533443
881,15,0.549194
882,1,0.531964
882,2,0.531300
882,3,0.457257
882,4,0.496331
882,5,0.493703
882,6,0.289726
882,7,0.501076
882,8,0.521767
882,9,0.526170
882,10,0.466487
882,11,0.485266
882,12,0.511077
882,13,0.548411
882,14,0.531300
882,15,0.472171
883,1,0.485092
883,2,0.493850
883,3,0.466824
883,4,0.488028
883,5,0.464451
883,6,0.532807
883,7,0.533443
883,8,0.490220
883,9,0.548001
883,10,0.457267
883,11,0.533443
883,12,0.498659
883,13,0.549040
883,14,0.492320
883,15,0.468327
884,1,0.459244
884,2,0.478468
884,3,0.487670
884,4,0.547810
884,5,0.471671
884,6,0.463495
884,7,0.464246
884,8,0.467425
884,9,0.471671
884,10,0.487234
884,11,0.533443
884,12,0.471671
884,13,0.526170
884,14,0.464451
884,15,0.498659
885,1,0.458415
885,2,0.502867
885,3,0.520477
885,4,0.494540
885,5,0.457620
885,6,0.451927
885,7,0.488311
885,8,0.491392
885,9,0.495780
885,10,0.493297
885,11,0.485880
885,12,0.548001
885,13,0.531300
885,14,0.533443
885,15,0.480626
886,1,0.471671
886,2,0.351029
886,3,0.524980
886,4,0.531830
886,5,0.503569
886,6,0.466679
886,7,0.463495
886,8,0.525421
886,9,0.526538
886,10,0.536737
886,11,0.531300
886,12,0.494256
886,13,0.476148
886,14,0.492659
886,15,0.547810
887,1,0.531300
887,2,0.480626
887,3,0.362080
887,4,0.456857
887,5,0.531830
887,6,0.485880
887,7,0.471671
887,8,0.461488
887,9,0.479484
887,10,0.467425
887,11,0.487234
887,12,0.510270
887,13,0.488479
887,14,0.457620
887,15,0.494330
888,1,0.457620
888,2,0.525421
888,3,0.531300
888,4,0.492954
888,5,0.471671
888,6,0.485092
888,7,0.526170
888,8,0.469356
888,9,0.525831
888,10,0.535135
888,11,0.548126
888,12,0.531300
888,13,0.480626
888,14,0.256701
888,15,0.434589
889,1,0.486491
889,2,0.471050
889,3,0.497469
889,4,0.514107
889,5,0.456480
889,6,0.471092
889,7,0.354314
889,8,0.525634
889,9,0.514107
889,10,0.471671
889,11,0.485092
889,12,0.476148
889,13,0.525415
889,14,0.475634
889,15,0.489271
890,1,0.498979
890,2,0.549194
890,3,0.492320
890,4,0.531300
890,5,0.549194
890,6,0.531300
890,7,0.493922
890,8,0.531300
890,9,0.535135
890,10,0.471671
890,11,0.540239
890,12,0.466679
890,13,0.534946
890,14,0.531300
890,15,0.397650
891,1,0.576623
891,2,0.471360
891,3,0.525831
891,4,0.531300
891,5,0.526170
891,6,0.493690
891,7,0.493637
891,8,0.498184
891,9,0.480626
891,10,0.517314
891,11,0.530507
891,12,0.472981
891,13,0.517314
891,14,0.531300
891,15,0.441839
892,1,0.530507
892,2,0.549194
892,3,0.471671
892,4,0.451927
892,5,0.485092
892,6,0.549194
892,7,0.512959
892,8,0.526170
892,9,0.533443
892,10,0.536505
892,11,0.492320
892,12,0.496160
892,13,0.534221
892,14,0.505408
892,15,0.517321
893,1,0.491357
893,2,0.478555
893,3,0.533443
893,4,0.498659
893,5,0.466487
893,6,0.532649
893,7,0.480626
893,8,0.471671
893,9,0.489446
893,10,0.516929
893,11,0.490989
893,12,0.471951
893,13,0.467158
893,14,0.480468
893,15,0.471951
894,1,0.506117
894,2,0.472171
894,3,0.465311
894,4,0.477319
894,5,0.471671
894,6,0.485885
894,7,0.489134
894,8,0.491357
894,9,0.480839
894,10,0.494591
894,11,0.469842
894,12,0.525831
894,13,0.522955
894,14,0.480626
894,15,0.485868
895,1,0.252061
895,2,0.471671
895,3,0.485092
895,4,0.525419
895,5,0.530507
895,6,0.445859
895,7,0.494256
895,8,0.549194
895,9,0.434589
895,10,0.516279
895,11,0.468608
895,12,0.487234
895,13,0.217294
895,14,0.493922
895,15,0.548126
896,1,0.492320
896,2,0.531300
896,3,0.457607
896,4,0.503250
896,5,0.548126
896,6,0.475183
896,7,0.256701
896,8,0.511077
896,9,0.466679
896,10,0.464451
896,11,0.530507
896,12,0.472171
896,13,0.469356
896,14,0.525831
896,15,0.468327
897,1,0.524495
897,2,0.486746
897,3,0.457620
897,4,0.488311
897,5,0.491357
897,6,0.458791
897,7,0.456857
897,8,0.466679
897,9,0.466276
897,10,0.525831
897,11,0.548126
897,12,0.531300
897,13,0.471671
897,14,0.465311
897,15,0.488926
898,1,0.548411
898,2,0.485880
898,3,0.530507
898,4,0.515102
898,5,0.480626
898,6,0.535561
898,7,0.468327
898,8,0.525831
898,9,0.479597
898,10,0.511077
898,11,0.493314
898,12,0.534661
898,13,0.492320
898,14,0.495780
898,15,0.501399
899,1,0.499714
899,2,0.488352
899,3,0.564999
899,4,0.577435
899,5,0.576623
899,6,0.471671
899,7,0.451927
899,8,0.445859
899,9,0.485092
899,10,0.457767
899,11,0.501691
899,12,0.531300
899,13,0.457257
899,14,0.459058
899,15,0.488028
900,1,0.515668
900,2,0.533443
900,3,0.471671
900,4,0.466276
900,5,0.535561
900,6,0.457267
900,7,0.217294
900,8,0.494256
900,9,0.355560
900,10,0.451927
900,11,0.535561
900,12,0.485880
900,13,0.534946
900,14,0.471671
900,15,0.490635
901,1,0.533443
901,2,0.466487
901,3,0.501068
901,4,0.471671
901,5,0.525421
901,6,0.479597
901,7,0.364186
901,8,0.482258
901,9,0.549014
901,10,0.495444
901,11,0.464451
901,12,0.217294
901,13,0.479498
901,14,0.526170
901,15,0.469356
902,1,0.456067
902,2,0.531830
902,3,0.549040
902,4,0.471671
902,5,0.485092
902,6,0.473652
902,7,0.487234
902,8,0.536737
902,9,0.454778
902,10,0.459712
902,11,0.452819
902,12,0.202543
902,13,0.360901
902,14,0.451927
902,15,0.535561
903,1,0.530507
903,2,0.476148
903,3,0.354314
903,4,0.502595
903,5,0.474816
903,6,0.576905
903,7,0.523507
903,8,0.252061
903,9,0.532123
903,10,0.547810
903,11,0.494256
903,12,0.533443
903,13,0.498659
903,14,0.480626
903,15,0.471671
904,1,0.256701
904,2,0.531294
904,3,0.468157
904,4,0.354314
904,5,0.451025
904,6,0.202543
904,7,0.492746
904,8,0.495780
904,9,0.459058
904,10,0.466276
904,11,0.452176
904,12,0.521767
904,13,0.549194
904,14,0.464451
904,15,0.547988
905,1,0.519583
905,2,0.479597
905,3,0.473996
905,4,0.484045
905,5,0.459058
905,6,0.525421
905,7,0.548126
905,8,0.531300
905,9,0.506438
905,10,0.463495
905,11,0.488311
905,12,0.522955
905,13,0.461186
905,14,0.494591
905,15,0.549194
906,1,0.548438
906,2,0.492320
906,3,0.485880
906,4,0.461727
906,5,0.481046
906,6,0.496331
906,7,0.548438
906,8,0.531300
906,9,0.485880
906,10,0.467425
906,11,0.487234
906,12,0.533443
906,13,0.498377
906,14,0.457620
906,15,0.490635
907,1,0.549194
907,2,0.469999
907,3,0.438053
907,4,0.547810
907,5,0.535135
907,6,0.475183
907,7,0.480236
907,8,0.437005
907,9,0.452673
907,10,0.487234
907,11,0.361866
907,12,0.524190
907,13,0.473806
907,14,0.488926
907,15,0.457620
908,1,0.522955
908,2,0.533443
908,3,0.445859
908,4,0.466125
908,5,0.533443
908,6,0.498659
908,7,0.442102
908,8,0.353525
908,9,0.457590
908,10,0.536737
908,11,0.548126
908,12,0.531300
908,13,0.493922
908,14,0.548438
908,15,0.492131
909,1,0.464451
909,2,0.576905
909,3,0.521133
909,4,0.548001
909,5,0.495444
909,6,0.463437
909,7,0.491894
909,8,0.472150
909,9,0.514107
909,10,0.492131
909,11,0.492320
909,12,0.495444
909,13,0.445859
909,14,0.360901
909,15,0.453426
910,1,0.461727
910,2,0.466679
910,3,0.483348
910,4,0.530507
910,5,0.493922
910,6,0.486625
910,7,0.494591
910,8,0.492354
910,9,0.533443
910,10,0.498659
910,11,0.549194
910,12,0.479597
910,13,0.486394
910,14,0.547810
910,15,0.492320
911,1,0.491392
911,2,0.548126
911,3,0.495444
911,4,0.458415
911,5,0.458048
911,6,0.522701
911,7,0.564999
911,8,0.314447
911,9,0.301284
911,10,0.478187
911,11,0.459058
911,12,0.467425
911,13,0.478468
911,14,0.451927
911,15,0.479895
912,1,0.498659
912,2,0.549194
912,3,0.531300
912,4,0.489417
912,5,0.547988
912,6,0.530507
912,7,0.525419
912,8,0.533443
912,9,0.471671
912,10,0.525421
912,11,0.548126
912,12,0.495444
912,13,0.458415
912,14,0.502867
912,15,0.506117
913,1,0.488479
913,2,0.437275
913,3,0.491894
913,4,0.535561
913,5,0.535135
913,6,0.492320
913,7,0.485880
913,8,0.471671
913,9,0.499515
913,10,0.488926
913,11,0.489386
913,12,0.531300
913,13,0.492954
913,14,0.548126
913,15,0.442102
914,1,0.501264
914,2,0.479597
914,3,0.532649
914,4,0.496240
914,5,0.476628
914,6,0.499714
914,7,0.485880
914,8,0.472326
914,9,0.451927
914,10,0.525421
914,11,0.479597
914,12,0.535561
914,13,0.494821
914,14,0.548550
914,15,0.505408
915,1,0.490059
915,2,0.534946
915,3,0.531300
915,4,0.461831
915,5,0.542640
915,6,0.495429
915,7,0.549194
915,8,0.531300
915,9,0.549194
915,10,0.495444
915,11,0.536737
915,12,0.471671
915,13,0.467425
915,14,0.488926
915,15,0.548126
916,1,0.534946
916,2,0.468327
916,3,0.525831
916,4,0.445859
916,5,0.504507
916,6,0.460860
916,7,0.431107
916,8,0.497469
916,9,0.361866
916,10,0.535561
916,11,0.533129
916,12,0.471671
916,13,0.494456
916,14,0.479597
916,15,0.471671
917,1,0.489446
917,2,0.463437
917,3,0.522955
917,4,0.492954
917,5,0.548126
917,6,0.488479
917,7,0.491204
917,8,0.548126
917,9,0.505408
917,10,0.535561
917,11,0.531300
917,12,0.462299
917,13,0.480236
917,14,0.463308
917,15,0.535561
918,1,0.530884
918,2,0.548126
918,3,0.535135
918,4,0.468327
918,5,0.514309
918,6,0.397650
918,7,0.498659
918,8,0.533443
918,9,0.445859
918,10,0.534946
918,11,0.548126
918,12,0.531300
918,13,0.525419
918,14,0.466487
918,15,0.487234
919,1,0.480626
919,2,0.533117
919,3,0.491392
919,4,0.531300
919,5,0.498659
919,6,0.526170
919,7,0.524486
919,8,0.493690
919,9,0.535602
919,10,0.531300
919,11,0.521767
919,12,0.536737
919,13,0.475634
919,14,0.499248
919,15,0.255200
920,1,0.508753
920,2,0.358405
920,3,0.311119
920,4,0.501691
920,5,0.466824
920,6,0.358405
920,7,0.487234
920,8,0.476718
920,9,0.548126
920,10,0.445859
920,11,0.494256
920,12,0.496331
920,13,0.479597
920,14,0.484135
920,15,0.536737
921,1,0.475634
921,2,0.411744
921,3,0.361940
921,4,0.532649
921,5,0.361866
921,6,0.487234
921,7,0.491845
921,8,0.457620
921,9,0.454833
921,10,0.469356
921,11,0.519867
921,12,0.548126
921,13,0.471671
921,14,0.396328
921,15,0.466679
922,1,0.499515
922,2,0.524980
922,3,0.491431
922,4,0.533443
922,5,0.493922
922,6,0.442102
922,7,0.456919
922,8,0.488311
922,9,0.548126
922,10,0.535135
922,11,0.495444
922,12,0.533443
922,13,0.480626
922,14,0.534939
922,15,0.522332
923,1,0.471671
923,2,0.452010
923,3,0.530507
923,4,0.442102
923,5,0.453644
923,6,0.536737
923,7,0.475634
923,8,0.488926
923,9,0.548126
923,10,0.460763
923,11,0.491357
923,12,0.533558
923,13,0.475038
923,14,0.492659
923,15,0.434589
924,1,0.504507
924,2,0.464451
924,3,0.530507
924,4,0.533443
924,5,0.464451
924,6,0.585922
924,7,0.471671
924,8,0.525421
924,9,0.531300
924,10,0.548550
924,11,0.531429
924,12,0.548550
924,13,0.492320
924,14,0.486625
924,15,0.468157
925,1,0.525831
925,2,0.485880
925,3,0.548001
925,4,0.471671
925,5,0.465311
925,6,0.548411
925,7,0.500416
925,8,0.547075
925,9,0.495444
925,10,0.526170
925,11,0.506438
925,12,0.492659
925,13,0.549194
925,14,0.530507
925,15,0.514134
926,1,0.549194
926,2,0.526538
926,3,0.549194
926,4,0.471671
926,5,0.452010
926,6,0.521767
926,7,0.471671
926,8,0.459284
926,9,0.488499
926,10,0.457491
926,11,0.289726
926,12,0.502840
926,13,0.531300
926,14,0.533443
926,15,0.493922
927,1,0.491392
927,2,0.491392
927,3,0.531300
927,4,0.492954
927,5,0.531300
927,6,0.534607
927,7,0.533215
927,8,0.457081
927,9,0.456581
927,10,0.496331
927,11,0.495780
927,12,0.509792
927,13,0.521767
927,14,0.498659
927,15,0.533443
928,1,0.493922
928,2,0.522955
928,3,0.535770
928,4,0.492786
928,5,0.491392
928,6,0.531300
928,7,0.531289
928,8,0.536737
928,9,0.522955
928,10,0.549194
928,11,0.475634
928,12,0.249384
928,13,0.503522
928,14,0.463863
928,15,0.471360
929,1,0.466679
929,2,0.534946
929,3,0.548126
929,4,0.531300
929,5,0.471671
929,6,0.458091
929,7,0.546623
929,8,0.548001
929,9,0.548126
929,10,0.475634
929,11,0.535561
929,12,0.361351
929,13,0.525831
929,14,0.548126
929,15,0.535135
930,1,0.473956
930,2,0.338176
930,3,0.504739
930,4,0.467425
930,5,0.497469
930,6,0.405085
930,7,0.504507
930,8,0.548411
930,9,0.522332
930,10,0.501967
930,11,0.466679
930,12,0.463662
930,13,0.488311
930,14,0.548126
930,15,0.475634
931,1,0.547075
931,2,0.495444
931,3,0.549194
931,4,0.548438
931,5,0.471671
931,6,0.451927
931,7,0.467425
931,8,0.487234
931,9,0.464451
931,10,0.521767
931,11,0.533443
931,12,0.471671
931,13,0.485092
931,14,0.476148
931,15,0.485868
932,1,0.463546
932,2,0.455846
932,3,0.534946
932,4,0.434589
932,5,0.440470
932,6,0.486746
932,7,0.472326
932,8,0.487234
932,9,0.508441
932,10,0.547810
932,11,0.492320
932,12,0.475634
932,13,0.451927
932,14,0.534946
932,15,0.475634
933,1,0.473797
933,2,0.510808
933,3,0.512167
933,4,0.493825
933,5,0.532123
933,6,0.457971
933,7,0.441293
933,8,0.476399
933,9,0.525831
933,10,0.494256
933,11,0.465280
933,12,0.506865
933,13,0.458162
933,14,0.497469
933,15,0.355713
934,1,0.504975
934,2,0.490456
934,3,0.576623
934,4,0.438214
934,5,0.471671
934,6,0.525421
934,7,0.505408
934,8,0.466679
934,9,0.487234
934,10,0.549194
934,11,0.434589
934,12,0.505408
934,13,0.488926
934,14,0.457620
934,15,0.534946
935,1,0.522955
935,2,0.480626
935,3,0.485581
935,4,0.487234
935,5,0.445859
935,6,0.526614
935,7,0.531300
935,8,0.495429
935,9,0.536737
935,10,0.548438
935,11,0.522955
935,12,0.461186
935,13,0.471811
935,14,0.354314
935,15,0.525634
936,1,0.532649
936,2,0.525419
936,3,0.549194
936,4,0.531300
936,5,0.464885
936,6,0.456067
936,7,0.469663
936,8,0.451801
936,9,0.405085
936,10,0.488479
936,11,0.479521
936,12,0.549194
936,13,0.475634
936,14,0.451927
936,15,0.487234
937,1,0.525419
937,2,0.506438
937,3,0.524980
937,4,0.512167
937,5,0.470092
937,6,0.256701
937,7,0.434589
937,8,0.497469
937,9,0.523751
937,10,0.533443
937,11,0.476148
937,12,0.359584
937,13,0.452823
937,14,0.487234
937,15,0.343325
938,1,0.486708
938,2,0.533443
938,3,0.526170
938,4,0.549194
938,5,0.505408
938,6,0.530390
938,7,0.534946
938,8,0.548126
938,9,0.531300
938,10,0.434589
938,11,0.422433
938,12,0.353525
938,13,0.453426
938,14,0.576623
938,15,0.492131
939,1,0.495780
939,2,0.471671
939,3,0.465311
939,4,0.524980
939,5,0.362020
939,6,0.361690
939,7,0.502595
939,8,0.522332
939,9,0.530507
939,10,0.533443
939,11,0.474714
939,12,0.524980
939,13,0.531830
939,14,0.531830
939,15,0.434589
940,1,0.500406
940,2,0.491204
940,3,0.495780
940,4,0.574110
940,5,0.504507
940,6,0.488926
940,7,0.458808
940,8,0.457620
940,9,0.488311
940,10,0.495780
940,11,0.467606
940,12,0.301973
940,13,0.466679
940,14,0.467425
940,15,0.514309
941,1,0.469842
941,2,0.487234
941,3,0.507808
941,4,0.523149
941,5,0.526170
941,6,0.533443
941,7,0.474714
941,8,0.202543
941,9,0.466679
941,10,0.535561
941,11,0.519583
941,12,0.535135
941,13,0.531300
941,14,0.492954
941,15,0.491357
942,1,0.472553
942,2,0.526433
942,3,0.488499
942,4,0.491392
942,5,0.548126
942,6,0.522955
942,7,0.471671
942,8,0.466481
942,9,0.533443
942,10,0.435089
942,11,0.460637
942,12,0.542399
942,13,0.531300
942,14,0.547988
942,15,0.534946
943,1,0.492320
943,2,0.548126
943,3,0.475634
943,4,0.354314
943,5,0.472494
943,6,0.279891
943,7,0.459244
943,8,0.487234
943,9,0.534661
943,10,0.492320
943,11,0.495444
943,12,0.436940
943,13,0.467425
943,14,0.459244
943,15,0.526433
944,1,0.530507
944,2,0.477751
944,3,0.361866
944,4,0.483835
944,5,0.492746
944,6,0.548126
944,7,0.473956
944,8,0.459058
944,9,0.525421
944,10,0.548126
944,11,0.512959
944,12,0.508904
944,13,0.549040
944,14,0.548126
944,15,0.515290
945,1,0.492131
945,2,0.495444
945,3,0.549194
945,4,0.481802
945,5,0.525831
945,6,0.531300
945,7,0.493922
945,8,0.495780
945,9,0.469842
945,10,0.525415
945,11,0.531300
945,12,0.536737
945,13,0.522955
945,14,0.549194
945,15,0.464451
946,1,0.471671
946,2,0.485092
946,3,0.499364
946,4,0.535135
946,5,0.475634
946,6,0.487234
946,7,0.434589
946,8,0.502867
946,9,0.531300
946,10,0.549194
946,11,0.471671
946,12,0.485885
946,13,0.476148
946,14,0.524190
946,15,0.547810
947,1,0.442102
947,2,0.467544
947,3,0.499677
947,4,0.535135
947,5,0.535135
947,6,0.445859
947,7,0.279891
947,8,0.452673
947,9,0.279891
947,10,0.501076
947,11,0.460763
947,12,0.437005
947,13,0.496259
947,14,0.548126
947,15,0.495444
948,1,0.469842
948,2,0.501691
948,3,0.434589
948,4,0.467544
948,5,0.490375
948,6,0.530507
948,7,0.525419
948,8,0.442102
948,9,0.502840
948,10,0.495444
948,11,0.462792
948,12,0.535135
948,13,0.548126
948,14,0.492297
948,15,0.521447
949,1,0.548001
949,2,0.475634
949,3,0.488926
949,4,0.491392
949,5,0.442102
949,6,0.452673
949,7,0.465457
949,8,0.457743
949,9,0.487670
949,10,0.476148
949,11,0.456857
949,12,0.471671
949,13,0.463545
949,14,0.549194
949,15,0.512167
950,1,0.501399
950,2,0.549194
950,3,0.526538
950,4,0.534607
950,5,0.522955
950,6,0.457257
950,7,0.536505
950,8,0.471671
950,9,0.481027
950,10,0.442102
950,11,0.502840
950,12,0.471671
950,13,0.432268
950,14,0.504507
950,15,0.466679
951,1,0.452176
951,2,0.525421
951,3,0.492320
951,4,0.522955
951,5,0.526170
951,6,0.532320
951,7,0.493922
951,8,0.491204
951,9,0.471671
951,10,0.522955
951,11,0.526170
951,12,0.532320
951,13,0.493922
951,14,0.468327
951,15,0.487234
952,1,0.534661
952,2,0.471671
952,3,0.458091
952,4,0.576623
952,5,0.471360
952,6,0.477925
952,7,0.530507
952,8,0.534016
952,9,0.522955
952,10,0.495429
952,11,0.549194
952,12,0.495444
952,13,0.516929
952,14,0.533443
952,15,0.476148
953,1,0.535561
953,2,0.531300
953,3,0.515102
953,4,0.442102
953,5,0.442613
953,6,0.549194
953,7,0.442102
953,8,0.466752
953,9,0.547988
953,10,0.360901
953,11,0.488926
953,12,0.513183
953,13,0.465784
953,14,0.549194
953,15,0.531300
954,1,0.458765
954,2,0.502840
954,3,0.548126
954,4,0.535135
954,5,0.547517
954,6,0.520477
954,7,0.442102
954,8,0.353525
954,9,0.496797
954,10,0.548411
954,11,0.442102
954,12,0.353525
954,13,0.511528
954,14,0.473996
954,15,0.525831
955,1,0.548126
955,2,0.475608
955,3,0.536737
955,4,0.471671
955,5,0.488311
955,6,0.519583
955,7,0.463013
955,8,0.487234
955,9,0.506708
955,10,0.548126
955,11,0.464594
955,12,0.532649
955,13,0.534661
955,14,0.475634
955,15,0.524495
956,1,0.457267
956,2,0.491894
956,3,0.485880
956,4,0.521767
956,5,0.533443
956,6,0.442102
956,7,0.536737
956,8,0.492320
956,9,0.468608
956,10,0.454104
956,11,0.531234
956,12,0.574110
956,13,0.548001
956,14,0.468327
956,15,0.434589
957,1,0.504507
957,2,0.475972
957,3,0.487234
957,4,0.457129
957,5,0.485575
957,6,0.512446
957,7,0.492131
957,8,0.485880
957,9,0.530507
957,10,0.526170
957,11,0.471671
957,12,0.485092
957,13,0.549194
957,14,0.531300
957,15,0.493922
958,1,0.495444
958,2,0.548550
958,3,0.495638
958,4,0.442102
958,5,0.456919
958,6,0.525421
958,7,0.473138
958,8,0.506085
958,9,0.289726
958,10,0.468894
958,11,0.533443
958,12,0.496975
958,13,0.496975
958,14,0.522257
958,15,0.457620
959,1,0.488499
959,2,0.548126
959,3,0.495444
959,4,0.496331
959,5,0.519583
959,6,0.491392
959,7,0.531300
959,8,0.536737
959,9,0.495444
959,10,0.462791
959,11,0.492659
959,12,0.463546
959,13,0.452960
959,14,0.516911
959,15,0.495444
960,1,0.526170
960,2,0.549040
960,3,0.475634
960,4,0.532649
960,5,0.533443
960,6,0.476148
960,7,0.487234
960,8,0.514107
960,9,0.475296
960,10,0.466679
960,11,0.451927
960,12,0.525421
960,13,0.471671
960,14,0.451927
960,15,0.499515
961,1,0.442102
961,2,0.503250
961,3,0.464451
961,4,0.548126
961,5,0.496160
961,6,0.548126
961,7,0.522955
961,8,0.526170
961,9,0.492966
961,10,0.534946
961,11,0.495444
961,12,0.475634
961,13,0.217294
961,14,0.501076
961,15,0.289726
962,1,0.535135
962,2,0.475634
962,3,0.525831
962,4,0.473575
962,5,0.525831
962,6,0.531300
962,7,0.548550
962,8,0.519583
962,9,0.459536
962,10,0.548126
962,11,0.531300
962,12,0.549194
962,13,0.486746
962,14,0.457620
962,15,0.464451
963,1,0.548001
963,2,0.519583
963,3,0.531964
963,4,0.519583
963,5,0.457620
963,6,0.535135
963,7,0.471671
963,8,0.525546
963,9,0.519583
963,10,0.522955
963,11,0.434589
963,12,0.422433
963,13,0.506369
963,14,0.475183
963,15,0.527474
964,1,0.445859
964,2,0.512167
964,3,0.535252
964,4,0.530507
964,5,0.498659
964,6,0.475782
964,7,0.217294
964,8,0.466752
964,9,0.496331
964,10,0.434589
964,11,0.494591
964,12,0.533443
964,13,0.549194
964,14,0.495444
964,15,0.489354
965,1,0.466679
965,2,0.451927
965,3,0.465311
965,4,0.535561
965,5,0.434589
965,6,0.453644
965,7,0.493922
965,8,0.457620
965,9,0.452010
965,10,0.492131
965,11,0.491392
965,12,0.468327
965,13,0.487234
965,14,0.525419
965,15,0.533443
966,1,0.530507
966,2,0.476148
966,3,0.465688
966,4,0.480165
966,5,0.452010
966,6,0.524980
966,7,0.472326
966,8,0.476831
966,9,0.534946
966,10,0.535135
966,11,0.531300
966,12,0.457257
966,13,0.355560
966,14,0.488926
966,15,0.475038
967,1,0.474659
967,2,0.497309
967,3,0.495444
967,4,0.548550
967,5,0.548126
967,6,0.531300
967,7,0.485880
967,8,0.498659
967,9,0.445859
967,10,0.484252
967,11,0.463174
967,12,0.536737
967,13,0.467425
967,14,0.358271
967,15,0.525634
968,1,0.217294
968,2,0.471671
968,3,0.463545
968,4,0.470092
968,5,0.519777
968,6,0.469995
968,7,0.501873
968,8,0.533085
968,9,0.535252
968,10,0.522955
968,11,0.434589
968,12,0.432268
968,13,0.452673
968,14,0.364186
968,15,0.459056
969,1,0.442782
969,2,0.494256
969,3,0.526170
969,4,0.549194
969,5,0.522955
969,6,0.526170
969,7,0.476148
969,8,0.524980
969,9,0.466679
969,10,0.525421
969,11,0.531300
969,12,0.536737
969,13,0.501954
969,14,0.464451
969,15,0.530507
970,1,0.289726
970,2,0.498659
970,3,0.501399
970,4,0.485880
970,5,0.437005
970,6,0.501076
970,7,0.512959
970,8,0.526170
970,9,0.522257
970,10,0.495780
970,11,0.522940
970,12,0.463368
970,13,0.519867
970,14,0.495780
970,15,0.535770
971,1,0.460763
971,2,0.520640
971,3,0.471811
971,4,0.480236
971,5,0.437005
971,6,0.353525
971,7,0.465688
971,8,0.498979
971,9,0.524486
971,10,0.508315
971,11,0.513183
971,12,0.459083
971,13,0.434589
971,14,0.469687
971,15,0.533443
972,1,0.533443
972,2,0.442436
972,3,0.439677
972,4,0.536737
972,5,0.493556
972,6,0.549194
972,7,0.492320
972,8,0.485880
972,9,0.531294
972,10,0.468157
972,11,0.464246
972,12,0.535561
972,13,0.548126
972,14,0.531294
972,15,0.457620
973,1,0.525421
973,2,0.531300
973,3,0.488479
973,4,0.512390
973,5,0.549194
973,6,0.535602
973,7,0.548126
973,8,0.457081
973,9,0.441820
973,10,0.526170
973,11,0.445859
973,12,0.519457
973,13,0.460145
973,14,0.530507
973,15,0.506708
974,1,0.548126
974,2,0.512959
974,3,0.464451
974,4,0.355560
974,5,0.354314
974,6,0.536466
974,7,0.460763
974,8,0.469154
974,9,0.517321
974,10,0.546789
974,11,0.548126
974,12,0.472977
974,13,0.483188
974,14,0.534661
974,15,0.473907
975,1,0.279891
975,2,0.456919
975,3,0.488311
975,4,0.548126
975,5,0.531300
975,6,0.533443
975,7,0.476148
975,8,0.419837
975,9,0.489446
975,10,0.533443
975,11,0.526170
975,12,0.485880
975,13,0.530507
975,14,0.533443
975,15,0.524486
976,1,0.536737
976,2,0.492320
976,3,0.457620
976,4,0.434589
976,5,0.397650
976,6,0.519457
976,7,0.473575
976,8,0.405085
976,9,0.488311
976,10,0.457620
976,11,0.488311
976,12,0.522955
976,13,0.515102
976,14,0.536505
976,15,0.434589
977,1,0.525421
977,2,0.530507
977,3,0.549194
977,4,0.486746
977,5,0.533913
977,6,0.535135
977,7,0.531300
977,8,0.473913
977,9,0.361690
977,10,0.524980
977,11,0.498659
977,12,0.469842
977,13,0.456067
977,14,0.498659
977,15,0.526170
978,1,0.533443
978,2,0.536737
978,3,0.548126
978,4,0.505408
978,5,0.524980
978,6,0.523751
978,7,0.493690
978,8,0.457620
978,9,0.432268
978,10,0.270057
978,11,0.467054
978,12,0.457590
978,13,0.576905
978,14,0.471360
978,15,0.451927
979,1,0.521767
979,2,0.536737
979,3,0.461074
979,4,0.434589
979,5,0.453644
979,6,0.549194
979,7,0.519583
979,8,0.457620
979,9,0.447246
979,10,0.456857
979,11,0.531830
979,12,0.535252
979,13,0.492320
979,14,0.491357
979,15,0.524980
980,1,0.535561
980,2,0.475634
980,3,0.477319
980,4,0.548126
980,5,0.526538
980,6,0.535252
980,7,0.442102
980,8,0.270057
980,9,0.431263
980,10,0.453426
980,11,0.494256
980,12,0.516929
980,13,0.496099
980,14,0.535135
980,15,0.471671
981,1,0.494330
981,2,0.468608
981,3,0.506085
981,4,0.517321
981,5,0.522955
981,6,0.535770
981,7,0.548126
981,8,0.531300
981,9,0.531289
981,10,0.496975
981,11,0.469842
981,12,0.354314
981,13,0.419837
981,14,0.405085
981,15,0.452673
982,1,0.471671
982,2,0.445859
982,3,0.360901
982,4,0.451927
982,5,0.279891
982,6,0.452673
982,7,0.501691
982,8,0.533129
982,9,0.548126
982,10,0.531300
982,11,0.493922
982,12,0.491392
982,13,0.446905
982,14,0.471671
982,15,0.485092
983,1,0.526170
983,2,0.524486
983,3,0.445859
983,4,0.446645
983,5,0.356810
983,6,0.547988
983,7,0.500261
983,8,0.532649
983,9,0.469663
983,10,0.519867
983,11,0.548126
983,12,0.531300
983,13,0.535770
983,14,0.535135
983,15,0.463013
984,1,0.432268
984,2,0.496877
984,3,0.442102
984,4,0.405085
984,5,0.353525
984,6,0.492659
984,7,0.516929
984,8,0.536505
984,9,0.456642
984,10,0.405085
984,11,0.487234
984,12,0.535252
984,13,0.535602
984,14,0.535135
984,15,0.486746
985,1,0.548001
985,2,0.521767
985,3,0.549194
985,4,0.469999
985,5,0.525831
985,6,0.512959
985,7,0.459083
985,8,0.501399
985,9,0.536737
985,10,0.512959
985,11,0.536737
985,12,0.522955
985,13,0.476148
985,14,0.524190
985,15,0.523751
986,1,0.532320
986,2,0.464451
986,3,0.530507
986,4,0.520651
986,5,0.508124
986,6,0.494591
986,7,0.533443
986,8,0.530507
986,9,0.515102
986,10,0.442633
986,11,0.466487
986,12,0.486708
986,13,0.522483
986,14,0.515102
986,15,0.492464
987,1,0.549194
987,2,0.548126
987,3,0.535135
987,4,0.522955
987,5,0.498659
987,6,0.526170
987,7,0.530507
987,8,0.476399
987,9,0.480437
987,10,0.442306
987,11,0.453805
987,12,0.533808
987,13,0.547988
987,14,0.492131
987,15,0.457093
988,1,0.481487
988,2,0.526170
988,3,0.434589
988,4,0.498659
988,5,0.536737
988,6,0.514785
988,7,0.522940
988,8,0.490220
988,9,0.521570
988,10,0.548126
988,11,0.548126
988,12,0.442102
988,13,0.502840
988,14,0.489315
988,15,0.506117
989,1,0.473996
989,2,0.535561
989,3,0.460763
989,4,0.548126
989,5,0.531300
989,6,0.522483
989,7,0.476399
989,8,0.486708
989,9,0.549194
989,10,0.475634
989,11,0.334850
989,12,0.457512
989,13,0.534661
989,14,0.475634
989,15,0.474659
990,1,0.463863
990,2,0.467425
990,3,0.529021
990,4,0.548126
990,5,0.519583
990,6,0.535135
990,7,0.434589
990,8,0.502840
990,9,0.519583
990,10,0.457620
990,11,0.444870
990,12,0.465311
990,13,0.502064
990,14,0.532649
990,15,0.574110
991,1,0.531838
991,2,0.519583
991,3,0.531300
991,4,0.434589
991,5,0.469687
991,6,0.508315
991,7,0.518965
991,8,0.495444
991,9,0.531289
991,10,0.493922
991,11,0.548126
991,12,0.460763
991,13,0.437005
991,14,0.202543
991,15,0.485092
992,1,0.493922
992,2,0.491392
992,3,0.457620
992,4,0.451927
992,5,0.494330
992,6,0.548126
992,7,0.492320
992,8,0.475634
992,9,0.494740
992,10,0.434589
992,11,0.502966
992,12,0.531300
992,13,0.445859
992,14,0.512167
992,15,0.526170
993,1,0.549194
993,2,0.495444
993,3,0.522940
993,4,0.526170
993,5,0.493922
993,6,0.548126
993,7,0.495444
993,8,0.469356
993,9,0.459244
993,10,0.502595
993,11,0.467136
993,12,0.471188
993,13,0.434589
993,14,0.511077
993,15,0.501971
994,1,0.523751
994,2,0.536737
994,3,0.492320
994,4,0.534221
994,5,0.471671
994,6,0.485092
994,7,0.473652
994,8,0.514107
994,9,0.434589
994,10,0.496877
994,11,0.434589
994,12,0.497003
994,13,0.531300
994,14,0.497891
994,15,0.515290
995,1,0.530507
995,2,0.515102
995,3,0.434589
995,4,0.439677
995,5,0.549194
995,6,0.468327
995,7,0.524495
995,8,0.522955
995,9,0.574110
995,10,0.492131
995,11,0.548126
995,12,0.512959
995,13,0.535770
995,14,0.479597
995,15,0.521591
996,1,0.536737
996,2,0.531429
996,3,0.549194
996,4,0.512959
996,5,0.464885
996,6,0.501691
996,7,0.492148
996,8,0.492320
996,9,0.522955
996,10,0.535770
996,11,0.445859
996,12,0.492131
996,13,0.492320
996,14,0.495780
996,15,0.485880
997,1,0.548001
997,2,0.522955
997,3,0.434589
997,4,0.453644
997,5,0.471671
997,6,0.451927
997,7,0.485092
997,8,0.434589
997,9,0.504123
997,10,0.434589
997,11,0.467807
997,12,0.465688
997,13,0.549194
997,14,0.531300
997,15,0.434589
998,1,0.469687
998,2,0.469356
998,3,0.524190
998,4,0.549194
998,5,0.522955
998,6,0.471671
998,7,0.485092
998,8,0.533443
998,9,0.524486
998,10,0.526170
998,11,0.493922
998,12,0.495780
998,13,0.434589
998,14,0.493922
998,15,0.548126
999,1,0.548126
999,2,0.460154
999,3,0.542028
999,4,0.437005
999,5,0.440470
999,6,0.289726
999,7,0.456919
999,8,0.514275
999,9,0.468327
999,10,0.487234
999,11,0.523751
999,12,0.442633
999,13,0.524486
999,14,0.522322
999,15,0.496331
1000,1,0.518965
1000,2,0.434589
1000,3,0.496877
1000,4,0.531300
1000,5,0.553196
1000,6,0.531294
1000,7,0.521767
1000,8,0.536737
1000,9,0.548126
1000,10,0.508197
1000,11,0.493825
1000,12,0.488303
1000,13,0.495444
1000,14,0.522257
1000,15,0.548126
1001,1,0.434589
1001,2,0.492320
1001,3,0.495780
1001,4,0.522940
1001,5,0.471671
1001,6,0.463545
1001,7,0.470994
1001,8,0.289726
1001,9,0.453644
1001,10,0.533443
1001,11,0.476148
1001,12,0.419837
1001,13,0.548001
1001,14,0.473575
1001,15,0.358271
1002,1,0.453426
1002,2,0.471360
1002,3,0.517321
1002,4,0.442102
1002,5,0.502840
1002,6,0.434589
1002,7,0.453644
1002,8,0.498659
1002,9,0.469842
1002,10,0.525831
1002,11,0.548001
1002,12,0.434589
1002,13,0.456919
1002,14,0.419837
1002,15,0.496877
1003,1,0.548126
1003,2,0.548126
1003,3,0.535135
1003,4,0.535135
1003,5,0.489100
1003,6,0.531300
1003,7,0.526170
1003,8,0.549194
1003,9,0.426354
1003,10,0.535135
1003,11,0.548126
1003,12,0.442102
1003,13,0.439677
1003,14,0.536737
1003,15,0.468327
1004,1,0.478468
1004,2,0.405085
1004,3,0.356810
1004,4,0.535561
1004,5,0.495444
1004,6,0.434589
1004,7,0.439677
1004,8,0.498659
1004,9,0.485880
1004,10,0.548001
1004,11,0.519457
1004,12,0.548001
1004,13,0.492320
1004,14,0.471671
1004,15,0.525421
1005,1,0.548126
1005,2,0.548126
1005,3,0.471671
1005,4,0.488311
1005,5,0.468608
1005,6,0.493405
1005,7,0.467136
1005,8,0.525831
1005,9,0.468327
1005,10,0.432268
1005,11,0.353525
1005,12,0.525831
1005,13,0.548126
1005,14,0.471671
1005,15,0.487095
1006,1,0.548126
1006,2,0.495339
1006,3,0.459058
1006,4,0.525421
1006,5,0.492320
1006,6,0.434589
1006,7,0.502966
1006,8,0.492320
1006,9,0.548126
1006,10,0.471671
1006,11,0.485092
1006,12,0.445859
1006,13,0.485092
1006,14,0.471671
1006,15,0.494330
1007,1,0.488311
1007,2,0.531300
1007,3,0.531289
1007,4,0.476148
1007,5,0.511102
1007,6,0.523751
1007,7,0.549040
1007,8,0.460763
1007,9,0.531300
1007,10,0.533443
1007,11,0.535252
1007,12,0.471671
1007,13,0.485092
1007,14,0.549194
1007,15,0.471671
1008,1,0.534946
1008,2,0.492320
1008,3,0.434589
1008,4,0.452673
1008,5,0.478468
1008,6,0.453112
1008,7,0.510808
1008,8,0.521767
1008,9,0.361866
1008,10,0.501068
1008,11,0.466679
1008,12,0.534946
1008,13,0.522955
1008,14,0.522940
1008,15,0.464451
1009,1,0.360901
1009,2,0.494740
1009,3,0.533129
1009,4,0.548126
1009,5,0.548126
1009,6,0.531300
1009,7,0.526170
1009,8,0.476148
1009,9,0.524980
1009,10,0.434589
1009,11,0.501076
1009,12,0.512959
1009,13,0.535252
1009,14,0.548126
1009,15,0.519583
1010,1,0.522955
1010,2,0.535770
1010,3,0.475634
1010,4,0.506117
1010,5,0.477873
1010,6,0.492659
1010,7,0.445859
1010,8,0.526614
1010,9,0.531300
1010,10,0.522940
1010,11,0.522940
1010,12,0.471671
1010,13,0.490102
1010,14,0.468608
1010,15,0.506085
1011,1,0.472494
1011,2,0.449476
1011,3,0.451927
1011,4,0.472687
1011,5,0.517321
1011,6,0.548001
1011,7,0.439357
1011,8,0.502966
1011,9,0.475634
1011,10,0.506085
1011,11,0.445859
1011,12,0.456919
1011,13,0.358405
1011,14,0.459244
1011,15,0.419837
1012,1,0.456989
1012,2,0.419837
1012,3,0.452673
1012,4,0.487234
1012,5,0.523751
1012,6,0.466487
1012,7,0.455031
1012,8,0.471671
1012,9,0.485092
1012,10,0.549194
1012,11,0.519583
1012,12,0.548126
1012,13,0.472977
1012,14,0.525831
1012,15,0.496676
1013,1,0.526170
1013,2,0.489901
1013,3,0.468327
1013,4,0.521591
1013,5,0.530507
1013,6,0.549194
1013,7,0.531300
1013,8,0.520651
1013,9,0.457620
1013,10,0.445859
1013,11,0.525421
1013,12,0.548126
1013,13,0.548126
1013,14,0.512167
1013,15,0.471671
1014,1,0.472687
1014,2,0.548411
1014,3,0.548126
1014,4,0.535135
1014,5,0.468327
1014,6,0.487234
1014,7,0.574110
1014,8,0.521767
1014,9,0.469356
1014,10,0.492746
1014,11,0.505408
1014,12,0.499248
1014,13,0.459177
1014,14,0.503250
1014,15,0.468327
