request_id,request_type,access_rate
0,p,0.400000
1,s,0.200000
2,s,0.400000
3,p,0.400000
4,s,0.600000
5,p,0.400000
6,d,0.400000
7,p,0.200000
8,p,0.400000
9,d,0.200000
10,s,0.600000
11,p,0.400000
12,s,0.600000
13,p,0.200000
14,s,0.400000
15,d,0.600000
16,p,0.400000
17,d,0.600000
18,p,0.600000
19,p,0.800000
20,d,0.400000
21,s,0.600000
22,s,0.800000
23,s,1.000000
24,d,0.200000
25,p,1.000000
26,p,0.800000
27,s,0.400000
28,s,0.200000
29,d,0.400000
30,s,0.400000
31,p,0.800000
32,d,0.600000
33,d,0.600000
34,d,0.800000
35,d,0.400000
36,p,0.600000
37,d,0.600000
38,p,0.800000
39,p,0.400000
40,d,0.600000
41,p,0.800000
42,d,0.400000
43,p,0.800000
44,d,0.600000
45,p,0.800000
46,p,0.600000
47,p,0.800000
48,d,0.800000
49,d,0.800000
50,s,0.400000
51,p,0.600000
52,p,0.600000
53,p,0.400000
54,p,0.600000
55,d,0.600000
56,d,0.400000
57,s,0.800000
58,s,0.400000
59,d,0.800000
60,p,1.000000
61,p,0.400000
62,s,0.600000
63,s,0.600000
64,s,0.200000
65,d,0.400000
66,d,0.400000
67,p,0.600000
68,p,0.600000
69,s,0.400000
70,p,0.200000
71,p,1.000000
72,d,0.800000
73,p,0.800000
74,s,0.600000
75,p,0.800000
76,d,0.200000
77,p,0.400000
78,s,0.600000
79,s,0.400000
80,p,0.400000
81,s,0.600000
82,p,0.200000
83,d,1.000000
84,s,0.400000
85,p,0.600000
86,p,0.200000
87,s,0.600000
88,p,0.200000
89,p,0.600000
90,d,0.800000
91,s,0.600000
92,d,0.800000
93,d,0.600000
94,d,0.200000
95,p,0.400000
96,s,0.400000
97,d,0.200000
98,d,0.400000
99,d,0.600000
100,d,0.400000
101,d,0.800000
102,d,0.400000
103,p,0.600000
104,s,0.200000
105,s,0.800000
106,s,0.800000
107,s,0.200000
108,d,0.600000
109,d,0.800000
110,s,0.600000
111,d,0.400000
112,p,0.600000
113,d,0.800000
114,p,0.400000
115,d,0.600000
116,s,0.800000
117,p,0.200000
118,s,0.800000
119,p,0.400000
120,p,0.400000
121,d,0.800000
122,d,0.600000
123,d,0.800000
124,p,0.400000
125,s,0.600000
126,p,0.600000
127,s,0.400000
128,s,0.400000
129,p,0.800000
130,p,0.400000
131,p,0.600000
132,p,0.600000
133,d,0.200000
134,s,0.400000
135,p,0.800000
136,d,0.400000
137,s,0.600000
138,s,0.400000
139,p,0.600000
140,d,0.400000
141,p,0.600000
142,s,0.800000
143,s,0.600000
144,d,0.600000
145,p,0.600000
146,s,1.000000
147,s,0.400000
148,s,0.200000
149,p,0.400000
150,s,0.800000
151,p,0.400000
152,d,0.200000
153,p,0.600000
154,s,0.400000
155,s,0.600000
156,d,0.400000
157,p,0.600000
158,d,0.600000
159,d,1.000000
160,s,0.600000
161,s,0.600000
162,d,0.200000
163,p,0.800000
164,p,0.600000
165,p,0.600000
166,p,0.600000
167,s,0.600000
168,p,0.600000
169,s,0.600000
170,d,0.400000
171,p,0.600000
172,p,0.400000
173,d,0.200000
174,d,0.600000
175,p,0.400000
176,d,0.200000
177,s,0.600000
178,p,0.600000
179,s,0.400000
180,p,0.800000
181,s,0.600000
182,p,0.400000
183,s,0.600000
184,s,0.200000
185,d,0.800000
186,s,0.800000
187,d,0.400000
188,p,0.200000
189,s,0.600000
190,p,0.400000
191,d,0.400000
192,d,0.400000
193,s,0.600000
194,s,0.400000
195,p,0.800000
196,p,1.000000
197,s,0.400000
198,p,0.400000
199,d,0.400000
200,d,0.400000
201,s,0.400000
202,p,0.400000
203,d,0.800000
204,p,0.800000
205,d,0.600000
206,d,0.600000
207,d,0.600000
208,p,0.200000
209,s,0.800000
210,p,0.400000
211,p,0.400000
212,s,0.200000
213,p,0.400000
214,s,0.800000
215,p,0.200000
216,s,0.400000
217,s,0.400000
218,p,0.600000
219,s,0.400000
220,s,0.400000
221,p,0.600000
222,s,0.800000
223,s,0.600000
224,s,0.600000
225,p,0.400000
226,d,0.600000
227,s,0.400000
228,s,0.600000
229,p,0.400000
230,s,0.400000
231,d,0.400000
232,p,0.600000
233,s,0.600000
234,s,0.400000
235,s,1.000000
236,p,0.800000
237,p,0.800000
238,p,0.400000
239,s,0.600000
240,d,0.200000
241,p,0.800000
242,p,0.200000
243,d,0.600000
244,s,0.400000
245,p,0.400000
246,p,1.000000
247,s,0.800000
248,p,0.400000
249,d,0.600000
250,s,0.400000
251,d,0.400000
252,s,0.600000
253,p,0.800000
254,s,0.400000
255,s,0.200000
256,s,0.800000
257,d,0.400000
258,d,0.400000
259,s,1.000000
260,s,0.200000
261,s,0.600000
262,d,0.600000
263,s,0.600000
264,p,0.200000
265,d,0.400000
266,d,0.200000
267,d,0.600000
268,d,0.400000
269,p,0.400000
270,s,0.800000
271,p,0.400000
272,s,0.400000
273,p,0.600000
274,d,0.400000
275,s,0.600000
276,p,0.600000
277,d,0.600000
278,s,0.400000
279,d,0.200000
280,s,0.600000
281,p,0.400000
282,p,0.200000
283,d,0.400000
284,p,0.600000
285,p,0.800000
286,s,0.400000
287,d,0.600000
288,s,0.200000
289,s,0.400000
290,d,0.600000
291,d,0.800000
292,p,0.200000
293,d,0.600000
294,s,0.800000
295,s,0.200000
296,p,0.600000
297,d,0.600000
298,s,0.400000
299,d,0.200000
300,p,0.200000
301,s,0.600000
302,s,0.200000
303,s,0.800000
304,d,1.000000
305,d,0.400000
306,p,0.600000
307,p,0.400000
308,p,0.800000
309,p,0.400000
310,p,0.400000
311,p,0.600000
312,s,0.600000
313,s,0.400000
314,d,0.400000
315,s,0.400000
316,p,0.600000
317,p,0.600000
318,s,0.800000
319,s,0.400000
320,p,0.200000
321,s,0.600000
322,p,0.400000
323,s,0.600000
324,d,0.400000
325,s,0.600000
326,p,0.600000
327,s,0.600000
328,p,0.400000
329,s,0.400000
330,d,0.400000
331,p,0.400000
332,d,0.200000
333,p,0.600000
334,s,0.600000
335,d,0.200000
336,p,0.200000
337,p,0.200000
338,d,1.000000
339,p,0.400000
340,d,0.800000
341,s,0.400000
342,d,0.400000
343,p,0.400000
344,d,0.400000
345,p,0.200000
346,s,1.000000
347,d,0.400000
348,s,0.600000
349,d,0.600000
350,s,0.800000
351,s,0.400000
352,d,0.400000
353,s,0.600000
354,p,0.600000
355,p,0.400000
356,d,0.800000
357,p,0.600000
358,s,0.600000
359,s,0.600000
360,s,0.200000
361,p,0.600000
362,p,0.800000
363,d,0.400000
364,s,0.200000
365,d,0.400000
366,d,0.400000
367,d,0.600000
368,p,0.400000
369,s,0.600000
370,d,0.400000
371,d,0.400000
372,p,0.200000
373,s,0.800000
374,d,0.600000
375,p,0.200000
376,p,0.400000
377,d,0.200000
378,p,0.600000
379,d,0.600000
380,s,0.200000
381,s,0.800000
382,d,1.000000
383,s,0.600000
384,s,0.600000
385,s,0.600000
386,s,0.200000
387,d,0.600000
388,p,0.200000
389,d,0.400000
390,p,0.400000
391,p,0.800000
392,d,0.200000
393,s,0.400000
394,s,0.400000
395,s,0.200000
396,d,0.400000
397,d,0.600000
398,p,0.800000
399,p,0.400000
400,p,0.400000
401,p,0.400000
402,d,0.800000
403,d,0.400000
404,s,0.400000
405,d,0.600000
406,d,0.200000
407,d,0.600000
408,s,0.600000
409,d,0.600000
410,p,0.800000
411,p,0.800000
412,s,0.200000
413,s,0.400000
414,d,0.400000
415,d,0.800000
416,s,0.400000
417,d,1.000000
418,d,0.600000
419,s,0.400000
420,d,0.400000
421,d,0.800000
422,p,0.600000
423,d,0.600000
424,p,0.800000
425,p,0.800000
426,d,0.200000
427,p,0.200000
428,p,0.800000
429,d,0.600000
430,s,0.400000
431,s,0.200000
432,d,0.400000
433,p,0.600000
434,p,0.200000
435,s,0.800000
436,s,0.200000
437,d,0.200000
438,p,0.400000
439,d,0.600000
440,s,0.200000
441,d,0.200000
442,s,0.400000
443,d,0.400000
444,d,0.200000
445,d,0.600000
446,d,0.200000
447,d,0.600000
448,p,0.200000
449,d,0.200000
450,d,0.800000
451,d,0.200000
452,s,0.600000
453,d,0.200000
454,d,0.600000
455,p,0.600000
456,p,0.800000
457,d,0.400000
458,p,0.800000
459,p,0.600000
460,d,0.600000
461,s,0.600000
462,p,0.600000
463,s,0.200000
464,s,0.400000
465,s,0.600000
466,p,0.400000
467,s,0.600000
468,p,0.600000
469,p,0.200000
470,d,0.400000
471,p,0.400000
472,p,0.600000
473,p,0.200000
474,p,0.400000
475,p,0.200000
476,s,0.600000
477,p,0.600000
478,s,0.800000
479,s,0.800000
480,s,0.400000
481,s,0.600000
482,p,0.800000
483,s,0.400000
484,s,0.400000
485,d,0.600000
486,p,0.400000
487,s,0.400000
488,s,1.000000
489,s,0.600000
490,p,0.600000
491,p,0.600000
492,s,0.800000
493,d,0.600000
494,p,0.600000
495,p,0.800000
496,p,0.800000
497,p,0.200000
498,d,0.600000
499,p,0.200000
500,p,1.000000
501,s,0.600000
502,d,0.400000
503,s,0.400000
504,p,0.800000
505,d,0.600000
506,s,0.200000
507,d,0.400000
508,s,0.200000
509,s,0.800000
510,p,0.200000
511,d,0.400000
512,p,0.400000
513,s,0.600000
514,s,0.400000
515,s,0.400000
516,p,0.400000
517,p,0.200000
518,p,0.600000
519,d,1.000000
520,s,0.400000
521,s,0.600000
522,d,0.200000
523,d,0.200000
524,d,0.600000
525,p,0.200000
526,p,0.800000
527,p,0.200000
528,p,0.600000
529,d,0.600000
530,p,0.600000
531,s,0.400000
532,p,0.200000
533,s,0.600000
534,p,0.200000
535,d,0.200000
536,p,0.600000
537,d,0.800000
538,d,0.600000
539,s,0.600000
540,p,0.800000
541,s,0.600000
542,p,0.400000
543,p,0.600000
544,d,0.800000
545,d,0.600000
546,s,0.400000
547,d,0.200000
548,s,0.600000
549,p,0.400000
550,p,0.600000
551,s,0.800000
552,p,0.600000
553,d,0.600000
554,s,0.200000
555,s,0.600000
556,d,0.200000
557,s,0.600000
558,d,0.400000
559,s,0.200000
560,s,0.400000
561,d,0.400000
562,s,0.600000
563,d,0.800000
564,p,0.400000
565,p,0.400000
566,s,0.400000
567,d,0.800000
568,s,0.400000
569,s,0.400000
570,s,1.000000
571,p,0.600000
572,s,0.200000
573,s,0.400000
574,s,0.800000
575,p,0.600000
576,d,0.600000
577,p,0.400000
578,p,0.200000
579,s,0.200000
580,s,0.400000
581,p,0.200000
582,d,0.600000
583,s,0.400000
584,p,0.600000
585,p,0.800000
586,s,0.600000
587,p,0.400000
588,d,1.000000
589,p,0.800000
590,s,0.600000
591,p,0.600000
592,p,1.000000
593,s,0.400000
594,s,0.200000
595,d,0.600000
596,d,0.600000
597,p,0.400000
598,p,0.400000
599,p,0.400000
600,s,0.600000
601,p,0.600000
602,p,0.600000
603,p,0.600000
604,d,0.800000
605,s,0.600000
606,d,0.800000
607,d,0.800000
608,s,0.600000
609,p,0.600000
610,s,0.400000
611,s,0.400000
612,p,0.800000
613,s,0.600000
614,d,0.600000
615,d,0.200000
616,p,0.800000
617,p,0.400000
618,d,0.600000
619,p,0.600000
620,s,0.600000
621,s,1.000000
622,d,0.600000
623,s,0.800000
624,p,0.800000
625,d,0.400000
626,d,0.800000
627,s,0.400000
628,p,0.400000
629,p,0.800000
630,d,0.400000
631,p,0.400000
632,p,0.400000
633,d,0.800000
634,d,0.400000
635,p,0.600000
636,d,0.400000
637,p,0.400000
638,s,0.800000
639,s,0.400000
640,s,0.600000
641,s,0.600000
642,s,0.200000
643,p,0.400000
644,d,0.400000
645,s,0.800000
646,p,0.800000
647,p,0.600000
648,p,0.600000
649,p,0.400000
650,s,0.600000
651,s,0.400000
652,d,0.200000
653,p,0.600000
654,s,0.400000
655,s,0.400000
656,p,0.600000
657,p,0.600000
658,s,0.600000
659,d,0.800000
660,d,0.800000
661,d,0.400000
662,d,0.800000
663,p,0.200000
664,d,0.600000
665,p,0.400000
666,d,0.200000
667,p,0.600000
668,p,0.400000
669,s,0.400000
670,d,0.800000
671,d,0.400000
672,s,0.600000
673,d,0.600000
674,d,0.200000
675,s,0.600000
676,d,0.400000
677,d,0.200000
678,s,0.400000
679,d,0.200000
680,p,0.400000
681,d,0.600000
682,s,0.400000
683,s,0.200000
684,s,0.400000
685,p,0.400000
686,p,0.400000
687,s,0.600000
688,d,0.400000
689,d,0.600000
690,s,0.600000
691,d,0.400000
692,s,0.600000
693,d,0.400000
694,d,0.400000
695,p,0.200000
696,s,0.600000
697,d,0.600000
698,d,0.800000
699,d,0.600000
700,d,0.800000
701,s,0.800000
702,s,0.400000
703,p,0.600000
704,p,0.600000
705,p,0.400000
706,s,0.600000
707,p,0.400000
708,p,0.800000
709,d,0.800000
710,s,0.600000
711,p,0.800000
712,p,0.800000
713,p,0.600000
714,s,0.600000
715,s,0.400000
716,p,0.600000
717,d,1.000000
718,p,0.400000
719,d,0.400000
720,p,0.400000
721,d,0.200000
722,s,0.200000
723,d,0.600000
724,d,1.000000
725,d,0.600000
726,p,0.600000
727,s,0.600000
728,p,0.600000
729,s,0.600000
730,d,0.600000
731,s,0.400000
732,p,0.800000
733,d,0.400000
734,p,0.200000
735,d,0.600000
736,d,0.600000
737,d,0.600000
738,s,0.200000
739,p,0.400000
740,d,0.600000
741,d,0.600000
742,d,0.400000
743,d,0.600000
744,p,0.200000
745,d,0.600000
746,p,0.400000
747,d,0.600000
748,d,0.200000
749,d,0.600000
750,d,0.600000
751,p,0.800000
752,s,0.400000
753,d,0.200000
754,d,0.200000
755,p,0.400000
756,s,0.600000
757,s,0.400000
758,p,0.400000
759,s,0.800000
760,s,0.400000
761,d,0.400000
762,d,0.400000
763,p,0.400000
764,d,0.400000
765,d,1.000000
766,d,0.200000
767,p,0.800000
768,s,0.800000
769,s,0.400000
770,p,0.400000
771,s,0.800000
772,p,0.400000
773,d,0.600000
774,s,0.400000
775,p,1.000000
776,p,0.600000
777,p,0.400000
778,p,0.800000
779,p,0.600000
780,p,0.200000
781,p,0.400000
782,s,0.400000
783,s,0.400000
784,s,0.600000
785,s,0.200000
786,d,0.800000
787,d,0.200000
788,p,0.800000
789,s,0.600000
790,p,0.600000
791,p,0.200000
792,d,0.600000
793,s,0.600000
794,s,0.600000
795,p,0.200000
796,d,0.600000
797,p,0.200000
798,p,0.400000
799,d,0.400000
800,d,0.400000
801,d,0.600000
802,s,0.600000
803,d,0.600000
804,s,0.600000
805,p,0.600000
806,p,0.800000
807,p,0.400000
808,s,0.600000
809,d,0.400000
810,s,0.400000
811,s,0.600000
812,p,0.600000
813,d,1.000000
814,d,0.400000
815,d,0.200000
816,p,0.600000
817,s,0.400000
818,p,0.400000
819,s,0.400000
820,d,0.600000
821,s,0.200000
822,d,0.600000
823,d,0.200000
824,s,0.400000
825,p,0.400000
826,p,0.600000
827,p,0.400000
828,d,0.400000
829,p,0.600000
830,s,1.000000
831,s,0.400000
832,d,0.400000
833,d,0.400000
834,d,0.400000
835,p,0.600000
836,d,0.600000
837,p,0.600000
838,s,0.600000
839,d,0.600000
840,s,0.600000
841,p,0.200000
842,p,0.400000
843,d,0.600000
844,d,0.800000
845,d,0.600000
846,p,0.600000
847,d,0.200000
848,d,0.200000
849,s,0.400000
850,p,0.400000
851,p,0.400000
852,p,0.600000
853,p,0.600000
854,d,0.600000
855,s,0.800000
856,p,0.400000
857,s,0.600000
858,s,0.200000
859,s,0.800000
860,d,0.600000
861,s,0.400000
862,s,0.400000
863,d,0.600000
864,s,0.800000
865,p,0.800000
866,d,0.400000
867,s,0.600000
868,p,0.600000
869,s,0.600000
870,d,0.600000
871,d,0.400000
872,p,0.200000
873,p,0.400000
874,d,0.800000
875,d,0.600000
876,d,0.200000
877,p,0.400000
878,s,0.600000
879,p,0.400000
880,s,0.600000
881,d,0.400000
882,p,0.600000
883,d,0.200000
884,p,1.000000
885,s,0.600000
886,d,0.200000
887,p,0.600000
888,d,0.200000
889,s,0.600000
890,d,0.600000
891,d,0.600000
892,d,0.400000
893,s,0.600000
894,p,0.600000
895,p,0.600000
896,s,0.600000
897,d,0.400000
898,p,0.200000
899,p,0.600000
900,p,0.400000
901,d,0.600000
902,d,0.400000
903,s,0.400000
904,p,0.400000
905,d,0.400000
906,d,0.400000
907,p,0.600000
908,d,0.600000
909,p,0.400000
910,d,0.400000
911,d,0.800000
912,p,0.600000
913,p,0.400000
914,d,0.600000
915,p,0.400000
916,s,0.200000
917,p,0.400000
918,p,0.600000
919,p,0.400000
920,s,0.200000
921,p,0.200000
922,d,0.200000
923,p,0.600000
924,d,0.200000
925,d,0.600000
926,s,0.400000
927,p,0.200000
928,p,0.800000
929,d,0.400000
930,p,0.800000
931,p,0.600000
932,s,0.800000
933,d,0.400000
934,s,0.400000
935,d,0.800000
936,d,0.600000
937,p,0.200000
938,d,0.800000
939,p,0.800000
940,s,0.600000
941,d,0.200000
942,p,0.600000
943,p,0.400000
944,s,1.000000
945,d,0.200000
946,s,0.600000
947,d,0.600000
948,p,0.200000
949,p,0.400000
950,s,0.600000
951,d,0.600000
952,s,0.800000
953,p,0.600000
954,p,0.200000
955,d,0.400000
956,p,0.600000
957,p,0.800000
958,s,0.400000
959,s,0.400000
960,d,0.800000
961,s,1.000000
962,s,0.600000
963,p,0.400000
964,p,0.400000
965,d,0.400000
966,s,0.400000
967,s,0.800000
968,s,0.400000
969,d,0.400000
970,d,0.400000
971,p,0.400000
972,d,0.600000
973,p,0.400000
974,p,0.600000
975,s,0.600000
976,p,0.600000
977,p,0.800000
978,s,0.800000
979,p,0.600000
980,p,0.400000
981,p,0.800000
982,s,0.400000
983,d,1.000000
984,p,0.200000
985,d,0.600000
986,s,0.400000
987,p,0.600000
988,p,0.600000
989,s,0.600000
990,p,0.200000
991,d,0.600000
992,p,0.400000
993,s,0.600000
994,s,0.600000
995,d,0.400000
996,d,0.400000
997,s,0.400000
998,p,0.600000
999,d,0.400000
1000,p,0.600000
1001,d,0.400000
1002,s,0.200000
1003,d,0.400000
1004,d,0.200000
1005,d,0.600000
1006,p,0.600000
1007,d,0.200000
1008,p,0.400000
1009,d,0.400000
1010,p,0.400000
1011,d,0.400000
1012,p,0.600000
1013,s,0.600000
1014,s,0.600000
1015,s,0.600000
1016,d,0.600000
1017,p,0.600000
1018,d,0.600000
1019,d,0.200000
1020,s,0.200000
1021,s,0.800000
1022,d,0.400000
1023,d,1.000000
1024,p,0.200000
1025,p,0.200000
1026,d,0.600000
1027,s,0.400000
1028,p,0.600000
1029,s,0.800000
1030,s,0.400000
1031,s,0.400000
1032,s,0.600000
1033,p,0.600000
1034,s,0.400000
1035,p,0.400000
1036,p,0.200000
1037,d,0.600000
1038,p,0.600000
1039,d,0.600000
1040,p,0.600000
1041,p,0.200000
1042,p,0.400000
1043,d,0.200000
1044,p,1.000000
1045,p,0.600000
1046,p,0.400000
1047,d,0.200000
1048,p,0.600000
1049,s,0.400000
1050,s,0.200000
1051,p,0.600000
1052,d,0.600000
1053,d,0.400000
1054,s,1.000000
1055,d,0.600000
1056,d,0.600000
1057,p,0.600000
1058,p,0.600000
1059,s,0.600000
1060,s,0.200000
1061,s,0.400000
1062,p,0.600000
1063,p,0.600000
1064,p,0.600000
1065,p,0.800000
1066,s,0.800000
1067,p,0.200000
1068,p,0.600000
1069,p,1.000000
1070,p,0.400000
1071,d,0.600000
1072,s,0.200000
1073,d,0.200000
1074,s,0.600000
1075,d,0.600000
1076,s,0.600000
1077,p,0.400000
1078,d,0.400000
1079,p,0.400000
1080,s,0.600000
1081,d,0.800000
1082,p,0.800000
1083,d,0.800000
1084,p,0.200000
1085,d,0.600000
1086,d,0.400000
1087,s,0.800000
1088,p,0.600000
1089,s,0.400000
1090,p,0.600000
1091,p,0.400000
1092,d,1.000000
1093,s,0.600000
1094,s,0.400000
1095,d,0.400000
1096,d,0.200000
1097,d,0.400000
1098,s,0.200000
1099,s,0.800000
1100,p,0.600000
1101,s,0.200000
1102,s,0.400000
1103,s,1.000000
1104,s,0.400000
1105,s,0.600000
1106,s,0.800000
1107,d,0.200000
1108,d,0.600000
1109,d,0.400000
1110,s,0.200000
1111,s,0.200000
1112,d,0.200000
1113,d,0.400000
1114,d,0.400000
1115,d,0.400000
1116,s,0.600000
1117,s,0.200000
1118,p,0.800000
1119,d,0.400000
1120,s,0.200000
1121,s,0.400000
1122,d,0.400000
1123,p,0.600000
1124,p,0.600000
1125,s,0.600000
1126,p,0.600000
1127,d,0.400000
1128,p,0.600000
1129,p,0.600000
1130,d,0.400000
1131,s,0.400000
1132,d,0.800000
1133,s,0.600000
1134,p,0.400000
1135,d,0.600000
1136,p,0.600000
1137,s,0.400000
1138,p,0.400000
1139,d,0.400000
1140,d,0.200000
1141,s,0.600000
1142,d,0.400000
1143,s,0.400000
1144,p,0.600000
1145,s,0.600000
1146,d,0.200000
1147,p,0.600000
1148,p,0.600000
1149,p,0.200000
1150,s,0.400000
1151,p,0.600000
1152,s,0.600000
1153,p,0.200000
1154,p,0.600000
1155,d,0.600000
1156,d,0.800000
1157,p,0.200000
1158,s,0.400000
1159,d,0.200000
1160,d,0.600000
1161,d,0.200000
1162,p,0.200000
1163,p,0.800000
1164,s,1.000000
1165,p,0.600000
1166,s,0.200000
1167,p,0.200000
1168,d,0.400000
1169,d,0.400000
1170,d,0.400000
1171,d,0.600000
1172,d,0.200000
1173,d,0.200000
1174,s,0.200000
1175,s,0.600000
1176,d,0.400000
1177,d,0.400000
1178,d,0.600000
1179,s,0.200000
1180,d,0.400000
1181,s,0.600000
1182,p,0.200000
1183,s,0.600000
1184,d,0.400000
1185,s,0.600000
1186,d,0.800000
1187,s,0.600000
1188,p,0.200000
1189,s,0.600000
1190,d,0.800000
1191,p,0.400000
1192,p,0.200000
1193,p,0.800000
1194,p,0.400000
1195,s,0.600000
1196,s,0.400000
1197,p,0.600000
1198,s,0.400000
1199,p,0.400000
1200,p,0.600000
1201,d,0.400000
1202,p,0.200000
1203,s,0.400000
1204,p,1.000000
1205,d,0.800000
1206,s,0.600000
1207,s,0.600000
1208,p,0.800000
1209,d,0.600000
1210,p,0.800000
1211,d,0.200000
1212,s,0.200000
1213,p,0.400000
1214,s,0.600000
1215,s,0.200000
1216,p,0.400000
1217,p,0.800000
1218,p,0.600000
1219,d,0.400000
1220,p,0.400000
1221,p,0.400000
1222,s,0.200000
1223,p,0.800000
1224,p,0.200000
1225,d,1.000000
1226,s,1.000000
1227,s,0.400000
1228,p,0.800000
1229,p,0.400000
1230,d,0.200000
1231,d,0.400000
1232,s,0.400000
1233,d,0.400000
1234,s,0.800000
1235,d,0.800000
1236,d,0.400000
1237,s,0.200000
1238,s,0.400000
1239,p,0.600000
1240,s,0.600000
1241,d,0.600000
1242,p,0.200000
1243,p,0.400000
1244,d,0.200000
1245,p,0.200000
1246,p,0.800000
1247,s,0.200000
1248,p,0.200000
1249,d,0.400000
1250,s,0.200000
1251,d,0.200000
1252,d,0.400000
1253,p,0.600000
1254,s,0.600000
1255,d,0.600000
1256,d,0.200000
1257,d,0.400000
1258,d,0.600000
1259,p,0.600000
1260,d,0.800000
1261,p,0.600000
1262,d,0.800000
1263,p,0.600000
1264,p,0.400000
1265,d,0.600000
1266,s,0.600000
1267,s,0.600000
1268,d,0.600000
1269,d,0.800000
1270,p,0.600000
1271,p,0.400000
1272,s,0.400000
1273,s,0.600000
1274,s,0.800000
1275,d,0.400000
1276,d,0.400000
1277,p,0.600000
1278,p,0.400000
1279,s,0.800000
1280,s,0.400000
1281,d,0.400000
1282,s,0.400000
1283,s,0.600000
1284,s,0.400000
1285,s,0.800000
1286,p,0.200000
1287,d,0.600000
1288,d,0.400000
1289,p,0.600000
1290,p,0.600000
1291,s,1.000000
1292,s,0.400000
1293,p,0.200000
1294,p,0.400000
1295,d,0.400000
1296,d,0.200000
1297,d,0.800000
1298,s,1.000000
1299,p,0.200000
1300,s,0.400000
1301,d,0.400000
1302,s,0.600000
1303,d,0.600000
1304,d,0.600000
1305,s,0.600000
1306,p,0.800000
1307,p,0.800000
1308,s,0.800000
1309,s,0.600000
1310,p,0.400000
1311,d,0.400000
1312,d,0.400000
1313,s,0.400000
1314,s,0.600000
1315,p,0.600000
1316,s,0.600000
1317,s,0.800000
1318,s,0.600000
1319,s,0.400000
1320,p,0.600000
1321,p,1.000000
1322,p,0.400000
1323,d,0.400000
1324,p,0.600000
1325,s,0.600000
1326,s,0.600000
1327,s,0.600000
1328,d,0.600000
1329,s,0.800000
1330,d,0.400000
1331,p,0.800000
1332,d,0.600000
1333,p,0.600000
1334,d,0.400000
1335,d,0.600000
1336,s,0.600000
1337,p,0.600000
1338,d,0.800000
1339,s,0.400000
1340,d,0.600000
1341,d,0.800000
1342,d,0.400000
1343,d,0.400000
1344,d,0.200000
1345,p,0.400000
1346,s,1.000000
1347,s,0.800000
1348,p,0.600000
1349,d,0.400000
1350,p,0.400000
1351,p,0.800000
1352,d,0.400000
1353,p,0.400000
1354,s,0.800000
1355,d,0.400000
1356,s,0.600000
1357,d,0.800000
1358,p,0.400000
1359,s,0.600000
1360,d,0.600000
1361,p,0.200000
1362,d,0.400000
1363,d,0.600000
1364,s,0.800000
1365,d,0.400000
1366,d,0.600000
1367,s,0.800000
1368,s,0.400000
1369,d,0.400000
1370,p,0.200000
1371,s,0.200000
1372,p,0.600000
1373,s,0.400000
1374,p,0.600000
1375,s,0.400000
1376,p,0.400000
1377,s,0.600000
1378,s,0.600000
1379,d,0.600000
1380,s,0.400000
1381,d,0.400000
1382,d,0.600000
1383,s,0.800000
1384,d,0.200000
1385,d,0.200000
1386,d,0.400000
1387,s,0.400000
1388,s,0.400000
1389,s,0.800000
1390,d,0.400000
1391,s,0.400000
1392,d,0.400000
1393,p,0.800000
1394,p,0.400000
1395,p,0.200000
1396,d,0.400000
1397,d,0.800000
1398,s,0.800000
1399,s,0.400000
1400,s,0.600000
1401,p,1.000000
1402,p,1.000000
1403,d,0.400000
1404,d,0.200000
1405,d,0.200000
1406,d,0.600000
1407,d,0.600000
1408,p,0.600000
1409,d,0.800000
1410,p,1.000000
1411,p,0.600000
1412,s,0.600000
1413,p,0.400000
1414,s,1.000000
1415,p,0.600000
1416,p,0.800000
1417,d,0.800000
1418,d,0.400000
1419,d,0.600000
1420,d,0.400000
1421,d,0.400000
1422,s,0.200000
1423,d,0.400000
1424,s,0.200000
1425,p,0.800000
1426,s,0.800000
1427,p,0.200000
1428,s,0.800000
1429,d,0.800000
1430,d,0.400000
1431,p,0.800000
1432,s,0.400000
1433,p,0.600000
1434,s,0.800000
1435,d,0.400000
1436,s,0.400000
1437,d,0.400000
1438,p,0.200000
1439,s,0.400000
1440,d,0.200000
1441,d,0.800000
1442,p,0.200000
1443,d,0.800000
1444,p,0.400000
1445,p,0.400000
1446,d,0.600000
1447,p,0.400000
1448,d,0.600000
1449,p,0.400000
1450,p,0.600000
1451,d,0.400000
1452,d,0.600000
1453,d,0.400000
1454,s,0.800000
1455,d,0.800000
1456,s,0.400000
1457,p,0.600000
1458,s,0.400000
1459,d,0.400000
1460,p,0.600000
1461,s,0.200000
1462,d,0.600000
1463,s,0.400000
1464,d,0.200000
1465,d,0.400000
1466,p,1.000000
1467,d,0.200000
1468,s,0.400000
1469,d,0.200000
1470,s,0.600000
1471,d,0.400000
1472,p,0.800000
1473,p,0.600000
1474,p,0.200000
1475,p,0.200000
1476,s,0.600000
1477,d,0.800000
1478,s,0.400000
1479,s,1.000000
1480,s,0.400000
1481,s,1.000000
1482,p,0.400000
1483,d,1.000000
1484,d,0.400000
1485,s,0.400000
1486,s,0.600000
1487,s,0.200000
1488,d,0.400000
1489,d,0.800000
1490,p,0.200000
1491,p,0.800000
1492,s,0.600000
1493,p,0.600000
1494,p,0.800000
1495,p,0.400000
1496,d,0.600000
1497,s,0.800000
1498,d,0.400000
1499,p,0.600000
1500,p,0.600000
1501,s,0.400000
1502,p,0.600000
1503,d,0.400000
1504,d,0.800000
1505,s,0.600000
1506,p,0.800000
1507,d,0.600000
1508,p,0.400000
1509,s,0.400000
1510,s,0.200000
1511,p,0.400000
1512,s,0.200000
1513,s,0.400000
1514,s,0.800000
1515,s,0.400000
1516,d,0.200000
1517,s,0.800000
1518,d,0.400000
1519,d,0.400000
1520,p,0.400000
1521,d,1.000000
1522,s,0.600000
1523,s,0.600000
1524,d,0.600000
1525,p,0.600000
1526,p,0.800000
1527,p,0.800000
1528,s,0.400000
1529,d,0.400000
1530,d,0.600000
1531,s,0.600000
1532,p,0.400000
1533,s,0.400000
1534,p,0.600000
1535,d,0.200000
1536,s,0.400000
1537,p,0.800000
1538,p,0.400000
1539,d,0.400000
1540,d,0.400000
1541,d,0.400000
1542,p,1.000000
1543,d,0.400000
1544,p,0.600000
1545,s,0.600000
1546,s,0.400000
1547,s,0.400000
1548,s,0.400000
1549,p,0.600000
1550,p,0.600000
1551,p,0.600000
1552,s,0.400000
1553,p,0.600000
1554,d,0.800000
1555,d,0.600000
1556,s,0.200000
1557,s,0.400000
1558,d,0.400000
1559,s,0.800000
1560,d,0.400000
1561,p,0.200000
1562,s,0.400000
1563,p,0.800000
1564,s,0.600000
1565,p,0.400000
1566,s,0.400000
1567,d,0.400000
1568,p,0.200000
1569,p,0.200000
1570,p,0.600000
1571,p,0.400000
1572,s,1.000000
1573,d,0.600000
1574,d,0.600000
1575,d,0.600000
1576,p,0.400000
1577,p,0.400000
1578,s,0.800000
1579,d,0.400000
1580,s,0.400000
1581,s,0.600000
1582,s,0.200000
1583,p,0.600000
1584,p,0.400000
1585,s,0.400000
1586,p,0.600000
1587,d,0.400000
1588,d,0.600000
1589,d,0.400000
1590,s,0.600000
1591,p,0.400000
1592,p,0.400000
1593,s,0.600000
1594,s,0.400000
1595,s,0.600000
1596,s,0.600000
1597,s,0.400000
1598,d,0.400000
1599,s,0.400000
1600,s,0.200000
1601,d,0.400000
1602,p,0.400000
1603,s,0.400000
1604,s,0.600000
1605,p,0.600000
1606,d,0.800000
1607,s,0.600000
1608,p,0.200000
1609,d,0.200000
1610,s,0.600000
1611,s,0.400000
1612,p,0.400000
1613,d,0.600000
1614,s,0.800000
1615,s,0.600000
1616,d,0.800000
1617,d,0.400000
1618,d,0.200000
1619,s,0.400000
1620,p,0.400000
1621,s,0.800000
1622,s,0.200000
1623,p,0.200000
1624,d,0.400000
1625,d,0.200000
1626,d,0.800000
1627,p,0.400000
1628,p,0.200000
1629,d,0.800000
1630,d,0.600000
1631,p,0.400000
1632,p,0.800000
1633,p,0.800000
1634,d,0.600000
1635,p,0.600000
1636,p,0.400000
1637,p,0.600000
1638,p,0.600000
1639,p,0.600000
1640,d,0.400000
1641,d,0.400000
1642,p,0.600000
1643,s,1.000000
1644,p,0.600000
1645,p,0.800000
1646,p,0.800000
1647,p,1.000000
1648,p,0.800000
1649,s,0.800000
1650,s,0.400000
1651,d,0.200000
1652,d,0.600000
1653,p,0.400000
1654,p,0.400000
1655,d,0.400000
1656,s,0.400000
1657,s,0.600000
1658,p,0.400000
1659,s,0.200000
1660,d,0.400000
1661,d,0.200000
1662,s,1.000000
1663,s,0.400000
1664,p,0.600000
1665,d,0.400000
1666,p,0.400000
1667,p,0.200000
1668,p,0.200000
1669,s,0.600000
1670,d,0.600000
1671,s,0.600000
1672,d,0.400000
1673,s,0.600000
1674,s,0.400000
1675,p,0.600000
1676,p,0.600000
1677,s,1.000000
1678,p,0.200000
1679,d,1.000000
1680,d,0.600000
1681,d,0.400000
1682,p,0.800000
1683,s,0.200000
1684,p,0.600000
1685,s,0.800000
1686,p,0.200000
1687,d,0.600000
1688,s,0.600000
1689,p,0.200000
1690,d,0.600000
1691,s,0.400000
1692,p,0.800000
1693,d,0.400000
1694,p,0.400000
1695,s,0.200000
1696,s,0.600000
1697,s,0.600000
1698,s,0.600000
1699,p,0.400000
1700,s,0.600000
1701,p,0.400000
1702,s,0.800000
1703,d,0.600000
1704,p,0.600000
1705,p,0.400000
1706,p,0.400000
1707,p,0.200000
1708,p,0.800000
1709,p,0.600000
1710,d,0.600000
1711,p,0.400000
1712,d,0.400000
1713,d,0.200000
1714,d,0.200000
1715,d,0.600000
1716,s,0.400000
1717,d,0.400000
1718,p,0.200000
1719,s,0.600000
1720,p,0.400000
1721,s,0.400000
1722,p,0.200000
1723,p,0.600000
1724,d,0.600000
1725,d,1.000000
1726,s,0.600000
1727,p,0.200000
1728,p,0.600000
1729,d,0.400000
1730,p,0.600000
1731,d,0.400000
1732,d,0.400000
1733,p,0.800000
1734,p,0.200000
1735,p,0.400000
1736,d,0.400000
1737,s,0.800000
1738,d,0.800000
1739,d,0.400000
1740,d,0.800000
1741,p,0.600000
1742,d,0.600000
1743,s,0.600000
1744,d,0.400000
1745,p,0.400000
1746,s,0.400000
1747,d,0.400000
1748,p,0.200000
1749,d,0.400000
1750,s,0.600000
1751,p,0.600000
1752,p,0.800000
1753,d,0.600000
1754,d,0.400000
1755,p,0.200000
1756,s,0.600000
1757,p,0.800000
1758,d,0.200000
1759,p,0.400000
1760,p,0.600000
1761,s,0.400000
1762,d,0.400000
1763,d,0.600000
1764,s,0.800000
1765,p,0.200000
1766,s,0.600000
1767,d,0.600000
1768,d,0.400000
1769,d,0.200000
1770,p,0.400000
1771,d,0.600000
1772,d,0.600000
1773,s,0.600000
1774,s,0.600000
1775,d,0.800000
1776,s,0.200000
1777,p,0.800000
1778,d,0.800000
1779,s,0.600000
1780,d,0.400000
1781,d,0.600000
1782,s,0.600000
1783,d,0.400000
1784,d,0.200000
1785,d,0.200000
1786,s,0.400000
1787,s,0.200000
1788,d,0.200000
1789,s,0.200000
1790,d,0.800000
1791,p,0.200000
1792,p,0.400000
1793,s,0.400000
1794,d,0.600000
1795,d,0.200000
1796,d,0.600000
1797,s,0.600000
1798,d,0.800000
1799,d,0.400000
1800,d,0.800000
1801,s,0.600000
1802,d,0.400000
1803,p,0.400000
1804,d,0.600000
1805,s,1.000000
1806,p,0.600000
1807,s,0.600000
1808,s,0.400000
1809,p,0.400000
1810,s,0.200000
1811,s,0.400000
1812,d,0.400000
1813,s,0.400000
1814,d,0.800000
1815,p,0.600000
1816,s,0.600000
1817,p,0.200000
1818,d,0.200000
1819,p,0.600000
1820,s,0.400000
1821,p,0.400000
1822,s,0.600000
1823,d,0.400000
1824,s,1.000000
1825,p,0.400000
1826,d,0.200000
1827,s,0.600000
1828,s,0.400000
1829,s,0.600000
1830,s,0.200000
1831,p,0.600000
1832,s,0.600000
1833,p,0.800000
1834,d,0.400000
1835,s,0.600000
1836,s,0.200000
1837,d,0.400000
1838,p,0.800000
1839,p,0.400000
1840,s,0.600000
1841,d,0.400000
1842,s,0.400000
1843,d,0.400000
1844,p,0.200000
1845,s,0.400000
1846,s,0.400000
1847,p,0.800000
1848,s,0.600000
1849,p,0.600000
1850,d,0.600000
1851,p,0.600000
1852,d,0.200000
1853,p,0.400000
1854,p,0.200000
1855,s,0.200000
1856,d,0.400000
1857,d,0.400000
1858,p,0.600000
1859,p,0.400000
1860,s,0.200000
1861,s,0.400000
1862,d,0.600000
1863,d,0.600000
1864,d,0.600000
1865,d,0.600000
1866,d,0.800000
1867,d,0.600000
1868,d,0.400000
1869,p,0.400000
1870,p,0.400000
1871,s,0.600000
1872,p,0.400000
1873,p,0.400000
1874,p,0.600000
1875,s,0.400000
1876,s,0.400000
1877,p,0.200000
1878,d,0.200000
1879,s,0.200000
1880,s,0.200000
1881,p,0.400000
1882,d,0.400000
1883,p,0.800000
1884,d,0.600000
1885,d,0.200000
1886,d,0.800000
1887,s,0.800000
1888,p,0.200000
1889,d,0.400000
1890,s,0.600000
1891,p,0.200000
1892,p,0.200000
1893,d,0.200000
1894,p,0.200000
1895,d,0.200000
1896,p,0.400000
1897,d,0.400000
1898,s,0.600000
1899,d,0.600000
1900,p,0.400000
1901,d,0.600000
1902,p,0.400000
1903,p,0.400000
1904,d,0.400000
1905,p,0.600000
1906,p,0.600000
1907,d,0.400000
1908,p,0.400000
1909,s,0.400000
1910,p,0.400000
1911,s,0.400000
1912,d,0.600000
1913,d,0.400000
1914,s,0.200000
1915,d,0.600000
1916,p,0.400000
1917,s,0.400000
1918,p,0.800000
1919,p,0.600000
1920,p,0.200000
1921,s,0.200000
1922,p,0.200000
1923,p,0.200000
1924,p,0.800000
1925,s,0.600000
1926,s,0.200000
1927,s,1.000000
1928,d,0.400000
1929,p,0.200000
1930,d,0.400000
1931,s,0.600000
1932,d,0.200000
1933,d,0.800000
1934,d,0.600000
1935,p,0.400000
1936,d,0.800000
1937,d,0.400000
1938,d,1.000000
1939,d,0.200000
1940,d,0.400000
1941,d,0.600000
1942,s,1.000000
1943,p,0.400000
1944,d,0.600000
1945,s,0.800000
1946,d,0.600000
1947,s,0.400000
1948,d,0.200000
1949,s,0.200000
1950,s,0.200000
1951,p,0.200000
1952,s,0.400000
1953,s,1.000000
1954,s,0.600000
1955,p,0.200000
1956,d,0.600000
1957,d,0.800000
1958,s,0.400000
1959,p,0.600000
1960,s,1.000000
1961,s,0.600000
1962,d,0.600000
1963,s,1.000000
1964,d,0.800000
1965,p,0.200000
1966,s,0.600000
1967,d,0.600000
1968,d,0.200000
1969,s,0.200000
1970,d,0.600000
1971,s,0.400000
1972,p,0.200000
1973,p,0.400000
1974,d,0.200000
1975,d,0.400000
1976,p,0.200000
1977,s,0.600000
1978,s,0.400000
1979,p,0.400000
1980,d,0.600000
1981,p,0.400000
1982,d,0.600000
1983,d,0.600000
1984,s,0.400000
1985,p,0.400000
1986,d,0.800000
1987,s,0.400000
1988,p,0.800000
1989,d,0.400000
1990,s,1.000000
1991,d,0.600000
1992,s,1.000000
1993,s,0.400000
1994,d,0.200000
1995,d,0.200000
1996,s,0.200000
1997,p,0.600000
1998,p,0.200000
1999,d,0.600000
2000,d,0.600000
2001,s,1.000000
2002,d,0.400000
2003,d,0.200000
2004,s,0.400000
2005,s,0.600000
2006,p,0.600000
2007,p,0.400000
2008,p,0.600000
2009,s,0.600000
2010,d,0.400000
2011,s,0.400000
2012,s,0.400000
2013,s,0.800000
2014,s,0.400000
2015,s,0.600000
2016,s,0.400000
2017,s,0.400000
2018,d,0.400000
2019,s,1.000000
2020,d,0.600000
2021,p,0.200000
2022,d,0.400000
2023,d,0.400000
2024,d,0.600000
2025,p,0.400000
2026,d,0.600000
2027,d,0.400000
2028,s,0.400000
2029,p,0.400000
2030,s,0.600000
2031,d,0.600000
2032,p,0.200000
2033,d,0.200000
2034,d,0.200000
2035,d,0.600000
2036,s,0.600000
2037,p,0.400000
2038,d,0.600000
2039,d,0.600000
2040,p,0.800000
2041,p,0.800000
2042,d,0.800000
2043,s,0.200000
2044,s,0.200000
2045,p,0.800000
2046,d,0.600000
2047,p,0.600000
2048,p,0.600000
2049,d,0.400000
2050,s,0.600000
2051,s,0.400000
2052,d,0.800000
2053,s,0.600000
2054,d,0.200000
2055,d,0.800000
2056,d,0.400000
2057,p,0.600000
2058,s,0.400000
2059,p,0.400000
2060,s,0.600000
2061,s,0.600000
2062,s,0.400000
2063,d,0.600000
2064,d,0.600000
2065,s,0.600000
2066,s,1.000000
2067,d,0.600000
2068,d,0.400000
2069,s,0.200000
2070,d,0.200000
2071,d,0.400000
2072,p,0.400000
2073,p,0.200000
2074,p,0.800000
2075,d,0.400000
2076,s,0.200000
2077,p,0.600000
2078,p,0.200000
2079,d,0.600000
2080,d,0.400000
2081,d,0.800000
2082,p,0.800000
2083,s,0.200000
2084,s,0.600000
2085,s,0.600000
2086,d,0.400000
2087,d,0.600000
2088,p,0.400000
2089,s,0.400000
2090,d,0.600000
2091,s,0.600000
2092,p,0.600000
2093,d,0.800000
2094,d,0.400000
2095,p,0.400000
2096,p,0.800000
2097,s,0.400000
2098,s,0.200000
2099,s,0.400000
2100,s,0.800000
2101,s,0.400000
2102,p,0.600000
2103,s,0.200000
2104,s,0.800000
2105,p,0.600000
2106,s,0.400000
2107,p,0.600000
2108,p,0.400000
2109,s,0.200000
2110,p,0.600000
2111,p,0.600000
2112,d,0.200000
2113,d,0.600000
2114,d,0.600000
2115,s,0.400000
2116,s,0.800000
2117,d,0.400000
2118,s,0.600000
2119,s,0.600000
2120,s,0.600000
2121,s,0.600000
2122,d,0.400000
2123,s,0.600000
2124,d,0.800000
2125,p,0.200000
2126,p,0.400000
2127,s,0.600000
2128,d,0.800000
2129,p,0.600000
2130,p,0.400000
2131,d,0.600000
2132,s,0.400000
2133,p,0.600000
2134,d,0.800000
2135,d,0.200000
2136,p,0.200000
2137,d,0.600000
2138,d,0.400000
2139,s,0.400000
2140,d,0.200000
2141,d,0.600000
2142,p,1.000000
2143,d,0.400000
2144,p,0.400000
2145,s,0.200000
2146,s,0.400000
2147,d,0.800000
2148,s,0.200000
2149,d,0.600000
2150,s,0.600000
2151,p,0.200000
2152,p,0.400000
2153,s,0.600000
2154,p,0.200000
2155,p,0.800000
2156,d,0.600000
2157,s,0.400000
2158,s,0.400000
2159,s,0.400000
2160,d,0.600000
2161,p,0.800000
2162,s,0.800000
2163,p,0.400000
2164,d,0.400000
2165,d,0.200000
2166,s,0.800000
2167,s,0.600000
2168,p,0.200000
2169,d,0.600000
2170,p,0.200000
2171,p,0.400000
2172,s,0.400000
2173,d,0.600000
2174,d,0.600000
2175,s,0.600000
2176,s,0.600000
2177,s,0.600000
2178,p,0.800000
2179,d,0.600000
2180,d,0.400000
2181,s,0.600000
2182,d,0.400000
2183,p,0.800000
2184,d,0.400000
2185,s,0.600000
2186,p,0.200000
2187,p,0.600000
2188,p,0.400000
2189,d,0.600000
2190,s,0.400000
2191,p,0.400000
2192,s,1.000000
2193,s,0.400000
2194,d,0.800000
2195,d,0.400000
2196,p,0.800000
2197,p,0.600000
2198,d,0.600000
2199,d,0.200000
2200,p,0.600000
2201,s,1.000000
2202,p,0.600000
2203,p,0.800000
2204,p,0.600000
2205,p,0.200000
2206,s,0.200000
2207,d,0.200000
2208,d,0.600000
2209,p,0.600000
2210,d,0.800000
2211,s,0.800000
2212,p,0.400000
2213,p,1.000000
2214,s,0.600000
2215,s,0.400000
2216,s,0.200000
2217,d,0.400000
2218,p,0.800000
2219,s,0.200000
2220,s,0.600000
2221,p,0.400000
2222,s,0.600000
2223,s,0.600000
2224,s,0.600000
2225,p,0.800000
2226,s,0.400000
2227,s,0.400000
2228,d,0.400000
2229,p,0.600000
2230,s,0.600000
2231,p,0.200000
2232,d,0.800000
2233,d,0.400000
2234,s,0.800000
2235,s,0.800000
2236,d,0.400000
2237,s,1.000000
2238,d,0.800000
2239,p,0.200000
2240,s,1.000000
2241,s,0.600000
2242,s,1.000000
2243,d,0.800000
2244,p,0.200000
2245,p,0.400000
2246,p,0.600000
2247,d,0.600000
2248,s,0.600000
2249,d,0.400000
2250,p,0.400000
2251,d,0.400000
2252,d,0.200000
2253,s,0.400000
2254,s,0.600000
2255,s,0.600000
2256,s,0.400000
2257,d,0.400000
2258,d,1.000000
2259,d,0.600000
2260,p,0.800000
2261,p,0.200000
2262,s,0.800000
2263,d,0.800000
2264,s,0.400000
2265,d,0.200000
2266,s,0.400000
2267,p,0.600000
2268,p,0.800000
2269,d,0.800000
2270,d,0.800000
2271,p,0.200000
2272,p,0.400000
2273,p,0.600000
2274,d,0.600000
2275,s,0.600000
2276,p,0.600000
2277,p,0.600000
2278,p,0.800000
2279,p,0.200000
2280,s,0.600000
2281,p,0.400000
2282,p,0.800000
2283,p,0.400000
2284,s,1.000000
2285,d,0.200000
2286,s,0.800000
2287,d,0.800000
2288,s,0.400000
2289,p,0.400000
2290,p,1.000000
2291,d,0.600000
2292,p,0.600000
2293,d,0.600000
2294,d,0.800000
2295,p,0.800000
2296,s,0.400000
2297,d,0.200000
2298,s,0.400000
2299,s,1.000000
2300,d,0.200000
2301,p,0.600000
2302,s,1.000000
2303,d,0.200000
2304,p,0.400000
2305,p,0.600000
2306,s,0.600000
2307,p,0.400000
2308,d,0.600000
2309,s,0.400000
2310,d,0.400000
2311,d,0.200000
2312,p,0.600000
2313,p,0.400000
2314,p,0.800000
2315,s,0.600000
2316,p,0.800000
2317,p,0.600000
2318,s,0.600000
2319,s,1.000000
2320,d,0.800000
2321,p,0.600000
2322,p,0.800000
2323,s,0.200000
2324,d,0.400000
2325,p,0.400000
2326,s,0.200000
2327,p,0.600000
2328,d,0.400000
2329,d,0.200000
2330,d,0.800000
2331,p,0.800000
2332,p,0.400000
2333,s,0.600000
2334,s,0.400000
2335,s,0.200000
2336,s,1.000000
2337,s,0.200000
2338,p,0.600000
2339,d,0.200000
2340,p,0.800000
2341,d,0.600000
2342,s,0.400000
2343,p,0.800000
2344,s,0.400000
2345,s,1.000000
2346,d,0.400000
2347,s,0.600000
2348,d,0.400000
2349,p,0.400000
2350,d,0.800000
2351,d,0.800000
2352,d,0.400000
2353,p,0.400000
2354,p,0.400000
2355,p,0.600000
2356,s,0.400000
2357,p,0.200000
2358,s,0.600000
2359,s,0.400000
2360,d,0.400000
2361,s,0.600000
2362,d,0.400000
2363,d,0.600000
2364,d,0.600000
2365,d,0.400000
2366,p,0.600000
2367,s,0.400000
2368,d,0.800000
2369,p,0.400000
2370,d,0.400000
2371,d,0.400000
2372,p,0.800000
2373,s,0.800000
2374,d,0.800000
2375,s,1.000000
2376,s,0.200000
2377,d,0.800000
2378,d,0.800000
2379,p,0.400000
2380,p,0.400000
2381,s,0.600000
2382,d,0.400000
2383,d,0.600000
2384,d,0.400000
2385,p,0.600000
2386,s,0.400000
2387,s,0.400000
2388,p,0.400000
2389,s,0.800000
2390,s,0.800000
2391,p,0.400000
2392,d,0.400000
2393,p,0.600000
2394,s,1.000000
2395,s,0.200000
2396,d,0.400000
2397,d,0.200000
2398,s,0.800000
2399,s,0.400000
2400,s,0.800000
2401,d,0.600000
2402,s,0.200000
2403,p,0.400000
2404,d,0.200000
2405,s,0.600000
2406,s,1.000000
2407,p,0.800000
2408,p,0.200000
2409,p,0.600000
2410,s,0.400000
2411,d,0.400000
2412,p,0.800000
2413,p,0.400000
2414,d,0.400000
2415,s,0.400000
2416,s,0.600000
2417,p,0.400000
2418,p,0.800000
2419,d,0.400000
2420,s,0.400000
2421,d,0.400000
2422,s,0.800000
2423,s,0.200000
2424,d,0.200000
2425,s,0.400000
2426,d,0.400000
2427,s,0.400000
2428,d,0.800000
2429,d,0.600000
2430,p,0.600000
2431,d,0.400000
2432,s,0.400000
2433,d,0.800000
2434,s,0.200000
2435,p,0.600000
2436,d,0.800000
2437,s,0.600000
2438,d,0.600000
2439,s,0.600000
2440,d,0.400000
2441,s,0.200000
2442,p,0.600000
2443,s,0.200000
2444,p,0.600000
2445,s,1.000000
2446,s,0.600000
2447,s,0.400000
2448,d,0.600000
2449,d,0.800000
2450,d,0.200000
2451,p,0.200000
2452,s,0.800000
2453,d,0.600000
2454,p,0.800000
2455,p,0.400000
2456,p,0.400000
2457,p,0.400000
2458,d,0.400000
2459,s,0.800000
2460,s,0.400000
2461,s,0.400000
2462,d,0.600000
2463,d,0.800000
2464,s,0.600000
2465,s,0.200000
2466,s,0.200000
2467,d,0.600000
2468,s,0.600000
2469,s,0.600000
2470,p,0.600000
2471,d,0.800000
2472,p,0.200000
2473,d,0.600000
2474,d,0.200000
2475,p,0.400000
2476,d,0.400000
2477,p,0.400000
2478,p,0.200000
2479,d,0.400000
2480,s,0.800000
2481,p,0.400000
2482,d,1.000000
2483,d,1.000000
2484,s,0.200000
2485,p,0.600000
2486,s,0.600000
2487,d,0.600000
2488,s,0.400000
2489,d,0.400000
2490,s,0.400000
2491,s,0.400000
2492,d,0.400000
2493,s,0.200000
2494,d,0.400000
2495,s,0.800000
2496,p,0.800000
2497,s,1.000000
2498,d,0.200000
2499,d,0.400000
2500,p,0.200000
2501,s,0.400000
2502,s,0.400000
2503,p,0.200000
2504,p,0.400000
2505,p,0.800000
2506,d,0.800000
2507,d,0.800000
2508,d,0.400000
2509,p,0.600000
2510,p,0.200000
2511,s,0.400000
2512,s,0.400000
2513,p,0.200000
2514,s,0.600000
2515,s,0.600000
2516,p,0.200000
2517,d,0.800000
2518,d,0.200000
2519,s,0.400000
2520,p,0.800000
2521,s,0.800000
2522,d,0.600000
2523,d,0.400000
2524,p,0.400000
2525,d,0.400000
2526,d,0.400000
2527,d,0.200000
2528,p,0.600000
2529,s,0.600000
2530,s,0.400000
2531,p,0.600000
2532,p,0.200000
2533,s,0.800000
2534,d,0.200000
2535,d,0.600000
2536,s,0.600000
2537,d,0.800000
2538,d,0.600000
2539,p,0.200000
2540,s,0.400000
2541,p,0.400000
2542,p,0.400000
2543,p,0.400000
2544,d,0.600000
2545,d,0.400000
2546,s,0.400000
2547,s,0.600000
2548,d,0.800000
2549,s,0.200000
2550,p,0.800000
2551,s,0.400000
2552,s,0.200000
2553,d,1.000000
2554,d,0.800000
2555,p,0.400000
2556,d,0.200000
2557,d,0.200000
2558,s,0.400000
2559,d,0.400000
2560,d,0.200000
2561,d,0.400000
2562,s,0.600000
2563,d,0.400000
2564,p,0.400000
2565,s,0.600000
2566,d,0.200000
2567,d,0.400000
2568,d,1.000000
2569,p,0.400000
2570,d,0.400000
2571,p,0.600000
2572,p,0.800000
2573,p,0.800000
2574,p,0.800000
2575,d,0.200000
2576,s,0.400000
2577,s,0.800000
2578,d,0.200000
2579,s,0.200000
2580,s,0.400000
2581,s,0.600000
2582,d,0.400000
2583,d,0.200000
2584,p,0.800000
2585,p,0.600000
2586,p,0.600000
2587,d,0.200000
2588,p,0.200000
2589,d,0.200000
2590,d,0.400000
2591,s,0.200000
2592,s,0.400000
2593,d,0.400000
2594,p,0.600000
2595,d,0.600000
2596,p,0.600000
2597,s,1.000000
2598,d,0.600000
2599,p,0.400000
2600,p,0.200000
2601,d,0.400000
2602,s,1.000000
2603,p,0.200000
2604,d,0.200000
2605,p,0.600000
2606,d,0.600000
2607,p,0.800000
2608,s,0.600000
2609,s,0.800000
2610,p,0.800000
2611,d,0.200000
2612,s,0.400000
2613,d,0.400000
2614,p,0.400000
2615,d,0.600000
2616,d,0.200000
2617,d,0.400000
2618,s,0.800000
2619,s,0.800000
2620,d,0.800000
2621,d,0.400000
2622,p,0.600000
2623,d,0.400000
2624,p,0.600000
2625,d,0.400000
2626,p,0.600000
2627,p,0.200000
2628,d,0.600000
2629,s,0.800000
2630,d,0.400000
2631,p,0.400000
2632,p,0.800000
2633,d,0.400000
2634,d,0.200000
2635,s,0.400000
2636,s,1.000000
2637,p,0.600000
2638,d,0.600000
2639,p,0.800000
2640,d,0.600000
2641,s,0.600000
2642,s,0.200000
2643,s,0.600000
2644,s,0.400000
2645,p,0.400000
2646,d,0.400000
2647,s,0.400000
2648,p,0.200000
2649,s,1.000000
2650,p,0.200000
2651,s,0.600000
2652,d,0.600000
2653,d,0.800000
2654,s,0.200000
2655,s,0.400000
2656,p,0.600000
2657,s,0.600000
2658,d,0.600000
2659,p,0.200000
2660,d,0.600000
2661,p,0.800000
2662,s,0.600000
2663,s,0.400000
2664,d,0.400000
2665,p,0.400000
2666,p,0.600000
2667,p,0.400000
2668,p,0.600000
2669,p,0.200000
2670,d,0.600000
2671,s,0.400000
2672,s,0.800000
2673,d,0.400000
2674,p,0.400000
2675,s,0.400000
2676,p,0.200000
2677,p,0.400000
2678,p,0.400000
2679,d,0.600000
2680,d,0.200000
2681,d,0.600000
2682,d,0.200000
2683,s,0.800000
2684,d,0.400000
2685,d,0.600000
2686,p,0.800000
2687,d,0.400000
2688,s,0.200000
2689,p,0.200000
2690,s,0.400000
2691,s,0.600000
2692,p,0.600000
2693,s,0.600000
2694,d,0.800000
2695,s,0.600000
2696,s,0.800000
2697,s,0.200000
2698,s,1.000000
2699,p,0.600000
2700,d,0.200000
2701,s,0.400000
2702,d,0.800000
2703,d,0.200000
2704,p,0.200000
2705,d,0.200000
2706,d,0.800000
2707,d,0.400000
2708,p,0.200000
2709,d,0.400000
2710,s,0.600000
2711,p,0.600000
2712,d,0.800000
2713,s,0.400000
2714,s,0.600000
2715,p,0.400000
2716,d,0.600000
2717,p,0.600000
2718,s,0.600000
2719,d,0.200000
2720,d,0.600000
2721,d,0.600000
2722,d,0.400000
2723,p,0.800000
2724,p,0.400000
2725,s,0.400000
2726,p,0.200000
2727,s,1.000000
2728,d,0.800000
2729,p,0.400000
2730,p,0.400000
2731,d,0.800000
2732,s,0.400000
2733,d,0.600000
2734,p,0.200000
2735,s,0.600000
2736,d,0.200000
2737,d,0.200000
2738,d,0.400000
2739,p,0.400000
2740,s,0.200000
2741,d,0.600000
2742,s,0.600000
2743,s,0.400000
2744,d,0.800000
2745,p,0.400000
2746,d,0.400000
2747,d,0.600000
2748,d,0.400000
2749,s,1.000000
2750,p,0.400000
2751,s,0.600000
2752,s,1.000000
2753,d,0.400000
2754,p,0.200000
2755,p,0.400000
2756,p,0.600000
2757,s,0.200000
2758,s,0.400000
2759,p,0.400000
2760,s,0.600000
2761,d,0.400000
2762,p,0.400000
2763,d,0.600000
2764,p,0.600000
2765,s,0.200000
2766,s,0.400000
2767,p,0.800000
2768,p,0.800000
2769,s,0.600000
2770,p,0.600000
2771,s,0.600000
2772,d,0.400000
2773,d,0.600000
2774,p,0.400000
2775,s,0.600000
2776,p,0.200000
2777,d,0.600000
2778,d,0.200000
2779,s,0.800000
2780,p,0.600000
2781,p,0.600000
2782,d,1.000000
2783,d,1.000000
2784,d,0.600000
2785,s,0.800000
2786,s,0.600000
2787,p,0.400000
2788,s,0.400000
2789,d,0.200000
2790,p,0.200000
2791,p,0.600000
2792,d,0.600000
2793,d,0.800000
2794,p,0.800000
2795,p,0.400000
2796,s,0.800000
2797,p,0.600000
2798,d,0.800000
2799,d,0.600000
2800,d,0.800000
2801,d,0.800000
2802,d,0.200000
2803,d,0.200000
2804,p,0.400000
2805,d,0.600000
2806,p,0.400000
2807,s,0.800000
2808,s,0.200000
2809,s,0.600000
2810,p,1.000000
2811,d,0.200000
2812,d,0.600000
2813,p,0.200000
2814,p,0.200000
2815,s,0.400000
2816,d,0.600000
2817,s,0.800000
2818,d,0.400000
2819,s,0.200000
2820,p,0.400000
2821,d,0.600000
2822,s,0.800000
2823,s,1.000000
2824,p,0.800000
2825,d,0.400000
2826,d,0.400000
2827,s,0.600000
2828,p,0.600000
2829,s,0.600000
2830,p,0.200000
2831,p,0.600000
2832,p,0.200000
2833,s,0.600000
2834,p,0.400000
2835,d,0.400000
2836,p,0.600000
2837,d,0.800000
2838,s,0.800000
2839,s,0.600000
2840,p,0.600000
2841,p,0.600000
2842,p,0.400000
2843,p,0.400000
2844,p,0.600000
2845,p,0.600000
2846,s,1.000000
2847,d,0.200000
2848,s,1.000000
2849,p,0.400000
2850,d,0.600000
2851,d,0.400000
2852,s,0.400000
2853,s,0.400000
2854,s,0.200000
2855,s,0.800000
2856,d,0.200000
2857,d,0.800000
2858,p,1.000000
2859,p,0.200000
2860,s,0.800000
2861,d,0.200000
2862,s,0.400000
2863,d,0.400000
2864,s,0.600000
2865,p,0.800000
2866,p,0.800000
2867,s,0.600000
2868,s,0.800000
2869,d,0.600000
2870,s,0.600000
2871,p,0.400000
2872,d,0.600000
2873,d,0.400000
2874,s,0.600000
2875,s,0.400000
2876,d,0.600000
2877,d,0.200000
2878,p,0.200000
2879,p,0.400000
2880,d,0.400000
2881,d,0.400000
2882,d,0.600000
2883,s,0.800000
2884,p,0.600000
2885,d,0.600000
2886,d,0.400000
2887,p,0.600000
2888,p,0.800000
2889,d,0.600000
2890,p,0.400000
2891,p,0.200000
2892,d,0.600000
2893,d,0.800000
2894,p,0.200000
2895,p,0.800000
2896,d,0.400000
2897,p,0.600000
2898,p,0.600000
2899,s,0.600000
2900,p,0.200000
2901,d,0.600000
2902,d,0.600000
2903,d,0.400000
2904,p,0.200000
2905,s,0.800000
2906,s,0.800000
2907,p,0.400000
2908,s,0.800000
2909,p,0.400000
2910,s,0.400000
2911,s,0.800000
2912,s,1.000000
2913,s,0.200000
2914,p,0.600000
2915,p,0.200000
2916,p,0.800000
2917,d,0.200000
2918,d,0.600000
2919,s,0.800000
2920,s,0.400000
2921,d,0.600000
2922,d,0.800000
2923,p,0.400000
2924,p,0.600000
2925,p,0.400000
2926,d,0.200000
2927,p,1.000000
2928,d,0.600000
2929,s,0.400000
2930,p,0.400000
2931,s,0.400000
2932,d,0.400000
2933,s,0.800000
2934,s,0.400000
2935,d,0.200000
2936,p,1.000000
2937,s,0.600000
2938,p,0.400000
2939,s,0.600000
2940,s,0.600000
2941,p,0.800000
2942,s,0.600000
2943,p,0.800000
2944,s,0.600000
2945,p,0.400000
2946,d,0.400000
2947,s,1.000000
2948,p,0.200000
2949,s,0.400000
2950,s,0.200000
2951,s,0.400000
2952,s,0.400000
2953,s,0.400000
2954,p,0.400000
2955,d,0.600000
2956,s,0.800000
2957,d,0.800000
2958,d,1.000000
2959,d,0.800000
2960,d,0.800000
2961,s,0.400000
2962,s,0.600000
2963,d,0.800000
2964,d,0.400000
2965,p,0.400000
2966,p,0.600000
2967,p,0.200000
2968,s,0.200000
2969,p,0.400000
2970,d,0.400000
2971,p,0.400000
2972,p,0.400000
2973,s,0.400000
2974,p,0.800000
2975,p,0.600000
2976,p,0.400000
2977,d,0.400000
2978,d,0.400000
2979,d,0.800000
2980,p,0.600000
2981,p,0.400000
2982,s,1.000000
2983,p,0.200000
2984,p,0.800000
2985,d,0.600000
2986,p,0.600000
2987,p,0.400000
2988,p,0.400000
2989,s,0.400000
2990,p,0.400000
2991,p,0.800000
2992,d,1.000000
2993,p,0.800000
2994,d,1.000000
2995,s,0.400000
2996,p,0.200000
2997,s,1.000000
2998,p,0.800000
2999,s,0.800000
3000,d,0.600000
3001,p,0.400000
3002,p,0.400000
3003,p,0.800000
3004,d,0.200000
3005,p,0.600000
3006,s,0.600000
3007,p,0.200000
3008,p,0.200000
3009,s,0.600000
3010,p,0.800000
3011,s,0.800000
3012,p,0.400000
3013,d,0.400000
3014,p,0.400000
3015,p,0.800000
3016,p,0.600000
3017,d,0.400000
3018,p,0.400000
3019,s,0.200000
3020,p,0.800000
3021,d,1.000000
3022,p,0.400000
3023,p,0.600000
3024,d,0.400000
3025,p,0.800000
3026,p,0.400000
3027,p,0.800000
3028,d,0.200000
3029,d,0.600000
3030,d,0.600000
3031,p,0.600000
3032,s,0.800000
3033,s,0.400000
3034,d,0.600000
3035,p,0.600000
3036,d,0.200000
3037,d,0.200000
3038,s,1.000000
3039,d,0.400000
3040,s,1.000000
3041,s,0.600000
3042,p,0.200000
3043,d,0.200000
3044,p,0.400000
3045,d,0.400000
3046,s,0.400000
3047,d,0.600000
3048,d,0.400000
3049,p,0.200000
3050,s,0.800000
3051,p,0.800000
3052,s,0.600000
3053,s,0.600000
3054,s,0.800000
3055,d,0.200000
3056,d,0.600000
3057,p,0.600000
3058,p,0.600000
3059,s,0.600000
3060,s,0.200000
3061,d,0.400000
3062,s,0.200000
3063,p,0.800000
3064,p,0.800000
3065,d,0.200000
3066,s,0.600000
3067,d,0.400000
3068,d,0.400000
3069,p,0.600000
3070,p,0.400000
3071,s,0.400000
3072,p,0.600000
3073,d,0.600000
3074,d,0.400000
3075,s,0.600000
3076,p,0.200000
3077,d,0.600000
3078,p,0.200000
3079,p,0.400000
3080,d,0.800000
3081,p,0.600000
3082,s,0.400000
3083,p,0.800000
3084,p,0.400000
3085,p,0.800000
3086,s,0.200000
3087,s,0.200000
3088,d,0.800000
3089,p,1.000000
3090,d,0.800000
3091,p,0.600000
3092,s,0.600000
3093,s,0.200000
3094,d,0.600000
3095,s,0.400000
3096,p,0.400000
3097,s,0.400000
3098,p,0.200000
3099,d,0.600000
3100,d,0.600000
3101,p,0.400000
3102,p,0.400000
3103,s,0.600000
3104,s,0.600000
3105,p,0.200000
3106,d,0.200000
3107,s,0.400000
3108,p,0.400000
3109,d,0.400000
3110,d,0.400000
3111,p,0.400000
3112,d,0.800000
3113,d,0.600000
3114,d,0.600000
3115,p,0.400000
3116,p,0.400000
3117,p,0.400000
3118,s,0.600000
3119,p,0.200000
3120,p,0.400000
3121,s,0.400000
3122,d,0.200000
3123,p,0.400000
3124,p,0.600000
3125,s,0.600000
3126,p,0.400000
3127,s,0.600000
3128,p,0.400000
3129,d,0.400000
3130,s,1.000000
3131,d,0.400000
3132,s,0.800000
3133,p,0.400000
3134,p,0.800000
3135,s,0.600000
3136,d,1.000000
3137,d,0.800000
3138,d,0.400000
3139,s,0.600000
3140,s,0.600000
3141,p,0.400000
3142,s,0.800000
3143,d,0.800000
3144,d,0.800000
3145,s,0.800000
3146,d,0.600000
3147,s,0.400000
3148,s,0.200000
3149,d,0.600000
3150,p,0.400000
3151,d,0.200000
3152,p,0.200000
3153,p,0.800000
3154,d,0.200000
3155,d,0.400000
3156,s,0.200000
3157,s,0.400000
3158,p,0.800000
3159,s,0.400000
3160,d,0.400000
3161,p,0.200000
3162,s,0.400000
3163,d,0.600000
3164,d,0.200000
3165,d,0.600000
3166,p,0.400000
3167,s,0.200000
3168,p,0.200000
3169,p,0.800000
3170,p,0.200000
3171,s,1.000000
3172,p,0.400000
3173,p,0.400000
3174,p,0.600000
3175,s,1.000000
3176,d,0.600000
3177,s,0.600000
3178,d,0.600000
3179,s,0.200000
3180,d,1.000000
3181,s,0.800000
3182,d,0.200000
3183,s,0.400000
3184,d,0.600000
3185,d,0.400000
3186,p,0.200000
3187,p,0.600000
3188,d,0.800000
3189,p,0.600000
3190,s,0.800000
3191,s,0.200000
3192,d,0.200000
3193,s,0.400000
3194,d,0.600000
3195,s,0.600000
3196,p,0.600000
3197,p,0.200000
3198,s,0.400000
3199,d,0.400000
3200,p,0.400000
3201,s,0.400000
3202,d,0.600000
3203,p,0.400000
3204,d,0.200000
3205,d,0.600000
3206,d,0.800000
3207,d,0.200000
3208,p,1.000000
3209,d,0.200000
3210,p,0.600000
3211,d,0.600000
3212,d,0.800000
3213,p,0.800000
3214,s,0.600000
3215,s,1.000000
3216,s,0.600000
3217,s,0.400000
3218,s,0.400000
3219,d,0.600000
3220,d,0.600000
3221,d,0.600000
3222,p,0.400000
3223,d,0.800000
3224,d,0.200000
3225,d,0.400000
3226,d,0.400000
3227,d,0.600000
3228,s,0.600000
3229,d,0.600000
3230,p,0.800000
3231,d,0.800000
3232,d,0.400000
3233,p,0.200000
3234,d,0.400000
3235,d,0.600000
3236,p,0.600000
3237,d,0.600000
3238,s,0.200000
3239,p,0.600000
3240,s,0.800000
3241,p,0.200000
3242,d,0.800000
3243,p,1.000000
3244,s,0.200000
3245,d,0.400000
3246,s,0.400000
3247,d,0.800000
3248,s,0.600000
3249,d,0.400000
3250,p,0.800000
3251,s,0.400000
3252,s,1.000000
3253,d,0.600000
3254,p,0.600000
3255,d,0.400000
3256,p,0.800000
3257,d,0.800000
3258,s,0.600000
3259,d,0.600000
3260,p,0.200000
3261,p,0.800000
3262,s,0.600000
3263,s,0.600000
3264,p,0.800000
3265,s,0.400000
3266,p,0.800000
3267,s,0.400000
3268,p,0.400000
3269,p,0.400000
3270,d,0.600000
3271,p,0.800000
3272,d,0.200000
3273,d,0.200000
3274,s,0.600000
3275,p,0.600000
3276,d,0.400000
3277,d,1.000000
3278,p,0.800000
3279,d,0.200000
3280,s,0.400000
3281,s,0.800000
3282,s,0.600000
3283,s,0.600000
3284,d,0.600000
3285,p,0.200000
3286,s,0.400000
3287,p,0.200000
3288,s,0.600000
3289,s,0.800000
3290,d,0.600000
3291,p,0.200000
3292,d,0.600000
3293,s,0.400000
3294,d,0.800000
3295,p,0.600000
3296,s,0.200000
3297,s,0.400000
3298,d,0.200000
3299,p,0.400000
3300,p,0.800000
3301,d,0.600000
3302,d,0.800000
3303,s,0.600000
3304,s,0.800000
3305,p,0.400000
3306,p,0.600000
3307,p,0.200000
3308,p,0.400000
3309,d,1.000000
3310,d,0.200000
3311,d,0.400000
3312,p,0.400000
3313,d,0.600000
3314,s,0.400000
3315,d,0.600000
3316,d,0.600000
3317,d,0.400000
3318,p,0.200000
3319,d,0.800000
3320,s,0.400000
3321,s,0.800000
3322,p,0.200000
3323,p,0.200000
3324,p,0.800000
3325,p,0.400000
3326,d,0.600000
3327,s,0.600000
3328,p,0.200000
3329,d,0.800000
3330,d,0.600000
3331,d,1.000000
3332,p,0.400000
3333,d,0.600000
3334,s,0.400000
3335,d,0.200000
3336,p,0.200000
3337,d,0.800000
3338,s,0.600000
3339,s,0.400000
3340,s,0.600000
3341,s,0.600000
3342,s,0.400000
3343,d,0.200000
3344,s,0.600000
3345,s,0.200000
3346,p,0.400000
3347,d,0.600000
3348,d,0.400000
3349,p,0.600000
3350,d,0.600000
3351,s,0.800000
3352,p,0.600000
3353,d,0.800000
3354,p,0.800000
3355,d,0.400000
3356,p,0.800000
3357,s,0.200000
3358,p,0.200000
3359,d,1.000000
3360,d,0.600000
3361,s,0.600000
3362,d,0.200000
3363,d,0.800000
3364,d,0.400000
3365,p,0.600000
3366,d,0.400000
3367,p,0.600000
3368,p,0.600000
3369,s,0.600000
3370,p,0.600000
3371,d,0.600000
3372,d,0.400000
3373,s,0.400000
3374,p,0.800000
3375,p,0.600000
3376,s,0.800000
3377,d,0.600000
3378,p,0.600000
3379,d,0.600000
3380,d,0.400000
3381,d,0.200000
3382,d,0.600000
3383,p,0.600000
3384,d,0.800000
3385,d,0.400000
3386,s,0.800000
3387,d,0.400000
3388,s,1.000000
3389,p,0.600000
3390,d,0.600000
3391,d,0.400000
3392,p,0.600000
3393,s,0.600000
3394,p,0.600000
3395,s,0.400000
3396,s,0.400000
3397,s,0.600000
3398,p,0.600000
3399,d,0.200000
3400,d,0.400000
3401,d,0.400000
3402,p,1.000000
3403,s,0.400000
3404,s,0.600000
3405,p,0.600000
3406,s,0.400000
3407,d,0.600000
3408,p,0.200000
3409,s,0.800000
3410,p,0.200000
3411,p,0.800000
3412,p,0.400000
3413,p,0.200000
3414,p,0.600000
3415,d,0.400000
3416,s,0.400000
3417,p,0.200000
3418,s,0.400000
3419,p,0.400000
3420,p,0.400000
3421,d,0.800000
3422,s,1.000000
3423,s,1.000000
3424,s,0.800000
3425,s,0.400000
3426,d,0.200000
3427,d,0.400000
3428,s,0.800000
3429,p,0.800000
3430,p,0.400000
3431,p,0.400000
3432,d,0.600000
3433,d,0.600000
3434,p,0.600000
3435,d,0.800000
3436,d,0.600000
3437,d,0.400000
3438,d,0.400000
3439,p,0.600000
3440,d,0.800000
3441,p,0.400000
3442,s,0.800000
3443,d,0.400000
3444,s,1.000000
3445,p,0.600000
3446,d,0.200000
3447,d,0.600000
3448,p,0.400000
3449,p,0.600000
3450,d,0.400000
3451,p,0.600000
3452,d,0.800000
3453,d,0.200000
3454,s,0.800000
3455,d,0.200000
3456,d,0.400000
3457,p,0.800000
3458,p,0.200000
3459,p,0.200000
3460,s,0.200000
3461,s,0.600000
3462,d,0.400000
3463,d,0.400000
3464,d,0.200000
3465,d,0.400000
3466,d,0.600000
3467,p,0.600000
3468,d,0.200000
3469,d,0.400000
3470,p,0.200000
3471,p,0.800000
3472,s,1.000000
3473,d,0.600000
3474,s,0.800000
3475,s,0.400000
3476,s,1.000000
3477,s,0.400000
3478,p,0.400000
3479,p,0.600000
3480,p,0.200000
3481,s,0.600000
3482,s,0.400000
3483,d,0.600000
3484,d,0.600000
3485,p,0.400000
3486,p,0.200000
3487,p,0.400000
3488,p,0.400000
3489,d,0.600000
3490,d,0.400000
3491,p,0.600000
3492,s,0.600000
3493,p,0.400000
3494,d,0.200000
3495,s,1.000000
3496,d,0.600000
3497,d,0.400000
3498,s,0.400000
3499,s,0.800000
3500,p,0.800000
3501,s,0.400000
3502,p,0.600000
3503,d,1.000000
3504,p,0.400000
3505,d,0.600000
3506,p,0.400000
3507,d,0.600000
3508,s,0.400000
3509,p,0.400000
3510,s,0.800000
3511,p,0.400000
3512,p,0.200000
3513,d,0.600000
3514,p,0.200000
3515,p,0.400000
3516,d,0.800000
3517,d,0.400000
3518,p,0.200000
3519,p,0.400000
3520,p,0.400000
3521,p,0.600000
3522,s,0.600000
3523,s,0.600000
3524,s,0.400000
3525,d,0.800000
3526,s,0.800000
3527,s,0.800000
3528,s,0.800000
3529,s,0.400000
3530,p,0.200000
3531,p,0.600000
3532,d,0.400000
3533,s,0.800000
3534,p,0.200000
3535,s,0.600000
3536,s,0.400000
3537,s,0.400000
3538,d,1.000000
3539,d,0.400000
3540,s,0.800000
3541,d,0.400000
3542,s,0.400000
3543,s,0.400000
3544,d,1.000000
3545,p,0.400000
3546,d,0.600000
3547,s,0.400000
3548,d,0.600000
3549,p,0.600000
3550,s,0.600000
3551,s,0.600000
3552,p,0.800000
3553,s,0.400000
3554,d,0.600000
3555,s,0.200000
3556,p,0.600000
3557,p,0.600000
3558,d,0.800000
3559,s,0.400000
3560,p,0.600000
3561,d,0.600000
3562,s,0.600000
3563,s,0.800000
3564,d,0.400000
3565,s,0.600000
3566,p,0.400000
3567,p,0.200000
3568,d,0.200000
3569,p,0.600000
3570,p,0.200000
3571,p,1.000000
3572,d,0.400000
3573,s,0.400000
3574,p,0.600000
3575,d,0.600000
3576,p,0.600000
3577,s,0.600000
3578,p,0.200000
3579,s,0.600000
3580,s,0.600000
3581,p,0.400000
3582,p,0.600000
3583,s,0.600000
3584,d,0.400000
3585,s,0.600000
3586,d,0.600000
3587,d,0.400000
3588,d,0.400000
3589,s,0.400000
3590,d,0.400000
3591,p,0.200000
3592,p,0.400000
3593,d,0.400000
3594,p,0.400000
3595,d,0.400000
3596,p,0.800000
3597,s,0.400000
3598,s,0.400000
3599,p,0.800000
3600,p,0.400000
3601,d,0.800000
3602,s,0.200000
3603,s,0.600000
3604,s,0.400000
3605,p,0.600000
3606,s,0.600000
3607,d,0.800000
3608,s,0.600000
3609,s,0.600000
3610,p,0.400000
3611,d,0.400000
3612,d,0.200000
3613,d,0.400000
3614,d,0.200000
3615,s,0.200000
3616,d,0.800000
3617,s,0.600000
3618,s,0.400000
3619,p,0.800000
3620,s,1.000000
3621,d,0.200000
3622,s,0.800000
3623,d,0.400000
3624,d,0.600000
3625,s,0.400000
3626,p,0.600000
3627,p,0.200000
3628,p,0.400000
3629,d,0.400000
3630,d,0.600000
3631,s,0.600000
3632,d,0.200000
3633,d,0.200000
3634,s,0.600000
3635,p,0.400000
3636,s,0.400000
3637,p,0.200000
3638,d,0.400000
3639,d,0.800000
3640,s,0.400000
3641,d,0.600000
3642,s,0.800000
3643,d,0.600000
3644,s,0.600000
3645,d,1.000000
3646,p,0.200000
3647,d,0.800000
3648,s,0.800000
3649,p,0.400000
3650,d,0.400000
3651,d,0.600000
3652,p,0.800000
3653,s,1.000000
3654,s,0.800000
3655,d,0.400000
3656,d,0.200000
3657,s,0.200000
3658,s,0.600000
3659,p,0.400000
3660,d,0.600000
3661,d,0.600000
3662,d,0.800000
3663,s,0.600000
3664,s,0.800000
3665,s,0.800000
3666,s,0.400000
3667,s,0.800000
3668,d,0.800000
3669,p,0.400000
3670,p,0.400000
3671,d,0.400000
3672,d,0.200000
3673,d,0.400000
3674,d,1.000000
3675,d,0.400000
3676,s,0.600000
3677,d,0.200000
3678,d,0.600000
3679,d,0.600000
3680,d,0.200000
3681,s,0.600000
3682,d,0.600000
3683,s,0.400000
3684,d,0.400000
3685,p,0.800000
3686,s,0.600000
3687,s,0.400000
3688,p,0.600000
3689,s,0.400000
3690,p,0.800000
3691,p,0.200000
3692,d,0.400000
3693,d,0.200000
3694,s,0.400000
3695,p,0.400000
3696,p,0.600000
3697,p,0.400000
3698,s,0.800000
3699,p,0.200000
3700,d,0.600000
3701,p,0.800000
3702,p,0.200000
3703,p,0.600000
3704,s,1.000000
3705,s,0.600000
3706,s,0.400000
3707,p,0.600000
3708,p,0.400000
3709,s,0.600000
3710,s,0.800000
3711,p,0.200000
3712,s,0.400000
3713,p,0.600000
3714,s,0.600000
3715,p,0.600000
3716,d,0.400000
3717,s,0.400000
3718,s,0.200000
3719,s,0.800000
3720,p,0.800000
3721,p,0.400000
3722,d,0.400000
3723,s,1.000000
3724,p,0.400000
3725,s,0.400000
3726,s,0.400000
3727,d,0.200000
3728,s,0.600000
3729,d,0.400000
3730,p,0.200000
3731,p,0.600000
3732,p,0.800000
3733,s,1.000000
3734,s,0.400000
3735,d,0.400000
3736,s,0.200000
3737,d,0.800000
3738,p,0.400000
3739,p,1.000000
3740,s,0.200000
3741,d,0.400000
3742,s,0.800000
3743,d,0.600000
3744,p,0.600000
3745,s,1.000000
3746,d,0.600000
3747,d,0.200000
3748,d,0.200000
3749,d,0.200000
3750,p,0.600000
3751,d,0.200000
3752,d,0.200000
3753,s,1.000000
3754,d,1.000000
3755,p,0.800000
3756,s,0.600000
3757,s,0.200000
3758,s,0.400000
3759,d,0.600000
3760,d,0.600000
3761,s,1.000000
3762,d,0.200000
3763,p,0.400000
3764,s,0.600000
3765,d,0.600000
3766,d,0.400000
3767,s,0.200000
3768,s,0.400000
3769,d,1.000000
3770,d,0.400000
3771,d,0.400000
3772,s,1.000000
3773,p,0.200000
3774,s,0.400000
3775,p,0.400000
3776,d,0.800000
3777,p,0.400000
3778,s,0.600000
3779,p,0.400000
3780,s,0.600000
3781,p,0.400000
3782,s,0.600000
3783,p,0.400000
3784,s,0.600000
3785,d,0.400000
3786,d,0.400000
3787,d,0.800000
3788,d,0.800000
3789,p,0.400000
3790,d,0.200000
3791,d,0.400000
3792,s,0.400000
3793,p,0.400000
3794,s,1.000000
3795,p,0.400000
3796,p,0.200000
3797,s,0.400000
3798,p,0.200000
3799,s,0.800000
3800,s,0.600000
3801,s,0.800000
3802,p,0.200000
3803,p,0.200000
3804,d,0.400000
3805,d,0.600000
3806,p,0.200000
3807,p,0.600000
3808,s,0.200000
3809,p,0.600000
3810,d,0.600000
3811,s,0.200000
3812,s,0.600000
3813,d,0.400000
3814,d,0.400000
3815,d,0.200000
3816,p,0.600000
3817,p,0.600000
3818,s,0.400000
3819,d,0.600000
3820,d,0.200000
3821,d,0.800000
3822,s,1.000000
3823,d,0.400000
3824,d,0.600000
3825,d,0.200000
3826,p,0.400000
3827,p,0.600000
3828,p,0.600000
3829,s,0.400000
3830,s,0.600000
3831,s,0.600000
3832,d,0.400000
3833,d,0.800000
3834,d,0.600000
3835,p,0.800000
3836,s,1.000000
3837,p,0.400000
3838,d,0.800000
3839,p,0.600000
3840,p,0.400000
3841,d,0.800000
3842,p,0.600000
3843,s,0.400000
3844,d,0.400000
3845,p,0.200000
3846,d,0.600000
3847,p,0.400000
3848,p,0.800000
3849,s,0.400000
3850,d,0.400000
3851,p,0.400000
3852,d,0.600000
3853,d,0.600000
3854,p,0.400000
3855,d,0.400000
3856,d,0.200000
3857,d,0.800000
3858,p,0.200000
3859,d,0.800000
3860,d,0.600000
3861,s,0.800000
3862,s,0.200000
3863,p,0.200000
3864,p,0.200000
3865,s,0.600000
3866,p,0.400000
3867,p,0.200000
3868,d,0.200000
3869,p,0.600000
3870,s,1.000000
3871,d,0.400000
3872,s,0.400000
3873,s,0.600000
3874,p,0.600000
3875,d,0.600000
3876,s,0.200000
3877,p,0.800000
3878,p,0.800000
3879,s,0.600000
3880,s,0.600000
3881,p,0.600000
3882,s,0.600000
3883,d,0.800000
3884,d,0.600000
3885,s,0.600000
3886,s,0.400000
3887,s,0.200000
3888,d,0.400000
3889,d,0.600000
3890,p,0.800000
3891,p,0.600000
3892,s,1.000000
3893,s,0.200000
3894,d,0.200000
3895,p,0.400000
3896,p,0.400000
3897,s,0.600000
3898,s,0.400000
3899,p,0.400000
3900,p,0.600000
3901,d,0.800000
3902,p,0.400000
3903,p,0.400000
3904,s,0.600000
3905,d,0.200000
3906,p,0.400000
3907,p,0.800000
3908,d,0.400000
3909,p,0.600000
3910,d,0.800000
3911,p,0.200000
3912,d,0.600000
3913,d,0.200000
3914,s,1.000000
3915,d,0.200000
3916,p,0.600000
3917,d,0.200000
3918,d,0.400000
3919,s,0.400000
3920,p,1.000000
3921,d,0.600000
3922,d,0.400000
3923,p,0.200000
3924,s,0.400000
3925,d,0.200000
3926,s,0.400000
3927,s,0.200000
3928,d,0.800000
3929,d,0.200000
3930,p,0.600000
3931,s,1.000000
3932,d,0.600000
3933,d,0.600000
3934,p,0.800000
3935,s,0.600000
3936,p,0.400000
3937,p,0.600000
3938,d,0.400000
3939,s,0.400000
3940,s,0.800000
3941,s,0.200000
3942,d,0.200000
3943,s,0.600000
3944,d,0.800000
3945,p,0.200000
3946,d,0.600000
3947,d,0.200000
3948,s,0.400000
3949,s,0.800000
3950,p,0.400000
3951,d,0.600000
3952,p,0.800000
3953,p,0.400000
3954,s,0.600000
3955,p,1.000000
3956,s,0.600000
3957,s,0.400000
3958,p,0.800000
3959,d,0.800000
3960,p,0.400000
3961,d,0.200000
3962,s,0.600000
3963,d,0.600000
3964,d,0.200000
3965,p,0.800000
3966,s,0.400000
3967,p,0.400000
3968,d,0.200000
3969,d,0.200000
3970,p,0.200000
3971,p,0.600000
3972,d,0.400000
3973,p,0.600000
3974,p,0.600000
3975,s,0.600000
3976,s,0.800000
3977,s,0.800000
3978,p,0.400000
3979,s,1.000000
3980,p,0.800000
3981,s,0.200000
3982,s,0.800000
3983,p,0.400000
3984,d,0.200000
3985,p,0.600000
3986,p,0.400000
3987,s,0.200000
3988,p,0.400000
3989,p,0.600000
3990,d,0.400000
3991,s,1.000000
3992,p,0.600000
3993,d,0.600000
3994,d,0.600000
3995,d,0.800000
3996,d,0.400000
3997,s,0.200000
3998,s,1.000000
3999,d,0.400000
4000,p,0.200000
4001,s,0.400000
4002,p,0.400000
4003,d,0.200000
4004,p,0.800000
4005,d,0.400000
4006,s,0.400000
4007,d,0.600000
4008,s,0.400000
4009,p,0.400000
4010,p,0.400000
4011,s,1.000000
4012,s,0.600000
4013,s,1.000000
4014,d,0.600000
4015,d,0.600000
4016,p,0.800000
4017,d,0.600000
4018,s,0.800000
4019,p,0.400000
4020,s,0.800000
4021,d,0.200000
4022,s,1.000000
4023,s,0.600000
4024,d,0.800000
4025,s,0.600000
4026,s,0.600000
4027,s,0.800000
4028,s,0.400000
4029,s,0.400000
4030,p,0.400000
4031,p,1.000000
4032,s,0.400000
4033,p,0.800000
4034,p,0.400000
4035,d,0.400000
4036,s,0.800000
4037,p,0.400000
4038,s,1.000000
4039,d,0.200000
4040,s,0.600000
4041,d,0.800000
4042,s,0.200000
4043,s,0.800000
4044,d,0.200000
4045,d,0.600000
4046,s,0.400000
4047,s,0.400000
4048,d,0.600000
4049,s,0.400000
4050,p,0.800000
4051,p,0.600000
4052,p,0.600000
4053,p,0.600000
4054,p,0.800000
4055,d,0.600000
4056,s,0.600000
4057,p,0.600000
4058,p,0.400000
4059,d,0.400000
4060,s,0.800000
4061,p,0.200000
4062,p,0.200000
4063,s,0.800000
4064,p,0.600000
4065,s,0.400000
4066,p,0.600000
4067,d,1.000000
4068,p,0.400000
4069,d,0.800000
4070,p,0.800000
4071,s,0.800000
4072,s,0.400000
4073,d,0.400000
4074,p,0.400000
4075,p,0.200000
4076,p,0.200000
4077,s,0.600000
4078,p,0.600000
4079,p,0.200000
4080,s,0.400000
4081,d,0.400000
4082,s,0.600000
4083,s,0.800000
4084,d,0.600000
4085,p,0.600000
4086,d,0.400000
4087,s,0.600000
4088,s,0.600000
4089,s,1.000000
4090,p,0.200000
4091,d,0.400000
4092,s,0.200000
4093,p,0.600000
4094,s,0.800000
4095,p,0.400000
4096,p,0.800000
4097,p,0.400000
4098,p,0.800000
4099,p,0.600000
4100,p,0.200000
4101,p,0.600000
4102,s,0.600000
4103,p,0.200000
4104,s,0.400000
4105,d,0.600000
4106,d,0.800000
4107,s,0.400000
4108,p,0.400000
4109,d,0.400000
4110,p,0.800000
4111,s,0.800000
4112,p,0.800000
4113,p,0.600000
4114,d,0.200000
4115,p,0.600000
4116,s,0.800000
4117,d,0.600000
4118,d,0.800000
4119,d,0.200000
4120,s,0.800000
4121,p,0.400000
4122,s,0.400000
4123,d,0.600000
4124,p,0.200000
4125,d,0.400000
4126,d,0.800000
4127,p,0.400000
4128,d,0.200000
4129,d,0.600000
4130,d,0.200000
4131,d,0.400000
4132,d,0.400000
4133,d,0.800000
4134,p,0.600000
4135,p,0.600000
4136,d,1.000000
4137,d,0.800000
4138,p,0.400000
4139,p,0.400000
4140,p,0.400000
4141,s,0.200000
4142,p,0.200000
4143,d,0.400000
4144,p,0.600000
4145,s,0.400000
4146,d,0.400000
4147,d,0.400000
4148,d,0.600000
4149,d,0.400000
4150,s,0.200000
4151,d,0.200000
4152,p,0.600000
4153,d,0.200000
4154,s,0.800000
4155,p,0.600000
4156,s,0.600000
4157,s,1.000000
4158,d,0.400000
4159,p,0.400000
4160,p,0.600000
4161,p,0.600000
4162,d,0.200000
4163,d,0.800000
4164,d,0.200000
4165,p,0.400000
4166,d,0.200000
4167,p,0.400000
4168,s,0.200000
4169,p,0.400000
4170,p,0.600000
4171,s,0.400000
4172,p,0.600000
4173,s,0.600000
4174,d,0.200000
4175,p,0.200000
4176,d,0.600000
4177,p,0.800000
4178,s,0.600000
4179,s,1.000000
4180,s,0.400000
4181,d,0.400000
4182,d,0.600000
4183,s,0.400000
4184,s,0.600000
4185,s,0.200000
4186,p,0.200000
4187,s,1.000000
4188,p,0.400000
4189,s,0.400000
4190,s,0.400000
4191,p,0.400000
4192,d,0.600000
4193,d,0.200000
4194,p,0.600000
4195,p,0.800000
4196,p,0.200000
4197,d,0.600000
4198,s,0.400000
4199,s,0.600000
4200,d,0.800000
4201,d,0.400000
4202,p,0.600000
4203,d,0.600000
4204,d,0.400000
4205,p,0.400000
4206,s,0.600000
4207,p,0.400000
4208,s,0.200000
4209,p,0.200000
4210,p,0.200000
4211,p,0.600000
4212,p,0.400000
4213,p,0.800000
4214,s,1.000000
4215,d,0.600000
4216,s,1.000000
4217,s,0.800000
4218,d,0.600000
4219,s,0.600000
4220,d,0.200000
4221,d,0.400000
4222,p,0.400000
4223,p,1.000000
4224,p,0.800000
4225,p,0.800000
4226,s,0.600000
4227,d,0.200000
4228,d,0.200000
4229,d,0.400000
4230,d,1.000000
4231,p,0.400000
4232,s,0.600000
4233,p,0.600000
4234,s,0.200000
4235,d,0.400000
4236,p,0.400000
4237,p,0.600000
4238,p,0.200000
4239,s,0.400000
4240,p,0.400000
4241,s,0.600000
4242,p,0.800000
4243,s,0.600000
4244,d,0.400000
4245,p,0.600000
4246,p,0.600000
4247,s,0.600000
4248,p,0.400000
4249,d,0.400000
4250,s,0.800000
4251,s,0.200000
4252,p,0.200000
4253,s,0.600000
4254,d,0.600000
4255,s,1.000000
4256,s,0.400000
4257,s,0.400000
4258,d,0.600000
4259,d,0.400000
4260,d,0.600000
4261,s,0.400000
4262,d,0.600000
4263,d,0.600000
4264,d,0.800000
4265,d,0.200000
4266,s,0.600000
4267,s,0.600000
4268,s,0.400000
4269,s,0.200000
4270,p,0.200000
4271,d,0.400000
4272,s,0.800000
4273,p,0.200000
4274,d,0.800000
4275,p,0.200000
4276,p,0.200000
4277,d,0.200000
4278,p,0.600000
4279,p,0.400000
4280,d,0.600000
4281,p,0.400000
4282,p,0.800000
4283,d,0.800000
4284,s,0.400000
4285,p,0.400000
4286,d,0.600000
4287,p,0.400000
4288,d,0.600000
4289,d,0.600000
4290,s,0.800000
4291,s,0.400000
4292,p,0.600000
4293,s,0.400000
4294,d,0.800000
4295,d,0.400000
4296,p,0.200000
4297,d,0.200000
4298,p,0.200000
4299,s,0.200000
4300,s,0.400000
4301,d,0.800000
4302,s,0.400000
4303,s,0.200000
4304,d,0.400000
4305,d,0.200000
4306,d,0.600000
4307,d,0.400000
4308,s,1.000000
4309,d,0.600000
4310,p,0.600000
4311,d,0.600000
4312,d,0.600000
4313,p,0.600000
4314,s,0.600000
4315,s,0.800000
4316,p,0.200000
4317,d,0.800000
4318,s,1.000000
4319,s,0.200000
4320,p,0.600000
4321,p,0.800000
4322,p,0.600000
4323,p,0.400000
4324,p,0.600000
4325,s,0.400000
4326,p,0.200000
4327,p,0.200000
4328,s,0.800000
4329,p,0.600000
4330,d,0.600000
4331,p,0.400000
4332,d,0.600000
4333,d,0.600000
4334,s,1.000000
4335,d,0.400000
4336,p,0.200000
4337,p,0.600000
4338,d,0.600000
4339,s,0.400000
4340,p,0.400000
4341,d,0.600000
4342,d,0.200000
4343,d,0.400000
4344,d,0.600000
4345,d,0.200000
4346,p,0.400000
4347,s,0.600000
4348,p,0.400000
4349,d,0.400000
4350,p,0.200000
4351,s,0.200000
4352,p,0.400000
4353,s,0.400000
4354,s,0.200000
4355,d,0.200000
4356,p,0.600000
4357,s,0.400000
4358,d,0.200000
4359,p,0.400000
4360,p,0.400000
4361,d,0.600000
4362,d,0.400000
4363,d,0.400000
4364,p,0.600000
4365,s,1.000000
4366,d,0.200000
4367,p,0.600000
4368,d,0.200000
4369,p,0.600000
4370,p,0.600000
4371,d,0.600000
4372,s,0.600000
4373,s,0.800000
4374,d,0.400000
4375,d,0.800000
4376,s,1.000000
4377,d,0.800000
4378,p,0.400000
4379,p,0.200000
4380,s,1.000000
4381,d,0.400000
4382,p,0.200000
4383,s,1.000000
4384,d,0.400000
4385,d,0.200000
4386,s,0.400000
4387,s,0.200000
4388,s,0.800000
4389,d,0.600000
4390,p,0.600000
4391,s,0.400000
4392,s,0.400000
4393,p,0.600000
4394,s,0.600000
4395,d,0.400000
4396,d,0.800000
4397,d,0.800000
4398,d,0.400000
4399,s,1.000000
4400,p,0.600000
4401,s,0.600000
4402,s,0.400000
4403,s,0.600000
4404,p,0.200000
4405,s,0.400000
4406,d,0.400000
4407,d,0.200000
4408,d,0.800000
4409,s,0.400000
4410,p,0.600000
4411,s,0.600000
4412,p,0.200000
4413,d,0.600000
4414,p,0.400000
4415,p,0.600000
4416,s,1.000000
4417,d,0.800000
4418,p,0.600000
4419,p,0.400000
4420,p,0.600000
4421,d,0.600000
4422,s,1.000000
4423,d,0.200000
4424,s,0.600000
4425,d,0.400000
4426,p,0.800000
4427,p,0.200000
4428,p,0.400000
4429,d,0.400000
4430,d,0.600000
4431,d,0.800000
4432,p,0.600000
4433,d,0.600000
4434,d,0.800000
4435,d,0.600000
4436,d,0.400000
4437,p,0.200000
4438,p,0.400000
4439,p,0.400000
4440,s,0.600000
4441,p,0.800000
4442,p,0.800000
4443,d,0.400000
4444,d,0.600000
4445,d,0.600000
4446,p,0.400000
4447,d,0.400000
4448,p,0.600000
4449,s,0.600000
4450,s,0.600000
4451,p,0.400000
4452,p,0.600000
4453,s,0.200000
4454,s,1.000000
4455,d,0.600000
4456,s,0.400000
4457,p,0.600000
4458,p,0.400000
4459,s,0.400000
4460,p,0.600000
4461,p,0.600000
4462,p,0.400000
4463,p,0.400000
4464,d,0.200000
4465,p,0.400000
4466,p,0.400000
4467,s,0.800000
4468,p,0.400000
4469,p,0.600000
4470,s,0.200000
4471,s,0.800000
4472,s,0.400000
4473,s,1.000000
4474,p,0.200000
4475,p,0.600000
4476,p,0.400000
4477,d,0.200000
4478,d,0.600000
4479,p,0.200000
4480,d,0.400000
4481,s,0.400000
4482,d,0.600000
4483,p,0.200000
4484,s,0.800000
4485,d,0.600000
4486,d,0.400000
4487,s,0.400000
4488,p,0.400000
4489,p,0.600000
4490,d,0.200000
4491,d,0.400000
4492,p,0.600000
4493,p,0.200000
4494,d,0.600000
4495,p,0.600000
4496,d,0.400000
4497,s,0.400000
4498,s,0.200000
4499,p,0.600000
4500,d,0.400000
4501,p,0.600000
4502,p,0.200000
4503,s,0.600000
4504,s,0.400000
4505,d,1.000000
4506,d,0.600000
4507,d,0.200000
4508,p,0.400000
4509,d,0.600000
4510,p,0.600000
4511,p,0.200000
4512,p,0.800000
4513,d,0.800000
4514,p,0.600000
4515,s,0.800000
4516,s,0.800000
4517,d,0.600000
4518,s,0.200000
4519,s,0.600000
4520,s,0.600000
4521,p,0.200000
4522,d,0.400000
4523,d,0.800000
4524,d,0.800000
4525,d,0.400000
4526,s,0.400000
4527,d,0.400000
4528,p,0.800000
4529,p,0.400000
4530,p,0.400000
4531,s,0.600000
4532,s,1.000000
4533,d,0.200000
4534,d,0.200000
4535,s,0.800000
4536,p,0.400000
4537,d,0.400000
4538,p,0.600000
4539,d,0.200000
4540,s,0.800000
4541,d,1.000000
4542,s,0.600000
4543,p,0.400000
4544,s,0.400000
4545,p,0.600000
4546,d,0.200000
4547,p,0.600000
4548,s,0.200000
4549,d,0.600000
4550,p,0.600000
4551,p,0.200000
4552,s,1.000000
4553,p,0.600000
4554,p,0.400000
4555,p,0.800000
4556,s,0.600000
4557,p,0.600000
4558,s,0.600000
4559,s,0.400000
4560,s,0.600000
4561,d,0.600000
4562,d,0.200000
4563,p,0.400000
4564,d,0.600000
4565,d,0.200000
4566,d,0.800000
4567,d,0.600000
4568,d,0.200000
4569,p,0.600000
4570,d,0.400000
4571,d,0.600000
4572,p,0.200000
4573,s,0.600000
4574,p,0.400000
4575,p,0.400000
4576,p,0.400000
4577,s,0.600000
4578,p,0.400000
4579,s,0.600000
4580,s,0.400000
4581,p,0.400000
4582,d,0.600000
4583,s,0.400000
4584,d,0.400000
4585,s,0.800000
4586,p,0.400000
4587,s,0.400000
4588,s,0.600000
4589,d,0.400000
4590,p,0.200000
4591,d,0.400000
4592,s,1.000000
4593,s,0.400000
4594,d,0.400000
4595,s,0.800000
4596,s,0.200000
4597,s,0.400000
4598,p,0.600000
4599,s,1.000000
4600,d,1.000000
4601,p,0.600000
4602,s,0.600000
4603,d,0.200000
4604,d,0.600000
4605,p,0.200000
4606,p,0.600000
4607,p,0.200000
4608,d,0.400000
4609,d,0.200000
4610,s,0.800000
4611,s,1.000000
4612,p,0.600000
4613,d,0.800000
4614,p,0.600000
4615,s,0.200000
4616,p,0.600000
4617,s,0.600000
4618,p,0.800000
4619,d,0.200000
4620,d,0.600000
4621,s,0.200000
4622,s,0.400000
4623,d,0.200000
4624,p,0.600000
4625,d,0.400000
4626,s,0.400000
4627,p,1.000000
4628,p,0.600000
4629,s,1.000000
4630,d,0.200000
4631,d,0.600000
4632,s,0.400000
4633,s,0.400000
4634,p,0.400000
4635,d,0.400000
4636,d,0.600000
4637,d,0.800000
4638,d,0.400000
4639,p,0.600000
4640,s,0.400000
4641,s,1.000000
4642,d,0.400000
4643,s,0.400000
4644,d,0.800000
4645,s,0.800000
4646,d,0.600000
4647,d,0.400000
4648,p,0.400000
4649,p,0.600000
4650,s,0.400000
4651,d,0.600000
4652,d,0.400000
4653,s,1.000000
4654,s,0.200000
4655,d,0.200000
4656,p,0.400000
4657,p,0.600000
4658,d,0.800000
4659,s,1.000000
4660,s,0.400000
4661,p,0.400000
4662,d,0.400000
4663,s,0.400000
4664,s,0.400000
4665,s,0.600000
4666,s,0.400000
4667,s,0.200000
4668,s,0.400000
4669,d,0.600000
4670,p,0.600000
4671,s,1.000000
4672,p,0.600000
4673,d,0.200000
4674,p,0.800000
4675,s,0.600000
4676,d,0.600000
4677,s,0.400000
4678,s,0.600000
4679,d,0.200000
4680,s,0.800000
4681,d,0.600000
4682,s,0.400000
4683,s,1.000000
4684,d,0.600000
4685,s,0.800000
4686,d,0.600000
4687,s,0.400000
4688,s,0.400000
4689,d,0.200000
4690,d,0.400000
4691,d,0.600000
4692,p,0.400000
4693,d,0.600000
4694,s,1.000000
4695,p,0.600000
4696,s,0.400000
4697,s,0.400000
4698,d,0.200000
4699,p,0.800000
4700,p,0.200000
4701,s,0.200000
4702,d,0.800000
4703,d,0.200000
4704,d,1.000000
4705,d,0.600000
4706,d,0.400000
4707,p,0.400000
4708,d,0.400000
4709,p,0.200000
4710,s,0.600000
4711,d,0.800000
4712,p,0.200000
4713,p,0.200000
4714,d,0.400000
4715,s,0.800000
4716,s,1.000000
4717,d,0.200000
4718,p,0.400000
4719,s,0.400000
4720,d,0.400000
4721,d,0.400000
4722,p,0.400000
4723,s,1.000000
4724,d,0.400000
4725,p,0.400000
4726,d,0.600000
4727,d,0.800000
4728,p,0.400000
4729,s,0.400000
4730,p,0.200000
4731,s,1.000000
4732,d,0.400000
4733,d,1.000000
4734,s,0.400000
4735,d,0.800000
4736,p,0.800000
4737,p,0.400000
4738,s,0.800000
4739,p,0.400000
4740,s,0.400000
4741,s,0.800000
4742,d,0.600000
4743,d,0.400000
4744,p,0.600000
4745,p,0.200000
4746,p,0.400000
4747,p,0.400000
4748,d,0.200000
4749,s,0.400000
4750,p,0.600000
4751,s,0.400000
4752,p,0.400000
4753,d,0.600000
4754,d,0.400000
4755,d,1.000000
4756,d,0.400000
4757,d,0.200000
4758,p,0.200000
4759,s,0.600000
4760,p,0.400000
4761,s,0.200000
4762,s,0.400000
4763,s,1.000000
4764,p,0.400000
4765,p,0.600000
4766,p,0.200000
4767,d,0.400000
4768,p,0.200000
4769,d,0.400000
4770,s,0.600000
4771,s,0.200000
4772,d,0.800000
4773,d,0.400000
4774,d,0.600000
4775,s,0.200000
4776,d,0.400000
4777,s,0.400000
4778,p,0.200000
4779,s,0.200000
4780,d,0.400000
4781,p,0.600000
4782,p,0.400000
4783,d,0.400000
4784,p,0.600000
4785,s,0.600000
4786,d,0.600000
4787,s,0.400000
4788,d,0.600000
4789,d,0.200000
4790,d,0.600000
4791,p,0.600000
4792,s,0.200000
4793,s,0.400000
4794,d,1.000000
4795,s,0.400000
4796,d,0.200000
4797,p,0.400000
4798,s,0.800000
4799,d,0.600000
4800,p,0.800000
4801,d,0.600000
4802,s,0.400000
4803,p,0.400000
4804,s,0.400000
4805,p,0.400000
4806,p,0.200000
4807,s,0.400000
4808,s,0.400000
4809,d,0.400000
4810,p,0.600000
4811,d,0.400000
4812,s,0.200000
4813,p,0.600000
4814,p,0.800000
4815,p,0.600000
4816,s,0.200000
4817,s,0.600000
4818,d,0.600000
4819,d,0.600000
4820,p,0.600000
4821,s,0.200000
4822,p,0.200000
4823,d,0.200000
4824,s,1.000000
4825,p,0.200000
4826,d,0.600000
4827,d,0.600000
4828,p,0.600000
4829,p,0.400000
4830,p,0.200000
4831,s,0.600000
4832,s,1.000000
4833,p,0.400000
4834,s,0.800000
4835,p,0.200000
4836,d,0.200000
4837,d,0.800000
4838,d,0.600000
4839,d,0.600000
4840,p,0.400000
4841,p,0.200000
4842,d,0.400000
4843,p,0.800000
4844,d,0.800000
4845,d,0.800000
4846,d,0.200000
4847,p,0.600000
4848,p,0.600000
4849,p,0.800000
4850,s,0.200000
4851,s,1.000000
4852,s,0.600000
4853,s,0.600000
4854,s,0.400000
4855,p,0.600000
4856,s,1.000000
4857,p,1.000000
4858,d,0.600000
4859,p,0.400000
4860,s,0.200000
4861,p,0.200000
4862,s,0.400000
4863,p,0.600000
4864,s,0.400000
4865,s,0.600000
4866,p,0.400000
4867,s,0.600000
4868,s,0.800000
4869,s,1.000000
4870,d,0.400000
4871,d,0.600000
4872,d,0.600000
4873,d,0.200000
4874,p,0.400000
4875,s,0.600000
4876,s,0.400000
4877,p,0.600000
4878,p,0.400000
4879,d,0.400000
4880,d,0.200000
4881,s,0.200000
4882,d,0.400000
4883,p,0.400000
4884,p,0.600000
4885,p,0.800000
4886,d,0.600000
4887,s,0.800000
4888,s,0.600000
4889,d,0.800000
4890,d,0.200000
4891,s,0.400000
4892,p,0.200000
4893,s,0.600000
4894,s,0.400000
4895,s,0.600000
4896,p,0.800000
4897,s,0.400000
4898,d,0.400000
4899,s,0.600000
4900,d,0.800000
4901,p,0.400000
4902,p,0.200000
4903,d,0.400000
4904,p,0.600000
4905,p,0.800000
4906,p,0.400000
4907,s,0.600000
4908,d,0.400000
4909,s,0.400000
4910,p,0.400000
4911,d,0.800000
4912,p,0.400000
4913,p,0.600000
4914,d,0.200000
4915,s,0.400000
4916,s,0.600000
4917,s,0.200000
4918,d,0.600000
4919,p,0.600000
4920,s,0.600000
4921,s,0.200000
4922,s,0.800000
4923,s,0.400000
4924,s,0.400000
4925,d,0.200000
4926,p,1.000000
4927,p,0.200000
4928,s,0.600000
4929,d,0.600000
4930,d,0.200000
4931,d,0.600000
4932,p,0.200000
4933,p,0.400000
4934,s,0.400000
4935,d,0.600000
4936,s,0.600000
4937,d,0.600000
4938,s,0.600000
4939,d,0.600000
4940,p,0.600000
4941,d,0.600000
4942,p,0.200000
4943,p,0.400000
4944,p,0.600000
4945,s,0.400000
4946,s,0.600000
4947,d,0.600000
4948,s,0.600000
4949,d,0.400000
4950,s,0.200000
4951,d,0.800000
4952,p,0.800000
4953,s,0.600000
4954,p,0.600000
4955,d,0.400000
4956,d,0.600000
4957,d,0.600000
4958,p,0.400000
4959,s,0.200000
4960,p,0.200000
4961,p,0.400000
4962,p,0.400000
4963,s,0.200000
4964,p,0.400000
4965,d,0.800000
4966,p,0.200000
4967,d,0.600000
4968,p,0.400000
4969,d,0.400000
4970,d,0.600000
4971,d,0.600000
4972,p,0.400000
4973,p,0.600000
4974,s,0.400000
4975,s,0.200000
4976,p,0.400000
4977,s,0.400000
4978,d,0.600000
4979,p,0.800000
4980,p,0.600000
4981,d,0.400000
4982,s,0.600000
4983,s,1.000000
4984,s,0.600000
4985,p,0.600000
4986,p,0.200000
4987,s,0.400000
4988,d,0.200000
4989,s,0.600000
4990,d,0.400000
4991,d,0.400000
4992,d,0.400000
4993,p,0.800000
4994,s,0.600000
4995,p,0.200000
4996,d,0.400000
4997,p,0.400000
4998,s,0.600000
4999,d,0.600000
5000,d,0.600000
5001,d,1.000000
5002,d,0.400000
5003,s,0.400000
5004,s,0.800000
5005,d,0.600000
5006,d,0.200000
5007,p,0.800000
5008,s,0.400000
5009,s,0.200000
5010,s,0.200000
5011,p,0.400000
5012,p,0.800000
5013,d,0.600000
5014,p,0.600000
5015,s,0.200000
5016,s,0.600000
5017,d,0.600000
5018,s,0.200000
5019,p,0.600000
5020,p,0.200000
5021,d,0.400000
5022,p,0.600000
5023,d,0.600000
5024,d,0.600000
5025,s,0.400000
5026,p,0.400000
5027,p,0.200000
5028,s,1.000000
5029,p,0.200000
5030,d,0.200000
5031,s,0.800000
5032,d,0.200000
5033,p,0.600000
5034,s,0.600000
5035,d,0.200000
5036,d,0.800000
5037,s,0.600000
5038,p,0.200000
5039,d,0.600000
5040,p,0.400000
5041,d,0.200000
5042,d,0.200000
5043,d,0.200000
5044,d,0.400000
5045,d,0.600000
5046,s,1.000000
5047,p,0.800000
5048,s,0.800000
5049,d,0.600000
5050,d,0.400000
5051,d,0.600000
5052,d,0.600000
5053,p,0.600000
5054,p,0.200000
5055,s,0.400000
5056,d,0.400000
5057,s,0.400000
5058,p,0.200000
5059,s,0.800000
5060,p,0.800000
5061,d,0.200000
5062,d,0.600000
5063,d,0.200000
5064,d,0.400000
5065,s,0.400000
5066,d,0.400000
5067,s,1.000000
5068,d,0.400000
5069,d,0.400000
5070,p,0.800000
5071,s,0.800000
5072,p,0.800000
5073,s,0.400000
5074,p,0.600000
5075,s,0.400000
5076,p,0.400000
5077,d,0.200000
5078,d,0.600000
5079,s,0.600000
5080,s,0.200000
5081,p,0.600000
5082,d,0.400000
5083,d,0.200000
5084,d,0.600000
5085,d,0.200000
5086,s,0.600000
5087,s,0.800000
5088,p,0.400000
5089,s,0.400000
5090,p,0.400000
5091,s,0.400000
5092,s,0.400000
5093,d,0.400000
5094,s,0.400000
5095,p,0.400000
5096,d,0.600000
5097,d,1.000000
5098,d,0.600000
5099,d,0.200000
5100,p,0.600000
5101,d,0.400000
5102,s,0.400000
5103,s,0.600000
5104,d,0.800000
5105,p,0.400000
5106,p,0.400000
5107,s,1.000000
5108,d,0.600000
5109,p,0.800000
5110,p,0.200000
5111,p,0.200000
5112,d,0.600000
5113,s,1.000000
5114,p,0.600000
5115,s,0.400000
5116,s,0.200000
5117,p,0.800000
5118,s,0.400000
5119,p,0.600000
5120,p,0.400000
5121,d,0.400000
5122,s,0.400000
5123,s,0.400000
5124,p,0.400000
5125,p,0.400000
5126,d,0.600000
5127,p,0.600000
5128,p,0.600000
5129,p,0.600000
5130,p,0.600000
5131,p,0.200000
5132,s,0.400000
5133,d,0.400000
5134,p,0.800000
5135,d,0.400000
5136,d,1.000000
5137,d,0.400000
5138,d,0.600000
5139,d,0.600000
5140,p,0.400000
5141,d,0.600000
5142,s,1.000000
5143,s,0.600000
5144,s,0.200000
5145,d,0.400000
5146,s,0.600000
5147,d,0.600000
5148,p,0.600000
5149,s,0.400000
5150,d,0.400000
5151,s,0.400000
5152,d,0.200000
5153,s,0.600000
5154,d,0.600000
5155,s,0.400000
5156,s,0.400000
5157,s,0.200000
5158,p,0.600000
5159,p,0.600000
5160,d,0.600000
5161,s,1.000000
5162,p,0.200000
5163,p,0.400000
5164,s,0.800000
5165,d,0.200000
5166,p,0.400000
5167,d,0.600000
5168,d,0.200000
5169,s,0.800000
5170,s,0.600000
5171,s,0.800000
5172,s,0.200000
5173,s,0.600000
5174,d,0.400000
5175,s,0.600000
5176,s,0.200000
5177,s,0.600000
5178,d,0.200000
5179,s,0.400000
5180,d,0.400000
5181,d,0.600000
5182,s,1.000000
5183,p,0.400000
5184,p,0.200000
5185,s,1.000000
5186,d,0.200000
5187,p,0.400000
5188,s,0.200000
5189,d,0.400000
5190,s,0.400000
5191,p,1.000000
5192,p,0.400000
5193,p,0.400000
5194,d,0.600000
5195,s,0.400000
5196,d,0.400000
5197,s,0.400000
5198,s,1.000000
5199,d,0.400000
5200,d,0.600000
5201,d,0.400000
5202,s,0.400000
5203,p,0.400000
5204,d,0.200000
5205,s,0.600000
5206,s,0.800000
5207,p,0.200000
5208,s,0.600000
5209,d,0.600000
5210,d,0.600000
5211,s,0.600000
5212,p,0.200000
5213,d,0.600000
5214,p,0.600000
5215,s,0.400000
5216,s,1.000000
5217,s,0.400000
5218,s,1.000000
5219,p,0.200000
5220,d,0.200000
5221,s,0.600000
5222,s,0.400000
5223,s,0.600000
5224,d,0.400000
5225,p,0.200000
5226,d,0.200000
5227,p,0.600000
5228,d,0.600000
5229,d,0.800000
5230,p,0.600000
5231,p,0.400000
5232,p,0.400000
5233,s,0.600000
5234,p,0.200000
5235,s,0.600000
5236,d,0.200000
5237,s,0.600000
5238,p,0.200000
5239,s,1.000000
5240,s,1.000000
5241,s,0.800000
5242,p,0.400000
5243,d,0.200000
5244,s,0.600000
5245,s,0.400000
5246,s,0.400000
5247,s,0.400000
5248,p,0.400000
5249,d,0.400000
5250,d,0.400000
5251,d,0.800000
5252,d,0.200000
5253,p,0.600000
5254,d,0.400000
5255,d,0.400000
5256,s,0.200000
5257,p,0.800000
5258,p,0.400000
5259,s,0.800000
5260,p,0.200000
5261,d,0.200000
5262,p,0.600000
5263,s,1.000000
5264,d,0.600000
5265,d,0.200000
5266,s,0.600000
5267,d,0.600000
5268,d,0.200000
5269,p,0.400000
5270,p,0.600000
5271,d,0.600000
5272,d,0.400000
5273,d,0.200000
5274,d,1.000000
5275,p,0.400000
5276,d,0.800000
5277,s,0.600000
5278,d,0.200000
5279,p,0.600000
5280,p,0.400000
5281,p,0.200000
5282,s,0.800000
5283,p,0.400000
5284,d,0.400000
5285,p,0.800000
5286,p,0.200000
5287,p,0.600000
5288,s,0.800000
5289,s,0.600000
5290,p,0.200000
5291,d,0.200000
5292,s,0.400000
5293,s,0.400000
5294,d,0.600000
5295,s,0.400000
5296,d,0.600000
5297,s,0.200000
5298,s,0.400000
5299,p,0.400000
5300,s,0.400000
5301,p,0.800000
5302,p,0.800000
5303,p,0.600000
5304,s,0.200000
5305,p,0.400000
5306,s,1.000000
5307,d,0.400000
5308,d,0.600000
5309,d,0.400000
5310,d,0.400000
5311,p,0.200000
5312,s,0.600000
5313,d,1.000000
5314,s,0.400000
5315,d,0.600000
5316,p,0.600000
5317,p,0.600000
5318,d,0.600000
5319,s,0.400000
5320,d,0.800000
5321,s,1.000000
5322,p,0.200000
5323,p,0.600000
5324,s,0.400000
5325,d,0.800000
5326,d,0.600000
5327,d,0.400000
5328,d,0.800000
5329,s,1.000000
5330,s,0.600000
5331,p,0.400000
5332,d,0.400000
5333,p,0.400000
5334,s,0.600000
5335,s,0.400000
5336,d,0.200000
5337,d,0.800000
5338,d,0.400000
5339,s,0.200000
5340,s,0.200000
5341,d,0.800000
5342,d,0.200000
5343,p,0.200000
5344,s,0.400000
5345,p,0.400000
5346,s,0.400000
5347,d,0.600000
5348,p,0.400000
5349,d,1.000000
5350,p,0.800000
5351,s,0.600000
5352,d,0.600000
5353,p,0.200000
5354,s,0.400000
5355,s,0.400000
5356,p,0.200000
5357,s,0.400000
5358,p,0.600000
5359,s,0.600000
5360,d,0.600000
5361,p,0.600000
5362,d,0.800000
5363,p,0.200000
5364,s,1.000000
5365,p,0.600000
5366,p,1.000000
5367,d,0.600000
5368,p,0.800000
5369,s,0.600000
5370,p,0.800000
5371,p,0.400000
5372,p,0.400000
5373,p,0.600000
5374,s,1.000000
5375,p,0.600000
5376,s,0.600000
5377,d,0.800000
5378,d,0.600000
5379,d,0.200000
5380,d,0.800000
5381,s,0.800000
5382,s,0.200000
5383,s,0.600000
5384,p,0.400000
5385,s,0.400000
5386,d,0.400000
5387,s,0.400000
5388,s,1.000000
5389,d,0.800000
5390,p,0.200000
5391,d,0.600000
5392,s,0.800000
5393,p,0.600000
5394,d,0.800000
5395,s,0.600000
5396,d,0.400000
5397,s,0.800000
5398,s,0.600000
5399,p,0.400000
5400,p,0.200000
5401,p,0.800000
5402,d,0.200000
5403,d,0.400000
5404,d,0.200000
5405,s,0.400000
5406,s,0.400000
5407,d,0.800000
5408,p,0.200000
5409,s,1.000000
5410,p,0.600000
5411,s,0.600000
5412,d,0.400000
5413,p,0.800000
5414,d,0.400000
5415,p,0.800000
5416,s,0.600000
5417,d,0.800000
5418,p,0.400000
5419,s,0.600000
5420,d,0.400000
5421,s,0.400000
5422,d,0.200000
5423,s,0.400000
5424,s,0.400000
5425,d,0.400000
5426,s,0.600000
5427,d,0.200000
5428,p,0.400000
5429,s,0.800000
5430,s,0.400000
5431,s,0.400000
5432,s,1.000000
5433,p,0.200000
5434,p,0.600000
5435,d,0.400000
5436,p,0.600000
5437,p,0.200000
5438,d,0.400000
5439,p,0.200000
5440,d,0.200000
5441,d,1.000000
5442,p,0.200000
5443,d,0.600000
5444,d,0.400000
5445,p,0.600000
5446,s,0.800000
5447,d,0.400000
5448,p,0.800000
5449,s,0.400000
5450,p,0.600000
5451,s,0.800000
5452,s,0.600000
5453,p,0.400000
5454,d,0.400000
5455,d,0.600000
5456,s,0.400000
5457,d,0.600000
5458,s,0.600000
5459,p,0.200000
5460,s,1.000000
5461,s,0.600000
5462,p,0.600000
5463,d,0.800000
5464,d,0.400000
5465,d,0.200000
5466,d,0.400000
5467,p,0.400000
5468,s,0.800000
5469,p,0.400000
5470,p,0.400000
5471,s,0.600000
5472,p,0.600000
5473,p,0.400000
5474,p,0.400000
5475,d,0.600000
5476,s,0.200000
5477,p,0.600000
5478,d,0.200000
5479,s,0.400000
5480,p,0.400000
5481,p,0.400000
5482,p,0.200000
5483,p,0.800000
5484,p,0.600000
5485,s,0.400000
5486,p,0.400000
5487,s,0.600000
5488,p,0.800000
5489,p,0.200000
5490,s,1.000000
5491,s,0.400000
5492,s,0.600000
5493,s,0.400000
5494,s,0.400000
5495,d,0.600000
5496,p,0.600000
5497,p,0.200000
5498,s,0.600000
5499,s,0.400000
5500,p,0.200000
5501,s,0.200000
5502,s,0.400000
5503,d,0.400000
5504,s,0.400000
5505,s,0.400000
5506,d,0.400000
5507,p,0.600000
5508,s,0.400000
5509,s,1.000000
5510,d,0.400000
5511,d,0.400000
5512,p,0.400000
5513,d,0.600000
5514,d,0.400000
5515,s,1.000000
5516,p,0.400000
5517,p,0.400000
5518,p,0.200000
5519,p,0.400000
5520,p,0.400000
5521,d,1.000000
5522,p,0.600000
5523,s,0.200000
5524,s,0.400000
5525,s,1.000000
5526,s,0.400000
5527,p,0.600000
5528,d,0.200000
5529,d,0.600000
5530,s,0.400000
5531,d,0.400000
5532,d,0.800000
5533,d,0.600000
5534,p,0.600000
5535,s,0.200000
5536,d,0.400000
5537,p,0.400000
5538,d,0.400000
5539,p,0.200000
5540,s,0.400000
5541,d,0.600000
5542,p,0.600000
5543,s,0.600000
5544,s,0.400000
5545,s,0.400000
5546,s,0.600000
5547,s,1.000000
5548,s,0.600000
5549,p,0.200000
5550,d,0.800000
5551,d,0.400000
5552,p,0.600000
5553,d,0.600000
5554,p,0.200000
5555,d,0.400000
5556,d,0.200000
5557,s,0.400000
5558,p,0.800000
5559,d,0.800000
5560,p,0.200000
5561,s,0.600000
5562,s,0.600000
5563,d,0.600000
5564,s,0.400000
5565,s,0.400000
5566,d,0.800000
5567,d,0.600000
5568,s,0.200000
5569,d,0.400000
5570,p,0.600000
5571,d,0.400000
5572,s,1.000000
5573,p,0.200000
5574,s,0.600000
5575,s,0.400000
5576,d,0.200000
5577,p,0.400000
5578,p,0.400000
5579,s,0.200000
5580,d,0.800000
5581,d,0.800000
5582,s,0.800000
5583,p,0.200000
5584,d,0.400000
5585,s,0.800000
5586,d,0.400000
5587,s,0.400000
5588,s,0.400000
5589,d,0.400000
5590,s,0.200000
5591,s,0.400000
5592,p,0.400000
5593,s,0.600000
5594,d,0.600000
5595,d,0.600000
5596,s,0.800000
5597,s,0.600000
5598,d,0.200000
5599,d,0.600000
5600,s,0.400000
5601,d,0.600000
5602,p,0.400000
5603,s,0.400000
5604,s,0.800000
5605,d,0.200000
5606,s,0.800000
5607,d,0.400000
5608,s,0.400000
5609,p,0.200000
5610,d,0.200000
5611,p,0.400000
5612,p,1.000000
5613,d,0.400000
5614,d,0.400000
5615,p,0.600000
5616,s,0.400000
5617,d,0.400000
5618,s,0.600000
5619,p,0.200000
5620,s,0.600000
5621,p,0.400000
5622,s,0.800000
5623,d,0.400000
5624,p,0.800000
5625,p,0.400000
5626,d,0.600000
5627,p,0.400000
5628,d,0.800000
5629,s,0.600000
5630,s,0.400000
5631,p,0.200000
5632,s,0.200000
5633,d,0.400000
5634,s,1.000000
5635,p,0.400000
5636,p,0.800000
5637,s,0.200000
5638,d,0.400000
5639,p,0.800000
5640,p,0.600000
5641,d,0.400000
5642,s,1.000000
5643,d,0.400000
5644,s,0.400000
5645,d,0.400000
5646,d,0.200000
5647,s,0.600000
5648,s,0.600000
5649,p,0.200000
5650,d,0.800000
5651,s,1.000000
5652,d,0.600000
5653,s,0.400000
5654,p,0.200000
5655,p,0.200000
5656,s,0.600000
5657,s,0.200000
5658,s,0.600000
5659,p,0.400000
5660,d,0.200000
5661,p,0.600000
5662,s,0.800000
5663,p,0.600000
5664,p,0.200000
5665,s,0.600000
5666,d,0.200000
5667,p,0.800000
5668,p,0.600000
5669,d,0.400000
5670,p,0.200000
5671,s,0.400000
5672,d,0.600000
5673,s,0.200000
5674,p,0.800000
5675,p,0.600000
5676,s,0.800000
5677,s,0.800000
5678,s,1.000000
5679,s,0.200000
5680,s,0.400000
5681,s,0.400000
5682,d,0.600000
5683,s,1.000000
5684,d,0.400000
5685,d,0.600000
5686,d,0.600000
5687,d,0.800000
5688,s,0.800000
5689,s,0.400000
5690,p,0.200000
5691,p,0.600000
5692,s,0.600000
5693,s,0.600000
5694,s,0.200000
5695,d,0.400000
5696,p,0.400000
5697,d,0.200000
5698,p,0.200000
5699,p,0.600000
5700,s,0.800000
5701,s,0.200000
5702,d,0.400000
5703,p,0.400000
5704,d,0.400000
5705,d,0.200000
5706,p,0.800000
5707,d,0.400000
5708,p,0.400000
5709,d,0.600000
5710,d,0.400000
5711,p,0.400000
5712,s,0.800000
5713,d,0.600000
5714,s,0.200000
5715,d,0.400000
5716,p,0.600000
5717,p,1.000000
5718,p,0.400000
5719,p,0.400000
5720,d,0.600000
5721,s,1.000000
5722,s,0.200000
5723,d,0.600000
5724,d,0.200000
5725,s,0.400000
5726,p,0.400000
5727,s,0.800000
5728,d,0.400000
5729,p,0.800000
5730,d,0.400000
5731,p,0.400000
5732,p,0.600000
5733,s,0.400000
5734,d,0.800000
5735,s,0.200000
5736,s,1.000000
5737,d,0.200000
5738,p,0.400000
5739,s,0.400000
5740,p,0.400000
5741,d,0.400000
5742,p,0.400000
5743,d,0.600000
5744,d,0.200000
5745,d,0.600000
5746,s,0.200000
5747,d,0.200000
5748,p,0.200000
5749,d,0.400000
5750,p,0.200000
5751,p,0.400000
5752,p,0.600000
5753,d,0.600000
5754,s,0.600000
5755,p,0.400000
5756,p,0.400000
5757,d,0.600000
5758,s,0.800000
5759,s,0.600000
5760,d,0.400000
5761,s,0.400000
5762,p,0.400000
5763,d,0.400000
5764,d,1.000000
5765,s,0.400000
5766,s,0.600000
5767,s,0.800000
5768,p,0.200000
5769,p,0.400000
5770,s,0.600000
5771,s,0.600000
5772,p,0.600000
5773,d,0.400000
5774,p,0.400000
5775,d,0.800000
5776,d,0.200000
5777,p,0.600000
5778,s,0.800000
5779,p,0.400000
5780,d,0.400000
5781,s,0.400000
5782,d,0.200000
5783,d,1.000000
5784,p,0.200000
5785,d,0.600000
5786,d,0.800000
5787,d,0.600000
5788,s,0.400000
5789,p,0.400000
5790,d,0.400000
5791,s,0.400000
5792,d,0.200000
5793,d,1.000000
5794,p,0.800000
5795,s,0.600000
5796,p,0.600000
5797,s,0.200000
5798,p,0.200000
5799,s,0.400000
5800,p,0.200000
5801,s,0.200000
5802,s,0.200000
5803,d,0.400000
5804,d,0.600000
5805,d,0.200000
5806,d,0.400000
5807,p,0.600000
5808,p,0.400000
5809,d,0.400000
5810,p,0.800000
5811,s,0.400000
5812,p,0.400000
5813,p,1.000000
5814,s,0.400000
5815,d,0.600000
5816,s,1.000000
5817,p,0.400000
5818,s,0.400000
5819,d,0.800000
5820,s,0.400000
5821,s,0.400000
5822,s,0.800000
5823,p,0.400000
5824,p,0.200000
5825,s,0.400000
5826,s,0.400000
5827,d,0.400000
5828,s,0.400000
5829,d,0.800000
5830,s,0.400000
5831,d,0.600000
5832,p,0.600000
5833,s,0.800000
5834,d,0.400000
5835,p,0.200000
5836,p,0.200000
5837,p,0.400000
5838,d,0.400000
5839,s,0.600000
5840,d,0.400000
5841,s,0.400000
5842,s,0.800000
5843,p,0.200000
5844,s,1.000000
5845,s,0.800000
5846,d,0.600000
5847,d,0.600000
5848,d,0.600000
5849,d,0.600000
5850,s,0.400000
5851,d,0.400000
5852,p,0.400000
5853,p,0.800000
5854,d,0.200000
5855,d,0.800000
5856,d,0.200000
5857,s,0.600000
5858,p,0.400000
5859,p,1.000000
5860,s,0.800000
5861,d,0.800000
5862,p,0.600000
5863,d,0.200000
5864,s,0.400000
5865,p,0.400000
5866,s,0.600000
5867,d,0.400000
5868,p,0.200000
5869,s,0.400000
5870,p,0.400000
5871,d,0.600000
5872,s,0.400000
5873,p,0.200000
5874,s,0.400000
5875,d,0.600000
5876,d,0.600000
5877,p,0.200000
5878,s,0.600000
5879,d,0.200000
5880,p,0.400000
5881,p,0.200000
5882,s,0.400000
5883,d,0.200000
5884,s,0.600000
5885,d,0.600000
5886,p,0.800000
5887,p,1.000000
5888,p,0.800000
5889,s,1.000000
5890,p,0.600000
5891,p,0.200000
5892,s,0.200000
5893,p,0.400000
5894,p,0.600000
5895,p,0.200000
5896,d,0.400000
5897,d,0.400000
5898,s,0.400000
5899,d,0.400000
5900,d,0.400000
5901,p,0.400000
5902,p,0.400000
5903,d,0.800000
5904,d,0.600000
5905,d,0.600000
5906,d,0.600000
5907,d,0.600000
5908,s,0.200000
5909,p,0.600000
5910,p,0.600000
5911,s,0.400000
5912,p,0.600000
5913,p,0.600000
5914,s,0.400000
5915,s,0.400000
5916,d,0.400000
5917,d,0.600000
5918,d,0.400000
5919,d,0.400000
5920,p,0.600000
5921,d,0.200000
5922,s,0.600000
5923,p,0.400000
5924,p,0.200000
5925,p,0.400000
5926,s,0.600000
5927,d,0.800000
5928,p,0.800000
5929,s,0.600000
5930,s,0.600000
5931,p,0.400000
5932,p,0.600000
5933,d,0.400000
5934,p,0.200000
5935,s,0.200000
5936,d,0.400000
5937,d,0.400000
5938,p,0.600000
5939,s,0.200000
5940,s,1.000000
5941,s,0.600000
5942,s,0.400000
5943,s,0.400000
5944,d,0.600000
5945,p,0.600000
5946,d,0.400000
5947,p,0.400000
5948,d,0.200000
5949,s,0.400000
5950,d,0.600000
5951,s,0.600000
5952,p,0.400000
5953,p,0.600000
5954,p,0.200000
5955,s,0.800000
5956,d,0.400000
5957,s,0.600000
5958,s,1.000000
5959,p,0.400000
5960,p,0.400000
5961,d,0.200000
5962,d,0.600000
5963,p,0.400000
5964,d,0.600000
5965,s,0.400000
5966,s,0.800000
5967,s,0.400000
5968,s,0.400000
5969,d,0.400000
5970,d,0.200000
5971,p,0.600000
5972,d,0.200000
5973,d,0.600000
5974,d,0.400000
5975,s,0.400000
5976,p,0.800000
5977,d,0.400000
5978,s,0.800000
5979,p,0.400000
5980,s,0.600000
5981,p,0.200000
5982,d,0.800000
5983,p,0.400000
5984,d,0.400000
5985,d,0.400000
5986,d,0.800000
5987,p,0.800000
5988,p,0.800000
5989,s,0.200000
5990,s,1.000000
5991,p,0.400000
5992,d,0.400000
5993,p,0.200000
5994,s,0.600000
5995,s,0.800000
5996,p,0.400000
5997,d,1.000000
5998,p,0.400000
5999,p,0.200000
6000,s,0.200000
6001,s,0.600000
6002,d,0.200000
6003,p,0.200000
6004,s,0.600000
6005,s,0.600000
6006,p,0.800000
6007,d,0.200000
6008,d,0.200000
6009,p,0.800000
6010,s,1.000000
6011,d,0.200000
6012,p,0.600000
6013,s,1.000000
6014,d,0.600000
6015,d,0.200000
6016,d,0.600000
6017,d,0.800000
6018,d,0.400000
6019,s,0.200000
6020,p,0.200000
6021,p,0.800000
6022,s,0.400000
6023,d,0.200000
6024,d,0.600000
6025,d,0.200000
6026,d,1.000000
6027,d,0.400000
6028,d,0.600000
6029,s,0.600000
6030,p,0.600000
6031,p,0.400000
6032,p,0.400000
6033,d,0.800000
6034,p,0.400000
6035,s,0.800000
6036,s,0.400000
6037,s,1.000000
6038,d,0.400000
6039,p,0.600000
6040,s,0.600000
6041,p,0.600000
6042,s,0.600000
6043,s,0.400000
6044,d,0.400000
6045,p,0.800000
6046,s,0.400000
6047,d,0.200000
6048,p,0.600000
6049,p,0.200000
6050,s,0.200000
6051,d,0.600000
6052,s,0.400000
6053,s,0.400000
6054,d,0.800000
6055,p,0.400000
6056,p,0.800000
6057,s,0.200000
6058,s,1.000000
6059,d,0.200000
6060,d,0.600000
6061,s,1.000000
6062,s,0.400000
6063,s,0.400000
6064,p,0.400000
6065,d,0.800000
6066,d,0.600000
6067,s,0.200000
6068,s,0.400000
6069,p,0.600000
6070,d,0.400000
6071,p,0.400000
6072,p,0.400000
6073,d,0.600000
6074,p,0.600000
6075,d,0.600000
6076,p,0.400000
6077,p,1.000000
6078,d,0.200000
6079,s,0.800000
6080,s,0.600000
6081,p,0.200000
6082,s,0.200000
6083,s,1.000000
6084,p,0.400000
6085,d,0.600000
6086,d,0.600000
6087,s,0.600000
6088,s,0.400000
6089,s,0.400000
6090,p,0.400000
6091,d,0.400000
6092,d,0.400000
6093,d,0.400000
6094,p,0.600000
6095,s,0.200000
6096,d,0.200000
6097,p,0.600000
6098,s,1.000000
6099,d,0.600000
6100,p,0.400000
6101,s,0.800000
6102,d,0.400000
6103,p,0.200000
6104,p,0.600000
6105,d,0.200000
6106,s,0.400000
6107,p,0.600000
6108,p,0.800000
6109,s,0.600000
6110,p,0.200000
6111,d,0.800000
6112,p,0.200000
6113,p,0.400000
6114,d,0.600000
6115,d,0.800000
6116,s,1.000000
6117,s,0.400000
6118,p,0.400000
6119,s,0.400000
6120,p,0.600000
6121,p,0.400000
6122,s,0.200000
6123,p,0.400000
6124,s,0.400000
6125,p,0.200000
6126,s,1.000000
6127,d,0.400000
6128,s,0.200000
6129,d,0.200000
6130,s,0.600000
6131,d,0.800000
6132,s,0.600000
6133,s,1.000000
6134,d,0.400000
6135,d,0.400000
6136,p,0.200000
6137,s,0.400000
6138,s,0.400000
6139,d,0.200000
6140,d,1.000000
6141,s,0.600000
6142,s,0.400000
6143,p,0.400000
6144,d,0.600000
6145,s,1.000000
6146,s,0.600000
6147,s,0.400000
6148,d,0.800000
6149,p,0.400000
6150,s,0.800000
6151,p,0.200000
6152,s,1.000000
6153,p,0.200000
6154,s,0.600000
6155,s,0.600000
6156,d,0.200000
6157,s,0.600000
6158,s,1.000000
6159,s,0.400000
6160,s,0.200000
6161,p,0.800000
6162,d,0.200000
6163,p,0.200000
6164,d,0.600000
6165,d,0.200000
6166,p,0.200000
6167,s,0.600000
6168,s,1.000000
6169,d,0.600000
6170,d,0.600000
6171,d,0.400000
6172,d,0.400000
6173,s,0.400000
6174,d,0.200000
6175,d,0.600000
6176,d,0.400000
6177,s,0.600000
6178,d,0.400000
6179,d,0.200000
6180,p,0.400000
6181,d,0.800000
6182,s,0.200000
6183,s,0.800000
6184,p,0.600000
6185,d,0.200000
6186,s,0.600000
6187,p,0.200000
6188,s,1.000000
6189,p,0.400000
6190,p,0.200000
6191,d,0.400000
6192,p,0.600000
6193,s,0.800000
6194,d,0.200000
6195,d,0.600000
6196,p,0.200000
6197,p,0.400000
6198,p,0.400000
6199,d,0.600000
6200,p,0.600000
6201,s,0.400000
6202,d,0.200000
6203,s,0.400000
6204,s,0.400000
6205,s,0.600000
6206,p,0.600000
6207,d,0.400000
6208,s,0.600000
6209,s,1.000000
6210,s,0.800000
6211,s,1.000000
6212,p,0.400000
6213,p,0.400000
6214,d,0.800000
6215,p,0.600000
6216,s,0.400000
6217,d,0.200000
6218,s,0.400000
6219,s,1.000000
6220,s,0.200000
6221,d,0.200000
6222,d,0.400000
6223,d,0.200000
6224,d,0.600000
6225,d,0.600000
6226,p,0.200000
6227,p,0.400000
6228,s,0.200000
6229,s,0.400000
6230,d,0.400000
6231,p,0.800000
6232,d,0.400000
6233,d,0.400000
6234,p,0.600000
6235,d,0.800000
6236,s,0.400000
6237,d,0.800000
6238,p,0.600000
6239,s,0.200000
6240,s,0.200000
6241,p,0.200000
6242,d,0.400000
6243,d,0.200000
6244,p,0.600000
6245,d,0.800000
6246,p,0.400000
6247,s,0.800000
6248,d,0.200000
6249,d,0.200000
6250,s,1.000000
6251,d,0.200000
6252,p,0.600000
6253,p,0.200000
6254,d,0.600000
6255,d,0.400000
6256,p,0.200000
6257,p,0.600000
6258,s,0.400000
6259,p,0.600000
6260,p,0.600000
6261,d,0.400000
6262,p,0.400000
6263,d,0.400000
6264,d,0.600000
6265,p,0.400000
6266,d,0.600000
6267,s,0.400000
6268,d,0.200000
6269,s,0.400000
6270,s,0.600000
6271,d,0.400000
6272,s,0.400000
6273,p,0.400000
6274,p,0.400000
6275,s,0.200000
6276,d,0.800000
6277,d,0.400000
6278,s,0.800000
6279,p,0.600000
6280,p,0.200000
6281,p,0.200000
6282,p,0.600000
6283,p,0.200000
6284,s,0.800000
6285,d,0.600000
6286,d,0.600000
6287,d,0.600000
6288,d,0.800000
6289,p,0.200000
6290,d,0.800000
6291,d,0.200000
6292,d,0.200000
6293,s,0.600000
6294,s,0.400000
6295,p,0.200000
6296,d,0.800000
6297,s,0.600000
6298,p,0.400000
6299,p,0.600000
6300,s,0.800000
6301,s,0.400000
6302,s,0.400000
6303,s,0.400000
6304,d,0.400000
6305,p,0.800000
6306,d,0.400000
6307,s,0.800000
6308,d,0.400000
6309,d,0.600000
6310,s,0.200000
6311,s,0.200000
6312,s,0.800000
6313,s,0.800000
6314,d,0.600000
6315,d,0.400000
6316,d,0.600000
6317,p,0.200000
6318,s,0.600000
6319,s,0.400000
6320,s,0.400000
6321,s,0.800000
6322,s,0.600000
6323,s,0.600000
6324,p,0.800000
6325,p,0.600000
6326,d,0.400000
6327,d,0.400000
6328,p,0.600000
6329,d,0.800000
6330,s,0.800000
6331,d,0.400000
6332,s,1.000000
6333,d,0.400000
6334,s,1.000000
6335,d,0.200000
6336,d,0.400000
6337,s,0.600000
6338,d,0.400000
6339,p,0.400000
6340,d,0.800000
6341,s,0.800000
6342,d,0.400000
6343,s,0.600000
6344,d,0.400000
6345,s,0.200000
6346,p,0.200000
6347,s,0.600000
6348,d,0.200000
6349,d,0.600000
6350,s,0.600000
6351,d,0.400000
6352,s,0.200000
6353,s,1.000000
6354,s,0.400000
6355,s,0.200000
6356,s,0.400000
6357,p,0.200000
6358,p,0.400000
6359,p,0.800000
6360,d,0.600000
6361,d,1.000000
6362,d,0.400000
6363,d,0.400000
6364,d,0.200000
6365,p,0.200000
6366,p,0.600000
6367,d,0.200000
6368,d,0.400000
6369,s,0.600000
6370,d,0.200000
6371,d,0.600000
6372,p,0.400000
6373,s,0.600000
6374,d,0.400000
6375,p,0.200000
6376,s,0.600000
6377,s,0.800000
6378,d,0.600000
6379,p,0.400000
6380,s,0.800000
6381,s,0.400000
6382,d,0.800000
6383,p,0.200000
6384,d,0.600000
6385,s,0.600000
6386,d,0.600000
6387,d,0.200000
6388,d,0.400000
6389,d,0.400000
6390,p,0.400000
6391,s,0.200000
6392,p,0.600000
6393,s,0.400000
6394,d,0.200000
6395,p,0.400000
6396,p,0.200000
6397,d,0.200000
6398,s,0.600000
6399,d,0.200000
6400,p,0.600000
6401,d,0.200000
6402,p,1.000000
6403,s,0.800000
6404,d,0.600000
6405,p,0.400000
6406,d,0.600000
6407,s,0.400000
6408,d,0.200000
6409,p,0.200000
6410,d,0.600000
6411,s,0.600000
6412,s,0.400000
6413,s,0.400000
6414,s,0.400000
6415,s,0.400000
6416,p,0.400000
6417,s,0.200000
6418,d,0.400000
6419,d,0.200000
6420,d,0.200000
6421,p,0.600000
6422,p,0.800000
6423,s,0.400000
6424,s,0.200000
6425,s,0.400000
6426,s,1.000000
6427,s,0.400000
6428,s,0.200000
6429,p,0.600000
6430,d,0.200000
6431,p,0.600000
6432,d,0.600000
6433,p,0.200000
6434,s,1.000000
6435,d,0.200000
6436,d,0.400000
6437,d,0.600000
6438,d,0.200000
6439,s,0.400000
6440,d,0.200000
6441,d,0.200000
6442,d,0.800000
6443,s,0.600000
6444,p,0.800000
6445,s,0.400000
6446,p,0.200000
6447,d,0.200000
6448,s,0.400000
6449,s,0.600000
6450,p,0.200000
6451,s,0.600000
6452,s,0.400000
6453,d,0.600000
6454,s,1.000000
6455,s,0.400000
6456,d,0.600000
6457,p,0.200000
6458,d,0.200000
6459,p,0.400000
6460,s,0.600000
6461,p,0.200000
6462,p,0.600000
6463,p,0.400000
6464,d,0.600000
6465,d,0.200000
6466,p,0.200000
6467,s,0.600000
6468,s,0.200000
6469,d,0.400000
6470,s,1.000000
6471,s,0.600000
6472,d,0.600000
6473,p,0.400000
6474,d,0.800000
6475,p,0.400000
6476,s,0.600000
6477,p,0.800000
6478,d,0.400000
6479,p,0.600000
6480,s,0.600000
6481,p,0.200000
6482,s,1.000000
6483,s,0.400000
6484,p,0.400000
6485,p,0.200000
6486,s,0.200000
6487,s,0.600000
6488,s,0.600000
6489,p,0.800000
6490,p,0.600000
6491,s,1.000000
6492,s,0.600000
6493,d,0.400000
6494,p,0.400000
6495,d,0.200000
6496,p,0.600000
6497,d,0.400000
6498,s,0.400000
6499,s,0.600000
6500,p,0.600000
6501,s,0.200000
6502,d,0.800000
6503,s,0.800000
6504,s,0.200000
6505,d,0.800000
6506,d,0.400000
6507,s,0.400000
6508,d,0.400000
6509,p,0.600000
6510,p,0.600000
6511,s,0.600000
6512,s,0.800000
6513,p,0.600000
6514,s,0.800000
6515,p,0.200000
6516,d,0.400000
6517,d,0.600000
6518,d,0.400000
6519,p,0.600000
6520,p,0.600000
6521,d,0.200000
6522,s,0.800000
6523,d,0.800000
6524,p,0.400000
6525,d,0.600000
6526,d,0.600000
6527,p,0.200000
6528,d,0.400000
6529,p,0.600000
6530,d,0.400000
6531,p,0.800000
6532,d,0.600000
6533,s,0.400000
6534,s,0.400000
6535,s,0.600000
6536,d,0.800000
6537,p,0.800000
6538,s,0.200000
6539,p,0.600000
6540,p,0.400000
6541,d,0.800000
6542,p,0.400000
6543,p,0.400000
6544,s,0.600000
6545,s,0.800000
6546,p,0.800000
6547,s,1.000000
6548,d,0.400000
6549,s,0.600000
6550,s,0.400000
6551,d,0.400000
6552,p,0.200000
6553,p,0.800000
6554,d,0.400000
6555,s,0.400000
6556,d,0.600000
6557,s,0.600000
6558,s,1.000000
6559,d,0.400000
6560,s,0.600000
6561,d,0.600000
6562,d,0.400000
6563,d,0.400000
6564,d,0.600000
6565,d,0.400000
6566,p,0.800000
6567,s,0.800000
6568,s,0.800000
6569,p,0.200000
6570,p,0.200000
6571,s,0.200000
6572,s,0.600000
6573,p,0.200000
6574,d,0.400000
6575,p,0.200000
6576,d,0.800000
6577,s,0.600000
6578,d,0.200000
6579,s,0.400000
6580,s,0.400000
6581,p,0.600000
6582,s,0.400000
6583,d,0.400000
6584,s,0.600000
6585,p,0.800000
6586,p,0.400000
6587,d,0.800000
6588,d,0.400000
6589,d,0.200000
6590,p,0.200000
6591,d,0.600000
6592,p,0.600000
6593,p,0.400000
6594,s,0.400000
6595,p,0.600000
6596,s,0.400000
6597,s,1.000000
6598,p,0.400000
6599,d,0.600000
6600,s,0.600000
6601,p,0.600000
6602,p,1.000000
6603,s,1.000000
6604,s,0.400000
6605,p,0.800000
6606,p,0.600000
6607,s,0.800000
6608,d,0.800000
6609,s,0.200000
6610,s,0.200000
6611,d,0.600000
6612,p,0.200000
6613,p,0.400000
6614,p,0.200000
6615,s,0.400000
6616,s,0.400000
6617,d,0.400000
6618,p,0.400000
6619,s,0.600000
6620,s,0.800000
6621,d,0.200000
6622,s,0.600000
6623,d,0.400000
6624,s,0.600000
6625,p,0.600000
6626,d,0.400000
6627,d,0.600000
6628,p,0.200000
6629,s,0.600000
6630,s,0.400000
6631,p,0.400000
6632,p,0.200000
6633,d,0.400000
6634,d,0.600000
6635,p,0.200000
6636,p,0.600000
6637,s,1.000000
6638,d,0.800000
6639,p,0.200000
6640,d,0.600000
6641,d,0.400000
6642,s,0.600000
6643,d,0.400000
6644,p,0.200000
6645,s,0.400000
6646,s,0.400000
6647,d,0.600000
6648,d,0.400000
6649,p,0.400000
6650,p,0.600000
6651,d,0.200000
6652,p,0.800000
6653,p,0.200000
6654,p,0.600000
6655,s,1.000000
6656,p,0.400000
6657,p,0.600000
6658,s,0.800000
6659,p,0.600000
6660,d,0.200000
6661,p,0.800000
6662,s,0.400000
6663,s,0.600000
6664,d,0.600000
6665,s,0.400000
6666,p,0.400000
6667,d,0.600000
6668,d,0.400000
6669,s,0.800000
6670,s,0.600000
6671,d,0.600000
6672,p,0.200000
6673,d,0.200000
6674,d,0.200000
6675,s,0.800000
6676,p,0.400000
6677,d,0.600000
6678,d,0.600000
6679,d,0.800000
6680,p,0.400000
6681,d,0.600000
6682,s,0.600000
6683,d,0.200000
6684,p,0.800000
6685,p,0.400000
6686,p,0.400000
6687,p,0.800000
6688,s,0.400000
6689,s,0.600000
6690,p,0.200000
6691,d,0.800000
6692,s,0.600000
6693,s,0.200000
6694,d,0.400000
6695,s,0.600000
6696,d,0.600000
6697,d,0.400000
6698,p,0.600000
6699,s,1.000000
6700,s,0.400000
6701,d,0.600000
6702,p,0.200000
6703,s,0.200000
6704,p,0.200000
6705,s,0.400000
6706,d,0.200000
6707,d,0.400000
6708,s,0.800000
6709,p,0.200000
6710,d,0.400000
6711,s,0.800000
6712,p,0.400000
6713,d,0.400000
6714,s,1.000000
6715,d,0.200000
6716,s,0.200000
6717,s,0.400000
6718,p,0.600000
6719,p,0.200000
6720,d,0.200000
6721,p,0.400000
6722,p,0.600000
6723,d,0.400000
6724,d,0.200000
6725,p,0.400000
6726,d,0.200000
6727,d,0.200000
6728,p,0.200000
6729,s,0.200000
6730,s,0.800000
6731,d,0.800000
6732,p,0.600000
6733,d,0.200000
6734,p,0.400000
6735,s,0.800000
6736,s,0.200000
6737,s,0.800000
6738,p,0.600000
6739,s,0.400000
6740,p,1.000000
6741,d,0.200000
6742,p,0.800000
6743,p,0.200000
6744,s,0.400000
6745,d,0.600000
6746,d,0.600000
6747,p,0.200000
6748,d,0.600000
6749,d,0.400000
6750,p,0.400000
6751,d,0.400000
6752,s,0.400000
6753,s,0.400000
6754,s,0.600000
6755,d,0.400000
6756,s,1.000000
6757,s,0.400000
6758,p,0.600000
6759,p,0.800000
6760,d,0.800000
6761,p,0.200000
6762,p,0.400000
6763,p,0.200000
6764,p,0.200000
6765,p,0.600000
6766,p,0.400000
6767,s,1.000000
6768,s,0.200000
6769,p,0.600000
6770,p,0.400000
6771,s,0.400000
6772,p,0.600000
6773,d,0.400000
6774,p,1.000000
6775,d,0.600000
6776,p,0.400000
6777,d,0.600000
6778,d,0.400000
6779,s,1.000000
6780,d,1.000000
6781,s,0.200000
6782,d,0.400000
6783,p,0.200000
6784,s,0.600000
6785,p,0.200000
6786,p,0.600000
6787,d,0.400000
6788,s,0.400000
6789,d,0.400000
6790,s,0.600000
6791,s,0.400000
6792,s,1.000000
6793,d,0.600000
6794,s,1.000000
6795,d,0.200000
6796,d,0.400000
6797,d,0.600000
6798,d,0.400000
6799,p,0.400000
6800,s,0.400000
6801,s,0.400000
6802,p,0.400000
6803,p,0.400000
6804,p,0.400000
6805,s,0.200000
6806,p,0.400000
6807,d,0.600000
6808,s,0.800000
6809,d,0.600000
6810,d,0.400000
6811,p,0.400000
6812,s,0.400000
6813,p,0.200000
6814,d,0.400000
6815,p,0.200000
6816,s,0.400000
6817,s,0.400000
6818,d,0.400000
6819,d,0.200000
6820,d,0.200000
6821,p,0.400000
6822,d,0.600000
6823,d,0.800000
6824,s,0.800000
6825,p,0.400000
6826,p,0.400000
6827,p,0.400000
6828,s,0.400000
6829,p,0.800000
6830,d,0.200000
6831,d,0.400000
6832,d,0.600000
6833,d,0.800000
6834,d,0.400000
6835,s,0.800000
6836,d,0.600000
6837,s,0.800000
6838,p,0.400000
6839,p,0.200000
6840,d,0.800000
6841,s,0.800000
6842,d,0.200000
6843,d,0.600000
6844,p,0.400000
6845,s,1.000000
6846,p,0.600000
6847,s,0.400000
6848,s,0.400000
6849,s,0.400000
6850,s,0.400000
6851,d,0.200000
6852,p,0.200000
6853,p,0.600000
6854,p,0.400000
6855,s,1.000000
6856,s,0.600000
6857,p,0.600000
6858,s,0.600000
6859,p,0.200000
6860,p,0.200000
6861,d,0.200000
6862,p,1.000000
6863,s,0.200000
6864,d,1.000000
6865,p,0.600000
6866,d,0.600000
6867,s,1.000000
6868,s,0.600000
6869,d,0.600000
6870,d,0.600000
6871,p,0.400000
6872,d,0.400000
6873,p,0.400000
6874,p,0.600000
6875,d,0.400000
6876,d,0.200000
6877,p,0.600000
6878,s,0.600000
6879,d,0.200000
6880,d,0.600000
6881,d,0.400000
6882,p,0.200000
6883,d,0.400000
6884,p,0.400000
6885,p,0.800000
6886,d,0.600000
6887,s,0.400000
6888,p,0.400000
6889,s,0.400000
6890,p,0.200000
6891,p,0.600000
6892,p,0.400000
6893,s,0.600000
6894,p,0.400000
6895,s,0.400000
6896,d,0.600000
6897,s,0.600000
6898,d,0.600000
6899,d,0.400000
6900,d,0.600000
6901,p,0.600000
6902,p,0.400000
6903,p,0.600000
6904,s,0.400000
6905,s,0.400000
6906,p,0.600000
6907,p,0.600000
6908,d,0.600000
6909,d,0.200000
6910,d,0.600000
6911,d,0.400000
6912,p,0.800000
6913,p,0.400000
6914,p,0.200000
6915,s,0.400000
6916,p,0.200000
6917,p,0.400000
6918,p,0.200000
6919,s,0.200000
6920,d,0.600000
6921,p,0.600000
6922,p,0.400000
6923,d,0.400000
6924,d,0.600000
6925,s,0.400000
6926,p,0.400000
6927,p,0.400000
6928,p,0.400000
6929,d,0.200000
6930,s,0.600000
6931,s,0.400000
6932,s,0.600000
6933,s,0.600000
6934,p,0.200000
6935,p,0.600000
6936,d,0.400000
6937,d,0.400000
6938,s,0.600000
6939,s,0.400000
6940,p,0.600000
6941,s,0.400000
6942,s,1.000000
6943,s,0.600000
6944,s,0.800000
6945,p,0.400000
6946,p,0.600000
6947,p,0.600000
6948,s,0.600000
6949,s,0.600000
6950,d,0.200000
6951,d,0.400000
6952,s,0.400000
6953,p,0.600000
6954,s,0.400000
6955,d,0.800000
6956,p,0.200000
6957,d,0.800000
6958,p,0.400000
6959,s,0.600000
6960,p,0.600000
6961,d,0.400000
6962,s,0.600000
6963,d,0.200000
6964,p,0.400000
6965,d,0.200000
6966,d,0.400000
6967,d,0.600000
6968,p,0.200000
6969,d,0.400000
6970,s,0.200000
6971,p,0.200000
6972,s,0.600000
6973,p,0.600000
6974,s,0.400000
6975,s,0.200000
6976,p,0.400000
6977,p,0.200000
6978,p,0.400000
6979,s,0.600000
6980,d,0.800000
6981,d,0.200000
6982,d,0.200000
6983,d,0.400000
6984,p,0.400000
6985,s,0.600000
6986,s,0.400000
6987,d,0.600000
6988,d,0.200000
6989,d,0.600000
6990,s,0.200000
6991,s,0.600000
6992,d,0.600000
6993,p,0.600000
6994,p,0.400000
6995,p,0.800000
6996,d,0.200000
6997,s,0.600000
6998,s,0.200000
6999,p,0.800000
7000,d,0.600000
7001,d,0.400000
7002,p,0.400000
7003,s,0.600000
7004,d,0.600000
7005,p,0.600000
7006,p,0.200000
7007,s,0.600000
7008,s,0.400000
7009,p,0.400000
7010,s,0.600000
7011,p,0.600000
7012,p,0.600000
7013,d,0.400000
7014,p,0.400000
7015,s,0.800000
7016,p,0.200000
7017,s,1.000000
7018,d,0.200000
7019,s,0.600000
7020,s,0.600000
7021,s,0.600000
7022,p,0.200000
7023,p,0.600000
7024,s,0.600000
7025,d,0.200000
7026,d,0.600000
7027,s,0.400000
7028,p,0.400000
7029,d,0.400000
7030,d,0.800000
7031,s,0.600000
7032,s,0.400000
7033,s,0.800000
7034,s,0.600000
7035,p,0.400000
7036,d,0.400000
7037,s,0.400000
7038,p,0.400000
7039,d,0.600000
7040,s,0.200000
7041,s,0.400000
7042,s,0.200000
7043,p,0.400000
7044,s,0.200000
7045,d,0.400000
7046,p,0.600000
7047,s,0.200000
7048,d,0.600000
7049,s,0.600000
7050,p,0.400000
7051,p,0.800000
7052,d,0.200000
7053,d,0.200000
7054,p,0.400000
7055,p,0.400000
7056,p,0.200000
7057,s,0.400000
7058,d,0.400000
7059,s,0.200000
7060,s,0.400000
7061,d,0.400000
7062,s,1.000000
7063,d,0.600000
7064,s,0.600000
7065,p,0.400000
7066,s,0.800000
7067,s,0.600000
7068,d,0.800000
7069,d,0.600000
7070,d,0.800000
7071,p,0.600000
7072,s,0.800000
7073,p,0.600000
7074,d,0.600000
7075,d,0.600000
7076,d,0.600000
7077,s,1.000000
7078,d,0.200000
7079,p,0.400000
7080,p,0.200000
7081,s,0.600000
7082,d,0.400000
7083,d,1.000000
7084,p,0.400000
7085,s,0.200000
7086,p,0.400000
7087,p,0.200000
7088,d,0.400000
7089,d,0.400000
7090,s,0.800000
7091,d,0.200000
7092,p,0.200000
7093,s,0.400000
7094,s,0.800000
7095,p,0.200000
7096,d,0.400000
7097,s,0.400000
7098,p,0.600000
7099,d,0.600000
7100,d,0.600000
7101,p,0.400000
7102,s,1.000000
7103,s,0.400000
7104,p,0.400000
7105,s,0.400000
7106,s,0.600000
7107,p,0.600000
7108,s,0.400000
7109,d,0.600000
7110,s,0.800000
7111,d,1.000000
7112,s,0.600000
7113,s,0.600000
7114,d,0.600000
7115,d,0.400000
7116,d,0.400000
7117,s,0.400000
7118,d,0.600000
7119,p,0.200000
7120,d,0.600000
7121,p,0.600000
7122,s,0.200000
7123,s,0.600000
7124,p,0.600000
7125,s,0.400000
7126,s,0.800000
7127,d,0.600000
7128,d,0.400000
7129,p,0.400000
7130,p,0.200000
7131,d,0.400000
7132,p,0.600000
7133,p,0.200000
7134,s,1.000000
7135,p,0.200000
7136,d,0.400000
7137,d,0.800000
7138,d,0.600000
7139,s,0.600000
7140,s,0.800000
7141,s,0.400000
7142,p,0.400000
7143,d,0.800000
7144,s,0.400000
7145,s,0.600000
7146,d,0.200000
7147,s,0.400000
7148,s,0.400000
7149,d,0.400000
7150,p,0.400000
7151,d,0.600000
7152,d,0.800000
7153,p,0.600000
7154,d,0.200000
7155,s,0.600000
7156,s,0.600000
7157,p,0.400000
7158,d,0.200000
7159,p,0.400000
7160,s,1.000000
7161,p,0.600000
7162,d,0.800000
7163,s,0.400000
7164,p,0.200000
7165,d,0.600000
7166,s,0.800000
7167,p,0.600000
7168,p,0.400000
7169,s,0.400000
7170,p,0.400000
7171,s,1.000000
7172,p,0.200000
7173,p,0.400000
7174,s,0.400000
7175,d,0.600000
7176,d,0.400000
7177,s,0.600000
7178,p,0.600000
7179,d,0.600000
7180,d,0.200000
7181,p,0.600000
7182,d,0.600000
7183,p,1.000000
7184,p,0.600000
7185,s,0.400000
7186,p,0.200000
7187,p,0.600000
7188,p,0.400000
7189,p,0.800000
7190,d,0.200000
7191,d,0.600000
7192,p,0.400000
7193,s,0.600000
7194,d,0.600000
7195,s,0.800000
7196,d,0.400000
7197,p,0.200000
7198,s,0.400000
7199,p,0.600000
7200,d,0.400000
7201,p,0.800000
7202,d,0.800000
7203,d,0.600000
7204,p,0.800000
7205,d,0.200000
7206,s,1.000000
7207,p,0.200000
7208,d,0.200000
7209,s,1.000000
7210,d,0.200000
7211,d,0.200000
7212,p,0.600000
7213,s,0.400000
7214,p,0.400000
7215,s,0.400000
7216,s,0.400000
7217,d,0.400000
7218,p,0.400000
7219,d,0.200000
7220,d,0.200000
7221,d,0.200000
7222,d,0.400000
7223,d,0.400000
7224,p,0.200000
7225,s,0.200000
7226,d,0.400000
7227,s,0.200000
7228,s,1.000000
7229,p,0.400000
7230,p,0.400000
7231,d,0.600000
7232,d,0.800000
7233,s,1.000000
7234,s,0.400000
7235,p,0.800000
7236,d,0.200000
7237,d,0.200000
7238,d,0.800000
7239,s,0.800000
7240,d,0.600000
7241,p,0.400000
7242,s,0.400000
7243,s,0.400000
7244,s,0.200000
7245,p,0.600000
7246,p,0.400000
7247,d,0.800000
7248,s,0.400000
7249,p,0.400000
7250,d,0.400000
7251,d,0.600000
7252,p,0.400000
7253,d,0.800000
7254,p,0.200000
7255,d,0.800000
7256,s,0.400000
7257,s,0.400000
7258,p,0.400000
7259,s,0.400000
7260,d,0.600000
7261,s,0.800000
7262,d,0.400000
7263,p,0.600000
7264,d,0.400000
7265,s,0.600000
7266,d,0.200000
7267,s,0.800000
7268,p,0.400000
7269,d,0.400000
7270,d,0.600000
7271,p,0.400000
7272,p,0.200000
7273,s,0.400000
7274,s,0.400000
7275,s,0.600000
7276,d,0.200000
7277,s,0.200000
7278,s,0.600000
7279,d,0.600000
7280,s,0.400000
7281,p,0.200000
7282,p,0.400000
7283,s,1.000000
7284,d,0.400000
7285,s,1.000000
7286,p,0.400000
7287,d,0.200000
7288,d,0.600000
7289,p,0.600000
7290,p,0.400000
7291,d,0.400000
7292,d,1.000000
7293,s,0.600000
7294,d,0.600000
7295,s,0.800000
7296,s,1.000000
7297,p,0.200000
7298,s,0.600000
7299,d,0.200000
7300,p,0.400000
7301,s,0.600000
7302,p,0.600000
7303,s,0.600000
7304,s,0.800000
7305,d,0.400000
7306,s,0.200000
7307,p,0.400000
7308,p,0.200000
7309,p,0.200000
7310,p,0.600000
7311,d,0.800000
7312,p,0.200000
7313,d,0.200000
7314,s,0.800000
7315,d,0.800000
7316,d,0.400000
7317,p,1.000000
7318,s,0.600000
7319,s,0.800000
7320,s,0.400000
7321,d,0.200000
7322,s,0.400000
7323,s,0.600000
7324,d,0.200000
7325,d,0.600000
7326,s,0.400000
7327,d,0.200000
7328,d,0.400000
7329,p,0.800000
7330,p,0.200000
7331,p,0.600000
7332,d,0.200000
7333,s,0.800000
7334,s,0.600000
7335,d,0.600000
7336,s,0.200000
7337,p,0.400000
7338,p,0.200000
7339,s,0.800000
7340,p,0.600000
7341,d,0.400000
7342,s,0.200000
7343,s,0.800000
7344,s,0.800000
7345,s,0.400000
7346,p,0.400000
7347,s,0.400000
7348,s,0.800000
7349,s,0.800000
7350,d,0.200000
7351,p,0.800000
7352,d,0.400000
7353,d,0.400000
7354,d,0.600000
7355,p,0.400000
7356,d,0.600000
7357,s,1.000000
7358,p,0.600000
7359,p,0.600000
7360,s,0.400000
7361,s,0.200000
7362,s,0.400000
7363,p,0.400000
7364,p,0.600000
7365,s,1.000000
7366,s,0.400000
7367,s,0.400000
7368,d,0.200000
7369,p,0.400000
7370,d,0.400000
7371,p,0.400000
7372,s,0.400000
7373,d,0.400000
7374,s,0.600000
7375,d,0.400000
7376,s,0.400000
7377,p,0.600000
7378,d,0.600000
7379,s,1.000000
7380,d,1.000000
7381,p,0.400000
7382,s,0.200000
7383,d,0.400000
7384,d,0.400000
7385,s,0.200000
7386,p,0.600000
7387,p,0.400000
7388,d,0.400000
7389,s,0.400000
7390,s,1.000000
7391,s,0.600000
7392,p,0.400000
7393,p,0.600000
7394,s,0.600000
7395,s,0.800000
7396,p,0.400000
7397,s,0.800000
7398,p,0.200000
7399,p,0.400000
7400,s,0.600000
7401,p,0.600000
7402,p,0.400000
7403,p,0.400000
7404,s,0.400000
7405,s,0.200000
7406,d,0.600000
7407,s,0.800000
7408,s,0.400000
7409,s,0.200000
7410,s,1.000000
7411,d,0.600000
7412,d,0.600000
7413,p,0.200000
7414,d,0.200000
7415,d,0.600000
7416,s,0.800000
7417,s,1.000000
7418,d,0.400000
7419,d,0.400000
7420,p,0.600000
7421,s,0.800000
7422,d,0.600000
7423,p,0.200000
7424,d,0.200000
7425,d,0.400000
7426,s,1.000000
7427,s,0.200000
7428,d,0.600000
7429,d,0.400000
7430,p,0.600000
7431,p,0.600000
7432,s,0.800000
7433,s,0.800000
7434,p,0.200000
7435,d,0.400000
7436,p,0.600000
7437,p,0.600000
7438,d,0.400000
7439,p,0.600000
7440,s,0.400000
7441,p,0.400000
7442,s,0.800000
7443,p,0.200000
7444,s,1.000000
7445,p,1.000000
7446,d,0.200000
7447,s,0.400000
7448,p,0.800000
7449,s,0.600000
7450,d,0.400000
7451,d,0.400000
7452,d,0.600000
7453,s,0.600000
7454,d,0.600000
7455,p,0.400000
7456,p,0.600000
7457,d,0.200000
7458,p,0.600000
7459,p,0.600000
7460,s,0.600000
7461,p,0.600000
7462,p,0.400000
7463,p,1.000000
7464,p,0.200000
7465,s,0.400000
7466,d,0.200000
7467,s,0.800000
7468,p,0.600000
7469,d,0.200000
7470,d,0.800000
7471,p,0.600000
7472,s,0.800000
7473,d,0.600000
7474,p,0.600000
7475,d,0.800000
7476,d,0.400000
7477,p,0.600000
7478,p,0.800000
7479,p,1.000000
7480,s,0.400000
7481,d,0.400000
7482,s,0.800000
7483,s,0.400000
7484,p,0.400000
7485,s,0.600000
7486,s,0.400000
7487,p,0.800000
7488,d,0.400000
7489,s,0.600000
7490,s,0.400000
7491,s,0.400000
7492,d,0.800000
7493,s,0.400000
7494,d,0.600000
7495,s,0.600000
7496,p,1.000000
7497,d,0.200000
7498,p,0.200000
7499,d,0.400000
7500,s,0.400000
7501,p,0.600000
7502,p,0.400000
7503,p,0.400000
7504,d,0.400000
7505,s,0.600000
7506,d,0.600000
7507,p,0.600000
7508,p,0.600000
7509,p,0.800000
7510,s,0.400000
7511,p,0.600000
7512,s,0.400000
7513,p,0.200000
7514,p,0.600000
7515,p,0.600000
7516,p,0.600000
7517,s,0.600000
7518,d,0.800000
7519,p,0.400000
7520,s,0.600000
7521,d,0.400000
7522,p,0.200000
7523,d,0.200000
7524,s,1.000000
7525,d,0.800000
7526,d,0.200000
7527,d,0.600000
7528,s,1.000000
7529,p,0.200000
7530,s,0.400000
7531,s,0.400000
7532,d,0.200000
7533,p,0.200000
7534,p,0.200000
7535,p,0.600000
7536,s,0.800000
7537,s,0.800000
7538,p,0.200000
7539,p,0.200000
7540,s,0.400000
7541,d,0.600000
7542,s,0.600000
7543,d,0.800000
7544,s,0.400000
7545,s,1.000000
7546,d,0.400000
7547,s,0.600000
7548,p,0.600000
7549,p,0.800000
7550,s,0.400000
7551,d,0.400000
7552,p,0.400000
7553,s,0.800000
7554,d,1.000000
7555,d,0.400000
7556,s,0.800000
7557,p,0.600000
7558,p,0.600000
7559,p,0.800000
7560,p,0.600000
7561,p,0.400000
7562,p,0.600000
7563,p,0.800000
7564,s,0.800000
7565,d,0.400000
7566,d,0.600000
7567,p,0.600000
7568,s,0.600000
7569,s,0.400000
7570,d,0.200000
7571,d,0.200000
7572,p,0.600000
7573,d,0.400000
7574,s,0.800000
7575,d,0.200000
7576,p,0.400000
7577,d,0.600000
7578,p,0.800000
7579,s,0.200000
7580,p,0.200000
7581,d,0.400000
7582,d,1.000000
7583,s,1.000000
7584,p,0.200000
7585,d,0.400000
7586,s,0.800000
7587,p,0.200000
7588,d,0.400000
7589,p,0.400000
7590,d,0.600000
7591,s,0.200000
7592,d,0.200000
7593,s,0.600000
7594,p,0.600000
7595,s,0.400000
7596,s,0.400000
7597,d,0.400000
7598,p,0.200000
7599,p,0.200000
7600,d,0.400000
7601,p,0.600000
7602,d,0.800000
7603,p,0.200000
7604,p,1.000000
7605,d,0.600000
7606,s,0.400000
7607,p,0.800000
7608,d,0.400000
7609,d,0.400000
7610,d,0.600000
7611,s,0.400000
7612,s,0.800000
7613,p,0.800000
7614,s,0.400000
7615,d,0.400000
7616,d,0.400000
7617,d,0.800000
7618,d,0.400000
7619,p,0.200000
7620,p,0.400000
7621,d,0.200000
7622,p,0.400000
7623,p,0.400000
7624,d,0.200000
7625,p,0.400000
7626,p,0.400000
7627,d,0.600000
7628,s,0.600000
7629,d,0.200000
7630,d,0.800000
7631,s,0.400000
7632,s,0.200000
7633,d,0.400000
7634,d,0.400000
7635,p,0.400000
7636,s,0.800000
7637,d,0.200000
7638,s,0.800000
7639,s,0.400000
7640,p,0.800000
7641,d,0.800000
7642,s,0.800000
7643,d,0.200000
7644,p,0.600000
7645,p,0.400000
7646,s,0.600000
7647,p,0.200000
7648,d,0.600000
7649,p,0.800000
7650,s,0.600000
7651,p,0.400000
7652,p,0.200000
7653,d,0.400000
7654,s,0.800000
7655,s,0.400000
7656,d,0.600000
7657,s,0.600000
7658,s,0.200000
7659,p,0.400000
7660,d,0.600000
7661,s,0.600000
7662,p,0.400000
7663,s,0.400000
7664,p,0.400000
7665,s,0.400000
7666,s,0.800000
7667,d,0.600000
7668,d,0.200000
7669,d,0.400000
7670,d,0.400000
7671,p,0.600000
7672,p,0.200000
7673,d,0.200000
7674,s,0.600000
7675,p,0.200000
7676,d,0.400000
7677,s,0.400000
7678,s,0.600000
7679,s,0.800000
7680,s,0.400000
7681,s,0.400000
7682,d,0.400000
7683,p,0.200000
7684,d,0.600000
7685,p,0.800000
7686,s,0.400000
7687,p,0.800000
7688,d,0.600000
7689,p,0.800000
7690,d,0.600000
7691,d,0.600000
7692,p,0.200000
7693,p,0.800000
7694,s,0.400000
7695,p,0.400000
7696,d,0.800000
7697,d,0.600000
7698,p,0.400000
7699,d,0.400000
7700,d,0.200000
7701,s,0.600000
7702,p,0.200000
7703,p,0.800000
7704,d,0.200000
7705,d,0.600000
7706,s,0.600000
7707,s,0.400000
7708,s,0.600000
7709,d,0.400000
7710,d,0.400000
7711,d,0.400000
7712,d,0.600000
7713,s,0.200000
7714,p,0.400000
7715,p,0.200000
7716,s,0.600000
7717,s,0.600000
7718,d,0.800000
7719,s,0.600000
7720,d,0.600000
7721,s,0.800000
7722,s,0.200000
7723,s,0.400000
7724,s,0.600000
7725,s,0.200000
7726,s,0.400000
7727,s,0.600000
7728,s,0.400000
7729,s,0.600000
7730,p,0.400000
7731,p,0.400000
7732,d,0.200000
7733,p,0.600000
7734,p,0.400000
7735,s,0.600000
7736,s,0.800000
7737,s,0.400000
7738,p,0.800000
7739,p,0.200000
7740,d,0.600000
7741,s,0.400000
7742,p,0.400000
7743,p,0.600000
7744,d,0.400000
7745,d,0.200000
7746,s,0.600000
7747,s,0.600000
7748,p,0.800000
7749,p,0.200000
7750,p,0.400000
7751,p,0.600000
7752,s,0.800000
7753,p,0.200000
7754,d,0.200000
7755,d,0.400000
7756,p,0.400000
7757,p,0.400000
7758,p,0.400000
7759,d,0.600000
7760,p,0.600000
7761,s,0.200000
7762,d,0.200000
7763,s,0.800000
7764,s,0.400000
7765,d,0.400000
7766,d,0.400000
7767,d,0.600000
7768,s,0.800000
7769,d,0.600000
7770,d,0.600000
7771,s,0.800000
7772,p,0.200000
7773,d,0.400000
7774,p,0.200000
7775,d,0.400000
7776,p,0.400000
7777,p,0.400000
7778,d,0.600000
7779,d,0.600000
7780,p,0.400000
7781,d,0.800000
7782,d,0.400000
7783,d,0.200000
7784,p,0.400000
7785,s,0.600000
7786,d,0.200000
7787,s,0.600000
7788,s,0.800000
7789,d,0.400000
7790,s,0.400000
7791,d,0.400000
7792,d,0.600000
7793,s,0.200000
7794,p,0.400000
7795,p,0.200000
7796,d,0.600000
7797,p,0.600000
7798,s,1.000000
7799,d,0.600000
7800,p,0.600000
7801,d,0.400000
7802,d,0.600000
7803,d,0.600000
7804,s,0.400000
7805,p,0.200000
7806,p,0.200000
7807,s,0.800000
7808,d,0.400000
7809,s,0.600000
7810,s,0.400000
7811,p,0.400000
7812,s,0.600000
7813,d,0.200000
7814,p,0.600000
7815,p,0.600000
7816,p,0.600000
7817,s,0.400000
7818,p,0.200000
7819,s,0.600000
7820,s,0.200000
7821,s,0.800000
7822,p,0.200000
7823,p,0.400000
7824,d,0.400000
7825,s,0.400000
7826,s,0.800000
7827,p,0.200000
7828,p,0.400000
7829,d,0.400000
7830,d,0.200000
7831,p,0.600000
7832,p,0.400000
7833,s,0.400000
7834,s,0.600000
7835,s,0.400000
7836,d,0.200000
7837,p,0.400000
7838,d,0.400000
7839,p,0.400000
7840,s,0.400000
7841,d,0.600000
7842,d,0.400000
7843,s,0.400000
7844,s,0.800000
7845,s,0.800000
7846,s,0.200000
7847,s,0.400000
7848,d,0.400000
7849,p,0.400000
7850,s,0.600000
7851,s,0.400000
7852,s,0.200000
7853,d,0.400000
7854,d,0.200000
7855,d,0.600000
7856,d,0.400000
7857,p,0.600000
7858,p,0.400000
7859,p,0.200000
7860,s,0.600000
7861,s,0.600000
7862,s,0.200000
7863,p,0.600000
7864,d,0.400000
7865,s,0.800000
7866,s,0.400000
7867,s,0.600000
7868,d,0.600000
7869,p,0.800000
7870,s,0.400000
7871,s,0.600000
7872,s,0.800000
7873,p,0.400000
7874,p,0.800000
7875,s,0.200000
7876,s,0.400000
7877,p,0.600000
7878,d,0.200000
7879,p,0.200000
7880,p,0.600000
7881,d,0.600000
7882,s,0.800000
7883,s,1.000000
7884,s,0.800000
7885,p,0.800000
7886,s,0.600000
7887,s,0.800000
7888,d,0.600000
7889,p,0.400000
7890,s,0.200000
7891,d,0.600000
7892,d,0.400000
7893,d,0.400000
7894,p,0.400000
7895,d,0.800000
7896,s,0.400000
7897,s,0.800000
7898,s,1.000000
7899,p,0.600000
7900,s,0.600000
7901,d,0.200000
7902,d,0.600000
7903,p,0.600000
7904,d,0.800000
7905,d,0.800000
7906,p,0.400000
7907,p,0.200000
7908,s,0.800000
7909,d,0.600000
7910,s,0.400000
7911,d,0.400000
7912,d,0.600000
7913,d,0.600000
7914,p,0.600000
7915,s,0.600000
7916,d,0.400000
7917,d,0.600000
7918,s,1.000000
7919,s,0.400000
7920,s,0.800000
7921,s,0.400000
7922,p,0.400000
7923,d,0.800000
7924,s,0.800000
7925,p,0.200000
7926,p,0.200000
7927,s,0.200000
7928,s,0.600000
7929,p,0.600000
7930,d,0.600000
7931,s,0.400000
7932,s,0.800000
7933,s,0.400000
7934,d,0.200000
7935,s,0.200000
7936,d,0.200000
7937,d,0.400000
7938,d,0.400000
7939,d,0.600000
7940,s,0.400000
7941,d,0.200000
7942,s,1.000000
7943,p,0.200000
7944,p,0.200000
7945,p,0.600000
7946,d,0.600000
7947,s,0.600000
7948,s,0.200000
7949,s,0.800000
7950,s,0.600000
7951,s,0.400000
7952,s,0.400000
7953,d,0.400000
7954,s,0.400000
7955,p,0.600000
7956,d,0.400000
7957,p,0.800000
7958,d,0.600000
7959,s,0.400000
7960,s,0.800000
7961,s,0.400000
7962,p,0.800000
7963,d,0.600000
7964,d,1.000000
7965,d,0.400000
7966,s,0.400000
7967,p,0.200000
7968,p,0.400000
7969,s,0.200000
7970,s,0.800000
7971,p,0.200000
7972,p,0.800000
7973,d,0.200000
7974,p,0.600000
7975,s,0.200000
7976,d,0.800000
7977,s,0.600000
7978,d,0.600000
7979,s,0.400000
7980,s,0.400000
7981,d,0.200000
7982,p,0.400000
7983,p,0.600000
7984,p,0.400000
7985,d,0.600000
7986,d,0.400000
7987,s,0.600000
7988,p,0.600000
7989,p,0.600000
7990,s,0.400000
7991,d,0.200000
7992,d,0.600000
7993,s,0.800000
7994,p,0.200000
7995,p,0.600000
7996,p,0.600000
7997,d,0.600000
7998,p,0.200000
7999,d,0.400000
8000,s,0.400000
8001,p,0.600000
8002,p,0.800000
8003,s,0.400000
8004,d,0.600000
8005,s,0.400000
8006,s,0.800000
8007,p,0.400000
8008,d,0.400000
8009,s,0.400000
8010,d,0.400000
8011,d,0.200000
8012,p,0.600000
8013,d,0.400000
8014,d,0.200000
8015,d,0.400000
8016,s,0.400000
8017,s,0.800000
8018,s,0.400000
8019,d,0.200000
8020,d,0.400000
8021,d,0.400000
8022,s,0.600000
8023,p,0.200000
8024,s,0.400000
8025,s,0.200000
8026,s,0.200000
8027,d,0.400000
8028,p,1.000000
8029,p,0.600000
8030,p,0.800000
8031,d,0.600000
8032,s,0.800000
8033,s,0.400000
8034,p,0.200000
8035,p,1.000000
8036,d,0.800000
8037,s,0.600000
8038,s,0.400000
8039,s,0.600000
8040,p,0.400000
8041,d,0.400000
8042,s,0.600000
8043,d,0.400000
8044,d,0.200000
8045,s,0.800000
8046,p,0.600000
8047,p,0.600000
8048,s,0.800000
8049,d,0.600000
8050,s,0.400000
8051,p,0.400000
8052,d,0.400000
8053,s,0.400000
8054,d,0.400000
8055,s,0.600000
8056,p,0.600000
8057,p,0.400000
8058,d,0.600000
8059,p,0.800000
8060,s,0.200000
8061,s,0.200000
8062,d,0.400000
8063,p,0.200000
8064,p,0.600000
8065,p,0.600000
8066,s,0.600000
8067,s,0.600000
8068,s,0.400000
8069,s,0.600000
8070,s,0.400000
8071,p,0.200000
8072,d,0.600000
8073,d,0.600000
8074,d,0.800000
8075,p,0.400000
8076,d,0.400000
8077,p,0.400000
8078,s,0.400000
8079,s,0.400000
8080,s,0.600000
8081,s,0.400000
8082,s,0.400000
8083,p,0.800000
8084,p,0.800000
8085,s,0.600000
8086,d,0.200000
8087,p,0.400000
8088,p,0.800000
8089,d,0.400000
8090,s,0.400000
8091,s,0.400000
8092,p,0.400000
8093,d,0.200000
8094,d,0.600000
8095,d,0.200000
8096,s,0.400000
8097,d,0.400000
8098,p,0.400000
8099,s,0.400000
8100,p,0.400000
8101,s,0.800000
8102,p,0.400000
8103,s,0.200000
8104,p,0.600000
8105,d,0.400000
8106,d,0.400000
8107,s,0.600000
8108,d,0.200000
8109,s,0.400000
8110,s,0.400000
8111,s,0.600000
8112,s,0.400000
8113,p,0.600000
8114,p,0.200000
8115,p,0.600000
8116,p,0.600000
8117,d,0.200000
8118,p,0.400000
8119,p,0.400000
8120,p,0.600000
8121,p,0.200000
8122,p,0.800000
8123,p,0.600000
8124,p,0.200000
8125,p,1.000000
8126,p,0.600000
8127,s,0.600000
8128,p,0.600000
8129,d,1.000000
8130,s,1.000000
8131,s,0.600000
8132,p,0.400000
8133,d,0.800000
8134,p,0.600000
8135,s,0.800000
8136,p,0.400000
8137,s,0.400000
8138,d,0.400000
8139,d,0.200000
8140,d,0.600000
8141,d,0.600000
8142,s,0.600000
8143,s,0.400000
8144,s,0.400000
8145,s,0.600000
8146,p,0.800000
8147,d,0.400000
8148,p,0.600000
8149,d,0.600000
8150,p,0.600000
8151,s,0.800000
8152,p,0.800000
8153,d,0.200000
8154,s,0.200000
8155,d,0.400000
8156,p,0.400000
8157,s,0.400000
8158,d,0.200000
8159,d,0.200000
8160,d,0.600000
8161,d,0.400000
8162,p,0.600000
8163,p,0.200000
8164,p,0.400000
8165,d,0.200000
8166,p,0.400000
8167,d,0.400000
8168,p,0.400000
8169,d,0.600000
8170,s,0.400000
8171,s,0.600000
8172,s,0.800000
8173,d,0.400000
8174,p,0.200000
8175,s,0.400000
8176,s,0.400000
8177,s,0.400000
8178,p,0.200000
8179,d,0.800000
8180,s,1.000000
8181,p,0.200000
8182,d,0.600000
8183,d,0.800000
8184,s,0.800000
8185,p,0.800000
8186,p,0.200000
8187,d,0.400000
8188,p,0.200000
8189,s,0.200000
8190,s,0.400000
8191,p,0.400000
8192,p,0.600000
8193,d,0.400000
8194,s,0.400000
8195,d,0.200000
8196,p,0.600000
8197,s,0.800000
8198,d,0.400000
8199,s,0.400000
8200,p,0.200000
8201,d,0.400000
8202,p,0.400000
8203,p,0.400000
8204,p,0.200000
8205,d,0.600000
8206,s,0.400000
8207,d,0.600000
8208,p,0.800000
8209,d,0.600000
8210,d,0.600000
8211,s,0.400000
8212,p,0.400000
8213,d,0.200000
8214,p,0.400000
8215,s,0.600000
8216,p,0.400000
8217,d,0.200000
8218,p,0.200000
8219,p,0.400000
8220,p,0.400000
8221,d,0.600000
8222,s,0.400000
8223,d,0.800000
8224,s,0.600000
8225,d,0.200000
8226,p,0.600000
8227,d,0.200000
8228,p,0.600000
8229,s,0.600000
8230,p,0.400000
8231,d,0.400000
8232,p,0.600000
8233,p,0.400000
8234,d,0.800000
8235,d,0.400000
8236,s,0.600000
8237,d,0.800000
8238,p,0.200000
8239,s,0.800000
8240,s,0.600000
8241,s,0.600000
8242,s,0.400000
8243,d,0.600000
8244,s,0.400000
8245,d,0.400000
8246,s,0.600000
8247,p,0.600000
8248,s,0.400000
8249,p,0.200000
8250,d,0.400000
8251,s,0.400000
8252,p,0.600000
8253,p,0.400000
8254,p,0.600000
8255,d,0.600000
8256,s,1.000000
8257,d,0.600000
8258,d,0.200000
8259,d,0.600000
8260,d,0.600000
8261,d,0.600000
8262,d,0.400000
8263,p,0.200000
8264,s,0.400000
8265,d,0.400000
8266,s,0.400000
8267,p,0.600000
8268,d,0.400000
8269,d,0.600000
8270,p,0.600000
8271,d,0.600000
8272,s,0.800000
8273,d,1.000000
8274,d,0.200000
8275,d,0.400000
8276,p,0.600000
8277,d,0.200000
8278,p,0.400000
8279,s,0.800000
8280,p,0.600000
8281,s,0.400000
8282,d,0.400000
8283,d,0.800000
8284,p,0.600000
8285,s,0.600000
8286,s,1.000000
8287,d,0.400000
8288,d,0.200000
8289,s,0.400000
8290,s,0.400000
8291,d,0.400000
8292,d,0.400000
8293,d,0.400000
8294,s,0.400000
8295,d,0.600000
8296,s,0.800000
8297,d,0.400000
8298,p,0.400000
8299,s,0.400000
8300,s,0.400000
8301,p,0.400000
8302,s,0.400000
8303,d,0.600000
8304,p,0.200000
8305,d,0.600000
8306,d,0.400000
8307,s,0.200000
8308,p,0.200000
8309,d,0.600000
8310,s,0.400000
8311,p,0.400000
8312,p,0.400000
8313,d,0.600000
8314,s,0.400000
8315,d,0.800000
8316,p,0.400000
8317,d,0.200000
8318,p,0.400000
8319,s,0.200000
8320,p,0.600000
8321,d,0.600000
8322,d,0.400000
8323,d,0.200000
8324,d,0.200000
8325,d,0.600000
8326,p,0.600000
8327,d,0.400000
8328,p,0.600000
8329,p,0.400000
8330,s,0.600000
8331,d,0.200000
8332,p,0.600000
8333,s,0.800000
8334,p,1.000000
8335,s,0.600000
8336,d,0.400000
8337,p,0.200000
8338,d,0.800000
8339,d,0.800000
8340,d,0.600000
8341,s,0.600000
8342,d,0.200000
8343,d,0.800000
8344,p,0.400000
8345,s,0.600000
8346,d,1.000000
8347,p,0.600000
8348,p,0.600000
8349,s,0.800000
8350,p,0.400000
8351,s,1.000000
8352,s,0.200000
8353,d,0.400000
8354,s,0.200000
8355,s,0.600000
8356,p,0.400000
8357,p,0.600000
8358,s,0.400000
8359,s,0.800000
8360,d,0.800000
8361,d,0.400000
8362,d,0.600000
8363,p,0.400000
8364,s,0.800000
8365,s,0.600000
8366,p,0.600000
8367,d,0.400000
8368,p,0.400000
8369,d,0.400000
8370,s,0.600000
8371,s,0.600000
8372,d,0.600000
8373,s,0.400000
8374,p,0.400000
8375,p,0.800000
8376,s,0.600000
8377,d,0.400000
8378,d,0.800000
8379,p,0.200000
8380,p,0.400000
8381,s,0.200000
8382,p,0.200000
8383,p,0.400000
8384,p,0.400000
8385,p,0.600000
8386,d,0.400000
8387,s,0.400000
8388,s,0.800000
8389,p,0.600000
8390,p,0.600000
8391,d,0.800000
8392,s,0.200000
8393,p,0.400000
8394,s,0.400000
8395,s,0.400000
8396,s,0.400000
8397,p,1.000000
8398,d,0.400000
8399,s,0.600000
8400,s,0.600000
8401,d,0.400000
8402,p,0.400000
8403,p,0.800000
8404,s,0.400000
8405,p,0.200000
8406,p,0.400000
8407,p,0.400000
8408,s,1.000000
8409,d,0.200000
8410,s,0.800000
8411,d,0.800000
8412,d,0.600000
8413,d,0.400000
8414,p,0.400000
8415,s,0.400000
8416,p,0.200000
8417,d,0.200000
8418,p,0.800000
8419,d,0.400000
8420,d,0.400000
8421,d,0.600000
8422,d,1.000000
8423,s,0.800000
8424,d,0.600000
8425,d,0.600000
8426,d,0.200000
8427,s,0.200000
8428,d,0.400000
8429,s,0.600000
8430,p,0.800000
8431,s,0.400000
8432,d,0.600000
8433,p,0.400000
8434,s,0.600000
8435,d,0.800000
8436,s,0.400000
8437,d,0.600000
8438,s,0.400000
8439,d,0.400000
8440,s,0.400000
8441,s,0.800000
8442,d,0.600000
8443,s,0.600000
8444,s,0.600000
8445,p,0.400000
8446,d,0.400000
8447,d,0.400000
8448,d,0.400000
8449,s,0.200000
8450,s,0.600000
8451,d,0.400000
8452,d,0.600000
8453,p,0.200000
8454,s,0.400000
8455,p,0.200000
8456,s,0.800000
8457,s,0.600000
8458,s,0.600000
8459,s,0.800000
8460,s,0.400000
8461,s,0.400000
8462,d,0.400000
8463,s,0.600000
8464,s,0.400000
8465,s,0.800000
8466,p,0.400000
8467,d,0.600000
8468,p,0.600000
8469,d,0.800000
8470,s,0.600000
8471,s,0.400000
8472,d,0.600000
8473,p,0.200000
8474,d,0.400000
8475,s,0.600000
8476,d,0.600000
8477,p,0.600000
8478,d,0.800000
8479,s,0.600000
8480,s,1.000000
8481,s,0.400000
8482,s,1.000000
8483,p,0.600000
8484,p,0.200000
8485,s,0.400000
8486,p,0.400000
8487,d,0.400000
8488,p,0.200000
8489,p,0.800000
8490,s,0.600000
8491,s,0.600000
8492,p,0.200000
8493,p,0.400000
8494,s,0.800000
8495,s,0.200000
8496,s,0.600000
8497,d,0.400000
8498,p,0.400000
8499,s,0.800000
8500,d,0.600000
8501,p,0.200000
8502,s,0.200000
8503,p,0.400000
8504,s,0.600000
8505,s,0.200000
8506,d,0.600000
8507,s,0.600000
8508,p,0.600000
8509,d,0.400000
8510,s,0.600000
8511,d,0.400000
8512,d,0.600000
8513,d,0.400000
8514,p,0.600000
8515,d,0.200000
8516,s,0.800000
8517,d,0.600000
8518,s,0.800000
8519,s,0.600000
8520,s,0.400000
8521,p,0.600000
8522,d,0.200000
8523,p,0.400000
8524,s,0.600000
8525,s,0.400000
8526,d,0.600000
8527,d,1.000000
8528,s,0.400000
8529,p,0.400000
8530,d,0.600000
8531,s,0.600000
8532,s,0.400000
8533,s,0.400000
8534,d,0.600000
8535,s,0.800000
8536,d,0.800000
8537,p,0.200000
8538,p,0.400000
8539,d,0.600000
8540,d,0.600000
8541,d,0.400000
8542,p,0.400000
8543,s,0.400000
8544,s,0.800000
8545,p,0.200000
8546,p,0.200000
8547,s,0.400000
8548,d,0.400000
8549,s,0.600000
8550,d,0.200000
8551,p,0.400000
8552,p,0.800000
8553,d,0.400000
8554,d,0.200000
8555,d,0.600000
8556,d,0.600000
8557,p,0.800000
8558,d,0.600000
8559,d,0.600000
8560,s,0.600000
8561,p,0.600000
8562,d,0.400000
8563,p,0.800000
8564,p,0.200000
8565,d,0.200000
8566,p,0.200000
8567,d,0.400000
8568,p,0.400000
8569,p,0.400000
8570,p,0.600000
8571,p,0.800000
8572,d,0.200000
8573,d,0.600000
8574,d,0.600000
8575,s,0.200000
8576,d,1.000000
8577,s,0.400000
8578,s,0.400000
8579,p,0.600000
8580,s,0.400000
8581,p,0.800000
8582,d,0.400000
8583,p,0.400000
8584,d,0.200000
8585,d,0.600000
8586,d,0.600000
8587,s,0.800000
8588,p,0.400000
8589,p,0.600000
8590,p,0.200000
8591,p,0.200000
8592,p,0.800000
8593,d,0.400000
8594,d,0.400000
8595,p,0.400000
8596,s,0.600000
8597,d,0.400000
8598,p,0.600000
8599,d,0.400000
8600,p,1.000000
8601,d,0.400000
8602,s,0.400000
8603,d,0.600000
8604,d,0.400000
8605,p,0.400000
8606,s,0.400000
8607,s,0.800000
8608,p,0.600000
8609,s,0.600000
8610,d,0.400000
8611,d,0.400000
8612,s,0.400000
8613,d,0.200000
8614,p,0.400000
8615,s,0.800000
8616,p,0.200000
8617,d,0.600000
8618,s,1.000000
8619,s,0.800000
8620,d,0.600000
8621,d,0.800000
8622,d,0.400000
8623,s,0.400000
8624,p,0.200000
8625,d,0.600000
8626,d,0.400000
8627,s,0.800000
8628,p,0.400000
8629,s,0.600000
8630,p,0.600000
8631,s,0.200000
8632,p,0.600000
8633,p,0.600000
8634,p,0.200000
8635,d,0.600000
8636,p,0.800000
8637,p,0.800000
8638,p,0.600000
8639,d,0.400000
8640,s,0.400000
8641,s,0.600000
8642,p,0.600000
8643,p,0.400000
8644,d,0.400000
8645,s,0.200000
8646,d,0.400000
8647,d,0.600000
8648,s,0.400000
8649,s,0.400000
8650,d,0.600000
8651,d,0.400000
8652,s,0.200000
8653,d,0.400000
8654,d,0.600000
8655,d,0.600000
8656,s,0.600000
8657,s,0.400000
8658,d,0.800000
8659,d,0.200000
8660,s,0.400000
8661,p,0.400000
8662,d,0.600000
8663,p,0.400000
8664,d,0.400000
8665,d,0.600000
8666,p,0.600000
8667,s,0.400000
8668,s,0.800000
8669,s,0.800000
8670,s,1.000000
8671,p,0.600000
8672,d,0.200000
8673,d,0.600000
8674,p,0.400000
8675,p,0.400000
8676,p,0.600000
8677,p,0.600000
8678,d,0.200000
8679,d,0.200000
8680,p,0.200000
8681,d,0.200000
8682,p,0.600000
8683,s,0.600000
8684,p,0.400000
8685,d,0.600000
8686,p,0.600000
8687,d,0.600000
8688,p,0.800000
8689,d,0.600000
8690,p,0.200000
8691,s,0.400000
8692,p,0.400000
8693,s,0.800000
8694,d,0.400000
8695,s,0.600000
8696,s,0.600000
8697,d,0.400000
8698,p,0.400000
8699,s,0.400000
8700,s,0.200000
8701,s,0.400000
8702,d,0.800000
8703,p,0.600000
8704,s,0.800000
8705,s,0.600000
8706,s,0.800000
8707,d,0.600000
8708,s,0.400000
8709,d,0.200000
8710,d,0.600000
8711,p,0.400000
8712,d,0.400000
8713,p,0.400000
8714,s,0.800000
8715,d,0.200000
8716,p,0.200000
8717,s,0.800000
8718,p,0.800000
8719,d,0.200000
8720,d,0.200000
8721,p,0.200000
8722,s,0.400000
8723,p,0.400000
8724,d,0.600000
8725,s,0.400000
8726,s,0.400000
8727,d,0.200000
8728,d,0.600000
8729,p,0.800000
8730,p,0.200000
8731,p,0.400000
8732,p,0.400000
8733,d,0.600000
8734,d,0.400000
8735,d,0.600000
8736,p,0.400000
8737,s,0.800000
8738,s,0.400000
8739,p,0.200000
8740,p,0.600000
8741,s,0.400000
8742,s,0.400000
8743,s,0.400000
8744,d,0.600000
8745,d,0.600000
8746,s,0.400000
8747,d,1.000000
8748,d,0.600000
8749,d,0.400000
8750,d,0.800000
8751,d,0.400000
8752,p,0.600000
8753,d,0.400000
8754,s,0.800000
8755,p,0.400000
8756,p,0.600000
8757,d,0.800000
8758,p,0.400000
8759,d,0.400000
8760,p,0.600000
8761,p,0.400000
8762,d,0.400000
8763,d,0.600000
8764,d,0.600000
8765,p,0.800000
8766,d,0.600000
8767,s,0.400000
8768,p,0.200000
8769,d,0.200000
8770,s,0.400000
8771,s,0.200000
8772,d,0.800000
8773,s,0.400000
8774,s,0.200000
8775,d,0.600000
8776,p,0.600000
8777,s,0.800000
8778,s,0.800000
8779,p,0.600000
8780,p,0.400000
8781,d,0.200000
8782,s,0.400000
8783,s,0.400000
8784,p,0.800000
8785,p,0.600000
8786,d,0.400000
8787,s,0.800000
8788,p,0.400000
8789,p,0.200000
8790,d,0.800000
8791,d,0.600000
8792,s,0.400000
8793,p,0.200000
8794,s,0.400000
8795,d,0.400000
8796,d,0.600000
8797,p,0.200000
8798,s,0.600000
8799,p,0.600000
8800,p,0.400000
8801,d,0.400000
8802,p,0.200000
8803,p,0.400000
8804,p,0.400000
8805,s,0.200000
8806,p,0.600000
8807,s,0.400000
8808,d,0.600000
8809,s,0.400000
8810,s,1.000000
8811,d,0.400000
8812,d,0.600000
8813,d,1.000000
8814,p,0.600000
8815,s,0.800000
8816,s,0.400000
8817,p,0.800000
8818,d,0.600000
8819,s,0.800000
8820,s,0.200000
8821,s,0.400000
8822,d,0.600000
8823,s,0.200000
8824,d,0.400000
8825,d,0.400000
8826,d,0.200000
8827,p,0.600000
8828,d,0.600000
8829,s,0.600000
8830,s,0.200000
8831,s,0.400000
8832,d,0.600000
8833,p,0.600000
8834,d,0.600000
8835,s,0.600000
8836,s,0.200000
8837,p,0.600000
8838,p,0.400000
8839,d,0.800000
8840,p,0.400000
8841,s,0.800000
8842,p,0.800000
8843,p,0.600000
8844,p,0.600000
8845,d,0.200000
8846,s,0.600000
8847,s,0.400000
8848,s,0.400000
8849,p,0.200000
8850,d,0.600000
8851,s,0.800000
8852,p,0.600000
8853,d,0.200000
8854,s,0.400000
8855,p,0.800000
8856,p,0.200000
8857,d,0.600000
8858,d,0.400000
8859,s,0.400000
8860,d,0.600000
8861,p,0.600000
8862,p,0.400000
8863,d,0.200000
8864,p,0.600000
8865,d,0.400000
8866,p,0.600000
8867,d,0.400000
8868,s,0.400000
8869,s,0.600000
8870,d,0.600000
8871,s,0.800000
8872,s,0.600000
8873,s,0.400000
8874,s,0.400000
8875,p,0.400000
8876,s,0.400000
8877,s,0.800000
8878,s,0.600000
8879,d,0.800000
8880,p,0.600000
8881,p,0.400000
8882,p,0.400000
8883,p,0.600000
8884,p,0.200000
8885,s,0.400000
8886,p,0.600000
8887,d,0.600000
8888,p,0.600000
8889,d,0.400000
8890,s,0.400000
8891,d,0.200000
8892,s,0.800000
8893,s,0.600000
8894,d,0.200000
8895,d,0.800000
8896,p,0.200000
8897,d,0.600000
8898,d,0.200000
8899,d,1.000000
8900,s,0.800000
8901,d,0.600000
8902,d,0.400000
8903,s,0.800000
8904,d,0.600000
8905,d,0.400000
8906,s,1.000000
8907,d,0.400000
8908,d,0.600000
8909,p,0.600000
8910,d,0.600000
8911,p,0.600000
8912,d,0.600000
8913,d,0.200000
8914,d,0.200000
8915,s,0.400000
8916,p,0.400000
8917,s,0.200000
8918,s,0.800000
8919,d,0.400000
8920,s,0.600000
8921,p,0.400000
8922,d,0.600000
8923,p,0.400000
8924,p,0.200000
8925,p,0.800000
8926,s,0.600000
8927,s,1.000000
8928,s,0.600000
8929,d,0.800000
8930,s,0.400000
8931,p,0.200000
8932,d,0.400000
8933,p,0.400000
8934,d,0.400000
8935,s,0.400000
8936,d,0.600000
8937,p,0.600000
8938,s,0.800000
8939,p,0.600000
8940,p,0.600000
8941,s,0.800000
8942,s,0.400000
8943,p,0.200000
8944,s,0.400000
8945,p,0.600000
8946,d,0.200000
8947,d,0.600000
8948,d,1.000000
8949,d,0.200000
8950,s,0.400000
8951,d,0.200000
8952,s,0.400000
8953,d,0.800000
8954,p,0.400000
8955,s,0.200000
8956,s,0.600000
8957,d,0.400000
8958,d,0.200000
8959,s,0.200000
8960,d,0.400000
8961,p,0.400000
8962,d,0.600000
8963,d,0.200000
8964,d,0.600000
8965,p,0.400000
8966,d,0.400000
8967,p,0.400000
8968,d,0.400000
8969,p,0.600000
8970,s,0.800000
8971,d,0.400000
8972,s,0.400000
8973,p,0.200000
8974,s,0.600000
8975,p,0.200000
8976,p,0.400000
8977,d,0.400000
8978,p,0.400000
8979,s,0.600000
8980,s,0.800000
8981,p,0.600000
8982,d,0.600000
8983,d,0.600000
8984,s,0.400000
8985,d,0.800000
8986,s,0.400000
8987,s,0.400000
8988,d,0.600000
8989,s,0.400000
8990,d,0.600000
8991,s,0.400000
8992,d,0.400000
8993,p,0.200000
8994,d,0.200000
8995,d,0.400000
8996,d,0.400000
8997,s,0.800000
8998,s,0.600000
8999,d,0.200000
9000,d,0.400000
9001,s,0.400000
9002,d,0.400000
9003,d,0.400000
9004,s,0.800000
9005,p,0.600000
9006,d,0.200000
9007,d,0.400000
9008,d,0.800000
9009,p,0.800000
9010,s,0.800000
9011,s,0.200000
9012,d,0.800000
9013,p,0.200000
9014,p,0.800000
9015,s,0.600000
9016,p,0.400000
9017,s,0.600000
9018,d,1.000000
9019,p,0.400000
9020,s,0.800000
9021,p,0.200000
9022,s,0.400000
9023,p,0.400000
9024,s,0.600000
9025,p,0.600000
9026,d,0.600000
9027,d,0.400000
9028,d,0.400000
9029,s,0.800000
9030,d,0.600000
9031,p,0.400000
9032,d,0.400000
9033,p,0.400000
9034,s,0.200000
9035,p,0.200000
9036,s,0.400000
9037,p,0.200000
9038,s,0.400000
9039,s,0.600000
9040,s,0.800000
9041,d,0.400000
9042,s,0.800000
9043,p,0.600000
9044,d,0.600000
9045,d,0.600000
9046,d,0.600000
9047,p,0.600000
9048,s,0.400000
9049,s,0.200000
9050,d,0.400000
9051,s,0.600000
9052,p,0.800000
9053,p,0.200000
9054,d,0.400000
9055,s,0.600000
9056,p,0.600000
9057,p,0.600000
9058,s,0.200000
9059,p,0.600000
9060,d,0.600000
9061,s,0.800000
9062,s,0.200000
9063,p,0.400000
9064,p,0.400000
9065,s,0.600000
9066,p,0.400000
9067,d,0.800000
9068,p,0.400000
9069,d,0.400000
9070,d,0.600000
9071,s,0.400000
9072,s,0.800000
9073,p,0.400000
9074,d,0.400000
9075,p,0.600000
9076,s,0.400000
9077,d,0.200000
9078,s,0.600000
9079,d,0.800000
9080,d,0.400000
9081,d,0.600000
9082,p,0.800000
9083,d,0.200000
9084,p,0.200000
9085,p,0.600000
9086,s,0.400000
9087,p,0.800000
9088,s,0.200000
9089,s,0.600000
9090,s,0.400000
9091,s,0.600000
9092,d,0.600000
9093,s,0.400000
9094,p,0.600000
9095,d,0.600000
9096,s,0.200000
9097,s,0.600000
9098,d,0.600000
9099,d,0.600000
9100,d,0.600000
9101,s,0.400000
9102,d,0.800000
9103,s,0.800000
9104,p,0.400000
9105,d,0.800000
9106,p,1.000000
9107,d,0.600000
9108,d,0.600000
9109,d,0.400000
9110,s,0.400000
9111,p,0.200000
9112,s,0.400000
9113,d,1.000000
9114,p,0.200000
9115,p,0.400000
9116,d,0.400000
9117,p,0.600000
9118,s,0.400000
9119,s,0.800000
9120,s,0.800000
9121,p,0.400000
9122,d,0.600000
9123,p,0.600000
9124,d,0.600000
9125,d,0.800000
9126,d,1.000000
9127,d,0.600000
9128,s,0.400000
9129,d,0.400000
9130,p,0.600000
9131,s,0.800000
9132,d,0.400000
9133,p,0.600000
9134,s,0.800000
9135,d,0.200000
9136,p,0.600000
9137,s,0.400000
9138,s,0.400000
9139,p,0.600000
9140,p,0.600000
9141,p,0.400000
9142,d,0.400000
9143,s,0.400000
9144,d,0.600000
9145,d,0.800000
9146,d,0.800000
9147,p,0.600000
9148,p,0.400000
9149,p,0.400000
9150,d,0.600000
9151,p,1.000000
9152,p,0.400000
9153,d,0.400000
9154,p,0.400000
9155,p,0.400000
9156,s,0.400000
9157,d,0.600000
9158,d,0.600000
9159,d,0.600000
9160,p,0.400000
9161,d,0.400000
9162,p,0.600000
9163,s,0.400000
9164,s,1.000000
9165,p,0.400000
9166,p,0.600000
9167,s,0.600000
9168,p,0.400000
9169,p,0.400000
9170,d,0.400000
9171,p,0.400000
9172,d,0.400000
9173,p,0.600000
9174,s,0.800000
9175,d,0.600000
9176,s,0.600000
9177,d,0.200000
9178,d,0.400000
9179,s,0.400000
9180,p,0.600000
9181,d,0.400000
9182,p,0.400000
9183,d,0.400000
9184,d,0.200000
9185,d,0.600000
9186,d,0.600000
9187,s,0.800000
9188,s,0.200000
9189,s,0.600000
9190,p,0.400000
9191,s,0.400000
9192,p,0.200000
9193,s,0.800000
9194,p,0.400000
9195,s,0.200000
9196,d,0.600000
9197,d,0.200000
9198,d,0.800000
9199,d,0.200000
9200,s,0.600000
9201,s,0.600000
9202,p,0.200000
9203,p,0.600000
9204,p,0.600000
9205,s,0.600000
9206,p,0.400000
9207,s,0.800000
9208,d,0.400000
9209,d,0.600000
9210,d,0.600000
9211,s,0.200000
9212,p,0.400000
9213,p,0.400000
9214,p,0.400000
9215,s,0.600000
9216,p,0.400000
9217,s,0.400000
9218,d,0.600000
9219,s,0.800000
9220,s,0.600000
9221,p,0.600000
9222,d,0.600000
9223,d,0.600000
9224,p,0.400000
9225,s,0.800000
9226,p,0.600000
9227,s,0.400000
9228,s,0.200000
9229,d,0.600000
9230,s,0.800000
9231,d,0.600000
9232,s,0.800000
9233,p,0.400000
9234,p,0.600000
9235,p,0.600000
9236,d,0.600000
9237,d,0.400000
9238,d,0.400000
9239,s,0.400000
9240,d,0.600000
9241,s,0.600000
9242,s,0.800000
9243,s,0.600000
9244,s,0.600000
9245,d,0.400000
9246,p,0.600000
9247,s,0.400000
9248,s,0.600000
9249,d,0.400000
9250,p,0.200000
9251,d,0.400000
9252,p,0.600000
9253,p,0.600000
9254,d,0.600000
9255,d,0.600000
9256,p,0.400000
9257,d,0.400000
9258,s,0.400000
9259,d,1.000000
9260,p,0.400000
9261,s,0.600000
9262,p,0.800000
9263,s,0.600000
9264,p,0.400000
9265,d,0.600000
9266,s,0.200000
9267,p,0.600000
9268,s,0.800000
9269,d,0.200000
9270,s,0.600000
9271,p,0.600000
9272,s,0.400000
9273,p,0.400000
9274,s,0.400000
9275,p,0.200000
9276,s,0.800000
9277,p,0.600000
9278,p,0.600000
9279,s,0.600000
9280,s,0.800000
9281,p,0.800000
9282,s,0.800000
9283,d,0.600000
9284,s,0.200000
9285,p,0.400000
9286,s,0.800000
9287,p,0.800000
9288,p,0.400000
9289,p,0.600000
9290,s,0.800000
9291,p,0.600000
9292,s,0.400000
9293,s,0.400000
9294,s,0.400000
9295,p,0.400000
9296,p,0.600000
9297,p,0.200000
9298,p,0.400000
9299,p,0.600000
9300,d,0.400000
9301,d,0.400000
9302,s,0.600000
9303,s,0.800000
9304,p,0.600000
9305,p,0.400000
9306,p,0.600000
9307,p,0.400000
9308,d,0.400000
9309,d,0.800000
9310,p,0.200000
9311,s,0.400000
9312,p,0.600000
9313,p,0.400000
9314,p,0.600000
9315,p,0.800000
9316,s,0.800000
9317,s,0.800000
9318,d,0.400000
9319,p,0.600000
9320,p,1.000000
9321,d,0.400000
9322,d,0.800000
9323,d,0.400000
9324,d,0.800000
9325,s,0.400000
9326,p,0.400000
9327,s,0.200000
9328,p,0.400000
9329,d,0.400000
9330,d,0.200000
9331,p,0.200000
9332,s,0.400000
9333,s,0.600000
9334,s,0.200000
9335,s,0.400000
9336,s,0.600000
9337,d,0.800000
9338,s,0.400000
9339,d,0.600000
9340,d,0.200000
9341,d,0.400000
9342,s,0.600000
9343,d,0.800000
9344,s,0.400000
9345,d,0.600000
9346,s,0.200000
9347,p,0.600000
9348,p,0.400000
9349,s,0.400000
9350,p,0.800000
9351,d,0.200000
9352,p,0.600000
9353,p,0.800000
9354,d,0.600000
9355,p,0.600000
9356,s,0.800000
9357,p,0.800000
9358,p,0.400000
9359,p,0.800000
9360,p,0.400000
9361,p,0.800000
9362,s,0.600000
9363,d,0.400000
9364,p,0.200000
9365,s,0.600000
9366,d,0.800000
9367,p,0.800000
9368,p,0.400000
9369,p,0.400000
9370,s,0.400000
9371,d,0.600000
9372,p,0.800000
9373,p,0.600000
9374,s,0.600000
9375,s,0.800000
9376,s,0.800000
9377,s,0.400000
9378,d,0.600000
9379,p,0.400000
9380,d,0.600000
9381,p,0.800000
9382,p,0.400000
9383,d,0.600000
9384,p,0.400000
9385,d,0.600000
9386,s,0.600000
9387,s,0.600000
9388,p,0.600000
9389,d,0.200000
9390,d,0.800000
9391,d,0.600000
9392,d,0.600000
9393,d,0.800000
9394,d,0.200000
9395,s,0.400000
9396,d,0.400000
9397,s,0.400000
9398,s,0.400000
9399,s,0.600000
9400,d,0.400000
9401,p,0.400000
9402,d,0.600000
9403,d,0.200000
9404,p,0.400000
9405,d,0.400000
9406,d,0.400000
9407,p,0.400000
9408,p,0.600000
9409,d,0.800000
9410,d,0.600000
9411,p,0.600000
9412,d,0.800000
9413,s,0.400000
9414,d,0.400000
9415,d,0.400000
9416,s,0.200000
9417,p,0.600000
9418,s,0.600000
9419,d,0.400000
9420,d,0.800000
9421,p,0.200000
9422,s,0.400000
9423,d,0.400000
9424,d,0.600000
9425,d,0.600000
9426,s,0.400000
9427,d,0.400000
9428,p,0.200000
9429,s,0.800000
9430,d,1.000000
9431,d,0.400000
9432,p,0.600000
9433,s,0.400000
9434,p,0.600000
9435,d,0.400000
9436,s,0.400000
9437,s,0.600000
9438,d,0.600000
9439,s,0.800000
9440,p,0.600000
9441,d,0.400000
9442,s,0.600000
9443,s,0.400000
9444,p,0.400000
9445,s,0.600000
9446,s,0.600000
9447,p,0.400000
9448,d,0.400000
9449,p,0.400000
9450,d,0.600000
9451,d,0.400000
9452,p,0.400000
9453,s,0.600000
9454,s,0.400000
9455,d,0.200000
9456,p,0.600000
9457,p,0.400000
9458,s,0.400000
9459,p,0.600000
9460,s,0.400000
9461,d,0.400000
9462,p,0.600000
9463,p,0.200000
9464,d,0.600000
9465,d,0.600000
9466,p,0.400000
9467,s,0.200000
9468,p,0.200000
9469,s,0.200000
9470,p,0.200000
9471,d,0.600000
9472,d,0.200000
9473,p,0.600000
9474,p,0.600000
9475,d,0.800000
9476,d,0.600000
9477,p,0.600000
9478,d,0.600000
9479,s,0.400000
9480,d,0.800000
9481,d,0.400000
9482,p,0.800000
9483,s,0.200000
9484,d,0.400000
9485,p,0.200000
9486,d,0.400000
9487,p,0.600000
9488,p,0.600000
9489,p,0.600000
9490,s,0.600000
9491,s,0.800000
9492,d,0.600000
9493,d,0.600000
9494,s,0.800000
9495,d,0.600000
9496,s,0.400000
9497,d,0.800000
9498,d,0.600000
9499,d,0.800000
9500,d,0.400000
9501,d,0.600000
9502,p,0.600000
9503,p,0.200000
9504,d,0.200000
9505,s,0.200000
9506,d,0.600000
9507,p,0.600000
9508,d,0.400000
9509,d,0.400000
9510,s,0.600000
9511,s,0.600000
9512,p,0.600000
9513,p,0.600000
9514,s,0.600000
9515,s,0.400000
9516,s,0.600000
9517,p,0.400000
9518,s,0.800000
9519,d,0.600000
9520,s,0.400000
9521,p,0.600000
9522,p,0.800000
9523,s,0.400000
9524,d,0.600000
9525,p,0.400000
9526,s,0.200000
9527,p,0.400000
9528,p,0.600000
9529,s,0.800000
9530,p,0.200000
9531,s,0.400000
9532,d,0.600000
9533,d,0.400000
9534,d,0.600000
9535,s,0.600000
9536,d,0.400000
9537,p,0.600000
9538,p,0.400000
9539,p,0.800000
9540,s,0.200000
9541,p,0.600000
9542,p,0.800000
9543,d,0.600000
9544,s,0.400000
9545,s,0.600000
9546,d,0.400000
9547,s,0.400000
9548,p,0.400000
9549,s,0.400000
9550,d,1.000000
9551,p,0.200000
9552,p,0.400000
9553,s,0.400000
9554,p,0.600000
9555,p,0.200000
9556,s,0.600000
9557,s,0.600000
9558,s,0.400000
9559,p,0.600000
9560,s,0.400000
9561,d,0.400000
9562,d,0.600000
9563,s,0.400000
9564,p,0.800000
9565,s,0.400000
9566,s,0.800000
9567,p,0.600000
9568,d,1.000000
9569,p,0.800000
9570,p,0.600000
9571,d,0.600000
9572,d,0.400000
9573,p,0.400000
9574,s,0.800000
9575,p,0.200000
9576,d,0.600000
9577,p,0.600000
9578,s,0.400000
9579,s,0.800000
9580,d,0.800000
9581,p,0.200000
9582,d,0.200000
9583,d,0.600000
9584,s,0.600000
9585,d,0.400000
9586,s,0.200000
9587,s,0.400000
9588,d,0.200000
9589,s,0.400000
9590,d,1.000000
9591,s,0.400000
9592,s,0.600000
9593,s,0.600000
9594,p,0.600000
9595,p,0.400000
9596,p,0.600000
9597,s,0.200000
9598,s,0.800000
9599,s,0.400000
9600,d,0.400000
9601,d,0.200000
9602,s,0.400000
9603,s,0.200000
9604,s,0.600000
9605,s,0.400000
9606,s,0.200000
9607,s,0.800000
9608,s,0.600000
9609,d,0.400000
9610,d,0.200000
9611,d,0.400000
9612,d,0.600000
9613,d,0.400000
9614,d,0.600000
9615,p,0.600000
9616,p,0.400000
9617,s,0.400000
9618,s,0.600000
9619,s,0.400000
9620,s,0.200000
9621,s,0.400000
9622,d,0.800000
9623,p,0.600000
9624,p,0.400000
9625,p,0.400000
9626,p,0.400000
9627,s,0.800000
9628,p,0.400000
9629,p,0.600000
9630,d,0.400000
9631,s,0.400000
9632,d,0.600000
9633,s,0.400000
9634,p,0.600000
9635,d,0.600000
9636,p,0.400000
9637,p,0.800000
9638,s,0.200000
9639,p,0.400000
9640,d,0.400000
9641,s,0.400000
9642,p,0.600000
9643,s,0.600000
9644,d,0.600000
9645,d,0.200000
9646,d,0.200000
9647,d,0.400000
9648,d,0.600000
9649,s,0.400000
9650,d,0.600000
9651,s,0.600000
9652,p,0.600000
9653,s,0.600000
9654,d,0.400000
9655,p,0.600000
9656,s,0.400000
9657,p,0.200000
9658,s,0.400000
9659,s,0.800000
9660,d,0.600000
9661,s,0.800000
9662,p,0.600000
9663,p,0.200000
9664,p,0.600000
9665,s,0.600000
9666,d,0.400000
9667,s,0.800000
9668,p,0.600000
9669,p,0.800000
9670,p,0.600000
9671,p,0.600000
9672,s,0.800000
9673,d,0.200000
9674,p,0.400000
9675,p,1.000000
9676,d,0.600000
9677,p,0.600000
9678,s,0.400000
9679,p,0.600000
9680,p,0.600000
9681,d,0.600000
9682,s,0.600000
9683,d,0.200000
9684,d,0.600000
9685,d,0.800000
9686,p,0.400000
9687,d,0.400000
9688,p,0.600000
9689,d,0.400000
9690,s,0.400000
9691,s,0.600000
9692,d,0.600000
9693,d,0.400000
9694,d,0.200000
9695,p,1.000000
9696,p,0.600000
9697,d,0.600000
9698,s,0.600000
9699,p,0.400000
9700,p,0.600000
9701,s,0.400000
9702,s,0.400000
9703,s,0.800000
9704,p,0.600000
9705,p,0.200000
9706,p,0.400000
9707,d,0.200000
9708,d,0.800000
9709,s,0.400000
9710,p,0.600000
9711,s,0.600000
9712,s,0.200000
9713,d,0.200000
9714,p,0.600000
9715,s,0.800000
9716,p,0.600000
9717,p,0.800000
9718,p,0.600000
9719,p,0.600000
9720,s,0.400000
9721,p,0.800000
9722,p,0.400000
9723,p,0.600000
9724,d,0.600000
9725,p,0.400000
9726,s,0.800000
9727,s,0.200000
9728,p,0.400000
9729,d,0.400000
9730,p,0.600000
9731,p,0.800000
9732,d,0.600000
9733,s,0.600000
9734,s,0.800000
9735,s,0.600000
9736,d,0.600000
9737,s,0.400000
9738,p,0.600000
9739,d,0.600000
9740,p,0.200000
9741,s,0.400000
9742,s,0.400000
9743,p,0.400000
9744,p,0.400000
9745,d,0.200000
9746,d,0.600000
9747,p,0.600000
9748,d,0.800000
9749,d,0.600000
9750,d,0.600000
9751,s,0.600000
9752,s,0.400000
9753,p,0.600000
9754,p,0.200000
9755,p,0.400000
9756,s,0.600000
9757,s,0.600000
9758,d,0.200000
9759,p,0.400000
9760,d,0.800000
9761,s,0.400000
9762,s,0.800000
9763,s,0.400000
9764,d,0.400000
9765,p,0.600000
9766,s,0.400000
9767,p,0.400000
9768,p,0.400000
9769,p,0.800000
9770,s,0.400000
9771,s,0.400000
9772,d,0.400000
9773,s,0.200000
9774,d,0.600000
9775,d,0.400000
9776,s,0.400000
9777,d,0.400000
9778,d,0.800000
9779,s,0.400000
9780,p,0.600000
9781,d,0.600000
9782,d,0.600000
9783,s,0.400000
9784,d,0.400000
9785,s,0.400000
9786,d,1.000000
9787,d,0.400000
9788,p,0.400000
9789,p,0.400000
9790,d,0.600000
9791,s,0.600000
9792,p,0.400000
9793,s,0.600000
9794,s,0.400000
9795,p,0.200000
9796,s,0.400000
9797,d,0.600000
9798,p,0.400000
9799,d,0.600000
9800,p,0.400000
9801,s,0.800000
9802,p,0.200000
9803,p,0.600000
9804,d,0.400000
9805,p,0.600000
9806,d,0.600000
9807,p,0.400000
9808,d,0.400000
9809,p,0.400000
9810,d,0.200000
9811,p,0.600000
9812,p,0.400000
9813,p,0.400000
9814,s,0.800000
9815,s,0.400000
9816,d,0.400000
9817,s,0.400000
9818,s,0.400000
9819,s,0.400000
9820,s,0.400000
9821,d,0.600000
9822,p,0.400000
9823,s,0.600000
9824,s,0.200000
9825,d,0.600000
9826,s,0.600000
9827,s,0.400000
9828,s,0.400000
9829,s,0.600000
9830,p,0.600000
9831,s,0.800000
9832,p,0.600000
9833,d,0.600000
9834,p,0.600000
9835,s,0.400000
9836,s,0.600000
9837,p,0.600000
9838,d,0.400000
9839,s,0.400000
9840,d,0.400000
9841,s,0.800000
9842,p,0.400000
9843,d,0.600000
9844,d,0.200000
9845,d,0.600000
9846,p,0.800000
9847,s,0.800000
9848,s,0.400000
9849,s,0.400000
9850,d,0.600000
9851,p,0.400000
9852,p,0.400000
9853,d,0.800000
9854,p,0.400000
9855,s,0.600000
9856,p,0.600000
9857,s,0.800000
9858,d,0.400000
9859,d,0.600000
9860,p,0.600000
9861,s,0.600000
9862,p,0.400000
9863,s,0.600000
9864,p,0.800000
9865,p,0.600000
9866,s,0.400000
9867,d,0.600000
9868,s,0.600000
9869,p,0.600000
9870,p,0.400000
9871,p,0.400000
9872,d,0.400000
9873,s,0.400000
9874,s,0.400000
9875,d,0.600000
9876,d,0.200000
9877,d,0.600000
9878,s,0.600000
9879,d,0.600000
9880,p,0.200000
9881,s,0.400000
9882,s,0.400000
9883,d,0.200000
9884,s,0.400000
9885,s,0.200000
9886,s,0.400000
9887,d,0.400000
9888,s,1.000000
9889,p,0.400000
9890,d,0.600000
9891,d,0.400000
9892,p,0.400000
9893,d,0.400000
9894,p,0.600000
9895,d,0.600000
9896,d,0.600000
9897,d,0.400000
9898,d,0.400000
9899,p,0.600000
9900,s,0.400000
9901,s,1.000000
9902,p,0.200000
9903,p,0.400000
9904,p,0.400000
9905,d,0.200000
9906,d,0.600000
9907,d,0.400000
9908,p,0.600000
9909,p,0.600000
9910,s,0.400000
9911,p,0.600000
9912,s,0.400000
9913,s,0.800000
9914,p,0.400000
9915,d,0.200000
9916,p,0.400000
9917,p,0.600000
9918,p,0.400000
9919,p,0.800000
9920,p,0.200000
9921,d,0.600000
9922,s,0.400000
9923,d,0.600000
9924,p,0.600000
9925,d,0.200000
9926,s,0.600000
9927,d,0.600000
9928,p,0.600000
9929,d,1.000000
9930,p,0.600000
9931,p,0.800000
9932,s,1.000000
9933,s,0.400000
9934,s,0.400000
9935,d,0.600000
9936,p,0.600000
9937,d,0.400000
9938,d,0.600000
9939,d,0.600000
9940,s,0.600000
9941,p,0.400000
9942,s,0.400000
9943,s,0.400000
9944,d,0.200000
9945,p,0.600000
9946,p,0.400000
9947,s,0.200000
9948,p,0.600000
9949,s,0.400000
9950,p,0.600000
9951,p,0.600000
9952,d,0.200000
9953,s,0.800000
9954,s,1.000000
9955,s,0.400000
9956,s,0.400000
9957,d,0.800000
9958,d,0.400000
9959,s,0.200000
9960,s,0.200000
9961,s,0.400000
9962,p,0.600000
9963,s,0.200000
9964,s,0.400000
9965,p,0.600000
9966,s,0.600000
9967,p,0.600000
9968,d,0.600000
9969,s,0.600000
9970,s,0.400000
9971,p,0.600000
9972,p,0.600000
9973,p,0.400000
9974,d,0.400000
9975,p,0.200000
9976,p,0.600000
9977,d,0.200000
9978,d,0.200000
9979,p,0.600000
9980,d,0.400000
9981,d,0.400000
9982,p,0.400000
9983,s,0.800000
9984,d,0.600000
9985,d,0.800000
9986,d,0.600000
9987,s,0.400000
9988,p,0.600000
9989,d,0.600000
9990,s,0.800000
9991,s,0.600000
9992,d,0.600000
9993,s,0.800000
9994,p,0.600000
9995,s,0.800000
9996,d,0.600000
9997,p,0.400000
9998,d,0.600000
9999,p,0.600000
10000,p,0.400000
10001,d,0.600000
10002,s,0.400000
10003,p,0.600000
10004,d,0.400000
10005,s,0.400000
10006,d,0.600000
10007,p,0.600000
10008,p,0.600000
10009,d,0.200000
10010,s,0.400000
10011,p,0.800000
10012,s,0.800000
10013,p,0.400000
10014,p,0.400000
10015,p,1.000000
10016,p,0.600000
10017,d,0.600000
10018,d,0.600000
10019,d,0.600000
10020,p,0.600000
10021,p,0.400000
10022,d,0.600000
10023,s,0.800000
10024,p,0.600000
10025,p,0.800000
10026,p,0.600000
10027,s,0.400000
10028,s,0.800000
10029,s,0.400000
10030,d,0.800000
10031,s,0.400000
10032,p,0.600000
10033,s,0.600000
10034,s,0.600000
10035,d,0.400000
10036,d,0.400000
10037,d,0.400000
10038,d,0.600000
10039,s,0.600000
10040,p,0.400000
10041,p,0.200000
10042,d,0.400000
10043,s,0.400000
10044,d,0.600000
10045,s,0.400000
10046,s,0.600000
10047,p,0.800000
10048,d,0.600000
10049,s,0.600000
10050,s,0.400000
10051,s,0.800000
10052,p,0.400000
10053,s,0.600000
10054,p,1.000000
10055,s,0.400000
10056,d,0.400000
10057,d,0.600000
10058,d,0.400000
10059,d,0.800000
10060,s,0.400000
10061,p,0.600000
10062,p,0.400000
10063,d,0.600000
10064,d,0.400000
10065,s,0.600000
10066,p,0.400000
10067,p,0.600000
10068,p,0.400000
10069,d,0.200000
10070,s,0.600000
10071,p,0.600000
10072,p,0.600000
10073,p,0.600000
10074,p,0.400000
10075,s,0.600000
10076,d,0.600000
10077,d,0.600000
10078,p,0.400000
10079,s,0.400000
10080,s,0.200000
10081,d,0.600000
10082,s,0.600000
10083,p,0.600000
10084,d,0.600000
10085,s,0.600000
10086,p,0.400000
10087,p,0.400000
10088,p,0.400000
10089,p,0.600000
10090,d,0.400000
10091,d,0.200000
10092,p,0.400000
10093,d,0.400000
10094,d,0.400000
10095,p,0.800000
10096,d,0.400000
10097,d,0.800000
10098,p,0.600000
10099,d,0.600000
10100,s,0.400000
10101,d,0.400000
10102,s,0.800000
10103,d,0.400000
10104,p,0.600000
10105,d,0.600000
10106,d,0.600000
10107,s,0.400000
10108,p,0.200000
10109,p,0.600000
10110,s,0.400000
10111,p,0.400000
10112,p,1.000000
10113,s,0.800000
10114,s,0.800000
10115,p,0.200000
10116,p,0.600000
10117,s,0.600000
10118,s,0.800000
10119,s,0.800000
10120,p,0.600000
10121,s,1.000000
10122,s,0.400000
10123,s,0.400000
10124,s,0.400000
10125,d,0.400000
10126,p,0.600000
10127,s,0.400000
10128,p,0.400000
10129,d,0.600000
10130,s,0.400000
10131,d,0.600000
10132,p,0.800000
10133,d,0.800000
10134,s,0.400000
10135,p,0.400000
10136,d,0.400000
10137,d,0.800000
10138,p,0.400000
10139,s,0.600000
10140,p,0.400000
10141,s,0.400000
10142,d,0.200000
10143,p,0.400000
10144,p,0.600000
10145,s,0.200000
10146,s,0.400000
10147,d,0.800000
10148,d,0.600000
10149,p,0.800000
10150,d,0.600000
10151,s,0.400000
10152,s,0.400000
10153,p,0.600000
10154,s,0.400000
10155,p,1.000000
10156,p,0.600000
10157,s,0.600000
10158,d,0.400000
10159,p,0.400000
10160,p,0.600000
10161,s,0.400000
10162,d,0.800000
10163,s,0.600000
10164,s,0.400000
10165,p,0.600000
10166,p,0.600000
10167,s,0.400000
10168,d,0.600000
10169,s,0.600000
10170,p,0.200000
10171,p,0.200000
10172,p,0.800000
10173,s,0.400000
10174,s,0.800000
10175,d,0.400000
10176,s,0.200000
10177,p,0.600000
10178,p,0.400000
10179,p,0.600000
10180,p,0.200000
10181,s,0.600000
10182,d,0.600000
10183,p,0.600000
10184,p,0.400000
10185,s,0.600000
10186,p,0.600000
10187,s,0.800000
10188,p,0.600000
10189,d,0.600000
10190,p,0.400000
10191,s,0.400000
10192,s,0.800000
10193,p,0.600000
10194,s,0.600000
10195,p,0.800000
10196,d,0.400000
10197,s,0.800000
10198,s,0.400000
10199,d,0.600000
10200,s,0.400000
10201,s,0.600000
10202,d,0.200000
10203,s,0.600000
10204,d,0.600000
10205,d,0.600000
10206,p,0.200000
10207,d,0.600000
10208,s,0.400000
10209,d,0.400000
10210,d,0.600000
10211,p,0.600000
10212,s,0.400000
10213,p,0.800000
10214,p,0.800000
10215,d,0.600000
10216,s,0.400000
10217,d,0.200000
10218,p,0.400000
10219,d,0.800000
10220,d,0.400000
10221,p,0.800000
10222,p,0.600000
10223,s,0.600000
10224,d,0.600000
10225,d,0.600000
10226,d,0.400000
10227,s,0.800000
10228,s,0.600000
10229,d,0.600000
10230,d,0.200000
10231,p,0.600000
10232,p,1.000000
10233,p,0.600000
10234,d,0.400000
10235,s,0.400000
10236,s,0.400000
10237,s,0.400000
10238,p,0.400000
10239,d,0.400000
10240,p,0.400000
10241,p,0.600000
10242,s,0.200000
10243,s,0.400000
10244,p,0.600000
10245,p,1.000000
10246,p,0.400000
10247,p,0.600000
10248,s,0.800000
10249,p,0.600000
10250,d,0.600000
10251,s,0.400000
10252,p,0.400000
10253,d,0.400000
10254,d,0.600000
10255,p,0.400000
10256,s,0.800000
10257,d,0.400000
10258,s,0.800000
10259,p,0.600000
10260,d,0.600000
10261,d,0.800000
10262,d,0.400000
10263,d,0.400000
10264,d,0.600000
10265,s,0.600000
10266,d,0.800000
10267,s,0.600000
10268,p,0.600000
10269,p,0.600000
10270,d,0.400000
10271,p,0.600000
10272,d,0.400000
10273,s,0.600000
10274,d,0.600000
10275,s,0.800000
10276,d,0.400000
10277,p,0.600000
10278,d,0.400000
10279,d,1.000000
10280,p,0.400000
10281,s,0.200000
10282,d,0.400000
10283,s,0.400000
10284,d,0.600000
10285,d,0.600000
10286,d,0.600000
10287,d,0.800000
10288,s,0.800000
10289,d,0.200000
10290,s,0.400000
10291,s,0.600000
10292,p,0.200000
10293,d,0.800000
10294,p,0.200000
10295,p,0.600000
10296,s,0.400000
10297,s,0.400000
10298,p,0.400000
10299,d,0.600000
10300,s,0.600000
10301,d,0.400000
10302,d,0.400000
10303,s,0.400000
10304,s,0.600000
10305,s,0.400000
10306,s,0.200000
10307,p,0.400000
10308,p,0.600000
10309,p,0.600000
10310,d,0.600000
10311,s,0.400000
10312,s,0.400000
10313,s,0.400000
10314,s,0.200000
10315,s,0.400000
10316,d,0.600000
10317,p,0.800000
10318,p,0.400000
10319,d,0.600000
10320,d,0.600000
10321,s,0.400000
10322,s,0.800000
10323,s,1.000000
10324,p,0.800000
10325,s,0.400000
10326,p,0.400000
10327,s,0.800000
10328,p,0.600000
10329,p,0.400000
10330,d,0.200000
10331,p,0.600000
10332,d,0.400000
10333,p,0.600000
10334,d,0.400000
10335,d,0.400000
10336,p,0.400000
10337,s,0.400000
10338,p,0.800000
10339,p,0.200000
10340,p,0.600000
10341,d,0.400000
10342,s,1.000000
10343,p,0.400000
10344,d,0.400000
10345,d,0.600000
10346,p,0.600000
10347,s,0.800000
10348,d,0.600000
10349,d,0.600000
10350,p,0.600000
10351,d,0.600000
10352,p,0.600000
10353,p,0.800000
10354,d,0.600000
10355,p,0.200000
10356,s,0.600000
10357,d,0.400000
10358,p,0.600000
10359,d,0.400000
10360,p,0.400000
10361,s,0.400000
10362,p,0.800000
10363,d,1.000000
10364,s,0.800000
10365,p,0.200000
10366,p,0.800000
10367,p,0.400000
10368,d,0.600000
10369,s,0.400000
10370,s,0.600000
10371,d,1.000000
10372,d,0.600000
10373,s,0.800000
10374,s,0.400000
10375,d,0.800000
10376,p,0.400000
10377,s,0.600000
10378,p,0.600000
10379,p,0.400000
10380,p,0.400000
10381,d,0.600000
10382,p,0.800000
10383,p,0.600000
10384,p,0.600000
10385,p,0.200000
10386,d,0.800000
10387,d,0.800000
10388,p,0.400000
10389,s,0.800000
10390,s,0.400000
10391,d,0.200000
10392,p,0.400000
10393,p,0.600000
10394,s,0.800000
10395,d,0.400000
10396,d,0.200000
10397,p,0.600000
10398,d,0.800000
10399,d,0.600000
10400,p,0.400000
10401,s,0.600000
10402,s,0.400000
10403,d,0.600000
10404,d,0.600000
10405,d,0.800000
10406,d,0.600000
10407,d,0.600000
10408,p,0.600000
10409,d,0.400000
10410,d,0.600000
10411,d,0.600000
10412,d,0.400000
10413,s,0.600000
10414,p,0.400000
10415,d,0.600000
10416,p,0.800000
10417,d,0.600000
10418,d,0.800000
10419,s,0.400000
10420,p,0.600000
10421,s,0.800000
10422,d,0.600000
10423,p,0.400000
10424,s,0.800000
10425,s,0.200000
10426,s,0.800000
10427,d,0.600000
10428,p,0.600000
10429,d,0.400000
10430,s,0.800000
10431,s,0.600000
10432,d,0.800000
10433,d,0.800000
10434,s,0.400000
10435,p,0.600000
10436,d,0.400000
10437,s,0.400000
10438,s,0.400000
10439,d,0.200000
10440,p,0.400000
10441,d,0.200000
10442,s,0.200000
10443,p,0.400000
10444,d,0.600000
10445,d,0.600000
10446,d,0.400000
10447,d,0.400000
10448,p,0.400000
10449,s,0.400000
10450,p,0.400000
10451,d,0.400000
10452,s,0.400000
10453,d,0.600000
10454,s,0.400000
10455,p,0.400000
10456,d,0.600000
10457,p,0.400000
10458,d,0.200000
10459,d,0.600000
10460,d,0.400000
10461,p,0.400000
10462,p,0.600000
10463,p,0.400000
10464,d,0.400000
10465,s,0.600000
10466,s,0.800000
10467,p,0.400000
10468,s,0.400000
10469,d,0.400000
10470,d,1.000000
10471,p,0.600000
10472,p,0.800000
10473,p,0.200000
10474,p,0.600000
10475,s,0.800000
10476,s,0.400000
10477,d,0.600000
10478,d,0.400000
10479,d,0.600000
10480,p,0.400000
10481,p,0.800000
10482,s,0.800000
10483,p,0.400000
10484,d,0.200000
10485,d,0.400000
10486,s,0.400000
10487,s,0.400000
10488,p,0.800000
10489,p,0.400000
10490,d,0.600000
10491,p,0.400000
10492,d,0.400000
10493,s,0.800000
10494,p,0.200000
10495,p,0.600000
10496,s,0.800000
10497,s,0.400000
10498,p,0.400000
10499,s,0.800000
10500,p,0.800000
10501,d,0.600000
10502,d,0.600000
10503,p,0.600000
10504,s,0.400000
10505,p,0.400000
10506,p,0.200000
10507,s,0.600000
10508,s,0.800000
10509,d,0.600000
10510,d,0.400000
10511,d,1.000000
10512,s,0.400000
10513,p,0.400000
10514,s,1.000000
10515,p,0.400000
10516,p,0.600000
10517,d,0.400000
10518,d,0.600000
10519,s,0.800000
10520,p,0.400000
10521,d,0.400000
10522,s,0.600000
10523,p,0.600000
10524,s,0.600000
10525,d,0.400000
10526,d,0.600000
10527,s,0.400000
10528,d,0.600000
10529,s,0.200000
10530,s,0.800000
10531,s,0.600000
10532,s,0.400000
10533,s,0.400000
10534,s,0.400000
10535,d,0.600000
10536,d,0.600000
10537,p,0.400000
10538,p,0.400000
10539,p,0.600000
10540,p,0.400000
10541,s,0.400000
10542,d,0.600000
10543,s,0.400000
10544,p,0.400000
10545,s,0.400000
10546,p,0.600000
10547,d,0.200000
10548,d,0.400000
10549,d,0.400000
10550,s,0.400000
10551,p,1.000000
10552,d,0.600000
10553,p,0.200000
10554,p,0.400000
10555,d,0.600000
10556,p,0.800000
10557,p,0.400000
10558,p,0.400000
10559,p,0.200000
10560,s,0.400000
10561,s,0.600000
10562,p,0.600000
10563,d,0.600000
10564,d,0.200000
10565,p,0.600000
10566,d,0.600000
10567,s,0.400000
10568,d,0.800000
10569,s,0.400000
10570,p,0.400000
10571,d,0.600000
10572,d,0.600000
10573,d,0.600000
10574,p,0.600000
10575,p,0.200000
10576,p,0.400000
10577,p,0.200000
10578,s,0.400000
10579,d,0.400000
10580,s,0.400000
10581,d,0.400000
10582,p,0.400000
10583,d,0.600000
10584,d,0.400000
10585,d,0.400000
10586,d,0.600000
10587,s,0.600000
10588,p,0.400000
10589,s,0.200000
10590,p,0.400000
10591,p,0.600000
10592,p,0.400000
10593,s,0.400000
10594,p,0.600000
10595,s,0.400000
10596,d,0.600000
10597,s,0.800000
10598,s,0.200000
10599,s,0.800000
10600,s,0.400000
10601,s,0.600000
10602,d,0.400000
10603,p,0.400000
10604,d,0.600000
10605,p,0.400000
10606,d,0.400000
10607,s,0.800000
10608,s,0.800000
10609,p,0.600000
10610,d,0.400000
10611,s,0.800000
10612,p,0.600000
10613,p,0.200000
10614,s,1.000000
10615,s,0.400000
10616,p,0.400000
10617,d,0.600000
10618,d,0.400000
10619,s,0.200000
10620,d,0.600000
10621,s,0.400000
10622,d,0.600000
10623,p,0.400000
10624,s,0.600000
10625,d,0.600000
10626,s,0.400000
10627,d,0.400000
10628,d,1.000000
10629,s,0.600000
10630,s,0.800000
10631,d,0.600000
10632,p,0.400000
10633,d,0.400000
10634,p,0.600000
10635,p,0.600000
10636,d,0.600000
10637,d,0.400000
10638,s,0.600000
10639,p,0.400000
10640,s,0.400000
10641,s,0.400000
10642,p,0.200000
10643,d,0.600000
10644,s,0.600000
10645,p,0.400000
10646,p,0.400000
10647,d,0.400000
10648,d,0.400000
10649,s,0.400000
10650,s,0.400000
10651,s,0.400000
10652,d,0.600000
10653,s,0.600000
10654,d,0.600000
10655,d,0.600000
10656,p,0.600000
10657,s,0.400000
10658,s,0.600000
10659,p,0.600000
10660,d,0.200000
10661,d,0.400000
10662,p,0.400000
10663,p,0.400000
10664,p,0.400000
10665,d,0.600000
10666,d,0.800000
10667,s,0.600000
10668,d,0.200000
10669,s,0.600000
10670,p,0.600000
10671,p,0.600000
10672,s,0.600000
10673,d,0.600000
10674,p,0.800000
10675,d,0.400000
10676,s,0.600000
10677,s,0.600000
10678,d,0.600000
10679,d,0.400000
10680,s,0.200000
10681,d,0.600000
10682,p,0.600000
10683,d,0.600000
10684,s,0.400000
10685,p,0.600000
10686,p,0.600000
10687,d,0.600000
10688,p,0.200000
10689,p,0.400000
10690,p,0.800000
10691,s,0.800000
10692,d,0.600000
10693,d,0.600000
10694,p,0.200000
10695,p,0.400000
10696,d,0.800000
10697,d,0.600000
10698,p,0.400000
10699,p,0.200000
10700,s,0.800000
10701,p,0.600000
10702,p,0.600000
10703,p,0.400000
10704,s,0.400000
10705,s,0.400000
10706,s,0.400000
10707,p,0.600000
10708,p,0.600000
10709,s,0.800000
10710,d,0.800000
10711,p,0.400000
10712,d,0.600000
10713,s,0.800000
10714,p,0.800000
10715,s,0.800000
10716,s,0.600000
10717,d,0.800000
10718,d,0.400000
10719,s,1.000000
10720,s,0.400000
10721,p,0.800000
10722,p,0.600000
10723,d,0.600000
10724,d,0.200000
10725,s,0.400000
10726,p,0.600000
10727,d,0.600000
10728,s,0.600000
10729,s,0.400000
10730,d,0.400000
10731,d,0.600000
10732,s,0.600000
10733,s,0.400000
10734,p,0.600000
10735,d,0.400000
10736,d,0.400000
10737,d,0.400000
10738,d,0.600000
10739,d,0.600000
10740,p,0.400000
10741,s,0.800000
10742,s,0.400000
10743,s,0.800000
10744,p,1.000000
10745,s,0.600000
10746,d,0.600000
10747,d,0.400000
10748,p,0.600000
10749,s,0.800000
10750,p,0.200000
10751,d,0.400000
10752,d,0.400000
10753,d,0.400000
10754,d,0.400000
10755,d,0.400000
10756,s,0.400000
10757,p,0.600000
10758,p,0.400000
10759,s,0.400000
10760,p,0.600000
10761,p,0.600000
10762,p,0.600000
10763,d,0.400000
10764,d,0.400000
10765,s,0.800000
10766,s,0.600000
10767,s,0.400000
10768,p,0.400000
10769,s,0.400000
10770,d,0.600000
10771,p,0.600000
10772,p,0.600000
10773,d,0.600000
10774,s,0.400000
10775,s,0.600000
10776,s,0.800000
10777,d,0.400000
10778,s,0.400000
10779,d,0.400000
10780,d,0.200000
10781,p,0.400000
10782,d,0.600000
10783,p,0.400000
10784,s,0.800000
10785,p,0.400000
10786,s,0.800000
10787,p,0.400000
10788,d,0.200000
10789,s,0.400000
10790,p,0.400000
10791,s,0.400000
10792,d,0.600000
10793,p,0.600000
10794,s,0.600000
10795,p,0.600000
10796,p,0.600000
10797,p,0.800000
10798,s,0.800000
10799,s,0.600000
10800,s,0.400000
10801,d,0.400000
10802,p,0.600000
10803,s,0.200000
10804,s,0.400000
10805,d,0.400000
10806,p,0.400000
10807,d,0.600000
10808,d,0.200000
10809,p,0.400000
10810,s,0.600000
10811,p,0.600000
10812,d,0.600000
10813,d,0.600000
10814,d,0.400000
10815,d,0.400000
10816,d,0.400000
10817,p,0.800000
10818,d,0.600000
10819,d,0.600000
10820,s,0.600000
10821,d,0.600000
10822,d,0.600000
10823,p,0.600000
10824,p,0.600000
10825,s,0.400000
10826,s,0.800000
10827,p,0.400000
10828,d,0.600000
10829,d,0.400000
10830,d,0.200000
10831,d,0.600000
10832,p,0.800000
10833,p,0.600000
10834,p,0.800000
10835,d,0.600000
10836,d,0.600000
10837,s,0.400000
10838,p,0.600000
10839,d,0.600000
10840,s,0.400000
10841,d,0.400000
10842,d,0.600000
10843,d,0.400000
10844,d,0.600000
10845,p,0.400000
10846,p,0.400000
10847,s,0.600000
10848,p,0.600000
10849,p,0.600000
10850,p,0.400000
10851,s,0.400000
10852,s,0.400000
10853,p,0.200000
10854,d,0.400000
10855,d,0.600000
10856,d,0.400000
10857,s,0.800000
10858,s,0.400000
10859,d,0.600000
10860,p,0.200000
10861,p,0.800000
10862,s,1.000000
10863,d,0.200000
10864,d,0.600000
10865,s,0.400000
10866,d,0.600000
10867,p,0.600000
10868,p,0.400000
10869,p,0.600000
10870,d,0.800000
10871,s,0.400000
10872,p,0.600000
10873,d,0.200000
10874,d,0.400000
10875,p,0.600000
10876,p,0.600000
10877,s,0.400000
10878,s,0.400000
10879,s,0.800000
10880,p,0.400000
10881,d,0.400000
10882,p,0.200000
10883,p,0.200000
10884,p,0.400000
10885,s,1.000000
10886,p,0.600000
10887,d,0.600000
10888,s,0.800000
10889,p,0.400000
10890,d,0.400000
10891,p,0.200000
10892,p,0.600000
10893,d,0.400000
10894,s,0.400000
10895,d,0.600000
10896,s,0.800000
10897,s,0.600000
10898,d,0.800000
10899,d,0.600000
10900,s,0.600000
10901,p,0.400000
10902,d,0.400000
10903,p,0.400000
10904,p,0.800000
10905,p,0.400000
10906,s,0.800000
10907,s,0.400000
10908,d,0.600000
10909,s,0.400000
10910,d,0.400000
10911,d,0.600000
10912,d,0.400000
10913,s,0.400000
10914,p,0.400000
10915,d,0.600000
10916,p,0.800000
10917,p,0.400000
10918,s,0.600000
10919,d,0.400000
10920,d,0.600000
10921,p,0.600000
10922,d,0.600000
10923,d,0.600000
10924,s,0.200000
10925,d,0.600000
10926,s,0.600000
10927,d,0.600000
10928,p,0.600000
10929,p,0.600000
10930,d,0.400000
10931,d,0.400000
10932,s,0.800000
10933,p,0.400000
10934,s,0.200000
10935,d,0.600000
10936,p,0.600000
10937,p,0.200000
10938,d,0.400000
10939,d,0.600000
10940,p,0.400000
10941,s,1.000000
10942,d,0.400000
10943,p,0.400000
10944,p,0.400000
10945,p,0.600000
10946,p,0.400000
10947,d,0.400000
10948,s,0.400000
10949,s,0.400000
10950,s,0.400000
10951,p,0.800000
10952,p,0.400000
10953,s,0.400000
10954,p,0.400000
10955,s,0.800000
10956,s,0.400000
10957,p,0.400000
10958,p,0.600000
10959,s,0.800000
10960,d,0.200000
10961,p,0.200000
10962,p,0.600000
10963,d,0.600000
10964,p,0.800000
10965,p,0.400000
10966,p,0.800000
10967,d,0.400000
10968,p,0.400000
10969,s,0.600000
10970,d,0.400000
10971,d,0.600000
10972,p,0.200000
10973,d,0.800000
10974,s,0.200000
10975,s,0.400000
10976,d,0.400000
10977,s,0.800000
10978,p,0.800000
10979,p,0.400000
10980,s,0.600000
10981,s,0.400000
10982,d,0.600000
10983,d,0.400000
10984,d,0.400000
10985,p,0.600000
10986,d,0.600000
10987,s,0.200000
10988,d,0.600000
10989,p,0.600000
10990,s,0.400000
10991,s,0.600000
10992,d,0.400000
10993,s,0.800000
10994,p,0.200000
10995,p,0.400000
10996,s,0.800000
10997,s,0.400000
10998,p,0.600000
10999,s,0.400000
11000,p,0.600000
11001,s,0.400000
11002,s,0.400000
11003,d,0.600000
11004,s,0.800000
11005,s,0.400000
11006,d,0.800000
11007,p,0.600000
11008,s,0.400000
11009,d,0.400000
11010,d,0.600000
11011,d,0.400000
11012,p,0.400000
11013,s,0.400000
11014,s,0.600000
11015,d,0.600000
11016,s,0.400000
11017,d,0.600000
11018,s,0.800000
11019,d,0.600000
11020,s,0.400000
11021,p,0.600000
11022,p,0.200000
11023,p,0.800000
11024,p,0.600000
11025,d,0.400000
11026,s,0.400000
11027,s,0.400000
11028,s,0.800000
11029,s,1.000000
11030,s,0.600000
11031,p,0.600000
11032,p,0.600000
11033,d,0.400000
11034,s,0.600000
11035,d,0.400000
11036,d,0.400000
11037,s,0.400000
11038,s,0.400000
11039,d,0.400000
11040,s,0.200000
11041,d,0.400000
11042,p,0.400000
11043,p,0.600000
11044,s,0.600000
11045,p,1.000000
11046,s,0.600000
11047,s,0.200000
11048,d,0.400000
11049,d,0.400000
11050,d,0.600000
11051,p,0.400000
11052,p,0.600000
11053,s,0.800000
11054,d,0.600000
11055,p,0.600000
11056,d,0.200000
11057,s,0.400000
11058,d,0.200000
11059,s,0.400000
11060,s,0.400000
11061,d,0.600000
11062,d,0.600000
11063,s,0.800000
11064,s,0.600000
11065,p,0.800000
11066,d,0.400000
11067,d,0.600000
11068,p,0.600000
11069,s,0.800000
11070,p,0.400000
11071,p,0.400000
11072,d,0.600000
11073,d,0.600000
11074,d,0.600000
11075,p,0.400000
11076,d,0.400000
11077,s,0.800000
11078,s,0.400000
11079,s,0.400000
11080,d,0.600000
11081,s,0.800000
11082,s,0.600000
11083,p,0.600000
11084,s,0.400000
11085,p,0.400000
11086,d,0.400000
11087,d,0.600000
11088,p,0.600000
11089,d,0.600000
11090,p,0.600000
11091,d,0.600000
11092,d,0.600000
11093,p,0.600000
11094,d,0.400000
11095,d,0.600000
11096,p,0.400000
11097,p,0.600000
11098,s,0.600000
11099,d,0.400000
11100,s,0.400000
11101,d,0.600000
11102,p,0.600000
11103,s,0.200000
11104,s,0.800000
11105,s,0.400000
11106,d,0.800000
11107,d,0.200000
11108,s,0.400000
11109,d,0.600000
11110,d,0.600000
11111,p,0.600000
11112,s,0.400000
11113,d,0.400000
11114,s,0.600000
11115,s,0.400000
11116,p,0.400000
11117,d,0.400000
11118,d,0.400000
11119,p,0.600000
11120,s,0.200000
11121,d,0.600000
11122,d,0.800000
11123,s,0.800000
11124,s,0.400000
11125,s,0.800000
11126,p,0.400000
11127,d,0.400000
11128,p,0.600000
11129,d,0.400000
11130,d,0.600000
11131,s,0.400000
11132,s,0.400000
11133,s,0.400000
11134,p,0.400000
11135,s,0.400000
11136,d,0.600000
11137,s,0.400000
11138,d,1.000000
11139,p,0.600000
11140,s,0.400000
11141,d,0.600000
11142,p,0.600000
11143,s,0.800000
11144,p,0.400000
11145,p,0.600000
11146,d,0.600000
11147,s,0.200000
11148,p,0.400000
11149,p,0.200000
11150,p,0.400000
11151,s,0.400000
11152,p,0.600000
11153,p,0.600000
11154,p,0.600000
11155,s,0.400000
11156,s,0.400000
11157,d,0.400000
11158,p,0.400000
11159,s,0.600000
11160,s,0.400000
11161,p,0.400000
11162,p,0.400000
11163,d,0.600000
11164,d,0.200000
11165,p,0.400000
11166,d,0.600000
11167,p,0.600000
11168,d,0.400000
11169,d,0.200000
11170,p,0.600000
11171,d,0.600000
11172,d,0.600000
11173,d,0.600000
11174,p,0.400000
11175,s,0.800000
11176,d,0.800000
11177,s,0.400000
11178,d,0.200000
11179,s,0.400000
11180,s,0.600000
11181,p,0.600000
11182,p,0.600000
11183,p,0.600000
11184,p,0.400000
11185,s,0.200000
11186,p,0.400000
11187,d,0.400000
11188,d,0.400000
11189,d,0.400000
11190,p,0.600000
11191,p,0.600000
11192,p,0.600000
11193,p,0.400000
11194,s,0.800000
11195,d,0.600000
11196,p,0.600000
11197,s,0.800000
11198,d,0.400000
11199,d,0.400000
11200,d,0.600000
11201,p,0.200000
11202,p,0.200000
11203,d,0.600000
11204,p,0.800000
11205,p,0.400000
11206,d,0.600000
11207,d,0.600000
11208,d,0.600000
11209,p,0.400000
11210,d,0.400000
11211,p,0.200000
11212,s,0.400000
11213,s,0.800000
11214,d,0.800000
11215,d,0.600000
11216,d,1.000000
11217,s,0.200000
11218,s,0.200000
11219,p,0.400000
11220,p,0.600000
11221,s,0.600000
11222,s,0.400000
11223,p,0.400000
11224,p,0.400000
11225,p,0.400000
11226,s,0.400000
11227,p,0.600000
11228,d,0.800000
11229,p,0.600000
11230,s,0.400000
11231,d,0.400000
11232,p,0.800000
11233,d,0.600000
11234,s,0.400000
11235,p,0.400000
11236,p,0.600000
11237,s,0.600000
11238,s,1.000000
11239,p,0.600000
11240,p,1.000000
11241,d,0.200000
11242,p,0.400000
11243,d,0.600000
11244,p,0.400000
11245,s,0.800000
11246,p,0.600000
11247,d,0.400000
11248,d,0.600000
11249,p,0.400000
11250,d,0.600000
11251,d,0.400000
11252,d,0.800000
11253,p,0.600000
11254,p,0.600000
11255,p,0.800000
11256,p,0.600000
11257,s,0.400000
11258,d,0.400000
11259,d,0.600000
11260,p,0.600000
11261,s,0.400000
11262,d,0.400000
11263,d,0.400000
11264,s,0.800000
11265,p,0.400000
11266,d,0.600000
11267,p,0.600000
11268,s,0.800000
11269,p,0.600000
11270,s,0.400000
11271,d,0.200000
11272,p,0.400000
11273,d,0.400000
11274,d,0.600000
11275,s,0.800000
11276,s,0.800000
11277,p,0.400000
11278,s,0.400000
11279,p,0.600000
11280,d,0.600000
11281,d,0.400000
11282,d,0.400000
11283,s,0.400000
11284,d,0.600000
11285,s,0.800000
11286,s,0.400000
11287,s,0.800000
11288,p,0.400000
11289,d,0.600000
11290,s,0.800000
11291,d,0.400000
11292,p,0.600000
11293,d,0.600000
11294,p,0.600000
11295,s,0.800000
11296,s,0.400000
11297,d,1.000000
11298,s,0.800000
11299,p,0.800000
11300,p,0.600000
11301,p,0.400000
11302,p,0.600000
11303,d,0.600000
11304,p,0.200000
11305,d,0.400000
11306,d,0.600000
11307,p,0.200000
11308,d,0.400000
11309,s,0.800000
11310,d,0.400000
11311,d,0.600000
11312,s,0.800000
11313,d,0.400000
11314,p,0.600000
11315,p,0.800000
11316,p,0.400000
11317,p,0.600000
11318,s,0.200000
11319,p,0.400000
11320,d,0.600000
11321,s,0.800000
11322,p,0.200000
11323,d,0.600000
11324,p,0.400000
11325,d,0.400000
11326,p,0.200000
11327,d,0.600000
11328,d,0.400000
11329,p,0.400000
11330,p,0.400000
11331,d,0.600000
11332,d,0.600000
11333,p,0.600000
11334,p,0.600000
11335,s,0.200000
11336,s,0.600000
11337,d,0.600000
11338,p,0.600000
11339,d,0.400000
11340,s,0.400000
11341,p,0.600000
11342,s,0.800000
11343,p,0.400000
11344,d,0.600000
11345,p,0.400000
11346,d,0.600000
11347,p,0.600000
11348,p,1.000000
11349,d,0.600000
11350,d,0.600000
11351,d,0.200000
11352,p,0.400000
11353,d,0.600000
11354,d,0.800000
11355,d,0.400000
11356,p,0.200000
11357,p,0.600000
11358,p,0.600000
11359,s,0.400000
11360,d,0.600000
11361,d,0.600000
11362,p,0.600000
11363,d,0.600000
11364,d,0.600000
11365,p,0.400000
11366,p,0.600000
11367,s,0.400000
11368,s,0.400000
11369,d,0.400000
11370,d,0.400000
11371,p,0.600000
11372,p,0.400000
11373,p,0.600000
11374,p,0.400000
11375,d,0.200000
11376,d,0.400000
11377,p,0.600000
11378,d,0.600000
11379,p,0.600000
11380,d,0.400000
11381,s,0.400000
11382,p,0.600000
11383,d,0.400000
11384,s,0.200000
11385,s,0.800000
11386,p,0.600000
11387,s,0.400000
11388,p,0.600000
11389,p,0.200000
11390,p,0.400000
11391,d,0.400000
11392,d,0.600000
11393,d,0.400000
11394,p,0.400000
11395,s,0.400000
11396,d,0.600000
11397,p,0.600000
11398,s,0.400000
11399,d,0.600000
11400,d,0.800000
11401,d,0.600000
11402,p,0.600000
11403,s,0.400000
11404,d,0.800000
11405,p,0.400000
11406,d,0.600000
11407,d,0.400000
11408,p,0.400000
11409,d,0.400000
11410,s,0.800000
11411,d,0.600000
11412,s,0.600000
11413,p,0.600000
11414,s,0.400000
11415,p,0.200000
11416,p,0.200000
11417,d,0.600000
11418,d,0.600000
11419,d,0.400000
11420,d,0.600000
11421,p,0.400000
11422,s,0.400000
11423,p,0.600000
11424,s,0.800000
11425,p,0.600000
11426,p,0.200000
11427,s,0.800000
11428,s,0.200000
11429,p,0.600000
11430,s,0.600000
11431,p,0.600000
11432,s,0.200000
11433,s,0.400000
11434,p,0.600000
11435,s,0.400000
11436,s,0.400000
11437,p,0.400000
11438,s,0.400000
11439,d,0.600000
11440,p,0.400000
11441,d,0.400000
11442,p,0.800000
11443,d,0.400000
11444,p,0.400000
11445,d,0.200000
11446,d,0.400000
11447,p,0.600000
11448,d,0.600000
11449,s,0.400000
11450,p,0.400000
11451,d,0.400000
11452,d,0.400000
11453,p,0.400000
11454,s,0.800000
11455,p,0.600000
11456,s,0.400000
11457,p,0.800000
11458,s,0.200000
11459,p,0.600000
11460,p,0.600000
11461,d,0.600000
11462,s,0.800000
11463,s,0.800000
11464,s,0.200000
11465,d,0.600000
11466,d,0.600000
11467,p,0.600000
11468,s,0.400000
11469,d,0.600000
11470,d,0.400000
11471,p,1.000000
11472,d,0.400000
11473,d,0.200000
11474,s,1.000000
11475,s,0.800000
11476,p,0.600000
11477,s,0.400000
11478,p,0.600000
11479,p,0.600000
11480,d,0.400000
11481,d,0.600000
11482,d,0.400000
11483,s,0.400000
11484,p,0.600000
11485,s,0.400000
11486,d,0.600000
11487,p,0.800000
11488,s,0.200000
11489,s,0.800000
11490,p,0.600000
11491,d,0.400000
11492,s,0.400000
11493,d,0.200000
11494,d,0.400000
11495,d,1.000000
11496,p,1.000000
11497,d,0.400000
11498,p,0.800000
11499,p,0.400000
11500,p,0.600000
11501,s,0.400000
11502,p,0.600000
11503,s,0.400000
11504,p,0.600000
11505,s,0.400000
11506,s,0.200000
11507,s,0.400000
11508,d,0.200000
11509,s,0.800000
11510,d,0.400000
11511,s,0.800000
11512,p,0.600000
11513,p,0.400000
11514,d,0.600000
11515,d,0.400000
11516,s,0.800000
11517,d,0.400000
11518,p,0.400000
11519,d,0.800000
11520,p,0.600000
11521,s,0.400000
11522,s,0.600000
11523,p,0.400000
11524,d,0.200000
11525,s,0.800000
11526,p,0.600000
11527,d,0.400000
11528,d,0.800000
11529,s,0.400000
11530,s,0.600000
11531,p,0.800000
11532,p,0.600000
11533,s,0.400000
11534,d,0.600000
11535,p,0.400000
11536,d,0.600000
11537,p,0.800000
11538,d,0.600000
11539,s,0.200000
11540,d,0.600000
11541,d,0.800000
11542,s,0.400000
11543,s,0.400000
11544,d,0.400000
11545,s,0.400000
11546,s,0.800000
11547,p,0.200000
11548,d,0.600000
11549,d,0.400000
11550,p,0.600000
11551,d,0.400000
11552,s,0.400000
11553,d,0.400000
11554,s,0.400000
11555,d,0.600000
11556,d,0.800000
11557,d,0.200000
11558,p,0.400000
11559,d,0.600000
11560,d,0.800000
11561,p,0.600000
11562,d,0.600000
11563,d,0.600000
11564,s,0.400000
11565,p,0.400000
11566,s,0.800000
11567,d,0.400000
11568,d,0.600000
11569,d,0.400000
11570,p,0.600000
11571,d,0.400000
11572,s,0.400000
11573,s,0.800000
11574,p,0.600000
11575,d,0.600000
11576,p,0.600000
11577,d,0.600000
11578,s,0.800000
11579,d,0.400000
11580,s,0.200000
11581,s,0.800000
11582,d,0.200000
11583,d,0.200000
11584,d,0.400000
11585,p,0.400000
11586,s,0.400000
11587,p,0.400000
11588,p,0.400000
11589,p,0.400000
11590,p,0.400000
11591,p,0.600000
11592,s,0.600000
11593,s,0.600000
11594,s,0.200000
11595,s,0.800000
11596,d,0.800000
11597,d,0.400000
11598,d,0.600000
11599,s,0.600000
11600,d,0.200000
11601,p,0.600000
11602,p,0.600000
11603,p,0.800000
11604,p,0.800000
11605,p,0.200000
11606,s,0.200000
11607,p,0.600000
11608,s,0.400000
11609,p,0.600000
11610,p,0.400000
11611,s,0.400000
11612,p,0.400000
11613,s,0.400000
11614,d,1.000000
11615,p,0.600000
11616,p,0.400000
11617,s,0.400000
11618,d,0.600000
11619,p,0.600000
11620,s,0.600000
11621,p,0.400000
11622,p,0.400000
11623,d,0.600000
11624,d,0.800000
11625,d,0.800000
11626,d,0.600000
11627,s,0.600000
11628,s,0.600000
11629,p,0.400000
11630,p,0.600000
11631,d,0.600000
11632,s,0.400000
11633,d,0.400000
11634,p,0.400000
11635,d,0.400000
11636,s,0.600000
11637,s,0.800000
11638,s,0.400000
11639,p,0.400000
11640,d,0.200000
11641,d,0.600000
11642,d,0.600000
11643,s,0.200000
11644,d,0.400000
11645,s,0.800000
11646,p,0.200000
11647,p,0.600000
11648,d,0.400000
11649,s,0.400000
11650,p,0.600000
11651,p,0.600000
11652,d,0.400000
11653,s,0.400000
11654,p,1.000000
11655,d,0.600000
11656,d,0.400000
11657,s,0.400000
11658,s,0.400000
11659,d,0.600000
11660,s,0.400000
11661,d,0.600000
11662,d,0.600000
11663,s,0.800000
11664,p,0.400000
11665,p,0.600000
11666,d,0.400000
11667,s,0.600000
11668,p,0.200000
11669,d,0.600000
11670,p,0.200000
11671,p,0.600000
11672,d,0.600000
11673,d,0.400000
11674,p,0.200000
11675,s,0.400000
11676,p,0.400000
11677,d,0.400000
11678,s,0.400000
11679,s,0.400000
11680,p,0.400000
11681,p,0.400000
11682,s,0.800000
11683,d,0.600000
11684,p,1.000000
11685,d,0.600000
11686,d,0.600000
11687,s,0.800000
11688,s,0.800000
11689,d,0.400000
11690,p,0.400000
11691,d,0.600000
11692,d,0.600000
11693,s,0.600000
11694,s,0.400000
11695,d,0.400000
11696,p,0.400000
11697,s,0.400000
11698,d,0.400000
11699,d,0.400000
11700,s,0.400000
11701,d,0.600000
11702,s,0.400000
11703,p,0.400000
11704,s,0.800000
11705,d,0.400000
11706,d,0.400000
11707,p,0.600000
11708,d,0.600000
11709,p,0.600000
11710,p,0.400000
11711,d,0.600000
11712,p,0.600000
11713,s,0.400000
11714,d,0.800000
11715,p,0.400000
11716,p,0.600000
11717,d,0.400000
11718,p,0.600000
11719,d,0.200000
11720,p,0.400000
11721,p,0.600000
11722,s,0.800000
11723,p,0.200000
11724,p,0.400000
11725,s,0.400000
11726,d,0.400000
11727,s,0.800000
11728,d,0.600000
11729,s,0.600000
11730,p,0.600000
11731,p,0.400000
11732,s,0.400000
11733,s,0.400000
11734,p,0.400000
11735,d,0.400000
11736,p,0.200000
11737,d,0.600000
11738,s,0.800000
11739,s,0.800000
11740,p,0.400000
11741,s,0.400000
11742,p,0.200000
11743,d,0.600000
11744,p,0.400000
11745,p,0.600000
11746,s,0.400000
11747,d,0.400000
11748,s,0.200000
11749,p,0.400000
11750,p,0.600000
11751,s,0.800000
11752,s,0.200000
11753,s,0.200000
11754,p,0.400000
11755,s,0.400000
11756,d,0.400000
11757,d,0.600000
11758,s,0.800000
11759,d,0.600000
11760,s,0.400000
11761,s,0.600000
11762,s,0.800000
11763,p,0.800000
11764,s,0.800000
11765,d,1.000000
11766,s,0.800000
11767,s,0.600000
11768,p,0.600000
11769,p,0.600000
11770,d,0.600000
11771,p,0.600000
11772,d,0.600000
11773,p,0.600000
11774,d,0.600000
11775,d,0.600000
11776,s,0.400000
11777,s,0.400000
11778,p,0.600000
11779,s,0.200000
11780,s,0.600000
11781,d,0.400000
11782,s,0.200000
11783,d,0.600000
11784,p,0.400000
11785,d,0.600000
11786,d,0.600000
11787,p,0.600000
11788,p,0.400000
11789,p,0.400000
11790,p,0.600000
11791,d,0.800000
11792,p,0.400000
11793,s,0.400000
11794,d,0.600000
11795,d,1.000000
11796,p,0.600000
11797,s,0.200000
11798,p,0.400000
11799,d,0.600000
11800,s,0.400000
11801,s,0.600000
11802,p,0.800000
11803,d,0.400000
11804,d,0.400000
11805,p,0.400000
11806,d,0.800000
11807,p,0.600000
11808,d,0.600000
11809,p,0.400000
11810,s,0.400000
11811,d,0.600000
11812,s,0.200000
11813,d,0.800000
11814,p,0.600000
11815,s,0.400000
11816,s,0.400000
11817,s,0.400000
11818,d,0.400000
11819,s,0.400000
11820,d,0.800000
11821,p,0.800000
11822,d,0.600000
11823,s,0.800000
11824,p,0.600000
11825,p,0.600000
11826,d,0.400000
11827,d,0.400000
11828,s,0.400000
11829,p,0.600000
11830,s,0.200000
11831,p,0.600000
11832,d,0.400000
11833,p,0.600000
11834,d,0.600000
11835,d,0.400000
11836,s,0.400000
11837,p,0.400000
11838,p,0.200000
11839,s,0.400000
11840,s,0.400000
11841,s,1.000000
11842,d,0.600000
11843,d,0.400000
11844,d,0.400000
11845,d,0.400000
11846,s,0.800000
11847,d,0.600000
11848,p,0.600000
11849,d,0.400000
11850,p,0.600000
11851,p,0.600000
11852,p,0.600000
11853,d,0.400000
11854,d,0.200000
11855,s,0.400000
11856,d,0.400000
11857,d,0.600000
11858,s,0.400000
11859,p,0.400000
11860,s,0.400000
11861,d,0.400000
11862,p,0.400000
11863,p,0.600000
11864,p,0.400000
11865,p,0.600000
11866,d,0.600000
11867,d,0.400000
11868,p,0.800000
11869,d,0.400000
11870,d,0.600000
11871,d,0.800000
11872,p,0.600000
11873,s,0.200000
11874,p,0.600000
11875,s,0.400000
11876,d,0.600000
11877,s,0.400000
11878,d,0.200000
11879,d,0.400000
11880,d,0.400000
11881,s,0.800000
11882,s,0.800000
11883,s,1.000000
11884,s,0.400000
11885,p,0.800000
11886,d,0.400000
11887,d,0.800000
11888,d,0.600000
11889,p,0.400000
11890,p,0.400000
11891,d,0.400000
11892,p,0.400000
11893,s,0.800000
11894,p,0.400000
11895,s,0.200000
11896,d,0.200000
11897,d,0.400000
11898,s,0.400000
11899,p,0.600000
11900,d,0.200000
11901,d,0.800000
11902,p,0.400000
11903,d,0.600000
11904,p,0.600000
11905,p,0.600000
11906,p,0.400000
11907,p,0.400000
11908,p,0.400000
11909,d,0.200000
11910,p,0.400000
11911,d,0.800000
11912,p,0.200000
11913,p,0.200000
11914,p,0.600000
11915,d,0.400000
11916,s,0.400000
11917,p,0.600000
11918,d,0.600000
11919,p,0.400000
11920,p,0.400000
11921,p,0.600000
11922,d,0.600000
11923,p,0.600000
11924,s,0.400000
11925,d,0.400000
11926,d,0.600000
11927,p,0.400000
11928,s,0.400000
11929,p,0.600000
11930,s,0.400000
11931,d,0.800000
11932,s,0.800000
11933,p,0.400000
11934,p,0.600000
11935,d,0.400000
11936,s,0.400000
11937,p,0.600000
11938,s,0.800000
11939,s,0.400000
11940,d,0.800000
11941,d,0.800000
11942,d,0.400000
11943,s,0.400000
11944,s,0.800000
11945,p,0.400000
11946,d,0.600000
11947,p,0.800000
11948,d,0.600000
11949,d,0.600000
11950,d,0.400000
11951,p,0.600000
11952,s,0.600000
11953,p,0.600000
11954,s,1.000000
11955,d,0.400000
11956,d,0.400000
11957,d,0.200000
11958,s,0.400000
11959,d,0.600000
11960,s,0.400000
11961,d,0.400000
11962,p,0.400000
11963,s,0.400000
11964,s,0.400000
11965,s,0.800000
11966,s,0.400000
11967,p,0.400000
11968,d,0.400000
11969,d,0.600000
11970,p,0.600000
11971,p,0.800000
11972,d,0.400000
11973,d,0.600000
11974,d,0.800000
11975,d,0.400000
11976,p,0.600000
11977,p,0.600000
11978,s,0.600000
11979,d,0.400000
11980,p,0.400000
11981,s,0.400000
11982,s,0.600000
11983,s,0.800000
11984,d,0.600000
11985,s,0.400000
11986,d,0.400000
11987,s,0.800000
11988,d,0.600000
11989,d,0.800000
11990,s,0.400000
11991,s,0.400000
11992,d,0.600000
11993,p,0.400000
11994,s,0.400000
11995,d,0.800000
11996,d,0.600000
11997,s,0.200000
11998,s,0.800000
11999,s,0.800000
12000,s,0.800000
12001,d,1.000000
12002,d,0.600000
12003,s,0.800000
12004,p,0.600000
12005,p,0.600000
12006,s,0.800000
12007,p,0.400000
12008,s,1.000000
12009,d,0.400000
12010,p,0.600000
12011,d,0.600000
12012,s,0.200000
12013,p,0.600000
12014,d,0.800000
12015,s,0.400000
12016,d,0.600000
12017,d,0.600000
12018,s,0.400000
12019,s,0.400000
12020,p,0.600000
12021,s,0.800000
12022,d,0.600000
12023,p,0.400000
12024,s,0.600000
12025,p,0.400000
12026,d,0.400000
12027,s,0.400000
12028,s,0.200000
12029,d,0.600000
12030,p,0.600000
12031,s,0.400000
12032,d,0.400000
12033,s,0.600000
12034,d,0.200000
12035,p,0.400000
12036,s,0.200000
12037,s,0.200000
12038,d,0.600000
12039,p,0.600000
12040,d,0.600000
12041,d,0.800000
12042,s,0.800000
12043,s,0.800000
12044,s,0.400000
12045,p,0.400000
12046,p,0.200000
12047,p,0.400000
12048,p,0.600000
12049,d,0.400000
12050,d,0.600000
12051,s,0.800000
12052,s,0.800000
12053,d,0.600000
12054,s,0.400000
12055,d,0.600000
12056,p,0.600000
12057,p,0.600000
12058,s,0.400000
12059,s,0.400000
12060,s,0.200000
12061,d,0.600000
12062,d,0.600000
12063,p,0.400000
12064,d,0.600000
12065,d,0.600000
12066,p,1.000000
12067,s,0.800000
12068,s,0.800000
12069,s,0.400000
12070,p,0.600000
12071,s,0.800000
12072,s,0.800000
12073,p,0.400000
12074,d,0.400000
12075,p,0.600000
12076,p,0.600000
12077,p,0.600000
12078,d,0.800000
12079,s,0.800000
12080,p,0.600000
12081,d,0.400000
12082,s,0.800000
12083,s,0.800000
12084,s,0.800000
12085,d,0.600000
12086,s,0.200000
12087,d,0.600000
12088,d,0.400000
12089,s,0.800000
12090,p,0.600000
12091,p,0.600000
12092,d,0.600000
12093,d,0.600000
12094,s,0.800000
12095,d,0.800000
12096,d,0.400000
12097,d,0.400000
12098,d,0.600000
12099,d,0.600000
12100,s,0.400000
12101,d,0.800000
12102,s,0.600000
12103,p,0.400000
12104,p,0.600000
12105,d,0.400000
12106,p,0.800000
12107,s,0.800000
12108,s,0.400000
12109,s,0.200000
12110,s,0.400000
12111,s,0.600000
12112,d,0.200000
12113,s,0.800000
12114,d,0.200000
12115,s,0.800000
12116,d,0.200000
12117,d,0.600000
12118,d,0.400000
12119,d,0.800000
12120,p,0.400000
12121,d,0.600000
12122,s,0.600000
12123,p,0.600000
12124,s,0.800000
12125,s,0.800000
12126,p,0.600000
12127,s,0.200000
12128,d,0.200000
12129,s,1.000000
12130,s,0.400000
12131,p,0.600000
12132,d,0.400000
12133,p,0.600000
12134,s,0.800000
12135,d,0.400000
12136,p,0.600000
12137,d,0.800000
12138,s,0.200000
12139,s,0.400000
12140,d,0.600000
12141,d,0.600000
12142,s,0.800000
12143,p,0.400000
12144,p,0.600000
12145,p,0.600000
12146,d,0.400000
12147,p,0.600000
12148,d,0.600000
12149,s,0.800000
12150,p,0.600000
12151,d,0.400000
12152,s,0.200000
12153,p,0.600000
12154,p,0.400000
12155,s,0.400000
12156,p,0.400000
12157,s,0.600000
12158,p,0.600000
12159,p,0.800000
12160,d,0.200000
12161,d,0.600000
12162,p,0.800000
12163,p,0.400000
12164,s,0.200000
12165,d,0.400000
12166,d,0.800000
12167,d,0.600000
12168,s,0.600000
12169,p,0.400000
12170,d,0.600000
12171,s,0.800000
12172,s,0.400000
12173,d,0.400000
12174,p,0.400000
12175,d,0.600000
12176,d,0.200000
12177,d,0.800000
12178,s,0.400000
12179,d,0.600000
12180,s,0.400000
12181,s,0.800000
12182,s,0.600000
12183,s,1.000000
12184,s,0.400000
12185,s,0.800000
12186,s,0.600000
12187,s,0.400000
12188,s,0.400000
12189,s,0.600000
12190,p,0.600000
12191,s,0.400000
12192,p,0.200000
12193,s,0.800000
12194,s,0.600000
12195,s,0.800000
12196,d,0.400000
12197,d,0.400000
12198,p,0.600000
12199,s,0.400000
12200,s,0.800000
12201,d,0.400000
12202,s,0.800000
12203,s,0.400000
12204,d,0.600000
12205,s,0.200000
12206,s,0.400000
12207,p,0.600000
12208,p,0.400000
12209,d,0.400000
12210,p,0.600000
12211,p,0.600000
12212,d,0.600000
12213,d,0.600000
12214,p,0.400000
12215,s,0.800000
12216,d,0.400000
12217,d,0.600000
12218,p,0.600000
12219,s,0.200000
12220,s,0.800000
12221,p,0.400000
12222,d,0.600000
12223,s,0.400000
12224,p,0.400000
12225,s,0.800000
12226,d,0.400000
12227,s,0.200000
12228,s,0.800000
12229,p,0.200000
12230,p,0.800000
12231,s,0.800000
12232,s,0.400000
12233,s,0.800000
12234,d,0.400000
12235,s,0.600000
12236,p,0.400000
12237,p,0.600000
12238,p,0.200000
12239,d,0.800000
12240,p,0.400000
12241,s,0.800000
12242,s,0.600000
12243,d,0.600000
12244,d,0.600000
12245,s,0.800000
12246,p,0.400000
12247,p,0.600000
12248,s,0.400000
12249,p,0.400000
12250,p,0.800000
12251,s,0.400000
12252,p,0.600000
12253,p,0.400000
12254,d,0.600000
12255,s,0.800000
12256,s,0.400000
12257,s,0.800000
12258,d,0.400000
12259,s,0.400000
12260,p,0.600000
12261,d,0.600000
12262,s,0.600000
12263,s,0.400000
12264,s,0.800000
12265,s,0.400000
12266,s,0.600000
12267,s,0.200000
12268,s,0.600000
12269,s,0.600000
12270,s,0.400000
12271,p,0.600000
12272,d,0.600000
12273,s,0.400000
12274,s,0.400000
12275,s,0.800000
12276,d,0.600000
12277,p,0.400000
12278,p,0.600000
12279,d,0.600000
12280,d,0.400000
12281,s,0.600000
12282,d,0.400000
12283,d,0.600000
12284,p,0.200000
12285,s,0.400000
12286,d,0.600000
12287,p,0.600000
12288,p,0.200000
12289,p,0.800000
12290,p,0.600000
12291,s,0.400000
12292,p,0.400000
12293,p,0.400000
12294,s,0.400000
12295,s,0.800000
12296,d,0.600000
12297,p,0.600000
12298,d,0.400000
12299,p,1.000000
12300,d,0.600000
12301,p,0.200000
12302,d,0.600000
12303,p,1.000000
12304,s,0.200000
12305,d,0.600000
12306,s,0.400000
12307,d,0.200000
12308,p,0.600000
12309,p,0.600000
12310,p,0.400000
12311,d,0.400000
12312,s,0.600000
12313,s,0.600000
12314,s,0.400000
12315,s,0.800000
12316,d,0.400000
12317,s,0.400000
12318,s,0.600000
12319,s,0.600000
12320,s,0.800000
12321,p,0.600000
12322,s,0.800000
12323,p,0.600000
12324,d,0.400000
12325,s,0.400000
12326,s,0.400000
12327,d,0.400000
12328,s,0.400000
12329,d,0.600000
12330,d,0.600000
12331,p,0.400000
12332,s,0.400000
12333,d,0.400000
12334,d,0.400000
12335,s,0.200000
12336,s,0.600000
12337,s,0.800000
12338,s,0.800000
12339,d,0.600000
12340,s,0.400000
12341,p,0.600000
12342,p,0.600000
12343,d,0.600000
12344,s,0.200000
12345,s,0.800000
12346,p,0.600000
12347,d,0.400000
12348,p,0.800000
12349,p,0.400000
12350,d,0.600000
12351,p,0.600000
12352,d,0.400000
12353,d,0.400000
12354,s,0.200000
12355,d,0.400000
12356,d,0.400000
12357,p,0.400000
12358,p,1.000000
12359,p,0.400000
12360,s,0.400000
12361,p,0.400000
12362,p,0.400000
12363,d,0.400000
12364,d,0.400000
12365,p,0.600000
12366,p,0.600000
12367,d,0.600000
12368,s,0.400000
12369,s,0.800000
12370,s,0.400000
12371,s,0.400000
12372,s,0.600000
12373,s,0.600000
12374,s,0.600000
12375,p,0.400000
12376,s,0.400000
12377,p,0.400000
12378,d,0.600000
12379,p,0.800000
12380,s,0.400000
12381,p,0.400000
12382,p,0.400000
12383,s,0.400000
12384,s,0.400000
12385,p,0.400000
12386,p,0.600000
12387,p,0.600000
12388,s,0.800000
12389,s,0.600000
12390,s,0.400000
12391,s,0.800000
12392,s,0.600000
12393,s,0.600000
12394,p,0.400000
12395,s,0.400000
12396,s,0.400000
12397,s,0.400000
12398,d,0.600000
12399,d,0.400000
12400,p,0.600000
12401,d,0.600000
12402,s,0.400000
12403,p,0.600000
12404,p,0.600000
12405,p,0.600000
12406,p,0.600000
12407,d,0.600000
12408,s,0.200000
12409,d,0.600000
12410,p,0.600000
12411,s,0.400000
12412,p,0.600000
12413,d,0.400000
12414,d,0.800000
12415,d,0.400000
12416,s,0.600000
12417,d,0.400000
12418,p,1.000000
12419,p,0.200000
12420,s,0.600000
12421,s,0.400000
12422,d,0.400000
12423,p,0.600000
12424,s,0.400000
12425,p,0.600000
12426,d,0.400000
12427,d,0.600000
12428,d,0.600000
12429,s,0.400000
12430,d,0.400000
12431,s,0.400000
12432,d,0.600000
12433,d,0.600000
12434,s,0.600000
12435,p,0.400000
12436,s,0.200000
12437,d,0.600000
12438,s,0.600000
12439,p,0.600000
12440,p,0.400000
12441,p,1.000000
12442,s,0.400000
12443,d,0.600000
12444,p,0.600000
12445,d,0.400000
12446,d,0.400000
12447,p,0.600000
12448,p,0.400000
12449,d,0.600000
12450,s,0.600000
12451,p,0.600000
12452,s,0.600000
12453,d,0.600000
12454,d,0.600000
12455,p,0.200000
12456,s,0.600000
12457,s,0.400000
12458,p,0.600000
12459,p,0.400000
12460,s,0.400000
12461,p,0.600000
12462,d,0.400000
12463,s,0.400000
12464,p,0.400000
12465,s,0.800000
12466,d,0.600000
12467,s,0.800000
12468,d,0.600000
12469,p,0.400000
12470,s,0.200000
12471,d,0.600000
12472,d,0.400000
12473,p,0.600000
12474,p,0.400000
12475,d,0.400000
12476,p,0.600000
12477,d,0.800000
12478,d,0.400000
12479,p,0.600000
12480,p,0.600000
12481,s,1.000000
12482,d,0.400000
12483,s,0.400000
12484,d,0.200000
12485,d,0.600000
12486,d,0.600000
12487,s,0.800000
12488,d,0.400000
12489,s,0.400000
12490,d,0.600000
12491,d,0.400000
12492,p,0.600000
12493,p,0.600000
12494,s,0.400000
12495,p,0.600000
12496,p,0.200000
12497,p,0.400000
12498,s,0.200000
12499,d,0.400000
12500,s,0.400000
12501,d,0.400000
12502,p,0.200000
12503,p,0.800000
12504,s,0.800000
12505,p,0.600000
12506,s,0.800000
12507,s,0.400000
12508,s,0.400000
12509,d,0.600000
12510,s,0.200000
12511,s,0.200000
12512,p,0.600000
12513,s,0.800000
12514,s,0.800000
12515,p,0.600000
12516,s,0.600000
12517,d,0.400000
12518,p,0.600000
12519,s,0.600000
12520,d,1.000000
12521,p,0.600000
12522,p,0.400000
12523,p,0.600000
12524,s,0.800000
12525,s,0.400000
12526,d,0.600000
12527,d,0.400000
12528,d,0.400000
12529,s,0.400000
12530,d,0.600000
12531,d,0.400000
12532,s,0.800000
12533,s,0.400000
12534,p,0.400000
12535,d,0.400000
12536,s,0.800000
12537,d,0.600000
12538,p,0.400000
12539,s,0.800000
12540,p,0.400000
12541,p,0.600000
12542,d,0.400000
12543,s,0.200000
12544,s,0.800000
12545,s,0.400000
12546,d,0.200000
12547,p,0.400000
12548,d,0.600000
12549,p,0.400000
12550,p,0.400000
12551,d,0.600000
12552,d,0.600000
12553,d,0.400000
12554,s,0.200000
12555,d,1.000000
12556,s,0.400000
12557,d,0.400000
12558,p,0.400000
12559,p,0.400000
12560,s,0.400000
12561,d,0.600000
12562,d,0.400000
12563,d,0.400000
12564,s,0.600000
12565,d,0.600000
12566,p,0.400000
12567,d,0.400000
12568,p,0.600000
12569,s,0.200000
12570,s,0.600000
12571,d,0.600000
12572,p,0.600000
12573,p,0.200000
12574,s,0.800000
12575,s,0.400000
12576,p,0.200000
12577,p,0.400000
12578,d,0.400000
12579,p,0.600000
12580,d,0.600000
12581,p,0.600000
12582,d,0.400000
12583,s,0.400000
12584,p,0.400000
12585,p,0.400000
12586,p,0.400000
12587,s,0.400000
12588,d,0.600000
12589,s,0.800000
12590,s,0.400000
12591,p,0.800000
12592,s,0.800000
12593,s,0.400000
12594,p,0.400000
12595,d,0.600000
12596,s,0.200000
12597,s,0.400000
12598,p,0.800000
12599,d,0.400000
12600,d,0.400000
12601,s,0.400000
12602,s,0.800000
12603,d,0.400000
12604,p,0.400000
12605,p,0.400000
12606,d,0.400000
12607,p,0.200000
12608,p,0.400000
12609,p,0.600000
12610,p,0.400000
12611,p,0.600000
12612,s,0.800000
12613,p,0.600000
12614,p,0.600000
12615,d,0.400000
12616,d,0.400000
12617,p,0.400000
12618,s,0.600000
12619,s,0.400000
12620,d,0.400000
12621,d,0.600000
12622,d,0.600000
12623,d,0.400000
12624,s,0.400000
12625,d,0.400000
12626,d,0.600000
12627,s,0.400000
12628,s,0.800000
12629,d,0.400000
12630,d,0.600000
12631,p,0.600000
12632,s,0.400000
12633,p,0.400000
12634,d,0.400000
12635,s,0.400000
12636,d,0.400000
12637,p,0.400000
12638,p,0.600000
12639,p,0.400000
12640,s,0.800000
12641,s,0.600000
12642,p,0.400000
12643,p,0.600000
12644,d,0.600000
12645,p,0.400000
12646,s,0.400000
12647,p,0.200000
12648,s,0.800000
12649,p,0.800000
12650,d,0.600000
12651,d,0.400000
12652,d,0.600000
12653,p,0.200000
12654,d,0.600000
12655,d,0.600000
12656,d,0.800000
12657,d,0.400000
12658,d,0.400000
12659,d,0.400000
12660,s,0.800000
12661,d,0.200000
12662,s,0.600000
12663,p,0.200000
12664,s,0.800000
12665,s,0.600000
12666,p,0.600000
12667,p,0.800000
12668,s,0.600000
12669,d,0.400000
12670,p,0.200000
12671,p,0.600000
12672,d,0.200000
12673,p,0.400000
12674,p,0.600000
12675,p,0.600000
12676,d,0.400000
12677,d,0.600000
12678,p,0.600000
12679,d,0.600000
12680,d,0.200000
12681,p,0.400000
12682,s,0.200000
12683,s,0.600000
12684,s,0.600000
12685,d,0.600000
12686,d,0.800000
12687,s,0.400000
12688,d,0.600000
12689,s,0.400000
12690,s,0.800000
12691,d,0.600000
12692,s,0.400000
12693,s,0.400000
12694,s,0.800000
12695,s,0.400000
12696,d,0.600000
12697,p,0.600000
12698,s,0.800000
12699,s,0.800000
12700,d,0.400000
12701,d,0.600000
12702,s,0.600000
12703,s,0.600000
12704,p,0.400000
12705,p,0.600000
12706,s,0.400000
12707,d,1.000000
12708,p,0.400000
12709,p,0.400000
12710,p,0.800000
12711,s,0.400000
12712,s,0.800000
12713,d,0.400000
12714,p,0.400000
12715,d,1.000000
12716,p,0.600000
12717,s,0.400000
12718,d,0.600000
12719,p,0.600000
12720,s,0.400000
12721,s,0.800000
12722,s,0.400000
12723,d,0.400000
12724,s,0.600000
12725,s,0.800000
12726,s,0.200000
12727,d,0.600000
12728,p,0.600000
12729,d,0.400000
12730,p,0.800000
12731,s,0.600000
12732,s,0.800000
12733,p,0.400000
12734,s,0.200000
12735,s,0.800000
12736,d,0.400000
12737,d,0.600000
12738,d,0.400000
12739,d,0.800000
12740,d,0.400000
12741,p,0.800000
12742,s,0.200000
12743,p,0.600000
12744,d,0.600000
12745,p,0.800000
12746,p,0.200000
12747,p,0.600000
12748,s,0.400000
12749,s,0.400000
12750,d,0.200000
12751,d,0.600000
12752,p,0.600000
12753,s,0.400000
12754,p,0.400000
12755,p,0.600000
12756,s,0.400000
12757,p,1.000000
12758,s,0.400000
12759,p,1.000000
12760,s,0.400000
12761,p,0.800000
12762,d,0.600000
12763,s,0.400000
12764,p,0.400000
12765,d,0.600000
12766,s,0.800000
12767,d,0.600000
12768,s,0.400000
12769,s,0.400000
12770,s,0.800000
12771,p,0.600000
12772,s,0.400000
12773,s,0.400000
12774,d,0.600000
12775,p,0.400000
12776,p,1.000000
12777,p,0.400000
12778,s,0.400000
12779,p,0.200000
12780,d,0.400000
12781,p,0.600000
12782,s,0.400000
12783,s,0.400000
12784,d,1.000000
12785,p,0.600000
12786,d,0.200000
12787,s,0.400000
12788,s,0.800000
12789,d,0.400000
12790,p,0.600000
12791,p,0.600000
12792,d,0.400000
12793,d,0.400000
12794,p,0.400000
12795,d,0.400000
12796,p,0.200000
12797,d,0.400000
12798,d,0.600000
12799,s,0.800000
12800,p,0.600000
12801,d,0.600000
12802,p,0.600000
12803,d,0.600000
12804,p,0.600000
12805,p,0.600000
12806,s,0.400000
12807,p,0.400000
12808,d,0.600000
12809,p,0.600000
12810,s,0.800000
12811,s,0.400000
12812,d,0.400000
12813,d,0.400000
12814,d,0.600000
12815,p,0.400000
12816,s,0.200000
12817,d,0.600000
12818,p,0.800000
12819,s,0.800000
12820,s,0.800000
12821,s,0.400000
12822,d,0.200000
12823,p,0.200000
12824,p,0.400000
12825,s,0.600000
12826,p,0.200000
12827,d,0.400000
12828,d,0.600000
12829,s,0.200000
12830,d,0.600000
12831,d,0.600000
12832,s,0.800000
12833,p,0.600000
12834,d,1.000000
12835,s,0.600000
12836,s,0.600000
12837,s,0.800000
12838,p,0.400000
12839,d,0.600000
12840,s,0.400000
12841,d,0.600000
12842,p,0.400000
12843,d,0.600000
12844,d,0.800000
12845,p,0.600000
12846,s,0.200000
12847,p,0.600000
12848,d,0.600000
12849,s,0.200000
12850,d,0.400000
12851,d,0.600000
12852,p,0.400000
12853,p,0.600000
12854,p,0.600000
12855,s,0.600000
12856,s,0.400000
12857,s,0.600000
12858,p,0.400000
12859,p,0.600000
12860,d,0.400000
12861,d,0.600000
12862,p,0.600000
12863,d,0.600000
12864,p,0.400000
12865,d,0.800000
12866,d,0.400000
12867,p,0.400000
12868,p,0.400000
12869,s,0.400000
12870,s,0.400000
12871,p,0.400000
12872,p,0.600000
12873,d,0.400000
12874,s,0.400000
12875,s,0.800000
12876,d,0.600000
12877,s,0.400000
12878,d,0.200000
12879,s,0.400000
12880,p,0.400000
12881,s,0.800000
12882,d,0.600000
12883,d,0.400000
12884,s,0.400000
12885,d,0.200000
12886,d,0.600000
12887,p,0.600000
12888,p,0.400000
12889,p,0.600000
12890,s,0.400000
12891,s,0.400000
12892,d,0.400000
12893,s,0.800000
12894,s,0.400000
12895,p,0.400000
12896,d,0.400000
12897,d,0.800000
12898,d,0.600000
12899,p,0.400000
12900,d,0.600000
12901,p,0.600000
12902,s,0.400000
12903,p,0.400000
12904,s,0.800000
12905,s,0.800000
12906,d,0.400000
12907,p,0.400000
12908,s,0.600000
12909,p,0.600000
12910,p,0.600000
12911,d,0.600000
12912,d,0.200000
12913,p,0.400000
12914,d,0.600000
12915,s,0.600000
12916,d,0.800000
12917,p,0.600000
12918,s,0.400000
12919,s,0.800000
12920,s,0.200000
12921,s,0.800000
12922,s,0.600000
12923,d,0.400000
12924,s,0.200000
12925,d,1.000000
12926,d,0.600000
12927,s,0.800000
12928,s,0.600000
12929,p,0.400000
12930,p,0.400000
12931,p,0.600000
12932,p,0.200000
12933,p,0.600000
12934,d,0.400000
12935,p,0.400000
12936,p,0.800000
12937,p,0.600000
12938,p,0.600000
12939,s,0.600000
12940,p,0.400000
12941,p,0.600000
12942,s,0.400000
12943,d,0.400000
12944,p,0.200000
12945,p,0.400000
12946,p,0.600000
12947,p,0.400000
12948,d,0.600000
12949,p,1.000000
12950,d,0.400000
12951,s,0.800000
12952,p,0.600000
12953,p,0.600000
12954,p,0.400000
12955,p,0.400000
12956,p,0.400000
12957,p,0.400000
12958,s,0.200000
12959,s,0.800000
12960,s,0.800000
12961,s,0.400000
12962,d,0.600000
12963,d,0.400000
12964,d,0.600000
12965,d,0.400000
12966,s,0.400000
12967,s,0.800000
12968,p,0.400000
12969,s,0.800000
12970,s,0.600000
12971,d,0.600000
12972,d,0.600000
12973,d,0.600000
12974,s,0.800000
12975,s,0.800000
12976,d,0.400000
12977,d,0.600000
12978,s,0.400000
12979,s,0.800000
12980,p,0.200000
12981,p,0.600000
12982,s,0.400000
12983,p,0.400000
12984,d,0.600000
12985,d,0.600000
12986,p,0.600000
12987,p,0.600000
12988,d,0.600000
12989,d,0.400000
12990,s,0.600000
12991,d,0.600000
12992,d,0.600000
12993,s,0.600000
12994,d,0.800000
12995,d,0.400000
12996,s,0.400000
12997,d,0.800000
12998,p,0.400000
12999,s,0.400000
13000,p,0.400000
13001,p,0.600000
13002,s,0.800000
13003,s,0.400000
13004,d,0.600000
13005,d,0.600000
13006,p,0.600000
13007,d,0.200000
13008,d,0.400000
13009,p,0.600000
13010,d,0.600000
13011,d,0.800000
13012,p,0.400000
13013,d,0.600000
13014,p,0.600000
13015,d,0.400000
13016,d,0.600000
13017,s,0.400000
13018,d,0.600000
13019,s,0.200000
13020,s,0.400000
13021,p,0.400000
13022,d,0.400000
13023,s,0.800000
13024,d,0.600000
13025,p,0.400000
13026,s,0.800000
13027,p,0.400000
13028,d,0.400000
13029,s,0.600000
13030,d,0.600000
13031,d,0.600000
13032,p,0.400000
13033,s,0.600000
13034,d,0.400000
13035,s,0.400000
13036,p,0.600000
13037,p,0.600000
13038,d,0.200000
13039,s,0.400000
13040,d,0.400000
13041,p,0.400000
13042,p,0.600000
13043,p,0.600000
13044,d,0.400000
13045,p,0.600000
13046,s,0.200000
13047,d,0.600000
13048,s,0.400000
13049,d,0.200000
13050,p,0.600000
13051,p,0.600000
13052,d,0.600000
13053,p,0.600000
13054,p,0.600000
13055,s,0.800000
13056,p,0.600000
13057,s,0.400000
13058,s,0.400000
13059,s,0.800000
13060,p,0.600000
13061,p,0.200000
13062,d,0.400000
13063,p,0.600000
13064,p,0.800000
13065,s,0.200000
13066,d,0.400000
13067,p,0.600000
13068,p,0.400000
13069,d,0.600000
13070,s,0.400000
13071,s,0.800000
13072,p,0.400000
13073,s,0.400000
13074,s,0.800000
13075,p,0.600000
13076,p,0.600000
13077,p,0.600000
13078,p,0.600000
13079,d,0.400000
13080,p,1.000000
13081,p,0.400000
13082,s,0.400000
13083,s,0.800000
13084,p,0.600000
13085,s,0.400000
13086,p,0.400000
13087,d,0.400000
13088,p,0.600000
13089,d,0.600000
13090,d,0.600000
13091,s,0.400000
13092,p,0.600000
13093,p,0.600000
13094,d,0.400000
13095,p,0.400000
13096,s,0.400000
13097,d,0.600000
13098,s,0.400000
13099,p,0.400000
13100,s,0.800000
13101,p,0.400000
13102,p,0.600000
13103,p,0.600000
13104,d,0.400000
13105,p,1.000000
13106,p,0.200000
13107,s,0.800000
13108,s,0.800000
13109,d,0.200000
13110,s,0.200000
13111,s,0.400000
13112,d,0.400000
13113,p,0.600000
13114,p,0.600000
13115,d,0.400000
13116,s,0.800000
13117,p,0.600000
13118,d,0.400000
13119,s,0.600000
13120,p,0.800000
13121,p,0.400000
13122,d,0.600000
13123,p,0.600000
13124,d,0.600000
13125,p,0.200000
13126,p,0.400000
13127,d,0.600000
13128,d,0.600000
13129,d,0.200000
13130,d,0.600000
13131,d,0.600000
13132,p,0.400000
13133,s,0.400000
13134,s,0.400000
13135,d,0.800000
13136,s,1.000000
13137,p,0.400000
13138,s,0.800000
13139,d,0.400000
13140,s,0.400000
13141,p,0.600000
13142,d,0.600000
13143,s,0.200000
13144,d,0.600000
13145,s,0.600000
13146,d,0.400000
13147,p,0.600000
13148,p,0.400000
13149,d,0.400000
13150,s,0.400000
13151,s,0.400000
13152,p,0.400000
13153,p,0.800000
13154,p,0.600000
13155,d,0.400000
13156,s,0.600000
13157,d,0.600000
13158,s,0.400000
13159,s,0.400000
13160,s,0.600000
13161,d,0.600000
13162,p,0.600000
13163,d,0.600000
13164,s,0.400000
13165,p,0.600000
13166,p,0.600000
13167,d,0.600000
13168,s,0.400000
13169,s,0.400000
13170,p,0.400000
13171,d,0.600000
13172,s,0.800000
13173,d,0.400000
13174,s,0.600000
13175,s,0.400000
13176,p,0.600000
13177,p,0.600000
13178,p,0.200000
13179,s,0.600000
13180,d,0.400000
13181,d,0.400000
13182,p,0.800000
13183,p,0.400000
13184,s,0.400000
13185,p,0.600000
13186,s,0.600000
13187,s,0.600000
13188,p,0.200000
13189,d,0.400000
13190,p,0.600000
13191,p,0.600000
13192,p,0.600000
13193,s,0.400000
13194,s,0.200000
13195,d,0.600000
13196,d,0.600000
13197,p,0.600000
13198,p,0.600000
13199,p,0.600000
13200,s,0.800000
13201,s,0.400000
13202,p,0.200000
13203,s,0.400000
13204,p,0.600000
13205,p,0.600000
13206,p,0.600000
13207,s,0.400000
13208,p,0.400000
13209,p,0.600000
13210,d,0.400000
13211,d,0.600000
13212,s,0.400000
13213,p,0.400000
13214,p,0.600000
13215,d,0.600000
13216,d,0.600000
13217,s,0.600000
13218,s,0.400000
13219,d,0.400000
13220,d,0.800000
13221,p,0.600000
13222,p,0.800000
13223,s,0.600000
13224,s,0.400000
13225,d,0.400000
13226,p,0.600000
13227,p,0.600000
13228,d,0.600000
13229,d,0.400000
13230,p,0.600000
13231,d,0.600000
13232,p,0.600000
13233,s,0.200000
13234,s,0.800000
13235,s,0.400000
13236,d,0.400000
13237,s,0.800000
13238,p,0.400000
13239,p,0.600000
13240,p,0.400000
13241,p,0.600000
13242,p,0.600000
13243,p,0.400000
13244,d,0.200000
13245,p,0.400000
13246,s,0.800000
13247,p,0.600000
13248,d,0.600000
13249,p,0.200000
13250,d,0.600000
13251,s,0.800000
13252,d,0.600000
13253,d,0.400000
13254,d,0.400000
13255,s,0.800000
13256,s,0.800000
13257,p,0.400000
13258,p,0.400000
13259,s,0.200000
13260,s,0.400000
13261,p,0.800000
13262,p,0.400000
13263,p,0.600000
13264,s,0.400000
13265,s,0.400000
13266,p,0.600000
13267,p,0.600000
13268,s,0.600000
13269,p,0.400000
13270,p,0.200000
13271,p,0.600000
13272,p,0.600000
13273,p,0.600000
13274,p,0.400000
13275,s,0.600000
13276,p,0.400000
13277,p,0.400000
13278,s,0.800000
13279,s,0.400000
13280,s,0.400000
13281,p,0.200000
13282,s,0.600000
13283,d,0.600000
13284,p,0.400000
13285,p,0.400000
13286,p,0.200000
13287,s,0.600000
13288,s,0.400000
13289,p,0.600000
13290,d,0.600000
13291,p,0.600000
13292,p,0.600000
13293,s,0.400000
13294,d,0.600000
13295,d,0.600000
13296,p,0.600000
13297,s,0.600000
13298,s,0.200000
13299,s,0.800000
13300,d,0.400000
13301,d,0.400000
13302,d,0.600000
13303,s,0.200000
13304,s,0.600000
13305,s,0.200000
13306,s,0.600000
13307,d,0.400000
13308,p,0.600000
13309,p,0.600000
13310,p,0.400000
13311,s,0.400000
13312,d,0.600000
13313,d,0.800000
13314,d,0.800000
13315,d,0.600000
13316,s,0.800000
13317,s,0.400000
13318,d,0.400000
13319,d,0.200000
13320,d,0.600000
13321,p,0.600000
13322,d,0.600000
13323,s,0.800000
13324,s,0.800000
13325,p,0.400000
13326,p,0.400000
13327,d,0.600000
13328,s,0.400000
13329,d,0.800000
13330,s,0.400000
13331,p,1.000000
13332,s,0.400000
13333,s,0.600000
13334,s,0.400000
13335,p,0.600000
13336,s,0.200000
13337,d,0.600000
13338,d,0.400000
13339,p,0.400000
13340,s,0.600000
13341,p,0.600000
13342,d,0.600000
13343,d,0.600000
13344,p,0.200000
13345,s,0.800000
13346,p,0.200000
13347,d,0.600000
13348,d,0.200000
13349,s,0.800000
13350,s,0.800000
13351,s,0.200000
13352,p,0.600000
13353,d,0.400000
13354,s,0.600000
13355,d,0.400000
13356,d,0.600000
13357,p,0.400000
13358,p,0.600000
13359,s,0.400000
13360,p,0.600000
13361,s,0.800000
13362,d,0.600000
13363,s,0.800000
13364,p,0.400000
13365,d,0.600000
13366,p,0.800000
13367,d,0.400000
13368,d,0.600000
13369,s,0.600000
13370,d,0.600000
13371,s,0.800000
13372,s,0.800000
13373,s,0.400000
13374,p,0.800000
13375,p,0.400000
13376,s,0.400000
13377,d,0.400000
13378,d,0.600000
13379,d,0.800000
13380,d,0.200000
13381,p,0.400000
13382,d,0.200000
13383,s,0.800000
13384,s,0.400000
13385,s,0.400000
13386,d,0.600000
13387,p,0.600000
13388,s,0.800000
13389,s,0.400000
13390,d,0.600000
13391,s,0.400000
13392,d,0.600000
13393,d,0.400000
13394,s,0.800000
13395,d,0.200000
13396,p,0.600000
13397,d,0.600000
13398,s,0.200000
13399,s,0.400000
13400,p,0.600000
13401,p,0.800000
13402,p,1.000000
13403,p,0.400000
13404,p,0.800000
13405,p,0.600000
13406,p,0.400000
13407,p,0.600000
13408,p,0.400000
13409,p,0.200000
13410,s,0.400000
13411,s,0.600000
13412,s,0.400000
13413,p,0.600000
13414,d,0.600000
13415,p,0.400000
13416,s,0.400000
13417,p,0.600000
13418,p,0.600000
13419,d,0.600000
13420,p,0.600000
13421,s,0.800000
13422,p,0.600000
13423,d,0.600000
13424,d,0.400000
13425,d,0.600000
13426,s,0.400000
13427,s,0.400000
13428,d,0.400000
13429,d,0.400000
13430,p,0.600000
13431,d,0.800000
13432,s,0.600000
13433,d,0.600000
13434,d,0.400000
13435,d,0.600000
13436,p,0.400000
13437,p,0.400000
13438,s,0.600000
13439,s,0.400000
13440,d,0.400000
13441,d,0.600000
13442,s,0.400000
13443,s,0.400000
13444,s,0.800000
13445,p,0.400000
13446,s,0.400000
13447,p,0.600000
13448,s,0.600000
13449,s,1.000000
13450,d,0.400000
13451,s,0.400000
13452,d,0.600000
13453,d,0.400000
13454,s,0.400000
13455,d,0.600000
13456,s,0.400000
13457,s,0.600000
13458,d,0.200000
13459,p,0.200000
13460,s,0.400000
13461,d,0.400000
13462,d,0.400000
13463,s,0.600000
13464,d,0.400000
13465,p,0.200000
13466,s,0.800000
13467,d,0.600000
13468,d,0.600000
13469,p,0.600000
13470,d,0.400000
13471,s,0.800000
13472,d,0.800000
13473,d,0.600000
13474,p,0.200000
13475,p,0.600000
13476,p,0.600000
13477,s,0.800000
13478,s,0.600000
13479,d,0.600000
13480,d,0.600000
13481,d,0.600000
13482,d,0.200000
13483,p,0.400000
13484,p,0.400000
13485,p,0.200000
13486,p,0.600000
13487,s,0.800000
13488,p,0.600000
13489,s,0.600000
13490,d,0.600000
13491,d,0.600000
13492,p,0.600000
13493,p,0.800000
13494,p,0.600000
13495,p,0.400000
13496,d,0.600000
13497,p,0.600000
13498,s,0.400000
13499,p,0.400000
13500,d,0.600000
13501,d,0.200000
13502,s,0.600000
13503,d,0.200000
13504,d,0.400000
13505,d,0.600000
13506,d,0.600000
13507,p,0.800000
13508,p,0.400000
13509,p,0.600000
13510,p,0.800000
13511,s,1.000000
13512,p,0.800000
13513,d,0.600000
13514,p,0.600000
13515,s,0.400000
13516,d,0.600000
13517,p,0.600000
13518,p,0.200000
13519,p,0.200000
13520,p,0.800000
13521,d,0.600000
13522,p,1.000000
13523,p,0.600000
13524,p,0.400000
13525,d,0.600000
13526,d,0.600000
13527,p,0.400000
13528,p,0.600000
13529,d,0.600000
13530,s,0.400000
13531,d,0.800000
13532,s,0.600000
13533,p,0.600000
13534,s,0.800000
13535,d,0.600000
13536,d,0.400000
13537,p,0.200000
13538,s,0.400000
13539,p,0.600000
13540,s,0.800000
13541,s,0.800000
13542,p,1.000000
13543,s,0.800000
13544,s,0.400000
13545,d,0.400000
13546,d,0.400000
13547,d,0.800000
13548,s,0.400000
13549,s,0.800000
13550,d,0.600000
13551,d,0.400000
13552,p,0.200000
13553,s,0.400000
13554,s,0.400000
13555,p,0.600000
13556,s,0.800000
13557,p,0.600000
13558,d,0.600000
13559,s,0.800000
13560,p,0.200000
13561,d,0.600000
13562,p,0.600000
13563,p,0.400000
13564,s,0.400000
13565,s,0.400000
13566,s,0.400000
13567,s,0.400000
13568,d,0.400000
13569,d,0.600000
13570,d,0.600000
13571,s,0.800000
13572,p,0.400000
13573,d,0.400000
13574,d,0.600000
13575,d,0.800000
13576,s,0.400000
13577,p,0.400000
13578,s,0.800000
13579,s,0.400000
13580,s,0.400000
13581,d,0.600000
13582,s,0.800000
13583,s,0.800000
13584,p,0.400000
13585,s,0.400000
13586,d,0.600000
13587,s,0.400000
13588,p,0.400000
13589,p,0.600000
13590,s,0.400000
13591,s,0.600000
13592,s,0.800000
13593,s,0.800000
13594,s,0.800000
13595,s,0.800000
13596,s,0.800000
13597,p,0.800000
13598,s,0.400000
13599,d,0.600000
13600,d,0.600000
13601,s,0.800000
13602,d,0.600000
13603,s,0.200000
13604,p,0.400000
13605,p,0.600000
13606,p,0.600000
13607,p,0.600000
13608,p,0.400000
13609,d,0.400000
13610,p,0.600000
13611,p,0.800000
13612,s,0.600000
13613,d,0.600000
13614,d,0.600000
13615,s,0.400000
13616,d,0.200000
13617,p,0.600000
13618,d,0.600000
13619,p,0.400000
13620,p,0.600000
13621,p,0.600000
13622,d,0.600000
13623,d,0.600000
13624,s,0.800000
13625,p,0.800000
13626,p,0.200000
13627,s,0.600000
13628,s,0.600000
13629,p,0.600000
13630,d,0.600000
13631,s,0.800000
13632,s,0.600000
13633,p,0.200000
13634,s,0.400000
13635,s,0.400000
13636,p,0.400000
13637,p,0.400000
13638,p,0.400000
13639,d,0.400000
13640,p,0.600000
13641,p,0.600000
13642,s,0.800000
13643,s,0.400000
13644,d,0.400000
13645,p,0.400000
13646,s,0.400000
13647,p,0.600000
13648,s,0.400000
13649,d,0.800000
13650,d,0.400000
13651,p,0.400000
13652,d,0.600000
13653,d,0.600000
13654,d,0.800000
13655,s,0.400000
13656,s,0.800000
13657,p,0.600000
13658,d,0.600000
13659,p,0.400000
13660,p,0.400000
13661,d,0.600000
13662,p,0.400000
13663,d,0.600000
13664,p,0.600000
13665,s,0.400000
13666,s,0.400000
13667,p,0.600000
13668,p,0.600000
13669,d,0.400000
13670,d,0.800000
13671,s,1.000000
13672,p,0.800000
13673,d,0.400000
13674,d,0.600000
13675,p,0.600000
13676,s,0.800000
13677,d,0.600000
13678,d,0.400000
13679,s,0.400000
13680,s,0.400000
13681,p,0.200000
13682,p,0.600000
13683,d,0.600000
13684,p,0.600000
13685,p,0.600000
13686,d,0.600000
13687,p,0.600000
13688,p,0.400000
13689,s,0.400000
13690,d,0.400000
13691,d,0.800000
13692,d,0.600000
13693,p,0.400000
13694,p,0.600000
13695,s,0.600000
13696,p,0.400000
13697,s,0.800000
13698,d,0.800000
13699,d,0.200000
13700,s,0.400000
13701,d,0.200000
13702,s,0.800000
13703,d,0.400000
13704,d,0.200000
13705,s,0.400000
13706,p,0.800000
13707,s,0.400000
13708,p,0.600000
13709,s,0.600000
13710,s,0.200000
13711,s,0.600000
13712,s,0.800000
13713,p,0.600000
13714,d,0.600000
13715,p,0.600000
13716,p,0.600000
13717,s,1.000000
13718,d,0.200000
13719,p,0.400000
13720,d,0.600000
13721,p,0.800000
13722,d,0.600000
13723,d,0.400000
13724,p,0.600000
13725,s,0.600000
13726,s,0.600000
13727,d,0.600000
13728,p,0.400000
13729,p,0.600000
13730,d,0.600000
13731,p,0.600000
13732,s,0.600000
13733,s,0.800000
13734,p,0.400000
13735,d,0.400000
13736,p,0.600000
13737,p,0.200000
13738,p,0.600000
13739,d,0.400000
13740,d,0.400000
13741,p,0.600000
13742,s,0.400000
13743,s,0.800000
13744,s,0.800000
13745,d,0.400000
13746,s,0.200000
13747,p,0.600000
13748,d,0.400000
13749,p,0.600000
13750,s,0.800000
13751,p,0.400000
13752,d,0.600000
13753,p,0.200000
13754,p,0.400000
13755,p,0.200000
13756,s,0.400000
13757,s,0.400000
13758,d,0.600000
13759,d,0.400000
13760,p,0.800000
13761,s,0.400000
13762,d,0.600000
13763,p,0.600000
13764,s,0.400000
13765,s,0.800000
13766,p,0.400000
13767,s,0.600000
13768,s,0.400000
13769,s,0.800000
13770,p,0.400000
13771,s,0.800000
13772,d,0.400000
13773,p,0.600000
13774,s,0.800000
13775,s,0.400000
13776,d,0.600000
13777,d,0.400000
13778,s,0.400000
13779,s,0.800000
13780,p,0.400000
13781,p,0.600000
13782,p,0.600000
13783,p,0.400000
13784,s,0.800000
13785,p,0.600000
13786,s,0.800000
13787,p,0.400000
13788,d,0.400000
13789,s,0.400000
13790,d,0.600000
13791,d,0.600000
13792,d,0.200000
13793,p,0.600000
13794,d,0.600000
13795,d,0.600000
13796,p,0.600000
13797,s,0.400000
13798,s,0.400000
13799,d,0.600000
13800,d,0.600000
13801,p,0.600000
13802,p,0.400000
13803,d,0.400000
13804,p,0.200000
13805,s,0.400000
13806,p,0.800000
13807,p,0.400000
13808,d,0.600000
13809,d,0.400000
13810,p,0.600000
13811,d,0.600000
13812,d,0.600000
13813,d,0.800000
13814,p,0.600000
13815,p,0.400000
13816,d,0.600000
13817,d,0.400000
13818,s,0.400000
13819,p,0.200000
13820,d,0.600000
13821,s,0.800000
13822,s,0.400000
13823,d,0.400000
13824,p,0.400000
13825,s,0.400000
13826,s,0.200000
13827,p,0.400000
13828,p,0.200000
13829,d,0.400000
13830,p,0.600000
13831,s,0.600000
13832,d,0.600000
13833,p,0.200000
13834,p,0.400000
13835,d,0.600000
13836,s,0.800000
13837,p,0.600000
13838,p,0.600000
13839,s,0.600000
13840,s,0.200000
13841,s,0.400000
13842,d,0.600000
13843,d,0.600000
13844,s,0.800000
13845,d,0.400000
13846,d,0.600000
13847,p,0.400000
13848,d,0.400000
13849,d,0.400000
13850,p,0.600000
13851,d,0.200000
13852,p,0.200000
13853,p,0.800000
13854,p,0.400000
13855,p,0.400000
13856,p,0.400000
13857,d,0.400000
13858,s,0.400000
13859,p,0.600000
13860,s,0.400000
13861,s,0.600000
13862,p,0.600000
13863,s,0.400000
13864,d,0.200000
13865,s,0.400000
13866,p,0.600000
13867,p,0.800000
13868,d,0.600000
13869,s,0.800000
13870,p,0.400000
13871,d,0.400000
13872,s,0.800000
13873,d,0.400000
13874,d,0.600000
13875,p,0.400000
13876,p,0.600000
13877,d,0.600000
13878,s,0.400000
13879,p,0.400000
13880,s,0.800000
13881,p,0.400000
13882,p,0.800000
13883,d,0.200000
13884,d,0.400000
13885,s,0.400000
13886,p,0.400000
13887,s,1.000000
13888,d,0.400000
13889,d,0.400000
13890,p,0.600000
13891,p,0.600000
13892,s,0.400000
13893,d,0.800000
13894,s,0.400000
13895,s,0.400000
13896,d,0.400000
13897,p,0.600000
13898,p,0.600000
13899,p,0.800000
13900,p,0.400000
13901,s,0.400000
13902,s,0.600000
13903,s,0.200000
13904,s,0.400000
13905,d,0.400000
13906,s,0.200000
13907,s,0.400000
13908,p,0.600000
13909,s,0.600000
13910,s,0.400000
13911,p,0.400000
13912,d,0.600000
13913,p,0.600000
13914,s,0.400000
13915,s,0.400000
13916,d,0.400000
13917,s,0.800000
13918,p,0.400000
13919,d,0.600000
13920,s,0.400000
13921,d,0.600000
13922,d,0.400000
13923,d,0.600000
13924,s,0.400000
13925,s,0.400000
13926,s,0.400000
13927,p,0.400000
13928,s,0.600000
13929,d,0.600000
13930,p,0.800000
13931,d,0.600000
13932,d,0.600000
13933,s,0.600000
13934,s,0.600000
13935,p,0.400000
13936,p,0.600000
13937,p,0.400000
13938,p,0.600000
13939,d,0.800000
13940,p,0.600000
13941,s,0.400000
13942,s,0.800000
13943,s,0.800000
13944,s,0.800000
13945,p,0.400000
13946,p,0.600000
13947,s,0.800000
13948,p,0.600000
13949,p,0.400000
13950,s,0.400000
13951,d,0.600000
13952,p,0.400000
13953,s,0.600000
13954,d,0.600000
13955,p,0.600000
13956,s,0.400000
13957,d,0.600000
13958,d,0.600000
13959,p,0.600000
13960,p,0.600000
13961,s,0.400000
13962,s,0.400000
13963,p,0.400000
13964,s,0.400000
13965,p,0.600000
13966,d,0.600000
13967,d,0.400000
13968,d,0.600000
13969,d,0.600000
13970,d,0.600000
13971,d,0.600000
13972,p,0.600000
13973,s,0.600000
13974,d,1.000000
13975,p,0.200000
13976,d,0.400000
13977,s,0.200000
13978,p,0.600000
13979,s,0.600000
13980,d,0.400000
13981,p,0.600000
13982,p,0.400000
13983,p,0.600000
13984,d,0.400000
13985,p,0.600000
13986,p,0.600000
13987,p,0.600000
13988,d,0.400000
13989,p,0.600000
13990,d,0.600000
13991,d,0.600000
13992,p,0.400000
13993,p,0.400000
13994,s,0.600000
13995,p,0.600000
13996,s,0.400000
13997,d,0.400000
13998,d,0.800000
13999,p,0.400000
14000,d,0.400000
14001,s,0.800000
14002,s,0.800000
14003,p,0.400000
14004,p,0.400000
14005,s,0.600000
14006,d,0.600000
14007,d,0.400000
14008,s,0.600000
14009,s,0.800000
14010,p,1.000000
14011,d,0.600000
14012,s,0.400000
14013,s,0.400000
14014,s,0.400000
14015,s,0.600000
14016,d,0.400000
14017,s,0.600000
14018,p,0.800000
14019,d,0.400000
14020,s,0.800000
14021,s,0.400000
14022,d,0.600000
14023,d,0.400000
14024,s,0.800000
14025,d,0.600000
14026,s,0.400000
14027,d,0.400000
14028,d,0.400000
14029,s,0.400000
14030,d,0.600000
14031,s,0.800000
14032,d,0.400000
14033,s,0.800000
14034,s,0.800000
14035,s,0.800000
14036,p,0.200000
14037,p,0.400000
14038,d,0.400000
14039,s,0.800000
14040,d,0.600000
14041,s,0.400000
14042,d,0.400000
14043,s,0.600000
14044,s,0.800000
14045,d,0.600000
14046,s,0.400000
14047,d,0.600000
14048,d,0.400000
14049,s,0.400000
14050,p,0.600000
14051,p,0.400000
14052,p,0.400000
14053,d,0.400000
14054,d,0.400000
14055,d,0.400000
14056,s,0.400000
14057,s,0.400000
14058,d,0.600000
14059,s,0.800000
14060,s,0.800000
14061,p,0.600000
14062,d,0.400000
14063,d,0.600000
14064,d,0.600000
14065,d,0.400000
14066,p,0.200000
14067,s,0.400000
14068,p,0.600000
14069,s,0.800000
14070,d,0.400000
14071,p,1.000000
14072,s,0.400000
14073,d,0.600000
14074,s,0.800000
14075,p,0.400000
14076,p,0.600000
14077,d,0.400000
14078,p,0.400000
14079,s,0.800000
14080,d,0.400000
14081,d,0.200000
14082,p,0.800000
14083,s,0.200000
14084,d,0.600000
14085,d,0.800000
14086,d,0.600000
14087,d,0.200000
14088,s,0.400000
14089,s,0.200000
14090,p,0.400000
14091,p,0.600000
14092,d,0.600000
14093,s,0.400000
14094,d,0.400000
14095,s,0.800000
14096,p,0.400000
14097,s,0.600000
14098,s,0.400000
14099,s,0.800000
14100,p,0.400000
14101,s,0.400000
14102,d,0.600000
14103,p,0.600000
14104,p,0.600000
14105,s,0.400000
14106,d,0.800000
14107,d,0.400000
14108,p,0.600000
14109,p,0.600000
14110,s,0.600000
14111,s,0.400000
14112,d,0.600000
14113,d,0.800000
14114,d,0.400000
14115,d,0.600000
14116,d,0.600000
14117,d,0.400000
14118,d,0.400000
14119,p,0.600000
14120,d,0.400000
14121,p,0.600000
14122,d,0.600000
14123,s,0.800000
14124,d,0.600000
14125,p,0.400000
14126,d,0.600000
14127,p,0.600000
14128,p,0.600000
14129,d,0.600000
14130,s,0.800000
14131,d,0.800000
14132,p,0.400000
14133,p,0.600000
14134,p,0.800000
14135,p,0.600000
14136,p,0.400000
14137,d,0.400000
14138,s,0.600000
14139,s,0.400000
14140,d,0.400000
14141,d,0.600000
14142,s,0.600000
14143,s,0.600000
14144,p,0.800000
14145,d,0.400000
14146,d,0.400000
14147,d,0.400000
14148,d,0.200000
14149,d,0.800000
14150,d,0.600000
14151,d,0.600000
14152,d,0.400000
14153,d,0.600000
14154,s,0.400000
14155,d,0.600000
14156,p,0.600000
14157,p,0.600000
14158,s,0.800000
14159,p,0.400000
14160,s,0.400000
14161,s,0.400000
14162,s,0.400000
14163,s,0.400000
14164,s,0.800000
14165,s,0.800000
14166,s,0.400000
14167,s,0.400000
14168,s,0.400000
14169,s,0.800000
14170,p,0.600000
14171,s,0.600000
14172,s,0.600000
14173,p,0.600000
14174,p,0.600000
14175,s,0.400000
14176,p,0.800000
14177,s,0.800000
14178,d,0.400000
14179,d,0.400000
14180,s,0.800000
14181,p,0.400000
14182,p,0.600000
14183,s,0.400000
14184,d,0.600000
14185,s,0.200000
14186,s,0.600000
14187,s,0.200000
14188,s,0.800000
14189,d,0.600000
14190,p,0.600000
14191,d,0.800000
14192,s,0.400000
14193,p,0.600000
14194,p,0.600000
14195,s,0.400000
14196,p,0.800000
14197,d,0.600000
14198,d,0.400000
14199,p,0.400000
14200,p,0.600000
14201,s,0.400000
14202,s,0.200000
14203,d,0.400000
14204,p,0.400000
14205,d,0.400000
14206,p,0.600000
14207,d,0.600000
14208,p,0.400000
14209,s,1.000000
14210,d,0.200000
14211,s,0.400000
14212,s,1.000000
14213,p,0.800000
14214,d,1.000000
14215,d,0.400000
14216,p,0.600000
14217,p,0.600000
14218,s,0.600000
14219,d,0.600000
14220,s,0.800000
14221,p,0.400000
14222,d,0.600000
14223,s,0.800000
14224,d,0.200000
14225,d,0.600000
14226,s,0.200000
14227,p,0.400000
14228,p,0.400000
14229,s,0.800000
14230,d,0.200000
14231,p,0.600000
14232,p,0.200000
14233,p,0.600000
14234,s,0.400000
14235,p,0.600000
14236,p,0.400000
14237,p,0.600000
14238,d,0.400000
14239,s,0.600000
14240,s,0.800000
14241,p,0.600000
14242,s,0.400000
14243,d,0.600000
14244,p,0.600000
14245,d,0.600000
14246,s,0.600000
14247,p,0.400000
14248,s,0.800000
14249,d,0.400000
14250,s,0.800000
14251,p,0.600000
14252,d,0.600000
14253,p,0.400000
14254,d,0.600000
14255,p,0.600000
14256,d,0.400000
14257,d,0.400000
14258,p,0.600000
14259,s,0.400000
14260,s,0.400000
14261,s,0.400000
14262,d,0.400000
14263,d,0.600000
14264,s,0.400000
14265,s,0.200000
14266,d,0.600000
14267,d,0.600000
14268,d,0.600000
14269,p,0.600000
14270,d,0.400000
14271,d,0.200000
14272,s,0.200000
14273,s,0.400000
14274,d,0.800000
14275,p,0.600000
14276,s,0.400000
14277,p,0.400000
14278,p,0.600000
14279,d,0.600000
14280,d,0.600000
14281,d,0.600000
14282,p,0.600000
14283,p,0.600000
14284,s,0.600000
14285,p,0.400000
14286,s,0.200000
14287,s,0.800000
14288,p,0.400000
14289,s,0.600000
14290,d,0.400000
14291,s,0.800000
14292,s,0.800000
14293,d,0.600000
14294,d,0.600000
14295,d,0.600000
14296,s,0.600000
14297,p,0.400000
14298,s,0.400000
14299,s,0.400000
14300,p,0.600000
14301,p,0.800000
14302,d,0.600000
14303,d,0.600000
14304,s,0.400000
14305,d,0.400000
14306,s,0.200000
14307,p,0.600000
14308,d,0.600000
14309,d,0.600000
14310,d,0.400000
14311,s,0.600000
14312,p,0.600000
14313,d,0.400000
14314,d,0.600000
14315,s,0.800000
14316,p,0.400000
14317,p,0.400000
14318,s,0.800000
14319,p,0.600000
14320,s,0.400000
14321,s,0.800000
14322,p,0.200000
14323,d,0.600000
14324,d,0.400000
14325,d,0.600000
14326,p,0.600000
14327,d,0.400000
14328,d,0.600000
14329,p,0.600000
14330,p,0.200000
14331,p,0.600000
14332,p,0.200000
14333,d,0.600000
14334,d,0.400000
14335,d,0.600000
14336,p,0.800000
14337,d,0.600000
14338,s,0.400000
14339,s,0.400000
14340,d,1.000000
14341,s,0.400000
14342,d,0.600000
14343,s,0.400000
14344,p,0.600000
14345,d,0.200000
14346,p,0.400000
14347,s,0.400000
14348,s,0.400000
14349,p,0.600000
14350,d,0.600000
14351,s,0.400000
14352,s,0.800000
14353,s,0.400000
14354,s,0.800000
14355,p,0.400000
14356,s,0.400000
14357,d,0.400000
14358,p,0.400000
14359,s,0.800000
14360,s,0.400000
14361,d,0.400000
14362,s,0.800000
14363,s,0.400000
14364,d,0.400000
14365,p,0.600000
14366,d,0.600000
14367,s,0.800000
14368,p,0.400000
14369,d,0.600000
14370,d,0.600000
14371,s,1.000000
14372,d,0.400000
14373,s,0.600000
14374,p,0.600000
14375,p,0.600000
14376,d,0.200000
14377,p,0.600000
14378,d,0.400000
14379,p,0.600000
14380,d,0.600000
14381,p,0.800000
14382,p,0.600000
14383,d,0.600000
14384,s,0.800000
14385,p,0.400000
14386,d,0.400000
14387,s,0.400000
14388,p,0.600000
14389,s,0.200000
14390,d,0.600000
14391,p,0.600000
14392,p,0.600000
14393,p,0.400000
14394,p,0.400000
14395,d,0.400000
14396,d,0.400000
14397,s,0.600000
14398,p,1.000000
14399,s,0.400000
14400,s,0.400000
14401,p,0.400000
14402,s,0.400000
14403,p,0.600000
14404,p,0.400000
14405,p,0.600000
14406,p,0.600000
14407,s,0.800000
14408,d,0.600000
14409,s,0.400000
14410,d,0.800000
14411,d,0.600000
14412,d,0.600000
14413,s,0.800000
14414,s,0.800000
14415,s,0.600000
14416,d,0.400000
14417,d,0.600000
14418,s,0.600000
14419,d,0.600000
14420,s,0.800000
14421,d,0.600000
14422,p,0.600000
14423,p,0.600000
14424,d,0.600000
14425,s,0.400000
14426,p,0.600000
14427,p,0.600000
14428,p,0.400000
14429,d,0.400000
14430,p,0.800000
14431,p,0.200000
14432,d,0.600000
14433,d,0.600000
14434,p,0.600000
14435,d,0.600000
14436,d,0.800000
14437,d,0.600000
14438,s,0.400000
14439,p,0.600000
14440,d,0.600000
14441,d,0.400000
14442,p,0.400000
14443,p,0.200000
14444,p,0.600000
14445,d,0.600000
14446,d,0.200000
14447,p,0.600000
14448,d,0.800000
14449,d,0.400000
14450,p,0.600000
14451,d,0.600000
14452,s,0.400000
14453,p,0.400000
14454,d,0.400000
14455,d,0.400000
14456,p,0.600000
14457,s,0.400000
14458,p,0.600000
14459,d,0.600000
14460,s,0.600000
14461,p,0.600000
14462,p,0.600000
14463,d,0.800000
14464,s,0.800000
14465,s,0.800000
14466,p,0.400000
14467,d,0.600000
14468,s,0.400000
14469,s,0.400000
14470,s,0.400000
14471,d,0.400000
14472,s,0.800000
14473,d,0.600000
14474,s,0.400000
14475,d,0.400000
14476,p,0.400000
14477,p,0.600000
14478,d,0.600000
14479,s,0.800000
14480,d,0.400000
14481,d,0.400000
14482,s,0.800000
14483,d,0.600000
14484,p,0.600000
14485,d,0.200000
14486,p,0.600000
14487,d,0.800000
14488,d,0.400000
14489,s,0.800000
14490,p,0.600000
14491,s,0.800000
14492,d,0.600000
14493,s,0.400000
14494,p,0.600000
14495,d,0.400000
14496,s,0.800000
14497,p,0.600000
14498,d,0.600000
14499,d,0.400000
14500,s,0.400000
14501,d,0.600000
14502,s,0.800000
14503,s,0.400000
14504,p,0.400000
14505,d,0.600000
14506,d,0.600000
14507,s,0.800000
14508,s,0.200000
14509,p,0.400000
14510,p,0.400000
14511,d,0.600000
14512,d,0.400000
14513,d,0.400000
14514,p,0.400000
14515,d,0.600000
14516,s,0.200000
14517,s,0.200000
14518,d,0.200000
14519,d,0.600000
14520,s,0.800000
14521,s,0.800000
14522,d,0.400000
14523,p,0.600000
14524,d,0.600000
14525,p,0.600000
14526,s,0.400000
14527,s,0.400000
14528,p,0.600000
14529,d,0.400000
14530,p,0.600000
14531,s,0.400000
14532,d,0.200000
14533,s,0.600000
14534,d,0.600000
14535,s,0.600000
14536,s,0.400000
14537,p,0.600000
14538,p,0.800000
14539,s,0.400000
14540,p,0.600000
14541,p,0.600000
14542,s,0.400000
14543,s,0.800000
14544,s,0.600000
14545,p,0.800000
14546,d,0.400000
14547,d,0.400000
14548,s,0.200000
14549,s,0.400000
14550,d,0.600000
14551,d,0.600000
14552,d,0.600000
14553,s,0.400000
14554,p,0.600000
14555,s,0.600000
14556,d,0.600000
14557,d,0.600000
14558,p,0.600000
14559,d,0.600000
14560,s,0.600000
14561,p,0.800000
14562,p,0.600000
14563,d,0.600000
14564,p,0.600000
14565,p,0.600000
14566,s,0.800000
14567,d,0.600000
14568,p,0.600000
14569,s,0.400000
14570,p,0.400000
14571,s,0.600000
14572,p,0.400000
14573,s,0.400000
14574,p,0.400000
14575,p,0.400000
14576,d,0.600000
14577,d,0.400000
14578,d,0.400000
14579,p,0.600000
14580,s,0.800000
14581,p,0.400000
14582,d,0.600000
14583,d,0.600000
14584,p,0.600000
14585,p,0.600000
14586,p,0.600000
14587,p,0.400000
14588,p,0.200000
14589,s,0.400000
14590,s,0.400000
14591,d,0.400000
14592,d,0.600000
14593,d,0.400000
14594,p,0.600000
14595,p,0.400000
14596,s,0.400000
14597,p,0.600000
14598,p,0.600000
14599,s,0.600000
14600,d,0.400000
14601,d,0.600000
14602,d,0.600000
14603,d,0.600000
14604,d,0.600000
14605,p,0.600000
14606,p,0.800000
14607,p,0.400000
14608,s,0.200000
14609,d,0.600000
14610,p,0.400000
14611,p,0.200000
14612,d,0.400000
14613,p,0.600000
14614,s,0.400000
14615,p,0.400000
14616,p,0.600000
14617,p,0.400000
14618,d,0.600000
14619,p,0.600000
14620,d,0.600000
14621,d,0.600000
14622,s,0.400000
14623,d,0.600000
14624,d,0.600000
14625,s,0.400000
14626,p,0.600000
14627,s,0.400000
14628,d,0.600000
14629,p,0.600000
14630,d,0.400000
14631,s,0.400000
14632,s,0.600000
14633,p,0.400000
14634,p,0.400000
14635,p,0.400000
14636,d,0.200000
14637,s,0.200000
14638,d,0.600000
14639,d,0.600000
14640,p,0.600000
14641,d,0.600000
14642,p,0.600000
14643,p,0.400000
14644,s,0.600000
14645,p,0.600000
14646,s,0.600000
14647,p,0.600000
14648,s,0.400000
14649,d,0.200000
14650,s,0.400000
14651,s,0.400000
14652,d,0.400000
14653,p,0.400000
14654,p,0.600000
14655,d,0.400000
14656,p,0.600000
14657,p,0.600000
14658,d,0.600000
14659,p,0.600000
14660,d,0.600000
14661,d,0.600000
14662,p,0.600000
14663,p,0.200000
14664,p,0.600000
14665,d,0.600000
14666,d,0.600000
14667,p,0.600000
14668,p,0.600000
14669,d,0.400000
14670,p,0.600000
14671,s,0.400000
14672,s,0.400000
14673,s,0.400000
14674,p,0.600000
14675,s,0.400000
14676,d,0.600000
14677,s,0.400000
14678,s,0.800000
14679,d,0.600000
14680,s,0.600000
14681,d,0.600000
14682,s,0.800000
14683,p,0.400000
14684,d,0.600000
14685,s,0.400000
14686,p,0.600000
14687,s,0.400000
14688,p,0.400000
14689,s,0.600000
14690,d,0.600000
14691,s,0.400000
14692,s,0.600000
14693,s,0.400000
14694,d,0.200000
14695,p,0.400000
14696,p,0.600000
14697,s,0.800000
14698,d,0.600000
14699,s,0.800000
14700,p,0.600000
14701,s,0.400000
14702,d,0.600000
14703,p,0.400000
14704,s,0.400000
14705,d,0.800000
14706,p,0.400000
14707,s,0.800000
14708,p,0.600000
14709,p,0.400000
14710,s,0.800000
14711,s,0.600000
14712,s,1.000000
14713,s,0.400000
14714,s,0.800000
14715,p,0.400000
14716,d,0.800000
14717,s,0.400000
14718,s,0.400000
14719,s,0.400000
14720,d,0.400000
14721,d,0.600000
14722,p,0.400000
14723,d,0.200000
14724,d,0.400000
14725,d,1.000000
14726,p,0.600000
14727,d,0.600000
14728,d,0.600000
14729,p,0.600000
14730,d,0.400000
14731,s,0.600000
14732,s,0.400000
14733,d,0.800000
14734,s,0.800000
14735,d,0.400000
14736,s,0.600000
14737,d,0.400000
14738,p,0.600000
14739,d,0.600000
14740,p,0.600000
14741,s,0.800000
14742,d,0.400000
14743,s,0.400000
14744,s,0.400000
14745,d,0.600000
14746,d,0.200000
14747,p,0.400000
14748,p,0.600000
14749,d,0.800000
14750,s,0.800000
14751,p,0.400000
14752,s,0.400000
14753,d,0.400000
14754,s,0.400000
14755,p,0.600000
14756,p,0.600000
14757,d,0.600000
14758,p,0.600000
14759,s,0.400000
14760,d,0.600000
14761,d,0.600000
14762,p,0.400000
14763,d,0.600000
14764,s,0.400000
14765,s,0.800000
14766,s,0.400000
14767,d,0.400000
14768,s,0.400000
14769,s,0.600000
14770,s,0.400000
14771,s,0.600000
14772,s,0.600000
14773,d,0.800000
14774,p,0.600000
14775,d,0.800000
14776,d,0.400000
14777,d,0.600000
14778,d,0.400000
14779,s,0.600000
14780,s,0.600000
14781,d,0.600000
14782,p,0.400000
14783,p,0.400000
14784,s,0.200000
14785,p,0.600000
14786,p,0.400000
14787,s,0.600000
14788,d,0.600000
14789,s,0.600000
14790,s,0.800000
14791,s,0.400000
14792,s,0.800000
14793,d,0.800000
14794,d,0.400000
14795,d,0.600000
14796,d,0.400000
14797,d,0.600000
14798,s,0.400000
14799,d,0.600000
14800,p,0.600000
14801,p,0.400000
14802,p,0.600000
14803,s,0.400000
14804,d,0.400000
14805,p,0.600000
14806,s,0.400000
14807,p,0.600000
14808,s,0.600000
14809,p,0.400000
14810,d,0.200000
14811,d,0.400000
14812,s,0.400000
14813,d,0.600000
14814,p,0.600000
14815,p,0.600000
14816,d,0.200000
14817,s,0.800000
14818,p,0.400000
14819,s,0.400000
14820,p,0.600000
14821,s,0.600000
14822,s,0.400000
14823,d,0.400000
14824,d,0.200000
14825,d,0.400000
14826,p,0.600000
14827,p,0.600000
14828,s,0.800000
14829,d,0.600000
14830,d,0.400000
14831,p,0.400000
14832,p,0.600000
14833,s,0.400000
14834,s,0.400000
14835,s,0.200000
14836,s,0.800000
14837,p,0.400000
14838,p,0.600000
14839,s,0.400000
14840,d,0.400000
14841,s,0.400000
14842,s,0.400000
14843,s,0.600000
14844,d,0.400000
14845,p,0.400000
14846,s,0.400000
14847,d,0.600000
14848,p,0.600000
14849,d,0.600000
14850,p,0.200000
14851,d,0.400000
14852,s,0.600000
14853,p,0.600000
14854,p,0.600000
14855,p,0.600000
14856,s,0.200000
14857,d,0.400000
14858,p,0.600000
14859,p,0.600000
14860,s,0.800000
14861,s,0.400000
14862,d,0.600000
14863,d,0.600000
14864,s,0.400000
14865,p,0.400000
14866,p,0.200000
14867,p,0.600000
14868,s,0.400000
14869,p,0.400000
14870,d,0.600000
14871,p,0.600000
14872,d,0.400000
14873,d,0.600000
14874,s,0.400000
14875,p,0.400000
14876,d,0.600000
14877,p,0.400000
14878,s,0.800000
14879,s,0.200000
14880,s,0.200000
14881,p,0.400000
14882,d,1.000000
14883,d,0.600000
14884,d,0.400000
14885,p,0.600000
14886,p,0.200000
14887,p,0.400000
14888,p,0.600000
14889,p,0.600000
14890,s,0.600000
14891,s,0.400000
14892,d,0.600000
14893,d,0.400000
14894,s,0.600000
14895,s,0.400000
14896,s,0.400000
14897,p,0.400000
14898,d,0.600000
14899,p,0.400000
14900,d,0.600000
14901,d,1.000000
14902,p,0.600000
14903,s,0.400000
14904,p,0.600000
14905,s,0.400000
14906,p,0.600000
14907,d,0.600000
14908,p,0.600000
14909,d,0.600000
14910,s,0.800000
14911,d,0.200000
14912,s,0.800000
14913,s,0.400000
14914,s,0.400000
14915,p,0.600000
14916,d,0.600000
14917,d,0.400000
14918,d,0.600000
14919,p,0.400000
14920,s,0.800000
14921,d,0.800000
14922,p,0.600000
14923,s,0.600000
14924,p,0.400000
14925,s,0.600000
14926,s,0.400000
14927,d,0.600000
14928,s,0.600000
14929,p,0.400000
14930,s,0.800000
14931,s,0.600000
14932,d,0.400000
14933,p,0.600000
14934,s,0.800000
14935,s,0.400000
14936,s,0.800000
14937,d,0.600000
14938,d,0.600000
14939,d,0.600000
14940,d,0.400000
14941,s,0.800000
14942,s,0.800000
14943,s,0.600000
14944,s,0.800000
14945,p,0.200000
14946,d,0.800000
14947,s,0.400000
14948,p,0.600000
14949,d,0.600000
14950,s,0.600000
14951,s,0.800000
14952,d,0.400000
14953,p,0.800000
14954,d,0.400000
14955,d,0.400000
14956,s,0.400000
14957,s,0.400000
14958,d,0.400000
14959,p,0.600000
14960,p,0.600000
14961,d,0.600000
14962,d,0.600000
14963,d,0.600000
14964,p,0.600000
14965,d,0.400000
14966,p,0.400000
14967,s,0.400000
14968,d,0.600000
14969,p,0.400000
14970,p,0.400000
14971,p,0.600000
14972,d,0.600000
14973,p,0.400000
14974,p,0.400000
14975,s,0.800000
14976,s,0.800000
14977,d,0.600000
14978,p,0.400000
14979,p,0.600000
14980,d,0.400000
14981,d,0.400000
14982,s,0.600000
14983,d,0.600000
14984,s,0.600000
14985,p,0.600000
14986,p,0.600000
14987,s,0.600000
14988,p,0.600000
14989,p,0.800000
14990,p,0.400000
14991,s,0.400000
14992,p,0.400000
14993,p,0.600000
14994,p,0.400000
14995,p,0.600000
14996,s,0.600000
14997,p,0.600000
14998,p,0.400000
14999,s,0.400000
15000,d,0.400000
15001,p,0.400000
15002,d,0.600000
15003,d,0.600000
15004,s,0.400000
15005,p,0.400000
15006,d,0.400000
15007,s,0.800000
15008,s,0.400000
15009,p,0.400000
15010,d,0.600000
15011,p,0.600000
15012,d,0.600000
15013,s,0.400000
15014,s,0.600000
15015,d,0.400000
15016,p,0.600000
15017,s,0.400000
15018,s,1.000000
15019,s,0.600000
15020,p,0.400000
15021,p,0.600000
15022,s,0.600000
15023,p,0.200000
15024,s,0.800000
15025,d,0.400000
15026,s,0.800000
15027,s,0.800000
15028,p,0.400000
15029,d,0.400000
15030,p,0.400000
15031,d,0.400000
15032,s,0.600000
15033,s,0.400000
15034,d,0.400000
15035,s,0.800000
15036,d,0.400000
15037,s,0.600000
15038,d,0.400000
15039,p,0.600000
15040,s,0.800000
15041,d,0.400000
15042,s,0.600000
15043,s,0.200000
15044,s,0.400000
15045,d,0.400000
15046,p,0.200000
15047,s,0.600000
15048,d,0.400000
15049,p,0.600000
15050,d,1.000000
15051,p,0.400000
15052,d,0.600000
15053,d,0.800000
15054,d,0.400000
15055,s,0.200000
15056,s,0.600000
15057,p,0.600000
15058,p,1.000000
15059,p,0.400000
15060,d,0.600000
15061,s,0.400000
15062,s,0.400000
15063,s,0.200000
15064,d,0.600000
15065,d,0.600000
15066,s,0.400000
15067,s,0.400000
15068,p,0.600000
15069,p,0.600000
15070,p,0.600000
15071,d,0.400000
15072,s,0.400000
15073,d,0.600000
15074,p,0.800000
15075,s,0.400000
15076,p,0.400000
15077,p,0.200000
15078,d,0.600000
15079,d,0.600000
15080,p,0.800000
15081,p,0.600000
15082,s,0.600000
15083,d,0.400000
15084,p,0.400000
15085,d,0.400000
15086,d,0.600000
15087,d,0.600000
15088,p,0.600000
15089,p,0.600000
15090,s,0.400000
15091,p,0.600000
15092,s,0.400000
15093,d,0.400000
15094,d,0.400000
15095,p,0.400000
15096,s,0.200000
15097,s,0.600000
15098,p,0.400000
15099,s,0.400000
15100,d,0.600000
15101,d,0.600000
15102,p,0.600000
15103,d,0.600000
15104,d,0.600000
15105,s,0.400000
15106,p,0.600000
15107,p,0.600000
15108,s,0.400000
15109,d,0.600000
15110,d,0.400000
15111,p,0.200000
15112,s,0.800000
15113,p,0.200000
15114,p,0.600000
15115,p,0.400000
15116,d,0.400000
15117,s,0.800000
15118,s,0.400000
15119,s,0.400000
15120,d,0.600000
15121,s,0.400000
15122,d,0.600000
15123,p,0.400000
15124,p,0.600000
15125,p,0.800000
15126,d,0.400000
15127,d,0.600000
15128,d,1.000000
15129,s,0.800000
15130,d,0.400000
15131,d,0.400000
15132,p,0.600000
15133,s,0.800000
15134,s,0.400000
15135,d,0.600000
15136,p,0.400000
15137,p,0.600000
15138,d,0.200000
15139,p,0.400000
15140,d,0.400000
15141,p,0.800000
15142,s,0.400000
15143,d,0.400000
15144,d,0.400000
15145,s,0.800000
15146,d,0.400000
15147,d,0.600000
15148,s,0.800000
15149,d,0.600000
15150,s,0.800000
15151,d,0.600000
15152,p,0.600000
15153,p,0.600000
15154,d,0.400000
15155,p,0.200000
15156,s,0.600000
15157,d,0.200000
15158,p,0.600000
15159,p,0.600000
15160,s,0.400000
15161,s,0.400000
15162,s,0.400000
15163,d,0.400000
15164,s,0.600000
15165,p,0.400000
15166,d,0.600000
15167,p,0.600000
15168,s,0.600000
15169,d,0.600000
15170,s,0.800000
15171,s,0.600000
15172,d,0.400000
15173,d,0.400000
15174,s,0.600000
15175,d,0.600000
15176,s,0.400000
15177,p,1.000000
15178,s,0.600000
15179,p,0.400000
15180,s,0.400000
15181,s,0.400000
15182,s,0.800000
15183,s,0.200000
15184,s,0.200000
15185,p,0.200000
15186,s,0.400000
15187,d,0.600000
15188,s,0.800000
15189,d,0.400000
15190,p,0.400000
15191,d,0.400000
15192,s,0.400000
15193,d,0.800000
15194,s,0.400000
15195,d,0.400000
15196,d,0.400000
15197,s,0.800000
15198,s,0.600000
15199,d,0.600000
15200,d,0.600000
15201,d,0.600000
15202,p,0.400000
15203,s,0.800000
15204,d,0.800000
15205,d,0.600000
15206,p,0.400000
15207,s,0.800000
15208,p,0.600000
15209,d,0.800000
15210,p,0.600000
15211,p,0.600000
15212,d,0.600000
15213,s,0.200000
15214,d,0.600000
15215,s,0.400000
15216,p,0.600000
15217,d,0.400000
15218,d,0.600000
15219,p,0.600000
15220,s,0.400000
15221,p,0.600000
15222,p,0.800000
15223,d,0.600000
15224,d,0.600000
15225,s,0.600000
15226,d,0.400000
15227,d,0.600000
15228,s,0.600000
15229,s,0.800000
15230,p,0.400000
15231,p,0.600000
15232,d,0.600000
15233,p,1.000000
15234,d,0.400000
15235,p,0.400000
15236,d,0.400000
15237,p,0.600000
15238,p,0.600000
15239,s,0.600000
15240,s,0.800000
15241,s,0.800000
15242,p,0.600000
15243,d,0.600000
15244,d,0.800000
15245,p,0.600000
15246,d,0.400000
15247,d,0.400000
15248,d,0.800000
15249,p,0.600000
15250,s,0.200000
15251,s,0.800000
15252,d,0.200000
15253,p,0.600000
15254,d,0.400000
15255,s,0.400000
15256,d,0.600000
15257,d,0.400000
15258,s,0.600000
15259,d,0.400000
15260,s,0.400000
15261,d,0.600000
15262,s,0.400000
15263,d,0.400000
15264,p,0.600000
15265,p,0.400000
15266,d,0.400000
15267,p,0.400000
15268,d,0.400000
15269,s,0.800000
15270,p,0.600000
15271,s,0.600000
15272,p,0.400000
15273,p,0.600000
15274,p,0.600000
15275,p,0.600000
15276,s,0.800000
15277,s,0.800000
15278,s,0.600000
15279,s,0.800000
15280,p,0.600000
15281,d,0.600000
15282,s,0.600000
15283,d,0.600000
15284,s,0.400000
15285,s,0.400000
15286,s,0.800000
15287,p,0.600000
15288,d,0.800000
15289,p,0.400000
15290,p,0.600000
15291,p,0.600000
15292,p,0.600000
15293,p,0.600000
15294,s,0.400000
15295,d,0.600000
15296,s,0.600000
15297,p,0.800000
15298,p,0.600000
15299,p,0.600000
15300,s,0.400000
15301,d,0.800000
15302,s,0.600000
15303,d,0.600000
15304,s,0.400000
15305,s,0.400000
15306,d,0.600000
15307,d,0.400000
15308,s,0.400000
15309,d,0.600000
15310,d,0.800000
15311,d,0.400000
15312,s,0.800000
15313,p,0.400000
15314,s,0.400000
15315,s,0.400000
15316,d,1.000000
15317,d,0.400000
15318,s,0.400000
15319,s,0.600000
15320,d,0.400000
15321,s,0.800000
15322,p,0.200000
15323,p,0.400000
15324,p,0.400000
15325,d,0.600000
15326,d,0.600000
15327,p,0.600000
15328,s,0.600000
15329,s,0.400000
15330,p,0.400000
15331,d,0.600000
15332,d,0.600000
15333,s,0.400000
15334,s,0.400000
15335,s,0.400000
15336,s,0.800000
15337,p,0.400000
15338,p,0.600000
15339,s,0.800000
15340,s,0.600000
15341,d,0.600000
15342,s,0.400000
15343,s,0.200000
15344,p,0.600000
15345,d,0.600000
15346,p,0.600000
15347,p,0.800000
15348,p,0.600000
15349,p,0.600000
15350,d,0.800000
15351,d,0.600000
15352,p,0.400000
15353,p,0.600000
15354,d,0.400000
15355,p,0.400000
15356,p,0.600000
15357,s,0.400000
15358,d,0.600000
15359,d,0.400000
15360,d,0.400000
15361,d,0.600000
15362,s,0.400000
15363,p,0.400000
15364,s,0.400000
15365,d,0.600000
15366,s,0.400000
15367,s,0.800000
15368,p,0.600000
15369,p,0.400000
15370,s,0.400000
15371,d,0.400000
15372,s,0.400000
15373,d,0.400000
15374,d,0.600000
15375,d,0.400000
15376,s,0.400000
15377,s,0.400000
15378,s,0.800000
15379,d,0.600000
15380,d,0.800000
15381,s,0.400000
15382,p,0.400000
15383,d,0.600000
15384,p,0.600000
15385,s,0.400000
15386,p,0.600000
15387,d,0.400000
15388,d,0.600000
15389,p,0.600000
15390,p,0.600000
15391,p,0.600000
15392,s,0.400000
15393,s,0.800000
15394,p,0.600000
15395,d,0.400000
15396,s,0.800000
15397,p,0.600000
15398,p,0.600000
15399,p,0.400000
15400,p,0.600000
15401,p,0.400000
15402,s,0.800000
15403,s,0.400000
15404,s,0.200000
15405,s,0.600000
15406,p,0.400000
15407,p,0.400000
15408,s,0.800000
15409,d,0.400000
15410,s,0.400000
15411,p,0.200000
15412,s,0.400000
15413,p,0.600000
15414,s,0.600000
15415,s,0.200000
15416,p,0.600000
15417,s,0.800000
15418,p,0.600000
15419,s,0.400000
15420,d,0.600000
15421,p,0.600000
15422,d,0.600000
15423,s,0.800000
15424,p,0.600000
15425,d,0.600000
15426,s,0.400000
15427,p,0.400000
15428,s,0.800000
15429,p,0.600000
15430,d,0.400000
15431,s,0.600000
15432,d,0.600000
15433,s,0.200000
15434,p,0.600000
15435,d,0.600000
15436,p,0.400000
15437,d,0.600000
15438,s,0.800000
15439,s,0.600000
15440,s,0.600000
15441,s,0.400000
15442,d,0.400000
15443,s,0.400000
15444,s,0.400000
15445,d,0.600000
15446,s,0.600000
15447,s,0.600000
15448,s,0.400000
15449,s,0.400000
15450,d,0.600000
15451,d,0.400000
15452,p,0.400000
15453,s,0.800000
15454,s,0.400000
15455,p,0.400000
15456,s,0.400000
15457,d,0.600000
15458,d,0.600000
15459,d,0.600000
15460,s,0.600000
15461,p,0.800000
15462,d,0.800000
15463,s,0.600000
15464,d,0.600000
15465,p,0.600000
15466,s,0.600000
15467,d,0.200000
15468,p,0.600000
15469,d,0.400000
15470,d,0.400000
15471,p,0.400000
15472,d,0.600000
15473,s,0.800000
15474,d,0.400000
15475,p,0.400000
15476,s,0.600000
15477,d,0.200000
15478,s,0.600000
15479,p,0.600000
15480,s,0.400000
15481,p,0.400000
15482,d,0.600000
15483,d,0.400000
15484,d,0.400000
15485,s,0.600000
15486,p,0.600000
15487,d,0.200000
15488,d,0.400000
15489,p,0.600000
15490,s,0.800000
15491,d,0.600000
15492,p,0.400000
15493,p,0.600000
15494,p,0.600000
15495,s,0.400000
15496,s,0.600000
15497,s,0.600000
15498,s,0.400000
15499,p,0.400000
15500,s,0.600000
15501,d,0.600000
15502,s,0.600000
15503,d,0.400000
15504,d,0.600000
15505,p,0.600000
15506,d,0.600000
15507,p,0.600000
15508,s,0.800000
15509,s,0.400000
15510,p,0.200000
15511,p,0.400000
15512,s,0.800000
15513,d,0.400000
15514,p,0.600000
15515,d,0.400000
15516,d,0.600000
15517,p,0.600000
15518,p,0.400000
15519,s,0.600000
15520,s,0.800000
15521,d,0.600000
15522,d,0.200000
15523,s,0.400000
15524,p,0.600000
15525,d,0.600000
15526,p,0.600000
15527,s,0.800000
15528,s,0.400000
15529,s,0.400000
15530,p,0.600000
15531,p,0.400000
15532,s,0.600000
15533,s,0.800000
15534,p,0.600000
15535,s,0.600000
15536,p,0.200000
15537,d,0.600000
15538,s,0.200000
15539,s,0.600000
15540,s,0.800000
15541,s,0.400000
15542,s,0.400000
15543,p,0.600000
15544,p,0.600000
15545,p,0.200000
15546,d,0.600000
15547,p,0.600000
15548,d,0.600000
15549,d,0.400000
15550,p,0.600000
15551,s,0.400000
15552,s,0.800000
15553,s,0.400000
15554,p,0.600000
15555,d,0.600000
15556,d,0.600000
15557,p,0.200000
15558,s,0.400000
15559,p,0.400000
15560,d,0.400000
15561,p,0.600000
15562,s,0.400000
15563,p,0.400000
15564,p,0.600000
15565,p,0.400000
15566,s,0.800000
15567,p,0.400000
15568,d,0.800000
15569,s,0.200000
15570,d,0.400000
15571,d,0.600000
15572,s,0.400000
15573,p,0.600000
15574,s,0.600000
15575,d,0.600000
15576,d,0.800000
15577,p,0.600000
15578,s,0.400000
15579,s,0.800000
15580,p,0.600000
15581,d,0.400000
15582,d,0.400000
15583,d,0.400000
15584,d,0.400000
15585,p,0.600000
15586,p,0.600000
15587,s,0.600000
15588,d,0.600000
15589,d,0.600000
15590,p,1.000000
15591,p,0.600000
15592,s,0.400000
15593,p,0.600000
15594,s,0.400000
15595,p,0.600000
15596,p,0.600000
15597,s,0.600000
15598,p,0.400000
15599,p,0.400000
15600,d,0.400000
15601,d,0.600000
15602,d,0.800000
15603,d,0.600000
15604,d,0.600000
15605,s,0.400000
15606,s,0.600000
15607,p,0.400000
15608,d,0.400000
15609,s,0.400000
15610,s,0.800000
15611,s,0.400000
15612,s,0.400000
15613,p,0.600000
15614,d,0.600000
15615,s,0.600000
15616,p,0.600000
15617,d,0.400000
15618,p,0.600000
15619,d,0.600000
15620,d,0.600000
15621,d,0.400000
15622,d,0.600000
15623,p,0.400000
15624,d,0.600000
15625,s,0.600000
15626,d,0.600000
15627,s,0.800000
15628,d,0.600000
15629,p,0.600000
15630,s,0.800000
15631,s,0.400000
15632,s,0.400000
15633,d,0.600000
15634,s,0.800000
15635,d,0.600000
15636,d,0.600000
15637,d,0.400000
15638,p,0.600000
15639,s,0.600000
15640,p,0.600000
15641,s,0.600000
15642,p,0.600000
15643,d,0.800000
15644,s,0.400000
15645,d,0.200000
15646,s,0.400000
15647,s,0.800000
15648,s,0.400000
15649,s,0.400000
15650,d,0.400000
15651,d,0.600000
15652,p,0.800000
15653,d,0.400000
15654,d,0.400000
15655,d,0.600000
15656,p,0.600000
15657,d,0.400000
15658,p,0.600000
15659,s,0.400000
15660,s,0.400000
15661,s,0.800000
15662,s,0.400000
15663,p,0.800000
15664,s,0.400000
15665,d,0.600000
15666,s,0.400000
15667,d,0.400000
15668,s,0.800000
15669,p,0.600000
15670,d,0.400000
15671,s,0.400000
15672,d,0.600000
15673,s,0.800000
15674,s,0.600000
15675,p,0.600000
15676,p,0.400000
15677,s,0.400000
15678,p,0.600000
15679,s,0.800000
15680,p,0.600000
15681,p,0.400000
15682,d,0.600000
15683,d,0.600000
15684,d,0.400000
15685,d,0.400000
15686,d,0.600000
15687,p,0.400000
15688,p,0.800000
15689,d,0.600000
15690,s,0.400000
15691,s,0.600000
15692,p,0.600000
15693,s,0.600000
15694,d,0.400000
15695,p,0.200000
15696,s,0.400000
15697,p,0.400000
15698,p,0.600000
15699,s,0.400000
15700,p,0.600000
15701,p,0.600000
15702,s,0.600000
15703,p,0.600000
15704,s,0.400000
15705,p,0.600000
15706,p,0.400000
15707,s,0.400000
15708,p,0.600000
15709,p,0.200000
15710,d,0.800000
15711,s,0.600000
15712,p,0.800000
15713,p,0.600000
15714,d,0.600000
15715,p,0.200000
15716,s,0.400000
15717,p,0.400000
15718,s,0.400000
15719,s,0.600000
15720,d,0.600000
15721,p,0.600000
15722,s,0.400000
15723,p,0.600000
15724,d,0.600000
15725,d,0.600000
15726,p,0.600000
15727,p,0.400000
15728,d,0.600000
15729,d,0.600000
15730,p,0.400000
15731,s,0.400000
15732,d,0.600000
15733,d,0.600000
15734,s,0.400000
15735,p,0.400000
15736,p,0.600000
15737,d,0.600000
15738,d,0.600000
15739,p,0.600000
15740,s,0.800000
15741,d,0.200000
15742,s,0.800000
15743,p,0.800000
15744,p,0.600000
15745,d,0.600000
15746,d,0.400000
15747,p,0.600000
15748,d,0.400000
15749,s,0.800000
15750,p,0.400000
15751,s,0.400000
15752,d,0.400000
15753,s,0.400000
15754,d,0.600000
15755,s,0.200000
15756,d,0.600000
15757,p,0.600000
15758,d,0.600000
15759,d,0.600000
15760,d,0.400000
15761,d,0.600000
15762,p,0.600000
15763,s,0.800000
15764,d,0.600000
15765,p,0.600000
15766,p,0.600000
15767,d,0.400000
15768,p,0.400000
15769,d,0.600000
15770,s,0.400000
15771,d,0.400000
15772,s,0.800000
15773,s,0.400000
15774,p,0.600000
15775,d,0.600000
15776,s,0.400000
15777,p,0.600000
15778,d,1.000000
15779,p,0.600000
15780,d,0.600000
15781,s,0.400000
15782,p,0.600000
15783,p,0.600000
15784,p,0.800000
15785,p,0.600000
15786,p,0.400000
15787,p,0.400000
15788,p,0.600000
15789,s,0.400000
15790,p,0.400000
15791,d,0.400000
15792,p,0.600000
15793,d,0.600000
15794,p,0.400000
15795,d,0.600000
15796,s,0.200000
15797,p,0.400000
15798,d,0.600000
15799,s,0.400000
15800,s,0.400000
15801,p,0.400000
15802,s,0.800000
15803,p,0.600000
15804,s,0.400000
15805,s,0.200000
15806,s,0.400000
15807,d,0.400000
15808,d,0.400000
15809,p,0.600000
15810,p,0.200000
15811,s,0.400000
15812,d,0.600000
15813,d,0.400000
15814,s,0.400000
15815,p,0.600000
15816,s,0.600000
15817,s,0.400000
15818,s,0.400000
15819,d,0.600000
15820,p,0.400000
15821,p,0.400000
15822,s,0.800000
15823,s,0.600000
15824,d,0.400000
15825,s,0.400000
15826,d,0.400000
15827,s,0.600000
15828,d,0.200000
15829,d,0.600000
15830,p,0.600000
15831,s,0.200000
15832,s,0.800000
15833,s,0.800000
15834,d,0.600000
15835,s,0.600000
15836,s,0.600000
15837,d,0.600000
15838,s,0.400000
15839,d,0.600000
15840,d,0.600000
15841,s,0.400000
15842,s,0.600000
15843,d,0.600000
15844,p,0.400000
15845,p,0.600000
15846,p,0.400000
15847,p,0.600000
15848,d,0.600000
15849,s,0.600000
15850,s,0.400000
15851,p,0.400000
15852,d,0.400000
15853,p,0.600000
15854,s,0.600000
15855,p,0.600000
15856,p,0.400000
15857,s,0.400000
15858,s,0.600000
15859,p,0.600000
15860,s,0.600000
15861,d,0.400000
15862,p,0.600000
15863,p,0.600000
15864,s,0.800000
15865,d,0.600000
15866,p,0.600000
15867,p,0.600000
15868,p,0.600000
15869,s,0.200000
15870,d,0.200000
15871,p,0.400000
15872,p,0.600000
15873,d,0.400000
15874,s,0.600000
15875,p,0.600000
15876,p,0.600000
15877,s,0.400000
15878,s,0.400000
15879,s,0.800000
15880,d,0.400000
15881,d,0.600000
15882,p,0.600000
15883,d,0.400000
15884,s,0.400000
15885,d,0.400000
15886,s,0.800000
15887,p,0.400000
15888,d,0.200000
15889,d,0.600000
15890,p,0.400000
15891,d,0.600000
15892,d,0.600000
15893,s,1.000000
15894,p,0.400000
15895,d,0.800000
15896,p,0.600000
15897,s,0.400000
15898,p,0.200000
15899,s,0.400000
15900,d,0.400000
15901,d,0.200000
15902,s,0.400000
15903,p,0.400000
15904,d,1.000000
15905,d,0.600000
15906,d,0.600000
15907,p,0.600000
15908,s,0.200000
15909,d,0.600000
15910,d,0.400000
15911,p,0.600000
15912,p,0.400000
15913,d,0.400000
15914,p,0.600000
15915,d,0.400000
15916,p,0.800000
15917,d,0.600000
15918,p,0.400000
15919,d,0.600000
15920,s,0.400000
15921,s,0.800000
15922,s,0.400000
15923,s,0.400000
15924,p,0.400000
15925,d,0.400000
15926,d,0.600000
15927,p,0.800000
15928,p,0.400000
15929,s,0.600000
15930,d,0.600000
15931,s,0.400000
15932,s,0.400000
15933,p,0.600000
15934,p,0.600000
15935,d,0.600000
15936,d,0.800000
15937,d,0.400000
15938,s,0.600000
15939,s,0.400000
15940,p,0.600000
15941,s,0.400000
15942,d,0.600000
15943,s,0.400000
15944,s,0.800000
15945,p,0.600000
15946,s,0.800000
15947,p,0.600000
15948,p,0.600000
15949,s,0.600000
15950,d,0.600000
15951,p,0.400000
15952,s,0.600000
15953,d,0.600000
15954,p,0.600000
15955,d,0.400000
15956,d,0.600000
15957,p,0.600000
15958,s,0.400000
15959,s,0.400000
15960,s,0.800000
15961,d,0.600000
15962,p,0.600000
15963,p,0.600000
15964,s,0.400000
15965,s,0.400000
15966,p,0.600000
15967,p,0.600000
15968,s,0.800000
15969,s,0.600000
15970,p,0.400000
15971,p,0.600000
15972,p,0.600000
15973,d,0.600000
15974,d,0.200000
15975,s,0.800000
15976,p,0.400000
15977,s,0.600000
15978,s,0.400000
15979,p,0.600000
15980,d,0.400000
15981,p,0.400000
15982,p,0.400000
15983,p,0.600000
15984,s,0.400000
15985,s,0.800000
15986,p,0.200000
15987,p,0.200000
15988,d,0.400000
15989,s,0.400000
15990,s,0.400000
15991,s,0.400000
15992,d,0.600000
15993,s,0.400000
15994,d,0.400000
15995,d,0.200000
15996,s,0.400000
15997,p,0.200000
15998,p,0.400000
15999,p,0.600000
16000,s,0.600000
16001,d,0.600000
16002,s,0.600000
16003,p,0.600000
16004,d,0.400000
16005,d,0.800000
16006,d,0.600000
16007,d,0.400000
16008,p,0.600000
16009,p,0.800000
16010,s,0.600000
16011,p,0.600000
16012,p,0.600000
16013,p,0.600000
16014,s,0.400000
16015,s,0.400000
16016,d,0.600000
16017,p,0.400000
16018,p,0.600000
16019,s,0.200000
16020,d,0.600000
16021,p,0.400000
16022,d,0.600000
16023,s,0.400000
16024,s,0.400000
16025,s,0.600000
16026,s,0.600000
16027,d,0.400000
16028,p,0.800000
16029,s,0.600000
16030,p,0.600000
16031,p,0.600000
16032,d,0.600000
16033,d,0.400000
16034,s,0.400000
16035,p,0.400000
16036,d,0.600000
16037,d,0.600000
16038,d,0.400000
16039,d,0.800000
16040,s,0.800000
16041,d,0.600000
16042,s,0.600000
16043,p,0.400000
16044,p,0.600000
16045,p,0.600000
16046,d,0.400000
16047,s,0.600000
16048,s,0.600000
16049,p,0.400000
16050,p,0.400000
16051,p,0.600000
16052,s,0.400000
16053,s,0.400000
16054,d,0.600000
16055,p,0.600000
16056,s,0.200000
16057,d,0.600000
16058,d,0.200000
16059,s,0.800000
16060,p,0.400000
16061,s,0.600000
16062,d,0.600000
16063,d,0.400000
16064,d,0.600000
16065,s,0.200000
16066,p,0.600000
16067,d,0.400000
16068,d,1.000000
16069,d,0.600000
16070,d,0.400000
16071,s,0.400000
16072,d,0.400000
16073,d,0.600000
16074,d,0.600000
16075,p,0.600000
16076,p,0.400000
16077,p,0.800000
16078,s,0.200000
16079,d,0.600000
16080,d,0.600000
16081,s,0.600000
16082,p,0.400000
16083,d,0.200000
16084,s,0.600000
16085,s,0.200000
16086,s,0.600000
16087,s,1.000000
16088,s,0.800000
16089,d,0.800000
16090,p,0.600000
16091,s,0.600000
16092,s,0.400000
16093,s,0.400000
16094,d,0.600000
16095,d,0.600000
16096,p,0.400000
16097,p,0.600000
16098,p,0.600000
16099,d,0.200000
16100,s,0.600000
16101,d,0.600000
16102,d,0.400000
16103,s,0.400000
16104,d,0.400000
16105,s,0.600000
16106,s,0.200000
16107,d,0.800000
16108,d,0.600000
16109,p,0.400000
16110,s,0.200000
16111,d,0.600000
16112,d,0.600000
16113,d,0.400000
16114,s,0.400000
16115,p,0.600000
16116,d,0.600000
16117,d,0.400000
16118,p,0.600000
16119,d,0.400000
16120,d,0.600000
16121,s,0.800000
16122,s,0.400000
16123,s,0.600000
16124,d,0.600000
16125,p,0.600000
16126,d,0.600000
16127,d,0.400000
16128,p,0.600000
16129,s,0.800000
16130,d,0.400000
16131,p,0.200000
16132,d,0.400000
16133,p,0.600000
16134,d,0.600000
16135,s,0.800000
16136,d,0.400000
16137,d,0.400000
16138,s,0.400000
16139,s,0.600000
16140,s,0.600000
16141,d,0.600000
16142,d,0.600000
16143,p,0.600000
16144,d,0.800000
16145,s,0.400000
16146,s,0.400000
16147,s,0.800000
16148,d,0.400000
16149,s,0.800000
16150,p,0.600000
16151,s,0.600000
16152,p,0.600000
16153,s,0.800000
16154,p,0.600000
16155,s,0.400000
16156,d,0.400000
16157,d,0.400000
16158,s,1.000000
16159,s,0.800000
16160,d,0.400000
16161,p,0.400000
16162,d,0.600000
16163,p,0.600000
16164,s,0.800000
16165,p,0.600000
16166,s,0.600000
16167,s,0.600000
16168,p,0.400000
16169,d,0.600000
16170,s,0.600000
16171,d,0.600000
16172,p,0.400000
16173,s,0.800000
16174,d,0.600000
16175,p,0.400000
16176,d,0.200000
16177,s,0.800000
16178,p,0.400000
16179,d,0.200000
16180,p,0.600000
16181,s,0.800000
16182,p,0.400000
16183,p,0.600000
16184,d,0.400000
16185,d,0.400000
16186,d,0.400000
16187,s,0.400000
16188,p,0.400000
16189,s,0.600000
16190,p,0.400000
16191,d,0.200000
16192,s,0.200000
16193,p,0.400000
16194,d,0.600000
16195,s,0.400000
16196,p,0.800000
16197,s,0.800000
16198,d,0.800000
16199,s,0.800000
16200,p,0.800000
16201,s,0.400000
16202,s,0.400000
16203,d,0.600000
16204,s,0.800000
16205,p,0.200000
16206,d,0.600000
16207,d,0.600000
16208,s,0.400000
16209,d,0.200000
16210,s,0.600000
16211,s,0.400000
16212,d,0.600000
16213,p,0.600000
16214,s,0.800000
16215,p,0.600000
16216,d,0.600000
16217,s,0.400000
16218,s,0.800000
16219,d,0.600000
16220,s,0.600000
16221,p,0.600000
16222,d,0.600000
16223,s,0.400000
16224,p,0.400000
16225,p,0.600000
16226,s,0.800000
16227,d,0.400000
16228,p,0.400000
16229,d,0.400000
16230,p,0.600000
16231,s,0.400000
16232,d,0.200000
16233,s,0.600000
16234,s,0.400000
16235,s,0.400000
16236,s,0.600000
16237,d,0.600000
16238,s,0.600000
16239,s,0.600000
16240,p,0.600000
16241,d,0.600000
16242,s,0.800000
16243,d,0.600000
16244,p,0.600000
16245,s,1.000000
16246,d,0.400000
16247,d,1.000000
16248,s,0.400000
16249,d,0.400000
16250,p,0.600000
16251,s,0.600000
16252,p,0.400000
16253,p,0.600000
16254,p,0.600000
16255,s,0.400000
16256,s,0.800000
16257,d,0.400000
16258,p,0.600000
16259,s,0.200000
16260,p,0.600000
16261,d,0.400000
16262,s,0.400000
16263,d,1.000000
16264,s,0.400000
16265,d,0.400000
16266,d,0.400000
16267,s,0.400000
16268,d,0.600000
16269,p,0.400000
16270,p,0.600000
16271,d,0.200000
16272,d,0.600000
16273,s,0.400000
16274,s,0.400000
16275,s,0.400000
16276,d,0.600000
16277,s,0.400000
16278,s,0.400000
16279,p,0.600000
16280,p,0.600000
16281,d,0.600000
16282,s,0.600000
16283,d,0.400000
16284,p,0.400000
16285,d,0.400000
16286,d,0.600000
16287,p,0.600000
16288,s,0.800000
16289,s,0.800000
16290,d,0.600000
16291,d,0.400000
16292,p,1.000000
16293,s,0.800000
16294,d,0.600000
16295,d,0.600000
16296,d,0.400000
16297,p,0.400000
16298,s,0.400000
16299,s,0.800000
16300,s,0.800000
16301,s,0.800000
16302,p,0.400000
16303,d,0.400000
16304,d,0.600000
16305,s,0.400000
16306,s,0.600000
16307,p,0.400000
16308,s,0.400000
16309,s,0.200000
16310,p,0.400000
16311,s,0.800000
16312,p,0.600000
16313,p,0.400000
16314,s,0.400000
16315,s,0.400000
16316,d,0.400000
16317,p,0.400000
16318,p,0.600000
16319,s,0.800000
16320,p,0.600000
16321,d,0.400000
16322,d,0.400000
16323,p,0.600000
16324,p,0.400000
16325,p,0.600000
16326,s,0.400000
16327,p,0.600000
16328,p,0.600000
16329,s,0.400000
16330,p,0.600000
16331,p,0.600000
16332,s,0.400000
16333,d,0.600000
16334,d,0.600000
16335,p,0.800000
16336,p,0.600000
16337,s,0.400000
16338,p,0.600000
16339,d,0.400000
16340,p,0.400000
16341,p,0.200000
16342,s,0.800000
16343,d,0.800000
16344,d,0.400000
16345,d,0.200000
16346,d,0.400000
16347,p,0.600000
16348,s,0.200000
16349,p,0.600000
16350,p,0.600000
16351,s,0.800000
16352,s,0.400000
16353,d,0.600000
16354,p,0.400000
16355,p,0.600000
16356,d,0.600000
16357,d,0.400000
16358,d,0.600000
16359,p,0.600000
16360,p,0.400000
16361,p,0.200000
16362,d,0.400000
16363,d,0.600000
16364,d,0.400000
16365,d,0.600000
16366,s,0.400000
16367,s,0.400000
16368,p,0.600000
16369,p,0.600000
16370,p,0.600000
16371,s,0.400000
16372,d,0.400000
16373,p,0.400000
16374,s,0.600000
16375,s,0.800000
16376,p,0.800000
16377,s,0.800000
16378,p,0.600000
16379,d,0.400000
16380,p,0.400000
16381,d,0.800000
16382,d,0.400000
16383,s,0.800000
16384,p,0.400000
16385,s,0.800000
16386,p,0.400000
16387,s,0.600000
16388,p,0.600000
16389,s,0.200000
16390,s,0.800000
16391,d,0.400000
16392,p,0.400000
16393,s,0.400000
16394,p,0.600000
16395,s,0.400000
16396,s,0.800000
16397,d,0.600000
16398,p,0.400000
16399,d,0.600000
16400,p,0.200000
16401,p,0.600000
16402,s,0.800000
16403,s,0.800000
16404,p,0.600000
16405,p,0.600000
16406,d,0.600000
16407,d,0.400000
16408,p,0.400000
16409,p,0.400000
16410,p,0.600000
16411,d,0.600000
16412,s,0.400000
16413,s,0.800000
16414,d,0.600000
16415,s,0.800000
16416,s,0.400000
16417,s,0.400000
16418,s,0.800000
16419,s,0.800000
16420,p,0.600000
16421,p,0.400000
16422,s,0.800000
16423,s,0.400000
16424,p,0.600000
16425,p,0.400000
16426,d,0.400000
16427,p,0.600000
16428,p,0.600000
16429,d,0.400000
16430,d,0.400000
16431,s,0.800000
16432,p,0.800000
16433,s,0.800000
16434,s,0.800000
16435,p,0.400000
16436,p,0.600000
16437,p,0.800000
16438,s,0.600000
16439,s,0.800000
16440,p,0.600000
16441,p,0.600000
16442,p,0.600000
16443,p,0.400000
16444,p,0.800000
16445,p,0.400000
16446,p,0.600000
16447,s,0.400000
16448,p,0.400000
16449,d,0.400000
16450,d,0.200000
16451,d,0.600000
16452,d,0.600000
16453,s,0.400000
16454,p,0.600000
16455,s,0.400000
16456,s,0.600000
16457,d,0.400000
16458,d,0.800000
16459,s,0.400000
16460,s,0.400000
16461,d,0.600000
16462,d,0.600000
16463,s,0.800000
16464,p,0.400000
16465,d,0.800000
16466,d,0.600000
16467,d,0.400000
16468,p,0.600000
16469,p,0.600000
16470,d,0.400000
16471,p,0.600000
16472,d,0.600000
16473,s,0.600000
16474,s,0.400000
16475,p,0.400000
16476,p,0.400000
16477,d,0.400000
16478,p,0.800000
16479,d,0.600000
16480,s,0.600000
16481,d,0.600000
16482,p,0.600000
16483,p,0.400000
16484,p,0.600000
16485,d,0.600000
16486,s,0.800000
16487,d,0.400000
16488,p,0.400000
16489,s,0.600000
16490,p,0.600000
16491,d,0.400000
16492,s,0.600000
16493,s,0.400000
16494,p,0.400000
16495,s,0.800000
16496,p,0.600000
16497,s,0.400000
16498,d,0.400000
16499,p,0.400000
16500,d,0.600000
16501,s,0.200000
16502,p,0.400000
16503,s,0.400000
16504,p,0.400000
16505,p,0.400000
16506,s,0.800000
16507,p,0.400000
16508,s,0.400000
16509,d,0.600000
16510,p,0.400000
16511,d,0.400000
16512,s,0.400000
16513,s,0.800000
16514,d,0.600000
16515,s,0.400000
16516,s,0.800000
16517,d,0.600000
16518,s,0.400000
16519,d,0.400000
16520,p,0.400000
16521,d,0.200000
16522,d,0.600000
16523,s,0.800000
16524,p,0.400000
16525,s,0.400000
16526,d,0.600000
16527,s,0.800000
16528,d,0.600000
16529,s,0.400000
16530,s,0.600000
16531,s,0.800000
16532,p,0.400000
16533,p,0.400000
16534,d,0.600000
16535,p,0.600000
16536,d,0.400000
16537,d,0.400000
16538,p,0.800000
16539,s,0.400000
16540,p,0.400000
16541,s,0.800000
16542,s,0.800000
16543,s,0.400000
16544,s,0.200000
16545,p,0.600000
16546,d,0.400000
16547,p,0.400000
16548,d,0.600000
16549,s,0.200000
16550,p,0.600000
16551,d,0.600000
16552,s,0.400000
16553,p,0.600000
16554,s,0.800000
16555,d,0.400000
16556,p,0.600000
16557,d,0.600000
16558,d,0.400000
16559,s,0.800000
16560,d,0.600000
16561,p,0.600000
16562,s,0.400000
16563,s,0.400000
16564,d,0.400000
16565,s,0.800000
16566,p,0.400000
16567,d,0.600000
16568,d,0.400000
16569,p,0.400000
16570,d,0.400000
16571,d,0.400000
16572,s,0.800000
16573,s,0.800000
16574,p,0.400000
16575,s,0.800000
16576,p,0.600000
16577,p,0.600000
16578,d,0.800000
16579,s,0.400000
16580,s,0.400000
16581,s,0.800000
16582,s,1.000000
16583,d,0.600000
16584,s,0.400000
16585,p,0.400000
16586,d,0.600000
16587,p,0.400000
16588,s,0.200000
16589,d,0.600000
16590,d,0.400000
16591,s,0.800000
16592,s,0.600000
16593,p,0.600000
16594,s,0.800000
16595,s,0.400000
16596,s,0.200000
16597,s,0.400000
16598,d,0.600000
16599,s,0.400000
16600,s,0.800000
16601,s,0.400000
16602,s,0.400000
16603,p,0.600000
16604,p,0.600000
16605,d,0.400000
16606,s,0.400000
16607,s,0.800000
16608,s,0.400000
16609,p,0.400000
16610,s,0.400000
16611,s,0.400000
16612,s,0.800000
16613,d,0.600000
16614,p,0.600000
16615,p,0.400000
16616,p,0.600000
16617,d,0.600000
16618,p,0.600000
16619,s,0.400000
16620,s,0.800000
16621,s,0.600000
16622,p,0.400000
16623,d,0.600000
16624,d,0.400000
16625,d,0.400000
16626,s,0.400000
16627,d,0.600000
16628,p,0.400000
16629,p,0.600000
16630,p,1.000000
16631,p,0.600000
16632,s,0.800000
16633,s,0.400000
16634,p,0.600000
16635,p,0.400000
16636,p,0.400000
16637,s,0.800000
16638,p,0.400000
16639,s,0.800000
16640,d,0.400000
16641,d,0.600000
16642,p,0.600000
16643,s,0.800000
16644,s,0.400000
16645,d,0.600000
16646,d,0.600000
16647,d,0.400000
16648,d,0.600000
16649,d,0.200000
16650,s,0.400000
16651,p,0.600000
16652,s,0.800000
16653,d,0.400000
16654,s,0.400000
16655,d,0.400000
16656,s,0.800000
16657,d,0.800000
16658,d,0.600000
16659,d,0.400000
16660,p,0.400000
16661,s,0.800000
16662,d,0.600000
16663,p,0.600000
16664,s,0.800000
16665,d,0.400000
16666,s,0.600000
16667,s,0.800000
16668,p,0.400000
16669,d,0.600000
16670,s,0.800000
16671,p,0.600000
16672,s,0.400000
16673,p,0.400000
16674,d,0.600000
16675,s,0.800000
16676,s,0.400000
16677,d,0.600000
16678,p,0.600000
16679,s,0.800000
16680,s,0.800000
16681,p,0.600000
16682,d,0.600000
16683,s,0.800000
16684,p,0.600000
16685,p,0.600000
16686,d,0.600000
16687,s,0.800000
16688,d,0.600000
16689,s,0.800000
16690,d,0.600000
16691,s,0.800000
16692,p,0.200000
16693,d,0.600000
16694,s,0.800000
16695,s,0.600000
16696,p,0.600000
16697,d,0.400000
16698,p,0.400000
16699,p,0.600000
16700,s,0.800000
16701,p,0.400000
16702,p,0.800000
16703,s,0.400000
16704,d,0.600000
16705,s,0.400000
16706,s,0.400000
16707,d,0.400000
16708,s,0.800000
16709,s,0.800000
16710,p,0.400000
16711,d,0.600000
16712,d,0.600000
16713,d,0.600000
16714,p,0.600000
16715,p,0.800000
16716,d,0.600000
16717,d,0.600000
16718,p,0.600000
16719,s,0.400000
16720,p,0.200000
16721,s,0.600000
16722,p,0.800000
16723,p,0.400000
16724,s,0.800000
16725,d,0.800000
16726,s,0.600000
16727,s,0.400000
16728,d,0.400000
16729,s,0.800000
16730,d,0.400000
16731,d,0.400000
16732,s,0.200000
16733,s,0.400000
16734,p,0.400000
16735,s,0.400000
16736,d,0.600000
16737,d,0.400000
16738,s,0.400000
16739,p,0.600000
16740,d,0.200000
16741,p,0.400000
16742,d,0.600000
16743,d,0.400000
16744,s,0.200000
16745,p,0.600000
16746,d,0.800000
16747,s,0.400000
16748,d,0.600000
16749,p,0.600000
16750,s,0.400000
16751,s,0.200000
16752,p,0.600000
16753,s,0.800000
16754,d,0.600000
16755,p,0.400000
16756,s,0.400000
16757,p,0.600000
16758,p,0.600000
16759,s,0.800000
16760,p,0.600000
16761,p,0.400000
16762,p,0.800000
16763,s,0.400000
16764,p,0.400000
16765,p,0.600000
16766,d,0.400000
16767,p,0.600000
16768,s,0.400000
16769,s,0.400000
16770,p,0.600000
16771,d,0.600000
16772,p,0.600000
16773,d,0.600000
16774,d,0.400000
16775,s,0.800000
16776,d,0.400000
16777,p,0.600000
16778,d,0.400000
16779,p,0.600000
16780,p,0.600000
16781,d,0.600000
16782,d,0.600000
16783,d,0.600000
16784,p,0.400000
16785,p,0.400000
16786,s,0.800000
16787,p,0.600000
16788,s,0.400000
16789,s,0.800000
16790,s,0.400000
16791,s,0.400000
16792,p,0.600000
16793,s,0.800000
16794,s,0.400000
16795,d,0.600000
16796,s,0.800000
16797,p,0.600000
16798,d,0.400000
16799,s,0.800000
16800,p,0.800000
16801,d,0.600000
16802,p,0.600000
16803,p,0.400000
16804,p,0.400000
16805,s,0.200000
16806,d,0.400000
16807,d,0.600000
16808,s,0.600000
16809,d,0.600000
16810,p,0.600000
16811,d,0.600000
16812,s,0.400000
16813,s,0.400000
16814,p,0.600000
16815,p,0.600000
16816,p,0.400000
16817,p,0.400000
16818,d,0.600000
16819,p,0.600000
16820,p,0.600000
16821,p,0.400000
16822,d,0.600000
16823,d,0.600000
16824,p,0.600000
16825,s,0.800000
16826,p,0.400000
16827,s,0.400000
16828,d,0.600000
16829,s,0.200000
16830,d,0.600000
16831,s,0.800000
16832,p,0.400000
16833,d,0.800000
16834,s,0.400000
16835,s,0.600000
16836,p,0.800000
16837,d,0.400000
16838,d,0.600000
16839,p,0.600000
16840,s,0.800000
16841,d,0.800000
16842,d,0.600000
16843,p,0.400000
16844,s,0.400000
16845,s,0.400000
16846,p,0.400000
16847,d,0.400000
16848,s,0.600000
16849,s,0.800000
16850,d,0.400000
16851,p,0.600000
16852,s,0.400000
16853,d,0.200000
16854,d,0.600000
16855,s,0.400000
16856,p,0.600000
16857,s,0.400000
16858,s,0.400000
16859,p,0.600000
16860,d,0.400000
16861,s,0.800000
16862,s,0.800000
16863,s,0.600000
16864,s,1.000000
16865,p,0.600000
16866,d,0.600000
16867,p,0.600000
16868,p,0.600000
16869,s,0.800000
16870,s,0.400000
16871,p,0.600000
16872,s,0.400000
16873,s,0.400000
16874,d,0.600000
16875,p,0.600000
16876,p,0.400000
16877,s,0.400000
16878,p,0.600000
16879,p,0.400000
16880,d,0.400000
16881,s,0.400000
16882,p,0.400000
16883,s,0.400000
16884,p,0.400000
16885,p,0.400000
16886,d,0.400000
16887,s,0.600000
16888,d,0.600000
16889,p,0.600000
16890,p,0.600000
16891,p,0.600000
16892,p,0.600000
16893,p,0.600000
16894,d,0.400000
16895,p,0.400000
16896,s,0.200000
16897,s,0.800000
16898,d,0.400000
16899,s,0.800000
16900,d,0.600000
16901,p,0.600000
16902,p,0.600000
16903,p,0.600000
16904,s,0.800000
16905,d,0.600000
16906,d,0.400000
16907,s,0.400000
16908,p,0.600000
16909,d,0.600000
16910,s,0.200000
16911,p,0.600000
16912,p,0.600000
16913,p,0.600000
16914,p,0.600000
16915,s,0.400000
16916,s,0.400000
16917,p,0.600000
16918,p,0.400000
16919,s,0.400000
16920,d,0.600000
16921,d,0.600000
16922,s,0.600000
16923,p,0.600000
16924,d,0.400000
16925,s,0.800000
16926,d,0.600000
16927,s,0.400000
16928,d,0.600000
16929,s,0.600000
16930,s,0.400000
16931,p,0.200000
16932,d,0.400000
16933,s,0.800000
16934,p,0.200000
16935,p,0.600000
16936,s,0.600000
16937,s,0.400000
16938,d,0.200000
16939,d,0.600000
16940,d,0.600000
16941,s,0.600000
16942,s,0.400000
16943,d,0.600000
16944,p,0.400000
16945,d,0.400000
16946,d,0.600000
16947,d,0.600000
16948,s,0.800000
16949,s,0.600000
16950,s,0.400000
16951,p,0.600000
16952,p,0.400000
16953,d,0.600000
16954,s,0.600000
16955,p,0.400000
16956,d,0.200000
16957,d,0.600000
16958,d,0.600000
16959,p,0.600000
16960,s,0.400000
16961,d,0.400000
16962,s,0.600000
16963,d,0.600000
16964,d,0.600000
16965,p,0.600000
16966,p,0.400000
16967,s,0.200000
16968,d,0.400000
16969,s,0.800000
16970,s,0.400000
16971,s,0.600000
16972,s,0.600000
16973,p,0.600000
16974,p,0.800000
16975,p,0.600000
16976,p,0.600000
16977,p,0.400000
16978,d,0.400000
16979,p,0.400000
16980,p,0.400000
16981,p,0.600000
16982,s,0.800000
16983,d,0.400000
16984,s,0.400000
16985,p,0.400000
16986,p,0.800000
16987,s,0.400000
16988,p,0.600000
16989,s,0.800000
16990,d,0.200000
16991,s,0.400000
16992,s,0.800000
16993,p,0.400000
16994,d,0.600000
16995,s,0.400000
16996,p,0.600000
16997,p,0.200000
16998,p,0.600000
16999,d,0.400000
17000,s,0.400000
17001,d,0.400000
17002,d,0.600000
17003,d,0.600000
17004,s,0.600000
17005,s,0.800000
17006,d,0.400000
17007,d,0.600000
17008,d,0.400000
17009,d,0.600000
17010,s,0.600000
17011,d,0.400000
17012,d,0.600000
17013,d,0.400000
17014,p,0.400000
17015,p,0.200000
17016,d,0.600000
17017,s,0.400000
17018,p,0.400000
17019,d,0.400000
17020,s,0.400000
17021,s,0.800000
17022,s,0.600000
17023,d,0.600000
17024,d,0.600000
17025,p,0.600000
17026,p,0.400000
17027,p,0.600000
17028,p,0.400000
17029,s,0.800000
17030,d,0.400000
17031,p,0.600000
17032,p,0.600000
17033,s,0.800000
17034,s,0.200000
17035,d,0.200000
17036,s,0.800000
17037,s,0.400000
17038,s,0.800000
17039,p,0.600000
17040,p,0.400000
17041,s,0.200000
17042,s,0.400000
17043,s,0.800000
17044,p,0.200000
17045,d,0.400000
17046,d,0.400000
17047,d,0.200000
17048,s,0.800000
17049,p,0.400000
17050,s,0.600000
17051,d,0.600000
17052,d,0.600000
17053,s,0.600000
17054,p,0.800000
17055,p,0.400000
17056,s,0.800000
17057,s,0.400000
17058,d,0.600000
17059,s,0.800000
17060,p,0.600000
17061,s,0.800000
17062,s,0.800000
17063,d,0.400000
17064,s,0.400000
17065,d,0.400000
17066,p,0.600000
17067,d,0.200000
17068,d,0.600000
17069,s,0.400000
17070,s,0.400000
17071,p,0.600000
17072,d,0.400000
17073,s,0.800000
17074,d,0.600000
17075,p,0.600000
17076,d,0.600000
17077,s,0.800000
17078,s,0.800000
17079,p,0.800000
17080,p,0.600000
17081,d,0.400000
17082,s,0.800000
17083,d,0.400000
17084,d,0.400000
17085,d,0.200000
17086,p,0.600000
17087,p,0.600000
17088,p,0.400000
17089,p,0.600000
17090,s,0.800000
17091,d,1.000000
17092,d,0.600000
17093,p,0.400000
17094,p,0.400000
17095,d,0.600000
17096,d,0.600000
17097,p,0.600000
17098,d,0.600000
17099,p,0.400000
17100,p,0.600000
17101,p,0.600000
17102,s,0.800000
17103,d,0.400000
17104,s,0.400000
17105,s,0.400000
17106,p,0.600000
17107,d,0.600000
17108,d,0.600000
17109,d,0.600000
17110,s,0.600000
17111,d,0.400000
17112,p,0.400000
17113,s,0.200000
17114,p,0.800000
17115,s,0.600000
17116,p,0.600000
17117,s,0.800000
17118,d,0.600000
17119,d,0.600000
17120,d,0.600000
17121,s,0.800000
17122,d,0.600000
17123,d,0.400000
17124,d,0.400000
17125,d,0.200000
17126,p,0.600000
17127,p,0.600000
17128,s,0.600000
17129,p,0.400000
17130,p,0.600000
17131,p,0.800000
17132,d,0.600000
17133,s,0.400000
17134,p,0.400000
17135,d,0.600000
17136,p,0.600000
17137,p,0.400000
17138,p,0.400000
17139,p,0.600000
17140,s,0.400000
17141,d,0.400000
17142,p,0.600000
17143,p,0.600000
17144,p,0.400000
17145,s,0.400000
17146,p,0.600000
17147,d,0.600000
17148,d,0.600000
17149,p,0.400000
17150,p,0.400000
17151,p,0.400000
17152,s,0.600000
17153,p,0.600000
17154,d,0.600000
17155,s,0.600000
17156,d,0.400000
17157,d,0.400000
17158,d,0.600000
17159,d,0.600000
17160,p,0.400000
17161,s,0.400000
17162,p,0.600000
17163,d,0.600000
17164,d,0.400000
17165,s,0.400000
17166,d,0.400000
17167,p,0.400000
17168,s,0.400000
17169,s,0.400000
17170,d,0.600000
17171,d,0.400000
17172,d,0.600000
17173,d,0.400000
17174,p,0.600000
17175,s,0.400000
17176,s,0.200000
17177,s,0.800000
17178,s,0.800000
17179,s,0.400000
17180,d,0.600000
17181,d,0.600000
17182,s,0.800000
17183,p,0.600000
17184,s,0.400000
17185,s,0.800000
17186,d,0.200000
17187,s,0.800000
17188,s,0.800000
17189,d,0.400000
17190,p,0.800000
17191,p,0.400000
17192,p,0.400000
17193,s,0.200000
17194,s,0.600000
17195,s,0.400000
17196,p,0.600000
17197,p,0.600000
17198,p,0.400000
17199,p,0.600000
17200,p,0.600000
17201,d,0.400000
17202,p,0.400000
17203,s,0.200000
17204,d,0.600000
17205,d,0.600000
17206,d,0.600000
17207,d,0.400000
17208,d,0.600000
17209,p,0.400000
17210,p,0.600000
17211,d,0.400000
17212,p,0.400000
17213,s,0.800000
17214,d,0.600000
17215,s,0.400000
17216,d,0.400000
17217,s,0.800000
17218,d,0.600000
17219,s,0.400000
17220,p,0.400000
17221,p,0.400000
17222,p,0.600000
17223,s,0.600000
17224,d,0.400000
17225,d,0.400000
17226,s,0.400000
17227,d,0.600000
17228,d,0.400000
17229,s,0.400000
17230,s,0.400000
17231,d,0.600000
17232,s,0.800000
17233,s,0.400000
17234,d,0.400000
17235,p,0.400000
17236,d,0.600000
17237,d,0.400000
17238,p,0.600000
17239,p,0.400000
17240,p,0.400000
17241,d,0.600000
17242,s,0.400000
17243,d,0.400000
17244,p,0.400000
17245,p,0.600000
17246,s,0.600000
17247,p,0.400000
17248,d,0.600000
17249,d,0.600000
17250,s,0.400000
17251,d,0.400000
17252,d,0.600000
17253,d,0.600000
17254,p,0.600000
17255,s,0.600000
17256,d,0.600000
17257,p,0.600000
17258,s,0.400000
17259,s,0.400000
17260,d,0.400000
17261,s,0.600000
17262,p,0.600000
17263,p,0.600000
17264,p,0.600000
17265,p,0.400000
17266,d,0.600000
17267,p,0.600000
17268,p,0.600000
17269,s,0.400000
17270,p,0.600000
17271,p,0.400000
17272,d,0.600000
17273,d,0.200000
17274,d,0.800000
17275,p,0.600000
17276,p,0.600000
17277,p,0.400000
17278,d,0.600000
17279,p,0.800000
17280,p,0.600000
17281,d,0.400000
17282,s,0.600000
17283,s,0.200000
17284,s,0.400000
17285,p,0.400000
17286,s,0.400000
17287,p,0.600000
17288,p,0.800000
17289,s,0.800000
17290,d,0.400000
17291,p,0.400000
17292,s,0.200000
17293,d,0.600000
17294,s,0.400000
17295,p,0.600000
17296,p,0.400000
17297,s,0.600000
17298,s,0.400000
17299,p,0.400000
17300,s,0.400000
17301,p,0.600000
17302,d,0.600000
17303,s,0.400000
17304,p,0.600000
17305,s,0.600000
17306,p,0.400000
17307,p,1.000000
17308,s,0.800000
17309,d,0.600000
17310,d,0.400000
17311,d,0.400000
17312,s,0.400000
17313,d,0.800000
17314,p,0.400000
17315,p,0.600000
17316,p,0.400000
17317,s,0.800000
17318,p,0.400000
17319,s,0.400000
17320,d,0.400000
17321,d,0.400000
17322,s,0.400000
17323,d,0.200000
17324,p,0.600000
17325,d,0.600000
17326,d,0.400000
17327,s,0.800000
17328,p,0.600000
17329,d,0.600000
17330,s,0.800000
17331,s,0.400000
17332,d,0.800000
17333,s,0.800000
17334,d,0.400000
17335,s,0.800000
17336,d,0.600000
17337,d,0.400000
17338,d,0.600000
17339,s,0.400000
17340,d,0.400000
17341,d,0.400000
17342,s,0.600000
17343,p,0.200000
17344,p,0.600000
17345,s,0.400000
17346,p,0.400000
17347,d,0.400000
17348,s,0.400000
17349,p,0.600000
17350,s,0.800000
17351,s,0.800000
17352,p,0.600000
17353,p,0.600000
17354,p,0.200000
17355,d,0.600000
17356,d,0.600000
17357,s,0.800000
17358,p,0.800000
17359,d,0.600000
17360,p,0.600000
17361,s,0.800000
17362,d,0.600000
17363,p,0.600000
17364,d,0.600000
17365,s,0.800000
17366,p,0.600000
17367,p,0.600000
17368,p,0.200000
17369,p,0.600000
17370,s,0.200000
17371,s,0.400000
17372,d,0.400000
17373,d,0.800000
17374,s,0.800000
17375,p,0.400000
17376,p,0.600000
17377,s,0.800000
17378,d,0.400000
17379,d,0.400000
17380,d,0.600000
17381,s,0.400000
17382,s,0.400000
17383,s,0.600000
17384,s,0.600000
17385,d,0.600000
17386,d,0.400000
17387,d,0.600000
17388,s,0.800000
17389,s,0.600000
17390,s,0.400000
17391,s,0.800000
17392,d,0.400000
17393,d,0.600000
17394,d,0.600000
17395,p,0.400000
17396,d,0.400000
17397,p,0.400000
17398,p,0.600000
17399,p,0.400000
17400,d,0.600000
17401,d,0.600000
17402,p,0.400000
17403,s,0.600000
17404,s,0.800000
17405,d,0.600000
17406,s,0.600000
17407,s,0.400000
17408,d,0.400000
17409,s,0.400000
17410,d,0.600000
17411,p,0.600000
17412,p,0.400000
17413,p,0.600000
17414,p,0.600000
17415,p,0.600000
17416,d,0.600000
17417,s,0.200000
17418,d,0.400000
17419,s,0.800000
17420,d,0.400000
17421,p,0.400000
17422,d,0.400000
17423,p,0.400000
17424,d,0.200000
17425,d,0.600000
17426,s,0.600000
17427,p,0.600000
17428,p,0.600000
17429,s,0.600000
17430,s,0.400000
17431,s,0.400000
17432,s,0.800000
17433,d,0.400000
17434,d,0.600000
17435,p,0.400000
17436,p,0.400000
17437,d,0.600000
17438,p,0.600000
17439,p,0.600000
17440,d,0.400000
17441,p,0.200000
17442,s,0.600000
17443,p,0.600000
17444,d,0.400000
17445,p,0.600000
17446,p,0.400000
17447,d,0.600000
17448,s,0.800000
17449,s,0.400000
17450,p,0.400000
17451,s,0.400000
17452,d,0.800000
17453,d,0.600000
17454,p,0.400000
17455,p,0.400000
17456,d,0.600000
17457,d,0.400000
17458,p,0.800000
17459,s,0.600000
17460,p,0.400000
17461,d,0.400000
17462,p,0.800000
17463,d,0.400000
17464,d,0.600000
17465,s,0.600000
17466,s,0.200000
17467,s,0.400000
17468,s,0.600000
17469,p,0.400000
17470,p,0.600000
17471,s,0.800000
17472,s,0.400000
17473,s,0.400000
17474,p,0.400000
17475,s,0.600000
17476,d,0.600000
17477,d,0.600000
17478,s,0.400000
17479,p,0.600000
17480,s,0.600000
17481,p,0.600000
17482,s,0.800000
17483,s,0.600000
17484,d,0.400000
17485,p,0.600000
17486,d,0.400000
17487,s,0.600000
17488,s,0.600000
17489,d,0.400000
17490,p,0.200000
17491,s,0.400000
17492,p,0.600000
17493,s,0.400000
17494,s,0.400000
17495,d,0.600000
17496,p,0.600000
17497,p,0.600000
17498,p,0.800000
17499,d,0.600000
17500,d,0.400000
17501,p,0.600000
17502,s,0.400000
17503,p,0.400000
17504,s,0.200000
17505,p,0.600000
17506,p,0.400000
17507,d,0.800000
17508,s,0.600000
17509,p,0.400000
17510,p,0.400000
17511,d,0.400000
17512,p,0.600000
17513,p,0.400000
17514,p,0.600000
17515,d,0.600000
17516,d,0.600000
17517,d,0.600000
17518,p,0.400000
17519,d,0.600000
17520,d,0.600000
17521,d,0.600000
17522,s,0.200000
17523,s,0.400000
17524,d,0.400000
17525,p,0.400000
17526,s,0.400000
17527,p,0.600000
17528,d,0.400000
17529,d,0.600000
17530,p,0.400000
17531,s,0.800000
17532,s,0.400000
17533,s,0.800000
17534,d,0.200000
17535,s,0.400000
17536,d,0.800000
17537,s,0.600000
17538,p,0.600000
17539,p,0.400000
17540,d,0.400000
17541,d,0.600000
17542,p,0.600000
17543,s,0.200000
17544,s,0.400000
17545,p,0.400000
17546,s,0.400000
17547,d,1.000000
17548,s,0.400000
17549,s,0.800000
17550,d,0.400000
17551,p,0.400000
17552,p,0.800000
17553,p,0.600000
17554,d,0.600000
17555,s,0.400000
17556,s,0.800000
17557,s,0.600000
17558,p,0.600000
17559,p,0.600000
17560,p,0.600000
17561,p,0.600000
17562,d,0.400000
17563,d,0.600000
17564,p,0.400000
17565,p,0.800000
17566,s,0.400000
17567,s,0.800000
17568,p,0.600000
17569,p,0.600000
17570,d,0.600000
17571,p,0.400000
17572,d,0.600000
17573,s,0.600000
17574,p,0.600000
17575,s,0.400000
17576,d,0.400000
17577,p,0.600000
17578,s,0.800000
17579,d,0.200000
17580,s,0.800000
17581,d,0.400000
17582,d,0.600000
17583,d,0.600000
17584,s,0.400000
17585,s,0.800000
17586,s,0.600000
17587,p,0.600000
17588,s,0.600000
17589,s,0.600000
17590,s,0.800000
17591,d,0.200000
17592,p,0.600000
17593,s,0.600000
17594,p,0.600000
17595,s,0.400000
17596,d,0.400000
17597,d,0.400000
17598,p,0.400000
17599,p,0.400000
17600,p,0.600000
17601,d,0.600000
17602,p,0.400000
17603,d,0.600000
17604,d,0.600000
17605,s,0.400000
17606,p,0.400000
17607,s,0.800000
17608,p,0.800000
17609,s,0.400000
17610,s,0.600000
17611,s,0.600000
17612,d,0.600000
17613,s,0.400000
17614,s,0.600000
17615,s,0.400000
17616,s,0.400000
17617,p,0.400000
17618,p,0.400000
17619,s,0.400000
17620,p,0.600000
17621,d,0.400000
17622,p,0.600000
17623,s,0.400000
17624,s,0.400000
17625,s,0.400000
17626,s,0.400000
17627,s,0.400000
17628,s,0.400000
17629,s,0.800000
17630,s,0.400000
17631,s,0.800000
17632,s,0.400000
17633,d,0.400000
17634,d,0.400000
17635,p,0.400000
17636,p,0.600000
17637,s,0.800000
17638,d,0.400000
17639,s,0.400000
17640,s,0.600000
17641,p,0.400000
17642,p,0.600000
17643,s,0.400000
17644,s,0.600000
17645,d,0.400000
17646,p,0.600000
17647,p,0.600000
17648,p,0.600000
17649,d,0.600000
17650,s,0.400000
17651,s,0.200000
17652,d,0.600000
17653,d,0.600000
17654,s,0.600000
17655,p,0.800000
17656,s,0.600000
17657,p,0.400000
17658,s,0.400000
17659,p,0.600000
17660,p,0.400000
17661,s,0.600000
17662,s,0.400000
17663,s,0.400000
17664,s,0.800000
17665,s,0.600000
17666,d,0.600000
17667,p,0.400000
17668,d,0.400000
17669,s,0.600000
17670,s,0.400000
17671,p,0.600000
17672,p,0.800000
17673,s,0.400000
17674,d,0.400000
17675,p,0.400000
17676,s,0.800000
17677,p,0.600000
17678,d,0.600000
17679,s,0.400000
17680,p,0.400000
17681,p,0.400000
17682,p,0.400000
17683,p,0.400000
17684,d,0.400000
17685,s,0.400000
17686,d,0.400000
17687,s,0.800000
17688,p,0.600000
17689,p,0.600000
17690,d,0.800000
17691,d,0.400000
17692,p,0.600000
17693,p,0.400000
17694,d,0.400000
17695,s,0.400000
17696,d,0.400000
17697,s,0.400000
17698,p,0.600000
17699,s,0.400000
17700,d,0.600000
17701,d,0.400000
17702,p,0.600000
17703,p,0.400000
17704,d,0.400000
17705,s,0.400000
17706,s,0.800000
17707,d,0.600000
17708,s,0.200000
17709,s,0.800000
17710,p,0.400000
17711,s,0.600000
17712,p,0.600000
17713,p,0.400000
17714,p,0.200000
17715,d,0.600000
17716,p,0.400000
17717,d,0.600000
17718,d,0.400000
17719,p,0.600000
17720,s,0.800000
17721,s,0.400000
17722,p,0.200000
17723,p,0.600000
17724,s,0.400000
17725,d,0.600000
17726,s,0.400000
17727,d,0.600000
17728,p,0.400000
17729,p,0.400000
17730,p,0.600000
17731,d,0.600000
17732,p,0.600000
17733,d,0.600000
17734,s,0.400000
17735,d,0.400000
17736,p,0.400000
17737,d,0.400000
17738,d,0.400000
17739,s,0.400000
17740,d,0.600000
17741,s,0.600000
17742,s,0.600000
17743,p,0.600000
17744,d,0.600000
17745,p,0.400000
17746,p,0.400000
17747,p,0.600000
17748,p,0.400000
17749,s,0.400000
17750,d,0.400000
17751,p,0.600000
17752,s,0.800000
17753,p,0.400000
17754,s,0.400000
17755,p,0.400000
17756,s,0.600000
17757,p,0.800000
17758,p,0.600000
17759,s,0.600000
17760,p,0.400000
17761,p,0.400000
17762,s,0.600000
17763,s,0.600000
17764,s,0.800000
17765,s,0.600000
17766,d,0.200000
17767,d,0.400000
17768,s,0.600000
17769,p,0.600000
17770,d,0.400000
17771,s,0.400000
17772,p,0.400000
17773,d,0.600000
17774,d,0.600000
17775,p,0.400000
17776,p,0.600000
17777,s,0.600000
17778,d,0.400000
17779,s,0.600000
17780,s,0.400000
17781,s,0.400000
17782,s,0.400000
17783,s,0.400000
17784,p,0.600000
17785,p,0.200000
17786,p,0.400000
17787,p,0.400000
17788,p,0.600000
17789,s,0.600000
17790,p,0.600000
17791,p,0.600000
17792,p,0.600000
17793,d,0.400000
17794,p,0.400000
17795,s,0.200000
17796,d,0.600000
17797,s,0.600000
17798,s,0.800000
17799,s,0.600000
17800,p,0.600000
17801,p,0.400000
17802,d,0.600000
17803,d,0.600000
17804,s,0.800000
17805,s,0.400000
17806,p,0.400000
17807,p,0.400000
17808,d,0.600000
17809,p,0.400000
17810,d,0.600000
17811,s,0.400000
17812,p,0.600000
17813,d,0.600000
17814,p,0.600000
17815,p,0.600000
17816,d,0.400000
17817,d,0.400000
17818,d,0.400000
17819,d,0.200000
17820,d,0.400000
17821,s,0.400000
17822,s,0.800000
17823,s,0.800000
17824,p,0.600000
17825,p,0.200000
17826,s,0.800000
17827,d,0.400000
17828,s,0.800000
17829,p,0.600000
17830,d,0.600000
17831,p,0.400000
17832,p,0.600000
17833,p,0.600000
17834,s,0.400000
17835,p,0.600000
17836,p,0.800000
17837,s,0.800000
17838,s,0.600000
17839,s,0.800000
17840,d,0.600000
17841,p,0.400000
17842,d,0.400000
17843,s,0.600000
17844,p,0.400000
17845,s,0.600000
17846,p,0.600000
17847,s,0.400000
17848,p,0.600000
17849,p,0.600000
17850,s,0.400000
17851,p,0.600000
17852,d,0.600000
17853,s,0.400000
17854,d,0.600000
17855,s,0.400000
17856,d,0.600000
17857,d,0.600000
17858,d,0.600000
17859,s,0.400000
17860,s,1.000000
17861,d,0.400000
17862,p,0.600000
17863,s,0.600000
17864,d,0.600000
17865,p,0.600000
17866,d,0.400000
17867,d,0.400000
17868,p,0.400000
17869,p,0.600000
17870,s,0.400000
17871,d,0.400000
17872,d,0.600000
17873,d,0.600000
17874,d,0.600000
17875,d,0.600000
17876,p,0.600000
17877,d,0.400000
17878,p,0.400000
17879,p,0.600000
17880,d,0.400000
17881,d,0.600000
17882,d,0.400000
17883,s,0.400000
17884,d,0.400000
17885,s,0.400000
17886,p,0.400000
17887,p,0.600000
17888,s,0.800000
17889,p,0.400000
17890,s,0.400000
17891,s,0.400000
17892,p,0.400000
17893,p,0.400000
17894,s,0.600000
17895,s,0.600000
17896,p,0.400000
17897,d,0.400000
17898,p,0.200000
17899,d,0.400000
17900,d,0.400000
17901,s,0.600000
17902,p,0.600000
17903,d,0.400000
17904,s,0.800000
17905,p,0.400000
17906,d,0.600000
17907,s,0.400000
17908,s,0.600000
17909,s,0.800000
17910,d,0.600000
17911,p,0.600000
17912,s,0.400000
17913,d,0.400000
17914,d,0.600000
17915,p,0.800000
17916,s,0.400000
17917,d,0.400000
17918,s,0.600000
17919,p,0.600000
17920,s,0.600000
17921,s,0.600000
17922,s,0.800000
17923,d,0.400000
17924,s,0.800000
17925,p,0.800000
17926,p,0.600000
17927,d,0.400000
17928,d,0.600000
17929,s,0.400000
17930,p,0.800000
17931,p,0.600000
17932,d,0.600000
17933,d,0.600000
17934,p,0.600000
17935,s,0.400000
17936,s,0.800000
17937,d,0.400000
17938,d,0.600000
17939,s,0.400000
17940,s,0.400000
17941,p,0.600000
17942,s,0.600000
17943,s,0.600000
17944,s,0.400000
17945,s,0.600000
17946,s,0.800000
17947,s,0.400000
17948,d,0.400000
17949,s,0.400000
17950,s,0.600000
17951,d,0.400000
17952,p,0.400000
17953,d,0.400000
17954,d,0.600000
17955,s,0.400000
17956,d,0.400000
17957,p,0.600000
17958,d,0.400000
17959,d,0.400000
17960,p,0.600000
17961,p,0.400000
17962,d,0.400000
17963,p,0.400000
17964,p,0.600000
17965,d,0.400000
17966,p,0.600000
17967,s,0.400000
17968,p,0.400000
17969,s,0.800000
17970,d,0.400000
17971,p,0.200000
17972,s,0.800000
17973,d,0.600000
17974,p,0.400000
17975,p,0.600000
17976,d,0.400000
17977,s,0.600000
17978,d,0.600000
17979,s,0.400000
17980,d,0.400000
17981,d,0.600000
17982,d,0.600000
17983,s,0.800000
17984,p,0.400000
17985,d,0.600000
17986,p,0.400000
17987,d,0.400000
17988,p,0.600000
17989,s,0.800000
17990,s,0.800000
17991,d,0.600000
17992,s,0.400000
17993,s,0.800000
17994,d,0.600000
17995,d,0.400000
17996,p,0.600000
17997,s,0.600000
17998,s,0.800000
17999,s,0.600000
18000,p,0.600000
18001,d,0.200000
18002,s,0.400000
18003,p,0.600000
18004,s,0.800000
18005,p,0.400000
18006,p,0.600000
18007,s,0.400000
18008,s,0.600000
18009,p,0.400000
18010,p,0.600000
18011,p,0.600000
18012,d,0.400000
18013,d,0.600000
18014,s,0.800000
18015,s,0.600000
18016,p,0.400000
18017,s,0.800000
18018,d,0.400000
18019,p,0.600000
18020,p,0.600000
18021,d,0.200000
18022,p,0.400000
18023,p,0.400000
18024,s,0.800000
18025,p,0.400000
18026,d,0.400000
18027,s,0.400000
18028,d,0.600000
18029,p,0.400000
18030,d,0.400000
18031,s,0.800000
18032,d,0.600000
18033,s,0.600000
18034,p,0.400000
18035,d,0.400000
18036,p,0.400000
18037,d,0.600000
18038,d,0.400000
18039,p,0.600000
18040,p,0.400000
18041,s,0.600000
18042,s,0.400000
18043,d,0.600000
18044,p,0.400000
18045,p,0.400000
18046,p,0.400000
18047,s,0.400000
18048,s,0.400000
18049,d,0.600000
18050,d,0.600000
18051,s,0.600000
18052,s,0.400000
18053,d,0.400000
18054,p,0.400000
18055,d,0.600000
18056,p,0.400000
18057,p,0.400000
18058,s,0.400000
18059,s,0.400000
18060,p,0.600000
18061,s,0.600000
18062,s,0.400000
18063,s,0.800000
18064,s,0.400000
18065,p,0.600000
18066,d,0.800000
18067,s,0.400000
18068,d,0.600000
18069,s,0.400000
18070,p,0.400000
18071,s,0.400000
18072,d,0.200000
18073,d,0.600000
18074,p,0.400000
18075,p,0.600000
18076,p,0.400000
18077,d,0.600000
18078,d,0.600000
18079,p,0.600000
18080,p,0.400000
18081,s,0.200000
18082,s,0.800000
18083,s,0.400000
18084,p,1.000000
18085,s,0.400000
18086,p,0.600000
18087,d,0.600000
18088,p,0.800000
18089,p,0.600000
18090,d,0.600000
18091,d,0.400000
18092,p,0.400000
18093,p,0.600000
18094,s,0.600000
18095,p,0.600000
18096,s,0.400000
18097,s,0.400000
18098,p,0.600000
18099,d,0.400000
18100,p,0.200000
18101,s,0.600000
18102,p,0.600000
18103,d,0.600000
18104,p,0.600000
18105,d,0.400000
18106,d,0.600000
18107,s,0.400000
18108,p,0.400000
18109,p,1.000000
18110,p,0.600000
18111,p,0.400000
18112,d,0.600000
18113,s,0.400000
18114,d,0.600000
18115,s,0.400000
18116,d,0.200000
18117,s,0.200000
18118,s,0.600000
18119,s,0.600000
18120,d,0.400000
18121,d,0.400000
18122,d,0.400000
18123,d,0.400000
18124,p,0.600000
18125,s,0.600000
18126,p,0.400000
18127,s,0.400000
18128,p,0.400000
18129,p,0.400000
18130,s,0.200000
18131,s,0.400000
18132,d,0.400000
18133,s,0.600000
18134,p,0.400000
18135,d,0.400000
18136,s,0.800000
18137,s,0.400000
18138,s,0.600000
18139,d,0.400000
18140,d,0.400000
18141,s,0.400000
18142,d,0.600000
18143,d,0.400000
18144,p,0.400000
18145,d,0.400000
18146,p,0.400000
18147,d,0.600000
18148,p,0.600000
18149,p,0.600000
18150,s,0.800000
18151,s,0.400000
18152,p,0.400000
18153,p,0.400000
18154,d,0.400000
18155,p,0.400000
18156,s,0.400000
18157,s,0.400000
18158,s,0.400000
18159,d,0.400000
18160,p,0.600000
18161,p,0.400000
18162,d,0.600000
18163,d,0.600000
18164,p,0.600000
18165,s,0.400000
18166,d,0.600000
18167,p,0.400000
18168,p,0.400000
18169,s,0.600000
18170,d,0.600000
18171,d,0.600000
18172,p,0.600000
18173,d,0.400000
18174,s,0.600000
18175,s,0.400000
18176,d,0.600000
18177,s,0.400000
18178,s,0.800000
18179,s,0.600000
18180,d,0.400000
18181,p,0.400000
18182,s,0.600000
18183,s,0.400000
18184,p,0.600000
18185,p,0.400000
18186,p,0.600000
18187,d,0.400000
18188,s,0.800000
18189,d,0.600000
18190,s,0.400000
18191,p,0.400000
18192,d,0.400000
18193,s,0.400000
18194,s,0.400000
18195,d,0.400000
18196,d,0.400000
18197,p,0.400000
18198,p,0.400000
18199,p,0.600000
18200,p,0.600000
18201,s,0.600000
18202,p,0.400000
18203,p,0.400000
18204,d,0.400000
18205,s,0.400000
18206,d,0.600000
18207,p,1.000000
18208,d,0.600000
18209,s,0.600000
18210,s,0.600000
18211,s,0.600000
18212,d,0.400000
18213,p,0.400000
18214,d,0.400000
18215,d,0.600000
18216,p,0.400000
18217,s,0.400000
18218,d,0.600000
18219,s,0.400000
18220,p,0.600000
18221,p,0.400000
18222,d,0.400000
18223,s,0.600000
18224,s,0.800000
18225,d,0.400000
18226,p,0.600000
18227,p,0.400000
18228,p,0.800000
18229,d,0.600000
18230,d,0.400000
18231,p,0.400000
18232,s,0.400000
18233,s,0.600000
18234,p,0.400000
18235,p,0.600000
18236,d,0.400000
18237,s,0.400000
18238,p,0.600000
18239,s,0.200000
18240,p,0.600000
18241,d,0.600000
18242,p,0.600000
18243,s,0.400000
18244,d,0.600000
18245,d,0.400000
18246,d,0.400000
18247,p,0.400000
18248,s,0.400000
18249,d,0.600000
18250,p,0.400000
18251,s,0.400000
18252,d,0.400000
18253,s,0.400000
18254,s,0.200000
18255,p,0.600000
18256,d,0.400000
18257,d,0.600000
18258,s,0.400000
18259,p,0.600000
18260,s,0.600000
18261,p,0.600000
18262,d,0.400000
18263,d,0.600000
18264,p,0.600000
18265,s,0.400000
18266,d,0.400000
18267,d,0.600000
18268,d,0.400000
18269,d,0.400000
18270,s,0.600000
18271,s,0.400000
18272,s,0.800000
18273,s,0.400000
18274,p,0.600000
18275,s,0.800000
18276,p,0.600000
18277,p,0.400000
18278,p,0.400000
18279,s,0.400000
18280,d,0.600000
18281,d,0.400000
18282,d,0.600000
18283,s,0.400000
18284,s,0.600000
18285,s,0.800000
18286,s,0.200000
18287,d,0.400000
18288,p,0.600000
18289,s,0.400000
18290,p,0.600000
18291,s,0.600000
18292,d,0.600000
18293,s,0.400000
18294,p,0.400000
18295,s,0.400000
18296,d,0.600000
18297,p,0.400000
18298,d,0.600000
18299,p,0.600000
18300,s,0.400000
18301,s,0.600000
18302,s,0.400000
18303,s,0.600000
18304,p,0.400000
18305,p,0.600000
18306,p,0.800000
18307,s,0.800000
18308,d,0.400000
18309,s,0.200000
18310,d,0.400000
18311,d,0.400000
18312,p,0.400000
18313,p,0.400000
18314,p,0.400000
18315,d,0.600000
18316,p,0.600000
18317,d,0.600000
18318,p,0.400000
18319,s,0.800000
18320,d,0.600000
18321,d,0.600000
18322,p,0.400000
18323,s,0.400000
18324,d,0.400000
18325,s,0.200000
18326,d,0.400000
18327,s,0.800000
18328,p,0.400000
18329,s,0.800000
18330,p,0.600000
18331,p,0.400000
18332,d,0.400000
18333,p,0.400000
18334,p,0.600000
18335,p,0.600000
18336,p,0.600000
18337,s,0.800000
18338,p,0.400000
18339,d,0.400000
18340,d,0.400000
18341,d,0.600000
18342,p,0.400000
18343,d,0.400000
18344,d,0.200000
18345,s,0.600000
18346,p,0.400000
18347,s,0.400000
18348,p,0.400000
18349,s,0.400000
18350,s,0.400000
18351,s,0.400000
18352,d,0.400000
18353,p,0.600000
18354,d,0.600000
18355,p,0.600000
18356,s,0.400000
18357,p,0.600000
18358,s,0.400000
18359,p,0.400000
18360,s,0.400000
18361,p,0.400000
18362,s,0.600000
18363,s,0.400000
18364,s,0.600000
18365,s,0.400000
18366,s,0.400000
18367,d,0.400000
18368,d,0.600000
18369,p,0.600000
18370,p,0.600000
18371,p,0.600000
18372,p,0.600000
18373,d,0.600000
18374,d,0.200000
18375,s,0.400000
18376,d,0.600000
18377,d,0.400000
18378,d,0.800000
18379,d,0.400000
18380,p,0.400000
18381,p,0.600000
18382,d,0.400000
18383,s,0.600000
18384,d,0.400000
18385,s,0.400000
18386,d,0.400000
18387,d,0.600000
18388,d,0.200000
18389,s,0.600000
18390,d,0.600000
18391,d,0.400000
18392,s,0.600000
18393,d,0.400000
18394,d,0.600000
18395,d,0.600000
18396,s,0.400000
18397,p,0.600000
18398,s,0.400000
18399,d,0.400000
18400,p,0.600000
18401,p,0.600000
18402,s,0.600000
18403,p,0.400000
18404,s,0.400000
18405,d,0.600000
18406,s,0.400000
18407,d,0.400000
18408,p,0.400000
18409,p,0.400000
18410,p,0.400000
18411,s,0.200000
18412,p,0.600000
18413,p,0.600000
18414,p,0.600000
18415,s,0.600000
18416,d,0.400000
18417,p,0.600000
18418,d,0.400000
18419,p,0.600000
18420,p,0.600000
18421,p,0.600000
18422,d,0.400000
18423,p,0.400000
18424,s,0.800000
18425,s,0.400000
18426,d,0.600000
18427,d,0.600000
18428,s,0.600000
18429,p,0.600000
18430,d,0.400000
18431,p,0.400000
18432,d,0.400000
18433,d,0.600000
18434,s,0.400000
18435,d,0.400000
18436,p,0.400000
18437,s,1.000000
18438,s,0.400000
18439,p,0.400000
18440,p,0.600000
18441,p,0.400000
18442,s,0.800000
18443,d,0.400000
18444,p,0.400000
18445,d,0.400000
18446,d,0.600000
18447,d,0.600000
18448,p,0.400000
18449,d,0.400000
18450,p,0.600000
18451,s,0.800000
18452,d,0.400000
18453,d,0.600000
18454,s,0.800000
18455,s,0.800000
18456,s,0.800000
18457,s,0.400000
18458,p,0.400000
18459,s,0.400000
18460,s,0.600000
18461,d,0.400000
18462,d,0.400000
18463,d,0.600000
18464,p,0.600000
18465,s,0.600000
18466,p,0.600000
18467,d,0.400000
18468,s,0.400000
18469,p,0.600000
18470,p,0.400000
18471,d,0.600000
18472,s,0.400000
18473,d,0.600000
18474,p,0.400000
18475,p,0.400000
18476,s,0.400000
18477,p,0.400000
18478,d,0.400000
18479,s,0.600000
18480,s,0.800000
18481,p,0.600000
18482,d,0.400000
18483,p,1.000000
18484,d,0.400000
18485,s,0.600000
18486,p,0.600000
18487,d,0.600000
18488,s,0.400000
18489,s,0.400000
18490,d,0.400000
18491,s,0.800000
18492,p,0.400000
18493,p,0.600000
18494,d,0.600000
18495,p,0.600000
18496,d,0.600000
18497,s,0.400000
18498,p,0.400000
18499,d,0.400000
18500,d,1.000000
18501,p,0.600000
18502,p,0.200000
18503,d,0.400000
18504,d,0.400000
18505,d,0.400000
18506,p,0.600000
18507,d,0.400000
18508,s,0.200000
18509,s,0.400000
18510,d,0.400000
18511,s,0.800000
18512,p,0.400000
18513,s,0.600000
18514,s,0.800000
18515,p,0.400000
18516,d,0.400000
18517,d,0.600000
18518,p,0.400000
18519,s,0.400000
18520,p,0.400000
18521,p,0.400000
18522,d,0.400000
18523,p,0.200000
18524,d,0.600000
18525,p,0.600000
18526,d,0.800000
18527,d,0.400000
18528,s,0.400000
18529,p,0.400000
18530,p,0.600000
18531,p,0.600000
18532,d,0.400000
18533,d,0.400000
18534,p,0.400000
18535,p,0.400000
18536,p,0.600000
18537,d,0.600000
18538,s,0.600000
18539,d,0.600000
18540,d,0.800000
18541,s,0.400000
18542,s,0.400000
18543,p,0.400000
18544,p,0.400000
18545,d,0.400000
18546,p,0.600000
18547,d,0.400000
18548,d,0.600000
18549,s,0.400000
18550,d,0.600000
18551,s,0.800000
18552,d,0.400000
18553,d,0.400000
18554,p,0.400000
18555,d,0.400000
18556,d,0.400000
18557,p,0.400000
18558,d,0.600000
18559,d,0.400000
18560,s,0.400000
18561,p,0.400000
18562,p,0.800000
18563,s,0.800000
18564,d,0.600000
18565,s,0.400000
18566,d,0.600000
18567,p,0.600000
18568,s,0.200000
18569,p,0.400000
18570,s,0.800000
18571,d,0.400000
18572,s,0.400000
18573,s,0.400000
18574,p,0.400000
18575,p,0.400000
18576,p,0.600000
18577,d,0.400000
18578,d,0.600000
18579,s,0.200000
18580,d,0.600000
18581,p,0.400000
18582,p,0.600000
18583,p,0.600000
18584,d,0.400000
18585,s,0.400000
18586,p,1.000000
18587,p,0.400000
18588,p,0.400000
18589,d,0.400000
18590,s,0.400000
18591,d,0.400000
18592,p,0.800000
18593,s,0.400000
18594,p,0.600000
18595,d,0.600000
18596,s,0.400000
18597,s,0.400000
18598,d,0.200000
18599,p,0.400000
18600,s,0.800000
18601,s,0.800000
18602,d,0.400000
18603,s,0.800000
18604,s,0.800000
18605,s,0.800000
18606,p,0.600000
18607,s,0.400000
18608,d,0.400000
18609,s,0.600000
18610,p,0.400000
18611,d,0.600000
18612,d,0.200000
18613,s,0.800000
18614,p,0.400000
18615,s,0.600000
18616,d,0.400000
18617,s,0.800000
18618,s,0.600000
18619,p,0.600000
18620,d,0.600000
18621,p,0.400000
18622,s,0.800000
18623,p,0.400000
18624,p,0.400000
18625,s,0.600000
18626,p,0.400000
18627,d,0.400000
18628,d,0.600000
18629,s,0.800000
18630,p,0.600000
18631,p,0.400000
18632,s,0.800000
18633,s,0.800000
18634,s,0.600000
18635,d,0.200000
18636,d,0.600000
18637,d,0.600000
18638,s,0.800000
18639,p,0.400000
18640,p,0.600000
18641,p,0.400000
18642,p,0.600000
18643,d,0.600000
18644,s,0.800000
18645,s,0.800000
18646,p,0.400000
18647,p,0.600000
18648,s,0.400000
18649,p,0.400000
18650,p,0.400000
18651,s,0.400000
18652,d,0.600000
18653,p,0.600000
18654,p,0.400000
18655,d,0.200000
18656,p,0.600000
18657,p,0.600000
18658,s,0.400000
18659,p,0.400000
18660,p,0.400000
18661,s,0.400000
18662,p,0.600000
18663,d,0.400000
18664,s,0.800000
18665,p,0.600000
18666,s,0.800000
18667,p,0.600000
18668,d,0.800000
18669,s,0.400000
18670,d,0.400000
18671,s,0.400000
18672,s,0.400000
18673,d,0.800000
18674,d,0.400000
18675,p,0.400000
18676,d,0.600000
18677,d,0.600000
18678,s,0.600000
18679,p,0.600000
18680,d,0.600000
18681,d,0.600000
18682,p,0.600000
18683,s,0.400000
18684,p,0.400000
18685,s,0.800000
18686,d,0.600000
18687,s,0.800000
18688,p,0.600000
18689,p,0.400000
18690,p,0.400000
18691,s,0.400000
18692,s,0.400000
18693,d,0.400000
18694,p,0.200000
18695,d,0.400000
18696,d,0.600000
18697,s,0.400000
18698,s,0.800000
18699,p,0.400000
18700,p,0.400000
18701,d,0.600000
18702,d,0.400000
18703,d,0.400000
18704,p,0.400000
18705,p,0.400000
18706,p,0.400000
18707,s,0.400000
18708,d,0.600000
18709,s,0.800000
18710,d,0.400000
18711,s,0.400000
18712,s,0.400000
18713,d,0.400000
18714,p,0.400000
18715,d,0.600000
18716,p,0.200000
18717,s,0.400000
18718,s,0.400000
18719,p,0.400000
18720,s,0.400000
18721,p,0.400000
18722,d,0.600000
18723,p,0.400000
18724,d,0.600000
18725,d,0.600000
18726,d,0.200000
18727,d,0.600000
18728,d,0.600000
18729,d,0.400000
18730,d,0.600000
18731,s,0.400000
18732,s,0.400000
18733,p,0.400000
18734,d,0.600000
18735,p,0.400000
18736,s,0.600000
18737,s,0.600000
18738,p,0.600000
18739,s,0.600000
18740,p,0.400000
18741,s,0.400000
18742,p,0.200000
18743,p,0.600000
18744,p,0.400000
18745,p,0.600000
18746,d,0.600000
18747,s,0.800000
18748,d,0.600000
18749,d,0.200000
18750,p,0.400000
18751,p,0.400000
18752,p,0.400000
18753,d,0.600000
18754,s,0.600000
18755,s,0.400000
18756,p,0.400000
18757,d,0.400000
18758,d,0.400000
18759,s,0.400000
18760,s,0.800000
18761,p,0.400000
18762,s,0.800000
18763,s,0.600000
18764,d,0.400000
18765,s,0.600000
18766,p,0.400000
18767,d,0.400000
18768,d,0.600000
18769,d,0.600000
18770,p,0.800000
18771,s,0.800000
18772,s,0.400000
18773,p,0.400000
18774,s,0.400000
18775,s,0.400000
18776,p,0.400000
18777,p,0.600000
18778,d,0.400000
18779,d,0.400000
18780,s,0.400000
18781,p,0.400000
18782,p,0.400000
18783,d,0.400000
18784,s,0.400000
18785,s,0.400000
18786,p,0.400000
18787,p,0.400000
18788,d,0.400000
18789,s,0.600000
18790,d,0.400000
18791,p,0.600000
18792,p,0.400000
18793,d,0.400000
18794,s,0.800000
18795,s,0.800000
18796,d,0.600000
18797,d,0.400000
18798,d,0.400000
18799,s,0.800000
18800,s,0.400000
18801,p,0.400000
18802,p,0.400000
18803,s,0.600000
18804,s,0.600000
18805,d,0.400000
18806,d,0.600000
18807,d,0.400000
18808,p,0.600000
18809,p,0.600000
18810,s,0.400000
18811,p,0.400000
18812,p,0.400000
18813,s,0.400000
18814,p,0.400000
18815,s,0.400000
18816,p,0.600000
18817,s,0.400000
18818,d,0.400000
18819,d,0.400000
18820,s,0.400000
18821,s,0.800000
18822,d,0.600000
18823,d,0.600000
18824,s,0.800000
18825,s,0.800000
18826,s,0.400000
18827,p,0.600000
18828,d,0.400000
18829,d,0.400000
18830,d,0.400000
18831,d,0.600000
18832,s,0.400000
18833,d,0.400000
18834,s,0.200000
18835,p,0.600000
18836,s,0.800000
18837,s,0.600000
18838,s,0.800000
18839,s,0.200000
18840,p,0.400000
18841,d,0.400000
18842,p,0.400000
18843,d,0.800000
18844,s,0.600000
18845,p,0.400000
18846,d,0.600000
18847,p,0.600000
18848,s,0.600000
18849,p,0.600000
18850,s,0.400000
18851,d,0.400000
18852,p,0.400000
18853,d,0.400000
18854,p,0.600000
18855,p,0.600000
18856,p,0.400000
18857,d,0.400000
18858,d,0.400000
18859,p,0.600000
18860,d,0.400000
18861,s,0.400000
18862,p,0.600000
18863,p,0.800000
18864,s,0.400000
18865,d,0.600000
18866,p,0.400000
18867,p,0.600000
18868,s,0.800000
18869,d,0.200000
18870,p,0.400000
18871,s,0.800000
18872,p,0.400000
18873,d,0.400000
18874,d,0.600000
18875,s,0.600000
18876,p,0.400000
18877,d,0.600000
18878,s,0.400000
18879,p,0.600000
18880,d,0.400000
18881,p,0.400000
18882,d,0.400000
18883,p,0.400000
18884,d,0.600000
18885,d,0.600000
18886,d,0.400000
18887,p,0.400000
18888,d,0.600000
18889,s,0.800000
18890,p,0.200000
18891,d,0.600000
18892,p,0.400000
18893,p,0.400000
18894,d,0.400000
18895,d,0.400000
18896,p,0.600000
18897,s,0.800000
18898,d,0.400000
18899,d,0.400000
18900,p,0.600000
18901,s,0.600000
18902,p,0.400000
18903,p,0.600000
18904,d,0.800000
18905,p,0.400000
18906,d,0.600000
18907,p,0.400000
18908,p,0.600000
18909,d,0.400000
18910,d,0.600000
18911,p,0.400000
18912,s,0.800000
18913,p,0.400000
18914,s,0.800000
18915,s,0.800000
18916,s,0.800000
18917,p,0.400000
18918,d,0.600000
18919,d,0.400000
18920,p,0.400000
18921,p,0.600000
18922,p,0.600000
18923,s,0.600000
18924,d,0.400000
18925,s,0.800000
18926,s,0.400000
18927,p,0.400000
18928,d,0.400000
18929,p,0.400000
18930,p,0.200000
18931,d,0.600000
18932,s,0.600000
18933,p,0.600000
18934,d,0.400000
18935,p,0.600000
18936,d,0.400000
18937,s,0.800000
18938,d,0.600000
18939,d,0.200000
18940,d,0.600000
18941,p,0.200000
18942,s,0.800000
18943,p,0.400000
18944,p,0.400000
18945,p,0.400000
18946,d,0.400000
18947,p,0.400000
18948,s,0.400000
18949,s,1.000000
18950,d,0.400000
18951,s,0.800000
18952,d,0.600000
18953,p,0.600000
