episode,step,reward
0,1,0.492966
0,2,0.474816
0,3,0.562031
0,4,0.452834
0,5,0.470214
0,6,0.460954
0,7,0.502064
0,8,0.461041
0,9,0.501621
0,10,0.493586
0,11,0.539779
0,12,0.512019
0,13,0.469356
0,14,0.495768
0,15,0.547988
1,1,0.519457
1,2,0.513670
1,3,0.445859
1,4,0.532282
1,5,0.510703
1,6,0.491091
1,7,0.533030
1,8,0.545274
1,9,0.450142
1,10,0.478852
1,11,0.453441
1,12,0.479090
1,13,0.470714
1,14,0.490474
1,15,0.520439
2,1,0.502562
2,2,0.436464
2,3,0.447342
2,4,0.434589
2,5,0.347951
2,6,0.460400
2,7,0.474724
2,8,0.500413
2,9,0.445709
2,10,0.484803
2,11,0.515813
2,12,0.471642
2,13,0.470104
2,14,0.472909
2,15,0.506701
3,1,0.514785
3,2,0.522940
3,3,0.438714
3,4,0.472346
3,5,0.435590
3,6,0.471348
3,7,0.526614
3,8,0.464246
3,9,0.486667
3,10,0.522760
3,11,0.503627
3,12,0.446665
3,13,0.450420
3,14,0.463004
3,15,0.467347
4,1,0.506369
4,2,0.477695
4,3,0.457081
4,4,0.516284
4,5,0.553153
4,6,0.529518
4,7,0.494594
4,8,0.574110
4,9,0.309473
4,10,0.506117
4,11,0.478070
4,12,0.446948
4,13,0.434589
4,14,0.405085
4,15,0.453637
5,1,0.477557
5,2,0.438738
5,3,0.467629
5,4,0.507591
5,5,0.502705
5,6,0.486943
5,7,0.535952
5,8,0.493357
5,9,0.480262
5,10,0.500925
5,11,0.543890
5,12,0.533703
5,13,0.444190
5,14,0.484010
5,15,0.411744
6,1,0.438400
6,2,0.532282
6,3,0.429346
6,4,0.489513
6,5,0.500261
6,6,0.531294
6,7,0.574110
6,8,0.469194
6,9,0.500261
6,10,0.434589
6,11,0.536499
6,12,0.523678
6,13,0.539256
6,14,0.543482
6,15,0.445809
7,1,0.463334
7,2,0.477925
7,3,0.477706
7,4,0.520813
7,5,0.512655
7,6,0.495341
7,7,0.457308
7,8,0.531753
7,9,0.500261
7,10,0.559811
7,11,0.511077
7,12,0.457114
7,13,0.477706
7,14,0.444899
7,15,0.543924
8,1,0.495553
8,2,0.533824
8,3,0.582009
8,4,0.479610
8,5,0.457224
8,6,0.489873
8,7,0.549014
8,8,0.453878
8,9,0.530507
8,10,0.507078
8,11,0.477757
8,12,0.514013
8,13,0.463174
8,14,0.492966
8,15,0.547988
9,1,0.534090
9,2,0.546623
9,3,0.574110
9,4,0.430471
9,5,0.405085
9,6,0.422127
9,7,0.526789
9,8,0.576875
9,9,0.578040
9,10,0.531294
9,11,0.450761
9,12,0.485829
9,13,0.549866
9,14,0.515813
9,15,0.488479
10,1,0.486625
10,2,0.520813
10,3,0.521767
10,4,0.504123
10,5,0.508220
10,6,0.524190
10,7,0.452709
10,8,0.506369
10,9,0.453735
10,10,0.447332
10,11,0.492966
10,12,0.554876
10,13,0.537878
10,14,0.457919
10,15,0.468278
11,1,0.483348
11,2,0.369116
11,3,0.465921
11,4,0.501070
11,5,0.525495
11,6,0.458120
11,7,0.444951
11,8,0.437293
11,9,0.498768
11,10,0.457971
11,11,0.456619
11,12,0.487291
11,13,0.446879
11,14,0.493825
11,15,0.476470
12,1,0.495156
12,2,0.532774
12,3,0.530078
12,4,0.561723
12,5,0.459762
12,6,0.468327
12,7,0.451927
12,8,0.472753
12,9,0.508835
12,10,0.462176
12,11,0.511077
12,12,0.466679
12,13,0.485647
12,14,0.485880
12,15,0.469878
13,1,0.449476
13,2,0.501971
13,3,0.461619
13,4,0.514986
13,5,0.458896
13,6,0.479210
13,7,0.495160
13,8,0.463023
13,9,0.543035
13,10,0.539811
13,11,0.443033
13,12,0.411744
13,13,0.508753
13,14,0.516911
13,15,0.475608
14,1,0.525593
14,2,0.469085
14,3,0.473330
14,4,0.522042
14,5,0.506322
14,6,0.510125
14,7,0.555991
14,8,0.520813
14,9,0.579136
14,10,0.574110
14,11,0.531294
14,12,0.498291
14,13,0.445858
14,14,0.479018
14,15,0.460251
15,1,0.405085
15,2,0.470955
15,3,0.380913
15,4,0.547988
15,5,0.522483
15,6,0.521309
15,7,0.531294
15,8,0.457620
15,9,0.486420
15,10,0.458390
15,11,0.491437
15,12,0.434589
15,13,0.451025
15,14,0.458617
15,15,0.306039
16,1,0.455629
16,2,0.534661
16,3,0.479499
16,4,0.492710
16,5,0.527817
16,6,0.553196
16,7,0.310159
16,8,0.330800
16,9,0.471202
16,10,0.456857
16,11,0.290060
16,12,0.440644
16,13,0.454104
16,14,0.500715
16,15,0.509970
17,1,0.547412
17,2,0.533808
17,3,0.562877
17,4,0.535334
17,5,0.545566
17,6,0.535135
17,7,0.470584
17,8,0.452819
17,9,0.486417
17,10,0.498247
17,11,0.489354
17,12,0.574110
17,13,0.508115
17,14,0.482941
17,15,0.473797
18,1,0.503028
18,2,0.515823
18,3,0.532802
18,4,0.459497
18,5,0.497674
18,6,0.486059
18,7,0.489803
18,8,0.537648
18,9,0.523038
18,10,0.529945
18,11,0.574858
18,12,0.542814
18,13,0.435089
18,14,0.431232
18,15,0.482739
19,1,0.443071
19,2,0.499845
19,3,0.526170
19,4,0.435590
19,5,0.517081
19,6,0.439418
19,7,0.544947
19,8,0.533559
19,9,0.510381
19,10,0.493637
19,11,0.549194
19,12,0.508197
19,13,0.483527
19,14,0.485693
19,15,0.438214
20,1,0.444898
20,2,0.491712
20,3,0.311617
20,4,0.480549
20,5,0.508220
20,6,0.443116
20,7,0.501399
20,8,0.459058
20,9,0.456002
20,10,0.356369
20,11,0.469403
20,12,0.479021
20,13,0.451892
20,14,0.440470
20,15,0.523915
21,1,0.512050
21,2,0.488479
21,3,0.534055
21,4,0.553725
21,5,0.532901
21,6,0.541218
21,7,0.574110
21,8,0.510891
21,9,0.456565
21,10,0.453575
21,11,0.445328
21,12,0.537488
21,13,0.446254
21,14,0.419837
21,15,0.415796
22,1,0.512167
22,2,0.451235
22,3,0.432336
22,4,0.496863
22,5,0.487535
22,6,0.515251
22,7,0.526789
22,8,0.459558
22,9,0.543452
22,10,0.445087
22,11,0.411744
22,12,0.413629
22,13,0.445175
22,14,0.497469
22,15,0.434589
23,1,0.523751
23,2,0.301157
23,3,0.480038
23,4,0.481344
23,5,0.545566
23,6,0.478151
23,7,0.538063
23,8,0.493297
23,9,0.520813
23,10,0.530495
23,11,0.532282
23,12,0.549036
23,13,0.434589
23,14,0.521133
23,15,0.574110
24,1,0.475296
24,2,0.497782
24,3,0.493881
24,4,0.447877
24,5,0.448065
24,6,0.455816
24,7,0.497469
24,8,0.574110
24,9,0.504352
24,10,0.485880
24,11,0.441839
24,12,0.473422
24,13,0.513993
24,14,0.498503
24,15,0.574110
25,1,0.475296
25,2,0.478474
25,3,0.405085
25,4,0.491851
25,5,0.459797
25,6,0.497859
25,7,0.506124
25,8,0.453374
25,9,0.451338
25,10,0.479823
25,11,0.518244
25,12,0.479057
25,13,0.564999
25,14,0.468970
25,15,0.456584
26,1,0.453155
26,2,0.512790
26,3,0.517391
26,4,0.435590
26,5,0.405085
26,6,0.496331
26,7,0.489306
26,8,0.500095
26,9,0.540536
26,10,0.463759
26,11,0.419837
26,12,0.500261
26,13,0.506369
26,14,0.458617
26,15,0.217294
27,1,0.479866
27,2,0.468653
27,3,0.434589
27,4,0.477648
27,5,0.461244
27,6,0.465307
27,7,0.463428
27,8,0.444352
27,9,0.491798
27,10,0.484628
27,11,0.459058
27,12,0.252061
27,13,0.501873
27,14,0.526324
27,15,0.521954
28,1,0.452414
28,2,0.434589
28,3,0.549674
28,4,0.535135
28,5,0.515707
28,6,0.553196
28,7,0.482941
28,8,0.000000
28,9,0.467052
28,10,0.467843
28,11,0.477006
28,12,0.499741
28,13,0.496262
28,14,0.460721
28,15,0.526170
29,1,0.502635
29,2,0.454104
29,3,0.544783
29,4,0.575772
29,5,0.552379
29,6,0.512167
29,7,0.533704
29,8,0.466099
29,9,0.301284
29,10,0.540239
29,11,0.489863
29,12,0.467425
29,13,0.538075
29,14,0.531294
29,15,0.445858
30,1,0.485419
30,2,0.515668
30,3,0.552962
30,4,0.537204
30,5,0.536561
30,6,0.537742
30,7,0.512959
30,8,0.495181
30,9,0.533083
30,10,0.532559
30,11,0.533030
30,12,0.549866
30,13,0.514624
30,14,0.434589
30,15,0.396328
31,1,0.358762
31,2,0.463451
31,3,0.547988
31,4,0.497720
31,5,0.537488
31,6,0.547988
31,7,0.534946
31,8,0.520477
31,9,0.507246
31,10,0.535135
31,11,0.456565
31,12,0.452010
31,13,0.536762
31,14,0.469324
31,15,0.500834
32,1,0.471890
32,2,0.535522
32,3,0.535135
32,4,0.241763
32,5,0.515668
32,6,0.485704
32,7,0.333062
32,8,0.437995
32,9,0.461771
32,10,0.533140
32,11,0.490357
32,12,0.535004
32,13,0.543249
32,14,0.553196
32,15,0.507051
33,1,0.510703
33,2,0.380913
33,3,0.520477
33,4,0.544118
33,5,0.466299
33,6,0.499942
33,7,0.508110
33,8,0.459882
33,9,0.486415
33,10,0.339037
33,11,0.446129
33,12,0.453061
33,13,0.446448
33,14,0.516493
33,15,0.478941
34,1,0.457081
34,2,0.499699
34,3,0.467425
34,4,0.463548
34,5,0.525622
34,6,0.543663
34,7,0.479057
34,8,0.441839
34,9,0.464208
34,10,0.504729
34,11,0.446734
34,12,0.484199
34,13,0.464798
34,14,0.493405
34,15,0.517945
35,1,0.517833
35,2,0.536927
35,3,0.505027
35,4,0.457129
35,5,0.217294
35,6,0.465819
35,7,0.452300
35,8,0.453998
35,9,0.485873
35,10,0.522582
35,11,0.221788
35,12,0.466928
35,13,0.505199
35,14,0.501181
35,15,0.499364
36,1,0.529648
36,2,0.435590
36,3,0.456179
36,4,0.494330
36,5,0.508124
36,6,0.453538
36,7,0.441820
36,8,0.532282
36,9,0.528681
36,10,0.474964
36,11,0.279891
36,12,0.506369
36,13,0.462561
36,14,0.454158
36,15,0.370369
37,1,0.459056
37,2,0.474538
37,3,0.483342
37,4,0.531748
37,5,0.426354
37,6,0.396328
37,7,0.502064
37,8,0.534826
37,9,0.539334
37,10,0.511180
37,11,0.553196
37,12,0.538390
37,13,0.523915
37,14,0.520477
37,15,0.536094
38,1,0.217294
38,2,0.453644
38,3,0.471396
38,4,0.479948
38,5,0.455982
38,6,0.445423
38,7,0.484803
38,8,0.540068
38,9,0.495783
38,10,0.537488
38,11,0.450901
38,12,0.501264
38,13,0.477725
38,14,0.447917
38,15,0.497711
39,1,0.432176
39,2,0.540239
39,3,0.510703
39,4,0.526538
39,5,0.504924
39,6,0.461161
39,7,0.481930
39,8,0.510506
39,9,0.461244
39,10,0.459268
39,11,0.478025
39,12,0.512644
39,13,0.443449
39,14,0.456571
39,15,0.474072
40,1,0.511180
40,2,0.533230
40,3,0.533032
40,4,0.493637
40,5,0.494729
40,6,0.457081
40,7,0.506369
40,8,0.533703
40,9,0.494256
40,10,0.535220
40,11,0.461636
40,12,0.481201
40,13,0.441839
40,14,0.468613
40,15,0.509205
41,1,0.509454
41,2,0.426354
41,3,0.480115
41,4,0.498519
41,5,0.457049
41,6,0.435028
41,7,0.435135
41,8,0.434856
41,9,0.459168
41,10,0.501594
41,11,0.482273
41,12,0.515364
41,13,0.469021
41,14,0.453834
41,15,0.523880
42,1,0.562011
42,2,0.536226
42,3,0.457090
42,4,0.506369
42,5,0.217294
42,6,0.487234
42,7,0.428881
42,8,0.486612
42,9,0.531429
42,10,0.547900
42,11,0.498659
42,12,0.531474
42,13,0.582009
42,14,0.504123
42,15,0.217294
43,1,0.456054
43,2,0.481000
43,3,0.464786
43,4,0.475699
43,5,0.513042
43,6,0.471671
43,7,0.499515
43,8,0.553251
43,9,0.520813
43,10,0.465304
43,11,0.487234
43,12,0.499514
43,13,0.467471
43,14,0.434589
43,15,0.488028
44,1,0.452844
44,2,0.522955
44,3,0.539566
44,4,0.524841
44,5,0.529871
44,6,0.497922
44,7,0.547988
44,8,0.508441
44,9,0.510903
44,10,0.380913
44,11,0.535170
44,12,0.521155
44,13,0.529404
44,14,0.508421
44,15,0.522167
45,1,0.442137
45,2,0.574110
45,3,0.494256
45,4,0.475782
45,5,0.458100
45,6,0.459244
45,7,0.202543
45,8,0.485829
45,9,0.467940
45,10,0.506085
45,11,0.481535
45,12,0.574110
45,13,0.471671
45,14,0.446645
45,15,0.447825
46,1,0.539966
46,2,0.525987
46,3,0.512655
46,4,0.469670
46,5,0.476909
46,6,0.470948
46,7,0.481996
46,8,0.547988
46,9,0.502549
46,10,0.548126
46,11,0.456706
46,12,0.480839
46,13,0.522955
46,14,0.434589
46,15,0.540239
47,1,0.549866
47,2,0.513335
47,3,0.458749
47,4,0.446645
47,5,0.506369
47,6,0.426354
47,7,0.464166
47,8,0.547988
47,9,0.452359
47,10,0.444884
47,11,0.471809
47,12,0.497922
47,13,0.489417
47,14,0.550113
47,15,0.530856
48,1,0.576623
48,2,0.558273
48,3,0.500261
48,4,0.474646
48,5,0.453805
48,6,0.543019
48,7,0.559623
48,8,0.493637
48,9,0.549676
48,10,0.475810
48,11,0.506974
48,12,0.494321
48,13,0.523915
48,14,0.459558
48,15,0.566955
49,1,0.554919
49,2,0.531294
49,3,0.547988
49,4,0.480650
49,5,0.555926
49,6,0.454336
49,7,0.496316
49,8,0.525963
49,9,0.492966
49,10,0.547988
49,11,0.515425
49,12,0.514459
49,13,0.476432
49,14,0.542769
49,15,0.543076
50,1,0.543757
50,2,0.537878
50,3,0.532421
50,4,0.512896
50,5,0.523217
50,6,0.514856
50,7,0.454336
50,8,0.453469
50,9,0.460779
50,10,0.508885
50,11,0.471760
50,12,0.554567
50,13,0.520116
50,14,0.496404
50,15,0.535135
51,1,0.453210
51,2,0.490742
51,3,0.518965
51,4,0.480062
51,5,0.542145
51,6,0.562011
51,7,0.467425
51,8,0.517749
51,9,0.512767
51,10,0.458621
51,11,0.482266
51,12,0.509945
51,13,0.493637
51,14,0.533536
51,15,0.457081
52,1,0.499727
52,2,0.484233
52,3,0.512943
52,4,0.466738
52,5,0.434589
52,6,0.460517
52,7,0.501691
52,8,0.502083
52,9,0.509504
52,10,0.533639
52,11,0.521337
52,12,0.536393
52,13,0.455120
52,14,0.454211
52,15,0.468428
53,1,0.493297
53,2,0.574110
53,3,0.464078
53,4,0.514275
53,5,0.502064
53,6,0.217294
53,7,0.478530
53,8,0.513767
53,9,0.446782
53,10,0.467425
53,11,0.452355
53,12,0.467830
53,13,0.452414
53,14,0.497469
53,15,0.533704
54,1,0.515326
54,2,0.446359
54,3,0.489152
54,4,0.483763
54,5,0.515591
54,6,0.477211
54,7,0.513112
54,8,0.547988
54,9,0.464457
54,10,0.431107
54,11,0.504977
54,12,0.540239
54,13,0.503231
54,14,0.469088
54,15,0.443163
55,1,0.313442
55,2,0.469892
55,3,0.522067
55,4,0.476214
55,5,0.493604
55,6,0.442137
55,7,0.576623
55,8,0.525110
55,9,0.438714
55,10,0.498964
55,11,0.507252
55,12,0.574110
55,13,0.508753
55,14,0.490059
55,15,0.435590
56,1,0.254376
56,2,0.471971
56,3,0.479897
56,4,0.490739
56,5,0.574110
56,6,0.342424
56,7,0.501076
56,8,0.531964
56,9,0.529404
56,10,0.464451
56,11,0.435590
56,12,0.520703
56,13,0.542640
56,14,0.493637
56,15,0.574110
57,1,0.473018
57,2,0.434589
57,3,0.411744
57,4,0.579136
57,5,0.441839
57,6,0.473422
57,7,0.547172
57,8,0.525746
57,9,0.487673
57,10,0.547988
57,11,0.523915
57,12,0.443065
57,13,0.582009
57,14,0.434589
57,15,0.449476
58,1,0.443143
58,2,0.485386
58,3,0.315997
58,4,0.520973
58,5,0.458650
58,6,0.411744
58,7,0.455832
58,8,0.463126
58,9,0.488926
58,10,0.515166
58,11,0.524523
58,12,0.457786
58,13,0.506369
58,14,0.479455
58,15,0.493637
59,1,0.450010
59,2,0.455095
59,3,0.574110
59,4,0.477984
59,5,0.501399
59,6,0.566955
59,7,0.435089
59,8,0.202543
59,9,0.434738
59,10,0.508753
59,11,0.547988
59,12,0.495545
59,13,0.470513
59,14,0.436313
59,15,0.458948
60,1,0.547988
60,2,0.468392
60,3,0.468698
60,4,0.447314
60,5,0.467397
60,6,0.517652
60,7,0.480062
60,8,0.547988
60,9,0.532282
60,10,0.476884
60,11,0.491357
60,12,0.527474
60,13,0.505886
60,14,0.475048
60,15,0.579136
61,1,0.467794
61,2,0.493604
61,3,0.506980
61,4,0.497309
61,5,0.541280
61,6,0.523962
61,7,0.324549
61,8,0.467158
61,9,0.496753
61,10,0.499833
61,11,0.518987
61,12,0.533514
61,13,0.564999
61,14,0.521971
61,15,0.560915
62,1,0.520768
62,2,0.446782
62,3,0.547988
62,4,0.476219
62,5,0.463125
62,6,0.450853
62,7,0.504378
62,8,0.535952
62,9,0.505465
62,10,0.371688
62,11,0.506369
62,12,0.534939
62,13,0.483348
62,14,0.547988
62,15,0.397650
63,1,0.547988
63,2,0.582009
63,3,0.545566
63,4,0.547988
63,5,0.523915
63,6,0.553196
63,7,0.441741
63,8,0.512167
63,9,0.496331
63,10,0.521884
63,11,0.487405
63,12,0.557856
63,13,0.574110
63,14,0.426354
63,15,0.462172
64,1,0.497013
64,2,0.478406
64,3,0.496406
64,4,0.522701
64,5,0.564999
64,6,0.549686
64,7,0.534060
64,8,0.574110
64,9,0.452883
64,10,0.480839
64,11,0.514107
64,12,0.461244
64,13,0.467425
64,14,0.475409
64,15,0.542640
65,1,0.531624
65,2,0.486625
65,3,0.467425
65,4,0.431543
65,5,0.522919
65,6,0.533467
65,7,0.457620
65,8,0.457960
65,9,0.469224
65,10,0.493866
65,11,0.525622
65,12,0.454336
65,13,0.411744
65,14,0.457129
65,15,0.514309
66,1,0.338426
66,2,0.411744
66,3,0.503732
66,4,0.514306
66,5,0.454336
66,6,0.431107
66,7,0.457061
66,8,0.458305
66,9,0.437459
66,10,0.497870
66,11,0.530367
66,12,0.517313
66,13,0.442633
66,14,0.536499
66,15,0.524695
67,1,0.493825
67,2,0.575218
67,3,0.521680
67,4,0.535734
67,5,0.542399
67,6,0.547988
67,7,0.491204
67,8,0.574110
67,9,0.490223
67,10,0.493297
67,11,0.434589
67,12,0.506369
67,13,0.503295
67,14,0.479597
67,15,0.471292
68,1,0.457660
68,2,0.481395
68,3,0.482419
68,4,0.499267
68,5,0.535561
68,6,0.524886
68,7,0.452414
68,8,0.435590
68,9,0.311617
68,10,0.502964
68,11,0.496164
68,12,0.466590
68,13,0.493006
68,14,0.517027
68,15,0.502064
69,1,0.582009
69,2,0.490742
69,3,0.217294
69,4,0.507810
69,5,0.473878
69,6,0.574110
69,7,0.524886
69,8,0.510455
69,9,0.435590
69,10,0.540239
69,11,0.469194
69,12,0.498445
69,13,0.514460
69,14,0.535952
69,15,0.469856
70,1,0.446899
70,2,0.533704
70,3,0.520512
70,4,0.537648
70,5,0.547242
70,6,0.490456
70,7,0.535561
70,8,0.453237
70,9,0.411744
70,10,0.470750
70,11,0.522927
70,12,0.553221
70,13,0.463308
70,14,0.574110
70,15,0.524886
71,1,0.507531
71,2,0.434589
71,3,0.464166
71,4,0.541212
71,5,0.523217
71,6,0.516473
71,7,0.523915
71,8,0.504352
71,9,0.464451
71,10,0.574110
71,11,0.521321
71,12,0.535135
71,13,0.540988
71,14,0.566955
71,15,0.498445
72,1,0.574110
72,2,0.496995
72,3,0.474791
72,4,0.470547
72,5,0.504977
72,6,0.539040
72,7,0.547988
72,8,0.523275
72,9,0.490395
72,10,0.532275
72,11,0.434589
72,12,0.405085
72,13,0.540239
72,14,0.443065
72,15,0.579136
73,1,0.529648
73,2,0.457147
73,3,0.498464
73,4,0.442096
73,5,0.547988
73,6,0.513599
73,7,0.342860
73,8,0.511077
73,9,0.480236
73,10,0.502791
73,11,0.493637
73,12,0.548758
73,13,0.520821
73,14,0.520001
73,15,0.536082
74,1,0.521556
74,2,0.438714
74,3,0.330131
74,4,0.506369
74,5,0.521767
74,6,0.471671
74,7,0.432130
74,8,0.487307
74,9,0.574110
74,10,0.397650
74,11,0.534377
74,12,0.518965
74,13,0.457620
74,14,0.480682
74,15,0.517155
75,1,0.502655
75,2,0.546623
75,3,0.469070
75,4,0.547988
75,5,0.547988
75,6,0.494569
75,7,0.472171
75,8,0.359370
75,9,0.478191
75,10,0.504719
75,11,0.546930
75,12,0.451022
75,13,0.547988
75,14,0.480839
75,15,0.492632
76,1,0.505968
76,2,0.552609
76,3,0.498659
76,4,0.496099
76,5,0.241106
76,6,0.242328
76,7,0.574110
76,8,0.340301
76,9,0.411744
76,10,0.523915
76,11,0.514470
76,12,0.464707
76,13,0.506369
76,14,0.529404
76,15,0.466099
77,1,0.547988
77,2,0.514648
77,3,0.529404
77,4,0.474816
77,5,0.535952
77,6,0.539533
77,7,0.492320
77,8,0.493637
77,9,0.457523
77,10,0.250131
77,11,0.515668
77,12,0.461194
77,13,0.499833
77,14,0.430471
77,15,0.497013
78,1,0.489315
78,2,0.497694
78,3,0.498258
78,4,0.512048
78,5,0.548126
78,6,0.476323
78,7,0.536499
78,8,0.449943
78,9,0.506369
78,10,0.533703
78,11,0.489005
78,12,0.456752
78,13,0.434589
78,14,0.492746
78,15,0.574110
79,1,0.533703
79,2,0.467425
79,3,0.434589
79,4,0.452355
79,5,0.426345
79,6,0.472792
79,7,0.452551
79,8,0.353563
79,9,0.518551
79,10,0.467136
79,11,0.492784
79,12,0.434589
79,13,0.549676
79,14,0.531294
79,15,0.530577
80,1,0.535252
80,2,0.502064
80,3,0.473996
80,4,0.526433
80,5,0.547988
80,6,0.534184
80,7,0.512959
80,8,0.462633
80,9,0.462327
80,10,0.504660
80,11,0.311808
80,12,0.500790
80,13,0.213177
80,14,0.479897
80,15,0.446165
81,1,0.449801
81,2,0.467999
81,3,0.504584
81,4,0.504881
81,5,0.473998
81,6,0.446169
81,7,0.453878
81,8,0.434589
81,9,0.521767
81,10,0.476908
81,11,0.368684
81,12,0.415796
81,13,0.451013
81,14,0.467302
81,15,0.431543
82,1,0.523175
82,2,0.483527
82,3,0.542520
82,4,0.522955
82,5,0.434589
82,6,0.488479
82,7,0.445859
82,8,0.487228
82,9,0.435590
82,10,0.473566
82,11,0.501927
82,12,0.434589
82,13,0.479866
82,14,0.509730
82,15,0.574110
83,1,0.456565
83,2,0.461619
83,3,0.467425
83,4,0.497287
83,5,0.574110
83,6,0.533703
83,7,0.438229
83,8,0.579701
83,9,0.547988
83,10,0.524815
83,11,0.457620
83,12,0.448564
83,13,0.499764
83,14,0.464246
83,15,0.434589
84,1,0.411744
84,2,0.456316
84,3,0.396328
84,4,0.451843
84,5,0.527284
84,6,0.554567
84,7,0.480839
84,8,0.240325
84,9,0.456480
84,10,0.454610
84,11,0.435590
84,12,0.367460
84,13,0.456857
84,14,0.532282
84,15,0.498975
85,1,0.546364
85,2,0.574110
85,3,0.467553
85,4,0.489181
85,5,0.544695
85,6,0.495545
85,7,0.460183
85,8,0.477135
85,9,0.405085
85,10,0.501266
85,11,0.514781
85,12,0.513402
85,13,0.540988
85,14,0.535366
85,15,0.547005
86,1,0.458896
86,2,0.500933
86,3,0.456857
86,4,0.547988
86,5,0.552609
86,6,0.498659
86,7,0.524486
86,8,0.217795
86,9,0.434589
86,10,0.498071
86,11,0.472434
86,12,0.488255
86,13,0.522332
86,14,0.470340
86,15,0.411744
87,1,0.422172
87,2,0.499388
87,3,0.434589
87,4,0.537165
87,5,0.494591
87,6,0.434589
87,7,0.411744
87,8,0.473956
87,9,0.434589
87,10,0.330800
87,11,0.494330
87,12,0.000000
87,13,0.468327
87,14,0.480236
87,15,0.472833
88,1,0.405085
88,2,0.405085
88,3,0.464166
88,4,0.547988
88,5,0.458896
88,6,0.498501
88,7,0.509262
88,8,0.519925
88,9,0.375999
88,10,0.473555
88,11,0.574110
88,12,0.434589
88,13,0.576623
88,14,0.533703
88,15,0.549676
89,1,0.461727
89,2,0.450252
89,3,0.440305
89,4,0.393464
89,5,0.479350
89,6,0.574110
89,7,0.507051
89,8,0.380913
89,9,0.560633
89,10,0.514032
89,11,0.585424
89,12,0.468327
89,13,0.528333
89,14,0.530078
89,15,0.483527
90,1,0.358464
90,2,0.503011
90,3,0.434589
90,4,0.513914
90,5,0.488479
90,6,0.534055
90,7,0.486625
90,8,0.467425
90,9,0.447332
90,10,0.576623
90,11,0.461727
90,12,0.485092
90,13,0.497505
90,14,0.459644
90,15,0.405085
91,1,0.497093
91,2,0.502064
91,3,0.534585
91,4,0.523915
91,5,0.241763
91,6,0.473797
91,7,0.434589
91,8,0.511252
91,9,0.434589
91,10,0.461727
91,11,0.434589
91,12,0.506369
91,13,0.531838
91,14,0.434589
91,15,0.497424
92,1,0.515290
92,2,0.483618
92,3,0.453805
92,4,0.507772
92,5,0.547988
92,6,0.437339
92,7,0.452863
92,8,0.534946
92,9,0.488352
92,10,0.438214
92,11,0.547988
92,12,0.495403
92,13,0.542028
92,14,0.533909
92,15,0.435590
93,1,0.448844
93,2,0.504511
93,3,0.494230
93,4,0.545798
93,5,0.519583
93,6,0.530389
93,7,0.538929
93,8,0.435590
93,9,0.458961
93,10,0.443143
93,11,0.495545
93,12,0.536737
93,13,0.462561
93,14,0.431107
93,15,0.461631
94,1,0.481667
94,2,0.535501
94,3,0.540988
94,4,0.536451
94,5,0.499845
94,6,0.519636
94,7,0.434589
94,8,0.439455
94,9,0.452010
94,10,0.552379
94,11,0.463308
94,12,0.451892
94,13,0.479786
94,14,0.466498
94,15,0.486490
95,1,0.500685
95,2,0.443825
95,3,0.434589
95,4,0.485800
95,5,0.574110
95,6,0.454583
95,7,0.506369
95,8,0.525622
95,9,0.531294
95,10,0.480650
95,11,0.574110
95,12,0.426354
95,13,0.411744
95,14,0.456813
95,15,0.444013
96,1,0.473060
96,2,0.430471
96,3,0.495545
96,4,0.434589
96,5,0.526170
96,6,0.465614
96,7,0.448217
96,8,0.506369
96,9,0.472494
96,10,0.522986
96,11,0.479521
96,12,0.539533
96,13,0.534585
96,14,0.434589
96,15,0.485814
97,1,0.523915
97,2,0.506708
97,3,0.488870
97,4,0.518355
97,5,0.531300
97,6,0.532282
97,7,0.477779
97,8,0.486625
97,9,0.582009
97,10,0.467425
97,11,0.411744
97,12,0.340718
97,13,0.463451
97,14,0.504378
97,15,0.442828
98,1,0.498768
98,2,0.434589
98,3,0.473996
98,4,0.000000
98,5,0.497013
98,6,0.505408
98,7,0.523832
98,8,0.470304
98,9,0.464706
98,10,0.433730
98,11,0.493604
98,12,0.463749
98,13,0.484655
98,14,0.452010
98,15,0.532467
99,1,0.574110
99,2,0.532255
99,3,0.524523
99,4,0.547988
99,5,0.534518
99,6,0.574110
99,7,0.482941
99,8,0.476909
99,9,0.434589
99,10,0.419837
99,11,0.408884
99,12,0.437492
99,13,0.434589
99,14,0.452485
99,15,0.411744
100,1,0.202543
100,2,0.464030
100,3,0.443116
100,4,0.411744
100,5,0.495545
100,6,0.503560
100,7,0.547988
100,8,0.531624
100,9,0.490456
100,10,0.524667
100,11,0.452414
100,12,0.485516
100,13,0.547988
100,14,0.435590
100,15,0.449266
101,1,0.480236
101,2,0.574110
101,3,0.539811
101,4,0.539533
101,5,0.542640
101,6,0.510381
101,7,0.574110
101,8,0.525622
101,9,0.533703
101,10,0.486746
101,11,0.576623
101,12,0.480650
101,13,0.486420
101,14,0.574110
101,15,0.453502
102,1,0.411744
102,2,0.477873
102,3,0.458948
102,4,0.547988
102,5,0.332413
102,6,0.457772
102,7,0.479901
102,8,0.430471
102,9,0.485602
102,10,0.564999
102,11,0.472171
102,12,0.577435
102,13,0.461575
102,14,0.459268
102,15,0.411744
103,1,0.441431
103,2,0.488479
103,3,0.530507
103,4,0.506090
103,5,0.476142
103,6,0.478941
103,7,0.479815
103,8,0.534399
103,9,0.574110
103,10,0.454336
103,11,0.506369
103,12,0.497469
103,13,0.434589
103,14,0.468578
103,15,0.475782
104,1,0.545137
104,2,0.498445
104,3,0.460125
104,4,0.543035
104,5,0.480839
104,6,0.471050
104,7,0.513402
104,8,0.525286
104,9,0.542640
104,10,0.547988
104,11,0.574110
104,12,0.445859
104,13,0.531294
104,14,0.305080
104,15,0.488311
105,1,0.502064
105,2,0.473956
105,3,0.535281
105,4,0.547988
105,5,0.538777
105,6,0.434589
105,7,0.405085
105,8,0.411744
105,9,0.478695
105,10,0.547988
105,11,0.434589
105,12,0.452355
105,13,0.473034
105,14,0.457743
105,15,0.527061
106,1,0.500416
106,2,0.517321
106,3,0.457129
106,4,0.522955
106,5,0.473121
106,6,0.500391
106,7,0.523751
106,8,0.472804
106,9,0.461244
106,10,0.483348
106,11,0.547988
106,12,0.503998
106,13,0.534058
106,14,0.547988
106,15,0.489100
107,1,0.539334
107,2,0.532282
107,3,0.521093
107,4,0.574110
107,5,0.430471
107,6,0.494256
107,7,0.499833
107,8,0.469123
107,9,0.405085
107,10,0.514583
107,11,0.468327
107,12,0.446467
107,13,0.405085
107,14,0.496242
107,15,0.443065
108,1,0.462522
108,2,0.506369
108,3,0.533703
108,4,0.532282
108,5,0.499127
108,6,0.462359
108,7,0.506369
108,8,0.508309
108,9,0.512543
108,10,0.514134
108,11,0.534790
108,12,0.532282
108,13,0.552662
108,14,0.469302
108,15,0.451025
109,1,0.432176
109,2,0.411744
109,3,0.475559
109,4,0.574110
109,5,0.552379
109,6,0.547988
109,7,0.523915
109,8,0.529627
109,9,0.434589
109,10,0.517583
109,11,0.492966
109,12,0.539966
109,13,0.529945
109,14,0.537127
109,15,0.532282
110,1,0.520477
110,2,0.467926
110,3,0.419837
110,4,0.470215
110,5,0.469878
110,6,0.574110
110,7,0.466099
110,8,0.334611
110,9,0.454854
110,10,0.494162
110,11,0.496895
110,12,0.502064
110,13,0.504240
110,14,0.490059
110,15,0.523915
111,1,0.516035
111,2,0.490111
111,3,0.434589
111,4,0.457620
111,5,0.452300
111,6,0.499267
111,7,0.476958
111,8,0.532282
111,9,0.527034
111,10,0.536094
111,11,0.435590
111,12,0.405085
111,13,0.491894
111,14,0.434589
111,15,0.405085
112,1,0.456989
112,2,0.574110
112,3,0.480236
112,4,0.456565
112,5,0.494330
112,6,0.547988
112,7,0.547988
112,8,0.460019
112,9,0.547988
112,10,0.468327
112,11,0.506369
112,12,0.434589
112,13,0.493095
112,14,0.526441
112,15,0.523915
113,1,0.490503
113,2,0.478580
113,3,0.449926
113,4,0.449669
113,5,0.547988
113,6,0.520753
113,7,0.461636
113,8,0.549676
113,9,0.574110
113,10,0.503420
113,11,0.510507
113,12,0.491357
113,13,0.564999
113,14,0.561276
113,15,0.456565
114,1,0.451741
114,2,0.405085
114,3,0.506369
114,4,0.525622
114,5,0.500261
114,6,0.514309
114,7,0.511715
114,8,0.466487
114,9,0.434589
114,10,0.446504
114,11,0.534177
114,12,0.523915
114,13,0.535751
114,14,0.574110
114,15,0.521258
115,1,0.447917
115,2,0.453805
115,3,0.467425
115,4,0.477706
115,5,0.000000
115,6,0.524980
115,7,0.508441
115,8,0.498445
115,9,0.434589
115,10,0.419837
115,11,0.406025
115,12,0.435590
115,13,0.540239
115,14,0.457308
115,15,0.547988
116,1,0.435590
116,2,0.411744
116,3,0.523915
116,4,0.467926
116,5,0.487234
116,6,0.467157
116,7,0.455629
116,8,0.311119
116,9,0.454115
116,10,0.462491
116,11,0.496008
116,12,0.434589
116,13,0.485092
116,14,0.514134
116,15,0.535097
117,1,0.510507
117,2,0.533808
117,3,0.543383
117,4,0.435590
117,5,0.509885
117,6,0.532282
117,7,0.426354
117,8,0.481201
117,9,0.434589
117,10,0.485880
117,11,0.471050
117,12,0.547988
117,13,0.475409
117,14,0.574110
117,15,0.492966
118,1,0.522492
118,2,0.532282
118,3,0.467553
118,4,0.547988
118,5,0.480839
118,6,0.434589
118,7,0.445460
118,8,0.435590
118,9,0.411744
118,10,0.540545
118,11,0.241763
118,12,0.444428
118,13,0.479866
118,14,0.484803
118,15,0.512959
119,1,0.511180
119,2,0.476432
119,3,0.520477
119,4,0.537648
119,5,0.462683
119,6,0.574110
119,7,0.525622
119,8,0.525622
119,9,0.434589
119,10,0.478695
119,11,0.504015
119,12,0.535135
119,13,0.462727
119,14,0.453469
119,15,0.494445
120,1,0.508270
120,2,0.582009
120,3,0.547988
120,4,0.509730
120,5,0.523559
120,6,0.475737
120,7,0.529737
120,8,0.435590
120,9,0.543005
120,10,0.521894
120,11,0.547988
120,12,0.456475
120,13,0.544118
120,14,0.528384
120,15,0.549016
121,1,0.520157
121,2,0.535734
121,3,0.434260
121,4,0.411744
121,5,0.508753
121,6,0.507999
121,7,0.458399
121,8,0.480666
121,9,0.547075
121,10,0.482899
121,11,0.576905
121,12,0.564999
121,13,0.533230
121,14,0.574110
121,15,0.464451
122,1,0.512167
122,2,0.435590
122,3,0.419837
122,4,0.397650
122,5,0.547988
122,6,0.471611
122,7,0.451025
122,8,0.486431
122,9,0.537782
122,10,0.523915
122,11,0.523915
122,12,0.336338
122,13,0.547988
122,14,0.547988
122,15,0.531624
123,1,0.533703
123,2,0.509730
123,3,0.498006
123,4,0.519276
123,5,0.537808
123,6,0.359631
123,7,0.532359
123,8,0.507782
123,9,0.574110
123,10,0.479057
123,11,0.449133
123,12,0.493314
123,13,0.217294
123,14,0.574110
123,15,0.505338
124,1,0.525110
124,2,0.435590
124,3,0.411744
124,4,0.523915
124,5,0.463993
124,6,0.437995
124,7,0.499156
124,8,0.434589
124,9,0.465457
124,10,0.432130
124,11,0.000000
124,12,0.504470
124,13,0.479112
124,14,0.547988
124,15,0.579640
125,1,0.536737
125,2,0.525622
125,3,0.533703
125,4,0.435590
125,5,0.506369
125,6,0.464451
125,7,0.254376
125,8,0.479498
125,9,0.504352
125,10,0.547988
125,11,0.539086
125,12,0.434589
125,13,0.347218
125,14,0.477395
125,15,0.479897
126,1,0.496616
126,2,0.532282
126,3,0.575457
126,4,0.574110
126,5,0.547988
126,6,0.434589
126,7,0.449476
126,8,0.448318
126,9,0.495545
126,10,0.469123
126,11,0.368684
126,12,0.469537
126,13,0.519249
126,14,0.539343
126,15,0.513172
127,1,0.536193
127,2,0.434260
127,3,0.442876
127,4,0.475747
127,5,0.405085
127,6,0.000000
127,7,0.488762
127,8,0.547988
127,9,0.492073
127,10,0.464611
127,11,0.506369
127,12,0.517047
127,13,0.523915
127,14,0.459644
127,15,0.466601
128,1,0.574110
128,2,0.529404
128,3,0.547988
128,4,0.484272
128,5,0.472171
128,6,0.579701
128,7,0.434589
128,8,0.441839
128,9,0.479866
128,10,0.523915
128,11,0.534946
128,12,0.434589
128,13,0.432268
128,14,0.411744
128,15,0.476208
129,1,0.435590
129,2,0.460637
129,3,0.564999
129,4,0.574110
129,5,0.575457
129,6,0.434589
129,7,0.405085
129,8,0.446645
129,9,0.508753
129,10,0.468596
129,11,0.493959
129,12,0.482703
129,13,0.479995
129,14,0.574110
129,15,0.434589
130,1,0.488479
130,2,0.463993
130,3,0.506117
130,4,0.476171
130,5,0.575420
130,6,0.434589
130,7,0.479471
130,8,0.536217
130,9,0.547988
130,10,0.532282
130,11,0.492966
130,12,0.434589
130,13,0.506369
130,14,0.443065
130,15,0.480650
131,1,0.468864
131,2,0.535561
131,3,0.503017
131,4,0.575785
131,5,0.547988
131,6,0.488479
131,7,0.515290
131,8,0.574110
131,9,0.579136
131,10,0.574110
131,11,0.525622
131,12,0.489005
131,13,0.434589
131,14,0.535135
131,15,0.469418
132,1,0.306372
132,2,0.574110
132,3,0.525622
132,4,0.533703
132,5,0.553196
132,6,0.478456
132,7,0.498768
132,8,0.468373
132,9,0.405085
132,10,0.483348
132,11,0.311617
132,12,0.459058
132,13,0.447546
132,14,0.492001
132,15,0.547988
133,1,0.462773
133,2,0.477949
133,3,0.502064
133,4,0.435590
133,5,0.506369
133,6,0.470584
133,7,0.574110
133,8,0.525622
133,9,0.476884
133,10,0.497922
133,11,0.519388
133,12,0.491392
133,13,0.446905
133,14,0.434589
133,15,0.506369
134,1,0.525622
134,2,0.461636
134,3,0.543663
134,4,0.464209
134,5,0.513375
134,6,0.306372
134,7,0.481615
134,8,0.494739
134,9,0.532282
134,10,0.250131
134,11,0.533793
134,12,0.457740
134,13,0.434589
134,14,0.466752
134,15,0.496408
135,1,0.532282
135,2,0.522257
135,3,0.547988
135,4,0.531624
135,5,0.533703
135,6,0.514032
135,7,0.476376
135,8,0.523915
135,9,0.533704
135,10,0.434589
135,11,0.471366
135,12,0.443143
135,13,0.493604
135,14,0.481127
135,15,0.542183
136,1,0.434589
136,2,0.533704
136,3,0.534946
136,4,0.446905
136,5,0.574110
136,6,0.456565
136,7,0.477949
136,8,0.202543
136,9,0.434589
136,10,0.457178
136,11,0.434848
136,12,0.537698
136,13,0.523915
136,14,0.306039
136,15,0.434589
137,1,0.495783
137,2,0.314447
137,3,0.506369
137,4,0.500874
137,5,0.574110
137,6,0.510703
137,7,0.496404
137,8,0.574110
137,9,0.543460
137,10,0.574110
137,11,0.521767
137,12,0.555709
137,13,0.574110
137,14,0.426354
137,15,0.467807
138,1,0.459320
138,2,0.435590
138,3,0.463174
138,4,0.527581
138,5,0.522103
138,6,0.434589
138,7,0.506369
138,8,0.531964
138,9,0.497922
138,10,0.479507
138,11,0.405085
138,12,0.480839
138,13,0.463399
138,14,0.496598
138,15,0.460498
139,1,0.405085
139,2,0.405085
139,3,0.405085
139,4,0.540239
139,5,0.482965
139,6,0.453820
139,7,0.501833
139,8,0.504991
139,9,0.548848
139,10,0.461250
139,11,0.474449
139,12,0.506369
139,13,0.525622
139,14,0.453424
139,15,0.471671
140,1,0.582009
140,2,0.434589
140,3,0.411744
140,4,0.463759
140,5,0.479018
140,6,0.574110
140,7,0.488479
140,8,0.488542
140,9,0.434589
140,10,0.532880
140,11,0.411744
140,12,0.446782
140,13,0.465246
140,14,0.504123
140,15,0.574110
141,1,0.505866
141,2,0.489386
141,3,0.533780
141,4,0.523167
141,5,0.547988
141,6,0.532282
141,7,0.426354
141,8,0.543035
141,9,0.517063
141,10,0.525622
141,11,0.442664
141,12,0.494591
141,13,0.481695
141,14,0.574110
141,15,0.517047
142,1,0.506944
142,2,0.467425
142,3,0.419837
142,4,0.453442
142,5,0.464205
142,6,0.498445
142,7,0.519886
142,8,0.494000
142,9,0.467136
142,10,0.492443
142,11,0.480650
142,12,0.547988
142,13,0.532282
142,14,0.426354
142,15,0.452297
143,1,0.459497
143,2,0.432176
143,3,0.574110
143,4,0.472723
143,5,0.511077
143,6,0.517923
143,7,0.506980
143,8,0.299569
143,9,0.444237
143,10,0.481085
143,11,0.464182
143,12,0.433250
143,13,0.499213
143,14,0.456673
143,15,0.532282
144,1,0.472571
144,2,0.554312
144,3,0.494332
144,4,0.547988
144,5,0.494332
144,6,0.523484
144,7,0.542593
144,8,0.532863
144,9,0.426354
144,10,0.411744
144,11,0.491859
144,12,0.380913
144,13,0.574110
144,14,0.335398
144,15,0.474471
145,1,0.451927
145,2,0.454833
145,3,0.505120
145,4,0.574110
145,5,0.525622
145,6,0.525622
145,7,0.426354
145,8,0.471671
145,9,0.435612
145,10,0.452414
145,11,0.516911
145,12,0.434589
145,13,0.411744
145,14,0.530441
145,15,0.525542
146,1,0.531393
146,2,0.527019
146,3,0.574110
146,4,0.547988
146,5,0.541934
146,6,0.434589
146,7,0.523966
146,8,0.506369
146,9,0.559257
146,10,0.525590
146,11,0.459818
146,12,0.411744
146,13,0.488317
146,14,0.498026
146,15,0.469558
147,1,0.449369
147,2,0.574110
147,3,0.477056
147,4,0.473002
147,5,0.459244
147,6,0.347033
147,7,0.473797
147,8,0.459236
147,9,0.405085
147,10,0.506369
147,11,0.488832
147,12,0.526818
147,13,0.554858
147,14,0.533703
147,15,0.466160
148,1,0.432712
148,2,0.574110
148,3,0.529404
148,4,0.486625
148,5,0.549866
148,6,0.461248
148,7,0.457620
148,8,0.497013
148,9,0.411744
148,10,0.471135
148,11,0.483147
148,12,0.507568
148,13,0.524955
148,14,0.506849
148,15,0.555871
149,1,0.538520
149,2,0.522011
149,3,0.524581
149,4,0.547535
149,5,0.480118
149,6,0.574110
149,7,0.426354
149,8,0.513402
149,9,0.411744
149,10,0.514829
149,11,0.533020
149,12,0.501558
149,13,0.471790
149,14,0.574110
149,15,0.525622
150,1,0.426354
150,2,0.456475
150,3,0.499677
150,4,0.452033
150,5,0.325935
150,6,0.464246
150,7,0.514781
150,8,0.483007
150,9,0.478722
150,10,0.525242
150,11,0.481869
150,12,0.506369
150,13,0.482945
150,14,0.430537
150,15,0.434848
151,1,0.514032
151,2,0.483348
151,3,0.454702
151,4,0.405085
151,5,0.478527
151,6,0.480650
151,7,0.535135
151,8,0.476186
151,9,0.533703
151,10,0.523915
151,11,0.547988
151,12,0.468827
151,13,0.506369
151,14,0.426527
151,15,0.514309
152,1,0.525622
152,2,0.519913
152,3,0.505465
152,4,0.574110
152,5,0.492980
152,6,0.434589
152,7,0.492710
152,8,0.461244
152,9,0.434589
152,10,0.477056
152,11,0.506369
152,12,0.507779
152,13,0.523915
152,14,0.524043
152,15,0.503766
153,1,0.448817
153,2,0.501255
153,3,0.474131
153,4,0.435590
153,5,0.482980
153,6,0.504399
153,7,0.513670
153,8,0.459947
153,9,0.542205
153,10,0.426527
153,11,0.458896
153,12,0.482885
153,13,0.487575
153,14,0.485999
153,15,0.522744
154,1,0.530899
154,2,0.523217
154,3,0.555555
154,4,0.434589
154,5,0.536883
154,6,0.492648
154,7,0.520813
154,8,0.369237
154,9,0.464246
154,10,0.459244
154,11,0.463863
154,12,0.547988
154,13,0.523915
154,14,0.521623
154,15,0.522705
155,1,0.435590
155,2,0.506369
155,3,0.473571
155,4,0.301284
155,5,0.456405
155,6,0.547988
155,7,0.496478
155,8,0.532282
155,9,0.507051
155,10,0.430471
155,11,0.480634
155,12,0.501068
155,13,0.286981
155,14,0.436313
155,15,0.471205
156,1,0.443143
156,2,0.405085
156,3,0.449992
156,4,0.463813
156,5,0.406025
156,6,0.426345
156,7,0.426354
156,8,0.430367
156,9,0.422172
156,10,0.511025
156,11,0.426345
156,12,0.531838
156,13,0.525622
156,14,0.489181
156,15,0.508753
157,1,0.465444
157,2,0.532392
157,3,0.506369
157,4,0.426354
157,5,0.510491
157,6,0.442597
157,7,0.576623
157,8,0.574110
157,9,0.538274
157,10,0.531459
157,11,0.533703
157,12,0.550661
157,13,0.450736
157,14,0.491204
157,15,0.467227
158,1,0.523915
158,2,0.523915
158,3,0.508225
158,4,0.533703
158,5,0.520813
158,6,0.434589
158,7,0.506369
158,8,0.426527
158,9,0.480306
158,10,0.480839
158,11,0.503192
158,12,0.463248
158,13,0.458942
158,14,0.446171
158,15,0.506369
159,1,0.477921
159,2,0.434589
159,3,0.405085
159,4,0.415796
159,5,0.525622
159,6,0.454583
159,7,0.459320
159,8,0.468475
159,9,0.513274
159,10,0.519130
159,11,0.549866
159,12,0.525622
159,13,0.525622
159,14,0.426354
159,15,0.453914
160,1,0.443143
160,2,0.464277
160,3,0.442047
160,4,0.453832
160,5,0.453865
160,6,0.434589
160,7,0.405085
160,8,0.443143
160,9,0.443143
160,10,0.256701
160,11,0.506369
160,12,0.520477
160,13,0.516473
160,14,0.494081
160,15,0.517395
161,1,0.533400
161,2,0.518657
161,3,0.454531
161,4,0.405085
161,5,0.473388
161,6,0.428406
161,7,0.515459
161,8,0.525622
161,9,0.457129
161,10,0.547988
161,11,0.481802
161,12,0.574110
161,13,0.499727
161,14,0.358881
161,15,0.467363
162,1,0.434848
162,2,0.499139
162,3,0.477943
162,4,0.501707
162,5,0.482527
162,6,0.464835
162,7,0.461777
162,8,0.532282
162,9,0.506369
162,10,0.549866
162,11,0.525622
162,12,0.456706
162,13,0.301284
162,14,0.453266
162,15,0.422172
163,1,0.547988
163,2,0.532282
163,3,0.511252
163,4,0.547988
163,5,0.552962
163,6,0.520691
163,7,0.434589
163,8,0.479866
163,9,0.434848
163,10,0.523915
163,11,0.435590
163,12,0.469825
163,13,0.496331
163,14,0.574110
163,15,0.426354
164,1,0.411744
164,2,0.471646
164,3,0.533514
164,4,0.537844
164,5,0.574110
164,6,0.552765
164,7,0.526585
164,8,0.365903
164,9,0.431314
164,10,0.478505
164,11,0.506369
164,12,0.533703
164,13,0.503489
164,14,0.492355
164,15,0.525622
165,1,0.534946
165,2,0.574110
165,3,0.462720
165,4,0.486922
165,5,0.484830
165,6,0.547988
165,7,0.311424
165,8,0.453426
165,9,0.475202
165,10,0.495344
165,11,0.540239
165,12,0.462561
165,13,0.484182
165,14,0.484210
165,15,0.541050
166,1,0.547988
166,2,0.532282
166,3,0.574110
166,4,0.574110
166,5,0.525622
166,6,0.533703
166,7,0.436940
166,8,0.483527
166,9,0.467711
166,10,0.501076
166,11,0.467123
166,12,0.411744
166,13,0.475608
166,14,0.535952
166,15,0.531536
167,1,0.247486
167,2,0.503824
167,3,0.523915
167,4,0.532282
167,5,0.515316
167,6,0.494743
167,7,0.494759
167,8,0.574110
167,9,0.457620
167,10,0.530557
167,11,0.526342
167,12,0.562698
167,13,0.547988
167,14,0.532282
167,15,0.520157
168,1,0.500261
168,2,0.497248
168,3,0.466386
168,4,0.526217
168,5,0.461674
168,6,0.447028
168,7,0.434589
168,8,0.517007
168,9,0.451013
168,10,0.533793
168,11,0.514590
168,12,0.446782
168,13,0.450229
168,14,0.496679
168,15,0.547988
169,1,0.484152
169,2,0.534661
169,3,0.513670
169,4,0.497922
169,5,0.532282
169,6,0.510013
169,7,0.533704
169,8,0.547988
169,9,0.533703
169,10,0.450610
169,11,0.454533
169,12,0.437372
169,13,0.426345
169,14,0.426354
169,15,0.517200
170,1,0.485736
170,2,0.523915
170,3,0.543452
170,4,0.523915
170,5,0.496099
170,6,0.544955
170,7,0.435590
170,8,0.279891
170,9,0.468672
170,10,0.458703
170,11,0.462909
170,12,0.480056
170,13,0.490845
170,14,0.514856
170,15,0.499010
171,1,0.497928
171,2,0.552379
171,3,0.478259
171,4,0.530652
171,5,0.451707
171,6,0.547988
171,7,0.477638
171,8,0.471671
171,9,0.447347
171,10,0.406025
171,11,0.499156
171,12,0.533703
171,13,0.523915
171,14,0.532282
171,15,0.467940
172,1,0.405085
172,2,0.443143
172,3,0.406025
172,4,0.480960
172,5,0.547988
172,6,0.539068
172,7,0.535827
172,8,0.555871
172,9,0.463045
172,10,0.534058
172,11,0.507051
172,12,0.525622
172,13,0.457456
172,14,0.242328
172,15,0.574110
173,1,0.446205
173,2,0.485647
173,3,0.421259
173,4,0.506369
173,5,0.471419
173,6,0.426354
173,7,0.443900
173,8,0.497469
173,9,0.439679
173,10,0.540239
173,11,0.426354
173,12,0.411744
173,13,0.434848
173,14,0.534058
173,15,0.397650
174,1,0.524299
174,2,0.547988
174,3,0.532282
174,4,0.490265
174,5,0.434589
174,6,0.506369
174,7,0.508409
174,8,0.494508
174,9,0.518306
174,10,0.521024
174,11,0.496160
174,12,0.541517
174,13,0.457744
174,14,0.448399
174,15,0.439189
175,1,0.486203
175,2,0.345550
175,3,0.439617
175,4,0.499526
175,5,0.217795
175,6,0.547988
175,7,0.458221
175,8,0.405629
175,9,0.250417
175,10,0.525622
175,11,0.311285
175,12,0.574110
175,13,0.464682
175,14,0.485056
175,15,0.532282
176,1,0.500405
176,2,0.502765
176,3,0.490164
176,4,0.440621
176,5,0.455559
176,6,0.405085
176,7,0.443143
176,8,0.455638
176,9,0.453441
176,10,0.434589
176,11,0.434589
176,12,0.506369
176,13,0.467553
176,14,0.430476
176,15,0.483821
177,1,0.422172
177,2,0.431041
177,3,0.422172
177,4,0.524679
177,5,0.509258
177,6,0.473144
177,7,0.434589
177,8,0.506369
177,9,0.451013
177,10,0.553196
177,11,0.520984
177,12,0.435590
177,13,0.455231
177,14,0.504579
177,15,0.471571
178,1,0.455031
178,2,0.526324
178,3,0.456673
178,4,0.463276
178,5,0.405085
178,6,0.406025
178,7,0.435123
178,8,0.476909
178,9,0.405085
178,10,0.506369
178,11,0.441839
178,12,0.517945
178,13,0.426354
178,14,0.497003
178,15,0.533703
179,1,0.435590
179,2,0.470980
179,3,0.485581
179,4,0.502595
179,5,0.466827
179,6,0.488898
179,7,0.405085
179,8,0.481983
179,9,0.464224
179,10,0.477855
179,11,0.434589
179,12,0.476399
179,13,0.476477
179,14,0.431502
179,15,0.467286
180,1,0.450783
180,2,0.411744
180,3,0.432127
180,4,0.467620
180,5,0.499407
180,6,0.484966
180,7,0.462505
180,8,0.405085
180,9,0.491562
180,10,0.463576
180,11,0.514412
180,12,0.574110
180,13,0.537742
180,14,0.542640
180,15,0.530780
181,1,0.523217
181,2,0.443163
181,3,0.506369
181,4,0.467123
181,5,0.497424
181,6,0.451013
181,7,0.520813
181,8,0.467926
181,9,0.501971
181,10,0.464449
181,11,0.511075
181,12,0.446535
181,13,0.532282
181,14,0.533703
181,15,0.532282
182,1,0.528681
182,2,0.479444
182,3,0.547988
182,4,0.435590
182,5,0.441839
182,6,0.525421
182,7,0.467553
182,8,0.464209
182,9,0.463428
182,10,0.450163
182,11,0.585922
182,12,0.547988
182,13,0.554669
182,14,0.549268
182,15,0.426354
183,1,0.495888
183,2,0.487917
183,3,0.434589
183,4,0.542752
183,5,0.502268
183,6,0.523915
183,7,0.469074
183,8,0.470351
183,9,0.574110
183,10,0.426354
183,11,0.506369
183,12,0.467123
183,13,0.426046
183,14,0.500318
183,15,0.514624
184,1,0.506438
184,2,0.434589
184,3,0.506369
184,4,0.451013
184,5,0.557947
184,6,0.532282
184,7,0.521767
184,8,0.485185
184,9,0.426354
184,10,0.485691
184,11,0.473002
184,12,0.535135
184,13,0.520157
184,14,0.471648
184,15,0.493637
185,1,0.537648
185,2,0.541226
185,3,0.548682
185,4,0.540439
185,5,0.494447
185,6,0.492215
185,7,0.577435
185,8,0.574110
185,9,0.488479
185,10,0.434589
185,11,0.405085
185,12,0.443143
185,13,0.494591
185,14,0.441067
185,15,0.437001
186,1,0.461884
186,2,0.442836
186,3,0.485100
186,4,0.547988
186,5,0.525583
186,6,0.500516
186,7,0.426354
186,8,0.525819
186,9,0.496160
186,10,0.434589
186,11,0.443237
186,12,0.406025
186,13,0.492746
186,14,0.434589
186,15,0.515816
187,1,0.441854
187,2,0.523915
187,3,0.435590
187,4,0.434589
187,5,0.345012
187,6,0.547988
187,7,0.491060
187,8,0.525622
187,9,0.533703
187,10,0.535561
187,11,0.531964
187,12,0.525622
187,13,0.490656
187,14,0.534391
187,15,0.533703
188,1,0.435590
188,2,0.524909
188,3,0.498445
188,4,0.434589
188,5,0.411744
188,6,0.000000
188,7,0.434589
188,8,0.507591
188,9,0.467123
188,10,0.405085
188,11,0.502064
188,12,0.439857
188,13,0.411744
188,14,0.468894
188,15,0.522257
189,1,0.503550
189,2,0.426354
189,3,0.540239
189,4,0.513670
189,5,0.434589
189,6,0.405085
189,7,0.475782
189,8,0.506369
189,9,0.426354
189,10,0.543035
189,11,0.525622
189,12,0.552379
189,13,0.463308
189,14,0.506369
189,15,0.516511
190,1,0.574110
190,2,0.540846
190,3,0.435590
190,4,0.250131
190,5,0.405085
190,6,0.488479
190,7,0.511528
190,8,0.491610
190,9,0.460680
190,10,0.481023
190,11,0.411744
190,12,0.465360
190,13,0.455917
190,14,0.411744
190,15,0.505572
191,1,0.426354
191,2,0.411744
191,3,0.426345
191,4,0.468373
191,5,0.506117
191,6,0.497287
191,7,0.434589
191,8,0.489386
191,9,0.419837
191,10,0.422433
191,11,0.415796
191,12,0.489402
191,13,0.426354
191,14,0.405085
191,15,0.482489
192,1,0.533703
192,2,0.435590
192,3,0.480650
192,4,0.479252
192,5,0.435590
192,6,0.451572
192,7,0.443143
192,8,0.494953
192,9,0.467123
192,10,0.506369
192,11,0.478606
192,12,0.451013
192,13,0.250131
192,14,0.514309
192,15,0.574110
193,1,0.525622
193,2,0.533703
193,3,0.435590
193,4,0.574110
193,5,0.506369
193,6,0.524886
193,7,0.459558
193,8,0.405085
193,9,0.459522
193,10,0.399560
193,11,0.460720
193,12,0.468031
193,13,0.495973
193,14,0.428358
193,15,0.434589
194,1,0.494740
194,2,0.426527
194,3,0.533703
194,4,0.487685
194,5,0.532911
194,6,0.523915
194,7,0.510381
194,8,0.512390
194,9,0.574110
194,10,0.533703
194,11,0.490556
194,12,0.523915
194,13,0.532282
194,14,0.533703
194,15,0.553196
195,1,0.426354
195,2,0.466752
195,3,0.459821
195,4,0.533703
195,5,0.498006
195,6,0.530461
195,7,0.533703
195,8,0.522955
195,9,0.553685
195,10,0.574110
195,11,0.533808
195,12,0.541143
195,13,0.525622
195,14,0.426354
195,15,0.516045
196,1,0.451497
196,2,0.426354
196,3,0.411744
196,4,0.473002
196,5,0.476545
196,6,0.471951
196,7,0.434589
196,8,0.464815
196,9,0.453917
196,10,0.451307
196,11,0.406025
196,12,0.426345
196,13,0.471933
196,14,0.533703
196,15,0.489075
197,1,0.454736
197,2,0.421334
197,3,0.446129
197,4,0.450583
197,5,0.471671
197,6,0.415796
197,7,0.426354
197,8,0.459244
197,9,0.475948
197,10,0.489767
197,11,0.493959
197,12,0.443576
197,13,0.574110
197,14,0.286981
197,15,0.461265
198,1,0.428887
198,2,0.494878
198,3,0.469187
198,4,0.484977
198,5,0.574110
198,6,0.533703
198,7,0.380913
198,8,0.434589
198,9,0.520477
198,10,0.497013
198,11,0.574110
198,12,0.555991
198,13,0.492795
198,14,0.547988
198,15,0.482587
199,1,0.525831
199,2,0.480839
199,3,0.471641
199,4,0.446882
199,5,0.508835
199,6,0.524968
199,7,0.435590
199,8,0.474403
199,9,0.468100
199,10,0.523915
199,11,0.523915
199,12,0.523915
199,13,0.512050
199,14,0.499845
199,15,0.534692
200,1,0.548077
200,2,0.574110
200,3,0.525622
200,4,0.426354
200,5,0.419837
200,6,0.482941
200,7,0.411744
200,8,0.503632
200,9,0.507924
200,10,0.475249
200,11,0.498011
200,12,0.512642
200,13,0.574110
200,14,0.518027
200,15,0.435590
201,1,0.552962
201,2,0.405085
201,3,0.476208
201,4,0.422172
201,5,0.405085
201,6,0.508753
201,7,0.506369
201,8,0.470750
201,9,0.459558
201,10,0.547988
201,11,0.435590
201,12,0.405085
201,13,0.480724
201,14,0.444975
201,15,0.501020
202,1,0.577407
202,2,0.462633
202,3,0.547988
202,4,0.431021
202,5,0.429205
202,6,0.479552
202,7,0.525622
202,8,0.533703
202,9,0.497922
202,10,0.523915
202,11,0.435590
202,12,0.506369
202,13,0.519457
202,14,0.547988
202,15,0.497365
203,1,0.449614
203,2,0.470144
203,3,0.405085
203,4,0.415796
203,5,0.508183
203,6,0.499175
203,7,0.532282
203,8,0.513335
203,9,0.450098
203,10,0.506369
203,11,0.426527
203,12,0.474816
203,13,0.547988
203,14,0.522515
203,15,0.547988
204,1,0.466795
204,2,0.485775
204,3,0.463837
204,4,0.547988
204,5,0.523915
204,6,0.474763
204,7,0.574110
204,8,0.492654
204,9,0.533703
204,10,0.435590
204,11,0.411744
204,12,0.426345
204,13,0.517551
204,14,0.523915
204,15,0.487815
205,1,0.491670
205,2,0.574110
205,3,0.579701
205,4,0.434589
205,5,0.529627
205,6,0.503705
205,7,0.523915
205,8,0.526170
205,9,0.574110
205,10,0.533703
205,11,0.435590
205,12,0.405085
205,13,0.436940
205,14,0.526456
205,15,0.475069
206,1,0.547988
206,2,0.532282
206,3,0.533703
206,4,0.523915
206,5,0.348519
206,6,0.484382
206,7,0.491330
206,8,0.547988
206,9,0.532282
206,10,0.525622
206,11,0.533703
206,12,0.508441
206,13,0.535827
206,14,0.525622
206,15,0.522203
207,1,0.525622
207,2,0.525622
207,3,0.464594
207,4,0.533703
207,5,0.532282
207,6,0.549866
207,7,0.454104
207,8,0.434589
207,9,0.547988
207,10,0.509730
207,11,0.574110
207,12,0.476148
207,13,0.469783
207,14,0.301284
207,15,0.519526
208,1,0.493311
208,2,0.446879
208,3,0.405085
208,4,0.474349
208,5,0.525622
208,6,0.456565
208,7,0.478695
208,8,0.405085
208,9,0.493604
208,10,0.483108
208,11,0.434589
208,12,0.506369
208,13,0.250131
208,14,0.434589
208,15,0.501971
209,1,0.506369
209,2,0.526170
209,3,0.496972
209,4,0.466294
209,5,0.478683
209,6,0.453009
209,7,0.405085
209,8,0.443143
209,9,0.443143
209,10,0.415796
209,11,0.533703
209,12,0.450098
209,13,0.405085
209,14,0.415796
209,15,0.525622
210,1,0.521767
210,2,0.490001
210,3,0.574110
210,4,0.519396
210,5,0.426354
210,6,0.473126
210,7,0.574110
210,8,0.547988
210,9,0.435590
210,10,0.453748
210,11,0.521133
210,12,0.464786
210,13,0.491712
210,14,0.449884
210,15,0.444018
211,1,0.493545
211,2,0.574110
211,3,0.477420
211,4,0.461529
211,5,0.473844
211,6,0.520971
211,7,0.434589
211,8,0.566955
211,9,0.506698
211,10,0.459058
211,11,0.506369
211,12,0.546376
211,13,0.547988
211,14,0.537365
211,15,0.523915
212,1,0.435590
212,2,0.419837
212,3,0.406025
212,4,0.472070
212,5,0.434589
212,6,0.508845
212,7,0.498148
212,8,0.426354
212,9,0.547988
212,10,0.532282
212,11,0.510891
212,12,0.469418
212,13,0.434589
212,14,0.420338
212,15,0.443143
213,1,0.527430
213,2,0.506369
213,3,0.533703
213,4,0.532282
213,5,0.426354
213,6,0.493922
213,7,0.464594
213,8,0.547988
213,9,0.435590
213,10,0.471292
213,11,0.474603
213,12,0.539797
213,13,0.497922
213,14,0.574110
213,15,0.525622
214,1,0.542616
214,2,0.579136
214,3,0.547988
214,4,0.486625
214,5,0.574110
214,6,0.525622
214,7,0.454583
214,8,0.430537
214,9,0.426345
214,10,0.540846
214,11,0.508055
214,12,0.435590
214,13,0.411744
214,14,0.407881
214,15,0.526134
215,1,0.574110
215,2,0.426354
215,3,0.539533
215,4,0.454571
215,5,0.467322
215,6,0.497367
215,7,0.547988
215,8,0.435590
215,9,0.411744
215,10,0.434848
215,11,0.523915
215,12,0.520477
215,13,0.532282
215,14,0.470054
215,15,0.523915
216,1,0.523915
216,2,0.217294
216,3,0.478209
216,4,0.463863
216,5,0.491894
216,6,0.526903
216,7,0.499536
216,8,0.562877
216,9,0.517085
216,10,0.535438
216,11,0.449876
216,12,0.574110
216,13,0.513957
216,14,0.478837
216,15,0.452098
217,1,0.547988
217,2,0.435590
217,3,0.499364
217,4,0.411744
217,5,0.487685
217,6,0.506064
217,7,0.528786
217,8,0.426354
217,9,0.405085
217,10,0.451211
217,11,0.451013
217,12,0.435590
217,13,0.500261
217,14,0.506369
217,15,0.473996
218,1,0.442137
218,2,0.525634
218,3,0.434589
218,4,0.499369
218,5,0.547988
218,6,0.496975
218,7,0.544752
218,8,0.523915
218,9,0.327304
218,10,0.434589
218,11,0.506369
218,12,0.426354
218,13,0.513402
218,14,0.458617
218,15,0.434589
219,1,0.523217
219,2,0.411744
219,3,0.442770
219,4,0.453748
219,5,0.481472
219,6,0.574110
219,7,0.533703
219,8,0.523915
219,9,0.532282
219,10,0.434589
219,11,0.533703
219,12,0.523915
219,13,0.435590
219,14,0.492478
219,15,0.533703
220,1,0.458120
220,2,0.431041
220,3,0.426345
220,4,0.426354
220,5,0.430537
220,6,0.459098
220,7,0.409288
220,8,0.463993
220,9,0.481487
220,10,0.532282
220,11,0.426354
220,12,0.502236
220,13,0.455838
220,14,0.506369
220,15,0.533703
221,1,0.531624
221,2,0.533703
221,3,0.435590
221,4,0.479455
221,5,0.542640
221,6,0.532282
221,7,0.554580
221,8,0.547988
221,9,0.520331
221,10,0.434589
221,11,0.506369
221,12,0.451013
221,13,0.523915
221,14,0.530362
221,15,0.523915
222,1,0.523915
222,2,0.500851
222,3,0.464209
222,4,0.441839
222,5,0.484010
222,6,0.574110
222,7,0.488223
222,8,0.533703
222,9,0.435590
222,10,0.496877
222,11,0.426345
222,12,0.543944
222,13,0.434589
222,14,0.543005
222,15,0.543249
223,1,0.537694
223,2,0.532282
223,3,0.426354
223,4,0.506369
223,5,0.451013
223,6,0.498659
223,7,0.435590
223,8,0.464153
223,9,0.443143
223,10,0.443143
223,11,0.415796
223,12,0.465565
223,13,0.492746
223,14,0.434589
223,15,0.506369
224,1,0.498182
224,2,0.508441
224,3,0.435590
224,4,0.499677
224,5,0.426354
224,6,0.411744
224,7,0.426345
224,8,0.495545
224,9,0.426354
224,10,0.411744
224,11,0.422172
224,12,0.405085
224,13,0.437604
224,14,0.510444
224,15,0.523915
225,1,0.504924
225,2,0.535827
225,3,0.551062
225,4,0.525749
225,5,0.533703
225,6,0.509730
225,7,0.515102
225,8,0.452709
225,9,0.486173
225,10,0.463375
225,11,0.448538
225,12,0.574110
225,13,0.502351
225,14,0.426354
225,15,0.481117
226,1,0.405085
226,2,0.331082
226,3,0.457590
226,4,0.506369
226,5,0.452851
226,6,0.525622
226,7,0.525622
226,8,0.478456
226,9,0.405085
226,10,0.406025
226,11,0.476958
226,12,0.543643
226,13,0.503870
226,14,0.547988
226,15,0.511358
227,1,0.574110
227,2,0.475183
227,3,0.574110
227,4,0.475559
227,5,0.492148
227,6,0.536661
227,7,0.574110
227,8,0.426354
227,9,0.506369
227,10,0.525622
227,11,0.426354
227,12,0.405085
227,13,0.519457
227,14,0.434589
227,15,0.411744
228,1,0.463993
228,2,0.434589
228,3,0.411744
228,4,0.496487
228,5,0.426354
228,6,0.411744
228,7,0.487680
228,8,0.533703
228,9,0.434096
228,10,0.454515
228,11,0.574110
228,12,0.533703
228,13,0.532282
228,14,0.533703
228,15,0.520477
229,1,0.532282
229,2,0.462244
229,3,0.475372
229,4,0.499727
229,5,0.434589
229,6,0.411744
229,7,0.472092
229,8,0.534894
229,9,0.524679
229,10,0.492980
229,11,0.457129
229,12,0.547988
229,13,0.532282
229,14,0.526538
229,15,0.501428
230,1,0.532282
230,2,0.540145
230,3,0.532925
230,4,0.449317
230,5,0.457999
230,6,0.465831
230,7,0.405085
230,8,0.415796
230,9,0.426527
230,10,0.453735
230,11,0.430537
230,12,0.413629
230,13,0.436940
230,14,0.506369
230,15,0.532321
231,1,0.536395
231,2,0.477431
231,3,0.574110
231,4,0.528786
231,5,0.441741
231,6,0.434589
231,7,0.506369
231,8,0.254376
231,9,0.454115
231,10,0.434589
231,11,0.506369
231,12,0.444352
231,13,0.506824
231,14,0.473886
231,15,0.434589
232,1,0.484104
232,2,0.533703
232,3,0.491357
232,4,0.564999
232,5,0.517168
232,6,0.547988
232,7,0.523915
232,8,0.532324
232,9,0.564999
232,10,0.531005
232,11,0.551529
232,12,0.471833
232,13,0.540239
232,14,0.518996
232,15,0.441839
233,1,0.471641
233,2,0.486731
233,3,0.487245
233,4,0.454104
233,5,0.476460
233,6,0.461192
233,7,0.547988
233,8,0.453541
233,9,0.523915
233,10,0.444743
233,11,0.453748
233,12,0.488479
233,13,0.506369
233,14,0.497831
233,15,0.557947
234,1,0.469356
234,2,0.523915
234,3,0.435590
234,4,0.405085
234,5,0.415796
234,6,0.467123
234,7,0.484210
234,8,0.406025
234,9,0.422172
234,10,0.464451
234,11,0.488926
234,12,0.434589
234,13,0.498833
234,14,0.498872
234,15,0.510891
235,1,0.434589
235,2,0.506369
235,3,0.467123
235,4,0.405085
235,5,0.443143
235,6,0.443143
235,7,0.492795
235,8,0.461636
235,9,0.434589
235,10,0.411744
235,11,0.452359
235,12,0.532282
235,13,0.463545
235,14,0.463147
235,15,0.469783
236,1,0.411744
236,2,0.462583
236,3,0.513335
236,4,0.532282
236,5,0.426354
236,6,0.405085
236,7,0.443143
236,8,0.443143
236,9,0.443143
236,10,0.415796
236,11,0.533703
236,12,0.532282
236,13,0.460637
236,14,0.493637
236,15,0.549802
237,1,0.434589
237,2,0.411744
237,3,0.434848
237,4,0.535827
237,5,0.426354
237,6,0.489181
237,7,0.434589
237,8,0.405085
237,9,0.406025
237,10,0.434848
237,11,0.522483
237,12,0.523915
237,13,0.523915
237,14,0.504123
237,15,0.458090
238,1,0.574110
238,2,0.525622
238,3,0.489181
238,4,0.574110
238,5,0.441839
238,6,0.535135
238,7,0.547988
238,8,0.435590
238,9,0.431041
238,10,0.493431
238,11,0.508315
238,12,0.507244
238,13,0.524569
238,14,0.523915
238,15,0.532282
239,1,0.525622
239,2,0.430471
239,3,0.430537
239,4,0.466357
239,5,0.490429
239,6,0.532282
239,7,0.495545
239,8,0.525622
239,9,0.436940
239,10,0.521063
239,11,0.533703
239,12,0.370579
239,13,0.405085
239,14,0.461681
239,15,0.481163
240,1,0.470929
240,2,0.476563
240,3,0.505669
240,4,0.463045
240,5,0.547988
240,6,0.509453
240,7,0.533703
240,8,0.523915
240,9,0.435590
240,10,0.456989
240,11,0.462291
240,12,0.484892
240,13,0.471870
240,14,0.470898
240,15,0.434589
241,1,0.440862
241,2,0.443143
241,3,0.434589
241,4,0.471951
241,5,0.574110
241,6,0.525622
241,7,0.491144
241,8,0.435590
241,9,0.405085
241,10,0.520651
241,11,0.437275
241,12,0.574110
241,13,0.240325
241,14,0.534946
241,15,0.547988
242,1,0.523915
242,2,0.523915
242,3,0.471671
242,4,0.547988
242,5,0.477949
242,6,0.434589
242,7,0.405085
242,8,0.434950
242,9,0.451013
242,10,0.480839
242,11,0.434589
242,12,0.506369
242,13,0.467123
242,14,0.458403
242,15,0.535093
243,1,0.513014
243,2,0.455079
243,3,0.484018
243,4,0.547988
243,5,0.523915
243,6,0.464707
243,7,0.423146
243,8,0.448759
243,9,0.493889
243,10,0.525622
243,11,0.533703
243,12,0.532282
243,13,0.531964
243,14,0.525622
243,15,0.460763
244,1,0.434589
244,2,0.496497
244,3,0.426527
244,4,0.533703
244,5,0.532282
244,6,0.533703
244,7,0.435590
244,8,0.475183
244,9,0.506369
244,10,0.426354
244,11,0.493604
244,12,0.506117
244,13,0.547988
244,14,0.532282
244,15,0.533703
245,1,0.435590
245,2,0.405629
245,3,0.483692
245,4,0.430476
245,5,0.456405
245,6,0.488479
245,7,0.497922
245,8,0.574110
245,9,0.426354
245,10,0.411744
245,11,0.422172
245,12,0.467593
245,13,0.426345
245,14,0.524121
245,15,0.434589
246,1,0.527222
246,2,0.426527
246,3,0.526597
246,4,0.535952
246,5,0.534243
246,6,0.532282
246,7,0.539224
246,8,0.468868
246,9,0.411744
246,10,0.426345
246,11,0.476958
246,12,0.313442
246,13,0.547988
246,14,0.453159
246,15,0.531294
247,1,0.547988
247,2,0.532282
247,3,0.492131
247,4,0.434589
247,5,0.442868
247,6,0.498768
247,7,0.506369
247,8,0.525622
247,9,0.525622
247,10,0.426354
247,11,0.405085
247,12,0.492966
247,13,0.429401
247,14,0.474413
247,15,0.411744
248,1,0.426345
248,2,0.309063
248,3,0.465703
248,4,0.426527
248,5,0.489709
248,6,0.478235
248,7,0.547988
248,8,0.435590
248,9,0.448817
248,10,0.493825
248,11,0.487397
248,12,0.481361
248,13,0.434589
248,14,0.495922
248,15,0.426345
249,1,0.533703
249,2,0.532282
249,3,0.490375
249,4,0.574110
249,5,0.508753
249,6,0.426354
249,7,0.534946
249,8,0.411744
249,9,0.523915
249,10,0.435590
249,11,0.411744
249,12,0.439926
249,13,0.525622
249,14,0.525622
249,15,0.475296
250,1,0.574110
250,2,0.426354
250,3,0.405085
250,4,0.415796
250,5,0.494473
250,6,0.523915
250,7,0.477751
250,8,0.523915
250,9,0.516271
250,10,0.353676
250,11,0.475068
250,12,0.471496
250,13,0.435590
250,14,0.506369
250,15,0.492746
251,1,0.480650
251,2,0.477056
251,3,0.434589
251,4,0.411744
251,5,0.422172
251,6,0.405085
251,7,0.471686
251,8,0.443064
251,9,0.426345
251,10,0.525622
251,11,0.426354
251,12,0.471671
251,13,0.421937
251,14,0.508528
251,15,0.475729
252,1,0.474802
252,2,0.499267
252,3,0.467906
252,4,0.411744
252,5,0.434848
252,6,0.523915
252,7,0.535827
252,8,0.426354
252,9,0.405085
252,10,0.415796
252,11,0.533703
252,12,0.465932
252,13,0.523915
252,14,0.532282
252,15,0.509460
253,1,0.495545
253,2,0.434589
253,3,0.494373
253,4,0.426527
253,5,0.467940
253,6,0.430537
253,7,0.496877
253,8,0.422172
253,9,0.574110
253,10,0.426354
253,11,0.520477
253,12,0.506369
253,13,0.479511
253,14,0.533379
253,15,0.426354
254,1,0.405085
254,2,0.443143
254,3,0.486225
254,4,0.457536
254,5,0.523915
254,6,0.532282
254,7,0.525622
254,8,0.434589
254,9,0.483490
254,10,0.479215
254,11,0.434589
254,12,0.506369
254,13,0.472908
254,14,0.525622
254,15,0.510891
255,1,0.533703
255,2,0.458120
255,3,0.431041
255,4,0.469609
255,5,0.523915
255,6,0.217795
255,7,0.405085
255,8,0.443143
255,9,0.415796
255,10,0.520477
255,11,0.449896
255,12,0.301782
255,13,0.405085
255,14,0.441820
255,15,0.434848
256,1,0.435590
256,2,0.454104
256,3,0.405085
256,4,0.528290
256,5,0.480519
256,6,0.574110
256,7,0.525628
256,8,0.557947
256,9,0.523915
256,10,0.495181
256,11,0.464966
256,12,0.525622
256,13,0.574110
256,14,0.434096
256,15,0.466103
257,1,0.434589
257,2,0.506369
257,3,0.467123
257,4,0.528851
257,5,0.525622
257,6,0.426354
257,7,0.456919
257,8,0.466347
257,9,0.406025
257,10,0.217294
257,11,0.523915
257,12,0.532282
257,13,0.510703
257,14,0.533703
257,15,0.492320
258,1,0.574110
258,2,0.525622
258,3,0.533703
258,4,0.472434
258,5,0.477882
258,6,0.454740
258,7,0.466498
258,8,0.574110
258,9,0.533703
258,10,0.532282
258,11,0.525622
258,12,0.520999
258,13,0.426354
258,14,0.434589
258,15,0.506369
259,1,0.522955
259,2,0.434589
259,3,0.405085
259,4,0.415796
259,5,0.477683
259,6,0.473956
259,7,0.523915
259,8,0.532282
259,9,0.426354
259,10,0.405085
259,11,0.415796
259,12,0.500318
259,13,0.510703
259,14,0.525622
259,15,0.525622
260,1,0.439418
260,2,0.574110
260,3,0.426354
260,4,0.411744
260,5,0.434848
260,6,0.450736
260,7,0.397650
260,8,0.411744
260,9,0.523915
260,10,0.435590
260,11,0.461727
260,12,0.453644
260,13,0.434589
260,14,0.523915
260,15,0.493193
261,1,0.474493
261,2,0.499364
261,3,0.547988
261,4,0.442699
261,5,0.405085
261,6,0.443143
261,7,0.406025
261,8,0.426345
261,9,0.525622
261,10,0.503295
261,11,0.540846
261,12,0.435590
261,13,0.446905
261,14,0.411744
261,15,0.515698
262,1,0.453652
262,2,0.411744
262,3,0.426345
262,4,0.525622
262,5,0.462561
262,6,0.506369
262,7,0.467123
262,8,0.451927
262,9,0.415796
262,10,0.451402
262,11,0.426354
262,12,0.491912
262,13,0.446254
262,14,0.405085
262,15,0.506369
263,1,0.426527
263,2,0.311702
263,3,0.411744
263,4,0.426345
263,5,0.533703
263,6,0.525749
263,7,0.481201
263,8,0.458501
263,9,0.547988
263,10,0.555709
263,11,0.426354
263,12,0.533808
263,13,0.411744
263,14,0.468619
263,15,0.463913
264,1,0.434589
264,2,0.405085
264,3,0.443143
264,4,0.464246
264,5,0.531975
264,6,0.434589
264,7,0.405085
264,8,0.515711
264,9,0.525622
264,10,0.525622
264,11,0.447198
264,12,0.500261
264,13,0.506369
264,14,0.525622
264,15,0.480960
265,1,0.547988
265,2,0.523915
265,3,0.532282
265,4,0.397650
265,5,0.574110
265,6,0.525622
265,7,0.426354
265,8,0.497424
265,9,0.488542
265,10,0.574110
265,11,0.513183
265,12,0.525622
265,13,0.540846
265,14,0.450098
265,15,0.431107
266,1,0.574110
266,2,0.405085
266,3,0.510341
266,4,0.512557
266,5,0.547988
266,6,0.498130
266,7,0.449614
266,8,0.547988
266,9,0.523915
266,10,0.532282
266,11,0.525622
266,12,0.461248
266,13,0.405085
266,14,0.482639
266,15,0.482477
267,1,0.434589
267,2,0.491745
267,3,0.447734
267,4,0.506369
267,5,0.489176
267,6,0.533703
267,7,0.446165
267,8,0.434589
267,9,0.411744
267,10,0.434848
267,11,0.435590
267,12,0.506369
267,13,0.482941
267,14,0.525622
267,15,0.525622
268,1,0.533703
268,2,0.523915
268,3,0.435590
268,4,0.508753
268,5,0.405085
268,6,0.405085
268,7,0.472836
268,8,0.510891
268,9,0.426354
268,10,0.446120
268,11,0.453805
268,12,0.479896
268,13,0.531294
268,14,0.574110
268,15,0.539869
269,1,0.574110
269,2,0.426354
269,3,0.405085
269,4,0.488479
269,5,0.443143
269,6,0.415796
269,7,0.486746
269,8,0.574110
269,9,0.449614
269,10,0.460914
269,11,0.426527
269,12,0.462561
269,13,0.426046
269,14,0.453269
269,15,0.547988
270,1,0.435590
270,2,0.585922
270,3,0.486059
270,4,0.435590
270,5,0.431041
270,6,0.535922
270,7,0.547988
270,8,0.468827
270,9,0.471188
270,10,0.406025
270,11,0.434848
270,12,0.523915
270,13,0.523915
270,14,0.523915
270,15,0.457129
271,1,0.435590
271,2,0.506369
271,3,0.451013
271,4,0.467425
271,5,0.574110
271,6,0.533703
271,7,0.532282
271,8,0.525622
271,9,0.481201
271,10,0.455411
271,11,0.547988
271,12,0.504633
271,13,0.533703
271,14,0.502406
271,15,0.499683
272,1,0.574110
272,2,0.525622
272,3,0.525622
272,4,0.458115
272,5,0.430476
272,6,0.426858
272,7,0.467787
272,8,0.566955
272,9,0.405085
272,10,0.411744
272,11,0.496311
272,12,0.426354
272,13,0.442868
272,14,0.406025
272,15,0.428358
273,1,0.533703
273,2,0.520477
273,3,0.380913
273,4,0.574110
273,5,0.533703
273,6,0.523915
273,7,0.535922
273,8,0.533703
273,9,0.472061
273,10,0.405085
273,11,0.406025
273,12,0.426345
273,13,0.524886
273,14,0.503512
273,15,0.523915
274,1,0.498503
274,2,0.426354
274,3,0.411744
274,4,0.438214
274,5,0.426345
274,6,0.533703
274,7,0.344733
274,8,0.427515
274,9,0.434848
274,10,0.523915
274,11,0.434589
274,12,0.453029
274,13,0.532282
274,14,0.525622
274,15,0.533703
275,1,0.523915
275,2,0.523915
275,3,0.532282
275,4,0.426354
275,5,0.485880
275,6,0.405085
275,7,0.405085
275,8,0.538777
275,9,0.517912
275,10,0.549748
275,11,0.535033
275,12,0.547988
275,13,0.523915
275,14,0.457919
275,15,0.532282
276,1,0.525622
276,2,0.478606
276,3,0.525622
276,4,0.426354
276,5,0.405085
276,6,0.504507
276,7,0.462961
276,8,0.396328
276,9,0.426345
276,10,0.426354
276,11,0.506369
276,12,0.499501
276,13,0.523915
276,14,0.523915
276,15,0.531624
277,1,0.533703
277,2,0.486128
277,3,0.517313
277,4,0.532282
277,5,0.533703
277,6,0.460183
277,7,0.473551
277,8,0.574110
277,9,0.473405
277,10,0.477056
277,11,0.460221
277,12,0.472494
277,13,0.457790
277,14,0.380913
277,15,0.411744
278,1,0.435590
278,2,0.506369
278,3,0.527474
278,4,0.478695
278,5,0.286981
278,6,0.446617
278,7,0.453809
278,8,0.443143
278,9,0.429253
278,10,0.422172
278,11,0.411744
278,12,0.449547
278,13,0.565180
278,14,0.473996
278,15,0.434589
279,1,0.475747
279,2,0.411744
279,3,0.471418
279,4,0.434589
279,5,0.411744
279,6,0.426345
279,7,0.489585
279,8,0.532282
279,9,0.542991
279,10,0.435590
279,11,0.506369
279,12,0.451013
279,13,0.532282
279,14,0.426354
279,15,0.430476
280,1,0.443143
280,2,0.443143
280,3,0.406025
280,4,0.489181
280,5,0.547988
280,6,0.532282
280,7,0.426354
280,8,0.405085
280,9,0.485880
280,10,0.533703
280,11,0.434589
280,12,0.405085
280,13,0.469864
280,14,0.434848
280,15,0.532282
281,1,0.533703
281,2,0.532282
281,3,0.445859
281,4,0.479641
281,5,0.523915
281,6,0.523915
281,7,0.467926
281,8,0.484225
281,9,0.533703
281,10,0.476214
281,11,0.466124
281,12,0.574110
281,13,0.533703
281,14,0.503766
281,15,0.426354
282,1,0.411744
282,2,0.422172
282,3,0.519457
282,4,0.456071
282,5,0.435590
282,6,0.585922
282,7,0.522940
282,8,0.405085
282,9,0.411744
282,10,0.579701
282,11,0.457767
282,12,0.458081
282,13,0.415796
282,14,0.478139
282,15,0.457308
283,1,0.532282
283,2,0.426354
283,3,0.547988
283,4,0.506369
283,5,0.486746
283,6,0.526224
283,7,0.547988
283,8,0.514134
283,9,0.532282
283,10,0.456904
283,11,0.464622
283,12,0.415796
283,13,0.456087
283,14,0.464246
283,15,0.426354
284,1,0.411744
284,2,0.422172
284,3,0.405629
284,4,0.497322
284,5,0.532282
284,6,0.455670
284,7,0.574110
284,8,0.574110
284,9,0.356346
284,10,0.411744
284,11,0.483849
284,12,0.475219
284,13,0.462173
284,14,0.489271
284,15,0.506369
285,1,0.426354
285,2,0.411744
285,3,0.426345
285,4,0.498291
285,5,0.456752
285,6,0.405085
285,7,0.406025
285,8,0.434848
285,9,0.506696
285,10,0.496002
285,11,0.533703
285,12,0.537823
285,13,0.574110
285,14,0.533703
285,15,0.456813
286,1,0.405085
286,2,0.475747
286,3,0.497859
286,4,0.478759
286,5,0.574110
286,6,0.442633
286,7,0.434589
286,8,0.434589
286,9,0.506369
286,10,0.497737
286,11,0.508753
286,12,0.547988
286,13,0.435590
286,14,0.334611
286,15,0.440707
287,1,0.434848
287,2,0.249384
287,3,0.547988
287,4,0.523915
287,5,0.523915
287,6,0.435590
287,7,0.453644
287,8,0.434848
287,9,0.535827
287,10,0.525622
287,11,0.525622
287,12,0.499127
287,13,0.533703
287,14,0.435590
287,15,0.405085
288,1,0.508753
288,2,0.434589
288,3,0.492710
288,4,0.495545
288,5,0.574110
288,6,0.426354
288,7,0.499364
288,8,0.535135
288,9,0.547988
288,10,0.452414
288,11,0.532282
288,12,0.525622
288,13,0.533703
288,14,0.523915
288,15,0.435590
289,1,0.506369
289,2,0.452947
289,3,0.426046
289,4,0.525622
289,5,0.525622
289,6,0.426354
289,7,0.451389
289,8,0.452673
289,9,0.506369
289,10,0.472723
289,11,0.501261
289,12,0.532282
289,13,0.533703
289,14,0.435590
289,15,0.411744
290,1,0.422172
290,2,0.506369
290,3,0.426527
290,4,0.525622
290,5,0.513335
290,6,0.464451
290,7,0.459058
290,8,0.532282
290,9,0.443402
290,10,0.411744
290,11,0.426345
290,12,0.525622
290,13,0.426354
290,14,0.411744
290,15,0.434848
291,1,0.532282
291,2,0.533703
291,3,0.435590
291,4,0.411744
291,5,0.534946
291,6,0.574110
291,7,0.525622
291,8,0.502064
291,9,0.533703
291,10,0.438053
291,11,0.523915
291,12,0.523915
291,13,0.585922
291,14,0.551038
291,15,0.533703
292,1,0.523915
292,2,0.435590
292,3,0.411744
292,4,0.426345
292,5,0.426354
292,6,0.492131
292,7,0.411744
292,8,0.523915
292,9,0.442137
292,10,0.574110
292,11,0.525622
292,12,0.475296
292,13,0.434589
292,14,0.405085
292,15,0.489446
293,1,0.252061
293,2,0.474597
293,3,0.501419
293,4,0.523915
293,5,0.499683
293,6,0.472614
293,7,0.450016
293,8,0.405085
293,9,0.458322
293,10,0.411744
293,11,0.435590
293,12,0.431041
293,13,0.422172
293,14,0.489591
293,15,0.574110
294,1,0.496160
294,2,0.434589
294,3,0.405085
294,4,0.462348
294,5,0.438866
294,6,0.464728
294,7,0.469901
294,8,0.574110
294,9,0.426354
294,10,0.513979
294,11,0.506369
294,12,0.478868
294,13,0.534241
294,14,0.547988
294,15,0.463223
295,1,0.448884
295,2,0.506369
295,3,0.469898
295,4,0.523915
295,5,0.474496
295,6,0.497890
295,7,0.574110
295,8,0.487535
295,9,0.532282
295,10,0.456565
295,11,0.430537
295,12,0.434848
295,13,0.498027
295,14,0.532282
295,15,0.430471
296,1,0.506369
296,2,0.487938
296,3,0.477873
296,4,0.506369
296,5,0.426354
296,6,0.411744
296,7,0.422172
296,8,0.506369
296,9,0.467123
296,10,0.489181
296,11,0.506369
296,12,0.536226
296,13,0.525749
296,14,0.426354
296,15,0.496199
297,1,0.585922
297,2,0.574110
297,3,0.426354
297,4,0.419837
297,5,0.451973
297,6,0.426345
297,7,0.506438
297,8,0.426354
297,9,0.466679
297,10,0.501691
297,11,0.574110
297,12,0.525622
297,13,0.467553
297,14,0.405085
297,15,0.438866
298,1,0.443143
298,2,0.488714
298,3,0.405085
298,4,0.411744
298,5,0.422172
298,6,0.547988
298,7,0.532282
298,8,0.540846
298,9,0.435590
298,10,0.411744
298,11,0.426345
298,12,0.426354
298,13,0.411744
298,14,0.436940
298,15,0.523915
299,1,0.523915
299,2,0.473126
299,3,0.411744
299,4,0.422172
299,5,0.301284
299,6,0.454478
299,7,0.487587
299,8,0.468014
299,9,0.411744
299,10,0.490021
299,11,0.525622
299,12,0.426354
299,13,0.497424
299,14,0.467123
299,15,0.405085
300,1,0.520813
300,2,0.506369
300,3,0.497603
300,4,0.533703
300,5,0.532282
300,6,0.450761
300,7,0.430537
300,8,0.440225
300,9,0.533703
300,10,0.513767
300,11,0.547988
300,12,0.467553
300,13,0.532679
300,14,0.574110
300,15,0.533703
301,1,0.535002
301,2,0.545687
301,3,0.533703
301,4,0.463308
301,5,0.574110
301,6,0.473429
301,7,0.471811
301,8,0.405085
301,9,0.498768
301,10,0.434589
301,11,0.506369
301,12,0.521767
301,13,0.506369
301,14,0.533703
301,15,0.435590
302,1,0.484233
302,2,0.438297
302,3,0.472319
302,4,0.411744
302,5,0.435590
302,6,0.411744
302,7,0.434848
302,8,0.435590
302,9,0.506369
302,10,0.451013
302,11,0.482941
302,12,0.333010
302,13,0.574110
302,14,0.525622
302,15,0.426354
303,1,0.506369
303,2,0.533703
303,3,0.465932
303,4,0.532282
303,5,0.533703
303,6,0.370793
303,7,0.473492
303,8,0.405085
303,9,0.492877
303,10,0.434589
303,11,0.506369
303,12,0.437970
303,13,0.480851
303,14,0.533703
303,15,0.532282
304,1,0.453735
304,2,0.441703
304,3,0.308970
304,4,0.574110
304,5,0.426354
304,6,0.486707
304,7,0.451013
304,8,0.532282
304,9,0.520535
304,10,0.470272
304,11,0.574110
304,12,0.426354
304,13,0.487228
304,14,0.467758
304,15,0.450736
305,1,0.313136
305,2,0.459522
305,3,0.411744
305,4,0.422172
305,5,0.494330
305,6,0.457629
305,7,0.539779
305,8,0.434589
305,9,0.506369
305,10,0.467123
305,11,0.411744
305,12,0.434848
305,13,0.532282
305,14,0.426354
305,15,0.506369
306,1,0.467123
306,2,0.508753
306,3,0.405085
306,4,0.405085
306,5,0.415796
306,6,0.451013
306,7,0.450098
306,8,0.453748
306,9,0.406025
306,10,0.433041
306,11,0.565180
306,12,0.488479
306,13,0.574110
306,14,0.491204
306,15,0.547988
307,1,0.523915
307,2,0.380913
307,3,0.574110
307,4,0.507405
307,5,0.435590
307,6,0.411744
307,7,0.426345
307,8,0.426354
307,9,0.438229
307,10,0.411744
307,11,0.523915
307,12,0.539533
307,13,0.464593
307,14,0.405085
307,15,0.415796
308,1,0.426354
308,2,0.506369
308,3,0.451013
308,4,0.450098
308,5,0.475326
308,6,0.465549
308,7,0.435590
308,8,0.469856
308,9,0.505136
308,10,0.547988
308,11,0.536743
308,12,0.565180
308,13,0.532282
308,14,0.554135
308,15,0.523915
309,1,0.532282
309,2,0.549866
309,3,0.533703
309,4,0.557947
309,5,0.466791
309,6,0.504123
309,7,0.547988
309,8,0.435089
309,9,0.000000
309,10,0.506369
309,11,0.514624
309,12,0.557947
309,13,0.532282
309,14,0.426354
309,15,0.486746
310,1,0.506369
310,2,0.493637
310,3,0.426354
310,4,0.460832
310,5,0.574110
310,6,0.405085
310,7,0.493685
310,8,0.426354
310,9,0.405085
310,10,0.406025
310,11,0.422172
310,12,0.512959
310,13,0.499833
310,14,0.454283
310,15,0.485880
311,1,0.479654
311,2,0.544783
311,3,0.435590
311,4,0.452134
311,5,0.426345
311,6,0.525622
311,7,0.525622
311,8,0.533703
311,9,0.435590
311,10,0.405085
311,11,0.415796
311,12,0.468220
311,13,0.435590
311,14,0.506369
311,15,0.451013
312,1,0.375839
312,2,0.506369
312,3,0.484581
312,4,0.434589
312,5,0.478616
312,6,0.483619
312,7,0.434848
312,8,0.502349
312,9,0.574110
312,10,0.434589
312,11,0.405085
312,12,0.406025
312,13,0.457129
312,14,0.434848
312,15,0.336338
313,1,0.490890
313,2,0.500006
313,3,0.456727
313,4,0.547988
313,5,0.523915
313,6,0.462626
313,7,0.431041
313,8,0.422172
313,9,0.444306
313,10,0.485318
313,11,0.481361
313,12,0.474816
313,13,0.523915
313,14,0.217795
313,15,0.405629
314,1,0.471671
314,2,0.574110
314,3,0.525622
314,4,0.490997
314,5,0.426354
314,6,0.506369
314,7,0.467123
314,8,0.405085
314,9,0.479353
314,10,0.476931
314,11,0.506369
314,12,0.576905
314,13,0.434589
314,14,0.448564
314,15,0.453998
315,1,0.426345
315,2,0.508669
315,3,0.525622
315,4,0.533514
315,5,0.577766
315,6,0.434589
315,7,0.449464
315,8,0.406025
315,9,0.428358
315,10,0.525622
315,11,0.511318
315,12,0.426354
315,13,0.411744
315,14,0.426345
315,15,0.533703
316,1,0.467264
316,2,0.411744
316,3,0.443313
316,4,0.246251
316,5,0.532282
316,6,0.525622
316,7,0.507051
316,8,0.520813
316,9,0.434589
316,10,0.446979
316,11,0.424114
316,12,0.425151
316,13,0.380913
316,14,0.528841
316,15,0.513241
317,1,0.502802
317,2,0.549192
317,3,0.531010
317,4,0.519526
317,5,0.533703
317,6,0.523915
317,7,0.523915
317,8,0.464451
317,9,0.547988
317,10,0.514221
317,11,0.555871
317,12,0.532282
317,13,0.525622
317,14,0.426354
317,15,0.405085
318,1,0.415796
318,2,0.482941
318,3,0.489446
318,4,0.454104
318,5,0.547988
318,6,0.435590
318,7,0.500715
318,8,0.478035
318,9,0.422172
318,10,0.507194
318,11,0.506239
318,12,0.532282
318,13,0.534060
318,14,0.574110
318,15,0.525622
319,1,0.426354
319,2,0.411744
319,3,0.426345
319,4,0.426354
319,5,0.405085
319,6,0.443143
319,7,0.482941
319,8,0.405085
319,9,0.501209
319,10,0.574110
319,11,0.533703
319,12,0.532282
319,13,0.525622
319,14,0.439357
319,15,0.506369
320,1,0.478606
320,2,0.488672
320,3,0.497745
320,4,0.435590
320,5,0.495842
320,6,0.426345
320,7,0.426354
320,8,0.430476
320,9,0.415796
320,10,0.467123
320,11,0.405085
320,12,0.415796
320,13,0.483692
320,14,0.411744
320,15,0.434848
321,1,0.532282
321,2,0.426354
321,3,0.506369
321,4,0.426527
321,5,0.545029
321,6,0.525749
321,7,0.507405
321,8,0.452414
321,9,0.496331
321,10,0.579701
321,11,0.434589
321,12,0.515816
321,13,0.471916
321,14,0.493786
321,15,0.490684
322,1,0.547988
322,2,0.523915
322,3,0.441839
322,4,0.502064
322,5,0.574110
322,6,0.426354
322,7,0.426046
322,8,0.451013
322,9,0.461194
322,10,0.439641
322,11,0.443143
322,12,0.443143
322,13,0.435119
322,14,0.461083
322,15,0.426527
323,1,0.456565
323,2,0.430537
323,3,0.422172
323,4,0.454158
323,5,0.406025
323,6,0.426345
323,7,0.504735
323,8,0.574110
323,9,0.525622
323,10,0.533703
323,11,0.523915
323,12,0.480626
323,13,0.547988
323,14,0.532282
323,15,0.501971
324,1,0.471671
324,2,0.434589
324,3,0.484131
324,4,0.405085
324,5,0.411744
324,6,0.422172
324,7,0.506369
324,8,0.467123
324,9,0.506369
324,10,0.504507
324,11,0.506085
324,12,0.547988
324,13,0.535071
324,14,0.525622
324,15,0.426354
325,1,0.405085
325,2,0.406025
325,3,0.422172
325,4,0.434589
325,5,0.405085
325,6,0.405085
325,7,0.443143
325,8,0.494953
325,9,0.426354
325,10,0.525622
325,11,0.488714
325,12,0.574110
325,13,0.508409
325,14,0.574110
325,15,0.540846
326,1,0.510668
326,2,0.513670
326,3,0.523915
326,4,0.435590
326,5,0.506369
326,6,0.458415
326,7,0.301973
326,8,0.434589
326,9,0.501076
326,10,0.473502
326,11,0.453426
326,12,0.434589
326,13,0.463545
326,14,0.426345
326,15,0.525622
327,1,0.533703
327,2,0.479353
327,3,0.536094
327,4,0.547988
327,5,0.435590
327,6,0.527264
327,7,0.467123
327,8,0.405085
327,9,0.415796
327,10,0.467123
327,11,0.405085
327,12,0.415796
327,13,0.426527
327,14,0.533703
327,15,0.435590
328,1,0.411744
328,2,0.422172
328,3,0.431107
328,4,0.505564
328,5,0.574110
328,6,0.533703
328,7,0.491204
328,8,0.502064
328,9,0.547988
328,10,0.478428
328,11,0.508441
328,12,0.523915
328,13,0.494081
328,14,0.523915
328,15,0.523915
329,1,0.532282
329,2,0.314447
329,3,0.533703
329,4,0.523915
329,5,0.467471
329,6,0.434589
329,7,0.405085
329,8,0.443143
329,9,0.494526
329,10,0.495693
329,11,0.426354
329,12,0.506369
329,13,0.426527
329,14,0.426354
329,15,0.430476
330,1,0.406025
330,2,0.426345
330,3,0.525622
330,4,0.533703
330,5,0.532282
330,6,0.525622
330,7,0.525622
330,8,0.533703
330,9,0.532282
330,10,0.461248
330,11,0.405085
330,12,0.406025
330,13,0.422172
330,14,0.505564
330,15,0.474493
331,1,0.498995
331,2,0.547988
331,3,0.523915
331,4,0.435590
331,5,0.411744
331,6,0.473956
331,7,0.435590
331,8,0.506369
331,9,0.467123
331,10,0.405085
331,11,0.434589
331,12,0.405085
331,13,0.470215
331,14,0.451013
331,15,0.532282
332,1,0.525622
332,2,0.525622
332,3,0.525622
332,4,0.426354
332,5,0.411744
332,6,0.407881
332,7,0.532282
332,8,0.467489
332,9,0.451927
332,10,0.411744
332,11,0.435590
332,12,0.453748
332,13,0.476958
332,14,0.443143
332,15,0.411744
333,1,0.508753
333,2,0.467425
333,3,0.434589
333,4,0.405085
333,5,0.458539
333,6,0.411744
333,7,0.486831
333,8,0.574110
333,9,0.533703
333,10,0.523915
333,11,0.532282
333,12,0.533703
333,13,0.523915
333,14,0.535827
333,15,0.482941
334,1,0.426354
334,2,0.506369
334,3,0.515668
334,4,0.327929
334,5,0.497013
334,6,0.547988
334,7,0.523915
334,8,0.495361
334,9,0.535496
334,10,0.426354
334,11,0.411744
334,12,0.434848
334,13,0.530486
334,14,0.290393
334,15,0.506369
335,1,0.426354
335,2,0.000000
335,3,0.508753
335,4,0.506369
335,5,0.533703
335,6,0.532282
335,7,0.533703
335,8,0.532282
335,9,0.380913
335,10,0.507405
335,11,0.532282
335,12,0.533704
335,13,0.499187
335,14,0.426354
335,15,0.503803
336,1,0.426345
336,2,0.426527
336,3,0.455022
336,4,0.457262
336,5,0.515996
336,6,0.426354
336,7,0.405085
336,8,0.457141
336,9,0.217795
336,10,0.574110
336,11,0.525622
336,12,0.533703
336,13,0.537742
336,14,0.519583
336,15,0.434096
337,1,0.495780
337,2,0.434589
337,3,0.506369
337,4,0.492954
337,5,0.574110
337,6,0.426354
337,7,0.405085
337,8,0.415796
337,9,0.426354
337,10,0.430476
337,11,0.482326
337,12,0.422172
337,13,0.405085
337,14,0.464451
337,15,0.506369
338,1,0.525622
338,2,0.373991
338,3,0.405085
338,4,0.463781
338,5,0.434848
338,6,0.535827
338,7,0.464246
338,8,0.426354
338,9,0.411744
338,10,0.426345
338,11,0.426354
338,12,0.508753
338,13,0.411744
338,14,0.523915
338,15,0.523915
339,1,0.523915
339,2,0.532282
339,3,0.533703
339,4,0.532282
339,5,0.525622
339,6,0.463308
339,7,0.411848
339,8,0.426527
339,9,0.426354
339,10,0.467270
339,11,0.499388
339,12,0.463863
339,13,0.464552
339,14,0.434589
339,15,0.405085
340,1,0.443143
340,2,0.443143
340,3,0.406025
340,4,0.422172
340,5,0.444168
340,6,0.406025
340,7,0.422172
340,8,0.411744
340,9,0.426345
340,10,0.533703
340,11,0.523915
340,12,0.435590
340,13,0.405085
340,14,0.415796
340,15,0.467123
341,1,0.411744
341,2,0.422172
341,3,0.508753
341,4,0.405085
341,5,0.506369
341,6,0.451013
341,7,0.523915
341,8,0.397650
341,9,0.456480
341,10,0.405085
341,11,0.488432
341,12,0.443143
341,13,0.415796
341,14,0.524980
341,15,0.475048
342,1,0.434589
342,2,0.506369
342,3,0.467123
342,4,0.430537
342,5,0.426345
342,6,0.426354
342,7,0.430476
342,8,0.485631
342,9,0.452850
342,10,0.443143
342,11,0.406025
342,12,0.492482
342,13,0.506426
342,14,0.426354
342,15,0.547988
343,1,0.532282
343,2,0.525622
343,3,0.426354
343,4,0.474816
343,5,0.529429
343,6,0.525622
343,7,0.512959
343,8,0.514856
343,9,0.477964
343,10,0.434589
343,11,0.506369
343,12,0.426527
343,13,0.426354
343,14,0.449476
343,15,0.406025
344,1,0.434848
344,2,0.477949
344,3,0.435590
344,4,0.506369
344,5,0.467123
344,6,0.405085
344,7,0.462161
344,8,0.443143
344,9,0.415796
344,10,0.451013
344,11,0.523915
344,12,0.523915
344,13,0.450736
344,14,0.411744
344,15,0.434848
345,1,0.523915
345,2,0.523915
345,3,0.435590
345,4,0.453748
345,5,0.443143
345,6,0.425969
345,7,0.406025
345,8,0.473956
345,9,0.434589
345,10,0.566955
345,11,0.405085
345,12,0.406025
345,13,0.434848
345,14,0.521301
345,15,0.574110
346,1,0.459497
346,2,0.547988
346,3,0.435590
346,4,0.495194
346,5,0.506369
346,6,0.311702
346,7,0.506369
346,8,0.464246
346,9,0.434589
346,10,0.461571
346,11,0.406025
346,12,0.426345
346,13,0.475086
346,14,0.547988
346,15,0.523915
347,1,0.497922
347,2,0.532282
347,3,0.426354
347,4,0.529105
347,5,0.557856
347,6,0.574110
347,7,0.533703
347,8,0.435590
347,9,0.506369
347,10,0.483316
347,11,0.411744
347,12,0.454104
347,13,0.434589
347,14,0.492659
347,15,0.448794
348,1,0.415796
348,2,0.233561
348,3,0.506369
348,4,0.426527
348,5,0.533703
348,6,0.523915
348,7,0.217294
348,8,0.547988
348,9,0.435590
348,10,0.411744
348,11,0.492966
348,12,0.491894
348,13,0.547988
348,14,0.435590
348,15,0.535561
349,1,0.547988
349,2,0.435590
349,3,0.405085
349,4,0.415796
349,5,0.526538
349,6,0.397650
349,7,0.547988
349,8,0.576623
349,9,0.434589
349,10,0.457604
349,11,0.406025
349,12,0.435123
349,13,0.405085
349,14,0.452793
349,15,0.426354
350,1,0.538849
350,2,0.426354
350,3,0.479866
350,4,0.434848
350,5,0.435590
350,6,0.488714
350,7,0.498768
350,8,0.434589
350,9,0.506369
350,10,0.426527
350,11,0.426354
350,12,0.506369
350,13,0.426354
350,14,0.431107
350,15,0.406025
351,1,0.500186
351,2,0.459168
351,3,0.499364
351,4,0.434589
351,5,0.405085
351,6,0.405085
351,7,0.411744
351,8,0.531294
351,9,0.547988
351,10,0.532282
351,11,0.525622
351,12,0.446717
351,13,0.574110
351,14,0.426354
351,15,0.411744
352,1,0.434589
352,2,0.451389
352,3,0.411744
352,4,0.435590
352,5,0.411744
352,6,0.435590
352,7,0.419837
352,8,0.506369
352,9,0.525622
352,10,0.533703
352,11,0.435590
352,12,0.460637
352,13,0.513183
352,14,0.532282
352,15,0.475782
353,1,0.574110
353,2,0.525622
353,3,0.525622
353,4,0.426354
353,5,0.411744
353,6,0.435590
353,7,0.506369
353,8,0.574110
353,9,0.525622
353,10,0.525622
353,11,0.533703
353,12,0.531624
353,13,0.434589
353,14,0.506369
353,15,0.525622
354,1,0.525622
354,2,0.426354
354,3,0.506369
354,4,0.533703
354,5,0.532282
354,6,0.446717
354,7,0.574110
354,8,0.533703
354,9,0.523915
354,10,0.435590
354,11,0.506369
354,12,0.426354
354,13,0.411744
354,14,0.426345
354,15,0.510703
355,1,0.535135
355,2,0.574110
355,3,0.426354
355,4,0.479866
355,5,0.434848
355,6,0.532282
355,7,0.533703
355,8,0.532282
355,9,0.533703
355,10,0.523915
355,11,0.532282
355,12,0.521767
355,13,0.547988
355,14,0.532282
355,15,0.533703
356,1,0.523915
356,2,0.523915
356,3,0.497661
356,4,0.574110
356,5,0.525622
356,6,0.461248
356,7,0.506369
356,8,0.533703
356,9,0.532282
356,10,0.533703
356,11,0.435590
356,12,0.411744
356,13,0.435590
356,14,0.411744
356,15,0.523915
357,1,0.435590
357,2,0.411744
357,3,0.435590
357,4,0.411744
357,5,0.523915
357,6,0.532282
357,7,0.525622
357,8,0.456475
357,9,0.474079
357,10,0.547988
357,11,0.532282
357,12,0.525622
357,13,0.525622
357,14,0.426354
357,15,0.494256
358,1,0.405085
358,2,0.447494
358,3,0.513637
358,4,0.532282
358,5,0.426354
358,6,0.516185
358,7,0.531964
358,8,0.434589
358,9,0.411744
358,10,0.523915
358,11,0.435590
358,12,0.474816
358,13,0.434589
358,14,0.506369
358,15,0.426354
359,1,0.411744
359,2,0.434589
359,3,0.574110
359,4,0.533703
359,5,0.512167
359,6,0.464457
359,7,0.411744
359,8,0.440652
359,9,0.434589
359,10,0.506369
359,11,0.525622
359,12,0.533703
359,13,0.535952
359,14,0.435590
359,15,0.506369
360,1,0.426354
360,2,0.471671
360,3,0.506369
360,4,0.426354
360,5,0.506369
360,6,0.525622
360,7,0.533703
360,8,0.435590
360,9,0.506369
360,10,0.525622
360,11,0.426354
360,12,0.411744
360,13,0.523915
360,14,0.532282
360,15,0.426354
361,1,0.506369
361,2,0.486746
361,3,0.547988
361,4,0.532282
361,5,0.453735
361,6,0.499558
361,7,0.574110
361,8,0.426354
361,9,0.492478
361,10,0.574110
361,11,0.547988
361,12,0.460763
361,13,0.495780
361,14,0.434589
361,15,0.405085
362,1,0.506369
362,2,0.426354
362,3,0.405085
362,4,0.494256
362,5,0.434589
362,6,0.411744
362,7,0.523915
362,8,0.532282
362,9,0.426354
362,10,0.405085
362,11,0.506369
362,12,0.525622
362,13,0.426354
362,14,0.405085
362,15,0.405085
363,1,0.470835
363,2,0.574110
363,3,0.525622
363,4,0.525622
363,5,0.426354
363,6,0.411744
363,7,0.489005
363,8,0.547988
363,9,0.523915
363,10,0.551304
363,11,0.311950
363,12,0.434589
363,13,0.506369
363,14,0.426354
363,15,0.405085
364,1,0.405085
364,2,0.494256
364,3,0.411744
364,4,0.486446
364,5,0.532282
364,6,0.525622
364,7,0.525622
364,8,0.466824
364,9,0.574110
364,10,0.533703
364,11,0.435590
364,12,0.493478
364,13,0.434589
364,14,0.405085
364,15,0.405085
365,1,0.405085
365,2,0.452010
365,3,0.533703
365,4,0.532282
365,5,0.533703
365,6,0.435590
365,7,0.411744
365,8,0.499956
365,9,0.574110
365,10,0.426354
365,11,0.506369
365,12,0.525622
365,13,0.574110
365,14,0.547988
365,15,0.532282
366,1,0.525622
366,2,0.426354
366,3,0.405085
366,4,0.531294
366,5,0.574110
366,6,0.525622
366,7,0.525622
366,8,0.525622
366,9,0.508753
366,10,0.498768
366,11,0.456642
366,12,0.411744
366,13,0.523915
366,14,0.435590
366,15,0.446882
367,1,0.523915
367,2,0.532282
367,3,0.533703
367,4,0.523915
367,5,0.523915
367,6,0.523915
367,7,0.435590
367,8,0.436940
367,9,0.405085
367,10,0.411744
367,11,0.523915
367,12,0.523915
367,13,0.464327
367,14,0.411744
367,15,0.435590
368,1,0.405085
368,2,0.405085
368,3,0.506369
368,4,0.533703
368,5,0.475183
368,6,0.485829
368,7,0.434589
368,8,0.506369
368,9,0.426354
368,10,0.459048
368,11,0.435590
368,12,0.506369
368,13,0.519457
368,14,0.547988
368,15,0.532282
369,1,0.496465
369,2,0.434589
369,3,0.506369
369,4,0.485880
369,5,0.494256
369,6,0.574110
369,7,0.439679
369,8,0.574110
369,9,0.533703
369,10,0.523915
369,11,0.464327
369,12,0.405085
369,13,0.508753
369,14,0.411744
369,15,0.523915
370,1,0.435590
370,2,0.411744
370,3,0.534058
370,4,0.574110
370,5,0.524886
370,6,0.446359
370,7,0.434589
370,8,0.500261
370,9,0.506369
370,10,0.488893
370,11,0.523915
370,12,0.435590
370,13,0.405085
370,14,0.406025
370,15,0.397650
371,1,0.574110
371,2,0.525622
371,3,0.426354
371,4,0.453644
371,5,0.523915
371,6,0.464966
371,7,0.426354
371,8,0.506369
371,9,0.426354
371,10,0.521767
371,11,0.411744
371,12,0.523915
371,13,0.435590
371,14,0.405085
371,15,0.506369
372,1,0.533703
372,2,0.532282
372,3,0.525622
372,4,0.525622
372,5,0.482941
372,6,0.217294
372,7,0.411744
372,8,0.532282
372,9,0.456706
372,10,0.405085
372,11,0.405085
372,12,0.217294
372,13,0.574110
372,14,0.525622
372,15,0.525622
373,1,0.426354
373,2,0.465831
373,3,0.532282
373,4,0.525622
373,5,0.525622
373,6,0.470054
373,7,0.523915
373,8,0.523915
373,9,0.523915
373,10,0.523915
373,11,0.535952
373,12,0.523915
373,13,0.488266
373,14,0.435590
373,15,0.411744
374,1,0.435590
374,2,0.504507
374,3,0.411744
374,4,0.439245
374,5,0.574110
374,6,0.450761
374,7,0.411744
374,8,0.435590
374,9,0.506369
374,10,0.533703
374,11,0.464327
374,12,0.405085
374,13,0.506369
374,14,0.525622
374,15,0.456565
375,1,0.405085
375,2,0.411744
375,3,0.532282
375,4,0.454583
375,5,0.411744
375,6,0.523915
375,7,0.523915
375,8,0.523915
375,9,0.435590
375,10,0.405085
375,11,0.405085
375,12,0.411744
375,13,0.435590
375,14,0.496877
375,15,0.574110
376,1,0.426354
376,2,0.466752
376,3,0.435590
376,4,0.506369
376,5,0.533703
376,6,0.435590
376,7,0.411744
376,8,0.435590
376,9,0.405085
376,10,0.411744
376,11,0.532282
376,12,0.436940
376,13,0.574110
376,14,0.525622
376,15,0.533703
377,1,0.523915
377,2,0.523915
377,3,0.446359
377,4,0.405085
377,5,0.525421
377,6,0.465881
377,7,0.411744
377,8,0.435590
377,9,0.506369
377,10,0.426354
377,11,0.411744
377,12,0.426345
377,13,0.521767
377,14,0.485880
377,15,0.547242
378,1,0.534946
378,2,0.434589
378,3,0.411744
378,4,0.422172
378,5,0.411744
378,6,0.435590
378,7,0.512167
378,8,0.574110
378,9,0.540846
378,10,0.523915
378,11,0.523915
378,12,0.435590
378,13,0.405085
378,14,0.449495
378,15,0.532282
379,1,0.521767
379,2,0.434589
379,3,0.493194
379,4,0.547988
379,5,0.438214
379,6,0.547988
379,7,0.523915
379,8,0.491622
379,9,0.494591
379,10,0.547988
379,11,0.523915
379,12,0.500261
379,13,0.547988
379,14,0.460178
379,15,0.411744
380,1,0.456319
380,2,0.434589
380,3,0.411744
380,4,0.435590
380,5,0.405085
380,6,0.405085
380,7,0.411744
380,8,0.532282
380,9,0.496465
380,10,0.549866
380,11,0.525622
380,12,0.496329
380,13,0.495780
380,14,0.574110
380,15,0.525622
381,1,0.525622
381,2,0.426354
381,3,0.405085
381,4,0.501076
381,5,0.525622
381,6,0.525622
381,7,0.467553
381,8,0.506369
381,9,0.490223
381,10,0.532282
381,11,0.540846
381,12,0.435590
381,13,0.411744
381,14,0.435590
381,15,0.506369
382,1,0.426354
382,2,0.405085
382,3,0.415796
382,4,0.426354
382,5,0.405085
382,6,0.405085
382,7,0.405085
382,8,0.405085
382,9,0.547988
382,10,0.397650
382,11,0.475296
382,12,0.547988
382,13,0.435590
382,14,0.367741
382,15,0.506369
383,1,0.426354
383,2,0.405085
383,3,0.467425
383,4,0.506369
383,5,0.525622
383,6,0.426354
383,7,0.436940
383,8,0.506369
383,9,0.552662
383,10,0.533703
383,11,0.523915
383,12,0.459644
383,13,0.411744
383,14,0.435590
383,15,0.411744
384,1,0.532282
384,2,0.426354
384,3,0.506369
384,4,0.525622
384,5,0.426354
384,6,0.506369
384,7,0.434589
384,8,0.434589
384,9,0.405085
384,10,0.479866
384,11,0.532282
384,12,0.525622
384,13,0.426354
384,14,0.405085
384,15,0.405085
385,1,0.411744
385,2,0.532282
385,3,0.525622
385,4,0.426354
385,5,0.506369
385,6,0.533703
385,7,0.532282
385,8,0.533703
385,9,0.523915
385,10,0.532282
385,11,0.525622
385,12,0.525622
385,13,0.463993
385,14,0.506369
385,15,0.434589
386,1,0.506369
386,2,0.525622
386,3,0.529404
386,4,0.533703
386,5,0.459015
386,6,0.411744
386,7,0.523915
386,8,0.435590
386,9,0.445292
386,10,0.426345
386,11,0.533703
386,12,0.532282
386,13,0.525622
386,14,0.533703
386,15,0.495545
387,1,0.532282
387,2,0.486746
387,3,0.547988
387,4,0.521847
387,5,0.523915
387,6,0.523915
387,7,0.523915
387,8,0.532282
387,9,0.533703
387,10,0.466791
387,11,0.504352
387,12,0.574110
387,13,0.426354
387,14,0.405085
387,15,0.506369
388,1,0.454583
388,2,0.405085
388,3,0.411744
388,4,0.532282
388,5,0.474816
388,6,0.434589
388,7,0.527747
388,8,0.506369
388,9,0.455022
388,10,0.441820
388,11,0.532282
388,12,0.525622
388,13,0.525622
388,14,0.525622
388,15,0.533703
389,1,0.535952
389,2,0.435590
389,3,0.405085
389,4,0.443143
389,5,0.405085
389,6,0.405085
389,7,0.405085
389,8,0.506369
389,9,0.533703
389,10,0.532282
389,11,0.525622
389,12,0.426354
389,13,0.506369
389,14,0.426354
389,15,0.405085
390,1,0.411744
390,2,0.523915
390,3,0.435590
390,4,0.506369
390,5,0.426354
390,6,0.411744
390,7,0.523915
390,8,0.532282
390,9,0.426354
390,10,0.411744
390,11,0.472804
390,12,0.500261
390,13,0.434589
390,14,0.405085
390,15,0.460733
391,1,0.405085
391,2,0.506369
391,3,0.426354
391,4,0.466752
391,5,0.523915
391,6,0.469727
391,7,0.435590
391,8,0.405085
391,9,0.495830
391,10,0.426345
391,11,0.525622
391,12,0.533703
391,13,0.532282
391,14,0.426354
391,15,0.405085
392,1,0.506369
392,2,0.533703
392,3,0.488714
392,4,0.547988
392,5,0.504874
392,6,0.435590
392,7,0.518987
392,8,0.547988
392,9,0.536720
392,10,0.532282
392,11,0.533703
392,12,0.435590
392,13,0.411744
392,14,0.459854
392,15,0.456857
393,1,0.523915
393,2,0.523915
393,3,0.532282
393,4,0.533703
393,5,0.532282
393,6,0.520477
393,7,0.434589
393,8,0.456919
393,9,0.487095
393,10,0.547988
393,11,0.532282
393,12,0.469194
393,13,0.532282
393,14,0.525622
393,15,0.533703
394,1,0.523915
394,2,0.435590
394,3,0.429401
394,4,0.426345
394,5,0.536737
394,6,0.574110
394,7,0.525622
394,8,0.524886
394,9,0.523915
394,10,0.435590
394,11,0.506369
394,12,0.525622
394,13,0.426354
394,14,0.411744
394,15,0.434848
395,1,0.523915
395,2,0.435590
395,3,0.405085
395,4,0.405085
395,5,0.506369
395,6,0.525622
395,7,0.495783
395,8,0.489306
395,9,0.434589
395,10,0.405085
395,11,0.406025
395,12,0.523915
395,13,0.574110
395,14,0.434589
395,15,0.506369
396,1,0.461248
396,2,0.405085
396,3,0.340718
396,4,0.574110
396,5,0.525622
396,6,0.533703
396,7,0.473956
396,8,0.435089
396,9,0.506369
396,10,0.426354
396,11,0.506369
396,12,0.533703
396,13,0.435590
396,14,0.547988
396,15,0.496877
397,1,0.547988
397,2,0.435590
397,3,0.405085
397,4,0.411744
397,5,0.523915
397,6,0.523915
397,7,0.435590
397,8,0.405629
397,9,0.426354
397,10,0.506369
397,11,0.489181
397,12,0.574110
397,13,0.533703
397,14,0.532282
397,15,0.461248
398,1,0.506369
398,2,0.533703
398,3,0.523915
398,4,0.435590
398,5,0.506369
398,6,0.525622
398,7,0.533703
398,8,0.435590
398,9,0.506369
398,10,0.533703
398,11,0.505515
398,12,0.434589
398,13,0.405085
398,14,0.449717
398,15,0.452406
399,1,0.466759
399,2,0.435590
399,3,0.411744
399,4,0.498472
399,5,0.434589
399,6,0.411744
399,7,0.422172
399,8,0.506369
399,9,0.533703
399,10,0.435089
399,11,0.454158
399,12,0.468894
399,13,0.574110
399,14,0.533703
399,15,0.486746
400,1,0.434589
400,2,0.495566
400,3,0.435590
400,4,0.411744
400,5,0.434848
400,6,0.523915
400,7,0.523915
400,8,0.435590
400,9,0.405085
400,10,0.406025
400,11,0.532282
400,12,0.426354
400,13,0.411744
400,14,0.426345
400,15,0.426354
401,1,0.405085
401,2,0.471671
401,3,0.500261
401,4,0.434589
401,5,0.419837
401,6,0.464166
401,7,0.574110
401,8,0.525622
401,9,0.426354
401,10,0.492966
401,11,0.405085
401,12,0.411744
401,13,0.457129
401,14,0.434589
401,15,0.462172
402,1,0.443143
402,2,0.405085
402,3,0.405085
402,4,0.405085
402,5,0.405085
402,6,0.506369
402,7,0.533703
402,8,0.492131
402,9,0.434589
402,10,0.506369
402,11,0.426354
402,12,0.405085
402,13,0.405085
402,14,0.411744
402,15,0.435590
403,1,0.506369
403,2,0.426354
403,3,0.506369
403,4,0.426354
403,5,0.411744
403,6,0.532282
403,7,0.525622
403,8,0.533703
403,9,0.435590
403,10,0.405085
403,11,0.411744
403,12,0.435590
403,13,0.411744
403,14,0.435590
403,15,0.506369
404,1,0.533703
404,2,0.532282
404,3,0.426354
404,4,0.411744
404,5,0.532282
404,6,0.525622
404,7,0.426354
404,8,0.405085
404,9,0.411744
404,10,0.523915
404,11,0.489005
404,12,0.480650
404,13,0.547988
404,14,0.532282
404,15,0.533703
405,1,0.460637
405,2,0.434589
405,3,0.506369
405,4,0.525622
405,5,0.525622
405,6,0.533703
405,7,0.435590
405,8,0.506369
405,9,0.426354
405,10,0.506369
405,11,0.426354
405,12,0.411744
405,13,0.434848
405,14,0.523915
405,15,0.523915
406,1,0.486446
406,2,0.532282
406,3,0.533703
406,4,0.435590
406,5,0.411744
406,6,0.422172
406,7,0.405085
406,8,0.436410
406,9,0.434589
406,10,0.524299
406,11,0.486059
406,12,0.507217
406,13,0.574110
406,14,0.525622
406,15,0.533703
407,1,0.446359
407,2,0.405085
407,3,0.411744
407,4,0.435590
407,5,0.405085
407,6,0.488479
407,7,0.460019
407,8,0.564999
407,9,0.502064
407,10,0.478823
407,11,0.574110
407,12,0.457114
407,13,0.411744
407,14,0.523915
407,15,0.519457
408,1,0.574110
408,2,0.533703
408,3,0.456892
408,4,0.411744
408,5,0.523915
408,6,0.532282
408,7,0.525622
408,8,0.533703
408,9,0.523915
408,10,0.495783
408,11,0.574110
408,12,0.525622
408,13,0.533703
408,14,0.435590
408,15,0.466824
409,1,0.574110
409,2,0.426354
409,3,0.506369
409,4,0.533703
409,5,0.523915
409,6,0.532282
409,7,0.426354
409,8,0.506369
409,9,0.531294
409,10,0.547988
409,11,0.532282
409,12,0.533703
409,13,0.532282
409,14,0.525622
409,15,0.533703
410,1,0.505515
410,2,0.574110
410,3,0.533703
410,4,0.435590
410,5,0.405085
410,6,0.415796
410,7,0.488893
410,8,0.532282
410,9,0.426354
410,10,0.506369
410,11,0.525622
410,12,0.525622
410,13,0.533703
410,14,0.532282
410,15,0.533703
411,1,0.435590
411,2,0.405085
411,3,0.406025
411,4,0.531624
411,5,0.520813
411,6,0.523915
411,7,0.523915
411,8,0.532282
411,9,0.426354
411,10,0.506369
411,11,0.525622
411,12,0.426354
411,13,0.411744
411,14,0.435590
411,15,0.405085
412,1,0.506369
412,2,0.533703
412,3,0.435590
412,4,0.405085
412,5,0.434589
412,6,0.438818
412,7,0.523915
412,8,0.532282
412,9,0.525622
412,10,0.426354
412,11,0.411744
412,12,0.435590
412,13,0.446717
412,14,0.535135
412,15,0.533703
413,1,0.472804
413,2,0.547988
413,3,0.435590
413,4,0.405085
413,5,0.443143
413,6,0.443065
413,7,0.547988
413,8,0.509453
413,9,0.533703
413,10,0.532282
413,11,0.533703
413,12,0.532282
413,13,0.426354
413,14,0.405085
413,15,0.411744
414,1,0.508753
414,2,0.574110
414,3,0.487535
414,4,0.523915
414,5,0.532282
414,6,0.533703
414,7,0.532282
414,8,0.525622
414,9,0.426354
414,10,0.411744
414,11,0.434848
414,12,0.535952
414,13,0.532282
414,14,0.525622
414,15,0.533703
415,1,0.532282
415,2,0.525622
415,3,0.533703
415,4,0.512167
415,5,0.434589
415,6,0.411744
415,7,0.426345
415,8,0.525622
415,9,0.426354
415,10,0.411744
415,11,0.422172
415,12,0.506369
415,13,0.426354
415,14,0.506369
415,15,0.426354
416,1,0.405085
416,2,0.466752
416,3,0.426345
416,4,0.525622
416,5,0.426354
416,6,0.405085
416,7,0.519457
416,8,0.574110
416,9,0.525622
416,10,0.533703
416,11,0.532282
416,12,0.508753
416,13,0.463495
416,14,0.411744
416,15,0.426345
417,1,0.533703
417,2,0.523915
417,3,0.442436
417,4,0.452355
417,5,0.532282
417,6,0.426354
417,7,0.405085
417,8,0.443143
417,9,0.405085
417,10,0.411744
417,11,0.512167
417,12,0.434589
417,13,0.405085
417,14,0.411744
417,15,0.532282
418,1,0.426354
418,2,0.411744
418,3,0.422172
418,4,0.411744
418,5,0.434848
418,6,0.435590
418,7,0.506369
418,8,0.525622
418,9,0.533703
418,10,0.547988
418,11,0.523915
418,12,0.547988
418,13,0.523915
418,14,0.435590
418,15,0.506369
419,1,0.525622
419,2,0.525622
419,3,0.471671
419,4,0.574110
419,5,0.533703
419,6,0.435590
419,7,0.506369
419,8,0.426354
419,9,0.405085
419,10,0.443143
419,11,0.411744
419,12,0.523915
419,13,0.474816
419,14,0.434589
419,15,0.506369
420,1,0.426354
420,2,0.506369
420,3,0.470054
420,4,0.507078
420,5,0.523915
420,6,0.532282
420,7,0.533703
420,8,0.523915
420,9,0.465932
420,10,0.435590
420,11,0.506369
420,12,0.474816
420,13,0.552609
420,14,0.435590
420,15,0.553373
421,1,0.434589
421,2,0.405085
421,3,0.415796
421,4,0.533703
421,5,0.523915
421,6,0.435590
421,7,0.411744
421,8,0.435590
421,9,0.405085
421,10,0.506369
421,11,0.525622
421,12,0.464078
421,13,0.485419
421,14,0.525622
421,15,0.533703
422,1,0.523915
422,2,0.532282
422,3,0.525622
422,4,0.426354
422,5,0.405085
422,6,0.415796
422,7,0.426354
422,8,0.411744
422,9,0.532282
422,10,0.525622
422,11,0.533703
422,12,0.523915
422,13,0.435590
422,14,0.506369
422,15,0.525622
423,1,0.574110
423,2,0.434589
423,3,0.492131
423,4,0.434589
423,5,0.506369
423,6,0.533703
423,7,0.532282
423,8,0.525622
423,9,0.533703
423,10,0.397650
423,11,0.547988
423,12,0.523915
423,13,0.523915
423,14,0.532282
423,15,0.482941
424,1,0.574110
424,2,0.525622
424,3,0.533703
424,4,0.523915
424,5,0.523915
424,6,0.523915
424,7,0.532282
424,8,0.426354
424,9,0.411744
424,10,0.426345
424,11,0.426354
424,12,0.497424
424,13,0.493637
424,14,0.434589
424,15,0.405085
425,1,0.521767
425,2,0.457858
425,3,0.411744
425,4,0.523915
425,5,0.535561
425,6,0.520477
425,7,0.489181
425,8,0.434589
425,9,0.506369
425,10,0.533703
425,11,0.435590
425,12,0.506369
425,13,0.426354
425,14,0.411744
425,15,0.505515
426,1,0.547988
426,2,0.532282
426,3,0.533703
426,4,0.532282
426,5,0.456706
426,6,0.486920
426,7,0.434589
426,8,0.411744
426,9,0.434848
426,10,0.523915
426,11,0.436940
426,12,0.574110
426,13,0.540733
426,14,0.574110
426,15,0.426354
427,1,0.506369
427,2,0.525622
427,3,0.533703
427,4,0.489181
427,5,0.574110
427,6,0.426354
427,7,0.462172
427,8,0.411744
427,9,0.435590
427,10,0.519867
427,11,0.574110
427,12,0.426354
427,13,0.411744
427,14,0.426345
427,15,0.533703
428,1,0.435590
428,2,0.506369
428,3,0.443065
428,4,0.574110
428,5,0.525622
428,6,0.525622
428,7,0.525622
428,8,0.426354
428,9,0.405085
428,10,0.405085
428,11,0.506369
428,12,0.426354
428,13,0.506369
428,14,0.525622
428,15,0.525622
429,1,0.525622
429,2,0.463993
429,3,0.574110
429,4,0.525622
429,5,0.525622
429,6,0.426354
429,7,0.405085
429,8,0.506369
429,9,0.426354
429,10,0.506369
429,11,0.463993
429,12,0.547988
429,13,0.523915
429,14,0.435590
429,15,0.506369
430,1,0.533703
430,2,0.434589
430,3,0.547988
430,4,0.532282
430,5,0.533703
430,6,0.435590
430,7,0.411744
430,8,0.434848
430,9,0.435590
430,10,0.411744
430,11,0.532282
430,12,0.525622
430,13,0.467425
430,14,0.547988
430,15,0.532282
431,1,0.525622
431,2,0.533703
431,3,0.532282
431,4,0.533703
431,5,0.515104
431,6,0.532282
431,7,0.426354
431,8,0.506369
431,9,0.426354
431,10,0.411744
431,11,0.523915
431,12,0.435590
431,13,0.411744
431,14,0.532282
431,15,0.426354
432,1,0.506369
432,2,0.426354
432,3,0.405085
432,4,0.411744
432,5,0.532282
432,6,0.533703
432,7,0.446359
432,8,0.506369
432,9,0.525622
432,10,0.426354
432,11,0.405085
432,12,0.405085
432,13,0.436940
432,14,0.547988
432,15,0.532282
433,1,0.525622
433,2,0.464078
433,3,0.411744
433,4,0.532282
433,5,0.525622
433,6,0.443065
433,7,0.574110
433,8,0.426354
433,9,0.506369
433,10,0.525622
433,11,0.533703
433,12,0.523915
433,13,0.459644
433,14,0.453661
433,15,0.405085
434,1,0.506369
434,2,0.525622
434,3,0.430471
434,4,0.405085
434,5,0.446717
434,6,0.519583
434,7,0.434589
434,8,0.506369
434,9,0.533703
434,10,0.485880
434,11,0.574110
434,12,0.525622
434,13,0.533703
434,14,0.523915
434,15,0.532282
435,1,0.525746
435,2,0.487673
435,3,0.574110
435,4,0.531838
435,5,0.533703
435,6,0.532282
435,7,0.426354
435,8,0.495545
435,9,0.506369
435,10,0.574110
435,11,0.434589
435,12,0.506369
435,13,0.426354
435,14,0.411744
435,15,0.523915
436,1,0.435590
436,2,0.405085
436,3,0.411744
436,4,0.523915
436,5,0.523915
436,6,0.532282
436,7,0.426354
436,8,0.411744
436,9,0.523915
436,10,0.435590
436,11,0.506369
436,12,0.533703
436,13,0.435590
436,14,0.506369
436,15,0.426354
437,1,0.405085
437,2,0.506369
437,3,0.525622
437,4,0.485880
437,5,0.547988
437,6,0.523915
437,7,0.435590
437,8,0.481201
437,9,0.405085
437,10,0.468596
437,11,0.406025
437,12,0.435590
437,13,0.405085
437,14,0.415796
437,15,0.533703
438,1,0.532282
438,2,0.525622
438,3,0.533703
438,4,0.523915
438,5,0.435590
438,6,0.506369
438,7,0.525622
438,8,0.467553
438,9,0.411744
438,10,0.435590
438,11,0.405085
438,12,0.405085
438,13,0.506369
438,14,0.533703
438,15,0.523915
439,1,0.435590
439,2,0.436940
439,3,0.405085
439,4,0.405085
439,5,0.443143
439,6,0.405085
439,7,0.405085
439,8,0.411744
439,9,0.532282
439,10,0.525622
439,11,0.426354
439,12,0.411744
439,13,0.523915
439,14,0.523915
439,15,0.523915
440,1,0.464966
440,2,0.533703
440,3,0.435590
440,4,0.405085
440,5,0.506369
440,6,0.533703
440,7,0.525749
440,8,0.426354
440,9,0.506369
440,10,0.426354
440,11,0.411744
440,12,0.532282
440,13,0.487535
440,14,0.531680
440,15,0.435590
441,1,0.405085
441,2,0.411744
441,3,0.523915
441,4,0.532282
441,5,0.461636
441,6,0.533703
441,7,0.523915
441,8,0.532282
441,9,0.533703
441,10,0.435590
441,11,0.405085
441,12,0.411744
441,13,0.434848
441,14,0.435590
441,15,0.405085
442,1,0.491652
442,2,0.574110
442,3,0.426354
442,4,0.411744
442,5,0.426345
442,6,0.525622
442,7,0.453735
442,8,0.405085
442,9,0.443143
442,10,0.446899
442,11,0.435590
442,12,0.498445
442,13,0.434589
442,14,0.405085
442,15,0.411744
443,1,0.523915
443,2,0.532282
443,3,0.533703
443,4,0.532282
443,5,0.485880
443,6,0.508753
443,7,0.515668
443,8,0.523915
443,9,0.532282
443,10,0.533703
443,11,0.532282
443,12,0.533703
443,13,0.532282
443,14,0.426354
443,15,0.411744
444,1,0.426345
444,2,0.525622
444,3,0.426354
444,4,0.540239
444,5,0.426354
444,6,0.481201
444,7,0.434589
444,8,0.494740
444,9,0.533703
444,10,0.532282
444,11,0.504507
444,12,0.574110
444,13,0.533703
444,14,0.435590
444,15,0.506369
445,1,0.426354
445,2,0.506369
445,3,0.533703
445,4,0.435590
445,5,0.506369
445,6,0.574110
445,7,0.426354
445,8,0.405085
445,9,0.396328
445,10,0.434848
445,11,0.532282
445,12,0.426354
445,13,0.411744
445,14,0.435590
445,15,0.506369
446,1,0.533703
446,2,0.510381
446,3,0.525622
446,4,0.533703
446,5,0.435590
446,6,0.411744
446,7,0.523915
446,8,0.473335
446,9,0.532282
446,10,0.533703
446,11,0.523915
446,12,0.435590
446,13,0.405085
446,14,0.443143
446,15,0.438229
447,1,0.434589
447,2,0.405085
447,3,0.493194
447,4,0.574110
447,5,0.525622
447,6,0.525622
447,7,0.533703
447,8,0.435590
447,9,0.479866
447,10,0.426345
447,11,0.426354
447,12,0.405085
447,13,0.406025
447,14,0.435590
447,15,0.411744
448,1,0.494256
448,2,0.547988
448,3,0.435590
448,4,0.405085
448,5,0.411744
448,6,0.435590
448,7,0.506369
448,8,0.426354
448,9,0.411744
448,10,0.532282
448,11,0.426354
448,12,0.411744
448,13,0.532282
448,14,0.533703
448,15,0.523915
449,1,0.532282
449,2,0.426354
449,3,0.506369
449,4,0.525622
449,5,0.525622
449,6,0.525622
449,7,0.426354
449,8,0.396328
449,9,0.422172
449,10,0.405085
449,11,0.411744
449,12,0.435590
449,13,0.405085
449,14,0.506369
449,15,0.470054
450,1,0.532282
450,2,0.533703
450,3,0.532282
450,4,0.533703
450,5,0.435590
450,6,0.506369
450,7,0.533703
450,8,0.523915
450,9,0.435590
450,10,0.411744
450,11,0.435590
450,12,0.411744
450,13,0.422172
450,14,0.452355
450,15,0.426345
451,1,0.426354
451,2,0.429401
451,3,0.435590
451,4,0.405085
451,5,0.411744
451,6,0.435590
451,7,0.506369
451,8,0.426354
451,9,0.506369
451,10,0.525622
451,11,0.533703
451,12,0.435590
451,13,0.488714
451,14,0.574110
451,15,0.525622
452,1,0.533703
452,2,0.532282
452,3,0.533703
452,4,0.435590
452,5,0.411744
452,6,0.523915
452,7,0.523915
452,8,0.532282
452,9,0.426354
452,10,0.405085
452,11,0.411744
452,12,0.456475
452,13,0.434589
452,14,0.506369
452,15,0.426354
453,1,0.506369
453,2,0.426354
453,3,0.411744
453,4,0.435590
453,5,0.493478
453,6,0.434589
453,7,0.405085
453,8,0.506369
453,9,0.426354
453,10,0.449266
453,11,0.443143
453,12,0.506369
453,13,0.533703
453,14,0.523915
453,15,0.532282
454,1,0.426354
454,2,0.405085
454,3,0.506369
454,4,0.525622
454,5,0.426354
454,6,0.411744
454,7,0.532282
454,8,0.533703
454,9,0.532282
454,10,0.426354
454,11,0.405085
454,12,0.547988
454,13,0.547988
454,14,0.532282
454,15,0.426354
455,1,0.506369
455,2,0.533703
455,3,0.532282
455,4,0.533703
455,5,0.532282
455,6,0.533703
455,7,0.523915
455,8,0.523915
455,9,0.532282
455,10,0.533703
455,11,0.523915
455,12,0.532282
455,13,0.426354
455,14,0.506369
455,15,0.443065
456,1,0.547988
456,2,0.538777
456,3,0.574110
456,4,0.520477
456,5,0.487090
456,6,0.435590
456,7,0.506369
456,8,0.426354
456,9,0.411744
456,10,0.435590
456,11,0.411744
456,12,0.435590
456,13,0.460637
456,14,0.434589
456,15,0.479866
457,1,0.426345
457,2,0.426354
457,3,0.506369
457,4,0.533703
457,5,0.435590
457,6,0.411744
457,7,0.435590
457,8,0.411744
457,9,0.492966
457,10,0.547988
457,11,0.435590
457,12,0.506369
457,13,0.533703
457,14,0.532282
457,15,0.443065
458,1,0.521290
458,2,0.435590
458,3,0.444306
458,4,0.443143
458,5,0.452673
458,6,0.406025
458,7,0.532282
458,8,0.533703
458,9,0.435590
458,10,0.405085
458,11,0.411744
458,12,0.489181
458,13,0.574110
458,14,0.426354
458,15,0.506369
459,1,0.525622
459,2,0.426354
459,3,0.411744
459,4,0.426345
459,5,0.426354
459,6,0.467807
459,7,0.415796
459,8,0.533703
459,9,0.532282
459,10,0.470584
459,11,0.449943
459,12,0.506369
459,13,0.525622
459,14,0.533703
459,15,0.435590
460,1,0.506369
460,2,0.533703
460,3,0.435590
460,4,0.411744
460,5,0.434848
460,6,0.435590
460,7,0.506369
460,8,0.426354
460,9,0.492966
460,10,0.405085
460,11,0.405085
460,12,0.411744
460,13,0.523915
460,14,0.523915
460,15,0.435590
461,1,0.506369
461,2,0.533703
461,3,0.435590
461,4,0.506369
461,5,0.533703
461,6,0.467926
461,7,0.411744
461,8,0.435590
461,9,0.506369
461,10,0.466824
461,11,0.547988
461,12,0.435590
461,13,0.405085
461,14,0.405085
461,15,0.405085
462,1,0.411744
462,2,0.532282
462,3,0.525622
462,4,0.533703
462,5,0.473956
462,6,0.434589
462,7,0.495545
462,8,0.405085
462,9,0.405085
462,10,0.443143
462,11,0.405085
462,12,0.405085
462,13,0.405085
462,14,0.405085
462,15,0.405085
463,1,0.411744
463,2,0.435590
463,3,0.411744
463,4,0.467425
463,5,0.434589
463,6,0.405085
463,7,0.443143
463,8,0.487061
463,9,0.523915
463,10,0.532282
463,11,0.533703
463,12,0.532282
463,13,0.525622
463,14,0.426354
463,15,0.405085
464,1,0.506369
464,2,0.426354
464,3,0.411744
464,4,0.523915
464,5,0.523915
464,6,0.435590
464,7,0.488714
464,8,0.411744
464,9,0.532282
464,10,0.426354
464,11,0.411744
464,12,0.426345
464,13,0.525622
464,14,0.525622
464,15,0.525622
465,1,0.426354
465,2,0.405085
465,3,0.506369
465,4,0.525622
465,5,0.525622
465,6,0.510703
465,7,0.426354
465,8,0.506369
465,9,0.441741
465,10,0.405085
465,11,0.506369
465,12,0.426354
465,13,0.411744
465,14,0.435590
465,15,0.411744
466,1,0.435590
466,2,0.411744
466,3,0.434848
466,4,0.532282
466,5,0.533703
466,6,0.532282
466,7,0.533703
466,8,0.532282
466,9,0.513335
466,10,0.435590
466,11,0.405085
466,12,0.406025
466,13,0.532282
466,14,0.525622
466,15,0.533703
467,1,0.532282
467,2,0.525622
467,3,0.533703
467,4,0.435590
467,5,0.506369
467,6,0.426354
467,7,0.411744
467,8,0.434848
467,9,0.435590
467,10,0.411744
467,11,0.523915
467,12,0.435590
467,13,0.405085
467,14,0.405085
467,15,0.463993
468,1,0.434589
468,2,0.405085
468,3,0.406025
468,4,0.434848
468,5,0.435590
468,6,0.506369
468,7,0.495783
468,8,0.574110
468,9,0.525622
468,10,0.525622
468,11,0.525622
468,12,0.525622
468,13,0.525622
468,14,0.426354
468,15,0.405085
469,1,0.405085
469,2,0.411744
469,3,0.485880
469,4,0.547988
469,5,0.532282
469,6,0.533703
469,7,0.532282
469,8,0.533703
469,9,0.435590
469,10,0.506369
469,11,0.525622
469,12,0.426354
469,13,0.411744
469,14,0.523915
469,15,0.532282
470,1,0.525622
470,2,0.533703
470,3,0.523915
470,4,0.523915
470,5,0.532282
470,6,0.525622
470,7,0.507405
470,8,0.532282
470,9,0.426354
470,10,0.486746
470,11,0.574110
470,12,0.533703
470,13,0.532282
470,14,0.525622
470,15,0.525622
471,1,0.426354
471,2,0.405085
471,3,0.405085
471,4,0.411744
471,5,0.532282
471,6,0.426354
471,7,0.411744
471,8,0.523915
471,9,0.532282
471,10,0.426354
471,11,0.411744
471,12,0.443065
471,13,0.452819
471,14,0.506369
471,15,0.533703
472,1,0.532282
472,2,0.426354
472,3,0.411744
472,4,0.435590
472,5,0.506369
472,6,0.533703
472,7,0.435590
472,8,0.506369
472,9,0.473956
472,10,0.535127
472,11,0.547988
472,12,0.523915
472,13,0.435590
472,14,0.405085
472,15,0.406025
473,1,0.435590
473,2,0.411744
473,3,0.465463
473,4,0.506369
473,5,0.533703
473,6,0.435089
473,7,0.454158
473,8,0.411744
473,9,0.523915
473,10,0.523915
473,11,0.523915
473,12,0.523915
473,13,0.523915
473,14,0.532282
473,15,0.426354
474,1,0.506369
474,2,0.426354
474,3,0.405085
474,4,0.411744
474,5,0.523915
474,6,0.435590
474,7,0.405085
474,8,0.492795
474,9,0.434589
474,10,0.506369
474,11,0.426354
474,12,0.456919
474,13,0.443143
474,14,0.405085
474,15,0.461163
475,1,0.506369
475,2,0.426354
475,3,0.506369
475,4,0.533703
475,5,0.435590
475,6,0.411744
475,7,0.426345
475,8,0.426354
475,9,0.411744
475,10,0.422172
475,11,0.405085
475,12,0.411744
475,13,0.532282
475,14,0.533703
475,15,0.523915
476,1,0.435590
476,2,0.506369
476,3,0.525622
476,4,0.525622
476,5,0.426354
476,6,0.506369
476,7,0.525622
476,8,0.525622
476,9,0.533703
476,10,0.467157
476,11,0.477873
476,12,0.482419
476,13,0.411744
476,14,0.523915
476,15,0.450736
477,1,0.405085
477,2,0.506369
477,3,0.439357
477,4,0.405085
477,5,0.415796
477,6,0.533703
477,7,0.435590
477,8,0.405085
477,9,0.411744
477,10,0.523915
477,11,0.523915
477,12,0.435590
477,13,0.492966
477,14,0.506369
477,15,0.525622
478,1,0.525622
478,2,0.533703
478,3,0.532282
478,4,0.525622
478,5,0.533703
478,6,0.532282
478,7,0.525622
478,8,0.525622
478,9,0.426354
478,10,0.405085
478,11,0.405085
478,12,0.405085
478,13,0.506369
478,14,0.426354
478,15,0.506369
479,1,0.533703
479,2,0.523915
479,3,0.523915
479,4,0.523915
479,5,0.532282
479,6,0.533703
479,7,0.532282
479,8,0.426354
479,9,0.405085
479,10,0.405085
479,11,0.506369
479,12,0.525622
479,13,0.426354
479,14,0.411744
479,15,0.532282
480,1,0.426354
480,2,0.506369
480,3,0.533703
480,4,0.504142
480,5,0.508315
480,6,0.434589
480,7,0.405085
480,8,0.415796
480,9,0.525622
480,10,0.533703
480,11,0.532282
480,12,0.533703
480,13,0.523915
480,14,0.523915
480,15,0.532282
481,1,0.524886
481,2,0.435590
481,3,0.506369
481,4,0.426354
481,5,0.506369
481,6,0.426354
481,7,0.405085
481,8,0.506369
481,9,0.533703
481,10,0.523915
481,11,0.523915
481,12,0.435590
481,13,0.411744
481,14,0.434848
481,15,0.532282
482,1,0.533703
482,2,0.435590
482,3,0.405085
482,4,0.411744
482,5,0.508441
482,6,0.523915
482,7,0.532282
482,8,0.525622
482,9,0.533703
482,10,0.523915
482,11,0.523915
482,12,0.471671
482,13,0.434589
482,14,0.411744
482,15,0.434848
483,1,0.532282
483,2,0.426354
483,3,0.574110
483,4,0.574110
483,5,0.533703
483,6,0.523915
483,7,0.435590
483,8,0.411744
483,9,0.434848
483,10,0.523915
483,11,0.523915
483,12,0.532282
483,13,0.525622
483,14,0.525622
483,15,0.525622
484,1,0.533703
484,2,0.532282
484,3,0.525622
484,4,0.426354
484,5,0.411744
484,6,0.434848
484,7,0.523915
484,8,0.532282
484,9,0.533703
484,10,0.435590
484,11,0.506369
484,12,0.533703
484,13,0.523915
484,14,0.523915
484,15,0.464451
485,1,0.547988
485,2,0.435590
485,3,0.411744
485,4,0.426345
485,5,0.426354
485,6,0.506369
485,7,0.533703
485,8,0.532282
485,9,0.426354
485,10,0.405085
485,11,0.411744
485,12,0.486446
485,13,0.435590
485,14,0.547988
485,15,0.523915
486,1,0.523915
486,2,0.532282
486,3,0.533703
486,4,0.523915
486,5,0.435590
486,6,0.506369
486,7,0.426354
486,8,0.411744
486,9,0.422172
486,10,0.506369
486,11,0.533703
486,12,0.523915
486,13,0.504507
486,14,0.434589
486,15,0.405085
487,1,0.506369
487,2,0.525622
487,3,0.525622
487,4,0.525622
487,5,0.525622
487,6,0.525622
487,7,0.520477
487,8,0.434589
487,9,0.405085
487,10,0.411744
487,11,0.532282
487,12,0.525622
487,13,0.533703
487,14,0.467425
487,15,0.574110
488,1,0.426354
488,2,0.489313
488,3,0.574110
488,4,0.426354
488,5,0.506369
488,6,0.426354
488,7,0.411744
488,8,0.426345
488,9,0.533703
488,10,0.435590
488,11,0.405085
488,12,0.405085
488,13,0.405085
488,14,0.411744
488,15,0.532282
489,1,0.426354
489,2,0.405085
489,3,0.506369
489,4,0.426354
489,5,0.405085
489,6,0.405085
489,7,0.506369
489,8,0.525622
489,9,0.533703
489,10,0.508753
489,11,0.547988
489,12,0.435590
489,13,0.411744
489,14,0.434848
489,15,0.435590
490,1,0.405085
490,2,0.411744
490,3,0.523915
490,4,0.435590
490,5,0.506369
490,6,0.426354
490,7,0.506369
490,8,0.476884
490,9,0.547988
490,10,0.523915
490,11,0.574110
490,12,0.547988
490,13,0.523915
490,14,0.435590
490,15,0.506369
491,1,0.525622
491,2,0.426354
491,3,0.405085
491,4,0.406025
491,5,0.435590
491,6,0.411744
491,7,0.523915
491,8,0.532282
491,9,0.525622
491,10,0.500261
491,11,0.574110
491,12,0.525622
491,13,0.533703
491,14,0.532282
491,15,0.426354
492,1,0.506369
492,2,0.533703
492,3,0.435590
492,4,0.405085
492,5,0.443143
492,6,0.405085
492,7,0.506369
492,8,0.533703
492,9,0.523915
492,10,0.523915
492,11,0.532282
492,12,0.426354
492,13,0.506369
492,14,0.525622
492,15,0.533703
493,1,0.523915
493,2,0.532282
493,3,0.525622
493,4,0.533703
493,5,0.523915
493,6,0.532282
493,7,0.426354
493,8,0.411744
493,9,0.434848
493,10,0.435590
493,11,0.506369
493,12,0.533703
493,13,0.435590
493,14,0.506369
493,15,0.533703
494,1,0.522663
494,2,0.434589
494,3,0.506369
494,4,0.533703
494,5,0.435590
494,6,0.485880
494,7,0.434589
494,8,0.405085
494,9,0.405085
494,10,0.506369
494,11,0.533703
494,12,0.523915
494,13,0.435590
494,14,0.411744
494,15,0.435590
495,1,0.411744
495,2,0.532282
495,3,0.525622
495,4,0.426354
495,5,0.411744
495,6,0.435590
495,7,0.506369
495,8,0.525622
495,9,0.533703
495,10,0.435590
495,11,0.405085
495,12,0.405085
495,13,0.411744
495,14,0.435590
495,15,0.405085
496,1,0.411744
496,2,0.523915
496,3,0.435590
496,4,0.506369
496,5,0.525622
496,6,0.533703
496,7,0.523915
496,8,0.523915
496,9,0.523915
496,10,0.435590
496,11,0.506369
496,12,0.525622
496,13,0.533703
496,14,0.435590
496,15,0.411744
497,1,0.532282
497,2,0.525622
497,3,0.525622
497,4,0.525622
497,5,0.525622
497,6,0.533703
497,7,0.523915
497,8,0.435590
497,9,0.405085
497,10,0.506369
497,11,0.426354
497,12,0.506369
497,13,0.525622
497,14,0.426354
497,15,0.411744
498,1,0.523915
498,2,0.532282
498,3,0.426354
498,4,0.411744
498,5,0.532282
498,6,0.574110
498,7,0.525622
498,8,0.533703
498,9,0.532282
498,10,0.489005
498,11,0.434589
498,12,0.405085
498,13,0.411744
498,14,0.532282
498,15,0.426354
499,1,0.506369
499,2,0.533703
499,3,0.435590
499,4,0.405085
499,5,0.405085
499,6,0.453644
499,7,0.481555
499,8,0.547988
499,9,0.532282
499,10,0.525622
499,11,0.533703
499,12,0.532282
499,13,0.426354
499,14,0.405085
499,15,0.411744
500,1,0.435590
500,2,0.405085
500,3,0.506369
500,4,0.426354
500,5,0.411744
500,6,0.532282
500,7,0.446717
500,8,0.574110
500,9,0.525622
500,10,0.533703
500,11,0.532282
500,12,0.533703
500,13,0.435590
500,14,0.405085
500,15,0.411744
501,1,0.436940
501,2,0.434589
501,3,0.411744
501,4,0.434848
501,5,0.532282
501,6,0.533703
501,7,0.532282
501,8,0.525622
501,9,0.533703
501,10,0.531294
501,11,0.547988
501,12,0.523915
501,13,0.435590
501,14,0.411744
501,15,0.523915
502,1,0.532282
502,2,0.533703
502,3,0.435590
502,4,0.411744
502,5,0.435590
502,6,0.405085
502,7,0.411744
502,8,0.435590
502,9,0.506369
502,10,0.525622
502,11,0.533703
502,12,0.465932
502,13,0.535952
502,14,0.532282
502,15,0.525622
503,1,0.533703
503,2,0.435590
503,3,0.411744
503,4,0.523915
503,5,0.532282
503,6,0.426354
503,7,0.411744
503,8,0.553196
503,9,0.426354
503,10,0.405085
503,11,0.411744
503,12,0.534946
503,13,0.574110
503,14,0.533703
503,15,0.435590
504,1,0.405085
504,2,0.506369
504,3,0.525622
504,4,0.533703
504,5,0.489181
504,6,0.547988
504,7,0.435590
504,8,0.506369
504,9,0.533703
504,10,0.435590
504,11,0.466752
504,12,0.422172
504,13,0.405085
504,14,0.415796
504,15,0.426354
505,1,0.506369
505,2,0.525622
505,3,0.519457
505,4,0.574110
505,5,0.525622
505,6,0.426354
505,7,0.411744
505,8,0.532282
505,9,0.533703
505,10,0.492131
505,11,0.434589
505,12,0.495444
505,13,0.405085
505,14,0.411744
505,15,0.435590
506,1,0.506369
506,2,0.525622
506,3,0.512167
506,4,0.434589
506,5,0.411744
506,6,0.422172
506,7,0.411744
506,8,0.523915
506,9,0.532282
506,10,0.533703
506,11,0.523915
506,12,0.435590
506,13,0.506369
506,14,0.533703
506,15,0.532282
507,1,0.533703
507,2,0.485880
507,3,0.434589
507,4,0.506369
507,5,0.533703
507,6,0.532282
507,7,0.525622
507,8,0.525622
507,9,0.426354
507,10,0.411744
507,11,0.523915
507,12,0.435590
507,13,0.411744
507,14,0.532282
507,15,0.525622
508,1,0.525622
508,2,0.426354
508,3,0.411744
508,4,0.488479
508,5,0.434589
508,6,0.506369
508,7,0.533703
508,8,0.523915
508,9,0.532282
508,10,0.533703
508,11,0.532282
508,12,0.533703
508,13,0.435590
508,14,0.405085
508,15,0.411744
509,1,0.467926
509,2,0.405085
509,3,0.411744
509,4,0.523915
509,5,0.485915
509,6,0.405085
509,7,0.411744
509,8,0.523915
509,9,0.523915
509,10,0.523915
509,11,0.435590
509,12,0.506369
509,13,0.426354
509,14,0.411744
509,15,0.532282
510,1,0.525622
510,2,0.426354
510,3,0.506369
510,4,0.533703
510,5,0.523915
510,6,0.523915
510,7,0.435590
510,8,0.405085
510,9,0.411744
510,10,0.435590
510,11,0.405085
510,12,0.406025
510,13,0.435590
510,14,0.405085
510,15,0.488479
511,1,0.574110
511,2,0.426354
511,3,0.411744
511,4,0.532282
511,5,0.426354
511,6,0.405085
511,7,0.406025
511,8,0.495545
511,9,0.547988
511,10,0.435590
511,11,0.405085
511,12,0.415796
511,13,0.533703
511,14,0.532282
511,15,0.525622
512,1,0.533703
512,2,0.523915
512,3,0.435590
512,4,0.411744
512,5,0.434848
512,6,0.532282
512,7,0.525622
512,8,0.426354
512,9,0.405085
512,10,0.506369
512,11,0.525622
512,12,0.426354
512,13,0.405085
512,14,0.405085
512,15,0.411744
513,1,0.435590
513,2,0.506369
513,3,0.525622
513,4,0.469194
513,5,0.435590
513,6,0.405085
513,7,0.411744
513,8,0.523915
513,9,0.532282
513,10,0.525622
513,11,0.426354
513,12,0.466824
513,13,0.405085
513,14,0.411744
513,15,0.435590
514,1,0.411744
514,2,0.532282
514,3,0.533703
514,4,0.553196
514,5,0.426354
514,6,0.506369
514,7,0.533703
514,8,0.532282
514,9,0.533703
514,10,0.532282
514,11,0.525622
514,12,0.525622
514,13,0.525622
514,14,0.426354
514,15,0.506369
515,1,0.426354
515,2,0.506369
515,3,0.533703
515,4,0.435590
515,5,0.411744
515,6,0.523915
515,7,0.467157
515,8,0.506369
515,9,0.525622
515,10,0.426354
515,11,0.506369
515,12,0.533703
515,13,0.532282
515,14,0.533703
515,15,0.435590
516,1,0.488714
516,2,0.547988
516,3,0.532282
516,4,0.533703
516,5,0.532282
516,6,0.525622
516,7,0.525622
516,8,0.426354
516,9,0.466824
516,10,0.506369
516,11,0.525622
516,12,0.426354
516,13,0.504507
516,14,0.574110
516,15,0.533703
517,1,0.523915
517,2,0.553196
517,3,0.426354
517,4,0.411744
517,5,0.499956
517,6,0.533808
517,7,0.574110
517,8,0.426354
517,9,0.405085
517,10,0.405085
517,11,0.405085
517,12,0.506369
517,13,0.525622
517,14,0.426354
517,15,0.405085
518,1,0.405085
518,2,0.405085
518,3,0.411744
518,4,0.435590
518,5,0.411744
518,6,0.426345
518,7,0.426354
518,8,0.506369
518,9,0.426354
518,10,0.411744
518,11,0.435590
518,12,0.506369
518,13,0.525622
518,14,0.426354
518,15,0.411744
519,1,0.523915
519,2,0.532282
519,3,0.426354
519,4,0.411744
519,5,0.474816
519,6,0.574110
519,7,0.426354
519,8,0.411744
519,9,0.523915
519,10,0.523915
519,11,0.435590
519,12,0.492131
519,13,0.434589
519,14,0.411744
519,15,0.532282
520,1,0.426354
520,2,0.506369
520,3,0.533703
520,4,0.523915
520,5,0.532282
520,6,0.525622
520,7,0.482941
520,8,0.574110
520,9,0.525622
520,10,0.525622
520,11,0.426354
520,12,0.411744
520,13,0.523915
520,14,0.435590
520,15,0.411744
521,1,0.422172
521,2,0.506369
521,3,0.533703
521,4,0.523915
521,5,0.508441
521,6,0.532282
521,7,0.525622
521,8,0.525622
521,9,0.426354
521,10,0.506369
521,11,0.533703
521,12,0.523915
521,13,0.532282
521,14,0.426354
521,15,0.405085
522,1,0.411744
522,2,0.435590
522,3,0.405085
522,4,0.411744
522,5,0.523915
522,6,0.532282
522,7,0.426354
522,8,0.411744
522,9,0.532282
522,10,0.525622
522,11,0.426354
522,12,0.506369
522,13,0.426354
522,14,0.405085
522,15,0.405085
523,1,0.506369
523,2,0.533703
523,3,0.489181
523,4,0.434589
523,5,0.411744
523,6,0.532282
523,7,0.426354
523,8,0.411744
523,9,0.523915
523,10,0.523915
523,11,0.492966
523,12,0.531474
523,13,0.532282
523,14,0.519457
523,15,0.574110
524,1,0.426354
524,2,0.405085
524,3,0.465831
524,4,0.532282
524,5,0.525622
524,6,0.525622
524,7,0.426354
524,8,0.411744
524,9,0.523915
524,10,0.435590
524,11,0.411744
524,12,0.523915
524,13,0.532282
524,14,0.426354
524,15,0.405085
525,1,0.506369
525,2,0.533703
525,3,0.532282
525,4,0.525622
525,5,0.485880
525,6,0.574110
525,7,0.426354
525,8,0.411744
525,9,0.523915
525,10,0.523915
525,11,0.435590
525,12,0.506369
525,13,0.426354
525,14,0.411744
525,15,0.532282
526,1,0.533703
526,2,0.523915
526,3,0.494256
526,4,0.547988
526,5,0.523915
526,6,0.532282
526,7,0.476148
526,8,0.547988
526,9,0.523915
526,10,0.435590
526,11,0.411744
526,12,0.532282
526,13,0.525622
526,14,0.426354
526,15,0.405085
527,1,0.452355
527,2,0.523915
527,3,0.523915
527,4,0.473335
527,5,0.532282
527,6,0.525622
527,7,0.525622
527,8,0.533703
527,9,0.532282
527,10,0.520477
527,11,0.434589
527,12,0.411744
527,13,0.523915
527,14,0.473956
527,15,0.434589
528,1,0.411744
528,2,0.532282
528,3,0.533703
528,4,0.435590
528,5,0.506369
528,6,0.426354
528,7,0.506369
528,8,0.525622
528,9,0.426354
528,10,0.405085
528,11,0.411744
528,12,0.523915
528,13,0.469798
528,14,0.405085
528,15,0.405085
529,1,0.411744
529,2,0.532282
529,3,0.426354
529,4,0.411744
529,5,0.532282
529,6,0.426354
529,7,0.405085
529,8,0.434589
529,9,0.405085
529,10,0.506369
529,11,0.426354
529,12,0.411744
529,13,0.434589
529,14,0.547988
529,15,0.532282
530,1,0.533703
530,2,0.435590
530,3,0.506369
530,4,0.525622
530,5,0.426354
530,6,0.506369
530,7,0.533703
530,8,0.532282
530,9,0.489537
530,10,0.435590
530,11,0.202543
530,12,0.464326
530,13,0.574110
530,14,0.533703
530,15,0.532282
531,1,0.525622
531,2,0.533703
531,3,0.435590
531,4,0.405085
531,5,0.415796
531,6,0.525622
531,7,0.426354
531,8,0.405085
531,9,0.405085
531,10,0.405085
531,11,0.443143
531,12,0.506369
531,13,0.426354
531,14,0.405085
531,15,0.405085
532,1,0.506369
532,2,0.533703
532,3,0.435590
532,4,0.411744
532,5,0.426345
532,6,0.525622
532,7,0.525622
532,8,0.426354
532,9,0.411744
532,10,0.523915
532,11,0.464327
532,12,0.506369
532,13,0.426354
532,14,0.411744
532,15,0.435590
533,1,0.506369
533,2,0.426354
533,3,0.411744
533,4,0.532282
533,5,0.534946
533,6,0.547988
533,7,0.435590
533,8,0.506369
533,9,0.525622
533,10,0.525622
533,11,0.525622
533,12,0.525622
533,13,0.525622
533,14,0.525622
533,15,0.426354
534,1,0.405085
534,2,0.405085
534,3,0.405085
534,4,0.506369
534,5,0.456475
534,6,0.574110
534,7,0.525622
534,8,0.533703
534,9,0.435590
534,10,0.405085
534,11,0.411744
534,12,0.435590
534,13,0.411744
534,14,0.434848
534,15,0.532282
535,1,0.426354
535,2,0.405085
535,3,0.506369
535,4,0.525622
535,5,0.525622
535,6,0.426354
535,7,0.405085
535,8,0.411744
535,9,0.532282
535,10,0.533703
535,11,0.435590
535,12,0.405085
535,13,0.415796
535,14,0.525622
535,15,0.533703
536,1,0.532282
536,2,0.426354
536,3,0.411744
536,4,0.523915
536,5,0.565180
536,6,0.532282
536,7,0.426354
536,8,0.405085
536,9,0.411744
536,10,0.435590
536,11,0.506369
536,12,0.525622
536,13,0.533703
536,14,0.532282
536,15,0.426354
537,1,0.405085
537,2,0.506369
537,3,0.525622
537,4,0.533703
537,5,0.523915
537,6,0.475433
537,7,0.506369
537,8,0.426354
537,9,0.405085
537,10,0.411744
537,11,0.532282
537,12,0.525622
537,13,0.426354
537,14,0.405085
537,15,0.411744
538,1,0.422172
538,2,0.405085
538,3,0.464451
538,4,0.547988
538,5,0.435590
538,6,0.506369
538,7,0.457129
538,8,0.360901
538,9,0.574110
538,10,0.426354
538,11,0.405085
538,12,0.506369
538,13,0.525622
538,14,0.426354
538,15,0.472070
539,1,0.496160
539,2,0.574110
539,3,0.470776
539,4,0.435590
539,5,0.500261
539,6,0.506369
539,7,0.426354
539,8,0.411744
539,9,0.422172
539,10,0.506369
539,11,0.525622
539,12,0.525622
539,13,0.533703
539,14,0.523915
539,15,0.523915
540,1,0.435590
540,2,0.411744
540,3,0.523915
540,4,0.435590
540,5,0.411744
540,6,0.435590
540,7,0.506369
540,8,0.426354
540,9,0.411744
540,10,0.523915
540,11,0.523915
540,12,0.523915
540,13,0.435590
540,14,0.466824
540,15,0.411744
541,1,0.523915
541,2,0.435590
541,3,0.405085
541,4,0.506369
541,5,0.533703
541,6,0.532282
541,7,0.525622
541,8,0.533703
541,9,0.435590
541,10,0.405085
541,11,0.411744
541,12,0.532282
541,13,0.533703
541,14,0.523915
541,15,0.435590
542,1,0.506369
542,2,0.533703
542,3,0.435590
542,4,0.506369
542,5,0.426354
542,6,0.506369
542,7,0.434589
542,8,0.506369
542,9,0.525622
542,10,0.533703
542,11,0.532282
542,12,0.525622
542,13,0.525622
542,14,0.533703
542,15,0.435590
543,1,0.506369
543,2,0.426354
543,3,0.405085
543,4,0.405085
543,5,0.411744
543,6,0.532282
543,7,0.525622
543,8,0.488479
543,9,0.574110
543,10,0.525622
543,11,0.525622
543,12,0.525622
543,13,0.488893
543,14,0.532282
543,15,0.426354
544,1,0.411744
544,2,0.435590
544,3,0.506369
544,4,0.525622
544,5,0.533703
544,6,0.523915
544,7,0.435590
544,8,0.506369
544,9,0.525622
544,10,0.533703
544,11,0.508441
544,12,0.532282
544,13,0.426354
544,14,0.483527
544,15,0.411744
545,1,0.435590
545,2,0.405085
545,3,0.506369
545,4,0.487535
545,5,0.514032
545,6,0.547988
545,7,0.435590
545,8,0.411744
545,9,0.435590
545,10,0.411744
545,11,0.464581
545,12,0.506369
545,13,0.533703
545,14,0.435590
545,15,0.411744
546,1,0.532282
546,2,0.426354
546,3,0.430537
546,4,0.532282
546,5,0.533703
546,6,0.435590
546,7,0.492478
546,8,0.547988
546,9,0.520813
546,10,0.574110
546,11,0.503295
546,12,0.547988
546,13,0.523915
546,14,0.532282
546,15,0.533703
547,1,0.523915
547,2,0.523915
547,3,0.435590
547,4,0.506369
547,5,0.426354
547,6,0.411744
547,7,0.436940
547,8,0.574110
547,9,0.533703
547,10,0.532282
547,11,0.525622
547,12,0.533703
547,13,0.523915
547,14,0.499956
547,15,0.574110
548,1,0.495783
548,2,0.434589
548,3,0.506369
548,4,0.525622
548,5,0.489005
548,6,0.547988
548,7,0.435590
548,8,0.506369
548,9,0.521767
548,10,0.434589
548,11,0.405085
548,12,0.411744
548,13,0.532282
548,14,0.533703
548,15,0.523915
549,1,0.435590
549,2,0.506369
549,3,0.498291
549,4,0.434589
549,5,0.411744
549,6,0.523915
549,7,0.532282
549,8,0.533703
549,9,0.523915
549,10,0.532282
549,11,0.426354
549,12,0.411744
549,13,0.523915
549,14,0.532282
549,15,0.525622
550,1,0.525622
550,2,0.426354
550,3,0.411744
550,4,0.435590
550,5,0.411744
550,6,0.422172
550,7,0.411744
550,8,0.532282
550,9,0.533703
550,10,0.435590
550,11,0.452355
550,12,0.422172
550,13,0.506369
550,14,0.533703
550,15,0.523915
551,1,0.523915
551,2,0.435590
551,3,0.521767
551,4,0.405085
551,5,0.405085
551,6,0.405085
551,7,0.405085
551,8,0.506369
551,9,0.426354
551,10,0.405085
551,11,0.406025
551,12,0.435590
551,13,0.405085
551,14,0.405085
551,15,0.506369
552,1,0.533703
552,2,0.532282
552,3,0.426354
552,4,0.472070
552,5,0.574110
552,6,0.533703
552,7,0.523915
552,8,0.532282
552,9,0.426354
552,10,0.405085
552,11,0.405085
552,12,0.405085
552,13,0.488714
552,14,0.574110
552,15,0.533703
553,1,0.532282
553,2,0.426354
553,3,0.506369
553,4,0.525622
553,5,0.533703
553,6,0.523915
553,7,0.532282
553,8,0.533703
553,9,0.435590
553,10,0.472070
553,11,0.574110
553,12,0.533703
553,13,0.523915
553,14,0.532282
553,15,0.426354
554,1,0.534946
554,2,0.574110
554,3,0.533703
554,4,0.532282
554,5,0.426354
554,6,0.506369
554,7,0.533703
554,8,0.523915
554,9,0.523915
554,10,0.532282
554,11,0.426354
554,12,0.411744
554,13,0.478549
554,14,0.574110
554,15,0.533703
555,1,0.467264
555,2,0.411744
555,3,0.523915
555,4,0.510334
555,5,0.559329
555,6,0.523915
555,7,0.217795
555,8,0.506369
555,9,0.426354
555,10,0.411744
555,11,0.426345
555,12,0.426354
555,13,0.506369
555,14,0.426354
555,15,0.506369
556,1,0.533703
556,2,0.520477
556,3,0.547988
556,4,0.523915
556,5,0.435590
556,6,0.405085
556,7,0.506369
556,8,0.533703
556,9,0.435590
556,10,0.411744
556,11,0.426345
556,12,0.426354
556,13,0.411744
556,14,0.426345
556,15,0.426354
557,1,0.411744
557,2,0.521767
557,3,0.434589
557,4,0.471671
557,5,0.574110
557,6,0.533703
557,7,0.532282
557,8,0.426354
557,9,0.405085
557,10,0.405085
557,11,0.506369
557,12,0.525622
557,13,0.426354
557,14,0.461163
557,15,0.506369
558,1,0.533703
558,2,0.435590
558,3,0.405085
558,4,0.411744
558,5,0.435590
558,6,0.506369
558,7,0.426354
558,8,0.405085
558,9,0.431107
558,10,0.443143
558,11,0.506369
558,12,0.426354
558,13,0.405085
558,14,0.443143
558,15,0.405085
559,1,0.405085
559,2,0.411744
559,3,0.422172
559,4,0.506369
559,5,0.426354
559,6,0.411744
559,7,0.435590
559,8,0.506369
559,9,0.525622
559,10,0.525622
559,11,0.525622
559,12,0.426354
559,13,0.506369
559,14,0.426354
559,15,0.506369
560,1,0.426354
560,2,0.501076
560,3,0.525622
560,4,0.525622
560,5,0.426354
560,6,0.411744
560,7,0.523915
560,8,0.522483
560,9,0.523915
560,10,0.435590
560,11,0.405085
560,12,0.405085
560,13,0.457129
560,14,0.547988
560,15,0.523915
561,1,0.523915
561,2,0.523915
561,3,0.532282
561,4,0.426354
561,5,0.506369
561,6,0.426354
561,7,0.405085
561,8,0.411744
561,9,0.532282
561,10,0.533703
561,11,0.523915
561,12,0.523915
561,13,0.435590
561,14,0.432268
561,15,0.411744
562,1,0.435590
562,2,0.405085
562,3,0.405085
562,4,0.405085
562,5,0.449266
562,6,0.411744
562,7,0.523915
562,8,0.532282
562,9,0.533703
562,10,0.532282
562,11,0.525622
562,12,0.533703
562,13,0.523915
562,14,0.523915
562,15,0.523915
563,1,0.523915
563,2,0.435590
563,3,0.411744
563,4,0.532282
563,5,0.533703
563,6,0.523915
563,7,0.523915
563,8,0.547988
563,9,0.547988
563,10,0.532282
563,11,0.426354
563,12,0.411744
563,13,0.523915
563,14,0.523915
563,15,0.435590
564,1,0.405085
564,2,0.411744
564,3,0.523915
564,4,0.523915
564,5,0.532282
564,6,0.426354
564,7,0.411744
564,8,0.426345
564,9,0.426354
564,10,0.506369
564,11,0.525622
564,12,0.514624
564,13,0.532282
564,14,0.457129
564,15,0.547988
565,1,0.492966
565,2,0.524527
565,3,0.574110
565,4,0.533703
565,5,0.532282
565,6,0.426354
565,7,0.411744
565,8,0.426345
565,9,0.525622
565,10,0.426354
565,11,0.465831
565,12,0.532282
565,13,0.525622
565,14,0.533703
565,15,0.435590
566,1,0.405085
566,2,0.405085
566,3,0.411744
566,4,0.532282
566,5,0.533703
566,6,0.435590
566,7,0.411744
566,8,0.435590
566,9,0.411744
566,10,0.532282
566,11,0.525622
566,12,0.426354
566,13,0.405085
566,14,0.406025
566,15,0.523915
567,1,0.435590
567,2,0.405085
567,3,0.443143
567,4,0.506369
567,5,0.525622
567,6,0.426354
567,7,0.478695
567,8,0.481487
567,9,0.435590
567,10,0.411744
567,11,0.524811
567,12,0.434589
567,13,0.411744
567,14,0.435590
567,15,0.506369
568,1,0.533703
568,2,0.523915
568,3,0.435590
568,4,0.405085
568,5,0.443143
568,6,0.405085
568,7,0.506369
568,8,0.533703
568,9,0.523915
568,10,0.532282
568,11,0.533703
568,12,0.435590
568,13,0.405085
568,14,0.405085
568,15,0.506369
569,1,0.533703
569,2,0.532282
569,3,0.426354
569,4,0.411744
569,5,0.523915
569,6,0.532282
569,7,0.471671
569,8,0.479866
569,9,0.435590
569,10,0.471671
569,11,0.411744
569,12,0.484041
569,13,0.435590
569,14,0.405085
569,15,0.411744
570,1,0.422172
570,2,0.405085
570,3,0.411744
570,4,0.435590
570,5,0.405085
570,6,0.506369
570,7,0.426354
570,8,0.411744
570,9,0.435590
570,10,0.405085
570,11,0.380913
570,12,0.506369
570,13,0.530605
570,14,0.434589
570,15,0.411744
571,1,0.469856
571,2,0.405085
571,3,0.405085
571,4,0.479866
571,5,0.434848
571,6,0.435590
571,7,0.506369
571,8,0.533703
571,9,0.523915
571,10,0.532282
571,11,0.426354
571,12,0.405085
571,13,0.411744
571,14,0.515104
571,15,0.523915
572,1,0.532282
572,2,0.533703
572,3,0.435590
572,4,0.428541
572,5,0.532282
572,6,0.533703
572,7,0.435590
572,8,0.411744
572,9,0.523915
572,10,0.523915
572,11,0.532282
572,12,0.426354
572,13,0.405085
572,14,0.405085
572,15,0.411744
573,1,0.532282
573,2,0.488714
573,3,0.434589
573,4,0.405085
573,5,0.405085
573,6,0.405085
573,7,0.506369
573,8,0.426354
573,9,0.506369
573,10,0.533703
573,11,0.435590
573,12,0.411744
573,13,0.422172
573,14,0.405085
573,15,0.506369
574,1,0.533703
574,2,0.523915
574,3,0.532282
574,4,0.426354
574,5,0.506369
574,6,0.533703
574,7,0.523915
574,8,0.532282
574,9,0.473956
574,10,0.434589
574,11,0.466752
574,12,0.532282
574,13,0.426354
574,14,0.506369
574,15,0.426354
575,1,0.411744
575,2,0.532282
575,3,0.533703
575,4,0.523915
575,5,0.434589
575,6,0.485880
575,7,0.574110
575,8,0.426354
575,9,0.506369
575,10,0.426354
575,11,0.506369
575,12,0.426354
575,13,0.411744
575,14,0.532282
575,15,0.426354
576,1,0.405085
576,2,0.405085
576,3,0.506369
576,4,0.463308
576,5,0.506369
576,6,0.525622
576,7,0.533703
576,8,0.435590
576,9,0.411744
576,10,0.435590
576,11,0.405085
576,12,0.405085
576,13,0.415796
576,14,0.525622
576,15,0.438229
577,1,0.434589
577,2,0.411744
577,3,0.435590
577,4,0.428541
577,5,0.532282
577,6,0.525622
577,7,0.533703
577,8,0.532282
577,9,0.426354
577,10,0.506369
577,11,0.533703
577,12,0.523915
577,13,0.532282
577,14,0.533703
577,15,0.532282
578,1,0.441741
578,2,0.411744
578,3,0.456813
578,4,0.411744
578,5,0.523915
578,6,0.523915
578,7,0.435590
578,8,0.411744
578,9,0.522483
578,10,0.523915
578,11,0.532282
578,12,0.525622
578,13,0.426354
578,14,0.405085
578,15,0.456475
579,1,0.434589
579,2,0.411744
579,3,0.523915
579,4,0.523915
579,5,0.532282
579,6,0.426354
579,7,0.405085
579,8,0.522986
579,9,0.547988
579,10,0.532282
579,11,0.426354
579,12,0.405085
579,13,0.506369
579,14,0.426354
579,15,0.411744
580,1,0.435590
580,2,0.411744
580,3,0.496179
580,4,0.434589
580,5,0.506369
580,6,0.525622
580,7,0.525622
580,8,0.533703
580,9,0.435590
580,10,0.506369
580,11,0.533703
580,12,0.523915
580,13,0.532282
580,14,0.426354
580,15,0.411744
581,1,0.532282
581,2,0.525622
581,3,0.426354
581,4,0.405085
581,5,0.411744
581,6,0.532282
581,7,0.426354
581,8,0.405085
581,9,0.415796
581,10,0.533703
581,11,0.532282
581,12,0.426354
581,13,0.506369
581,14,0.520999
581,15,0.574110
582,1,0.533703
582,2,0.523915
582,3,0.523915
582,4,0.523915
582,5,0.435590
582,6,0.506369
582,7,0.520999
582,8,0.434589
582,9,0.506369
582,10,0.533703
582,11,0.523915
582,12,0.435590
582,13,0.464166
582,14,0.574110
582,15,0.537086
583,1,0.523915
583,2,0.435590
583,3,0.405085
583,4,0.405085
583,5,0.405085
583,6,0.506369
583,7,0.426354
583,8,0.411744
583,9,0.523915
583,10,0.523915
583,11,0.523915
583,12,0.435590
583,13,0.411744
583,14,0.435590
583,15,0.506369
584,1,0.426354
584,2,0.405085
584,3,0.411744
584,4,0.523915
584,5,0.435590
584,6,0.506369
584,7,0.525622
584,8,0.525622
584,9,0.426354
584,10,0.411744
584,11,0.532282
584,12,0.520999
584,13,0.547988
584,14,0.523915
584,15,0.459644
585,1,0.506369
585,2,0.525622
585,3,0.426354
585,4,0.506369
585,5,0.426354
585,6,0.411744
585,7,0.426345
585,8,0.426354
585,9,0.405085
585,10,0.415796
585,11,0.525622
585,12,0.525622
585,13,0.426354
585,14,0.405085
585,15,0.405085
586,1,0.506369
586,2,0.533703
586,3,0.523915
586,4,0.532282
586,5,0.426354
586,6,0.411744
586,7,0.532282
586,8,0.525622
586,9,0.426354
586,10,0.506369
586,11,0.525622
586,12,0.525622
586,13,0.426354
586,14,0.492710
586,15,0.574110
587,1,0.426354
587,2,0.405085
587,3,0.506369
587,4,0.426354
587,5,0.411744
587,6,0.532282
587,7,0.426354
587,8,0.405085
587,9,0.506369
587,10,0.531838
587,11,0.574110
587,12,0.533703
587,13,0.532282
587,14,0.533703
587,15,0.532282
588,1,0.426354
588,2,0.506369
588,3,0.540846
588,4,0.435590
588,5,0.506369
588,6,0.426354
588,7,0.474816
588,8,0.434589
588,9,0.411744
588,10,0.435590
588,11,0.506369
588,12,0.533703
588,13,0.523915
588,14,0.523915
588,15,0.435590
589,1,0.506369
589,2,0.426354
589,3,0.405085
589,4,0.415796
589,5,0.533703
589,6,0.523915
589,7,0.435590
589,8,0.411744
589,9,0.422172
589,10,0.506369
589,11,0.533703
589,12,0.523915
589,13,0.435590
589,14,0.506369
589,15,0.426354
590,1,0.405085
590,2,0.506369
590,3,0.525622
590,4,0.426354
590,5,0.405085
590,6,0.405085
590,7,0.405085
590,8,0.405085
590,9,0.405085
590,10,0.506369
590,11,0.533703
590,12,0.397650
590,13,0.574110
590,14,0.533703
590,15,0.435590
591,1,0.506369
591,2,0.533703
591,3,0.532282
591,4,0.466824
591,5,0.434589
591,6,0.411744
591,7,0.523915
591,8,0.467302
591,9,0.506369
591,10,0.525622
591,11,0.533703
591,12,0.523915
591,13,0.523915
591,14,0.523915
591,15,0.435590
592,1,0.411744
592,2,0.435590
592,3,0.411744
592,4,0.472171
592,5,0.506369
592,6,0.525622
592,7,0.533703
592,8,0.523915
592,9,0.523915
592,10,0.435590
592,11,0.411744
592,12,0.422172
592,13,0.405085
592,14,0.434589
592,15,0.506369
593,1,0.525622
593,2,0.500261
593,3,0.547988
593,4,0.523915
593,5,0.532282
593,6,0.525622
593,7,0.426354
593,8,0.506369
593,9,0.533703
593,10,0.532282
593,11,0.426354
593,12,0.405085
593,13,0.405085
593,14,0.405085
593,15,0.405085
594,1,0.405085
594,2,0.405085
594,3,0.506369
594,4,0.525622
594,5,0.525622
594,6,0.525622
594,7,0.525622
594,8,0.533703
594,9,0.435590
594,10,0.506369
594,11,0.525622
594,12,0.525622
594,13,0.533703
594,14,0.435590
594,15,0.506369
595,1,0.533703
595,2,0.523915
595,3,0.523915
595,4,0.523915
595,5,0.435590
595,6,0.471366
595,7,0.405085
595,8,0.472419
595,9,0.405085
595,10,0.396328
595,11,0.426345
595,12,0.426354
595,13,0.411744
595,14,0.434848
595,15,0.435590
596,1,0.405085
596,2,0.405085
596,3,0.405085
596,4,0.506369
596,5,0.525622
596,6,0.533703
596,7,0.532282
596,8,0.426354
596,9,0.411744
596,10,0.422172
596,11,0.506369
596,12,0.533703
596,13,0.435590
596,14,0.411744
596,15,0.515104
597,1,0.523915
597,2,0.435590
597,3,0.506369
597,4,0.426354
597,5,0.443065
597,6,0.574110
597,7,0.533703
597,8,0.532282
597,9,0.488714
597,10,0.547988
597,11,0.532282
597,12,0.426354
597,13,0.405085
597,14,0.506369
597,15,0.525622
598,1,0.525622
598,2,0.533703
598,3,0.481535
598,4,0.411744
598,5,0.435590
598,6,0.527474
598,7,0.500261
598,8,0.574110
598,9,0.533703
598,10,0.532282
598,11,0.533703
598,12,0.523915
598,13,0.523915
598,14,0.523915
598,15,0.532282
599,1,0.426354
599,2,0.411744
599,3,0.505515
599,4,0.434589
599,5,0.405085
599,6,0.506369
599,7,0.426354
599,8,0.506369
599,9,0.426354
599,10,0.506369
599,11,0.525622
599,12,0.533703
599,13,0.523915
599,14,0.523915
599,15,0.435590
600,1,0.405085
600,2,0.411744
600,3,0.532282
600,4,0.426354
600,5,0.506369
600,6,0.439357
600,7,0.506369
600,8,0.533703
600,9,0.435590
600,10,0.506369
600,11,0.533703
600,12,0.523915
600,13,0.435590
600,14,0.405085
600,15,0.406025
601,1,0.523915
601,2,0.523915
601,3,0.523915
601,4,0.523915
601,5,0.435590
601,6,0.411744
601,7,0.523915
601,8,0.553196
601,9,0.547988
601,10,0.532282
601,11,0.525622
601,12,0.533703
601,13,0.523915
601,14,0.523915
601,15,0.492966
602,1,0.574110
602,2,0.464451
602,3,0.525622
602,4,0.525622
602,5,0.533703
602,6,0.435590
602,7,0.405085
602,8,0.492966
602,9,0.434589
602,10,0.405085
602,11,0.415796
602,12,0.525622
602,13,0.426354
602,14,0.506369
602,15,0.466824
603,1,0.434589
603,2,0.481027
603,3,0.422172
603,4,0.506369
603,5,0.525622
603,6,0.533703
603,7,0.435590
603,8,0.411744
603,9,0.435590
603,10,0.506369
603,11,0.426354
603,12,0.506369
603,13,0.525622
603,14,0.533703
603,15,0.435590
604,1,0.506369
604,2,0.426354
604,3,0.411744
604,4,0.532282
604,5,0.525622
604,6,0.426354
604,7,0.405085
604,8,0.411744
604,9,0.435590
604,10,0.405085
604,11,0.506369
604,12,0.533703
604,13,0.435590
604,14,0.506369
604,15,0.426354
605,1,0.411744
605,2,0.532282
605,3,0.445859
605,4,0.547988
605,5,0.435590
605,6,0.405085
605,7,0.411744
605,8,0.464966
605,9,0.525622
605,10,0.533703
605,11,0.435590
605,12,0.485092
605,13,0.426345
605,14,0.533703
605,15,0.435590
606,1,0.405085
606,2,0.411744
606,3,0.523915
606,4,0.456813
606,5,0.405085
606,6,0.405085
606,7,0.506369
606,8,0.533703
606,9,0.532282
606,10,0.525622
606,11,0.533703
606,12,0.435590
606,13,0.411744
606,14,0.426345
606,15,0.533703
607,1,0.435590
607,2,0.506369
607,3,0.525622
607,4,0.533703
607,5,0.523915
607,6,0.532282
607,7,0.426354
607,8,0.506369
607,9,0.525622
607,10,0.525622
607,11,0.525622
607,12,0.525622
607,13,0.525622
607,14,0.533703
607,15,0.532282
608,1,0.525622
608,2,0.525622
608,3,0.475782
608,4,0.523915
608,5,0.435590
608,6,0.411744
608,7,0.426345
608,8,0.525622
608,9,0.525622
608,10,0.533703
608,11,0.532282
608,12,0.426354
608,13,0.506369
608,14,0.533703
608,15,0.435590
609,1,0.405085
609,2,0.405085
609,3,0.506369
609,4,0.525622
609,5,0.533703
609,6,0.523915
609,7,0.532282
609,8,0.426354
609,9,0.411744
609,10,0.435590
609,11,0.411744
609,12,0.532282
609,13,0.517551
609,14,0.435590
609,15,0.506369
610,1,0.533703
610,2,0.435590
610,3,0.506369
610,4,0.533703
610,5,0.523915
610,6,0.532282
610,7,0.533703
610,8,0.435590
610,9,0.411744
610,10,0.435590
610,11,0.464166
610,12,0.525622
610,13,0.533703
610,14,0.435590
610,15,0.472070
611,1,0.574110
611,2,0.533703
611,3,0.532282
611,4,0.426354
611,5,0.405085
611,6,0.405085
611,7,0.506369
611,8,0.533703
611,9,0.532282
611,10,0.525622
611,11,0.525622
611,12,0.426354
611,13,0.492710
611,14,0.434589
611,15,0.506369
612,1,0.533703
612,2,0.435590
612,3,0.506369
612,4,0.525622
612,5,0.525622
612,6,0.525622
612,7,0.426354
612,8,0.405085
612,9,0.405085
612,10,0.411744
612,11,0.523915
612,12,0.435590
612,13,0.506369
612,14,0.533703
612,15,0.523915
613,1,0.523915
613,2,0.532282
613,3,0.426354
613,4,0.464451
613,5,0.411744
613,6,0.532282
613,7,0.525622
613,8,0.525622
613,9,0.533703
613,10,0.532282
613,11,0.525622
613,12,0.426354
613,13,0.506369
613,14,0.525622
613,15,0.525622
614,1,0.533703
614,2,0.435590
614,3,0.411744
614,4,0.435590
614,5,0.506369
614,6,0.426354
614,7,0.411744
614,8,0.422172
614,9,0.411744
614,10,0.532282
614,11,0.525622
614,12,0.533703
614,13,0.532282
614,14,0.426354
614,15,0.506369
615,1,0.533703
615,2,0.435590
615,3,0.411744
615,4,0.532282
615,5,0.533703
615,6,0.521623
615,7,0.523915
615,8,0.532282
615,9,0.533703
615,10,0.479353
615,11,0.574110
615,12,0.525622
615,13,0.533703
615,14,0.532282
615,15,0.525622
616,1,0.426354
616,2,0.506369
616,3,0.426354
616,4,0.405085
616,5,0.411744
616,6,0.523915
616,7,0.523915
616,8,0.532282
616,9,0.426354
616,10,0.411744
616,11,0.523915
616,12,0.523915
616,13,0.523915
616,14,0.523915
616,15,0.435590
617,1,0.506369
617,2,0.426354
617,3,0.411744
617,4,0.523915
617,5,0.532282
617,6,0.426354
617,7,0.411744
617,8,0.435590
617,9,0.506369
617,10,0.426354
617,11,0.405085
617,12,0.406025
617,13,0.435590
617,14,0.411744
617,15,0.532282
618,1,0.525622
618,2,0.426354
618,3,0.405085
618,4,0.415796
618,5,0.426354
618,6,0.405085
618,7,0.506369
618,8,0.525622
618,9,0.426354
618,10,0.405085
618,11,0.506369
618,12,0.533703
618,13,0.523915
618,14,0.535952
618,15,0.435590
619,1,0.411744
619,2,0.523915
619,3,0.532282
619,4,0.533703
619,5,0.435590
619,6,0.411744
619,7,0.532282
619,8,0.525622
619,9,0.426354
619,10,0.411744
619,11,0.532282
619,12,0.426354
619,13,0.405085
619,14,0.411744
619,15,0.523915
620,1,0.520477
620,2,0.574110
620,3,0.533703
620,4,0.532282
620,5,0.525622
620,6,0.525622
620,7,0.397650
620,8,0.574110
620,9,0.525622
620,10,0.426354
620,11,0.411744
620,12,0.532282
620,13,0.426354
620,14,0.506369
620,15,0.533703
621,1,0.473956
621,2,0.434589
621,3,0.411744
621,4,0.434848
621,5,0.523915
621,6,0.435590
621,7,0.506369
621,8,0.533703
621,9,0.523915
621,10,0.435590
621,11,0.405085
621,12,0.415796
621,13,0.525622
621,14,0.426354
621,15,0.405085
622,1,0.405085
622,2,0.405085
622,3,0.493478
622,4,0.434589
622,5,0.411744
622,6,0.523915
622,7,0.523915
622,8,0.523915
622,9,0.532282
622,10,0.533703
622,11,0.523915
622,12,0.532282
622,13,0.525622
622,14,0.533703
622,15,0.523915
623,1,0.523915
623,2,0.532282
623,3,0.478695
623,4,0.574110
623,5,0.486394
623,6,0.434589
623,7,0.411744
623,8,0.486446
623,9,0.507121
623,10,0.547988
623,11,0.492966
623,12,0.574110
623,13,0.426354
623,14,0.405085
623,15,0.406025
624,1,0.532282
624,2,0.426354
624,3,0.411744
624,4,0.532282
624,5,0.533703
624,6,0.532282
624,7,0.525622
624,8,0.457308
624,9,0.523915
624,10,0.523915
624,11,0.566955
624,12,0.434589
624,13,0.411744
624,14,0.435590
624,15,0.405085
625,1,0.405085
625,2,0.411744
625,3,0.532282
625,4,0.426354
625,5,0.506369
625,6,0.426354
625,7,0.506369
625,8,0.464451
625,9,0.434589
625,10,0.411744
625,11,0.534946
625,12,0.499127
625,13,0.547988
625,14,0.435590
625,15,0.411744
626,1,0.523915
626,2,0.509730
626,3,0.435590
626,4,0.405085
626,5,0.415796
626,6,0.525622
626,7,0.533703
626,8,0.534058
626,9,0.547988
626,10,0.532282
626,11,0.525622
626,12,0.479353
626,13,0.434589
626,14,0.405085
626,15,0.405085
627,1,0.405085
627,2,0.506369
627,3,0.525622
627,4,0.525622
627,5,0.426354
627,6,0.506369
627,7,0.525622
627,8,0.426354
627,9,0.411744
627,10,0.434848
627,11,0.435590
627,12,0.405085
627,13,0.456919
627,14,0.406025
627,15,0.434848
628,1,0.523915
628,2,0.435590
628,3,0.411744
628,4,0.435590
628,5,0.506369
628,6,0.525622
628,7,0.474816
628,8,0.434589
628,9,0.411744
628,10,0.523915
628,11,0.435590
628,12,0.411744
628,13,0.426345
628,14,0.525622
628,15,0.525622
629,1,0.525622
629,2,0.533703
629,3,0.532282
629,4,0.533703
629,5,0.463993
629,6,0.547988
629,7,0.491622
629,8,0.547988
629,9,0.464585
629,10,0.506369
629,11,0.533703
629,12,0.523915
629,13,0.435590
629,14,0.411744
629,15,0.435590
630,1,0.506369
630,2,0.426354
630,3,0.496877
630,4,0.434589
630,5,0.411744
630,6,0.397650
630,7,0.434589
630,8,0.411744
630,9,0.523915
630,10,0.523915
630,11,0.460637
630,12,0.434589
630,13,0.457410
630,14,0.443143
630,15,0.506369
631,1,0.533703
631,2,0.473335
631,3,0.435590
631,4,0.506369
631,5,0.533703
631,6,0.523915
631,7,0.535827
631,8,0.426354
631,9,0.405085
631,10,0.405085
631,11,0.506369
631,12,0.426354
631,13,0.405085
631,14,0.411744
631,15,0.435590
632,1,0.411744
632,2,0.532282
632,3,0.525622
632,4,0.525622
632,5,0.533703
632,6,0.435590
632,7,0.506369
632,8,0.426354
632,9,0.434589
632,10,0.405085
632,11,0.411744
632,12,0.523915
632,13,0.532282
632,14,0.533703
632,15,0.532282
633,1,0.426354
633,2,0.446645
633,3,0.415796
633,4,0.525622
633,5,0.533703
633,6,0.522663
633,7,0.547988
633,8,0.532282
633,9,0.426354
633,10,0.452010
633,11,0.426354
633,12,0.506369
633,13,0.426354
633,14,0.506369
633,15,0.525622
634,1,0.426354
634,2,0.405085
634,3,0.415796
634,4,0.525622
634,5,0.533703
634,6,0.523915
634,7,0.532282
634,8,0.525622
634,9,0.533703
634,10,0.523915
634,11,0.523915
634,12,0.435590
634,13,0.506369
634,14,0.525622
634,15,0.533703
635,1,0.435590
635,2,0.411744
635,3,0.435590
635,4,0.471671
635,5,0.434589
635,6,0.405085
635,7,0.411744
635,8,0.459015
635,9,0.411744
635,10,0.435590
635,11,0.405085
635,12,0.405085
635,13,0.506369
635,14,0.426354
635,15,0.493478
636,1,0.574110
636,2,0.525622
636,3,0.525622
636,4,0.426354
636,5,0.506369
636,6,0.426354
636,7,0.506369
636,8,0.533703
636,9,0.523915
636,10,0.435590
636,11,0.411744
636,12,0.523915
636,13,0.523915
636,14,0.435590
636,15,0.411744
637,1,0.523915
637,2,0.523915
637,3,0.435590
637,4,0.405085
637,5,0.411744
637,6,0.523915
637,7,0.523915
637,8,0.523915
637,9,0.532282
637,10,0.525622
637,11,0.426354
637,12,0.405085
637,13,0.405085
637,14,0.405085
637,15,0.405085
638,1,0.411744
638,2,0.553196
638,3,0.574110
638,4,0.525622
638,5,0.525622
638,6,0.426354
638,7,0.488714
638,8,0.506369
638,9,0.533703
638,10,0.523915
638,11,0.523915
638,12,0.523915
638,13,0.523915
638,14,0.435590
638,15,0.506369
639,1,0.426354
639,2,0.411744
639,3,0.435590
639,4,0.411744
639,5,0.532282
639,6,0.504507
639,7,0.574110
639,8,0.533703
639,9,0.435590
639,10,0.411744
639,11,0.532282
639,12,0.426354
639,13,0.405085
639,14,0.411744
639,15,0.523915
640,1,0.532282
640,2,0.426354
640,3,0.411744
640,4,0.435590
640,5,0.411744
640,6,0.532282
640,7,0.525622
640,8,0.525622
640,9,0.426354
640,10,0.405085
640,11,0.506369
640,12,0.525622
640,13,0.426354
640,14,0.411744
640,15,0.523915
641,1,0.435590
641,2,0.506369
641,3,0.525622
641,4,0.525622
641,5,0.533703
641,6,0.435590
641,7,0.405085
641,8,0.521767
641,9,0.434589
641,10,0.520477
641,11,0.411744
641,12,0.523915
641,13,0.532282
641,14,0.533703
641,15,0.532282
642,1,0.456706
642,2,0.411744
642,3,0.532282
642,4,0.533703
642,5,0.523915
642,6,0.532282
642,7,0.525622
642,8,0.426354
642,9,0.411744
642,10,0.426345
642,11,0.533703
642,12,0.532282
642,13,0.525622
642,14,0.525622
642,15,0.533703
643,1,0.532282
643,2,0.533703
643,3,0.532282
643,4,0.426354
643,5,0.405085
643,6,0.443143
643,7,0.405085
643,8,0.489181
643,9,0.574110
643,10,0.525622
643,11,0.533703
643,12,0.435590
643,13,0.506369
643,14,0.525622
643,15,0.533703
644,1,0.532282
644,2,0.426354
644,3,0.506369
644,4,0.533703
644,5,0.435590
644,6,0.411744
644,7,0.435590
644,8,0.506369
644,9,0.525622
644,10,0.533703
644,11,0.531294
644,12,0.547988
644,13,0.523915
644,14,0.523915
644,15,0.523915
645,1,0.435590
645,2,0.428541
645,3,0.465197
645,4,0.435590
645,5,0.411744
645,6,0.534058
645,7,0.574110
645,8,0.533703
645,9,0.435590
645,10,0.405085
645,11,0.405085
645,12,0.405085
645,13,0.405085
645,14,0.506369
645,15,0.426354
646,1,0.411744
646,2,0.435590
646,3,0.411744
646,4,0.523915
646,5,0.532282
646,6,0.426354
646,7,0.405085
646,8,0.411744
646,9,0.532282
646,10,0.426354
646,11,0.411744
646,12,0.532282
646,13,0.533703
646,14,0.523915
646,15,0.435590
647,1,0.471671
647,2,0.405085
647,3,0.411744
647,4,0.532282
647,5,0.525622
647,6,0.525622
647,7,0.525622
647,8,0.426354
647,9,0.506369
647,10,0.426354
647,11,0.405085
647,12,0.506369
647,13,0.512167
647,14,0.574110
647,15,0.533703
648,1,0.523915
648,2,0.522483
648,3,0.532282
648,4,0.525622
648,5,0.465417
648,6,0.405085
648,7,0.411744
648,8,0.523915
648,9,0.532282
648,10,0.525622
648,11,0.533703
648,12,0.523915
648,13,0.435590
648,14,0.411744
648,15,0.435590
649,1,0.446717
649,2,0.574110
649,3,0.525622
649,4,0.475183
649,5,0.434589
649,6,0.506369
649,7,0.525622
649,8,0.533703
649,9,0.532282
649,10,0.426354
649,11,0.411744
649,12,0.426345
649,13,0.426354
649,14,0.411744
649,15,0.523915
650,1,0.514032
650,2,0.525622
650,3,0.525622
650,4,0.456706
650,5,0.405085
650,6,0.405085
650,7,0.405085
650,8,0.506369
650,9,0.533703
650,10,0.523915
650,11,0.523915
650,12,0.435590
650,13,0.506369
650,14,0.531294
650,15,0.547988
651,1,0.532282
651,2,0.525622
651,3,0.525622
651,4,0.525622
651,5,0.525622
651,6,0.525622
651,7,0.533703
651,8,0.435590
651,9,0.506369
651,10,0.525622
651,11,0.521767
651,12,0.434589
651,13,0.411744
651,14,0.435590
651,15,0.411744
652,1,0.532282
652,2,0.533703
652,3,0.523915
652,4,0.435590
652,5,0.405085
652,6,0.467807
652,7,0.411744
652,8,0.511102
652,9,0.547988
652,10,0.532282
652,11,0.525622
652,12,0.426354
652,13,0.405085
652,14,0.411744
652,15,0.532282
653,1,0.533703
653,2,0.523915
653,3,0.435590
653,4,0.506369
653,5,0.525622
653,6,0.525622
653,7,0.533703
653,8,0.532282
653,9,0.426354
653,10,0.506369
653,11,0.525622
653,12,0.533703
653,13,0.523915
653,14,0.523915
653,15,0.509730
654,1,0.523915
654,2,0.435590
654,3,0.506369
654,4,0.426354
654,5,0.506369
654,6,0.525622
654,7,0.533703
654,8,0.523915
654,9,0.435590
654,10,0.506369
654,11,0.525622
654,12,0.426354
654,13,0.411744
654,14,0.435590
654,15,0.506369
655,1,0.426354
655,2,0.506369
655,3,0.426354
655,4,0.506369
655,5,0.525622
655,6,0.533703
655,7,0.523915
655,8,0.435590
655,9,0.411744
655,10,0.523915
655,11,0.532282
655,12,0.525622
655,13,0.476884
655,14,0.574110
655,15,0.426354
656,1,0.405085
656,2,0.405085
656,3,0.411744
656,4,0.435590
656,5,0.411744
656,6,0.434848
656,7,0.435590
656,8,0.411744
656,9,0.426345
656,10,0.533703
656,11,0.435590
656,12,0.411744
656,13,0.532282
656,14,0.486746
656,15,0.547988
657,1,0.532282
657,2,0.533703
657,3,0.435590
657,4,0.411744
657,5,0.435590
657,6,0.405085
657,7,0.405085
657,8,0.405085
657,9,0.506369
657,10,0.533703
657,11,0.532282
657,12,0.426354
657,13,0.506369
657,14,0.533703
657,15,0.532282
658,1,0.426354
658,2,0.534946
658,3,0.574110
658,4,0.533703
658,5,0.435590
658,6,0.405085
658,7,0.446645
658,8,0.405085
658,9,0.487234
658,10,0.426345
658,11,0.426354
658,12,0.411744
658,13,0.523915
658,14,0.532282
658,15,0.487535
659,1,0.435590
659,2,0.574110
659,3,0.514624
659,4,0.465932
659,5,0.435590
659,6,0.540239
659,7,0.426354
659,8,0.405085
659,9,0.411744
659,10,0.523915
659,11,0.435590
659,12,0.506369
659,13,0.525622
659,14,0.426354
659,15,0.497424
660,1,0.574110
660,2,0.426354
660,3,0.405085
660,4,0.411744
660,5,0.523915
660,6,0.532282
660,7,0.525622
660,8,0.426354
660,9,0.411744
660,10,0.434848
660,11,0.435590
660,12,0.411744
660,13,0.435590
660,14,0.411744
660,15,0.426345
661,1,0.525622
661,2,0.533703
661,3,0.523915
661,4,0.532282
661,5,0.533703
661,6,0.446717
661,7,0.574110
661,8,0.523507
661,9,0.547988
661,10,0.435590
661,11,0.411744
661,12,0.532282
661,13,0.533703
661,14,0.435590
661,15,0.411744
662,1,0.523915
662,2,0.435590
662,3,0.488714
662,4,0.535561
662,5,0.434589
662,6,0.405085
662,7,0.443143
662,8,0.411744
662,9,0.523915
662,10,0.532282
662,11,0.533703
662,12,0.523915
662,13,0.523915
662,14,0.435590
662,15,0.506369
663,1,0.426354
663,2,0.411744
663,3,0.435590
663,4,0.397650
663,5,0.434589
663,6,0.411744
663,7,0.523915
663,8,0.435590
663,9,0.405085
663,10,0.411744
663,11,0.426345
663,12,0.426354
663,13,0.411744
663,14,0.435590
663,15,0.506369
664,1,0.525622
664,2,0.574110
664,3,0.547988
664,4,0.523915
664,5,0.532282
664,6,0.533703
664,7,0.523915
664,8,0.523915
664,9,0.435590
664,10,0.405085
664,11,0.411744
664,12,0.523915
664,13,0.435590
664,14,0.405085
664,15,0.406025
665,1,0.532282
665,2,0.533703
665,3,0.523915
665,4,0.481535
665,5,0.405085
665,6,0.405085
665,7,0.405085
665,8,0.405085
665,9,0.405085
665,10,0.506369
665,11,0.525622
665,12,0.525622
665,13,0.525622
665,14,0.533703
665,15,0.523915
666,1,0.532282
666,2,0.426354
666,3,0.411744
666,4,0.523915
666,5,0.532282
666,6,0.426354
666,7,0.405085
666,8,0.415796
666,9,0.533703
666,10,0.532282
666,11,0.533703
666,12,0.435590
666,13,0.466824
666,14,0.411744
666,15,0.435590
667,1,0.405085
667,2,0.411744
667,3,0.532282
667,4,0.426354
667,5,0.443065
667,6,0.574110
667,7,0.525622
667,8,0.426354
667,9,0.405085
667,10,0.411744
667,11,0.523915
667,12,0.532282
667,13,0.426354
667,14,0.411744
667,15,0.519457
668,1,0.434589
668,2,0.506369
668,3,0.426354
668,4,0.411744
668,5,0.435590
668,6,0.411744
668,7,0.435590
668,8,0.411744
668,9,0.532282
668,10,0.426354
668,11,0.405085
668,12,0.443143
668,13,0.506369
668,14,0.533703
668,15,0.523915
669,1,0.532282
669,2,0.533703
669,3,0.523915
669,4,0.473335
669,5,0.523915
669,6,0.435590
669,7,0.506369
669,8,0.533703
669,9,0.523915
669,10,0.435590
669,11,0.460637
669,12,0.547988
669,13,0.555709
669,14,0.434589
669,15,0.487061
670,1,0.532282
670,2,0.533703
670,3,0.435590
670,4,0.405085
670,5,0.443143
670,6,0.443143
670,7,0.405085
670,8,0.506369
670,9,0.533703
670,10,0.435590
670,11,0.411744
670,12,0.422172
670,13,0.506369
670,14,0.525622
670,15,0.426354
671,1,0.405085
671,2,0.506369
671,3,0.426354
671,4,0.506369
671,5,0.426354
671,6,0.506369
671,7,0.525622
671,8,0.426354
671,9,0.506369
671,10,0.533703
671,11,0.485880
671,12,0.547988
671,13,0.531624
671,14,0.434589
671,15,0.405085
672,1,0.506369
672,2,0.533703
672,3,0.532282
672,4,0.489181
672,5,0.434589
672,6,0.405085
672,7,0.411744
672,8,0.532282
672,9,0.426354
672,10,0.405085
672,11,0.506369
672,12,0.426354
672,13,0.506369
672,14,0.426354
672,15,0.506369
673,1,0.525622
673,2,0.426354
673,3,0.405085
673,4,0.506369
673,5,0.426354
673,6,0.506369
673,7,0.495545
673,8,0.574110
673,9,0.525622
673,10,0.512167
673,11,0.574110
673,12,0.533703
673,13,0.435590
673,14,0.411744
673,15,0.435590
674,1,0.506369
674,2,0.426354
674,3,0.411744
674,4,0.435590
674,5,0.405085
674,6,0.574110
674,7,0.547988
674,8,0.523915
674,9,0.523915
674,10,0.435089
674,11,0.506369
674,12,0.533703
674,13,0.523915
674,14,0.435590
674,15,0.411744
675,1,0.435590
675,2,0.411744
675,3,0.466035
675,4,0.574110
675,5,0.533703
675,6,0.435590
675,7,0.411744
675,8,0.435590
675,9,0.405085
675,10,0.411744
675,11,0.532282
675,12,0.525622
675,13,0.525622
675,14,0.467489
675,15,0.411744
676,1,0.532282
676,2,0.533703
676,3,0.532282
676,4,0.533703
676,5,0.435590
676,6,0.411744
676,7,0.532282
676,8,0.426354
676,9,0.405085
676,10,0.452355
676,11,0.532282
676,12,0.533703
676,13,0.523915
676,14,0.532282
676,15,0.531294
677,1,0.547988
677,2,0.523915
677,3,0.523915
677,4,0.532282
677,5,0.476884
677,6,0.547988
677,7,0.532282
677,8,0.533703
677,9,0.435590
677,10,0.411744
677,11,0.532282
677,12,0.525622
677,13,0.426354
677,14,0.506369
677,15,0.525622
678,1,0.426354
678,2,0.411744
678,3,0.532282
678,4,0.533703
678,5,0.523915
678,6,0.523915
678,7,0.435590
678,8,0.411744
678,9,0.523915
678,10,0.501347
678,11,0.547988
678,12,0.532282
678,13,0.426354
678,14,0.411744
678,15,0.532282
679,1,0.426354
679,2,0.411744
679,3,0.523915
679,4,0.523915
679,5,0.435590
679,6,0.411744
679,7,0.435590
679,8,0.405085
679,9,0.506369
679,10,0.525622
679,11,0.489005
679,12,0.547988
679,13,0.532282
679,14,0.426354
679,15,0.506369
680,1,0.525622
680,2,0.525622
680,3,0.533703
680,4,0.532282
680,5,0.426354
680,6,0.411744
680,7,0.426345
680,8,0.426354
680,9,0.411744
680,10,0.435590
680,11,0.405085
680,12,0.415796
680,13,0.525622
680,14,0.492131
680,15,0.434589
681,1,0.506369
681,2,0.525622
681,3,0.533703
681,4,0.435590
681,5,0.411744
681,6,0.426345
681,7,0.525622
681,8,0.426354
681,9,0.506369
681,10,0.426354
681,11,0.411744
681,12,0.435590
681,13,0.411744
681,14,0.532282
681,15,0.426354
682,1,0.452355
682,2,0.532282
682,3,0.533703
682,4,0.523915
682,5,0.532282
682,6,0.426354
682,7,0.506369
682,8,0.426354
682,9,0.411744
682,10,0.532282
682,11,0.426354
682,12,0.506369
682,13,0.533703
682,14,0.532282
682,15,0.533703
683,1,0.523915
683,2,0.435590
683,3,0.411744
683,4,0.422172
683,5,0.471671
683,6,0.506369
683,7,0.477949
683,8,0.434589
683,9,0.506369
683,10,0.463308
683,11,0.506369
683,12,0.525622
683,13,0.426354
683,14,0.405085
683,15,0.506369
684,1,0.533703
684,2,0.435590
684,3,0.506369
684,4,0.426354
684,5,0.506369
684,6,0.533703
684,7,0.523915
684,8,0.523915
684,9,0.523915
684,10,0.435590
684,11,0.460637
684,12,0.574110
684,13,0.514624
684,14,0.532282
684,15,0.525622
685,1,0.426354
685,2,0.411744
685,3,0.532282
685,4,0.426354
685,5,0.506369
685,6,0.533703
685,7,0.435590
685,8,0.506369
685,9,0.525622
685,10,0.426354
685,11,0.506369
685,12,0.426354
685,13,0.405085
685,14,0.506369
685,15,0.533703
686,1,0.532282
686,2,0.525622
686,3,0.426354
686,4,0.506369
686,5,0.533703
686,6,0.523915
686,7,0.435590
686,8,0.405085
686,9,0.411744
686,10,0.532282
686,11,0.426354
686,12,0.405085
686,13,0.411744
686,14,0.523915
686,15,0.523915
687,1,0.523915
687,2,0.515104
687,3,0.435590
687,4,0.405085
687,5,0.406025
687,6,0.532282
687,7,0.525622
687,8,0.533703
687,9,0.523915
687,10,0.532282
687,11,0.465417
687,12,0.411744
687,13,0.532282
687,14,0.426354
687,15,0.405085
688,1,0.506369
688,2,0.426354
688,3,0.506369
688,4,0.533703
688,5,0.532282
688,6,0.456475
688,7,0.434589
688,8,0.506369
688,9,0.533703
688,10,0.523915
688,11,0.435590
688,12,0.506369
688,13,0.533703
688,14,0.435590
688,15,0.411744
689,1,0.523915
689,2,0.435590
689,3,0.405085
689,4,0.405085
689,5,0.506369
689,6,0.533703
689,7,0.532282
689,8,0.525622
689,9,0.533703
689,10,0.523915
689,11,0.523915
689,12,0.532282
689,13,0.426354
689,14,0.506369
689,15,0.525622
690,1,0.525622
690,2,0.426354
690,3,0.506369
690,4,0.426354
690,5,0.405085
690,6,0.506369
690,7,0.426354
690,8,0.429401
690,9,0.435590
690,10,0.405085
690,11,0.411744
690,12,0.523915
690,13,0.435590
690,14,0.411744
690,15,0.435590
691,1,0.479866
691,2,0.523915
691,3,0.532282
691,4,0.508753
691,5,0.574110
691,6,0.426354
691,7,0.405085
691,8,0.405085
691,9,0.405085
691,10,0.405085
691,11,0.506369
691,12,0.533703
691,13,0.532282
691,14,0.426354
691,15,0.451389
692,1,0.405085
692,2,0.405085
692,3,0.506369
692,4,0.533703
692,5,0.523915
692,6,0.523915
692,7,0.435590
692,8,0.411744
692,9,0.532282
692,10,0.533703
692,11,0.523915
692,12,0.532282
692,13,0.426354
692,14,0.411744
692,15,0.532282
693,1,0.533703
693,2,0.523915
693,3,0.532282
693,4,0.525622
693,5,0.533703
693,6,0.523915
693,7,0.532282
693,8,0.426354
693,9,0.436940
693,10,0.405085
693,11,0.506369
693,12,0.426354
693,13,0.449476
693,14,0.460877
693,15,0.411744
694,1,0.435590
694,2,0.405085
694,3,0.443143
694,4,0.411744
694,5,0.435590
694,6,0.506369
694,7,0.525622
694,8,0.492966
694,9,0.521767
694,10,0.532282
694,11,0.524886
694,12,0.532282
694,13,0.533703
694,14,0.523915
694,15,0.523915
695,1,0.523915
695,2,0.523915
695,3,0.523915
695,4,0.532282
695,5,0.426354
695,6,0.506369
695,7,0.533703
695,8,0.523915
695,9,0.435590
695,10,0.506369
695,11,0.517551
695,12,0.523915
695,13,0.523915
695,14,0.435590
695,15,0.411744
696,1,0.435590
696,2,0.506369
696,3,0.426354
696,4,0.405085
696,5,0.405085
696,6,0.405085
696,7,0.411744
696,8,0.532282
696,9,0.533703
696,10,0.532282
696,11,0.525622
696,12,0.533703
696,13,0.532282
696,14,0.426354
696,15,0.411744
697,1,0.532282
697,2,0.533703
697,3,0.532282
697,4,0.525622
697,5,0.426354
697,6,0.426046
697,7,0.525622
697,8,0.525622
697,9,0.533703
697,10,0.459015
697,11,0.411744
697,12,0.523915
697,13,0.523915
697,14,0.435590
697,15,0.506369
698,1,0.525622
698,2,0.426354
698,3,0.461163
698,4,0.506369
698,5,0.426354
698,6,0.411744
698,7,0.422172
698,8,0.405085
698,9,0.506369
698,10,0.533703
698,11,0.435590
698,12,0.405085
698,13,0.405085
698,14,0.506369
698,15,0.426354
699,1,0.506369
699,2,0.426354
699,3,0.482941
699,4,0.411744
699,5,0.532282
699,6,0.525622
699,7,0.426354
699,8,0.506369
699,9,0.533703
699,10,0.523915
699,11,0.435590
699,12,0.506369
699,13,0.525622
699,14,0.533703
699,15,0.467264
700,1,0.411744
700,2,0.523915
700,3,0.523915
700,4,0.492131
700,5,0.547988
700,6,0.523915
700,7,0.532282
700,8,0.426354
700,9,0.411744
700,10,0.523915
700,11,0.523915
700,12,0.435590
700,13,0.405085
700,14,0.466601
700,15,0.547988
701,1,0.523915
701,2,0.523915
701,3,0.523915
701,4,0.532282
701,5,0.533703
701,6,0.532282
701,7,0.426354
701,8,0.506369
701,9,0.533703
701,10,0.452414
701,11,0.435590
701,12,0.506369
701,13,0.426354
701,14,0.506369
701,15,0.426354
702,1,0.405085
702,2,0.506369
702,3,0.533703
702,4,0.532282
702,5,0.525622
702,6,0.525622
702,7,0.525622
702,8,0.426354
702,9,0.405085
702,10,0.411744
702,11,0.465932
702,12,0.513993
702,13,0.434589
702,14,0.506369
702,15,0.426354
703,1,0.506369
703,2,0.426354
703,3,0.411744
703,4,0.435590
703,5,0.506369
703,6,0.525622
703,7,0.533703
703,8,0.532282
703,9,0.525622
703,10,0.533703
703,11,0.435590
703,12,0.405085
703,13,0.415796
703,14,0.533703
703,15,0.435590
704,1,0.411744
704,2,0.523915
704,3,0.532282
704,4,0.490223
704,5,0.435590
704,6,0.506369
704,7,0.426354
704,8,0.405085
704,9,0.406025
704,10,0.435590
704,11,0.506369
704,12,0.426354
704,13,0.506369
704,14,0.525622
704,15,0.426354
705,1,0.405085
705,2,0.506369
705,3,0.426354
705,4,0.506369
705,5,0.426354
705,6,0.506369
705,7,0.426354
705,8,0.405085
705,9,0.466824
705,10,0.411744
705,11,0.523915
705,12,0.435590
705,13,0.457129
705,14,0.411744
705,15,0.532282
706,1,0.525622
706,2,0.426354
706,3,0.479353
706,4,0.405085
706,5,0.411744
706,6,0.523915
706,7,0.435590
706,8,0.506369
706,9,0.533703
706,10,0.435590
706,11,0.411744
706,12,0.532282
706,13,0.525622
706,14,0.525622
706,15,0.426354
707,1,0.405085
707,2,0.456919
707,3,0.443143
707,4,0.506369
707,5,0.525622
707,6,0.488479
707,7,0.574110
707,8,0.426354
707,9,0.411744
707,10,0.523915
707,11,0.532282
707,12,0.525622
707,13,0.525622
707,14,0.533703
707,15,0.435590
708,1,0.411744
708,2,0.532282
708,3,0.525622
708,4,0.525622
708,5,0.533703
708,6,0.532282
708,7,0.525622
708,8,0.525622
708,9,0.426354
708,10,0.405085
708,11,0.405085
708,12,0.405085
708,13,0.506369
708,14,0.533703
708,15,0.532282
709,1,0.426354
709,2,0.456919
709,3,0.405085
709,4,0.405085
709,5,0.411744
709,6,0.435590
709,7,0.506369
709,8,0.426354
709,9,0.405085
709,10,0.506369
709,11,0.525622
709,12,0.533703
709,13,0.435590
709,14,0.405085
709,15,0.443143
710,1,0.405085
710,2,0.411744
710,3,0.532282
710,4,0.426354
710,5,0.405085
710,6,0.506369
710,7,0.525622
710,8,0.533703
710,9,0.523915
710,10,0.523915
710,11,0.475238
710,12,0.574110
710,13,0.579136
710,14,0.434589
710,15,0.506369
711,1,0.533703
711,2,0.514032
711,3,0.525622
711,4,0.525622
711,5,0.525622
711,6,0.533703
711,7,0.532282
711,8,0.533703
711,9,0.435590
711,10,0.506369
711,11,0.525622
711,12,0.426354
711,13,0.411744
711,14,0.532282
711,15,0.467553
712,1,0.405085
712,2,0.411744
712,3,0.523915
712,4,0.435590
712,5,0.405085
712,6,0.405085
712,7,0.506369
712,8,0.525622
712,9,0.533703
712,10,0.435590
712,11,0.411744
712,12,0.523915
712,13,0.532282
712,14,0.426354
712,15,0.473956
713,1,0.463492
713,2,0.405085
713,3,0.506369
713,4,0.525622
713,5,0.533703
713,6,0.532282
713,7,0.525622
713,8,0.525622
713,9,0.426354
713,10,0.506369
713,11,0.446717
713,12,0.574110
713,13,0.525622
713,14,0.456565
713,15,0.506369
714,1,0.533703
714,2,0.532282
714,3,0.533703
714,4,0.523915
714,5,0.532282
714,6,0.533703
714,7,0.435590
714,8,0.405085
714,9,0.415796
714,10,0.533703
714,11,0.532282
714,12,0.503295
714,13,0.434589
714,14,0.405085
714,15,0.443143
715,1,0.411744
715,2,0.523915
715,3,0.523915
715,4,0.523915
715,5,0.532282
715,6,0.533703
715,7,0.523915
715,8,0.523915
715,9,0.523915
715,10,0.523915
715,11,0.535952
715,12,0.532282
715,13,0.525622
715,14,0.426354
715,15,0.411744
716,1,0.532282
716,2,0.533703
716,3,0.532282
716,4,0.533703
716,5,0.435590
716,6,0.405085
716,7,0.506369
716,8,0.525622
716,9,0.426354
716,10,0.405085
716,11,0.411744
716,12,0.488714
716,13,0.574110
716,14,0.525622
716,15,0.475183
717,1,0.574110
717,2,0.533703
717,3,0.485266
717,4,0.547988
717,5,0.532282
717,6,0.525622
717,7,0.525622
717,8,0.533703
717,9,0.532282
717,10,0.525622
717,11,0.525622
717,12,0.426354
717,13,0.405085
717,14,0.406025
717,15,0.532282
718,1,0.533703
718,2,0.435590
718,3,0.506369
718,4,0.525622
718,5,0.426354
718,6,0.436940
718,7,0.574110
718,8,0.525622
718,9,0.426354
718,10,0.411744
718,11,0.426345
718,12,0.533703
718,13,0.532282
718,14,0.426354
718,15,0.405085
719,1,0.466601
719,2,0.547988
719,3,0.435590
719,4,0.524661
719,5,0.574110
719,6,0.426354
719,7,0.405085
719,8,0.411744
719,9,0.435590
719,10,0.411744
719,11,0.532282
719,12,0.520999
719,13,0.547988
719,14,0.532282
719,15,0.426354
720,1,0.411744
720,2,0.532282
720,3,0.426354
720,4,0.411744
720,5,0.435590
720,6,0.411744
720,7,0.426345
720,8,0.426354
720,9,0.506369
720,10,0.426354
720,11,0.405085
720,12,0.405085
720,13,0.405085
720,14,0.506369
720,15,0.426354
721,1,0.411744
721,2,0.532282
721,3,0.525622
721,4,0.426354
721,5,0.411744
721,6,0.523915
721,7,0.435089
721,8,0.405085
721,9,0.506369
721,10,0.525622
721,11,0.525622
721,12,0.426354
721,13,0.411744
721,14,0.426345
721,15,0.426354
722,1,0.405085
722,2,0.506369
722,3,0.426354
722,4,0.411744
722,5,0.426345
722,6,0.525622
722,7,0.525622
722,8,0.426354
722,9,0.506369
722,10,0.426354
722,11,0.405085
722,12,0.405085
722,13,0.405085
722,14,0.411744
722,15,0.435590
723,1,0.411744
723,2,0.435590
723,3,0.411744
723,4,0.523915
723,5,0.532282
723,6,0.473124
723,7,0.506369
723,8,0.525622
723,9,0.525622
723,10,0.533703
723,11,0.532282
723,12,0.426354
723,13,0.506369
723,14,0.426354
723,15,0.456989
724,1,0.506369
724,2,0.426354
724,3,0.405085
724,4,0.405085
724,5,0.411744
724,6,0.523915
724,7,0.532282
724,8,0.525622
724,9,0.426354
724,10,0.405085
724,11,0.405085
724,12,0.506369
724,13,0.456706
724,14,0.405085
724,15,0.405085
725,1,0.405085
725,2,0.506369
725,3,0.525622
725,4,0.457129
725,5,0.434589
725,6,0.506369
725,7,0.467123
725,8,0.411744
725,9,0.422172
725,10,0.405085
725,11,0.415796
725,12,0.426354
725,13,0.516185
725,14,0.533703
725,15,0.532282
726,1,0.533703
726,2,0.523915
726,3,0.435590
726,4,0.405085
726,5,0.415796
726,6,0.426354
726,7,0.506369
726,8,0.426354
726,9,0.506369
726,10,0.426354
726,11,0.405085
726,12,0.415796
726,13,0.533703
726,14,0.435590
726,15,0.411744
727,1,0.422172
727,2,0.405085
727,3,0.443143
727,4,0.405085
727,5,0.506369
727,6,0.463308
727,7,0.506369
727,8,0.467123
727,9,0.405085
727,10,0.406025
727,11,0.434848
727,12,0.435590
727,13,0.411744
727,14,0.422172
727,15,0.411744
728,1,0.434848
728,2,0.535827
728,3,0.533703
728,4,0.464966
728,5,0.426354
728,6,0.506369
728,7,0.451013
728,8,0.523915
728,9,0.565180
728,10,0.532282
728,11,0.525622
728,12,0.533703
728,13,0.435590
728,14,0.506369
728,15,0.525622
729,1,0.525622
729,2,0.525622
729,3,0.426354
729,4,0.411744
729,5,0.434848
729,6,0.523915
729,7,0.501347
729,8,0.533703
729,9,0.523915
729,10,0.435590
729,11,0.405629
729,12,0.426354
729,13,0.506369
729,14,0.426354
729,15,0.506369
730,1,0.467123
730,2,0.506369
730,3,0.426527
730,4,0.533703
730,5,0.435590
730,6,0.405085
730,7,0.443143
730,8,0.443143
730,9,0.443143
730,10,0.406025
730,11,0.422172
730,12,0.506369
730,13,0.467123
730,14,0.430537
730,15,0.434848
731,1,0.523915
731,2,0.565180
731,3,0.532282
731,4,0.426354
731,5,0.411744
731,6,0.426345
731,7,0.531294
731,8,0.547988
731,9,0.435590
731,10,0.506369
731,11,0.426354
731,12,0.411744
731,13,0.426345
731,14,0.525622
731,15,0.525622
732,1,0.475183
732,2,0.574110
732,3,0.525622
732,4,0.533703
732,5,0.435590
732,6,0.506369
732,7,0.467123
732,8,0.506369
732,9,0.426527
732,10,0.489537
732,11,0.523915
732,12,0.523915
732,13,0.532282
732,14,0.426354
732,15,0.430476
733,1,0.406025
733,2,0.434848
733,3,0.532282
733,4,0.533703
733,5,0.523915
733,6,0.535827
733,7,0.525622
733,8,0.470584
733,9,0.533703
733,10,0.435590
733,11,0.466975
733,12,0.434848
733,13,0.535827
733,14,0.426354
733,15,0.405085
734,1,0.444953
734,2,0.443143
734,3,0.443143
734,4,0.415796
734,5,0.534946
734,6,0.574110
734,7,0.533703
734,8,0.519583
734,9,0.547988
734,10,0.435590
734,11,0.506369
734,12,0.467123
734,13,0.506369
734,14,0.467553
734,15,0.506369
735,1,0.525622
735,2,0.426354
735,3,0.506369
735,4,0.525622
735,5,0.467553
735,6,0.405085
735,7,0.415796
735,8,0.525622
735,9,0.495783
735,10,0.574110
735,11,0.525622
735,12,0.529150
735,13,0.533703
735,14,0.435590
735,15,0.506369
736,1,0.426354
736,2,0.411744
736,3,0.434848
736,4,0.442969
736,5,0.411744
736,6,0.434848
736,7,0.523915
736,8,0.532282
736,9,0.533703
736,10,0.435590
736,11,0.506369
736,12,0.426354
736,13,0.484233
736,14,0.422172
736,15,0.405085
737,1,0.443143
737,2,0.415796
737,3,0.451013
737,4,0.557947
737,5,0.532282
737,6,0.533703
737,7,0.532282
737,8,0.533703
737,9,0.435590
737,10,0.405085
737,11,0.464845
737,12,0.422172
737,13,0.431041
737,14,0.422172
737,15,0.405629
738,1,0.426527
738,2,0.533703
738,3,0.525749
738,4,0.426354
738,5,0.506369
738,6,0.467123
738,7,0.405085
738,8,0.406025
738,9,0.434848
738,10,0.523915
738,11,0.523915
738,12,0.535827
738,13,0.533703
738,14,0.435590
738,15,0.411744
739,1,0.434848
739,2,0.532282
739,3,0.533703
739,4,0.435590
739,5,0.506369
739,6,0.525622
739,7,0.426354
739,8,0.506369
739,9,0.533703
739,10,0.525749
739,11,0.426354
739,12,0.411744
739,13,0.422172
739,14,0.506369
739,15,0.451013
740,1,0.532282
740,2,0.533703
740,3,0.525749
740,4,0.426354
740,5,0.411744
740,6,0.492966
740,7,0.435590
740,8,0.405085
740,9,0.406025
740,10,0.422172
740,11,0.405629
740,12,0.451013
740,13,0.525749
740,14,0.533703
740,15,0.532282
741,1,0.461248
741,2,0.506369
741,3,0.525622
741,4,0.525622
741,5,0.426354
741,6,0.405085
741,7,0.406025
741,8,0.426345
741,9,0.525622
741,10,0.426354
741,11,0.411744
741,12,0.422172
741,13,0.506369
741,14,0.426527
741,15,0.533703
742,1,0.523915
742,2,0.435590
742,3,0.405085
742,4,0.415796
742,5,0.467123
742,6,0.506369
742,7,0.426527
742,8,0.426354
742,9,0.506369
742,10,0.467123
742,11,0.426046
742,12,0.426527
742,13,0.490223
742,14,0.532282
742,15,0.533703
743,1,0.557947
743,2,0.535827
743,3,0.426354
743,4,0.411744
743,5,0.422172
743,6,0.431041
743,7,0.434848
743,8,0.523915
743,9,0.523915
743,10,0.523915
743,11,0.500261
743,12,0.435590
743,13,0.488479
743,14,0.405085
743,15,0.506369
744,1,0.451013
744,2,0.523915
744,3,0.523915
744,4,0.532282
744,5,0.525622
744,6,0.525622
744,7,0.426354
744,8,0.506369
744,9,0.525622
744,10,0.426354
744,11,0.411744
744,12,0.422172
744,13,0.405085
744,14,0.415796
744,15,0.426354
745,1,0.506369
745,2,0.525622
745,3,0.533703
745,4,0.532282
745,5,0.533703
745,6,0.532282
745,7,0.525622
745,8,0.426354
745,9,0.489005
745,10,0.434589
745,11,0.411744
745,12,0.426345
745,13,0.426354
745,14,0.506369
745,15,0.426527
746,1,0.520287
746,2,0.435590
746,3,0.506369
746,4,0.426527
746,5,0.533703
746,6,0.435590
746,7,0.411744
746,8,0.422172
746,9,0.506369
746,10,0.467123
746,11,0.405085
746,12,0.415796
746,13,0.426527
746,14,0.533703
746,15,0.525749
747,1,0.426354
747,2,0.506369
747,3,0.533703
747,4,0.435590
747,5,0.500261
747,6,0.405085
747,7,0.506369
747,8,0.467123
747,9,0.411744
747,10,0.426345
747,11,0.533703
747,12,0.450098
747,13,0.506369
747,14,0.489181
747,15,0.574110
748,1,0.533703
748,2,0.523915
748,3,0.523915
748,4,0.532282
748,5,0.525622
748,6,0.426354
748,7,0.506369
748,8,0.533703
748,9,0.450098
748,10,0.506369
748,11,0.467123
748,12,0.405085
748,13,0.406025
748,14,0.428358
748,15,0.525622
749,1,0.426354
749,2,0.493478
749,3,0.533703
749,4,0.435590
749,5,0.405085
749,6,0.406025
749,7,0.422172
749,8,0.411744
749,9,0.496311
749,10,0.525622
749,11,0.533703
749,12,0.532282
749,13,0.426354
749,14,0.405085
749,15,0.406025
750,1,0.426345
750,2,0.525622
750,3,0.525622
750,4,0.533703
750,5,0.523915
750,6,0.459015
750,7,0.506369
750,8,0.426354
750,9,0.405085
750,10,0.415796
750,11,0.467123
750,12,0.506369
750,13,0.473279
750,14,0.557947
750,15,0.469856
751,1,0.411744
751,2,0.467157
751,3,0.411744
751,4,0.434848
751,5,0.523915
751,6,0.532282
751,7,0.525622
751,8,0.533703
751,9,0.523915
751,10,0.532282
751,11,0.525622
751,12,0.426354
751,13,0.506369
751,14,0.508753
751,15,0.525622
752,1,0.461636
752,2,0.525622
752,3,0.525622
752,4,0.525622
752,5,0.525622
752,6,0.525622
752,7,0.525622
752,8,0.426354
752,9,0.411744
752,10,0.434848
752,11,0.435590
752,12,0.405085
752,13,0.406025
752,14,0.494256
752,15,0.547988
753,1,0.498445
753,2,0.574110
753,3,0.525622
753,4,0.533703
753,5,0.380913
753,6,0.574110
753,7,0.426354
753,8,0.411744
753,9,0.422172
753,10,0.506369
753,11,0.525622
753,12,0.426354
753,13,0.437392
753,14,0.533703
753,15,0.532282
754,1,0.452883
754,2,0.411744
754,3,0.434848
754,4,0.532282
754,5,0.525622
754,6,0.426354
754,7,0.411744
754,8,0.426345
754,9,0.426354
754,10,0.405085
754,11,0.406025
754,12,0.434848
754,13,0.532282
754,14,0.525622
754,15,0.426354
755,1,0.411744
755,2,0.426345
755,3,0.533703
755,4,0.525749
755,5,0.533703
755,6,0.450098
755,7,0.411744
755,8,0.422172
755,9,0.411744
755,10,0.426345
755,11,0.426354
755,12,0.492131
755,13,0.411744
755,14,0.435590
755,15,0.405629
756,1,0.467123
756,2,0.506369
756,3,0.426527
756,4,0.525622
756,5,0.470054
756,6,0.450098
756,7,0.411744
756,8,0.434848
756,9,0.409288
756,10,0.525622
756,11,0.525622
756,12,0.533703
756,13,0.532282
756,14,0.533703
756,15,0.532282
757,1,0.525622
757,2,0.426354
757,3,0.405085
757,4,0.443143
757,5,0.488714
757,6,0.506369
757,7,0.426354
757,8,0.506369
757,9,0.451013
757,10,0.532282
757,11,0.439245
757,12,0.574110
757,13,0.533703
757,14,0.523915
757,15,0.532282
758,1,0.525622
758,2,0.525622
758,3,0.533703
758,4,0.532282
758,5,0.533703
758,6,0.523915
758,7,0.532282
758,8,0.533703
758,9,0.435590
758,10,0.522986
758,11,0.426527
758,12,0.533703
758,13,0.532282
758,14,0.554135
758,15,0.478695
759,1,0.532282
759,2,0.533703
759,3,0.450098
759,4,0.338269
759,5,0.443143
759,6,0.415796
759,7,0.426527
759,8,0.533703
759,9,0.531294
759,10,0.434589
759,11,0.405085
759,12,0.406025
759,13,0.434848
759,14,0.565180
759,15,0.479521
760,1,0.574110
760,2,0.533703
760,3,0.435590
760,4,0.411744
760,5,0.422172
760,6,0.405085
760,7,0.443143
760,8,0.406025
760,9,0.422172
760,10,0.506369
760,11,0.426527
760,12,0.426354
760,13,0.405085
760,14,0.406025
760,15,0.434848
761,1,0.435590
761,2,0.506369
761,3,0.451013
761,4,0.523915
761,5,0.565180
761,6,0.535827
761,7,0.446717
761,8,0.574110
761,9,0.525622
761,10,0.525622
761,11,0.426354
761,12,0.426046
761,13,0.500261
761,14,0.525622
761,15,0.533703
762,1,0.435590
762,2,0.431041
762,3,0.434848
762,4,0.523915
762,5,0.523915
762,6,0.523915
762,7,0.435590
762,8,0.489005
762,9,0.531052
762,10,0.435590
762,11,0.495181
762,12,0.506369
762,13,0.533703
762,14,0.532282
762,15,0.533703
763,1,0.450098
763,2,0.405085
763,3,0.406025
763,4,0.422172
763,5,0.411744
763,6,0.422172
763,7,0.411744
763,8,0.434848
763,9,0.523915
763,10,0.532282
763,11,0.426354
763,12,0.506369
763,13,0.451013
763,14,0.435590
763,15,0.506369
764,1,0.451013
764,2,0.532282
764,3,0.426354
764,4,0.430537
764,5,0.426345
764,6,0.525622
764,7,0.533703
764,8,0.532282
764,9,0.533703
764,10,0.435590
764,11,0.405629
764,12,0.426527
764,13,0.525622
764,14,0.525622
764,15,0.426354
765,1,0.411744
765,2,0.434848
765,3,0.523915
765,4,0.535827
765,5,0.533703
765,6,0.532282
765,7,0.426354
765,8,0.405085
765,9,0.406025
765,10,0.422172
765,11,0.415796
765,12,0.426527
765,13,0.490223
765,14,0.532282
765,15,0.529573
766,1,0.434589
766,2,0.506369
766,3,0.451013
766,4,0.525749
766,5,0.525622
766,6,0.525622
766,7,0.426354
766,8,0.411744
766,9,0.426345
766,10,0.426354
766,11,0.506369
766,12,0.451013
766,13,0.450098
766,14,0.405085
766,15,0.466686
767,1,0.451013
767,2,0.532282
767,3,0.471671
767,4,0.547988
767,5,0.502968
767,6,0.533703
767,7,0.506822
767,8,0.533703
767,9,0.532282
767,10,0.426354
767,11,0.426046
767,12,0.451013
767,13,0.488479
767,14,0.547988
767,15,0.435590
768,1,0.405085
768,2,0.406025
768,3,0.426345
768,4,0.533703
768,5,0.525749
768,6,0.533703
768,7,0.523915
768,8,0.532282
768,9,0.478456
768,10,0.430537
768,11,0.478114
768,12,0.397650
768,13,0.506369
768,14,0.533703
768,15,0.532282
769,1,0.525622
769,2,0.426354
769,3,0.405085
769,4,0.406025
769,5,0.422172
769,6,0.431041
769,7,0.495545
769,8,0.532282
769,9,0.533703
769,10,0.435590
769,11,0.506369
769,12,0.451013
769,13,0.450098
769,14,0.405085
769,15,0.406025
770,1,0.434848
770,2,0.523915
770,3,0.515805
770,4,0.574110
770,5,0.529404
770,6,0.426354
770,7,0.506369
770,8,0.451013
770,9,0.450098
770,10,0.521767
770,11,0.506369
770,12,0.426354
770,13,0.468772
770,14,0.406025
770,15,0.426345
771,1,0.533703
771,2,0.523915
771,3,0.523915
771,4,0.523915
771,5,0.532282
771,6,0.426354
771,7,0.506369
771,8,0.467123
771,9,0.426046
771,10,0.451013
771,11,0.523915
771,12,0.450736
771,13,0.431119
771,14,0.406025
771,15,0.422172
772,1,0.405085
772,2,0.443143
772,3,0.457129
772,4,0.415796
772,5,0.525622
772,6,0.426354
772,7,0.405085
772,8,0.443143
772,9,0.415796
772,10,0.533703
772,11,0.450098
772,12,0.506369
772,13,0.451013
772,14,0.450098
772,15,0.506369
773,1,0.487535
773,2,0.523915
773,3,0.523915
773,4,0.532282
773,5,0.525622
773,6,0.426354
773,7,0.506369
773,8,0.451013
773,9,0.532282
773,10,0.426354
773,11,0.405085
773,12,0.406025
773,13,0.434848
773,14,0.435590
773,15,0.411744
774,1,0.474816
774,2,0.523915
774,3,0.535252
774,4,0.525622
774,5,0.533703
774,6,0.523915
774,7,0.435590
774,8,0.411744
774,9,0.434848
774,10,0.532282
774,11,0.426354
774,12,0.411744
774,13,0.434848
774,14,0.523915
774,15,0.435590
775,1,0.405085
775,2,0.406025
775,3,0.422172
775,4,0.405085
775,5,0.415796
775,6,0.426527
775,7,0.525622
775,8,0.533703
775,9,0.525749
775,10,0.525622
775,11,0.533703
775,12,0.532282
775,13,0.426354
775,14,0.506369
775,15,0.467123
776,1,0.506369
776,2,0.478695
776,3,0.533703
776,4,0.435590
776,5,0.405085
776,6,0.415796
776,7,0.451013
776,8,0.532282
776,9,0.525622
776,10,0.426354
776,11,0.405085
776,12,0.443143
776,13,0.443143
776,14,0.446717
776,15,0.506369
777,1,0.426354
777,2,0.522986
777,3,0.426527
777,4,0.525622
777,5,0.533703
777,6,0.557947
777,7,0.521767
777,8,0.435590
777,9,0.405085
777,10,0.415796
777,11,0.451013
777,12,0.532282
777,13,0.475782
777,14,0.523915
777,15,0.532282
778,1,0.525622
778,2,0.493825
778,3,0.525622
778,4,0.525622
778,5,0.525622
778,6,0.510703
778,7,0.533703
778,8,0.532282
778,9,0.426354
778,10,0.405085
778,11,0.415796
778,12,0.451013
778,13,0.435590
778,14,0.497424
778,15,0.451013
779,1,0.435590
779,2,0.506369
779,3,0.451013
779,4,0.435590
779,5,0.411744
779,6,0.397650
779,7,0.434589
779,8,0.405085
779,9,0.495230
779,10,0.426527
779,11,0.426354
779,12,0.430537
779,13,0.426345
779,14,0.525622
779,15,0.478695
780,1,0.574110
780,2,0.533703
780,3,0.435590
780,4,0.405629
780,5,0.467123
780,6,0.506369
780,7,0.426527
780,8,0.533703
780,9,0.450098
780,10,0.506369
780,11,0.451013
780,12,0.435590
780,13,0.411744
780,14,0.422172
780,15,0.506369
781,1,0.451013
781,2,0.523915
781,3,0.523915
781,4,0.435590
781,5,0.411744
781,6,0.434848
781,7,0.450736
781,8,0.506369
781,9,0.426354
781,10,0.411744
781,11,0.426345
781,12,0.533703
781,13,0.525749
781,14,0.426354
781,15,0.457737
782,1,0.443143
782,2,0.461814
782,3,0.491330
782,4,0.547988
782,5,0.435590
782,6,0.405085
782,7,0.443143
782,8,0.443143
782,9,0.415796
782,10,0.451013
782,11,0.466824
782,12,0.435590
782,13,0.405085
782,14,0.500261
782,15,0.406025
783,1,0.435590
783,2,0.405085
783,3,0.415796
783,4,0.467123
783,5,0.463792
783,6,0.415796
783,7,0.451013
783,8,0.532282
783,9,0.533703
783,10,0.435590
783,11,0.471671
783,12,0.506369
783,13,0.533703
783,14,0.532282
783,15,0.426354
784,1,0.506369
784,2,0.451013
784,3,0.452414
784,4,0.469798
784,5,0.506369
784,6,0.467123
784,7,0.411744
784,8,0.422172
784,9,0.453748
784,10,0.406025
784,11,0.422172
784,12,0.411744
784,13,0.426345
784,14,0.533703
784,15,0.523915
785,1,0.523915
785,2,0.532282
785,3,0.525622
785,4,0.443065
785,5,0.574110
785,6,0.525622
785,7,0.533703
785,8,0.532282
785,9,0.525622
785,10,0.533703
785,11,0.435590
785,12,0.405085
785,13,0.443143
785,14,0.415796
785,15,0.512167
786,1,0.547988
786,2,0.435590
786,3,0.405085
786,4,0.443143
786,5,0.485880
786,6,0.574110
786,7,0.426354
786,8,0.411744
786,9,0.426345
786,10,0.525622
786,11,0.426354
786,12,0.506369
786,13,0.525622
786,14,0.525622
786,15,0.456565
787,1,0.405085
787,2,0.411744
787,3,0.435590
787,4,0.463993
787,5,0.411744
787,6,0.435590
787,7,0.405085
787,8,0.411744
787,9,0.532282
787,10,0.426354
787,11,0.411744
787,12,0.435590
787,13,0.411744
787,14,0.523915
787,15,0.523915
788,1,0.532282
788,2,0.525746
788,3,0.523915
788,4,0.523915
788,5,0.435590
788,6,0.506369
788,7,0.533703
788,8,0.532282
788,9,0.525622
788,10,0.525622
788,11,0.533703
788,12,0.435590
788,13,0.411744
788,14,0.523915
788,15,0.435590
789,1,0.405085
789,2,0.486746
789,3,0.574110
789,4,0.426354
789,5,0.479866
789,6,0.426345
789,7,0.525622
789,8,0.525622
789,9,0.426354
789,10,0.411744
789,11,0.422172
789,12,0.411744
789,13,0.523915
789,14,0.435590
789,15,0.411744
790,1,0.523915
790,2,0.523915
790,3,0.435590
790,4,0.405085
790,5,0.415796
790,6,0.533703
790,7,0.435590
790,8,0.485880
790,9,0.564999
790,10,0.523915
790,11,0.435590
790,12,0.405085
790,13,0.406025
790,14,0.523915
790,15,0.435590
791,1,0.411744
791,2,0.523915
791,3,0.532282
791,4,0.426354
791,5,0.405085
791,6,0.405085
791,7,0.411744
791,8,0.523915
791,9,0.523915
791,10,0.435590
791,11,0.411744
791,12,0.523915
791,13,0.523915
791,14,0.435590
791,15,0.405085
792,1,0.405085
792,2,0.405085
792,3,0.506369
792,4,0.525622
792,5,0.492966
792,6,0.434589
792,7,0.411744
792,8,0.523915
792,9,0.523915
792,10,0.523915
792,11,0.435590
792,12,0.405085
792,13,0.405085
792,14,0.406025
792,15,0.435590
793,1,0.405085
793,2,0.419837
793,3,0.411744
793,4,0.523915
793,5,0.435590
793,6,0.574110
793,7,0.547988
793,8,0.532282
793,9,0.533703
793,10,0.532282
793,11,0.426354
793,12,0.457129
793,13,0.506369
793,14,0.426354
793,15,0.405085
794,1,0.506369
794,2,0.533703
794,3,0.435590
794,4,0.405085
794,5,0.411744
794,6,0.435590
794,7,0.506369
794,8,0.525622
794,9,0.426354
794,10,0.459048
794,11,0.533487
794,12,0.547988
794,13,0.523915
794,14,0.532282
794,15,0.533703
795,1,0.532282
795,2,0.533703
795,3,0.435590
795,4,0.405085
795,5,0.443143
795,6,0.463993
795,7,0.434589
795,8,0.506369
795,9,0.426354
795,10,0.506369
795,11,0.525622
795,12,0.426354
795,13,0.506369
795,14,0.525622
795,15,0.426354
796,1,0.411744
796,2,0.435590
796,3,0.411744
796,4,0.532282
796,5,0.426354
796,6,0.506369
796,7,0.426354
796,8,0.405085
796,9,0.405085
796,10,0.405085
796,11,0.405085
796,12,0.405085
796,13,0.405085
796,14,0.487061
796,15,0.523915
797,1,0.532282
797,2,0.533703
797,3,0.435590
797,4,0.411744
797,5,0.532282
797,6,0.525622
797,7,0.426354
797,8,0.405085
797,9,0.436940
797,10,0.547988
797,11,0.532282
797,12,0.525622
797,13,0.525622
797,14,0.525622
797,15,0.426354
798,1,0.506369
798,2,0.533703
798,3,0.435590
798,4,0.405085
798,5,0.405085
798,6,0.411744
798,7,0.523915
798,8,0.435590
798,9,0.506369
798,10,0.426354
798,11,0.405085
798,12,0.405085
798,13,0.405085
798,14,0.411744
798,15,0.523915
799,1,0.436940
799,2,0.547988
799,3,0.523915
799,4,0.523915
799,5,0.523915
799,6,0.532282
799,7,0.426354
799,8,0.405085
799,9,0.411744
799,10,0.532282
799,11,0.533703
799,12,0.469798
799,13,0.441442
799,14,0.547988
799,15,0.514648
800,1,0.436940
800,2,0.574110
800,3,0.525622
800,4,0.525622
800,5,0.525622
800,6,0.533703
800,7,0.435590
800,8,0.506369
800,9,0.533703
800,10,0.523915
800,11,0.435590
800,12,0.411744
800,13,0.435590
800,14,0.506369
800,15,0.525622
801,1,0.443065
801,2,0.434589
801,3,0.506369
801,4,0.533703
801,5,0.532282
801,6,0.525622
801,7,0.525622
801,8,0.531294
801,9,0.434589
801,10,0.411744
801,11,0.532282
801,12,0.533703
801,13,0.435590
801,14,0.405085
801,15,0.405085
802,1,0.506369
802,2,0.426354
802,3,0.405085
802,4,0.411744
802,5,0.435590
802,6,0.411744
802,7,0.532282
802,8,0.426354
802,9,0.411744
802,10,0.532282
802,11,0.533703
802,12,0.435590
802,13,0.411744
802,14,0.523915
802,15,0.435590
803,1,0.411744
803,2,0.532282
803,3,0.525622
803,4,0.426354
803,5,0.405085
803,6,0.405085
803,7,0.411744
803,8,0.532282
803,9,0.525622
803,10,0.525622
803,11,0.525622
803,12,0.525622
803,13,0.426354
803,14,0.411744
803,15,0.426345
804,1,0.426354
804,2,0.405085
804,3,0.415796
804,4,0.524886
804,5,0.523915
804,6,0.523915
804,7,0.498445
804,8,0.547988
804,9,0.532282
804,10,0.525622
804,11,0.426354
804,12,0.411744
804,13,0.435590
804,14,0.506369
804,15,0.533703
805,1,0.435590
805,2,0.411744
805,3,0.435590
805,4,0.411744
805,5,0.435590
805,6,0.411744
805,7,0.532282
805,8,0.533703
805,9,0.523915
805,10,0.532282
805,11,0.525622
805,12,0.525622
805,13,0.525622
805,14,0.426354
805,15,0.405085
806,1,0.516185
806,2,0.574110
806,3,0.533703
806,4,0.523915
806,5,0.523915
806,6,0.435590
806,7,0.405085
806,8,0.411744
806,9,0.464824
806,10,0.523915
806,11,0.435590
806,12,0.411744
806,13,0.422172
806,14,0.406025
806,15,0.534946
807,1,0.547988
807,2,0.532282
807,3,0.525622
807,4,0.426354
807,5,0.405085
807,6,0.405085
807,7,0.411744
807,8,0.523915
807,9,0.532282
807,10,0.525622
807,11,0.533703
807,12,0.523915
807,13,0.435590
807,14,0.411744
807,15,0.435590
808,1,0.405085
808,2,0.406025
808,3,0.532282
808,4,0.525622
808,5,0.533703
808,6,0.435590
808,7,0.405085
808,8,0.405085
808,9,0.405085
808,10,0.506369
808,11,0.525622
808,12,0.533703
808,13,0.471671
808,14,0.547988
808,15,0.435590
809,1,0.411744
809,2,0.434848
809,3,0.523915
809,4,0.523915
809,5,0.532282
809,6,0.525622
809,7,0.426354
809,8,0.506369
809,9,0.426354
809,10,0.411744
809,11,0.435590
809,12,0.506369
809,13,0.525622
809,14,0.533703
809,15,0.532282
810,1,0.525622
810,2,0.525622
810,3,0.525622
810,4,0.426354
810,5,0.405085
810,6,0.415796
810,7,0.426354
810,8,0.411744
810,9,0.426345
810,10,0.525622
810,11,0.426354
810,12,0.405085
810,13,0.411744
810,14,0.435590
810,15,0.506369
811,1,0.525622
811,2,0.525622
811,3,0.525622
811,4,0.426354
811,5,0.506369
811,6,0.525622
811,7,0.426354
811,8,0.411744
811,9,0.422172
811,10,0.411744
811,11,0.434848
811,12,0.435590
811,13,0.506369
811,14,0.426354
811,15,0.405085
812,1,0.411744
812,2,0.434848
812,3,0.532282
812,4,0.533703
812,5,0.435590
812,6,0.411744
812,7,0.426345
812,8,0.525622
812,9,0.533703
812,10,0.523915
812,11,0.471671
812,12,0.574110
812,13,0.533703
812,14,0.523915
812,15,0.523915
813,1,0.435590
813,2,0.411744
813,3,0.422172
813,4,0.405085
813,5,0.405085
813,6,0.411744
813,7,0.523915
813,8,0.523915
813,9,0.509730
813,10,0.532282
813,11,0.471671
813,12,0.547988
813,13,0.523915
813,14,0.435590
813,15,0.483348
814,1,0.411744
814,2,0.523915
814,3,0.523915
814,4,0.523915
814,5,0.532282
814,6,0.533703
814,7,0.523915
814,8,0.523915
814,9,0.532282
814,10,0.525622
814,11,0.533703
814,12,0.532282
814,13,0.533703
814,14,0.523915
814,15,0.532282
815,1,0.533703
815,2,0.523915
815,3,0.523915
815,4,0.523915
815,5,0.532282
815,6,0.525622
815,7,0.533703
815,8,0.435590
815,9,0.506369
815,10,0.533703
815,11,0.523915
815,12,0.532282
815,13,0.533703
815,14,0.435590
815,15,0.411744
816,1,0.434848
816,2,0.475183
816,3,0.547988
816,4,0.532282
816,5,0.525622
816,6,0.533703
816,7,0.435590
816,8,0.405085
816,9,0.443143
816,10,0.405085
816,11,0.411744
816,12,0.523915
816,13,0.523915
816,14,0.532282
816,15,0.533703
817,1,0.435590
817,2,0.506369
817,3,0.525622
817,4,0.525622
817,5,0.525622
817,6,0.426354
817,7,0.506369
817,8,0.525622
817,9,0.525622
817,10,0.426354
817,11,0.506369
817,12,0.525622
817,13,0.525622
817,14,0.426354
817,15,0.474816
818,1,0.574110
818,2,0.525622
818,3,0.533703
818,4,0.532282
818,5,0.533703
818,6,0.435590
818,7,0.506369
818,8,0.533703
818,9,0.532282
818,10,0.533703
818,11,0.523915
818,12,0.532282
818,13,0.525622
818,14,0.426354
818,15,0.405085
819,1,0.411744
819,2,0.532282
819,3,0.426354
819,4,0.405085
819,5,0.405085
819,6,0.411744
819,7,0.523915
819,8,0.532282
819,9,0.426354
819,10,0.405085
819,11,0.405085
819,12,0.464166
819,13,0.530367
819,14,0.426354
819,15,0.411744
820,1,0.532282
820,2,0.525622
820,3,0.525622
820,4,0.525622
820,5,0.533703
820,6,0.532282
820,7,0.525622
820,8,0.533703
820,9,0.485880
820,10,0.574110
820,11,0.533703
820,12,0.532282
820,13,0.525622
820,14,0.426354
820,15,0.411744
821,1,0.435590
821,2,0.411744
821,3,0.435590
821,4,0.411744
821,5,0.523915
821,6,0.532282
821,7,0.533703
821,8,0.532282
821,9,0.533703
821,10,0.523915
821,11,0.532282
821,12,0.533703
821,13,0.512167
821,14,0.434589
821,15,0.506369
822,1,0.426354
822,2,0.411744
822,3,0.532282
822,4,0.525622
822,5,0.525622
822,6,0.525622
822,7,0.476884
822,8,0.574110
822,9,0.426354
822,10,0.506369
822,11,0.531838
822,12,0.525622
822,13,0.533703
822,14,0.523915
822,15,0.523915
823,1,0.460637
823,2,0.574110
823,3,0.533703
823,4,0.532282
823,5,0.533703
823,6,0.523915
823,7,0.523915
823,8,0.521623
823,9,0.435590
823,10,0.411744
823,11,0.435590
823,12,0.405085
823,13,0.443143
823,14,0.411744
823,15,0.435590
824,1,0.411744
824,2,0.435590
824,3,0.506369
824,4,0.426354
824,5,0.506369
824,6,0.533703
824,7,0.532282
824,8,0.525622
824,9,0.525622
824,10,0.533703
824,11,0.532282
824,12,0.533703
824,13,0.532282
824,14,0.533703
824,15,0.523915
825,1,0.459644
825,2,0.506369
825,3,0.426354
825,4,0.411744
825,5,0.435590
825,6,0.405085
825,7,0.506369
825,8,0.533703
825,9,0.435590
825,10,0.506369
825,11,0.426354
825,12,0.506369
825,13,0.426354
825,14,0.456989
825,15,0.406025
826,1,0.435590
826,2,0.411744
826,3,0.434848
826,4,0.435590
826,5,0.405085
826,6,0.406025
826,7,0.532282
826,8,0.533703
826,9,0.435590
826,10,0.506369
826,11,0.533703
826,12,0.523915
826,13,0.435590
826,14,0.405085
826,15,0.406025
827,1,0.532282
827,2,0.525622
827,3,0.426354
827,4,0.411744
827,5,0.497661
827,6,0.434589
827,7,0.405085
827,8,0.443143
827,9,0.411744
827,10,0.435590
827,11,0.411744
827,12,0.426345
827,13,0.525622
827,14,0.525622
827,15,0.426354
828,1,0.411744
828,2,0.435590
828,3,0.506369
828,4,0.533703
828,5,0.435590
828,6,0.411744
828,7,0.426345
828,8,0.533703
828,9,0.435590
828,10,0.506369
828,11,0.426354
828,12,0.405085
828,13,0.506369
828,14,0.533703
828,15,0.464966
829,1,0.574110
829,2,0.426354
829,3,0.506369
829,4,0.533703
829,5,0.532282
829,6,0.525622
829,7,0.533703
829,8,0.435590
829,9,0.506369
829,10,0.525622
829,11,0.533703
829,12,0.435590
829,13,0.411744
829,14,0.532282
829,15,0.525622
830,1,0.533703
830,2,0.435590
830,3,0.506369
830,4,0.525622
830,5,0.525622
830,6,0.533703
830,7,0.523915
830,8,0.435590
830,9,0.446717
830,10,0.547988
830,11,0.435590
830,12,0.405085
830,13,0.506369
830,14,0.507405
830,15,0.435590
831,1,0.506369
831,2,0.533703
831,3,0.435590
831,4,0.405085
831,5,0.405085
831,6,0.411744
831,7,0.435590
831,8,0.506369
831,9,0.426354
831,10,0.506369
831,11,0.525622
831,12,0.525622
831,13,0.426354
831,14,0.411744
831,15,0.532282
832,1,0.426354
832,2,0.506369
832,3,0.426354
832,4,0.506369
832,5,0.533703
832,6,0.435590
832,7,0.411744
832,8,0.434848
832,9,0.532282
832,10,0.426354
832,11,0.411744
832,12,0.434848
832,13,0.532282
832,14,0.426354
832,15,0.411744
833,1,0.532282
833,2,0.426354
833,3,0.405085
833,4,0.380913
833,5,0.405085
833,6,0.506369
833,7,0.533703
833,8,0.523915
833,9,0.523915
833,10,0.523915
833,11,0.547988
833,12,0.434589
833,13,0.411744
833,14,0.435590
833,15,0.411744
834,1,0.486746
834,2,0.547988
834,3,0.532282
834,4,0.533703
834,5,0.532282
834,6,0.426354
834,7,0.506369
834,8,0.426354
834,9,0.506369
834,10,0.426354
834,11,0.506369
834,12,0.533703
834,13,0.435590
834,14,0.506369
834,15,0.426354
835,1,0.405085
835,2,0.411744
835,3,0.523915
835,4,0.435590
835,5,0.411744
835,6,0.532282
835,7,0.533703
835,8,0.464327
835,9,0.506369
835,10,0.533703
835,11,0.523915
835,12,0.523915
835,13,0.435590
835,14,0.506369
835,15,0.533703
836,1,0.523915
836,2,0.532282
836,3,0.525622
836,4,0.533703
836,5,0.467926
836,6,0.506369
836,7,0.525622
836,8,0.426354
836,9,0.512167
836,10,0.470092
836,11,0.434589
836,12,0.405085
836,13,0.506369
836,14,0.525622
836,15,0.525622
837,1,0.533703
837,2,0.523915
837,3,0.532282
837,4,0.426354
837,5,0.405085
837,6,0.405085
837,7,0.411744
837,8,0.435590
837,9,0.411744
837,10,0.523915
837,11,0.532282
837,12,0.525622
837,13,0.478695
837,14,0.574110
837,15,0.426354
838,1,0.506369
838,2,0.533703
838,3,0.532282
838,4,0.533703
838,5,0.485880
838,6,0.434589
838,7,0.411744
838,8,0.435590
838,9,0.405085
838,10,0.411744
838,11,0.532282
838,12,0.525622
838,13,0.426354
838,14,0.405085
838,15,0.411744
839,1,0.523915
839,2,0.435590
839,3,0.411744
839,4,0.422172
839,5,0.506369
839,6,0.533703
839,7,0.466791
839,8,0.523915
839,9,0.435590
839,10,0.411744
839,11,0.422172
839,12,0.506369
839,13,0.533703
839,14,0.532282
839,15,0.525622
840,1,0.456475
840,2,0.547988
840,3,0.523915
840,4,0.523915
840,5,0.532282
840,6,0.426354
840,7,0.405085
840,8,0.411744
840,9,0.435590
840,10,0.506369
840,11,0.426354
840,12,0.405085
840,13,0.405085
840,14,0.411744
840,15,0.523915
841,1,0.435590
841,2,0.506369
841,3,0.525622
841,4,0.514624
841,5,0.523915
841,6,0.435590
841,7,0.405085
841,8,0.415796
841,9,0.426354
841,10,0.506369
841,11,0.533703
841,12,0.435590
841,13,0.411744
841,14,0.532282
841,15,0.426354
842,1,0.411744
842,2,0.422172
842,3,0.411744
842,4,0.523915
842,5,0.532282
842,6,0.525622
842,7,0.525746
842,8,0.435590
842,9,0.506369
842,10,0.525622
842,11,0.525622
842,12,0.426354
842,13,0.506369
842,14,0.525622
842,15,0.533703
843,1,0.523915
843,2,0.523915
843,3,0.532282
843,4,0.426354
843,5,0.405085
843,6,0.406025
843,7,0.435590
843,8,0.411744
843,9,0.434848
843,10,0.435590
843,11,0.411744
843,12,0.532282
843,13,0.426354
843,14,0.405085
843,15,0.506369
844,1,0.533703
844,2,0.532282
844,3,0.454583
844,4,0.411744
844,5,0.472171
844,6,0.506369
844,7,0.426354
844,8,0.405085
844,9,0.411744
844,10,0.532282
844,11,0.525622
844,12,0.533703
844,13,0.435590
844,14,0.506369
844,15,0.426354
845,1,0.411744
845,2,0.523915
845,3,0.523915
845,4,0.523915
845,5,0.435590
845,6,0.411744
845,7,0.532282
845,8,0.533703
845,9,0.435590
845,10,0.506369
845,11,0.426354
845,12,0.411744
845,13,0.426345
845,14,0.533703
845,15,0.435590
846,1,0.506369
846,2,0.426354
846,3,0.506369
846,4,0.525622
846,5,0.533703
846,6,0.435590
846,7,0.411744
846,8,0.435590
846,9,0.405085
846,10,0.415796
846,11,0.533703
846,12,0.523915
846,13,0.523915
846,14,0.532282
846,15,0.525622
847,1,0.525622
847,2,0.426354
847,3,0.411744
847,4,0.523915
847,5,0.532282
847,6,0.525622
847,7,0.426354
847,8,0.411744
847,9,0.435590
847,10,0.405085
847,11,0.406025
847,12,0.435590
847,13,0.405085
847,14,0.506369
847,15,0.525622
848,1,0.426354
848,2,0.411744
848,3,0.435590
848,4,0.411744
848,5,0.435590
848,6,0.411744
848,7,0.434848
848,8,0.532282
848,9,0.533703
848,10,0.523915
848,11,0.535952
848,12,0.523915
848,13,0.523915
848,14,0.532282
848,15,0.525622
849,1,0.525622
849,2,0.533703
849,3,0.473956
849,4,0.434589
849,5,0.411744
849,6,0.435590
849,7,0.405085
849,8,0.506369
849,9,0.426354
849,10,0.396328
849,11,0.422172
849,12,0.517583
849,13,0.574110
849,14,0.533703
849,15,0.509730
850,1,0.482941
850,2,0.434589
850,3,0.405085
850,4,0.411744
850,5,0.523915
850,6,0.523915
850,7,0.523915
850,8,0.523915
850,9,0.523915
850,10,0.523915
850,11,0.523915
850,12,0.523915
850,13,0.523915
850,14,0.532282
850,15,0.426354
851,1,0.405085
851,2,0.411744
851,3,0.422172
851,4,0.506369
851,5,0.426354
851,6,0.405085
851,7,0.506369
851,8,0.525622
851,9,0.533703
851,10,0.523915
851,11,0.435590
851,12,0.506369
851,13,0.529404
851,14,0.574110
851,15,0.533703
852,1,0.488479
852,2,0.547988
852,3,0.532282
852,4,0.533703
852,5,0.523915
852,6,0.435590
852,7,0.405085
852,8,0.449266
852,9,0.405085
852,10,0.506369
852,11,0.509547
852,12,0.523915
852,13,0.435590
852,14,0.411744
852,15,0.434848
853,1,0.532282
853,2,0.525622
853,3,0.426354
853,4,0.405085
853,5,0.405085
853,6,0.506369
853,7,0.525622
853,8,0.533703
853,9,0.532282
853,10,0.426354
853,11,0.405085
853,12,0.411744
853,13,0.532282
853,14,0.525622
853,15,0.525622
854,1,0.533703
854,2,0.435590
854,3,0.411744
854,4,0.523915
854,5,0.435590
854,6,0.456475
854,7,0.547988
854,8,0.435590
854,9,0.405085
854,10,0.452010
854,11,0.533703
854,12,0.523915
854,13,0.532282
854,14,0.525622
854,15,0.426354
855,1,0.405085
855,2,0.405085
855,3,0.411744
855,4,0.497661
855,5,0.434589
855,6,0.405085
855,7,0.405085
855,8,0.506369
855,9,0.533703
855,10,0.435590
855,11,0.411744
855,12,0.434848
855,13,0.510381
855,14,0.525622
855,15,0.533703
856,1,0.523915
856,2,0.435590
856,3,0.506369
856,4,0.426354
856,5,0.411744
856,6,0.510381
856,7,0.426354
856,8,0.411744
856,9,0.426345
856,10,0.533703
856,11,0.523915
856,12,0.435590
856,13,0.405085
856,14,0.411744
856,15,0.532282
857,1,0.426354
857,2,0.506369
857,3,0.525622
857,4,0.525622
857,5,0.456706
857,6,0.411744
857,7,0.532282
857,8,0.525622
857,9,0.533703
857,10,0.482941
857,11,0.476909
857,12,0.434589
857,13,0.405085
857,14,0.506369
857,15,0.533703
858,1,0.523915
858,2,0.435590
858,3,0.506369
858,4,0.426354
858,5,0.411744
858,6,0.523915
858,7,0.574110
858,8,0.547988
858,9,0.523915
858,10,0.434589
858,11,0.434589
858,12,0.506369
858,13,0.525622
858,14,0.525622
858,15,0.533703
859,1,0.532282
859,2,0.525622
859,3,0.525622
859,4,0.533703
859,5,0.435590
859,6,0.405085
859,7,0.405085
859,8,0.405085
859,9,0.506369
859,10,0.525622
859,11,0.426354
859,12,0.506369
859,13,0.525622
859,14,0.525622
859,15,0.492966
860,1,0.434589
860,2,0.506369
860,3,0.525622
860,4,0.533703
860,5,0.523915
860,6,0.523915
860,7,0.523915
860,8,0.492966
860,9,0.434589
860,10,0.405085
860,11,0.406025
860,12,0.435590
860,13,0.405085
860,14,0.443143
860,15,0.405085
861,1,0.429401
861,2,0.435590
861,3,0.411744
861,4,0.532282
861,5,0.533703
861,6,0.523915
861,7,0.523915
861,8,0.435590
861,9,0.411744
861,10,0.434848
861,11,0.435590
861,12,0.487061
861,13,0.434848
861,14,0.532282
861,15,0.525622
862,1,0.533703
862,2,0.523915
862,3,0.523915
862,4,0.535952
862,5,0.435590
862,6,0.456475
862,7,0.506369
862,8,0.525622
862,9,0.533703
862,10,0.523915
862,11,0.532282
862,12,0.426354
862,13,0.411744
862,14,0.435590
862,15,0.506369
863,1,0.533703
863,2,0.523915
863,3,0.532282
863,4,0.525622
863,5,0.445859
863,6,0.547988
863,7,0.532282
863,8,0.426354
863,9,0.506369
863,10,0.525622
863,11,0.426354
863,12,0.506369
863,13,0.525622
863,14,0.533703
863,15,0.532282
864,1,0.525622
864,2,0.533703
864,3,0.523915
864,4,0.523915
864,5,0.435590
864,6,0.411744
864,7,0.426345
864,8,0.533703
864,9,0.435590
864,10,0.506369
864,11,0.533703
864,12,0.523915
864,13,0.532282
864,14,0.525622
864,15,0.426354
865,1,0.405085
865,2,0.405085
865,3,0.411744
865,4,0.523915
865,5,0.532282
865,6,0.533703
865,7,0.523915
865,8,0.532282
865,9,0.525622
865,10,0.533703
865,11,0.532282
865,12,0.496329
865,13,0.574110
865,14,0.533703
865,15,0.435590
866,1,0.411744
866,2,0.475183
866,3,0.434589
866,4,0.411744
866,5,0.426345
866,6,0.533703
866,7,0.532282
866,8,0.525622
866,9,0.533703
866,10,0.532282
866,11,0.533703
866,12,0.435590
866,13,0.405085
866,14,0.405085
866,15,0.411744
867,1,0.435590
867,2,0.411744
867,3,0.435590
867,4,0.506369
867,5,0.525622
867,6,0.426354
867,7,0.411744
867,8,0.532282
867,9,0.525622
867,10,0.525622
867,11,0.426354
867,12,0.411744
867,13,0.435590
867,14,0.456475
867,15,0.405085
868,1,0.411744
868,2,0.523915
868,3,0.504142
868,4,0.532282
868,5,0.473956
868,6,0.434589
868,7,0.506369
868,8,0.533703
868,9,0.481201
868,10,0.574110
868,11,0.426354
868,12,0.405085
868,13,0.405085
868,14,0.405085
868,15,0.405085
869,1,0.487061
869,2,0.435590
869,3,0.411744
869,4,0.532282
869,5,0.426354
869,6,0.405085
869,7,0.506369
869,8,0.426354
869,9,0.411744
869,10,0.523915
869,11,0.435590
869,12,0.506369
869,13,0.533703
869,14,0.532282
869,15,0.525622
870,1,0.533703
870,2,0.532282
870,3,0.533703
870,4,0.523915
870,5,0.435590
870,6,0.411744
870,7,0.461217
870,8,0.411744
870,9,0.523915
870,10,0.532282
870,11,0.525622
870,12,0.525622
870,13,0.426354
870,14,0.452010
870,15,0.540846
871,1,0.532282
871,2,0.533703
871,3,0.523915
871,4,0.532282
871,5,0.525622
871,6,0.533703
871,7,0.492966
871,8,0.574110
871,9,0.426354
871,10,0.405085
871,11,0.415796
871,12,0.441741
871,13,0.506369
871,14,0.507999
871,15,0.531079
872,1,0.455326
872,2,0.434589
872,3,0.301782
872,4,0.406025
872,5,0.435590
872,6,0.506369
872,7,0.525622
872,8,0.525622
872,9,0.426354
872,10,0.438229
872,11,0.405085
872,12,0.411744
872,13,0.422172
872,14,0.506369
872,15,0.426354
873,1,0.405085
873,2,0.411744
873,3,0.435590
873,4,0.411744
873,5,0.434848
873,6,0.532282
873,7,0.525622
873,8,0.525622
873,9,0.533703
873,10,0.523915
873,11,0.523915
873,12,0.532282
873,13,0.525622
873,14,0.426354
873,15,0.411744
874,1,0.532282
874,2,0.533703
874,3,0.523915
874,4,0.435590
874,5,0.405085
874,6,0.405085
874,7,0.506369
874,8,0.426354
874,9,0.506369
874,10,0.533703
874,11,0.532282
874,12,0.525622
874,13,0.525622
874,14,0.426354
874,15,0.411744
875,1,0.435590
875,2,0.411744
875,3,0.422172
875,4,0.506369
875,5,0.525622
875,6,0.525622
875,7,0.525622
875,8,0.533703
875,9,0.523915
875,10,0.523915
875,11,0.435590
875,12,0.506369
875,13,0.533703
875,14,0.523915
875,15,0.532282
876,1,0.426354
876,2,0.411744
876,3,0.435590
876,4,0.506369
876,5,0.525622
876,6,0.533703
876,7,0.523915
876,8,0.523915
876,9,0.435590
876,10,0.506369
876,11,0.489181
876,12,0.547988
876,13,0.532282
876,14,0.533703
876,15,0.523915
877,1,0.523915
877,2,0.523915
877,3,0.494256
877,4,0.434589
877,5,0.481201
877,6,0.506369
877,7,0.426354
877,8,0.506369
877,9,0.533703
877,10,0.435590
877,11,0.411744
877,12,0.532282
877,13,0.533703
877,14,0.532282
877,15,0.533703
878,1,0.435590
878,2,0.411744
878,3,0.422172
878,4,0.411744
878,5,0.439651
878,6,0.411744
878,7,0.523915
878,8,0.435590
878,9,0.516185
878,10,0.574110
878,11,0.426354
878,12,0.506369
878,13,0.514624
878,14,0.523915
878,15,0.480626
879,1,0.574110
879,2,0.426354
879,3,0.534946
879,4,0.574110
879,5,0.533703
879,6,0.523915
879,7,0.532282
879,8,0.426354
879,9,0.506369
879,10,0.525622
879,11,0.426354
879,12,0.411744
879,13,0.523915
879,14,0.523915
879,15,0.435590
880,1,0.506369
880,2,0.525622
880,3,0.525622
880,4,0.533703
880,5,0.532282
880,6,0.525622
880,7,0.426354
880,8,0.411744
880,9,0.434848
880,10,0.435590
880,11,0.506369
880,12,0.540846
880,13,0.523915
880,14,0.435590
880,15,0.506369
881,1,0.426354
881,2,0.411744
881,3,0.523915
881,4,0.532282
881,5,0.426354
881,6,0.485880
881,7,0.434589
881,8,0.506369
881,9,0.534946
881,10,0.434589
881,11,0.506369
881,12,0.533703
881,13,0.523915
881,14,0.435590
881,15,0.411744
882,1,0.435590
882,2,0.411744
882,3,0.435590
882,4,0.405085
882,5,0.506369
882,6,0.533703
882,7,0.523915
882,8,0.523915
882,9,0.435590
882,10,0.405085
882,11,0.405085
882,12,0.405085
882,13,0.506369
882,14,0.457129
882,15,0.434589
883,1,0.405085
883,2,0.405085
883,3,0.405085
883,4,0.506369
883,5,0.533703
883,6,0.523915
883,7,0.532282
883,8,0.525622
883,9,0.426354
883,10,0.411744
883,11,0.532282
883,12,0.426354
883,13,0.506369
883,14,0.426354
883,15,0.506369
884,1,0.533703
884,2,0.523915
884,3,0.435590
884,4,0.506369
884,5,0.525622
884,6,0.525622
884,7,0.426354
884,8,0.506369
884,9,0.533703
884,10,0.532282
884,11,0.525622
884,12,0.426354
884,13,0.506369
884,14,0.426354
884,15,0.405085
885,1,0.506369
885,2,0.426354
885,3,0.405085
885,4,0.411744
885,5,0.435590
885,6,0.405085
885,7,0.506369
885,8,0.426354
885,9,0.506369
885,10,0.533703
885,11,0.523915
885,12,0.523915
885,13,0.435590
885,14,0.411744
885,15,0.434848
886,1,0.523915
886,2,0.435590
886,3,0.411744
886,4,0.435590
886,5,0.405085
886,6,0.506369
886,7,0.525622
886,8,0.525622
886,9,0.525622
886,10,0.488893
886,11,0.435590
886,12,0.411744
886,13,0.435590
886,14,0.411744
886,15,0.523915
887,1,0.523915
887,2,0.467157
887,3,0.540239
887,4,0.525622
887,5,0.533703
887,6,0.532282
887,7,0.426354
887,8,0.411744
887,9,0.434848
887,10,0.523915
887,11,0.435590
887,12,0.506369
887,13,0.426354
887,14,0.405085
887,15,0.506369
888,1,0.533703
888,2,0.472171
888,3,0.411744
888,4,0.435590
888,5,0.405085
888,6,0.405085
888,7,0.411744
888,8,0.435590
888,9,0.506369
888,10,0.525622
888,11,0.463308
888,12,0.405085
888,13,0.506369
888,14,0.525622
888,15,0.525622
889,1,0.446717
889,2,0.574110
889,3,0.426354
889,4,0.411744
889,5,0.523915
889,6,0.532282
889,7,0.533703
889,8,0.523915
889,9,0.523915
889,10,0.523915
889,11,0.523915
889,12,0.435590
889,13,0.411744
889,14,0.435590
889,15,0.411744
890,1,0.435590
890,2,0.411744
890,3,0.434848
890,4,0.532282
890,5,0.426354
890,6,0.411744
890,7,0.435590
890,8,0.485880
890,9,0.471671
890,10,0.506369
890,11,0.426354
890,12,0.405085
890,13,0.506369
890,14,0.525622
890,15,0.533703
891,1,0.532282
891,2,0.533703
891,3,0.532282
891,4,0.533703
891,5,0.523915
891,6,0.523915
891,7,0.479353
891,8,0.499364
891,9,0.547988
891,10,0.502064
891,11,0.488255
891,12,0.574110
891,13,0.525622
891,14,0.525622
891,15,0.454583
892,1,0.411744
892,2,0.523915
892,3,0.532282
892,4,0.533703
892,5,0.465932
892,6,0.435590
892,7,0.411744
892,8,0.523915
892,9,0.532282
892,10,0.478456
892,11,0.411744
892,12,0.532282
892,13,0.533703
892,14,0.532282
892,15,0.524886
893,1,0.523915
893,2,0.535827
893,3,0.525622
893,4,0.426354
893,5,0.405085
893,6,0.411744
893,7,0.523915
893,8,0.523915
893,9,0.523915
893,10,0.532282
893,11,0.525622
893,12,0.533703
893,13,0.512167
893,14,0.547988
893,15,0.523915
894,1,0.523915
894,2,0.435590
894,3,0.506369
894,4,0.525622
894,5,0.533703
894,6,0.523915
894,7,0.523915
894,8,0.435590
894,9,0.411744
894,10,0.532282
894,11,0.534946
894,12,0.434589
894,13,0.506369
894,14,0.533703
894,15,0.435590
895,1,0.411744
895,2,0.435590
895,3,0.411744
895,4,0.434848
895,5,0.532282
895,6,0.525622
895,7,0.525622
895,8,0.533703
895,9,0.523915
895,10,0.523915
895,11,0.435590
895,12,0.411744
895,13,0.422172
895,14,0.411744
895,15,0.523915
896,1,0.534058
896,2,0.574110
896,3,0.525622
896,4,0.426354
896,5,0.405085
896,6,0.506369
896,7,0.533703
896,8,0.523915
896,9,0.523915
896,10,0.450736
896,11,0.428541
896,12,0.426345
896,13,0.525622
896,14,0.426354
896,15,0.405085
897,1,0.411744
897,2,0.435590
897,3,0.453644
897,4,0.434848
897,5,0.523915
897,6,0.523915
897,7,0.435590
897,8,0.405085
897,9,0.415796
897,10,0.533703
897,11,0.532282
897,12,0.525622
897,13,0.525622
897,14,0.533703
897,15,0.532282
898,1,0.533703
898,2,0.523915
898,3,0.532282
898,4,0.525622
898,5,0.426354
898,6,0.411744
898,7,0.422172
898,8,0.411744
898,9,0.532282
898,10,0.533703
898,11,0.532282
898,12,0.426354
898,13,0.506369
898,14,0.456475
898,15,0.574110
899,1,0.533703
899,2,0.523915
899,3,0.523915
899,4,0.532282
899,5,0.525622
899,6,0.426354
899,7,0.506369
899,8,0.525622
899,9,0.533703
899,10,0.532282
899,11,0.533703
899,12,0.488714
899,13,0.434589
899,14,0.459244
899,15,0.443143
900,1,0.411744
900,2,0.532282
900,3,0.525622
900,4,0.525622
900,5,0.525622
900,6,0.426354
900,7,0.506369
900,8,0.426354
900,9,0.411744
900,10,0.523915
900,11,0.532282
900,12,0.525622
900,13,0.533703
900,14,0.532282
900,15,0.426354
901,1,0.506369
901,2,0.525622
901,3,0.426354
901,4,0.506369
901,5,0.426354
901,6,0.405085
901,7,0.405085
901,8,0.405085
901,9,0.506369
901,10,0.533703
901,11,0.512167
901,12,0.434589
901,13,0.405085
901,14,0.406025
901,15,0.523915
902,1,0.465932
902,2,0.532282
902,3,0.525622
902,4,0.533703
902,5,0.532282
902,6,0.533703
902,7,0.435590
902,8,0.506369
902,9,0.426354
902,10,0.411744
902,11,0.435590
902,12,0.506369
902,13,0.426354
902,14,0.405085
902,15,0.506369
903,1,0.426354
903,2,0.405085
903,3,0.415796
903,4,0.525622
903,5,0.533703
903,6,0.523915
903,7,0.442436
903,8,0.506369
903,9,0.533703
903,10,0.532282
903,11,0.533703
903,12,0.523915
903,13,0.532282
903,14,0.533703
903,15,0.532282
904,1,0.533703
904,2,0.523915
904,3,0.532282
904,4,0.525622
904,5,0.426354
904,6,0.411744
904,7,0.523915
904,8,0.435590
904,9,0.479866
904,10,0.426345
904,11,0.426354
904,12,0.411744
904,13,0.532282
904,14,0.525622
904,15,0.525622
905,1,0.525622
905,2,0.533703
905,3,0.435590
905,4,0.506369
905,5,0.426354
905,6,0.525421
905,7,0.574110
905,8,0.533703
905,9,0.523915
905,10,0.435590
905,11,0.405085
905,12,0.434589
905,13,0.434589
905,14,0.411744
905,15,0.435590
906,1,0.405085
906,2,0.411744
906,3,0.523915
906,4,0.435590
906,5,0.506369
906,6,0.525622
906,7,0.533703
906,8,0.532282
906,9,0.533703
906,10,0.435590
906,11,0.405085
906,12,0.405085
906,13,0.520477
906,14,0.434589
906,15,0.405085
907,1,0.405085
907,2,0.452673
907,3,0.405085
907,4,0.411744
907,5,0.523915
907,6,0.532282
907,7,0.525622
907,8,0.525622
907,9,0.525622
907,10,0.426354
907,11,0.411744
907,12,0.532282
907,13,0.533703
907,14,0.435590
907,15,0.405085
908,1,0.486746
908,2,0.574110
908,3,0.525622
908,4,0.426354
908,5,0.411744
908,6,0.532282
908,7,0.525622
908,8,0.533703
908,9,0.523915
908,10,0.523915
908,11,0.532282
908,12,0.525622
908,13,0.426354
908,14,0.411744
908,15,0.532282
909,1,0.525622
909,2,0.525622
909,3,0.525622
909,4,0.525622
909,5,0.426354
909,6,0.405085
909,7,0.506369
909,8,0.533703
909,9,0.532282
909,10,0.533703
909,11,0.523915
909,12,0.532282
909,13,0.525622
909,14,0.533703
909,15,0.435590
910,1,0.411744
910,2,0.435590
910,3,0.405085
910,4,0.506369
910,5,0.533703
910,6,0.532282
910,7,0.533703
910,8,0.532282
910,9,0.525622
910,10,0.533703
910,11,0.435590
910,12,0.506369
910,13,0.426354
910,14,0.506369
910,15,0.426354
911,1,0.411744
911,2,0.426345
911,3,0.525622
911,4,0.525622
911,5,0.426354
911,6,0.405085
911,7,0.411744
911,8,0.467926
911,9,0.482941
911,10,0.405085
911,11,0.411744
911,12,0.435590
911,13,0.405085
911,14,0.406025
911,15,0.532282
912,1,0.525622
912,2,0.533703
912,3,0.523915
912,4,0.532282
912,5,0.426354
912,6,0.411744
912,7,0.532282
912,8,0.426354
912,9,0.411744
912,10,0.523915
912,11,0.397650
912,12,0.547988
912,13,0.435590
912,14,0.405085
912,15,0.506369
913,1,0.426354
913,2,0.405085
913,3,0.411744
913,4,0.532282
913,5,0.426354
913,6,0.411744
913,7,0.435590
913,8,0.405085
913,9,0.506369
913,10,0.426354
913,11,0.405085
913,12,0.415796
913,13,0.525622
913,14,0.533703
913,15,0.532282
914,1,0.533703
914,2,0.523915
914,3,0.523915
914,4,0.523915
914,5,0.435590
914,6,0.405085
914,7,0.506369
914,8,0.426354
914,9,0.405085
914,10,0.443143
914,11,0.411744
914,12,0.397650
914,13,0.434589
914,14,0.411744
914,15,0.426345
915,1,0.525622
915,2,0.426354
915,3,0.405085
915,4,0.411744
915,5,0.523915
915,6,0.532282
915,7,0.426354
915,8,0.405085
915,9,0.506369
915,10,0.525622
915,11,0.525622
915,12,0.426354
915,13,0.506369
915,14,0.525622
915,15,0.525622
916,1,0.426354
916,2,0.405085
916,3,0.405085
916,4,0.506369
916,5,0.525622
916,6,0.436940
916,7,0.547988
916,8,0.435590
916,9,0.411744
916,10,0.426345
916,11,0.533703
916,12,0.523915
916,13,0.523915
916,14,0.532282
916,15,0.426354
917,1,0.411744
917,2,0.523915
917,3,0.523915
917,4,0.435590
917,5,0.405085
917,6,0.405085
917,7,0.411744
917,8,0.523915
917,9,0.435590
917,10,0.506369
917,11,0.533703
917,12,0.523915
917,13,0.435590
917,14,0.411744
917,15,0.532282
918,1,0.426354
918,2,0.411744
918,3,0.532282
918,4,0.525622
918,5,0.525622
918,6,0.525622
918,7,0.525622
918,8,0.525622
918,9,0.426354
918,10,0.506369
918,11,0.533703
918,12,0.523915
918,13,0.532282
918,14,0.533703
918,15,0.523915
919,1,0.523915
919,2,0.523915
919,3,0.500261
919,4,0.547988
919,5,0.523915
919,6,0.435590
919,7,0.511077
919,8,0.411744
919,9,0.532282
919,10,0.426354
919,11,0.411744
919,12,0.435590
919,13,0.405085
919,14,0.405085
919,15,0.411744
920,1,0.532282
920,2,0.533703
920,3,0.435590
920,4,0.506369
920,5,0.426354
920,6,0.506369
920,7,0.476884
920,8,0.574110
920,9,0.533703
920,10,0.435590
920,11,0.411744
920,12,0.523915
920,13,0.532282
920,14,0.489005
920,15,0.434589
921,1,0.405085
921,2,0.506369
921,3,0.426354
921,4,0.506369
921,5,0.525622
921,6,0.525622
921,7,0.533703
921,8,0.435590
921,9,0.506369
921,10,0.426354
921,11,0.506369
921,12,0.426354
921,13,0.411744
921,14,0.464966
921,15,0.426354
922,1,0.405085
922,2,0.491652
922,3,0.547988
922,4,0.435590
922,5,0.411744
922,6,0.435590
922,7,0.405085
922,8,0.405085
922,9,0.405085
922,10,0.405085
922,11,0.411744
922,12,0.532282
922,13,0.525622
922,14,0.426354
922,15,0.405085
923,1,0.411744
923,2,0.523915
923,3,0.435590
923,4,0.458403
923,5,0.523915
923,6,0.435590
923,7,0.405085
923,8,0.411744
923,9,0.532282
923,10,0.426354
923,11,0.405085
923,12,0.443143
923,13,0.506369
923,14,0.470054
923,15,0.523915
924,1,0.532282
924,2,0.426354
924,3,0.405085
924,4,0.438229
924,5,0.574110
924,6,0.426354
924,7,0.411744
924,8,0.532282
924,9,0.492966
924,10,0.574110
924,11,0.533703
924,12,0.435590
924,13,0.411744
924,14,0.426345
924,15,0.533703
925,1,0.492966
925,2,0.574110
925,3,0.426354
925,4,0.411744
925,5,0.473956
925,6,0.434589
925,7,0.411744
925,8,0.532282
925,9,0.533703
925,10,0.532282
925,11,0.426354
925,12,0.405085
925,13,0.406025
925,14,0.488479
925,15,0.485880
926,1,0.525622
926,2,0.426354
926,3,0.411744
926,4,0.435590
926,5,0.506369
926,6,0.426354
926,7,0.411744
926,8,0.435590
926,9,0.506369
926,10,0.525622
926,11,0.426354
926,12,0.506369
926,13,0.426354
926,14,0.506369
926,15,0.533703
927,1,0.523915
927,2,0.435590
927,3,0.411744
927,4,0.435590
927,5,0.411744
927,6,0.426345
927,7,0.525622
927,8,0.426354
927,9,0.405085
927,10,0.405085
927,11,0.411744
927,12,0.523915
927,13,0.532282
927,14,0.525622
927,15,0.540846
928,1,0.435590
928,2,0.506369
928,3,0.426354
928,4,0.506369
928,5,0.426354
928,6,0.405085
928,7,0.415796
928,8,0.525622
928,9,0.525622
928,10,0.533703
928,11,0.532282
928,12,0.533703
928,13,0.467425
928,14,0.574110
928,15,0.426354
929,1,0.405085
929,2,0.405085
929,3,0.506369
929,4,0.533703
929,5,0.532282
929,6,0.533703
929,7,0.435590
929,8,0.411744
929,9,0.523915
929,10,0.523915
929,11,0.532282
929,12,0.426354
929,13,0.411744
929,14,0.435590
929,15,0.405085
930,1,0.405085
930,2,0.411744
930,3,0.435590
930,4,0.456919
930,5,0.459167
930,6,0.405085
930,7,0.411744
930,8,0.426345
930,9,0.426354
930,10,0.482941
930,11,0.405085
930,12,0.506369
930,13,0.547988
930,14,0.574110
930,15,0.485880
931,1,0.456565
931,2,0.405085
931,3,0.411744
931,4,0.523915
931,5,0.532282
931,6,0.533703
931,7,0.488714
931,8,0.547988
931,9,0.532282
931,10,0.533703
931,11,0.523915
931,12,0.523915
931,13,0.523915
931,14,0.435590
931,15,0.506369
932,1,0.426354
932,2,0.464451
932,3,0.411744
932,4,0.523915
932,5,0.532282
932,6,0.525622
932,7,0.525622
932,8,0.533703
932,9,0.523915
932,10,0.435590
932,11,0.411744
932,12,0.435590
932,13,0.506369
932,14,0.533703
932,15,0.435590
933,1,0.405085
933,2,0.411744
933,3,0.532282
933,4,0.453735
933,5,0.405085
933,6,0.411744
933,7,0.434848
933,8,0.532282
933,9,0.525622
933,10,0.525622
933,11,0.426354
933,12,0.411744
933,13,0.426345
933,14,0.534946
933,15,0.434589
934,1,0.405085
934,2,0.506369
934,3,0.426354
934,4,0.506369
934,5,0.426354
934,6,0.411744
934,7,0.523915
934,8,0.435590
934,9,0.506369
934,10,0.426354
934,11,0.405085
934,12,0.405085
934,13,0.406025
934,14,0.523915
934,15,0.523915
935,1,0.532282
935,2,0.426354
935,3,0.411744
935,4,0.532282
935,5,0.426354
935,6,0.405085
935,7,0.405085
935,8,0.506369
935,9,0.426354
935,10,0.411744
935,11,0.426345
935,12,0.533703
935,13,0.435590
935,14,0.506369
935,15,0.426354
936,1,0.405085
936,2,0.506369
936,3,0.533703
936,4,0.484272
936,5,0.467926
936,6,0.574110
936,7,0.426354
936,8,0.411744
936,9,0.435590
936,10,0.411744
936,11,0.523915
936,12,0.435590
936,13,0.405085
936,14,0.405085
936,15,0.411744
937,1,0.426345
937,2,0.426354
937,3,0.405085
937,4,0.415796
937,5,0.426354
937,6,0.506369
937,7,0.479353
937,8,0.547988
937,9,0.435590
937,10,0.405085
937,11,0.443143
937,12,0.405085
937,13,0.506369
937,14,0.533703
937,15,0.523915
938,1,0.473956
938,2,0.500261
938,3,0.574110
938,4,0.426354
938,5,0.411744
938,6,0.422172
938,7,0.411744
938,8,0.434848
938,9,0.523915
938,10,0.485880
938,11,0.547988
938,12,0.532282
938,13,0.525622
938,14,0.533703
938,15,0.532282
939,1,0.486746
939,2,0.582009
939,3,0.434589
939,4,0.405085
939,5,0.443143
939,6,0.411744
939,7,0.532282
939,8,0.533703
939,9,0.532282
939,10,0.525622
939,11,0.525622
939,12,0.426354
939,13,0.506369
939,14,0.426354
939,15,0.411744
940,1,0.523915
940,2,0.435590
940,3,0.405085
940,4,0.506369
940,5,0.426354
940,6,0.411744
940,7,0.422172
940,8,0.405085
940,9,0.506369
940,10,0.525622
940,11,0.533703
940,12,0.532282
940,13,0.533703
940,14,0.435590
940,15,0.411744
941,1,0.532282
941,2,0.525622
941,3,0.426354
941,4,0.411744
941,5,0.434848
941,6,0.435590
941,7,0.405085
941,8,0.506369
941,9,0.525622
941,10,0.426354
941,11,0.411744
941,12,0.435590
941,13,0.411744
941,14,0.489005
941,15,0.547988
942,1,0.537365
942,2,0.523915
942,3,0.523915
942,4,0.523915
942,5,0.435590
942,6,0.411744
942,7,0.435590
942,8,0.411744
942,9,0.422172
942,10,0.471366
942,11,0.406025
942,12,0.532282
942,13,0.521306
942,14,0.574110
942,15,0.525622
943,1,0.525622
943,2,0.525622
943,3,0.426354
943,4,0.405085
943,5,0.405085
943,6,0.411744
943,7,0.523915
943,8,0.532282
943,9,0.426354
943,10,0.411744
943,11,0.523915
943,12,0.435590
943,13,0.405085
943,14,0.406025
943,15,0.435590
944,1,0.443065
944,2,0.434589
944,3,0.461727
944,4,0.506369
944,5,0.426354
944,6,0.506369
944,7,0.426354
944,8,0.405085
944,9,0.411744
944,10,0.523915
944,11,0.532282
944,12,0.426354
944,13,0.464451
944,14,0.506369
944,15,0.541978
945,1,0.547988
945,2,0.435590
945,3,0.405085
945,4,0.405085
945,5,0.411744
945,6,0.534946
945,7,0.574110
945,8,0.525622
945,9,0.525622
945,10,0.533703
945,11,0.435590
945,12,0.405085
945,13,0.405085
945,14,0.492131
945,15,0.547988
946,1,0.435590
946,2,0.411744
946,3,0.523915
946,4,0.486746
946,5,0.547988
946,6,0.435590
946,7,0.405085
946,8,0.443143
946,9,0.411744
946,10,0.434848
946,11,0.532282
946,12,0.426354
946,13,0.405085
946,14,0.458780
946,15,0.411744
947,1,0.488479
947,2,0.574110
947,3,0.525622
947,4,0.533703
947,5,0.532282
947,6,0.533703
947,7,0.532282
947,8,0.525622
947,9,0.426354
947,10,0.405085
947,11,0.443143
947,12,0.506369
947,13,0.426354
947,14,0.506369
947,15,0.426354
948,1,0.405085
948,2,0.405085
948,3,0.506369
948,4,0.525622
948,5,0.426354
948,6,0.411744
948,7,0.532282
948,8,0.533703
948,9,0.532282
948,10,0.525622
948,11,0.533703
948,12,0.523915
948,13,0.523915
948,14,0.523915
948,15,0.435590
949,1,0.411744
949,2,0.532282
949,3,0.426354
949,4,0.405085
949,5,0.411744
949,6,0.523915
949,7,0.435590
949,8,0.451389
949,9,0.506369
949,10,0.525622
949,11,0.426354
949,12,0.411744
949,13,0.523915
949,14,0.532282
949,15,0.426354
950,1,0.471671
950,2,0.506369
950,3,0.525622
950,4,0.467553
950,5,0.506369
950,6,0.426354
950,7,0.451927
950,8,0.434589
950,9,0.547988
950,10,0.532282
950,11,0.426354
950,12,0.525421
950,13,0.434589
950,14,0.405085
950,15,0.405085
951,1,0.506369
951,2,0.533703
951,3,0.523915
951,4,0.523915
951,5,0.523915
951,6,0.523915
951,7,0.532282
951,8,0.504507
951,9,0.434589
951,10,0.506369
951,11,0.426354
951,12,0.411744
951,13,0.435590
951,14,0.405085
951,15,0.411744
952,1,0.435590
952,2,0.405085
952,3,0.411744
952,4,0.532282
952,5,0.525622
952,6,0.426354
952,7,0.466601
952,8,0.547988
952,9,0.532282
952,10,0.525622
952,11,0.525622
952,12,0.533703
952,13,0.509730
952,14,0.435590
952,15,0.506369
953,1,0.525622
953,2,0.426354
953,3,0.411744
953,4,0.434848
953,5,0.435590
953,6,0.506369
953,7,0.520999
953,8,0.434589
953,9,0.411744
953,10,0.464327
953,11,0.405085
953,12,0.411744
953,13,0.523915
953,14,0.508753
953,15,0.472687
954,1,0.506369
954,2,0.525622
954,3,0.533703
954,4,0.435590
954,5,0.411744
954,6,0.523915
954,7,0.523915
954,8,0.532282
954,9,0.426354
954,10,0.411744
954,11,0.426345
954,12,0.525622
954,13,0.533703
954,14,0.435590
954,15,0.411744
955,1,0.422172
955,2,0.506369
955,3,0.533703
955,4,0.435590
955,5,0.405085
955,6,0.506369
955,7,0.426354
955,8,0.411744
955,9,0.532282
955,10,0.525622
955,11,0.533703
955,12,0.494256
955,13,0.574110
955,14,0.525622
955,15,0.525622
956,1,0.426354
956,2,0.506369
956,3,0.525622
956,4,0.533703
956,5,0.435590
956,6,0.431107
956,7,0.415796
956,8,0.533703
956,9,0.523915
956,10,0.435590
956,11,0.429401
956,12,0.510385
956,13,0.537712
956,14,0.547988
956,15,0.435590
957,1,0.411744
957,2,0.426345
957,3,0.533703
957,4,0.435590
957,5,0.506369
957,6,0.533703
957,7,0.435590
957,8,0.405085
957,9,0.506369
957,10,0.426354
957,11,0.405085
957,12,0.506369
957,13,0.525622
957,14,0.426354
957,15,0.405085
958,1,0.506369
958,2,0.525622
958,3,0.533703
958,4,0.532282
958,5,0.533703
958,6,0.435590
958,7,0.491652
958,8,0.574110
958,9,0.533703
958,10,0.523915
958,11,0.523915
958,12,0.435590
958,13,0.411744
958,14,0.435590
958,15,0.405085
959,1,0.506369
959,2,0.533703
959,3,0.500261
959,4,0.434589
959,5,0.506369
959,6,0.473124
959,7,0.506369
959,8,0.426354
959,9,0.411744
959,10,0.523915
959,11,0.523915
959,12,0.494256
959,13,0.574110
959,14,0.533703
959,15,0.435590
960,1,0.411744
960,2,0.435590
960,3,0.540239
960,4,0.426354
960,5,0.506369
960,6,0.533703
960,7,0.532282
960,8,0.533703
960,9,0.435590
960,10,0.405085
960,11,0.415796
960,12,0.533703
960,13,0.553196
960,14,0.525622
960,15,0.426354
961,1,0.411744
961,2,0.523915
961,3,0.435590
961,4,0.411744
961,5,0.486746
961,6,0.574110
961,7,0.525622
961,8,0.533703
961,9,0.523915
961,10,0.523915
961,11,0.435590
961,12,0.411744
961,13,0.523915
961,14,0.523915
961,15,0.479353
962,1,0.547988
962,2,0.435590
962,3,0.506369
962,4,0.533703
962,5,0.523915
962,6,0.473956
962,7,0.434589
962,8,0.405085
962,9,0.411744
962,10,0.435590
962,11,0.506369
962,12,0.525622
962,13,0.525622
962,14,0.426354
962,15,0.405085
963,1,0.506369
963,2,0.426354
963,3,0.506369
963,4,0.525622
963,5,0.525622
963,6,0.426354
963,7,0.411744
963,8,0.437492
963,9,0.434589
963,10,0.411744
963,11,0.523915
963,12,0.532282
963,13,0.533703
963,14,0.532282
963,15,0.533703
964,1,0.435590
964,2,0.405085
964,3,0.411744
964,4,0.532282
964,5,0.525622
964,6,0.533703
964,7,0.435590
964,8,0.473956
964,9,0.547988
964,10,0.435590
964,11,0.483527
964,12,0.506369
964,13,0.525622
964,14,0.525622
964,15,0.533703
965,1,0.435590
965,2,0.411744
965,3,0.434848
965,4,0.523915
965,5,0.523915
965,6,0.523915
965,7,0.532282
965,8,0.533703
965,9,0.435590
965,10,0.506369
965,11,0.426354
965,12,0.405085
965,13,0.411744
965,14,0.532282
965,15,0.426354
966,1,0.405085
966,2,0.506369
966,3,0.533703
966,4,0.435590
966,5,0.405085
966,6,0.415796
966,7,0.426354
966,8,0.411744
966,9,0.422172
966,10,0.411744
966,11,0.434848
966,12,0.532282
966,13,0.525622
966,14,0.426354
966,15,0.506369
967,1,0.533703
967,2,0.523915
967,3,0.435590
967,4,0.466824
967,5,0.405085
967,6,0.405085
967,7,0.415796
967,8,0.525622
967,9,0.525622
967,10,0.434589
967,11,0.574110
967,12,0.533703
967,13,0.532282
967,14,0.525622
967,15,0.533703
968,1,0.435590
968,2,0.506369
968,3,0.533703
968,4,0.486746
968,5,0.523730
968,6,0.547988
968,7,0.532282
968,8,0.478456
968,9,0.506369
968,10,0.525622
968,11,0.533703
968,12,0.523915
968,13,0.435590
968,14,0.453748
968,15,0.534946
969,1,0.405085
969,2,0.411744
969,3,0.434848
969,4,0.532282
969,5,0.533703
969,6,0.485880
969,7,0.434589
969,8,0.506369
969,9,0.426527
969,10,0.525622
969,11,0.426354
969,12,0.506369
969,13,0.426354
969,14,0.506369
969,15,0.456565
970,1,0.411744
970,2,0.426345
970,3,0.533703
970,4,0.557947
970,5,0.532282
970,6,0.445859
970,7,0.426354
970,8,0.411744
970,9,0.434848
970,10,0.523915
970,11,0.532282
970,12,0.426354
970,13,0.426046
970,14,0.426527
970,15,0.533703
971,1,0.494256
971,2,0.434589
971,3,0.506369
971,4,0.451013
971,5,0.523915
971,6,0.532282
971,7,0.476148
971,8,0.434589
971,9,0.506369
971,10,0.467123
971,11,0.405085
971,12,0.481337
971,13,0.451013
971,14,0.435590
971,15,0.506369
972,1,0.426527
972,2,0.426354
972,3,0.506369
972,4,0.451013
972,5,0.532282
972,6,0.533703
972,7,0.523915
972,8,0.445859
972,9,0.547988
972,10,0.532282
972,11,0.525622
972,12,0.426354
972,13,0.506369
972,14,0.525622
972,15,0.545029
973,1,0.456813
973,2,0.506369
973,3,0.426527
973,4,0.525622
973,5,0.533703
973,6,0.523915
973,7,0.565180
973,8,0.435590
973,9,0.411744
973,10,0.422172
973,11,0.471366
973,12,0.443143
973,13,0.415796
973,14,0.467123
973,15,0.405085
974,1,0.415796
974,2,0.525622
974,3,0.525622
974,4,0.547988
974,5,0.533703
974,6,0.532282
974,7,0.533703
974,8,0.557947
974,9,0.435590
974,10,0.492131
974,11,0.411744
974,12,0.532282
974,13,0.525622
974,14,0.426354
974,15,0.411744
975,1,0.422172
975,2,0.453748
975,3,0.415796
975,4,0.451013
975,5,0.532282
975,6,0.426354
975,7,0.506369
975,8,0.426354
975,9,0.405085
975,10,0.406025
975,11,0.461217
975,12,0.411744
975,13,0.422172
975,14,0.506369
975,15,0.467123
976,1,0.506369
976,2,0.451013
976,3,0.476915
976,4,0.533703
976,5,0.435590
976,6,0.405085
976,7,0.443143
976,8,0.406025
976,9,0.434848
976,10,0.422172
976,11,0.405085
976,12,0.443143
976,13,0.415796
976,14,0.426527
976,15,0.533703
977,1,0.532282
977,2,0.525622
977,3,0.426354
977,4,0.506369
977,5,0.495783
977,6,0.574110
977,7,0.533703
977,8,0.525749
977,9,0.533703
977,10,0.435590
977,11,0.431041
977,12,0.422172
977,13,0.506369
977,14,0.451013
977,15,0.532282
978,1,0.464078
978,2,0.506369
978,3,0.525622
978,4,0.426354
978,5,0.405085
978,6,0.443143
978,7,0.443143
978,8,0.406025
978,9,0.422172
978,10,0.453748
978,11,0.406025
978,12,0.434848
978,13,0.523915
978,14,0.532282
978,15,0.525622
979,1,0.426354
979,2,0.506369
979,3,0.451013
979,4,0.435590
979,5,0.405085
979,6,0.406025
979,7,0.426345
979,8,0.426354
979,9,0.405085
979,10,0.406025
979,11,0.433041
979,12,0.435590
979,13,0.506369
979,14,0.494256
979,15,0.574110
980,1,0.533703
980,2,0.523915
980,3,0.523915
980,4,0.435590
980,5,0.431041
980,6,0.422172
980,7,0.506369
980,8,0.451013
980,9,0.532282
980,10,0.426354
980,11,0.430537
980,12,0.434848
980,13,0.523915
980,14,0.532282
980,15,0.496329
981,1,0.533703
981,2,0.524371
981,3,0.450736
981,4,0.405085
981,5,0.415796
981,6,0.426527
981,7,0.525622
981,8,0.525622
981,9,0.533703
981,10,0.466824
981,11,0.574110
981,12,0.426354
981,13,0.426046
981,14,0.451013
981,15,0.435590
982,1,0.431041
982,2,0.426345
982,3,0.426354
982,4,0.426046
982,5,0.467123
982,6,0.430476
982,7,0.415796
982,8,0.426527
982,9,0.471671
982,10,0.434589
982,11,0.405085
982,12,0.406025
982,13,0.426345
982,14,0.426354
982,15,0.411744
983,1,0.434848
983,2,0.523915
983,3,0.435590
983,4,0.506369
983,5,0.426527
983,6,0.525622
983,7,0.426354
983,8,0.411744
983,9,0.434848
983,10,0.532282
983,11,0.426354
983,12,0.411744
983,13,0.434848
983,14,0.465932
983,15,0.450736
984,1,0.506369
984,2,0.426527
984,3,0.426354
984,4,0.430476
984,5,0.477006
984,6,0.434848
984,7,0.435590
984,8,0.405085
984,9,0.494256
984,10,0.483527
984,11,0.434589
984,12,0.405085
984,13,0.415796
984,14,0.426527
984,15,0.504199
985,1,0.435590
985,2,0.411744
985,3,0.426345
985,4,0.426354
985,5,0.411744
985,6,0.426345
985,7,0.426354
985,8,0.405085
985,9,0.415796
985,10,0.525622
985,11,0.525622
985,12,0.520999
985,13,0.426354
985,14,0.405085
985,15,0.443143
986,1,0.406025
986,2,0.434848
986,3,0.535827
986,4,0.525622
986,5,0.525622
986,6,0.533703
986,7,0.532282
986,8,0.533703
986,9,0.557947
986,10,0.523915
986,11,0.532282
986,12,0.426354
986,13,0.506369
986,14,0.451013
986,15,0.435590
987,1,0.411744
987,2,0.422172
987,3,0.405085
987,4,0.479353
987,5,0.506369
987,6,0.533703
987,7,0.535952
987,8,0.523915
987,9,0.435590
987,10,0.405085
987,11,0.458780
987,12,0.415796
987,13,0.426527
987,14,0.533703
987,15,0.501971
988,1,0.512050
988,2,0.435590
988,3,0.405085
988,4,0.443143
988,5,0.443143
988,6,0.415796
988,7,0.451013
988,8,0.435590
988,9,0.431041
988,10,0.422172
988,11,0.506369
988,12,0.426527
988,13,0.525622
988,14,0.525622
988,15,0.426354
989,1,0.411744
989,2,0.422172
989,3,0.411744
989,4,0.426345
989,5,0.426354
989,6,0.426046
989,7,0.533703
989,8,0.523915
989,9,0.523915
989,10,0.435590
989,11,0.411744
989,12,0.422172
989,13,0.434589
989,14,0.405085
989,15,0.411744
990,1,0.426345
990,2,0.533703
990,3,0.523915
990,4,0.532282
990,5,0.525622
990,6,0.533703
990,7,0.435590
990,8,0.506369
990,9,0.467123
990,10,0.411744
990,11,0.426345
990,12,0.426354
990,13,0.405085
990,14,0.415796
990,15,0.467123
991,1,0.506369
991,2,0.451013
991,3,0.532282
991,4,0.533703
991,5,0.435590
991,6,0.405085
991,7,0.406025
991,8,0.434848
991,9,0.523915
991,10,0.565180
991,11,0.435590
991,12,0.506369
991,13,0.451013
991,14,0.557947
991,15,0.435590
992,1,0.405085
992,2,0.415796
992,3,0.533703
992,4,0.557947
992,5,0.532282
992,6,0.533703
992,7,0.435590
992,8,0.431041
992,9,0.422172
992,10,0.411744
992,11,0.434848
992,12,0.523915
992,13,0.532282
992,14,0.397650
992,15,0.547988
993,1,0.582009
993,2,0.435590
993,3,0.506369
993,4,0.426527
993,5,0.533703
993,6,0.523915
993,7,0.532282
993,8,0.426354
993,9,0.405085
993,10,0.406025
993,11,0.422172
993,12,0.405629
993,13,0.426527
993,14,0.426354
993,15,0.506369
994,1,0.426354
994,2,0.405085
994,3,0.415796
994,4,0.547988
994,5,0.426354
994,6,0.411744
994,7,0.434848
994,8,0.523915
994,9,0.435590
994,10,0.411744
994,11,0.434848
994,12,0.532282
994,13,0.504507
994,14,0.574110
994,15,0.525622
995,1,0.492131
995,2,0.574110
995,3,0.426354
995,4,0.430537
995,5,0.426345
995,6,0.426354
995,7,0.485880
995,8,0.430476
995,9,0.411744
995,10,0.434848
995,11,0.498746
995,12,0.533703
995,13,0.435590
995,14,0.431041
995,15,0.422172
996,1,0.406025
996,2,0.434848
996,3,0.450736
996,4,0.411744
996,5,0.492966
996,6,0.523915
996,7,0.532282
996,8,0.489181
996,9,0.434096
996,10,0.434589
996,11,0.506369
996,12,0.467123
996,13,0.506369
996,14,0.451013
996,15,0.557947
997,1,0.523915
997,2,0.532282
997,3,0.426354
997,4,0.506369
997,5,0.426527
997,6,0.426354
997,7,0.411744
997,8,0.422172
997,9,0.506369
997,10,0.547988
997,11,0.533703
997,12,0.472804
997,13,0.525622
997,14,0.525622
997,15,0.426354
998,1,0.411744
998,2,0.426345
998,3,0.525622
998,4,0.525622
998,5,0.426354
998,6,0.405085
998,7,0.443143
998,8,0.415796
998,9,0.467123
998,10,0.516185
998,11,0.426354
998,12,0.411744
998,13,0.422172
998,14,0.405629
998,15,0.451013
999,1,0.523915
999,2,0.435590
999,3,0.506369
999,4,0.426527
999,5,0.426354
999,6,0.506369
999,7,0.426527
999,8,0.426354
999,9,0.411744
999,10,0.422172
999,11,0.411744
999,12,0.434848
999,13,0.499956
999,14,0.426354
999,15,0.411744
1000,1,0.426345
1000,2,0.426354
1000,3,0.411744
1000,4,0.434848
1000,5,0.523915
1000,6,0.450736
1000,7,0.411744
1000,8,0.426345
1000,9,0.533703
1000,10,0.532282
1000,11,0.426354
1000,12,0.405085
1000,13,0.406025
1000,14,0.422172
1000,15,0.431041
1001,1,0.426345
1001,2,0.533703
1001,3,0.532282
1001,4,0.525622
1001,5,0.464451
1001,6,0.533703
1001,7,0.523915
1001,8,0.435590
1001,9,0.431041
1001,10,0.434848
1001,11,0.532282
1001,12,0.525622
1001,13,0.426354
1001,14,0.411744
1001,15,0.494256
1002,1,0.532282
1002,2,0.426354
1002,3,0.405085
1002,4,0.459058
1002,5,0.411744
1002,6,0.483348
1002,7,0.435590
1002,8,0.405085
1002,9,0.406025
1002,10,0.422172
1002,11,0.411744
1002,12,0.496311
1002,13,0.525622
1002,14,0.533703
1002,15,0.532282
1003,1,0.426354
1003,2,0.446882
1003,3,0.426345
1003,4,0.533703
1003,5,0.532282
1003,6,0.533703
1003,7,0.531881
1003,8,0.533703
1003,9,0.435590
1003,10,0.490665
1003,11,0.422172
1003,12,0.405085
1003,13,0.406025
1003,14,0.426345
1003,15,0.533703
1004,1,0.473335
1004,2,0.532282
1004,3,0.426354
1004,4,0.411744
1004,5,0.532282
1004,6,0.533703
1004,7,0.532282
1004,8,0.525622
1004,9,0.525622
1004,10,0.426354
1004,11,0.411744
1004,12,0.426345
1004,13,0.525622
1004,14,0.525622
1004,15,0.533703
1005,1,0.435590
1005,2,0.432268
1005,3,0.443143
1005,4,0.415796
1005,5,0.467123
1005,6,0.405085
1005,7,0.434950
1005,8,0.426527
1005,9,0.533703
1005,10,0.435590
1005,11,0.473184
1005,12,0.434848
1005,13,0.523915
1005,14,0.451235
1005,15,0.411744
1006,1,0.434848
1006,2,0.523915
1006,3,0.532282
1006,4,0.426354
1006,5,0.506369
1006,6,0.470263
1006,7,0.426354
1006,8,0.405085
1006,9,0.415796
1006,10,0.426527
1006,11,0.533703
1006,12,0.435590
1006,13,0.488714
1006,14,0.405085
1006,15,0.511102
1007,1,0.506369
1007,2,0.525622
1007,3,0.426354
1007,4,0.506369
1007,5,0.467123
1007,6,0.506369
1007,7,0.533703
1007,8,0.532282
1007,9,0.525622
1007,10,0.525622
1007,11,0.525622
1007,12,0.525622
1007,13,0.533703
1007,14,0.450098
1007,15,0.405085
1008,1,0.415796
1008,2,0.426527
1008,3,0.533703
1008,4,0.435590
1008,5,0.506369
1008,6,0.451013
1008,7,0.523915
1008,8,0.532282
1008,9,0.426354
1008,10,0.430476
1008,11,0.406025
1008,12,0.426345
1008,13,0.533703
1008,14,0.523915
1008,15,0.523915
1009,1,0.532282
1009,2,0.457308
1009,3,0.344733
1009,4,0.452693
1009,5,0.443143
1009,6,0.443143
1009,7,0.443143
1009,8,0.484952
1009,9,0.426354
1009,10,0.405085
1009,11,0.443143
1009,12,0.425151
1009,13,0.434848
1009,14,0.435590
1009,15,0.405085
1010,1,0.415796
1010,2,0.426527
1010,3,0.426354
1010,4,0.411744
1010,5,0.434848
1010,6,0.532282
1010,7,0.426354
1010,8,0.435665
1010,9,0.434848
1010,10,0.435590
1010,11,0.405085
1010,12,0.406025
1010,13,0.426345
1010,14,0.525622
1010,15,0.525622
1011,1,0.426354
1011,2,0.411744
1011,3,0.422172
1011,4,0.419370
1011,5,0.426527
1011,6,0.525622
1011,7,0.426354
1011,8,0.411744
1011,9,0.489005
1011,10,0.574110
1011,11,0.525622
1011,12,0.525622
1011,13,0.426354
1011,14,0.405085
1011,15,0.406025
1012,1,0.482941
1012,2,0.574110
1012,3,0.426354
1012,4,0.405085
1012,5,0.406025
1012,6,0.426345
1012,7,0.533703
1012,8,0.525749
1012,9,0.426354
1012,10,0.411744
1012,11,0.426345
1012,12,0.525622
1012,13,0.426354
1012,14,0.405085
1012,15,0.443143
1013,1,0.406025
1013,2,0.426345
1013,3,0.533703
1013,4,0.521767
1013,5,0.532282
1013,6,0.533703
1013,7,0.435590
1013,8,0.411744
1013,9,0.434848
1013,10,0.565180
1013,11,0.565180
1013,12,0.435590
1013,13,0.431041
1013,14,0.434848
1013,15,0.532282
1014,1,0.525622
1014,2,0.525622
1014,3,0.533703
1014,4,0.532282
1014,5,0.525622
1014,6,0.529150
1014,7,0.525622
1014,8,0.525622
1014,9,0.533703
1014,10,0.523915
1014,11,0.532282
1014,12,0.533703
1014,13,0.523915
1014,14,0.435590
1014,15,0.473956
