request_id,request_type,access_rate
0,s,0.800000
1,s,0.800000
2,p,0.800000
3,s,0.200000
4,p,0.600000
5,s,0.400000
6,d,0.200000
7,p,0.400000
8,p,0.200000
9,p,0.400000
10,s,1.000000
11,p,0.400000
12,p,0.200000
13,s,0.400000
14,s,0.600000
15,d,0.800000
16,p,0.400000
17,s,0.600000
18,d,0.200000
19,p,0.600000
20,s,0.600000
21,s,0.200000
22,p,0.600000
23,p,0.400000
24,p,0.400000
25,s,0.800000
26,s,0.600000
27,p,0.600000
28,p,0.400000
29,s,0.600000
30,p,0.800000
31,s,0.400000
32,p,0.200000
33,d,0.800000
34,d,0.200000
35,p,0.600000
36,p,0.600000
37,s,0.600000
38,d,0.600000
39,d,0.600000
40,d,0.600000
41,p,0.200000
42,d,1.000000
43,d,0.200000
44,p,0.400000
45,p,0.800000
46,d,0.800000
47,d,0.200000
48,d,0.600000
49,p,0.600000
50,s,0.400000
51,p,0.600000
52,p,0.600000
53,p,0.400000
54,p,0.600000
55,d,0.600000
56,d,0.400000
57,s,0.800000
58,s,0.400000
59,d,0.800000
60,p,1.000000
61,p,0.400000
62,s,0.600000
63,s,0.600000
64,s,0.200000
65,d,0.400000
66,d,0.400000
67,p,0.600000
68,p,0.600000
69,s,0.400000
70,p,0.200000
71,p,1.000000
72,d,0.800000
73,p,0.800000
74,s,0.600000
75,p,0.800000
76,d,0.200000
77,p,0.400000
78,s,0.600000
79,s,0.400000
80,p,0.400000
81,s,0.600000
82,p,0.200000
83,d,1.000000
84,s,0.400000
85,p,0.600000
86,p,0.200000
87,s,0.600000
88,p,0.200000
89,p,0.600000
90,d,0.800000
91,s,0.600000
92,d,0.800000
93,d,0.600000
94,d,0.200000
95,p,0.400000
96,s,0.400000
97,d,0.200000
98,d,0.400000
99,d,0.600000
100,d,0.400000
101,d,0.800000
102,d,0.400000
103,p,0.600000
104,s,0.200000
105,s,0.800000
106,s,0.800000
107,s,0.200000
108,d,0.600000
109,d,0.800000
110,s,0.600000
111,d,0.400000
112,p,0.600000
113,d,0.800000
114,p,0.400000
115,d,0.600000
116,s,0.800000
117,p,0.200000
118,s,0.800000
119,p,0.400000
120,p,0.400000
121,d,0.800000
122,d,0.600000
123,d,0.800000
124,p,0.400000
125,s,0.600000
126,p,0.600000
127,s,0.400000
128,s,0.400000
129,p,0.400000
130,s,0.400000
131,d,0.600000
132,p,0.200000
133,d,0.800000
134,p,0.800000
135,s,0.600000
136,d,0.600000
137,p,0.200000
138,d,0.600000
139,s,0.800000
140,p,0.200000
141,s,0.800000
142,d,0.600000
143,d,1.000000
144,s,0.400000
145,p,0.400000
146,s,0.600000
147,s,0.200000
148,s,0.200000
149,s,0.600000
150,p,1.000000
151,p,0.200000
152,s,0.200000
153,p,0.400000
154,p,0.400000
155,d,0.600000
156,p,0.800000
157,s,0.600000
158,d,0.600000
159,s,0.200000
160,d,0.400000
161,d,0.400000
162,d,0.200000
163,d,0.200000
164,s,0.800000
165,s,0.400000
166,s,0.400000
167,p,0.400000
168,s,0.800000
169,s,0.600000
170,d,0.600000
171,s,0.600000
172,d,0.600000
173,s,0.600000
174,d,0.400000
175,s,0.600000
176,p,0.600000
177,d,0.600000
178,d,0.200000
179,d,0.400000
180,p,0.600000
181,p,0.400000
182,s,0.400000
183,p,1.000000
184,p,0.400000
185,s,0.400000
186,d,0.600000
187,d,0.600000
188,p,0.600000
189,d,0.800000
190,p,0.600000
191,p,0.400000
192,s,0.400000
193,d,0.200000
194,s,0.800000
195,d,0.800000
196,s,0.600000
197,d,0.400000
198,d,0.400000
199,p,1.000000
200,p,0.600000
201,d,0.600000
202,s,0.600000
203,p,0.400000
204,s,0.600000
205,d,0.600000
206,p,0.600000
207,s,0.800000
208,d,0.600000
209,p,0.400000
210,s,0.200000
211,d,0.600000
212,p,0.800000
213,d,0.400000
214,d,0.200000
215,p,0.600000
216,d,0.400000
217,p,0.400000
218,s,0.600000
219,s,0.400000
220,p,0.600000
221,s,0.400000
222,p,0.600000
223,p,0.600000
224,p,0.800000
225,s,0.600000
226,s,0.600000
227,p,0.800000
228,p,0.800000
229,s,0.400000
230,s,0.600000
231,s,0.800000
232,p,0.800000
233,d,0.600000
234,s,0.800000
235,d,0.400000
236,p,0.800000
237,d,0.200000
238,p,0.800000
239,s,0.400000
240,d,0.600000
241,d,0.400000
242,p,0.800000
243,d,0.800000
244,s,0.400000
245,d,0.800000
246,s,0.600000
247,s,0.400000
248,d,0.600000
249,p,0.800000
250,s,0.400000
251,s,0.800000
252,p,0.600000
253,s,0.600000
254,d,0.400000
255,p,0.600000
256,p,0.600000
257,p,0.400000
258,d,0.200000
259,s,0.600000
260,s,0.400000
261,p,0.600000
262,p,0.400000
263,s,0.400000
264,p,0.600000
265,s,0.400000
266,s,0.200000
267,d,0.400000
268,p,1.000000
269,p,0.400000
270,p,0.400000
271,d,0.400000
272,s,0.600000
273,s,0.800000
274,p,0.600000
275,p,0.600000
276,d,0.400000
277,p,0.400000
278,s,0.400000
279,p,0.600000
280,p,0.400000
281,s,0.400000
282,d,0.600000
283,p,0.600000
284,d,0.400000
285,s,0.400000
286,s,0.800000
287,d,0.800000
288,d,0.400000
289,p,0.800000
290,d,0.400000
291,s,0.400000
292,s,0.600000
293,d,0.800000
294,s,0.400000
295,s,0.400000
296,d,0.600000
297,d,0.400000
298,p,0.200000
299,p,0.600000
300,s,0.600000
301,s,0.400000
302,s,0.400000
303,s,0.600000
304,s,0.400000
305,p,0.400000
306,d,0.400000
307,d,0.800000
308,d,0.400000
309,p,1.000000
310,s,0.200000
311,s,0.600000
312,d,0.400000
313,d,0.400000
314,d,0.600000
315,s,0.800000
316,p,0.200000
317,d,0.600000
318,d,0.800000
319,s,0.800000
320,d,0.400000
321,s,0.600000
322,d,0.200000
323,p,0.400000
324,s,0.800000
325,p,0.600000
326,s,0.600000
327,p,0.400000
328,s,0.400000
329,d,0.200000
330,p,0.400000
331,d,0.800000
332,s,0.400000
333,d,0.600000
334,d,0.400000
335,p,0.600000
336,s,0.400000
337,s,0.200000
338,p,0.800000
339,p,0.600000
340,s,0.600000
341,d,0.400000
342,p,0.400000
343,s,0.400000
344,p,0.600000
345,s,0.400000
346,s,0.200000
347,p,0.600000
348,p,0.600000
349,d,0.600000
350,s,0.400000
351,p,0.400000
352,s,0.600000
353,d,0.600000
354,p,0.200000
355,d,0.800000
356,s,0.600000
357,s,0.600000
358,s,0.600000
359,p,0.600000
360,s,0.400000
361,s,0.400000
362,d,0.600000
363,p,0.200000
364,s,0.400000
365,p,0.200000
366,d,0.400000
367,d,0.400000
368,s,0.600000
369,d,0.600000
370,p,0.400000
371,s,0.200000
372,p,0.800000
373,d,0.600000
374,d,0.400000
375,d,0.400000
376,s,0.400000
377,s,0.400000
378,s,0.800000
379,p,0.400000
380,s,0.400000
381,p,0.800000
382,p,0.600000
383,p,0.600000
384,d,0.800000
385,s,0.200000
386,s,0.800000
387,s,0.800000
388,s,0.600000
389,d,0.400000
390,s,0.400000
391,s,0.200000
392,s,0.600000
393,s,0.400000
394,p,1.000000
395,p,0.400000
396,d,0.400000
397,p,0.400000
398,s,0.400000
399,p,0.400000
400,p,0.600000
401,p,0.400000
402,p,0.600000
403,p,0.400000
404,s,0.400000
405,p,0.600000
406,p,0.400000
407,p,0.400000
408,d,0.400000
409,p,0.400000
410,d,0.200000
411,s,0.600000
412,s,0.800000
413,d,0.800000
414,d,0.600000
415,p,0.400000
416,d,0.800000
417,s,1.000000
418,d,0.600000
419,s,0.800000
420,s,0.800000
421,d,0.400000
422,p,0.400000
423,p,0.600000
424,d,0.600000
425,d,0.600000
426,s,0.800000
427,s,0.600000
428,p,0.600000
429,d,0.600000
430,d,0.400000
431,d,0.400000
432,p,0.800000
433,s,0.600000
434,d,0.400000
435,d,0.400000
436,d,0.400000
437,p,0.600000
438,d,0.600000
439,p,0.800000
440,s,0.200000
441,p,0.600000
442,d,0.400000
443,s,0.600000
444,s,0.800000
445,s,0.400000
446,d,0.600000
447,d,0.400000
448,s,0.200000
449,s,0.600000
450,s,0.400000
451,d,0.400000
452,d,0.400000
453,d,0.600000
454,s,0.400000
455,s,0.600000
456,s,0.800000
457,s,0.600000
458,d,0.800000
459,s,0.400000
460,s,0.600000
461,p,0.400000
462,d,0.400000
463,p,0.400000
464,d,0.200000
465,p,0.200000
466,s,0.200000
467,p,0.400000
468,p,0.600000
469,s,1.000000
470,p,0.600000
471,s,0.800000
472,s,0.600000
473,d,0.400000
474,d,0.600000
475,p,0.400000
476,s,0.600000
477,p,0.200000
478,d,0.400000
479,s,0.200000
480,p,1.000000
481,p,0.600000
482,p,0.600000
483,d,0.600000
484,d,0.600000
485,d,0.600000
486,d,0.600000
487,d,0.200000
488,p,0.600000
489,d,0.600000
490,p,0.400000
491,p,0.600000
492,s,0.800000
493,d,0.600000
494,d,0.200000
495,s,0.600000
496,s,0.600000
497,p,0.400000
498,s,0.600000
499,d,0.800000
500,p,0.800000
501,p,0.400000
502,p,0.200000
503,s,0.200000
504,d,0.400000
505,s,0.200000
506,s,0.800000
507,s,0.400000
508,s,0.400000
509,p,0.600000
510,d,0.400000
511,d,0.200000
512,p,0.400000
513,p,0.600000
514,p,0.800000
515,d,0.200000
516,s,0.800000
517,d,0.400000
518,p,0.400000
519,d,0.400000
520,d,0.800000
521,p,0.600000
522,d,0.600000
523,d,0.800000
524,s,0.400000
525,p,0.400000
526,s,0.600000
527,p,0.400000
528,p,0.200000
529,d,0.400000
530,s,0.600000
531,s,1.000000
532,d,0.600000
533,p,0.400000
534,d,0.200000
535,p,0.400000
536,s,0.800000
537,s,0.600000
538,p,0.200000
539,s,0.800000
540,s,0.600000
541,d,0.400000
542,p,0.400000
543,p,0.600000
544,p,0.400000
545,s,0.400000
546,s,0.600000
547,p,0.800000
548,s,0.800000
549,s,0.200000
550,d,0.600000
551,p,0.600000
552,d,0.600000
553,p,0.200000
554,d,0.600000
555,p,0.600000
556,s,0.600000
557,s,0.400000
558,d,0.200000
559,d,0.200000
560,d,0.400000
561,p,0.600000
562,d,0.200000
563,d,0.400000
564,p,0.400000
565,p,0.800000
566,s,0.200000
567,s,0.400000
568,p,1.000000
569,d,0.600000
570,s,0.600000
571,s,0.200000
572,p,0.400000
573,s,0.800000
574,s,0.600000
575,p,0.400000
576,d,0.200000
577,s,0.200000
578,p,0.800000
579,d,0.600000
580,s,0.200000
581,d,0.600000
582,p,0.400000
583,s,0.600000
584,p,0.600000
585,d,0.600000
586,d,0.800000
587,d,0.200000
588,s,0.600000
589,s,0.400000
590,s,0.600000
591,d,1.000000
592,p,0.400000
593,s,0.400000
594,p,0.600000
595,d,0.200000
596,s,0.600000
597,p,0.400000
598,d,0.600000
599,d,0.400000
600,s,0.200000
601,s,0.600000
602,p,0.400000
603,s,0.600000
604,s,0.200000
605,d,0.800000
606,p,0.800000
607,p,0.600000
608,d,0.600000
609,d,0.800000
610,p,0.600000
611,p,1.000000
612,s,0.400000
613,p,0.200000
614,s,0.600000
615,s,1.000000
616,d,0.400000
617,d,0.600000
618,s,0.600000
619,d,0.200000
620,s,0.400000
621,s,1.000000
622,d,0.800000
623,p,0.800000
624,d,0.400000
625,s,0.600000
626,s,1.000000
627,s,1.000000
628,s,0.400000
629,s,0.400000
630,d,0.400000
631,d,0.600000
632,d,0.400000
633,p,0.400000
634,p,0.600000
635,s,0.600000
636,p,0.400000
637,d,0.400000
638,s,0.200000
639,p,0.200000
640,s,1.000000
641,d,0.600000
642,p,0.400000
643,d,0.800000
644,d,0.400000
645,d,0.600000
646,p,0.800000
647,d,0.400000
648,s,0.400000
649,s,1.000000
650,s,0.400000
651,s,0.600000
652,d,0.400000
653,p,0.800000
654,d,0.200000
655,p,0.400000
656,s,0.600000
657,p,0.400000
658,d,0.400000
659,s,0.600000
660,s,0.400000
661,p,0.400000
662,p,0.400000
663,p,0.400000
664,d,0.400000
665,s,0.200000
666,p,0.800000
667,p,0.200000
668,d,0.600000
669,d,0.200000
670,p,0.400000
671,p,0.400000
672,p,0.800000
673,s,0.800000
674,p,0.600000
675,s,0.600000
676,d,0.800000
677,d,0.400000
678,d,0.800000
679,s,1.000000
680,s,0.600000
681,d,0.400000
682,p,0.800000
683,s,0.200000
684,d,0.600000
685,p,1.000000
686,p,0.400000
687,d,0.200000
688,p,0.600000
689,s,0.400000
690,s,0.200000
691,d,0.400000
692,d,0.600000
693,p,0.800000
694,s,0.200000
695,d,0.200000
696,p,0.200000
697,p,0.600000
698,s,0.400000
699,s,0.600000
700,p,0.200000
701,s,1.000000
702,p,0.400000
703,d,0.600000
704,s,0.200000
705,d,0.600000
706,s,0.400000
707,p,0.400000
708,p,0.400000
709,p,0.400000
710,d,0.400000
711,s,0.600000
712,s,0.400000
713,d,0.400000
714,s,0.800000
715,d,0.200000
716,p,0.600000
717,d,0.600000
718,p,0.200000
719,s,0.800000
720,s,0.200000
721,s,0.200000
722,s,1.000000
723,s,0.400000
724,d,0.400000
725,d,0.400000
726,s,0.200000
727,d,1.000000
728,s,0.600000
729,s,0.200000
730,d,0.400000
731,s,0.200000
732,d,0.400000
733,p,0.600000
734,s,0.400000
735,s,0.600000
736,d,0.400000
737,d,0.600000
738,p,0.400000
739,p,0.800000
740,d,0.200000
741,s,0.600000
742,d,0.400000
743,s,0.600000
744,s,0.800000
745,d,0.200000
746,d,0.600000
747,s,0.600000
748,d,0.600000
749,d,0.600000
750,p,0.600000
751,p,0.600000
752,s,0.600000
753,s,0.400000
754,p,0.200000
755,s,0.200000
756,d,0.200000
757,p,0.400000
758,d,0.200000
759,s,0.200000
760,d,0.400000
761,s,0.400000
762,d,0.200000
763,s,0.600000
764,s,0.600000
765,s,0.600000
766,d,0.600000
767,s,0.600000
768,p,0.400000
769,p,0.800000
770,d,0.600000
771,p,0.600000
772,d,0.600000
773,d,0.600000
774,p,0.400000
775,d,0.800000
776,s,0.800000
777,s,0.600000
778,s,0.400000
779,p,0.800000
780,p,0.200000
781,p,0.200000
782,s,1.000000
783,s,0.400000
784,s,0.600000
785,d,0.800000
786,s,0.600000
787,d,0.800000
788,s,0.200000
789,p,0.400000
790,d,0.600000
791,p,0.600000
792,s,0.800000
793,p,0.600000
794,p,0.600000
795,s,0.800000
796,p,0.600000
797,s,0.200000
798,p,0.800000
799,p,0.400000
800,s,0.200000
801,p,0.600000
802,d,0.400000
803,d,0.400000
804,d,0.600000
805,p,0.800000
806,s,0.600000
807,d,0.800000
808,p,0.800000
809,p,0.600000
810,s,0.600000
811,d,0.600000
812,d,0.600000
813,s,0.600000
814,p,0.400000
815,d,0.600000
816,d,0.600000
817,d,0.600000
818,d,0.400000
819,s,0.400000
820,p,0.600000
821,p,0.400000
822,s,0.400000
823,d,0.200000
824,d,0.600000
825,p,0.400000
826,d,0.600000
827,d,0.200000
828,d,0.600000
829,p,0.800000
830,d,0.800000
831,d,0.600000
832,d,0.600000
833,d,0.400000
834,p,0.200000
835,p,0.400000
836,p,0.200000
837,p,0.200000
838,p,0.600000
839,s,1.000000
840,s,0.800000
841,p,0.800000
842,s,0.600000
843,s,0.400000
844,s,0.800000
845,p,0.400000
846,d,0.400000
847,p,0.600000
848,p,0.600000
849,d,0.400000
850,s,0.800000
851,p,0.400000
852,d,0.400000
853,s,0.400000
854,d,0.400000
855,d,0.200000
856,p,0.600000
857,p,0.400000
858,p,0.200000
859,d,0.800000
860,d,0.800000
861,p,0.800000
862,p,0.400000
863,s,0.600000
864,p,0.800000
865,s,0.600000
866,s,0.400000
867,s,0.600000
868,d,0.600000
869,s,0.400000
870,p,0.400000
871,s,0.400000
872,s,0.400000
873,d,0.400000
874,p,0.600000
875,p,0.800000
876,d,0.400000
877,d,0.800000
878,p,0.400000
879,s,0.400000
880,s,0.600000
881,s,0.800000
882,p,0.600000
883,p,0.200000
884,d,0.400000
885,d,1.000000
886,p,0.400000
887,p,0.600000
888,d,0.600000
889,s,0.200000
890,s,0.600000
891,p,0.600000
892,d,0.400000
893,p,0.800000
894,d,0.800000
895,p,1.000000
896,s,0.800000
897,s,0.800000
898,s,0.400000
899,p,0.600000
900,s,1.000000
901,s,0.400000
902,d,0.400000
903,p,0.800000
904,p,0.400000
905,s,1.000000
906,p,0.200000
907,d,0.400000
908,p,0.200000
909,p,0.200000
910,s,0.600000
911,d,0.200000
912,p,0.200000
913,p,0.800000
914,d,0.600000
915,s,0.600000
916,p,0.400000
917,s,0.400000
918,d,0.400000
919,s,0.800000
920,d,0.800000
921,s,0.200000
922,d,0.600000
923,d,0.600000
924,s,0.200000
925,s,0.400000
926,p,0.800000
927,d,0.400000
928,s,0.400000
929,p,0.400000
930,p,0.600000
931,d,0.800000
932,s,0.600000
933,s,0.600000
934,d,0.600000
935,s,0.600000
936,p,0.800000
937,s,0.400000
938,d,0.200000
939,s,0.800000
940,s,0.400000
941,p,0.800000
942,d,0.400000
943,s,0.200000
944,d,0.800000
945,p,0.600000
946,s,0.200000
947,d,0.400000
948,d,1.000000
949,p,0.800000
950,s,0.400000
951,d,0.600000
952,d,0.600000
953,s,0.200000
954,d,0.400000
955,p,0.600000
956,s,0.800000
957,s,0.800000
958,d,0.200000
959,d,0.800000
960,p,0.800000
961,d,0.400000
962,p,0.400000
963,p,0.400000
964,p,0.200000
965,d,0.800000
966,p,0.600000
967,d,0.600000
968,s,0.200000
969,d,1.000000
970,d,0.400000
971,d,0.800000
972,p,0.800000
973,s,0.400000
974,s,0.400000
975,p,0.800000
976,d,0.400000
977,p,0.800000
978,d,0.800000
979,s,0.400000
980,s,0.200000
981,d,0.600000
982,s,0.200000
983,d,0.200000
984,p,0.600000
985,s,0.400000
986,p,0.400000
987,s,0.600000
988,p,0.600000
989,p,0.800000
990,p,0.600000
991,d,0.600000
992,p,0.400000
993,s,0.600000
994,d,0.400000
995,p,0.800000
996,d,0.600000
997,p,0.400000
998,s,0.600000
999,s,0.400000
1000,s,0.800000
1001,s,0.600000
1002,d,0.400000
1003,s,0.600000
1004,s,0.200000
1005,d,0.200000
1006,p,0.600000
1007,p,0.600000
1008,p,0.400000
1009,s,0.400000
1010,p,0.400000
1011,d,0.400000
1012,d,0.800000
1013,s,0.200000
1014,d,0.800000
1015,s,0.400000
1016,p,0.400000
1017,p,0.400000
1018,s,0.400000
1019,d,0.200000
1020,d,0.800000
1021,p,0.600000
1022,p,0.600000
1023,d,0.400000
1024,s,0.400000
1025,p,0.400000
1026,p,0.200000
1027,d,0.200000
1028,s,0.600000
1029,d,0.600000
1030,s,0.800000
1031,d,0.400000
1032,d,0.800000
1033,p,0.400000
1034,s,0.600000
1035,s,0.400000
1036,s,0.400000
1037,d,0.400000
1038,p,1.000000
1039,p,0.800000
1040,s,0.600000
1041,s,0.200000
1042,p,0.800000
1043,d,0.400000
1044,d,0.600000
1045,d,0.800000
1046,p,0.600000
1047,p,0.400000
1048,p,0.600000
1049,d,0.600000
1050,s,0.600000
1051,d,0.600000
1052,p,0.200000
1053,d,0.400000
1054,d,0.800000
1055,s,0.800000
1056,d,0.400000
1057,d,0.600000
1058,p,0.400000
1059,s,0.600000
1060,p,0.600000
1061,d,0.200000
1062,p,0.800000
1063,p,0.600000
1064,d,0.600000
1065,s,0.400000
1066,p,0.400000
1067,d,0.400000
1068,p,0.400000
1069,p,0.800000
1070,p,0.600000
1071,p,0.600000
1072,p,0.800000
1073,s,0.400000
1074,d,0.400000
1075,d,0.600000
1076,p,1.000000
1077,d,0.400000
1078,d,0.600000
1079,s,0.400000
1080,p,1.000000
1081,p,0.600000
1082,p,0.600000
1083,p,0.800000
1084,s,0.600000
1085,s,0.800000
1086,s,0.400000
1087,d,0.800000
1088,p,0.600000
1089,s,0.200000
1090,d,0.600000
1091,s,0.200000
1092,s,0.600000
1093,s,0.600000
1094,p,0.600000
1095,p,1.000000
1096,p,0.200000
1097,s,0.200000
1098,p,0.800000
1099,p,0.800000
1100,p,0.800000
1101,s,0.800000
1102,p,0.400000
1103,p,0.800000
1104,d,0.600000
1105,p,0.800000
1106,s,0.600000
1107,s,0.400000
1108,d,0.600000
1109,s,0.600000
1110,d,0.600000
1111,s,0.600000
1112,s,0.800000
1113,p,0.800000
1114,p,0.400000
1115,s,0.800000
1116,p,0.800000
1117,d,0.600000
1118,d,0.800000
1119,p,0.600000
1120,s,0.600000
1121,s,0.400000
1122,s,0.600000
1123,d,0.200000
1124,s,0.200000
1125,s,0.400000
1126,d,0.600000
1127,s,0.800000
1128,p,0.200000
1129,s,1.000000
1130,s,0.800000
1131,p,0.600000
1132,p,0.200000
1133,d,0.400000
1134,s,0.200000
1135,p,0.200000
1136,p,0.600000
1137,s,0.200000
1138,s,0.800000
1139,d,0.600000
1140,s,0.800000
1141,p,0.200000
1142,p,0.400000
1143,d,0.400000
1144,p,0.400000
1145,s,0.200000
1146,s,1.000000
1147,d,0.200000
1148,p,0.200000
1149,s,0.800000
1150,d,0.600000
1151,s,0.600000
1152,s,0.600000
1153,p,0.800000
1154,s,0.600000
1155,d,0.400000
1156,d,0.800000
1157,p,0.600000
1158,p,0.200000
1159,d,0.200000
1160,d,0.400000
1161,p,0.200000
1162,s,0.400000
1163,s,0.400000
1164,s,0.200000
1165,s,0.600000
1166,s,0.200000
1167,s,0.600000
1168,d,0.200000
1169,p,0.600000
1170,s,0.400000
1171,d,0.400000
1172,p,0.200000
1173,d,0.600000
1174,s,0.400000
1175,d,0.400000
1176,p,0.200000
1177,p,0.600000
1178,p,0.800000
1179,d,0.400000
1180,d,0.400000
1181,p,0.600000
1182,p,0.600000
1183,d,0.200000
1184,p,0.600000
1185,d,0.800000
1186,s,0.600000
1187,p,0.400000
1188,s,0.200000
1189,d,0.600000
1190,p,0.200000
1191,s,0.200000
1192,s,0.600000
1193,s,0.200000
1194,d,0.600000
1195,s,0.400000
1196,d,0.400000
1197,p,0.800000
1198,p,0.600000
1199,p,0.400000
1200,p,0.200000
1201,s,0.400000
1202,s,0.400000
1203,s,0.400000
1204,p,0.400000
1205,d,0.200000
1206,s,0.200000
1207,s,0.600000
1208,p,0.600000
1209,s,0.200000
1210,s,0.800000
1211,s,0.800000
1212,p,0.200000
1213,d,0.200000
1214,p,0.400000
1215,s,0.400000
1216,p,0.400000
1217,s,0.600000
1218,s,0.800000
1219,d,0.400000
1220,d,1.000000
1221,d,0.400000
1222,s,0.600000
1223,p,0.800000
1224,s,0.200000
1225,s,0.400000
1226,p,0.200000
1227,p,1.000000
1228,s,0.400000
1229,s,0.200000
1230,p,0.800000
1231,p,1.000000
1232,d,0.800000
1233,p,0.400000
1234,p,0.200000
1235,s,0.200000
1236,d,0.600000
1237,s,0.800000
1238,p,0.600000
1239,p,0.600000
1240,p,0.400000
1241,d,0.800000
1242,s,0.400000
1243,p,0.800000
1244,s,0.800000
1245,s,0.800000
1246,p,0.600000
1247,d,0.200000
1248,d,0.200000
1249,d,0.800000
1250,s,0.200000
1251,d,0.600000
1252,p,0.200000
1253,s,0.400000
1254,s,0.200000
1255,p,0.600000
1256,d,0.800000
1257,d,0.200000
1258,d,0.600000
1259,d,0.200000
1260,d,0.600000
1261,p,0.200000
1262,p,0.600000
1263,s,0.400000
1264,p,0.200000
1265,s,0.200000
1266,p,0.200000
1267,d,0.400000
1268,d,0.200000
1269,s,0.400000
1270,p,0.800000
1271,d,0.600000
1272,s,0.200000
1273,d,1.000000
1274,d,0.600000
1275,s,0.400000
1276,p,0.600000
1277,p,0.400000
1278,p,0.400000
1279,d,0.600000
1280,s,0.400000
1281,s,0.600000
1282,p,0.200000
1283,s,0.400000
1284,s,0.600000
1285,s,0.600000
1286,d,0.800000
1287,p,0.200000
1288,s,0.200000
1289,p,0.200000
1290,s,0.600000
1291,d,0.200000
1292,p,0.400000
1293,s,0.800000
1294,s,0.200000
1295,d,0.200000
1296,p,0.800000
1297,p,0.600000
1298,d,0.600000
1299,s,0.400000
1300,s,0.600000
1301,p,1.000000
1302,d,0.200000
1303,s,0.400000
1304,s,0.200000
1305,s,0.400000
1306,d,0.200000
1307,s,0.400000
1308,d,0.800000
1309,p,0.400000
1310,d,0.200000
1311,p,0.200000
1312,p,0.800000
1313,p,0.400000
1314,p,0.200000
1315,s,0.800000
1316,p,0.600000
1317,p,0.200000
1318,s,0.400000
1319,d,0.600000
1320,p,0.600000
1321,p,0.200000
1322,d,0.400000
1323,d,0.800000
1324,s,0.800000
1325,s,0.800000
1326,s,0.600000
1327,p,0.400000
1328,p,0.400000
1329,d,0.400000
1330,d,0.800000
1331,d,0.600000
1332,s,0.800000
1333,p,0.600000
1334,p,0.200000
1335,p,0.200000
1336,s,0.800000
1337,p,0.400000
1338,d,0.600000
1339,p,0.800000
1340,p,0.200000
1341,s,0.400000
1342,d,0.600000
1343,d,0.200000
1344,p,0.200000
1345,s,0.800000
1346,d,0.600000
1347,p,0.200000
1348,d,0.800000
1349,p,0.200000
1350,p,0.200000
1351,s,0.200000
1352,d,0.600000
1353,d,0.400000
1354,s,0.200000
1355,s,0.200000
1356,s,0.600000
1357,d,0.200000
1358,s,0.600000
1359,p,0.200000
1360,d,0.200000
1361,s,0.200000
1362,s,0.400000
1363,s,0.400000
1364,s,0.400000
1365,p,0.800000
1366,p,0.200000
1367,s,0.600000
1368,p,1.000000
1369,s,0.400000
1370,p,0.200000
1371,p,0.600000
1372,d,0.200000
1373,p,0.200000
1374,s,0.600000
1375,d,0.400000
1376,d,0.200000
1377,p,0.400000
1378,p,0.600000
1379,p,0.800000
1380,s,0.200000
1381,s,0.800000
1382,p,1.000000
1383,s,0.200000
1384,d,0.400000
1385,p,0.200000
1386,d,0.400000
1387,p,0.400000
1388,d,0.400000
1389,s,0.800000
1390,d,0.400000
1391,p,0.600000
1392,s,0.400000
1393,d,0.600000
1394,p,0.800000
1395,d,0.800000
1396,d,0.400000
1397,s,0.400000
1398,s,0.400000
1399,d,0.800000
1400,d,1.000000
1401,p,1.000000
1402,s,0.400000
1403,s,0.200000
1404,p,0.400000
1405,s,0.400000
1406,s,0.600000
1407,s,0.600000
1408,s,0.200000
1409,d,0.800000
1410,s,0.800000
1411,s,0.800000
1412,d,0.400000
1413,s,0.200000
1414,d,0.200000
1415,p,0.200000
1416,p,0.400000
1417,p,0.400000
1418,p,0.600000
1419,p,0.400000
1420,s,0.600000
1421,s,0.400000
1422,p,0.200000
1423,p,0.400000
1424,p,0.600000
1425,d,0.200000
1426,p,0.200000
1427,p,0.600000
1428,d,0.200000
1429,d,0.400000
1430,p,0.600000
1431,p,0.400000
1432,p,0.600000
1433,d,0.600000
1434,s,0.400000
1435,d,0.400000
1436,s,0.800000
1437,p,0.200000
1438,d,1.000000
1439,p,0.200000
1440,d,0.200000
1441,s,0.200000
1442,d,0.600000
1443,p,0.400000
1444,d,0.600000
1445,d,0.200000
1446,p,0.600000
1447,s,0.200000
1448,d,0.600000
1449,s,0.400000
1450,s,0.600000
1451,p,0.600000
1452,s,0.200000
1453,s,0.600000
1454,s,0.600000
1455,s,0.600000
1456,p,0.800000
1457,s,0.200000
1458,s,0.200000
1459,s,0.400000
1460,p,0.400000
1461,s,0.600000
1462,d,0.200000
1463,d,0.400000
1464,p,0.600000
1465,d,0.200000
1466,d,0.200000
1467,p,0.400000
1468,d,0.800000
1469,p,0.400000
1470,p,0.600000
1471,s,0.800000
1472,d,0.800000
1473,d,0.600000
1474,p,0.600000
1475,p,0.800000
1476,s,0.600000
1477,d,0.600000
1478,p,0.800000
1479,d,0.200000
1480,d,0.600000
1481,d,0.200000
1482,d,0.600000
1483,d,0.400000
1484,s,0.400000
1485,d,0.600000
1486,p,0.400000
1487,p,0.800000
1488,p,0.200000
1489,d,0.600000
1490,s,0.200000
1491,d,0.600000
1492,s,0.400000
1493,s,0.800000
1494,p,0.400000
1495,d,0.200000
1496,p,0.600000
1497,s,0.400000
1498,d,0.400000
1499,p,0.200000
1500,p,0.400000
1501,p,0.200000
1502,d,0.800000
1503,s,0.200000
1504,p,0.800000
1505,p,0.600000
1506,s,0.600000
1507,s,0.600000
1508,d,0.600000
1509,d,0.600000
1510,s,0.800000
1511,d,0.600000
1512,s,0.600000
1513,s,0.400000
1514,s,0.400000
1515,d,0.200000
1516,d,0.600000
1517,s,0.600000
1518,p,0.400000
1519,s,0.800000
1520,d,0.600000
1521,d,0.600000
1522,s,0.400000
1523,d,0.400000
1524,p,1.000000
1525,s,0.400000
1526,p,0.800000
1527,s,0.400000
1528,s,0.800000
1529,p,0.400000
1530,s,0.200000
1531,d,0.600000
1532,d,0.600000
1533,d,0.400000
1534,s,0.600000
1535,p,0.600000
1536,p,0.400000
1537,p,0.800000
1538,d,0.200000
1539,p,0.600000
1540,s,0.600000
1541,p,0.400000
1542,d,0.400000
1543,s,0.200000
1544,d,0.600000
1545,s,0.800000
1546,p,0.400000
1547,d,0.800000
1548,s,0.400000
1549,s,0.600000
1550,s,0.600000
1551,p,0.200000
1552,p,0.600000
1553,d,0.200000
1554,d,0.400000
1555,s,0.400000
1556,p,0.600000
1557,s,0.600000
1558,d,0.600000
1559,p,0.200000
1560,p,0.200000
1561,s,0.400000
1562,s,0.800000
1563,p,0.200000
1564,s,0.200000
1565,d,0.400000
1566,s,0.800000
1567,d,0.200000
1568,p,0.200000
1569,d,0.200000
1570,s,0.200000
1571,s,0.600000
1572,p,0.400000
1573,s,0.400000
1574,d,0.800000
1575,p,0.200000
1576,s,0.200000
1577,s,0.400000
1578,s,0.600000
1579,d,0.200000
1580,s,0.400000
1581,s,0.600000
1582,s,0.200000
1583,p,0.600000
1584,p,0.400000
1585,s,0.400000
1586,p,0.600000
1587,d,0.400000
1588,d,0.600000
1589,d,0.200000
1590,p,0.600000
1591,s,0.600000
1592,s,0.600000
1593,p,0.600000
1594,p,0.800000
1595,s,0.400000
1596,d,0.800000
1597,s,0.600000
1598,p,0.600000
1599,s,0.800000
1600,p,0.400000
1601,s,0.600000
1602,d,0.200000
1603,d,0.400000
1604,d,0.600000
1605,p,0.200000
1606,s,1.000000
1607,s,0.600000
1608,p,0.600000
1609,p,0.600000
1610,p,0.600000
1611,s,0.800000
1612,d,0.200000
1613,p,0.200000
1614,p,0.600000
1615,d,0.800000
1616,p,0.600000
1617,d,0.600000
1618,d,0.200000
1619,s,0.400000
1620,p,0.600000
1621,d,0.800000
1622,p,0.800000
1623,d,0.600000
1624,p,0.200000
1625,s,0.200000
1626,s,0.400000
1627,s,0.200000
1628,d,0.800000
1629,p,0.400000
1630,p,0.600000
1631,s,0.200000
1632,d,0.800000
1633,p,0.200000
1634,d,0.200000
1635,p,0.800000
1636,p,0.200000
1637,d,0.400000
1638,s,0.800000
1639,p,0.400000
1640,s,0.200000
1641,s,0.200000
1642,p,0.200000
1643,d,0.400000
1644,d,0.800000
1645,p,0.400000
1646,d,0.200000
1647,s,1.000000
1648,d,0.800000
1649,d,0.200000
1650,d,0.800000
1651,s,0.400000
1652,d,0.800000
1653,p,0.200000
1654,s,0.800000
1655,d,0.600000
1656,p,0.200000
1657,s,0.600000
1658,d,0.200000
1659,s,0.800000
1660,s,0.200000
1661,p,0.600000
1662,s,0.800000
1663,s,0.200000
1664,p,0.400000
1665,s,0.600000
1666,p,0.600000
1667,d,0.200000
1668,p,0.600000
1669,s,0.800000
1670,s,0.400000
1671,d,0.400000
1672,d,0.800000
1673,p,1.000000
1674,p,0.600000
1675,s,0.200000
1676,d,0.200000
1677,d,0.800000
1678,s,0.400000
1679,p,0.800000
1680,s,0.400000
1681,s,0.400000
1682,d,0.400000
1683,s,0.200000
1684,p,0.200000
1685,s,0.400000
1686,d,0.200000
1687,s,0.400000
1688,d,0.600000
1689,d,0.200000
1690,p,0.600000
1691,s,0.600000
1692,s,0.200000
1693,d,0.400000
1694,d,0.400000
1695,p,0.200000
1696,s,0.400000
1697,s,0.200000
1698,s,0.800000
1699,d,0.400000
1700,s,0.800000
1701,p,0.600000
1702,s,0.600000
1703,p,0.200000
1704,d,0.200000
1705,p,0.400000
1706,d,0.200000
1707,d,0.400000
1708,s,0.200000
1709,s,0.200000
1710,p,0.400000
1711,p,0.600000
1712,s,0.200000
1713,d,0.600000
1714,d,0.800000
1715,d,0.400000
1716,d,0.200000
1717,d,0.400000
1718,s,0.200000
1719,s,0.600000
1720,s,0.400000
1721,d,0.200000
1722,d,0.400000
1723,s,0.200000
1724,s,0.200000
1725,s,0.600000
1726,d,0.800000
1727,p,0.800000
1728,d,0.400000
1729,d,0.800000
1730,s,0.600000
1731,p,0.400000
1732,p,0.400000
1733,p,0.200000
1734,d,0.800000
1735,d,0.800000
1736,d,0.200000
1737,d,0.200000
1738,s,0.800000
1739,p,0.200000
1740,p,0.400000
1741,p,0.400000
1742,s,0.400000
1743,d,0.400000
1744,p,0.200000
1745,p,0.200000
1746,s,0.600000
1747,d,0.200000
1748,s,0.400000
1749,p,0.600000
1750,p,0.400000
1751,s,0.600000
1752,s,0.600000
1753,s,0.600000
1754,s,0.400000
1755,p,0.200000
1756,s,0.400000
1757,s,0.800000
1758,p,0.600000
1759,p,0.400000
1760,s,0.200000
1761,s,0.200000
1762,s,0.600000
1763,s,0.600000
1764,s,0.200000
1765,d,0.200000
1766,d,0.400000
1767,d,0.600000
1768,s,0.200000
1769,d,0.200000
1770,d,0.400000
1771,p,0.600000
1772,p,0.800000
1773,p,0.200000
1774,p,0.600000
1775,d,0.600000
1776,s,0.200000
1777,s,0.200000
1778,s,0.800000
1779,d,0.600000
1780,s,0.400000
1781,p,0.200000
1782,s,0.200000
1783,d,0.400000
1784,s,0.200000
1785,s,0.600000
1786,d,0.400000
1787,s,0.600000
1788,s,0.200000
1789,p,0.200000
1790,d,0.200000
1791,p,0.600000
1792,s,0.200000
1793,d,0.200000
1794,s,0.400000
1795,p,0.200000
1796,d,0.600000
1797,d,0.200000
1798,p,0.200000
1799,p,1.000000
1800,d,0.600000
1801,p,0.200000
1802,p,0.600000
1803,d,1.000000
1804,p,0.800000
1805,d,0.200000
1806,p,0.200000
1807,p,0.200000
1808,s,0.800000
1809,p,0.400000
1810,p,0.600000
1811,s,0.200000
1812,d,0.600000
1813,d,0.200000
1814,d,0.800000
1815,d,0.200000
1816,d,0.600000
1817,p,0.200000
1818,s,0.200000
1819,s,0.600000
1820,p,0.600000
1821,d,0.200000
1822,p,0.200000
1823,d,0.800000
1824,d,1.000000
1825,p,0.200000
1826,s,0.200000
1827,p,0.600000
1828,p,0.800000
1829,p,0.400000
1830,s,0.200000
1831,p,0.200000
1832,d,1.000000
1833,p,1.000000
1834,d,0.200000
1835,s,0.200000
1836,d,0.400000
1837,s,0.800000
1838,s,0.400000
1839,d,0.200000
1840,p,0.200000
1841,d,0.400000
1842,s,0.600000
1843,s,0.600000
1844,s,0.600000
1845,d,0.400000
1846,s,0.400000
1847,p,0.400000
1848,d,0.600000
1849,d,0.600000
1850,s,0.400000
1851,d,0.600000
1852,d,0.400000
1853,s,0.600000
1854,p,0.400000
1855,p,0.600000
1856,p,1.000000
1857,p,0.200000
1858,p,0.200000
1859,p,0.200000
1860,s,0.200000
1861,d,0.400000
1862,d,0.400000
1863,d,0.600000
1864,p,0.600000
1865,s,0.800000
1866,p,0.600000
1867,p,0.200000
1868,d,1.000000
1869,p,0.200000
1870,p,0.600000
1871,s,0.600000
1872,p,0.600000
1873,s,0.200000
1874,d,0.200000
1875,s,0.600000
1876,p,0.600000
1877,s,0.200000
1878,d,0.600000
1879,p,0.200000
1880,p,1.000000
1881,s,0.200000
1882,s,0.200000
1883,d,0.200000
1884,p,0.600000
1885,d,0.200000
1886,p,0.400000
1887,p,0.800000
1888,p,0.200000
1889,d,0.200000
1890,s,0.600000
1891,p,0.200000
1892,s,0.200000
1893,p,0.800000
1894,p,0.600000
1895,p,0.200000
1896,s,0.200000
1897,s,0.200000
1898,s,0.600000
1899,s,0.200000
1900,p,0.600000
1901,d,0.800000
1902,d,0.400000
1903,p,0.800000
1904,s,0.800000
1905,p,0.800000
1906,p,0.200000
1907,s,0.400000
1908,d,0.600000
1909,s,0.800000
1910,d,0.200000
1911,p,0.200000
1912,d,0.400000
1913,d,0.400000
1914,s,0.200000
1915,p,0.800000
1916,d,1.000000
1917,s,0.600000
1918,d,0.800000
1919,p,0.200000
1920,p,0.200000
1921,s,0.200000
1922,d,0.600000
1923,d,0.400000
1924,d,0.200000
1925,d,0.600000
1926,d,0.600000
1927,d,0.200000
1928,p,0.600000
1929,p,0.800000
1930,d,1.000000
1931,p,0.200000
1932,s,0.600000
1933,d,0.600000
1934,s,0.200000
1935,d,0.600000
1936,s,0.200000
1937,d,0.400000
1938,d,0.200000
1939,s,0.200000
1940,p,0.200000
1941,p,0.200000
1942,p,0.400000
1943,p,0.400000
1944,s,0.200000
1945,s,0.400000
1946,s,0.600000
1947,s,0.200000
1948,p,0.200000
1949,s,0.400000
1950,p,0.400000
1951,s,0.800000
1952,s,0.200000
1953,s,0.200000
1954,s,0.400000
1955,p,0.200000
1956,p,0.400000
1957,s,0.200000
1958,d,0.200000
1959,p,0.400000
1960,d,0.600000
1961,p,0.200000
1962,d,0.400000
1963,d,0.600000
1964,s,0.600000
1965,p,0.200000
1966,d,0.200000
1967,p,0.400000
1968,p,0.800000
1969,s,0.400000
1970,s,0.200000
1971,d,0.200000
1972,d,0.600000
1973,d,0.600000
1974,s,0.600000
1975,d,0.200000
1976,d,0.200000
1977,s,0.800000
1978,s,0.200000
1979,p,0.600000
1980,p,0.200000
1981,s,0.800000
1982,s,0.400000
1983,d,1.000000
1984,s,0.600000
1985,d,0.200000
1986,p,0.600000
1987,p,0.800000
1988,d,0.400000
1989,s,0.400000
1990,s,0.200000
1991,p,0.200000
1992,s,0.400000
1993,p,0.200000
1994,d,0.400000
1995,d,0.200000
1996,d,0.200000
1997,p,0.200000
1998,d,0.400000
1999,p,0.200000
2000,d,0.200000
2001,s,0.600000
2002,d,0.400000
2003,s,0.400000
2004,p,0.200000
2005,p,0.200000
2006,d,0.200000
2007,p,0.200000
2008,s,0.800000
2009,p,0.200000
2010,p,0.800000
2011,p,0.800000
2012,d,0.200000
2013,d,0.400000
2014,d,0.200000
2015,p,0.200000
2016,d,0.600000
2017,s,0.200000
2018,d,0.200000
2019,p,0.600000
2020,p,0.200000
2021,d,0.400000
2022,d,0.200000
2023,s,0.600000
2024,p,0.600000
2025,s,0.600000
2026,p,0.200000
2027,s,0.200000
2028,p,0.600000
2029,s,0.200000
2030,s,0.400000
2031,d,0.600000
2032,s,0.200000
2033,p,0.600000
2034,d,0.400000
2035,d,0.600000
2036,d,0.400000
2037,s,0.600000
2038,p,0.200000
2039,s,0.400000
2040,d,0.400000
2041,p,0.400000
2042,p,0.200000
2043,d,0.200000
2044,d,0.200000
2045,s,0.800000
2046,d,0.800000
2047,d,0.200000
2048,d,0.800000
2049,p,0.600000
2050,p,0.200000
2051,p,1.000000
2052,p,0.400000
2053,s,0.800000
2054,d,0.600000
2055,p,0.200000
2056,d,0.400000
2057,p,0.600000
2058,s,0.600000
2059,p,0.400000
2060,p,0.600000
2061,d,0.600000
2062,p,0.600000
2063,p,0.400000
2064,d,0.200000
2065,d,0.200000
2066,s,0.200000
2067,p,0.600000
2068,d,0.200000
2069,p,0.200000
2070,s,0.200000
2071,d,0.200000
2072,s,0.600000
2073,s,0.600000
2074,p,1.000000
2075,s,0.200000
2076,s,0.400000
2077,s,0.600000
2078,s,0.800000
2079,s,0.400000
2080,s,0.600000
2081,d,0.200000
2082,p,0.800000
2083,d,0.200000
2084,p,0.200000
2085,p,0.200000
2086,s,0.200000
2087,d,0.200000
2088,d,0.200000
2089,d,0.200000
2090,s,0.400000
2091,s,0.600000
2092,s,0.600000
2093,s,0.200000
2094,p,0.600000
2095,d,0.600000
2096,s,0.200000
2097,d,0.600000
2098,s,0.600000
2099,s,0.200000
2100,s,0.600000
2101,d,0.600000
2102,s,0.400000
2103,d,0.200000
2104,d,0.800000
2105,d,0.400000
2106,d,0.400000
2107,p,0.800000
2108,d,0.800000
2109,s,0.200000
2110,p,0.600000
2111,p,0.600000
2112,s,0.400000
2113,s,0.600000
2114,p,0.600000
2115,p,0.200000
2116,p,0.600000
2117,s,0.200000
2118,p,0.600000
2119,p,0.200000
2120,s,1.000000
2121,d,0.200000
2122,d,0.400000
2123,p,0.400000
2124,d,0.400000
2125,p,0.400000
2126,s,1.000000
2127,s,0.600000
2128,s,0.200000
2129,s,0.200000
2130,d,0.200000
2131,d,0.600000
2132,p,0.400000
2133,s,0.400000
2134,p,0.600000
2135,d,0.400000
2136,p,0.200000
2137,d,0.600000
2138,p,0.200000
2139,p,0.600000
2140,p,0.200000
2141,d,0.600000
2142,d,0.400000
2143,s,0.400000
2144,p,0.400000
2145,s,0.400000
2146,d,0.200000
2147,d,0.400000
2148,s,0.400000
2149,d,0.200000
2150,s,0.800000
2151,p,0.200000
2152,s,0.600000
2153,d,0.600000
2154,s,0.600000
2155,p,0.400000
2156,s,0.600000
2157,d,0.200000
2158,p,0.200000
2159,s,0.400000
2160,p,0.200000
2161,p,0.800000
2162,p,0.600000
2163,p,0.600000
2164,p,0.200000
2165,d,0.200000
2166,p,0.200000
2167,p,0.200000
2168,p,0.600000
2169,s,0.600000
2170,d,0.600000
2171,p,0.800000
2172,d,0.200000
2173,d,0.600000
2174,d,0.600000
2175,s,0.400000
2176,p,0.400000
2177,s,0.200000
2178,s,0.400000
2179,s,0.200000
2180,s,0.400000
2181,p,0.600000
2182,s,0.600000
2183,p,0.400000
2184,d,0.600000
2185,s,0.200000
2186,p,0.400000
2187,p,0.200000
2188,p,0.600000
2189,p,0.200000
2190,s,0.600000
2191,p,0.400000
2192,p,0.200000
2193,p,0.200000
2194,s,0.400000
2195,s,0.200000
2196,p,0.200000
2197,p,0.600000
2198,s,0.200000
2199,d,0.400000
2200,d,0.200000
2201,d,0.400000
2202,d,0.200000
2203,p,0.400000
2204,d,0.600000
2205,d,0.200000
2206,d,0.400000
2207,p,0.400000
2208,d,0.200000
2209,s,0.400000
2210,s,0.200000
2211,p,0.200000
2212,d,0.200000
2213,d,0.600000
2214,d,0.200000
2215,d,0.600000
2216,s,0.400000
2217,p,0.400000
2218,s,0.400000
2219,d,0.200000
2220,d,0.400000
2221,s,0.400000
2222,d,0.400000
2223,s,0.400000
2224,s,0.600000
2225,s,0.800000
2226,p,0.600000
2227,d,0.200000
2228,p,0.400000
2229,p,0.600000
2230,d,0.200000
2231,s,0.400000
2232,d,0.400000
2233,d,0.400000
2234,d,0.200000
2235,d,0.600000
2236,s,0.200000
2237,d,0.400000
2238,d,0.600000
2239,p,0.400000
2240,d,0.200000
2241,p,0.200000
2242,s,0.600000
2243,d,0.800000
2244,p,0.200000
2245,s,0.800000
2246,p,0.600000
2247,s,0.200000
2248,p,0.600000
2249,s,0.800000
2250,d,0.600000
2251,p,0.600000
2252,d,0.200000
2253,s,0.600000
2254,s,0.400000
2255,s,0.400000
2256,d,0.200000
2257,d,0.200000
2258,d,0.800000
2259,d,0.200000
2260,p,0.800000
2261,s,0.200000
2262,p,0.600000
2263,d,0.200000
2264,p,0.200000
2265,p,0.800000
2266,p,0.400000
2267,p,0.600000
2268,p,1.000000
2269,d,0.400000
2270,p,0.600000
2271,s,0.600000
2272,s,0.200000
2273,d,0.800000
2274,d,0.800000
2275,d,0.200000
2276,d,0.200000
2277,s,0.200000
2278,p,0.600000
2279,d,0.200000
2280,p,0.200000
2281,p,0.200000
2282,p,0.800000
2283,s,0.400000
2284,d,0.400000
2285,d,0.200000
2286,p,0.600000
2287,d,0.400000
2288,d,0.400000
2289,s,0.400000
2290,p,0.400000
2291,s,0.200000
2292,p,0.400000
2293,p,0.600000
2294,d,0.200000
2295,p,0.600000
2296,p,0.200000
2297,p,0.400000
2298,d,0.200000
2299,d,0.800000
2300,d,0.400000
2301,s,0.600000
2302,d,0.800000
2303,p,0.800000
2304,d,0.200000
2305,d,0.600000
2306,p,0.600000
2307,s,0.200000
2308,p,0.200000
2309,d,0.200000
2310,s,0.200000
2311,p,0.200000
2312,d,0.600000
2313,d,0.200000
2314,s,0.400000
2315,p,0.600000
2316,s,0.400000
2317,s,0.600000
2318,d,0.200000
2319,d,0.200000
2320,d,0.400000
2321,s,0.200000
2322,p,0.200000
2323,s,0.600000
2324,p,0.600000
2325,p,1.000000
2326,s,0.400000
2327,p,0.600000
2328,p,1.000000
2329,d,0.200000
2330,d,0.400000
2331,s,0.400000
2332,p,0.800000
2333,d,0.400000
2334,s,0.400000
2335,s,0.400000
2336,p,0.200000
2337,p,0.800000
2338,d,0.400000
2339,s,0.800000
2340,d,0.200000
2341,p,0.400000
2342,p,0.400000
2343,p,0.800000
2344,p,1.000000
2345,p,0.200000
2346,p,0.400000
2347,s,0.200000
2348,d,0.800000
2349,s,0.200000
2350,d,0.200000
2351,s,1.000000
2352,d,0.400000
2353,s,0.600000
2354,s,0.400000
2355,s,0.600000
2356,d,1.000000
2357,s,0.200000
2358,p,1.000000
2359,s,0.200000
2360,d,1.000000
2361,s,0.200000
2362,s,0.200000
2363,d,0.200000
2364,s,0.600000
2365,d,0.600000
2366,s,0.600000
2367,d,0.800000
2368,d,0.200000
2369,d,0.800000
2370,s,0.200000
2371,d,0.600000
2372,p,0.200000
2373,d,0.200000
2374,s,0.400000
2375,s,0.400000
2376,d,0.200000
2377,p,0.600000
2378,p,0.600000
2379,p,0.200000
2380,d,0.400000
2381,d,0.200000
2382,d,0.200000
2383,p,0.600000
2384,d,0.400000
2385,d,0.400000
2386,d,0.200000
2387,d,0.200000
2388,d,0.200000
2389,d,0.400000
2390,p,1.000000
2391,s,0.400000
2392,d,0.200000
2393,s,0.400000
2394,p,0.200000
2395,p,0.800000
2396,s,0.400000
2397,s,0.200000
2398,p,0.200000
2399,s,0.600000
2400,s,0.200000
2401,p,0.200000
2402,d,0.600000
2403,p,0.200000
2404,p,0.200000
2405,p,0.200000
2406,d,0.200000
2407,s,0.600000
2408,p,0.200000
2409,s,0.200000
2410,s,0.400000
2411,d,0.400000
2412,p,0.400000
2413,s,0.200000
2414,d,0.800000
2415,p,0.600000
2416,s,0.200000
2417,d,0.800000
2418,p,0.600000
2419,s,0.600000
2420,s,0.400000
2421,d,0.400000
2422,s,0.600000
2423,p,0.200000
2424,s,0.200000
2425,p,0.600000
2426,s,0.200000
2427,s,0.200000
2428,p,0.200000
2429,s,0.600000
2430,d,0.600000
2431,d,0.800000
2432,p,0.200000
2433,p,0.600000
2434,s,0.200000
2435,d,0.600000
2436,d,0.400000
2437,d,0.200000
2438,d,0.400000
2439,d,0.600000
2440,s,0.400000
2441,s,0.600000
2442,s,0.800000
2443,s,0.200000
2444,s,0.400000
2445,s,0.200000
2446,s,0.200000
2447,p,0.400000
2448,p,0.200000
2449,s,0.600000
2450,p,0.800000
2451,p,0.200000
2452,p,0.600000
2453,p,0.200000
2454,p,0.600000
2455,s,1.000000
2456,s,0.600000
2457,p,0.600000
2458,d,0.600000
2459,s,0.400000
2460,s,0.200000
2461,s,0.200000
2462,d,0.400000
2463,d,1.000000
2464,d,0.800000
2465,s,0.200000
2466,s,0.600000
2467,d,0.200000
2468,s,0.400000
2469,p,0.600000
2470,p,0.600000
2471,s,0.200000
2472,d,0.400000
2473,s,1.000000
2474,p,0.600000
2475,p,0.800000
2476,s,0.400000
2477,s,0.200000
2478,s,0.200000
2479,d,0.400000
2480,p,0.200000
2481,d,0.400000
2482,s,1.000000
2483,s,0.400000
2484,s,0.200000
2485,s,0.400000
2486,p,0.200000
2487,s,0.400000
2488,s,0.800000
2489,s,0.400000
2490,d,0.400000
2491,d,0.200000
2492,p,0.600000
2493,d,0.400000
2494,d,0.400000
2495,p,0.200000
2496,d,0.800000
2497,p,0.600000
2498,p,0.400000
2499,s,0.600000
2500,s,0.200000
2501,s,0.600000
2502,p,0.200000
2503,d,0.400000
2504,d,0.200000
2505,d,0.600000
2506,p,0.400000
2507,d,0.400000
2508,s,0.400000
2509,d,0.200000
2510,d,0.400000
2511,p,0.400000
2512,p,0.600000
2513,d,0.400000
2514,p,0.600000
2515,s,1.000000
2516,s,0.800000
2517,d,0.200000
2518,p,1.000000
2519,d,0.600000
2520,p,0.200000
2521,s,0.400000
2522,p,0.400000
2523,p,0.400000
2524,p,0.800000
2525,p,0.800000
2526,p,0.400000
2527,p,0.200000
2528,d,0.200000
2529,s,0.200000
2530,p,0.200000
2531,s,0.400000
2532,p,0.600000
2533,s,0.800000
2534,p,0.400000
2535,d,0.400000
2536,s,0.200000
2537,p,0.400000
2538,d,0.800000
2539,d,0.400000
2540,p,0.200000
2541,s,0.200000
2542,p,0.400000
2543,d,0.400000
2544,s,0.600000
2545,d,0.200000
2546,s,0.200000
2547,d,0.200000
2548,p,0.200000
2549,d,0.200000
2550,s,0.600000
2551,p,0.400000
2552,s,0.200000
2553,s,0.400000
2554,s,0.200000
2555,s,0.400000
2556,s,0.200000
2557,p,0.400000
2558,s,0.200000
2559,s,0.600000
2560,p,0.200000
2561,p,0.600000
2562,s,0.200000
2563,p,0.600000
2564,d,0.600000
2565,p,0.800000
2566,s,0.400000
2567,d,0.200000
2568,d,0.800000
2569,s,0.600000
2570,s,0.200000
2571,p,0.400000
2572,d,0.400000
2573,d,0.200000
2574,p,1.000000
2575,d,0.200000
2576,s,0.600000
2577,p,0.400000
2578,p,0.200000
2579,s,0.200000
2580,d,0.400000
2581,s,0.600000
2582,s,0.600000
2583,p,0.800000
2584,s,0.200000
2585,p,0.600000
2586,s,0.200000
2587,s,0.200000
2588,p,0.200000
2589,s,0.200000
2590,p,0.200000
2591,s,0.200000
2592,s,0.400000
2593,p,0.200000
2594,s,0.200000
2595,d,0.200000
2596,p,0.800000
2597,s,0.200000
2598,p,0.200000
2599,s,0.200000
2600,s,0.200000
2601,s,0.400000
2602,s,0.400000
2603,p,0.400000
2604,d,0.600000
2605,d,0.600000
2606,p,0.800000
2607,p,0.800000
2608,p,0.800000
2609,s,0.400000
2610,d,0.600000
2611,s,0.800000
2612,p,0.400000
2613,p,0.200000
2614,s,0.400000
2615,s,0.400000
2616,d,0.200000
2617,s,0.200000
2618,s,0.200000
2619,d,0.600000
2620,s,0.200000
2621,s,0.800000
2622,d,0.400000
2623,p,0.600000
2624,s,0.200000
2625,s,0.400000
2626,p,0.200000
2627,p,0.200000
2628,p,0.400000
2629,p,0.200000
2630,p,0.400000
2631,d,0.200000
2632,d,0.200000
2633,d,0.200000
2634,d,0.600000
2635,s,0.400000
2636,s,0.600000
2637,s,0.800000
2638,s,0.800000
2639,s,0.200000
2640,d,0.800000
2641,p,0.400000
2642,d,0.400000
2643,p,0.600000
2644,p,0.800000
2645,p,0.200000
2646,p,0.200000
2647,s,0.200000
2648,p,0.200000
2649,s,0.200000
2650,p,0.400000
2651,d,0.600000
2652,p,0.600000
2653,p,0.400000
2654,s,0.200000
2655,s,0.200000
2656,s,0.200000
2657,s,0.200000
2658,d,0.200000
2659,p,0.400000
2660,p,0.400000
2661,s,0.200000
2662,s,0.200000
2663,s,0.600000
2664,s,0.400000
2665,s,0.200000
2666,p,0.400000
2667,d,0.800000
2668,p,0.200000
2669,p,0.400000
2670,d,0.200000
2671,p,0.200000
2672,d,0.200000
2673,s,1.000000
2674,d,0.400000
2675,s,0.400000
2676,d,0.200000
2677,p,0.600000
2678,p,0.200000
2679,p,0.200000
2680,d,0.600000
2681,p,0.200000
2682,d,0.600000
2683,d,0.800000
2684,s,0.600000
2685,s,0.600000
2686,s,0.200000
2687,d,0.200000
2688,s,0.800000
2689,p,0.200000
2690,d,0.200000
2691,d,0.400000
2692,d,0.600000
2693,p,0.400000
2694,s,0.400000
2695,s,0.600000
2696,d,0.200000
2697,d,0.400000
2698,p,0.200000
2699,d,0.600000
2700,p,0.400000
2701,d,0.400000
2702,s,0.600000
2703,s,0.600000
2704,d,0.600000
2705,p,0.200000
2706,p,0.800000
2707,p,0.200000
2708,p,0.200000
2709,p,0.800000
2710,p,0.200000
2711,d,0.400000
2712,d,0.800000
2713,s,0.200000
2714,s,0.600000
2715,d,0.200000
2716,d,0.400000
2717,d,0.200000
2718,d,0.200000
2719,s,0.600000
2720,p,0.200000
2721,p,0.200000
2722,s,0.600000
2723,p,0.600000
2724,p,0.200000
2725,p,0.400000
2726,p,0.400000
2727,s,0.200000
2728,s,0.200000
2729,d,0.800000
2730,d,0.800000
2731,s,0.600000
2732,d,0.400000
2733,d,0.400000
2734,d,0.400000
2735,s,0.600000
2736,d,0.200000
2737,p,0.400000
2738,s,0.200000
2739,d,0.600000
2740,p,0.400000
2741,d,0.200000
2742,p,0.200000
2743,s,0.200000
2744,d,0.400000
2745,s,0.200000
2746,d,0.800000
2747,s,0.200000
2748,s,0.200000
2749,d,0.200000
2750,p,0.600000
2751,p,0.600000
2752,d,0.600000
2753,p,0.400000
2754,d,0.200000
2755,s,0.200000
2756,d,0.200000
2757,d,0.200000
2758,s,0.200000
2759,p,0.200000
2760,d,0.200000
2761,d,0.200000
2762,d,0.200000
2763,d,0.200000
2764,d,0.600000
2765,d,0.200000
2766,p,0.600000
2767,s,0.200000
2768,p,0.600000
2769,s,0.200000
2770,p,0.200000
2771,s,0.200000
2772,d,0.200000
2773,p,0.400000
2774,p,0.200000
2775,s,0.600000
2776,d,0.400000
2777,p,0.200000
2778,d,0.200000
2779,s,0.200000
2780,s,0.200000
2781,p,0.600000
2782,d,0.200000
2783,s,0.200000
2784,p,0.200000
2785,s,0.600000
2786,p,0.200000
2787,p,0.400000
2788,d,0.200000
2789,p,0.200000
2790,s,0.200000
2791,p,0.800000
2792,s,0.800000
2793,s,0.200000
2794,s,0.200000
2795,s,0.200000
2796,d,0.200000
2797,p,0.400000
2798,s,0.200000
2799,d,0.800000
2800,p,0.200000
2801,p,0.600000
2802,s,1.000000
2803,p,0.200000
2804,d,0.200000
2805,d,0.200000
2806,s,0.200000
2807,d,0.200000
2808,p,0.200000
2809,s,0.600000
2810,p,0.200000
2811,d,0.400000
2812,p,0.200000
2813,d,0.200000
2814,p,0.400000
2815,p,0.600000
2816,p,0.200000
2817,s,0.200000
2818,p,0.600000
2819,d,0.200000
2820,d,0.200000
2821,d,0.200000
2822,p,0.600000
2823,d,0.200000
2824,d,0.200000
2825,s,0.600000
2826,s,0.200000
2827,p,0.600000
2828,d,0.200000
2829,d,0.200000
2830,p,0.600000
2831,p,0.800000
2832,d,0.200000
2833,s,0.600000
2834,p,0.200000
2835,p,0.200000
2836,p,0.200000
2837,s,0.800000
2838,d,0.200000
2839,s,0.200000
2840,p,0.200000
2841,d,0.600000
2842,d,0.200000
2843,d,0.200000
2844,p,0.200000
2845,d,0.200000
2846,d,0.600000
2847,d,0.600000
2848,s,0.200000
2849,d,0.200000
2850,p,0.600000
2851,d,0.400000
2852,d,0.600000
2853,p,0.200000
2854,p,0.200000
2855,d,0.200000
2856,p,0.200000
2857,s,1.000000
2858,d,0.400000
2859,s,0.600000
2860,s,0.800000
2861,p,0.600000
2862,s,0.200000
2863,p,0.200000
2864,d,0.200000
2865,p,0.600000
2866,p,0.400000
2867,s,0.200000
2868,p,0.400000
2869,p,0.800000
2870,s,0.600000
2871,d,0.200000
2872,d,0.400000
2873,d,0.600000
2874,s,0.200000
2875,p,0.200000
2876,s,0.600000
2877,p,0.400000
2878,s,1.000000
2879,p,0.600000
2880,s,0.800000
2881,d,0.400000
2882,s,0.200000
2883,s,0.200000
2884,d,0.600000
2885,s,0.400000
2886,s,0.200000
2887,d,0.200000
2888,d,0.200000
2889,p,0.200000
2890,d,0.800000
2891,p,0.200000
2892,d,0.600000
2893,s,0.200000
2894,d,0.600000
2895,p,0.200000
2896,d,0.600000
2897,p,0.200000
2898,d,0.200000
2899,p,0.200000
2900,d,0.400000
2901,d,0.200000
2902,s,0.200000
2903,d,0.800000
2904,p,0.200000
2905,s,0.200000
2906,s,0.200000
2907,d,0.600000
2908,s,0.200000
2909,d,0.600000
2910,s,0.200000
2911,s,0.200000
2912,s,0.200000
2913,s,0.200000
2914,s,0.600000
2915,s,0.200000
2916,p,0.800000
2917,s,1.000000
2918,s,0.600000
2919,p,0.400000
2920,s,0.200000
2921,p,0.600000
2922,p,0.400000
2923,p,0.600000
2924,s,0.600000
2925,s,0.400000
2926,d,0.200000
2927,p,0.600000
2928,s,0.600000
2929,s,0.200000
2930,s,0.400000
2931,d,0.200000
2932,s,0.200000
2933,p,0.400000
2934,p,0.200000
2935,d,0.800000
2936,p,0.800000
2937,s,0.200000
2938,p,0.400000
2939,s,0.400000
2940,d,0.400000
2941,s,0.200000
2942,p,0.800000
2943,p,0.200000
2944,p,0.200000
2945,d,0.200000
2946,p,0.400000
2947,p,0.200000
2948,p,0.200000
2949,p,0.800000
2950,d,0.200000
2951,s,0.600000
2952,p,0.200000
2953,s,0.200000
2954,d,0.800000
2955,p,0.600000
2956,s,0.200000
2957,p,0.800000
2958,p,0.400000
2959,s,0.200000
2960,d,0.400000
2961,d,0.200000
2962,p,0.200000
2963,s,0.200000
2964,s,0.400000
2965,p,0.400000
2966,s,0.800000
2967,p,0.200000
2968,d,0.200000
2969,d,0.400000
2970,d,0.200000
2971,s,0.200000
2972,d,0.600000
2973,d,0.200000
2974,p,0.600000
2975,d,0.600000
2976,p,0.600000
2977,p,0.200000
2978,s,0.600000
2979,d,0.200000
2980,d,0.200000
2981,p,0.200000
2982,p,0.200000
2983,p,0.200000
2984,d,0.200000
2985,p,0.600000
2986,p,0.600000
2987,d,0.200000
2988,d,0.200000
2989,s,0.200000
2990,d,0.400000
2991,d,0.400000
2992,p,0.600000
2993,d,0.200000
2994,d,0.200000
2995,d,0.200000
2996,p,0.200000
2997,p,0.800000
2998,p,0.200000
2999,p,0.200000
3000,d,0.600000
3001,d,0.200000
3002,d,0.200000
3003,s,0.200000
3004,d,0.200000
3005,s,0.200000
3006,p,0.200000
3007,d,0.200000
3008,p,0.800000
3009,p,0.200000
3010,p,0.600000
3011,d,0.400000
3012,s,0.200000
3013,p,0.800000
3014,p,0.400000
3015,p,0.200000
3016,s,0.200000
3017,p,0.600000
3018,p,0.600000
3019,d,0.400000
3020,s,0.200000
3021,d,0.200000
3022,s,0.200000
3023,p,0.200000
3024,p,0.600000
3025,s,0.400000
3026,p,0.200000
3027,s,0.200000
3028,p,0.600000
3029,d,0.200000
3030,d,0.600000
3031,s,0.400000
3032,d,0.600000
3033,p,0.200000
3034,p,0.800000
3035,s,0.600000
3036,s,0.600000
3037,p,0.400000
3038,p,0.400000
3039,d,0.400000
3040,p,0.400000
3041,p,0.200000
3042,s,0.200000
3043,d,0.200000
3044,d,0.800000
3045,p,0.800000
3046,p,0.400000
3047,d,0.400000
3048,p,0.200000
3049,p,0.400000
3050,s,0.200000
3051,p,0.200000
3052,d,0.200000
3053,p,0.400000
3054,s,0.400000
3055,d,0.200000
3056,d,0.600000
3057,p,0.200000
3058,s,0.400000
3059,p,0.200000
3060,s,0.200000
3061,p,0.400000
3062,p,0.600000
3063,p,0.200000
3064,p,0.200000
3065,d,0.200000
3066,s,0.600000
3067,s,0.400000
3068,d,0.800000
3069,d,0.200000
3070,s,0.400000
3071,s,0.200000
3072,d,0.200000
3073,p,0.600000
3074,s,0.800000
3075,p,0.400000
3076,d,0.600000
3077,p,0.200000
3078,p,0.200000
3079,d,0.400000
3080,p,0.200000
3081,d,0.200000
3082,p,0.400000
3083,p,0.200000
3084,s,0.400000
3085,d,0.400000
3086,s,0.800000
3087,s,1.000000
3088,d,0.800000
3089,p,0.200000
3090,s,1.000000
3091,d,0.200000
3092,s,0.200000
3093,s,0.200000
3094,d,0.400000
3095,p,0.200000
3096,s,0.200000
3097,p,0.400000
3098,d,1.000000
3099,s,0.400000
3100,s,0.400000
3101,d,0.200000
3102,p,0.200000
3103,s,0.400000
3104,d,0.200000
3105,s,0.600000
3106,p,0.200000
3107,d,0.400000
3108,d,0.200000
3109,p,0.200000
3110,p,0.600000
3111,d,0.600000
3112,s,0.200000
3113,d,0.200000
3114,s,0.600000
3115,d,0.200000
3116,p,0.800000
3117,s,0.400000
3118,d,0.400000
3119,d,0.800000
3120,d,0.200000
3121,p,0.200000
3122,p,0.600000
3123,p,0.200000
3124,s,0.800000
3125,d,0.600000
3126,s,0.200000
3127,d,0.200000
3128,d,0.400000
3129,d,0.200000
3130,p,0.400000
3131,p,1.000000
3132,d,0.400000
3133,d,0.200000
3134,p,0.600000
3135,s,0.400000
3136,p,0.600000
3137,d,0.200000
3138,p,0.400000
3139,p,0.600000
3140,p,0.600000
3141,d,0.400000
3142,p,0.200000
3143,p,0.200000
3144,s,0.200000
3145,d,1.000000
3146,s,0.200000
3147,d,0.600000
3148,p,0.200000
3149,d,0.200000
3150,p,0.200000
3151,p,0.400000
3152,d,0.200000
3153,d,0.200000
3154,s,0.400000
3155,d,0.200000
3156,p,0.600000
3157,d,0.200000
3158,p,0.200000
3159,d,0.200000
3160,d,0.200000
3161,s,0.200000
3162,p,0.600000
3163,s,0.200000
3164,p,0.600000
3165,d,0.800000
3166,p,0.800000
3167,s,0.200000
3168,d,0.800000
3169,d,0.200000
3170,s,0.800000
3171,d,0.400000
3172,s,0.200000
3173,p,0.200000
3174,d,0.400000
3175,d,0.400000
3176,d,0.200000
3177,d,0.400000
3178,s,0.600000
3179,d,0.200000
3180,d,0.400000
3181,p,0.400000
3182,d,0.400000
3183,p,0.200000
3184,p,0.400000
3185,p,0.800000
3186,p,0.200000
3187,p,0.200000
3188,p,0.200000
3189,p,0.400000
3190,p,0.400000
3191,p,0.200000
3192,s,0.200000
3193,d,0.600000
3194,s,0.400000
3195,d,0.400000
3196,p,0.200000
3197,d,0.400000
3198,p,0.600000
3199,d,0.200000
3200,s,0.200000
3201,p,0.200000
3202,p,0.800000
3203,p,0.600000
3204,p,0.200000
3205,s,0.400000
3206,s,0.400000
3207,d,0.200000
3208,p,0.200000
3209,d,0.200000
3210,d,0.200000
3211,d,0.200000
3212,d,0.200000
3213,p,0.600000
3214,s,0.400000
3215,p,0.200000
3216,p,0.200000
3217,s,0.400000
3218,p,0.600000
3219,d,0.400000
3220,d,0.200000
3221,p,0.400000
3222,s,0.200000
3223,s,0.600000
3224,d,0.200000
3225,p,0.200000
3226,s,0.400000
3227,s,0.400000
3228,s,0.200000
3229,s,0.400000
3230,s,0.400000
3231,d,0.400000
3232,d,0.200000
3233,s,0.600000
3234,d,0.200000
3235,s,0.200000
3236,d,0.200000
3237,p,0.400000
3238,p,0.400000
3239,s,0.200000
3240,s,0.600000
3241,p,0.200000
3242,d,0.600000
3243,d,0.200000
3244,s,0.200000
3245,d,0.200000
3246,s,0.200000
3247,s,0.400000
3248,s,0.400000
3249,d,1.000000
3250,p,0.200000
3251,p,0.600000
3252,d,0.200000
3253,p,0.200000
3254,d,0.200000
3255,d,0.200000
3256,p,0.400000
3257,d,0.200000
3258,s,0.200000
3259,p,0.400000
3260,s,0.400000
3261,d,0.200000
3262,s,0.800000
3263,s,0.200000
3264,s,0.200000
3265,p,0.600000
3266,d,0.600000
3267,s,0.400000
3268,p,0.200000
3269,p,0.200000
3270,d,1.000000
3271,s,0.400000
3272,p,0.400000
3273,s,0.200000
3274,s,0.200000
3275,d,0.600000
3276,s,0.400000
3277,d,0.600000
3278,s,0.200000
3279,d,0.200000
3280,s,0.200000
3281,s,0.200000
3282,s,0.200000
3283,d,0.400000
3284,s,0.200000
3285,p,0.600000
3286,s,0.200000
3287,s,0.600000
3288,s,0.200000
3289,d,0.200000
3290,p,0.200000
3291,p,0.200000
3292,s,0.600000
3293,d,0.800000
3294,d,0.200000
3295,p,0.200000
3296,s,0.200000
3297,d,0.400000
3298,d,0.800000
3299,s,0.600000
3300,p,0.200000
3301,p,0.800000
3302,p,0.200000
3303,s,0.600000
3304,d,0.400000
3305,d,0.200000
3306,p,0.600000
3307,d,0.400000
3308,d,0.200000
3309,s,0.200000
3310,s,0.600000
3311,p,0.600000
3312,d,0.800000
3313,p,0.800000
3314,d,0.600000
3315,p,0.200000
3316,d,0.200000
3317,s,0.200000
3318,p,0.200000
3319,p,0.200000
3320,d,0.200000
3321,d,0.800000
3322,s,0.400000
3323,s,0.200000
3324,s,0.600000
3325,s,0.200000
3326,p,0.200000
3327,s,0.200000
3328,s,0.200000
3329,p,0.400000
3330,s,0.200000
3331,p,0.200000
3332,p,1.000000
3333,p,0.600000
3334,d,0.200000
3335,s,0.200000
3336,s,0.200000
3337,d,0.600000
3338,s,0.400000
3339,p,0.600000
3340,p,0.600000
3341,p,0.200000
3342,p,0.800000
3343,s,0.600000
3344,p,0.600000
3345,d,0.800000
3346,d,0.200000
3347,s,0.200000
3348,s,0.200000
3349,d,0.400000
3350,p,0.200000
3351,p,0.600000
3352,p,0.200000
3353,p,0.200000
3354,p,0.600000
3355,d,0.200000
3356,s,0.200000
3357,s,0.400000
3358,d,0.200000
3359,s,0.400000
3360,s,0.800000
3361,s,0.200000
3362,s,0.200000
3363,s,0.400000
3364,p,0.600000
3365,s,0.200000
3366,p,0.600000
3367,p,0.200000
3368,p,0.200000
3369,s,0.600000
3370,p,0.200000
3371,d,0.200000
3372,p,0.800000
3373,p,0.200000
3374,d,0.200000
3375,d,0.400000
3376,p,1.000000
3377,s,0.200000
3378,d,0.200000
3379,d,0.200000
3380,s,0.200000
3381,p,0.400000
3382,s,0.600000
3383,s,0.200000
3384,d,0.200000
3385,d,0.600000
3386,d,0.200000
3387,d,0.200000
3388,p,0.200000
3389,d,0.200000
3390,s,0.400000
3391,p,0.200000
3392,s,0.200000
3393,d,0.200000
3394,d,0.200000
3395,s,0.600000
3396,s,0.800000
3397,p,0.200000
3398,s,0.200000
3399,p,0.600000
3400,s,0.400000
3401,d,0.600000
3402,d,1.000000
3403,p,0.200000
3404,p,0.800000
3405,p,0.200000
3406,s,0.600000
3407,p,0.200000
3408,s,0.200000
3409,d,0.200000
3410,s,0.200000
3411,d,0.200000
3412,s,0.200000
3413,s,0.200000
3414,s,0.200000
3415,p,0.200000
3416,d,0.600000
3417,p,0.800000
3418,d,0.200000
3419,d,0.600000
3420,d,0.200000
3421,p,0.600000
3422,s,0.400000
3423,d,0.600000
3424,s,0.800000
3425,d,0.400000
3426,s,0.600000
3427,p,0.200000
3428,p,0.600000
3429,p,0.200000
3430,p,0.200000
3431,d,0.600000
3432,d,0.200000
3433,d,0.200000
3434,p,0.400000
3435,s,0.200000
3436,p,0.200000
3437,d,0.200000
3438,p,0.200000
3439,s,0.200000
3440,p,1.000000
3441,s,0.200000
3442,p,0.600000
3443,s,0.200000
3444,p,0.400000
3445,s,0.200000
3446,d,0.600000
3447,d,0.200000
3448,s,0.200000
3449,p,0.600000
3450,p,0.200000
3451,p,0.200000
3452,d,0.600000
3453,s,0.200000
3454,p,0.400000
3455,d,0.200000
3456,d,0.200000
3457,p,0.800000
3458,s,0.200000
3459,d,0.200000
3460,d,0.200000
3461,d,0.200000
3462,p,0.200000
3463,s,0.200000
3464,p,0.800000
3465,d,0.200000
3466,d,0.200000
3467,p,0.600000
3468,d,0.200000
3469,p,0.200000
3470,p,0.600000
3471,s,0.200000
3472,d,0.200000
3473,p,0.200000
3474,d,0.200000
3475,s,0.200000
3476,p,0.800000
3477,p,0.800000
3478,p,0.200000
3479,s,0.400000
3480,d,0.200000
3481,p,0.800000
3482,s,1.000000
3483,d,0.600000
3484,s,0.400000
3485,d,0.400000
3486,d,0.200000
3487,s,0.200000
3488,p,0.200000
3489,p,0.800000
3490,p,0.200000
3491,p,0.400000
3492,p,0.200000
3493,d,0.600000
3494,d,0.800000
3495,s,0.200000
3496,s,0.600000
3497,d,0.200000
3498,p,0.600000
3499,d,0.200000
3500,s,0.200000
3501,p,0.200000
3502,d,0.200000
3503,d,0.600000
3504,p,0.800000
3505,d,0.200000
3506,d,0.400000
3507,d,0.800000
3508,p,0.600000
3509,p,0.200000
3510,d,0.200000
3511,p,0.600000
3512,d,0.400000
3513,p,0.800000
3514,p,0.200000
3515,d,0.200000
3516,d,0.600000
3517,d,0.200000
3518,d,0.200000
3519,p,0.200000
3520,s,0.600000
3521,p,0.400000
3522,p,0.400000
3523,p,0.400000
3524,d,0.200000
3525,d,0.200000
3526,d,0.200000
3527,d,0.600000
3528,p,0.600000
3529,d,0.200000
3530,d,0.200000
3531,d,0.400000
3532,d,0.400000
3533,d,0.200000
3534,d,0.200000
3535,s,0.600000
3536,p,0.200000
3537,s,0.200000
3538,s,0.800000
3539,d,0.200000
3540,p,0.400000
3541,s,0.400000
3542,s,0.200000
3543,s,0.200000
3544,d,0.200000
3545,p,0.200000
3546,s,0.200000
3547,d,0.600000
3548,d,0.600000
3549,s,0.600000
3550,d,0.200000
3551,s,0.400000
3552,d,0.400000
3553,s,1.000000
3554,s,0.200000
3555,p,0.200000
3556,p,0.400000
3557,s,0.800000
3558,s,0.200000
3559,d,0.800000
3560,s,0.200000
3561,d,0.400000
3562,p,0.800000
3563,d,1.000000
3564,s,0.200000
3565,p,0.400000
3566,p,0.800000
3567,d,0.200000
3568,s,0.200000
3569,s,0.200000
3570,s,0.600000
3571,s,0.600000
3572,p,0.200000
3573,d,0.600000
3574,p,0.200000
3575,s,0.600000
3576,p,0.200000
3577,s,0.200000
3578,s,0.200000
3579,d,0.200000
3580,d,0.800000
3581,d,0.600000
3582,s,0.800000
3583,s,0.200000
3584,s,0.400000
3585,p,0.200000
3586,d,0.200000
3587,s,0.600000
3588,d,0.600000
3589,d,0.600000
3590,p,0.600000
3591,d,0.200000
3592,s,0.400000
3593,d,0.200000
3594,p,0.400000
3595,d,0.800000
3596,s,0.200000
3597,s,0.200000
3598,d,0.200000
3599,d,0.600000
3600,s,0.800000
3601,p,0.200000
3602,s,0.200000
3603,p,0.200000
3604,d,0.600000
3605,s,0.200000
3606,d,0.200000
3607,p,0.600000
3608,s,0.400000
3609,p,0.600000
3610,s,0.200000
3611,s,0.200000
3612,p,0.200000
3613,d,0.600000
3614,d,0.200000
3615,s,0.200000
3616,s,0.600000
3617,s,0.200000
3618,p,0.200000
3619,p,0.400000
3620,s,0.400000
3621,d,0.200000
3622,p,0.800000
3623,s,0.200000
3624,d,1.000000
3625,p,0.200000
3626,s,0.600000
3627,d,0.400000
3628,s,0.400000
3629,s,1.000000
3630,d,0.600000
3631,d,0.200000
3632,d,0.600000
3633,s,0.400000
3634,p,0.600000
3635,d,0.200000
3636,s,0.400000
3637,d,0.200000
3638,p,0.600000
3639,p,0.200000
3640,d,0.200000
3641,d,0.200000
3642,s,0.600000
3643,s,0.200000
3644,p,0.200000
3645,d,0.200000
3646,d,0.200000
3647,d,0.200000
3648,d,0.200000
3649,s,0.600000
3650,d,0.200000
3651,s,0.200000
3652,s,0.800000
3653,s,0.800000
3654,s,0.200000
3655,p,0.600000
3656,p,0.800000
3657,s,0.200000
3658,s,0.600000
3659,p,0.200000
3660,s,0.200000
3661,p,0.400000
3662,p,0.400000
3663,s,0.200000
3664,s,0.800000
3665,s,0.600000
3666,p,0.400000
3667,p,0.200000
3668,s,0.600000
3669,s,0.200000
3670,d,0.600000
3671,d,0.800000
3672,d,0.200000
3673,d,0.200000
3674,p,0.200000
3675,d,0.200000
3676,p,0.200000
3677,s,0.200000
3678,p,0.200000
3679,d,0.200000
3680,p,0.800000
3681,d,1.000000
3682,p,0.400000
3683,s,1.000000
3684,s,0.600000
3685,p,0.200000
3686,p,0.200000
3687,d,0.200000
3688,d,0.200000
3689,s,0.800000
3690,p,0.600000
3691,d,0.200000
3692,d,0.200000
3693,p,0.200000
3694,d,0.800000
3695,s,0.600000
3696,d,0.800000
3697,d,0.800000
3698,d,0.200000
3699,p,0.200000
3700,d,0.200000
3701,p,0.200000
3702,s,0.200000
3703,s,0.200000
3704,p,0.200000
3705,d,0.200000
3706,p,0.400000
3707,s,0.200000
3708,p,0.400000
3709,p,0.600000
3710,p,1.000000
3711,d,0.600000
3712,p,0.600000
3713,d,0.400000
3714,s,0.600000
3715,p,0.600000
3716,s,0.600000
3717,d,0.200000
3718,p,0.200000
3719,s,0.400000
3720,d,0.400000
3721,p,0.200000
3722,d,0.200000
3723,s,0.200000
3724,p,0.200000
3725,d,0.400000
3726,p,0.200000
3727,s,0.600000
3728,s,0.200000
3729,d,0.200000
3730,s,0.200000
3731,d,0.200000
3732,d,0.200000
3733,p,0.400000
3734,d,0.200000
3735,d,0.200000
3736,p,0.200000
3737,d,0.400000
3738,p,0.200000
3739,d,0.200000
3740,p,0.200000
3741,d,0.800000
3742,p,0.200000
3743,p,0.200000
3744,p,0.200000
3745,s,0.200000
3746,p,0.200000
3747,d,0.200000
3748,p,0.200000
3749,p,0.600000
3750,s,0.600000
3751,p,0.400000
3752,s,0.200000
3753,s,0.200000
3754,d,0.400000
3755,d,0.600000
3756,p,0.400000
3757,d,0.400000
3758,s,0.200000
3759,p,0.200000
3760,p,0.800000
3761,d,0.200000
3762,d,0.400000
3763,d,0.400000
3764,d,0.200000
3765,p,0.600000
3766,d,0.200000
3767,d,1.000000
3768,s,0.200000
3769,d,0.200000
3770,s,0.600000
3771,d,0.400000
3772,p,0.200000
3773,s,0.600000
3774,p,0.600000
3775,d,0.200000
3776,p,0.400000
3777,s,0.400000
3778,s,0.600000
3779,p,0.200000
3780,s,0.200000
3781,s,0.600000
3782,s,0.200000
3783,d,0.600000
3784,d,0.200000
3785,p,0.600000
3786,d,0.200000
3787,d,0.600000
3788,p,0.400000
3789,p,0.600000
3790,d,0.400000
3791,p,0.200000
3792,s,0.600000
3793,s,1.000000
3794,p,0.400000
3795,p,0.400000
3796,d,0.200000
3797,s,0.600000
3798,p,0.800000
3799,s,0.200000
3800,p,0.200000
3801,d,0.800000
3802,p,0.800000
3803,s,0.600000
3804,p,0.200000
3805,d,0.400000
3806,d,0.200000
3807,s,0.200000
3808,p,0.200000
3809,p,0.400000
3810,d,0.400000
3811,p,0.400000
3812,p,0.200000
3813,p,0.200000
3814,p,0.200000
3815,p,0.400000
3816,p,0.200000
3817,d,0.200000
3818,d,0.200000
3819,p,0.400000
3820,p,0.200000
3821,s,0.200000
3822,d,0.600000
3823,s,0.400000
3824,s,0.200000
3825,s,0.200000
3826,s,0.600000
3827,s,0.600000
3828,p,0.200000
3829,d,0.200000
3830,s,0.200000
3831,d,0.200000
3832,s,0.400000
3833,d,0.200000
3834,s,0.200000
3835,s,0.600000
3836,d,0.200000
3837,p,0.200000
3838,d,0.200000
3839,p,0.200000
3840,p,1.000000
3841,d,0.800000
3842,p,0.200000
3843,s,0.800000
3844,d,0.200000
3845,p,0.400000
3846,d,0.400000
3847,d,0.200000
3848,d,0.600000
3849,s,0.200000
3850,p,0.600000
3851,s,0.400000
3852,p,0.600000
3853,p,0.200000
3854,p,0.400000
3855,p,0.200000
3856,d,0.600000
3857,s,0.400000
3858,s,0.200000
3859,s,0.200000
3860,p,0.200000
3861,p,0.200000
3862,d,0.400000
3863,p,0.200000
3864,p,0.200000
3865,d,0.200000
3866,d,0.200000
3867,d,0.200000
3868,d,0.200000
3869,d,0.200000
3870,d,0.200000
3871,d,0.400000
3872,p,0.200000
3873,s,0.600000
3874,d,0.200000
3875,p,0.200000
3876,p,0.200000
3877,p,0.200000
3878,d,0.200000
3879,d,0.200000
3880,p,0.200000
3881,p,0.200000
3882,d,0.400000
3883,s,0.200000
3884,s,0.200000
3885,p,0.400000
3886,s,0.600000
3887,d,0.200000
3888,s,0.200000
3889,d,0.600000
3890,p,0.200000
3891,p,0.200000
3892,s,0.200000
3893,p,0.600000
3894,s,0.200000
3895,p,0.400000
3896,p,0.400000
3897,s,0.600000
3898,p,0.400000
3899,p,0.400000
3900,p,0.200000
3901,d,0.400000
3902,s,0.200000
3903,s,0.600000
3904,p,0.200000
3905,d,0.200000
3906,d,0.200000
3907,s,0.200000
3908,p,0.600000
3909,s,0.200000
3910,p,0.200000
3911,d,0.400000
3912,p,0.400000
3913,s,0.200000
3914,p,0.200000
3915,d,0.200000
3916,s,0.200000
3917,d,0.600000
3918,d,0.400000
3919,p,0.400000
3920,p,0.600000
3921,d,0.200000
3922,d,0.400000
3923,p,0.800000
3924,p,0.200000
3925,d,0.600000
3926,d,0.400000
3927,p,0.600000
3928,s,0.200000
3929,p,0.600000
3930,p,0.400000
3931,p,1.000000
3932,p,0.400000
3933,p,0.800000
3934,p,0.200000
3935,p,0.600000
3936,d,0.200000
3937,p,0.200000
3938,s,0.600000
3939,p,0.200000
3940,p,0.400000
3941,p,0.200000
3942,s,0.200000
3943,d,0.400000
3944,s,0.200000
3945,s,0.200000
3946,d,0.200000
3947,s,0.200000
3948,d,0.400000
3949,s,0.200000
3950,p,0.200000
3951,s,0.400000
3952,p,0.200000
3953,s,0.200000
3954,p,0.200000
3955,p,0.600000
3956,s,0.200000
3957,d,0.200000
3958,p,0.200000
3959,p,0.200000
3960,s,0.400000
3961,p,0.600000
3962,d,0.800000
3963,d,0.200000
3964,p,0.400000
3965,s,0.600000
3966,s,0.200000
3967,s,0.800000
3968,s,0.200000
3969,d,0.200000
3970,d,0.200000
3971,p,0.200000
3972,p,0.800000
3973,d,0.200000
3974,d,0.800000
3975,d,0.200000
3976,d,0.400000
3977,d,0.600000
3978,s,0.200000
3979,p,0.800000
3980,s,0.600000
3981,p,0.200000
3982,p,0.200000
3983,p,0.200000
3984,s,1.000000
3985,p,0.200000
3986,s,0.200000
3987,d,0.200000
3988,s,0.200000
3989,p,0.200000
3990,s,0.200000
3991,s,0.200000
3992,d,0.400000
3993,s,0.400000
3994,s,0.200000
3995,s,0.200000
3996,p,0.200000
3997,d,0.200000
3998,p,0.400000
3999,s,0.200000
4000,s,0.200000
4001,p,0.200000
4002,p,0.200000
4003,s,0.200000
4004,p,0.400000
4005,p,0.400000
4006,d,0.200000
4007,s,0.200000
4008,d,0.400000
4009,s,0.400000
4010,p,0.600000
4011,d,0.200000
4012,d,0.200000
4013,d,0.200000
4014,p,0.400000
4015,s,0.600000
4016,s,0.800000
4017,p,0.400000
4018,d,0.600000
4019,s,0.600000
4020,p,0.200000
4021,p,0.200000
4022,p,0.200000
4023,s,0.400000
4024,d,0.800000
4025,p,0.800000
4026,d,0.400000
4027,s,0.200000
4028,s,0.200000
4029,s,0.200000
4030,s,0.200000
4031,s,0.400000
4032,d,0.200000
4033,s,0.200000
4034,d,0.200000
4035,d,0.800000
4036,s,0.200000
4037,s,0.200000
4038,s,0.400000
4039,d,0.200000
4040,p,0.800000
4041,p,0.400000
4042,s,0.600000
4043,s,0.200000
4044,s,0.200000
4045,d,0.200000
4046,p,0.200000
4047,s,0.600000
4048,s,0.200000
4049,d,0.200000
4050,p,0.600000
4051,d,0.400000
4052,p,0.200000
4053,d,0.200000
4054,d,0.600000
4055,d,0.200000
4056,s,0.200000
4057,p,0.200000
4058,p,0.200000
4059,s,0.200000
4060,p,0.200000
4061,p,0.600000
4062,p,0.400000
4063,s,0.400000
4064,d,0.200000
4065,p,0.400000
4066,d,0.200000
4067,p,0.600000
4068,p,0.800000
4069,s,0.200000
4070,p,0.600000
4071,s,0.400000
4072,s,0.200000
4073,p,0.200000
4074,s,0.200000
4075,s,0.400000
4076,p,0.600000
4077,p,0.800000
4078,d,0.200000
4079,d,0.400000
4080,d,0.600000
4081,s,0.600000
4082,p,0.200000
4083,d,1.000000
4084,d,0.200000
4085,d,0.200000
4086,s,0.200000
4087,d,0.400000
4088,p,0.400000
4089,p,0.200000
4090,p,0.200000
4091,s,0.400000
4092,p,0.200000
4093,s,0.800000
4094,s,0.200000
4095,s,0.200000
4096,p,0.600000
4097,s,0.200000
4098,d,0.400000
4099,d,0.200000
4100,s,0.200000
4101,d,0.600000
4102,d,1.000000
4103,d,0.200000
4104,s,0.200000
4105,p,0.400000
4106,s,0.200000
4107,p,0.200000
4108,d,0.200000
4109,d,0.200000
4110,d,1.000000
4111,d,1.000000
4112,p,0.600000
4113,p,0.200000
4114,s,0.400000
4115,p,0.200000
4116,p,0.200000
4117,d,0.200000
4118,p,0.800000
4119,p,0.600000
4120,p,0.800000
4121,s,0.200000
4122,d,1.000000
4123,d,0.600000
4124,p,0.200000
4125,d,0.400000
4126,s,0.400000
4127,p,0.400000
4128,d,0.800000
4129,d,0.200000
4130,d,0.200000
4131,s,0.400000
4132,d,0.600000
4133,d,0.400000
4134,s,0.200000
4135,s,0.200000
4136,s,0.200000
4137,d,0.200000
4138,d,0.200000
4139,d,0.400000
4140,d,0.200000
4141,s,0.400000
4142,d,0.200000
4143,s,0.800000
4144,p,0.600000
4145,p,0.600000
4146,p,0.200000
4147,s,0.600000
4148,p,0.200000
4149,d,0.800000
4150,p,0.200000
4151,d,0.400000
4152,d,0.400000
4153,d,0.400000
4154,d,0.200000
4155,s,0.600000
4156,s,0.600000
4157,d,0.800000
4158,p,0.200000
4159,p,0.400000
4160,p,0.600000
4161,d,0.400000
4162,p,0.200000
4163,d,0.600000
4164,p,0.800000
4165,d,0.600000
4166,s,0.200000
4167,d,0.200000
4168,d,0.400000
4169,s,0.800000
4170,p,0.600000
4171,p,0.200000
4172,p,0.400000
4173,d,0.200000
4174,d,0.200000
4175,s,0.800000
4176,s,0.200000
4177,d,0.600000
4178,s,0.200000
4179,p,0.200000
4180,s,0.600000
4181,d,0.200000
4182,p,0.200000
4183,p,0.600000
4184,d,0.400000
4185,p,0.200000
4186,s,0.800000
4187,s,0.200000
4188,s,0.400000
4189,d,0.600000
4190,d,1.000000
4191,p,0.200000
4192,d,0.800000
4193,d,1.000000
4194,d,0.200000
4195,d,0.200000
4196,p,0.200000
4197,p,0.200000
4198,p,0.600000
4199,d,0.400000
4200,p,0.200000
4201,d,0.200000
4202,d,0.200000
4203,d,0.200000
4204,s,0.800000
4205,d,0.200000
4206,d,0.200000
4207,p,0.400000
4208,s,0.200000
4209,d,0.200000
4210,s,0.400000
4211,p,0.400000
4212,s,0.600000
4213,p,0.200000
4214,s,0.600000
4215,s,0.600000
4216,s,0.200000
4217,p,0.400000
4218,p,0.400000
4219,s,0.200000
4220,p,0.400000
4221,d,0.800000
4222,s,0.600000
4223,s,0.200000
4224,p,0.200000
4225,p,0.200000
4226,p,0.200000
4227,d,0.200000
4228,d,0.200000
4229,p,0.400000
4230,d,0.200000
4231,p,0.200000
4232,d,0.600000
4233,p,0.200000
4234,d,0.200000
4235,d,0.200000
4236,p,0.200000
4237,d,0.600000
4238,d,0.200000
4239,p,0.200000
4240,p,0.200000
4241,s,0.200000
4242,s,0.800000
4243,d,0.400000
4244,p,0.200000
4245,s,0.200000
4246,s,0.200000
4247,p,0.200000
4248,p,0.400000
4249,s,0.200000
4250,d,0.200000
4251,p,0.600000
4252,s,0.200000
4253,s,0.400000
4254,p,0.200000
4255,p,0.200000
4256,s,0.200000
4257,d,0.200000
4258,s,0.400000
4259,d,0.200000
4260,d,0.200000
4261,p,0.600000
4262,s,0.200000
4263,p,0.200000
4264,s,0.600000
4265,d,0.200000
4266,d,0.400000
4267,p,0.200000
4268,d,0.200000
4269,d,0.400000
4270,s,0.200000
4271,p,0.200000
4272,s,0.400000
4273,p,0.200000
4274,s,0.200000
4275,s,0.400000
4276,s,0.400000
4277,d,0.400000
4278,d,0.400000
4279,d,0.600000
4280,s,0.200000
4281,p,0.200000
4282,p,0.200000
4283,p,0.200000
4284,s,0.200000
4285,d,0.200000
4286,d,0.800000
4287,s,0.600000
4288,p,0.200000
4289,d,0.200000
4290,s,0.400000
4291,d,0.200000
4292,s,0.200000
4293,s,0.400000
4294,d,0.200000
4295,p,0.200000
4296,p,0.400000
4297,p,0.400000
4298,p,0.200000
4299,d,0.200000
4300,s,0.800000
4301,d,0.200000
4302,s,0.600000
4303,d,0.200000
4304,d,0.200000
4305,s,0.600000
4306,s,0.600000
4307,d,0.400000
4308,s,0.200000
4309,p,0.400000
4310,d,0.200000
4311,s,0.200000
4312,s,0.200000
4313,p,0.200000
4314,s,0.200000
4315,p,0.200000
4316,d,0.200000
4317,p,0.400000
4318,s,0.400000
4319,d,0.800000
4320,p,0.800000
4321,d,0.200000
4322,p,0.200000
4323,s,0.200000
4324,d,0.200000
4325,p,0.200000
4326,s,0.400000
4327,d,0.200000
4328,d,0.200000
4329,p,0.200000
4330,d,0.200000
4331,d,0.200000
4332,p,0.200000
4333,s,0.600000
4334,p,0.800000
4335,p,0.400000
4336,s,0.600000
4337,p,0.200000
4338,d,0.200000
4339,s,0.800000
4340,p,0.400000
4341,d,0.800000
4342,s,0.800000
4343,s,0.200000
4344,d,0.400000
4345,d,0.200000
4346,d,0.200000
4347,d,0.200000
4348,p,0.200000
4349,s,0.600000
4350,d,0.600000
4351,p,0.200000
4352,p,0.600000
4353,d,0.200000
4354,d,0.600000
4355,d,0.400000
4356,d,0.800000
4357,p,0.200000
4358,s,0.200000
4359,s,0.200000
4360,s,0.400000
4361,d,0.800000
4362,d,0.600000
4363,d,0.600000
4364,p,0.200000
4365,s,0.200000
4366,s,0.600000
4367,s,0.600000
4368,s,0.200000
4369,p,0.800000
4370,p,0.600000
4371,d,0.200000
4372,p,0.400000
4373,d,0.200000
4374,d,0.200000
4375,p,0.200000
4376,s,0.600000
4377,s,0.200000
4378,s,0.200000
4379,d,0.800000
4380,s,0.200000
4381,d,0.400000
4382,d,0.400000
4383,d,0.200000
4384,d,0.200000
4385,s,0.200000
4386,s,0.200000
4387,s,0.200000
4388,p,0.200000
4389,d,0.200000
4390,p,0.200000
4391,p,0.200000
4392,s,0.200000
4393,d,1.000000
4394,d,0.200000
4395,p,0.200000
4396,p,0.200000
4397,p,0.200000
4398,d,0.600000
4399,d,0.200000
4400,d,0.800000
4401,d,0.200000
4402,p,0.200000
4403,s,0.800000
4404,d,0.200000
4405,d,0.400000
4406,d,0.200000
4407,d,0.200000
4408,d,0.400000
4409,s,0.800000
4410,d,0.800000
4411,s,0.200000
4412,d,0.200000
4413,p,0.200000
4414,p,0.400000
4415,d,0.400000
4416,d,0.200000
4417,s,0.600000
4418,s,0.200000
4419,s,0.200000
4420,d,0.200000
4421,p,0.200000
4422,p,0.200000
4423,s,0.200000
4424,s,0.600000
4425,d,0.200000
4426,d,0.200000
4427,s,0.200000
4428,s,0.600000
4429,d,0.200000
4430,d,0.200000
4431,d,0.200000
4432,p,0.200000
4433,d,0.200000
4434,p,0.200000
4435,p,0.200000
4436,s,0.600000
4437,d,0.200000
4438,d,0.200000
4439,d,0.200000
4440,d,0.200000
4441,d,0.200000
4442,p,0.200000
4443,d,0.400000
4444,d,0.200000
4445,d,0.600000
4446,p,0.200000
4447,s,0.200000
4448,s,0.800000
4449,p,0.400000
4450,p,0.200000
4451,d,0.200000
4452,s,0.600000
4453,d,0.400000
4454,p,0.200000
4455,d,0.400000
4456,s,0.400000
4457,d,0.400000
4458,p,0.200000
4459,s,0.400000
4460,d,0.200000
4461,p,0.200000
4462,p,0.200000
4463,p,0.800000
4464,s,0.200000
4465,p,0.200000
4466,p,0.400000
4467,d,0.600000
4468,p,0.400000
4469,s,0.200000
4470,d,0.200000
4471,s,0.200000
4472,d,0.600000
4473,d,0.800000
4474,d,0.200000
4475,s,0.200000
4476,d,0.800000
4477,p,0.600000
4478,d,0.200000
4479,s,0.200000
4480,p,0.800000
4481,d,0.400000
4482,p,0.200000
4483,s,0.600000
4484,s,0.200000
4485,p,0.200000
4486,s,0.200000
4487,d,0.200000
4488,s,0.200000
4489,s,0.200000
4490,s,0.400000
4491,s,0.200000
4492,d,0.400000
4493,p,0.200000
4494,s,0.200000
4495,p,0.200000
4496,p,0.200000
4497,d,0.600000
4498,p,0.400000
4499,d,0.200000
4500,p,0.400000
4501,d,0.200000
4502,d,0.200000
4503,s,0.600000
4504,s,0.200000
4505,s,0.800000
4506,d,0.200000
4507,d,0.200000
4508,s,0.400000
4509,p,0.200000
4510,d,0.200000
4511,d,0.600000
4512,s,0.200000
4513,d,0.200000
4514,p,0.200000
4515,d,0.600000
4516,p,0.200000
4517,d,0.200000
4518,d,0.200000
4519,d,0.200000
4520,d,0.200000
4521,d,0.200000
4522,p,0.200000
4523,d,0.800000
4524,p,0.200000
4525,s,0.200000
4526,d,0.400000
4527,d,0.400000
4528,d,0.200000
4529,d,0.200000
4530,s,0.200000
4531,s,0.200000
4532,s,0.200000
4533,s,0.800000
4534,p,0.200000
4535,p,0.800000
4536,d,0.600000
4537,d,0.200000
4538,s,0.200000
4539,d,0.200000
4540,d,0.200000
4541,d,0.800000
4542,d,0.800000
4543,p,0.200000
4544,p,0.200000
4545,s,0.200000
4546,p,0.600000
4547,s,0.600000
4548,p,0.800000
4549,p,0.800000
4550,p,0.200000
4551,d,0.600000
4552,d,0.200000
4553,p,0.200000
4554,d,0.200000
4555,s,0.200000
4556,s,0.200000
4557,s,0.400000
4558,d,0.400000
4559,p,0.200000
4560,p,0.200000
4561,p,0.200000
4562,d,0.200000
4563,s,0.600000
4564,d,1.000000
4565,s,0.200000
4566,s,0.200000
4567,p,0.200000
4568,d,0.200000
4569,p,0.400000
4570,p,0.400000
4571,s,0.200000
4572,d,0.200000
4573,d,0.200000
4574,s,0.200000
4575,p,0.400000
4576,p,0.800000
4577,p,0.200000
4578,s,0.600000
4579,d,0.800000
4580,p,0.200000
4581,s,0.200000
4582,s,0.200000
4583,p,0.200000
4584,p,0.400000
4585,p,0.600000
4586,d,0.600000
4587,p,0.200000
4588,p,0.200000
4589,d,0.200000
4590,p,0.600000
4591,d,0.200000
4592,s,0.200000
4593,d,0.800000
4594,s,0.400000
4595,p,0.200000
4596,d,0.200000
4597,s,0.800000
4598,p,0.200000
4599,s,0.200000
4600,d,0.600000
4601,p,0.200000
4602,s,0.200000
4603,d,0.600000
4604,p,0.800000
4605,d,0.200000
4606,s,0.200000
4607,d,0.200000
4608,d,0.200000
4609,s,0.200000
4610,p,0.400000
4611,p,0.200000
4612,p,0.200000
4613,p,0.400000
4614,p,0.800000
4615,d,0.400000
4616,p,0.600000
4617,d,0.400000
4618,s,0.600000
4619,d,0.200000
4620,p,0.200000
4621,s,1.000000
4622,p,0.200000
4623,s,0.600000
4624,d,0.200000
4625,d,0.200000
4626,d,1.000000
4627,d,1.000000
4628,d,0.200000
4629,d,0.800000
4630,d,0.200000
4631,d,0.200000
4632,s,0.200000
4633,d,0.200000
4634,d,0.200000
4635,d,0.600000
4636,s,0.400000
4637,d,0.600000
4638,p,0.600000
4639,s,0.200000
4640,d,0.800000
4641,p,0.200000
4642,s,0.200000
4643,p,0.200000
4644,d,0.200000
4645,d,0.200000
4646,d,0.600000
4647,p,0.200000
4648,s,0.600000
4649,s,0.200000
4650,s,0.600000
4651,d,0.600000
4652,s,0.200000
4653,s,0.200000
4654,s,0.200000
4655,s,0.600000
4656,p,0.200000
4657,p,0.200000
4658,p,0.600000
4659,d,0.200000
4660,d,0.200000
4661,p,0.200000
4662,d,0.200000
4663,s,0.400000
4664,s,0.200000
4665,p,0.200000
4666,d,0.200000
4667,p,0.200000
4668,p,0.400000
4669,d,0.200000
4670,p,0.800000
4671,p,0.200000
4672,s,0.200000
4673,s,0.400000
4674,d,0.200000
4675,p,0.200000
4676,p,0.200000
4677,d,0.200000
4678,s,0.200000
4679,d,0.200000
4680,s,0.400000
4681,p,0.800000
4682,s,0.200000
4683,p,0.200000
4684,d,0.600000
4685,s,0.600000
4686,p,0.200000
4687,s,0.600000
4688,p,0.600000
4689,s,0.200000
4690,d,0.200000
4691,p,0.800000
4692,d,0.200000
4693,d,0.200000
4694,p,0.400000
4695,s,0.200000
4696,d,0.600000
4697,p,1.000000
4698,d,0.200000
4699,d,0.200000
4700,s,0.200000
4701,d,0.200000
4702,d,0.400000
4703,s,0.400000
4704,d,0.400000
4705,s,0.600000
4706,s,0.600000
4707,s,0.200000
4708,s,0.200000
4709,d,0.200000
4710,p,0.200000
4711,d,0.200000
4712,d,0.200000
4713,p,0.600000
4714,s,0.800000
4715,s,0.400000
4716,d,0.200000
4717,d,0.400000
4718,s,0.200000
4719,p,0.400000
4720,p,0.200000
4721,s,0.200000
4722,d,0.200000
4723,d,0.200000
4724,s,0.200000
4725,s,0.200000
4726,d,0.200000
4727,s,0.400000
4728,s,0.600000
4729,s,0.200000
4730,p,0.200000
4731,d,0.200000
4732,s,0.200000
4733,d,0.200000
4734,s,0.200000
4735,p,0.200000
4736,s,0.400000
4737,s,0.200000
4738,p,0.200000
4739,d,0.600000
4740,p,0.400000
4741,d,0.200000
4742,d,0.200000
4743,s,0.200000
4744,s,0.200000
4745,d,0.200000
4746,p,0.200000
4747,d,0.200000
4748,d,0.200000
4749,s,0.200000
4750,s,0.200000
4751,d,0.200000
4752,s,0.400000
4753,s,0.200000
4754,d,0.200000
4755,p,0.200000
4756,d,0.400000
4757,d,0.200000
4758,p,0.200000
4759,p,0.600000
4760,s,0.200000
4761,s,0.200000
4762,s,0.600000
4763,d,0.400000
4764,s,0.200000
4765,s,0.600000
4766,p,0.200000
4767,p,0.800000
4768,p,0.200000
4769,s,0.200000
4770,s,0.200000
4771,p,0.800000
4772,d,0.200000
4773,s,0.600000
4774,p,0.400000
4775,p,0.200000
4776,s,0.400000
4777,d,0.200000
4778,d,0.200000
4779,p,0.200000
4780,d,0.200000
4781,p,0.200000
4782,s,0.800000
4783,s,0.200000
4784,p,0.600000
4785,p,0.800000
4786,d,0.200000
4787,d,0.200000
4788,d,0.200000
4789,s,0.800000
4790,s,0.200000
4791,s,0.600000
4792,p,0.400000
4793,d,0.200000
4794,p,0.200000
4795,d,0.200000
4796,p,0.800000
4797,p,0.200000
4798,s,0.400000
4799,p,0.600000
4800,d,0.800000
4801,d,0.600000
4802,d,0.200000
4803,d,0.200000
4804,s,0.400000
4805,p,0.200000
4806,s,0.600000
4807,p,0.400000
4808,p,0.200000
4809,d,0.200000
4810,d,0.200000
4811,s,0.200000
4812,s,0.200000
4813,s,0.200000
4814,d,0.200000
4815,p,0.200000
4816,p,0.200000
4817,p,0.400000
4818,s,0.200000
4819,d,0.200000
4820,p,0.200000
4821,d,0.200000
4822,s,0.200000
4823,s,0.200000
4824,p,0.400000
4825,s,0.600000
4826,s,0.200000
4827,s,0.200000
4828,d,0.800000
4829,p,0.200000
4830,d,0.600000
4831,d,0.200000
4832,s,0.400000
4833,s,0.200000
4834,d,0.200000
4835,p,0.200000
4836,d,0.200000
4837,s,0.600000
4838,p,0.200000
4839,p,0.200000
4840,s,0.400000
4841,s,0.200000
4842,d,0.200000
4843,s,0.200000
4844,s,0.400000
4845,p,0.200000
4846,p,0.200000
4847,d,0.200000
4848,d,0.200000
4849,s,0.800000
4850,p,0.200000
4851,p,0.200000
4852,d,0.400000
4853,d,0.400000
4854,p,0.200000
4855,d,0.200000
4856,s,0.600000
4857,d,0.200000
4858,p,0.200000
4859,p,0.400000
4860,p,0.200000
4861,s,0.400000
4862,d,0.200000
4863,p,0.200000
4864,p,0.200000
4865,p,0.200000
4866,p,0.600000
4867,p,0.200000
4868,s,0.800000
4869,p,0.200000
4870,p,0.200000
4871,d,0.400000
4872,d,0.200000
4873,d,0.600000
4874,d,0.200000
4875,p,0.200000
4876,p,0.200000
4877,d,0.200000
4878,p,0.200000
4879,d,0.200000
4880,s,0.400000
4881,p,0.200000
4882,d,0.600000
4883,d,0.200000
4884,s,0.200000
4885,p,0.200000
4886,d,0.200000
4887,d,0.200000
4888,d,0.200000
4889,d,0.400000
4890,d,0.200000
4891,p,0.200000
4892,p,0.200000
4893,s,0.200000
4894,d,0.200000
4895,s,0.200000
4896,p,0.600000
4897,s,0.400000
4898,d,0.600000
4899,s,0.200000
4900,s,0.600000
4901,p,0.200000
4902,d,0.200000
4903,p,0.200000
4904,d,0.200000
4905,d,0.200000
4906,p,0.200000
4907,p,0.200000
4908,d,0.200000
4909,s,0.200000
4910,s,0.200000
4911,d,0.200000
4912,p,0.200000
4913,d,0.200000
4914,d,0.200000
4915,p,0.600000
4916,s,0.600000
4917,s,0.200000
4918,d,0.200000
4919,s,0.200000
4920,p,0.200000
4921,s,0.200000
4922,s,0.200000
4923,s,0.400000
4924,p,0.400000
4925,s,0.200000
4926,s,0.200000
4927,p,0.200000
4928,p,0.200000
4929,d,0.200000
4930,d,0.200000
4931,d,0.200000
4932,p,0.600000
4933,p,0.200000
4934,d,0.200000
4935,d,0.200000
4936,s,0.200000
4937,s,0.200000
4938,s,0.200000
4939,d,0.200000
4940,s,0.200000
4941,p,0.200000
4942,d,0.200000
4943,s,0.400000
4944,p,0.200000
4945,d,0.200000
4946,d,0.200000
4947,s,0.200000
4948,d,0.200000
4949,p,0.200000
4950,d,0.200000
4951,p,0.400000
4952,p,0.200000
4953,p,0.400000
4954,d,0.200000
4955,p,0.400000
4956,d,0.200000
4957,d,0.600000
4958,p,0.200000
4959,p,0.200000
4960,d,0.400000
4961,s,0.200000
4962,s,0.200000
4963,p,0.200000
4964,p,0.200000
4965,d,0.400000
4966,p,0.400000
4967,s,0.200000
4968,p,0.200000
4969,s,0.400000
4970,d,0.200000
4971,d,0.600000
4972,d,0.200000
4973,s,0.200000
4974,s,0.200000
4975,p,0.800000
4976,p,0.200000
4977,p,0.200000
4978,d,0.600000
4979,d,0.200000
4980,d,0.200000
4981,d,0.200000
4982,s,0.200000
4983,p,0.200000
4984,d,0.600000
4985,d,0.200000
4986,p,0.200000
4987,d,0.200000
4988,s,0.200000
4989,s,0.200000
4990,p,0.200000
4991,s,0.600000
4992,s,0.200000
4993,p,0.600000
4994,p,0.600000
4995,p,0.200000
4996,s,0.200000
4997,p,0.600000
4998,s,0.200000
4999,p,0.200000
5000,d,0.200000
5001,p,0.400000
5002,d,0.600000
5003,d,0.600000
5004,p,0.200000
5005,p,0.200000
5006,s,0.200000
5007,d,0.200000
5008,d,0.600000
5009,s,0.200000
5010,s,0.200000
5011,s,0.200000
5012,p,0.200000
5013,d,0.200000
5014,d,0.600000
5015,s,0.200000
5016,p,0.600000
5017,p,0.200000
5018,p,0.800000
5019,d,0.200000
5020,d,0.600000
5021,s,0.200000
5022,p,0.200000
5023,s,0.200000
5024,d,0.200000
5025,p,0.200000
5026,s,0.200000
5027,d,0.200000
5028,s,0.200000
5029,d,0.200000
5030,d,0.200000
5031,s,0.200000
5032,d,0.400000
5033,s,0.200000
5034,s,0.400000
5035,s,0.600000
5036,s,0.600000
5037,p,0.200000
5038,d,0.600000
5039,s,0.200000
5040,p,0.200000
5041,p,0.200000
5042,d,0.200000
5043,s,0.600000
5044,p,0.800000
5045,p,0.200000
5046,p,0.200000
5047,p,0.200000
5048,p,0.200000
5049,p,0.200000
5050,s,0.200000
5051,s,0.800000
5052,s,0.400000
5053,s,0.200000
5054,p,0.200000
5055,s,0.200000
5056,s,0.400000
5057,p,0.200000
5058,s,0.200000
5059,s,0.200000
5060,p,0.400000
5061,s,0.200000
5062,d,0.200000
5063,d,0.200000
5064,d,0.200000
5065,s,0.200000
5066,s,0.200000
5067,s,0.400000
5068,d,1.000000
5069,p,0.200000
5070,p,0.200000
5071,p,0.200000
5072,s,0.400000
5073,d,0.200000
5074,d,0.200000
5075,p,0.200000
5076,s,0.200000
5077,p,0.200000
5078,d,0.200000
5079,d,0.200000
5080,d,0.200000
5081,s,0.400000
5082,s,0.200000
5083,p,0.800000
5084,d,0.200000
5085,d,0.600000
5086,d,0.200000
5087,p,0.600000
5088,d,0.200000
5089,p,0.200000
5090,d,0.200000
5091,p,0.400000
5092,p,0.200000
5093,s,0.200000
5094,p,0.400000
5095,p,0.200000
5096,s,0.600000
5097,s,0.400000
5098,p,0.200000
5099,d,0.200000
5100,d,0.800000
5101,d,0.800000
5102,d,0.600000
5103,s,0.400000
5104,s,0.200000
5105,s,0.200000
5106,p,0.600000
5107,s,0.200000
5108,s,0.200000
5109,p,0.200000
5110,s,0.400000
5111,s,0.600000
5112,s,0.200000
5113,p,0.200000
5114,p,0.600000
5115,s,0.200000
5116,d,0.800000
5117,d,0.800000
5118,s,0.200000
5119,s,0.200000
5120,s,0.200000
5121,d,0.200000
5122,p,0.200000
5123,d,0.200000
5124,p,0.200000
5125,s,0.600000
5126,s,0.600000
5127,p,0.200000
5128,s,0.200000
5129,s,0.200000
5130,s,0.200000
5131,s,0.200000
5132,p,0.200000
5133,d,0.200000
5134,p,0.200000
5135,p,0.200000
5136,s,0.200000
5137,p,0.400000
5138,d,0.200000
5139,d,0.200000
5140,p,0.200000
5141,p,0.200000
5142,s,0.200000
5143,p,0.400000
5144,d,0.600000
5145,p,0.200000
5146,p,0.600000
5147,s,0.200000
5148,p,0.200000
5149,p,0.200000
5150,p,0.200000
5151,d,0.200000
5152,s,0.400000
5153,p,0.200000
5154,p,0.200000
5155,s,0.200000
5156,s,0.200000
5157,s,0.600000
5158,s,0.600000
5159,p,0.400000
5160,s,0.200000
5161,d,0.200000
5162,d,0.200000
5163,d,0.200000
5164,d,0.200000
5165,p,0.400000
5166,s,0.800000
5167,d,0.200000
5168,p,0.600000
5169,p,0.200000
5170,s,0.400000
5171,s,0.200000
5172,s,0.200000
5173,s,0.200000
5174,p,0.200000
5175,s,0.200000
5176,d,0.400000
5177,d,0.400000
5178,s,0.200000
5179,d,0.200000
5180,s,0.200000
5181,p,0.800000
5182,s,0.200000
5183,s,0.200000
5184,s,0.200000
5185,d,0.200000
5186,s,0.200000
5187,p,0.400000
5188,s,0.200000
5189,s,0.200000
5190,d,0.200000
5191,s,0.200000
5192,p,0.200000
5193,d,0.200000
5194,s,0.200000
5195,d,0.200000
5196,s,0.200000
5197,d,0.200000
5198,s,0.200000
5199,d,0.200000
5200,p,0.200000
5201,p,0.200000
5202,s,0.800000
5203,p,0.200000
5204,s,0.600000
5205,d,0.200000
5206,p,0.200000
5207,s,0.600000
5208,p,0.800000
5209,d,0.400000
5210,s,0.600000
5211,p,0.400000
5212,s,0.200000
5213,d,0.200000
5214,p,0.800000
5215,p,0.400000
5216,p,0.200000
5217,s,0.200000
5218,d,0.400000
5219,p,0.200000
5220,s,0.600000
5221,d,0.200000
5222,p,0.400000
5223,d,0.200000
5224,s,0.200000
5225,d,0.200000
5226,d,0.400000
5227,s,0.200000
5228,s,0.200000
5229,d,0.400000
5230,p,0.200000
5231,d,0.200000
5232,p,0.600000
5233,s,0.200000
5234,p,0.200000
5235,p,0.200000
5236,s,0.200000
5237,d,0.200000
5238,s,0.200000
5239,d,0.200000
5240,p,0.600000
5241,p,0.200000
5242,s,0.600000
5243,d,0.200000
5244,d,0.200000
5245,p,0.200000
5246,p,0.200000
5247,p,0.400000
5248,d,0.200000
5249,p,0.600000
5250,s,0.800000
5251,p,0.200000
5252,d,0.200000
5253,s,0.200000
5254,p,0.200000
5255,d,0.200000
5256,s,0.200000
5257,s,0.400000
5258,p,0.200000
5259,d,0.200000
5260,s,0.600000
5261,s,0.200000
5262,s,0.200000
5263,s,0.800000
5264,s,0.400000
5265,p,0.200000
5266,p,0.200000
5267,p,0.200000
5268,p,0.200000
5269,d,0.200000
5270,p,0.200000
5271,s,0.200000
5272,s,0.200000
5273,s,0.200000
5274,p,0.200000
5275,d,0.200000
5276,d,0.200000
5277,d,0.600000
5278,p,0.200000
5279,s,0.200000
5280,s,0.200000
5281,d,0.200000
5282,d,0.200000
5283,p,1.000000
5284,p,0.200000
5285,d,0.200000
5286,s,0.200000
5287,s,0.200000
5288,d,0.400000
5289,d,0.200000
5290,d,0.200000
5291,d,0.200000
5292,p,0.200000
5293,d,0.200000
5294,p,0.200000
5295,s,0.400000
5296,p,0.400000
5297,s,0.200000
5298,s,0.200000
5299,p,1.000000
5300,d,0.200000
5301,p,0.200000
5302,s,0.600000
5303,p,0.200000
5304,p,0.800000
5305,d,0.400000
5306,p,0.200000
5307,d,0.200000
5308,s,0.200000
5309,s,0.600000
5310,d,0.800000
5311,s,0.200000
5312,d,0.200000
5313,s,0.200000
5314,d,0.600000
5315,p,0.200000
5316,s,0.400000
5317,p,0.200000
5318,p,0.800000
5319,d,0.200000
5320,d,0.200000
5321,p,0.400000
5322,d,0.200000
5323,d,0.200000
5324,d,0.200000
5325,s,0.200000
5326,s,0.200000
5327,p,0.200000
5328,d,0.200000
5329,d,0.200000
5330,d,0.200000
5331,s,0.200000
5332,p,0.200000
5333,s,0.200000
5334,s,0.200000
5335,p,0.400000
5336,d,0.200000
5337,s,0.200000
5338,p,0.200000
5339,p,0.600000
5340,p,0.200000
5341,s,0.600000
5342,d,0.200000
5343,d,0.200000
5344,s,0.200000
5345,s,1.000000
5346,d,0.200000
5347,d,0.600000
5348,d,0.400000
5349,p,0.200000
5350,d,0.200000
5351,s,0.600000
5352,d,0.200000
5353,d,0.200000
5354,s,0.200000
5355,p,0.200000
5356,p,0.600000
5357,d,0.200000
5358,p,0.200000
5359,s,0.200000
5360,d,0.200000
5361,s,0.200000
5362,s,0.800000
5363,p,0.200000
5364,d,0.200000
5365,d,1.000000
5366,p,0.200000
5367,s,0.200000
5368,d,0.200000
5369,p,0.200000
5370,s,0.200000
5371,p,0.200000
5372,d,0.200000
5373,p,0.200000
5374,d,0.200000
5375,d,0.400000
5376,s,0.200000
5377,s,0.200000
5378,s,1.000000
5379,p,0.200000
5380,d,0.200000
5381,p,0.200000
5382,s,0.200000
5383,s,0.200000
5384,d,0.200000
5385,s,0.200000
5386,d,0.200000
5387,s,0.200000
5388,d,0.200000
5389,p,1.000000
5390,d,0.200000
5391,s,0.200000
5392,p,0.200000
5393,d,0.800000
5394,p,0.200000
5395,d,0.200000
5396,p,0.200000
5397,p,0.800000
5398,d,0.200000
5399,p,0.200000
5400,s,0.200000
5401,p,0.200000
5402,p,0.200000
5403,d,0.200000
5404,s,0.200000
5405,s,0.200000
5406,p,0.400000
5407,s,0.200000
5408,s,0.200000
5409,d,0.400000
5410,d,0.200000
5411,p,0.200000
5412,p,0.200000
5413,d,0.200000
5414,p,0.200000
5415,p,0.200000
5416,s,0.200000
5417,s,0.200000
5418,d,0.200000
5419,p,0.200000
5420,p,0.200000
5421,d,0.200000
5422,d,0.400000
5423,s,0.400000
5424,d,0.200000
5425,p,0.200000
5426,s,0.800000
5427,p,0.200000
5428,p,0.200000
5429,s,0.200000
5430,s,0.200000
5431,s,0.200000
5432,p,0.600000
5433,p,0.200000
5434,s,0.200000
5435,p,0.200000
5436,d,0.200000
5437,p,0.200000
5438,s,0.200000
5439,p,0.600000
5440,p,0.400000
5441,d,0.400000
5442,s,0.200000
5443,p,0.200000
5444,s,0.200000
5445,d,0.200000
5446,s,0.200000
5447,p,0.200000
5448,d,0.200000
5449,p,0.600000
5450,d,0.200000
5451,s,0.200000
5452,s,0.400000
5453,p,0.200000
5454,p,0.200000
5455,s,0.200000
5456,d,0.200000
5457,s,0.600000
5458,s,0.200000
5459,s,0.200000
5460,d,0.200000
5461,p,0.200000
5462,s,0.200000
5463,p,0.200000
5464,p,0.800000
5465,p,0.400000
5466,s,0.200000
5467,p,0.200000
5468,s,0.200000
5469,d,0.200000
5470,s,0.200000
5471,s,0.200000
5472,d,0.600000
5473,p,0.200000
5474,p,0.200000
5475,s,0.400000
5476,d,0.200000
5477,p,0.200000
5478,s,0.200000
5479,p,0.200000
5480,p,0.400000
5481,p,0.200000
5482,p,0.200000
5483,d,0.600000
5484,s,0.200000
5485,d,0.200000
5486,s,0.600000
5487,p,0.200000
5488,s,0.200000
5489,s,0.800000
5490,p,0.200000
5491,d,0.200000
5492,d,0.200000
5493,d,0.200000
5494,p,0.200000
5495,p,0.600000
5496,s,0.800000
5497,p,0.800000
5498,p,0.200000
5499,p,0.200000
5500,p,0.200000
5501,s,0.800000
5502,p,0.200000
5503,d,0.200000
5504,s,0.200000
5505,d,0.600000
5506,d,0.200000
5507,d,0.800000
5508,p,0.200000
5509,d,0.200000
5510,s,0.400000
5511,s,0.200000
5512,p,0.200000
5513,s,0.200000
5514,s,0.200000
5515,d,0.200000
5516,s,0.600000
5517,d,0.600000
5518,p,0.200000
5519,p,0.200000
5520,p,0.200000
5521,p,0.200000
5522,d,0.800000
5523,d,0.200000
5524,s,0.200000
5525,d,0.200000
5526,p,0.400000
5527,p,0.200000
5528,s,0.200000
5529,d,0.400000
5530,s,0.200000
5531,p,0.600000
5532,d,0.200000
5533,d,0.400000
5534,s,0.200000
5535,s,0.400000
5536,s,0.400000
5537,p,0.200000
5538,p,0.200000
5539,p,0.600000
5540,s,0.200000
5541,s,0.200000
5542,d,0.800000
5543,p,0.200000
5544,p,0.400000
5545,d,0.200000
5546,s,0.600000
5547,p,0.200000
5548,p,0.200000
5549,p,0.200000
5550,s,0.200000
5551,d,0.200000
5552,s,0.200000
5553,p,0.200000
5554,d,0.600000
5555,p,0.200000
5556,p,0.200000
5557,d,0.800000
5558,s,0.200000
5559,d,0.200000
5560,s,0.200000
5561,d,0.200000
5562,s,0.400000
5563,p,0.200000
5564,d,0.200000
5565,s,0.200000
5566,p,0.200000
5567,d,0.600000
5568,s,0.200000
5569,s,0.200000
5570,d,0.200000
5571,p,0.200000
5572,d,0.200000
5573,p,0.200000
5574,p,0.600000
5575,d,0.200000
5576,d,0.200000
5577,p,0.200000
5578,d,0.200000
5579,p,0.200000
5580,p,0.600000
5581,s,0.200000
5582,p,0.200000
5583,d,0.400000
5584,p,0.400000
5585,s,0.200000
5586,p,0.200000
5587,s,0.200000
5588,s,0.200000
5589,s,0.600000
5590,d,0.200000
5591,d,0.800000
5592,s,0.600000
5593,p,0.200000
5594,d,0.200000
5595,d,0.200000
5596,p,0.400000
5597,p,0.200000
5598,p,0.200000
5599,p,0.800000
5600,s,0.600000
5601,d,0.600000
5602,p,0.200000
5603,d,0.200000
5604,s,0.200000
5605,d,0.600000
5606,d,0.200000
5607,p,0.200000
5608,p,0.200000
5609,p,0.400000
5610,d,0.200000
5611,s,0.200000
5612,d,0.200000
5613,d,0.400000
5614,s,0.200000
5615,p,0.200000
5616,s,0.200000
5617,p,1.000000
5618,s,0.200000
5619,p,0.200000
5620,p,0.800000
5621,s,0.400000
5622,p,0.200000
5623,d,0.200000
5624,d,0.400000
5625,p,0.200000
5626,p,0.200000
5627,s,0.200000
5628,d,0.200000
5629,s,0.200000
5630,s,0.200000
5631,p,0.200000
5632,p,0.600000
5633,p,0.200000
5634,s,0.800000
5635,s,0.200000
5636,s,0.200000
5637,s,0.200000
5638,d,0.600000
5639,d,0.200000
5640,s,0.200000
5641,p,0.200000
5642,p,0.400000
5643,s,0.200000
5644,p,0.200000
5645,s,0.200000
5646,p,0.800000
5647,d,0.200000
5648,p,0.200000
5649,s,0.200000
5650,s,0.200000
5651,p,0.200000
5652,d,0.200000
5653,p,0.600000
5654,s,0.200000
5655,s,0.200000
5656,s,0.200000
5657,s,0.800000
5658,p,0.400000
5659,p,0.200000
5660,s,0.200000
5661,s,0.200000
5662,s,0.200000
5663,d,0.200000
5664,p,0.200000
5665,d,0.600000
5666,p,0.200000
5667,p,0.200000
5668,s,0.600000
5669,p,0.200000
5670,s,0.200000
5671,s,1.000000
5672,s,0.800000
5673,d,0.200000
5674,d,0.200000
5675,p,0.200000
5676,p,0.200000
5677,p,0.200000
5678,s,0.200000
5679,s,0.200000
5680,s,0.800000
5681,d,0.800000
5682,p,0.200000
5683,s,0.200000
5684,p,0.200000
5685,p,0.200000
5686,d,0.200000
5687,d,0.200000
5688,d,0.200000
5689,p,0.200000
5690,s,0.200000
5691,d,0.200000
5692,s,0.200000
5693,s,0.200000
5694,s,0.200000
5695,d,0.200000
5696,s,0.200000
5697,p,0.600000
5698,p,0.400000
5699,s,0.200000
5700,d,0.200000
5701,p,0.200000
5702,s,0.200000
5703,d,0.800000
5704,p,0.200000
5705,d,0.200000
5706,s,0.200000
5707,d,0.200000
5708,p,0.600000
5709,s,0.200000
5710,s,0.200000
5711,p,0.200000
5712,s,0.200000
5713,p,0.200000
5714,d,0.600000
5715,p,0.200000
5716,d,0.200000
5717,p,0.200000
5718,s,0.200000
5719,s,0.200000
5720,p,0.200000
5721,d,0.400000
5722,s,0.200000
5723,d,0.200000
5724,s,0.200000
5725,p,0.200000
5726,d,0.200000
5727,s,0.400000
5728,p,0.400000
5729,p,0.600000
5730,s,0.200000
5731,s,0.400000
5732,s,0.200000
5733,d,0.200000
5734,d,0.600000
5735,s,0.200000
5736,d,0.800000
5737,d,0.200000
5738,s,0.200000
5739,p,0.200000
5740,d,0.200000
5741,d,0.400000
5742,s,0.200000
5743,d,0.200000
5744,p,0.200000
5745,d,0.200000
5746,s,0.200000
5747,s,0.200000
5748,d,0.200000
5749,d,0.200000
5750,s,0.200000
5751,d,0.200000
5752,s,0.200000
5753,s,0.200000
5754,d,0.200000
5755,s,0.200000
5756,d,0.400000
5757,d,0.200000
5758,p,0.400000
5759,p,0.600000
5760,d,0.200000
5761,s,0.200000
5762,s,0.200000
5763,p,0.200000
5764,d,0.200000
5765,d,0.200000
5766,d,0.600000
5767,s,0.200000
5768,d,0.200000
5769,p,0.200000
5770,p,0.200000
5771,s,0.400000
5772,d,0.200000
5773,d,0.600000
5774,p,0.200000
5775,s,0.600000
5776,d,0.200000
5777,p,0.400000
5778,d,0.400000
5779,d,0.600000
5780,d,0.200000
5781,d,0.200000
5782,d,0.200000
5783,p,0.200000
5784,p,0.600000
5785,p,0.400000
5786,p,0.200000
5787,d,0.200000
5788,s,0.200000
5789,d,0.200000
5790,p,0.200000
5791,p,0.800000
5792,d,0.200000
5793,d,0.200000
5794,d,0.200000
5795,p,0.200000
5796,p,0.200000
5797,d,0.200000
5798,d,0.600000
5799,s,0.200000
5800,p,0.200000
5801,d,0.200000
5802,s,0.400000
5803,s,1.000000
5804,d,0.200000
5805,d,0.800000
5806,p,0.200000
5807,s,0.200000
5808,p,0.200000
5809,p,0.200000
5810,p,0.800000
5811,s,0.200000
5812,p,0.200000
5813,d,0.200000
5814,p,0.200000
5815,s,0.200000
5816,s,0.200000
5817,d,0.200000
5818,s,0.600000
5819,p,0.200000
5820,d,0.200000
5821,d,0.200000
5822,d,0.400000
5823,s,0.200000
5824,p,0.200000
5825,p,0.200000
5826,p,0.200000
5827,s,0.200000
5828,d,0.800000
5829,p,0.200000
5830,d,0.200000
5831,s,0.200000
5832,d,0.200000
5833,d,0.200000
5834,d,0.200000
5835,p,0.200000
5836,p,0.200000
5837,p,0.200000
5838,p,0.200000
5839,s,0.200000
5840,s,0.200000
5841,d,0.200000
5842,p,0.600000
5843,s,0.600000
5844,d,0.200000
5845,s,0.200000
5846,d,0.200000
5847,s,0.600000
5848,p,0.200000
5849,s,0.600000
5850,p,0.800000
5851,p,0.400000
5852,s,0.600000
5853,s,0.200000
5854,p,0.200000
5855,p,0.400000
5856,d,0.200000
5857,p,0.200000
5858,s,0.200000
5859,p,0.200000
5860,s,0.200000
5861,p,0.200000
5862,d,0.200000
5863,p,0.200000
5864,d,0.600000
5865,s,0.200000
5866,s,0.600000
5867,s,0.200000
5868,p,0.200000
5869,p,0.200000
5870,p,0.200000
5871,s,0.200000
5872,p,0.800000
5873,d,0.200000
5874,p,0.200000
5875,d,1.000000
5876,p,0.200000
5877,p,0.800000
5878,p,0.200000
5879,s,0.600000
5880,p,0.200000
5881,s,0.200000
5882,s,0.200000
5883,s,0.200000
5884,s,0.200000
5885,p,0.200000
5886,d,0.200000
5887,d,0.200000
5888,d,0.200000
5889,d,0.200000
5890,d,0.200000
5891,d,0.200000
5892,s,0.600000
5893,s,0.200000
5894,d,0.200000
5895,s,0.200000
5896,d,0.400000
5897,d,0.200000
5898,d,0.200000
5899,s,0.200000
5900,d,0.200000
5901,s,0.200000
5902,s,0.200000
5903,d,0.200000
5904,s,0.200000
5905,p,0.200000
5906,s,0.600000
5907,p,0.200000
5908,s,0.200000
5909,d,0.200000
5910,s,0.200000
5911,s,0.800000
5912,p,0.200000
5913,s,0.800000
5914,s,0.200000
5915,p,0.200000
5916,p,0.200000
5917,s,0.400000
5918,p,0.200000
5919,d,0.200000
5920,d,0.200000
5921,p,0.200000
5922,d,0.200000
5923,d,0.200000
5924,d,0.200000
5925,p,0.200000
5926,s,0.200000
5927,s,0.200000
5928,p,0.200000
5929,d,0.200000
5930,s,0.200000
5931,s,0.200000
5932,d,0.400000
5933,s,0.200000
5934,d,0.200000
5935,p,0.200000
5936,s,0.200000
5937,p,0.200000
5938,s,0.200000
5939,p,0.200000
5940,d,0.200000
5941,d,0.200000
5942,d,0.200000
5943,p,0.200000
5944,s,0.200000
5945,d,0.200000
5946,s,0.200000
5947,s,0.400000
5948,p,0.200000
5949,p,0.200000
5950,s,0.200000
5951,d,0.200000
5952,s,0.600000
5953,p,0.200000
5954,p,0.200000
5955,d,0.200000
5956,p,0.400000
5957,p,0.200000
5958,p,0.600000
5959,d,0.200000
5960,d,0.200000
5961,s,0.600000
5962,d,0.200000
5963,s,0.200000
5964,s,0.200000
5965,p,0.200000
5966,d,0.200000
5967,s,0.200000
5968,s,0.200000
5969,d,0.200000
5970,d,0.200000
5971,p,0.400000
5972,s,0.200000
5973,s,0.200000
5974,d,0.200000
5975,p,0.200000
5976,s,0.200000
5977,p,0.400000
5978,d,0.200000
5979,p,0.200000
5980,d,0.200000
5981,d,0.200000
5982,d,0.200000
5983,s,0.400000
5984,d,0.800000
5985,p,0.200000
5986,p,0.200000
5987,d,0.200000
5988,p,0.200000
5989,s,0.200000
5990,p,0.200000
5991,d,0.400000
5992,d,0.200000
5993,d,0.200000
5994,s,0.200000
5995,p,0.200000
5996,p,0.200000
5997,p,0.200000
5998,d,0.200000
5999,s,0.200000
6000,p,0.800000
6001,d,0.200000
6002,d,0.200000
6003,s,0.200000
6004,d,0.200000
6005,s,0.400000
6006,s,0.200000
6007,s,0.200000
6008,d,0.200000
6009,d,0.400000
6010,p,0.600000
6011,d,0.600000
6012,s,0.400000
6013,s,0.400000
6014,p,0.600000
6015,p,0.200000
6016,s,0.200000
6017,p,0.200000
6018,p,0.200000
6019,s,0.200000
6020,s,0.200000
6021,p,0.200000
6022,p,0.200000
6023,d,0.200000
6024,s,0.200000
6025,s,0.200000
6026,d,0.200000
6027,d,0.200000
6028,d,0.200000
6029,p,0.200000
6030,d,0.200000
6031,s,0.600000
6032,s,0.800000
6033,d,0.200000
6034,d,0.200000
6035,s,0.800000
6036,p,0.200000
6037,d,0.200000
6038,s,0.200000
6039,p,0.200000
6040,d,0.200000
6041,d,0.600000
6042,s,0.200000
6043,d,0.200000
6044,s,0.200000
6045,s,0.200000
6046,p,0.200000
6047,s,0.200000
6048,p,0.200000
6049,p,0.200000
6050,s,0.200000
6051,p,0.200000
6052,p,0.200000
6053,d,0.200000
6054,d,0.200000
6055,s,0.200000
6056,p,0.600000
6057,d,0.200000
6058,s,0.200000
6059,s,0.400000
6060,s,0.200000
6061,s,0.200000
6062,s,0.200000
6063,d,0.200000
6064,s,0.200000
6065,s,0.600000
6066,s,0.200000
6067,d,0.600000
6068,d,0.200000
6069,s,0.200000
6070,d,0.200000
6071,d,0.200000
6072,s,0.200000
6073,s,0.200000
6074,s,0.800000
6075,p,0.200000
6076,p,0.800000
6077,s,0.200000
6078,p,0.200000
6079,p,0.200000
6080,s,0.200000
6081,s,0.400000
6082,s,0.200000
6083,p,0.200000
6084,s,0.200000
6085,s,0.600000
6086,d,0.200000
6087,p,0.200000
6088,p,0.200000
6089,p,0.200000
6090,s,0.200000
6091,d,0.200000
6092,s,0.800000
6093,d,0.200000
6094,d,0.200000
6095,p,0.200000
6096,s,0.400000
6097,d,0.200000
6098,p,0.200000
6099,p,0.200000
6100,s,0.200000
6101,d,0.400000
6102,p,0.200000
6103,s,0.800000
6104,p,0.600000
6105,s,0.400000
6106,d,0.200000
6107,d,0.200000
6108,d,0.200000
6109,d,0.200000
6110,d,0.200000
6111,s,0.200000
6112,d,0.600000
6113,p,0.200000
6114,p,0.200000
6115,d,0.200000
6116,p,0.200000
6117,s,0.600000
6118,d,0.200000
6119,s,0.200000
6120,s,0.200000
6121,p,0.200000
6122,d,0.200000
6123,d,0.400000
6124,s,0.200000
6125,s,0.200000
6126,p,0.400000
6127,d,0.200000
6128,d,0.200000
6129,d,0.200000
6130,d,0.600000
6131,p,0.200000
6132,d,0.200000
6133,s,0.200000
6134,d,0.800000
6135,s,0.200000
6136,d,0.200000
6137,p,0.200000
6138,d,0.200000
6139,s,0.200000
6140,d,0.200000
6141,d,0.200000
6142,d,0.400000
6143,s,0.200000
6144,s,0.200000
6145,s,0.600000
6146,p,0.200000
6147,d,0.200000
6148,p,0.400000
6149,d,0.200000
6150,p,0.200000
6151,s,0.400000
6152,p,0.200000
6153,s,0.400000
6154,p,0.200000
6155,d,0.600000
6156,p,0.200000
6157,s,0.200000
6158,p,0.200000
6159,d,0.400000
6160,p,0.200000
6161,d,0.200000
6162,d,0.600000
6163,p,0.200000
6164,s,0.200000
6165,p,0.200000
6166,d,0.200000
6167,d,0.200000
6168,p,0.200000
6169,d,0.200000
6170,p,0.200000
6171,p,0.200000
6172,p,0.200000
6173,s,0.200000
6174,s,0.200000
6175,d,0.200000
6176,p,0.200000
6177,d,0.200000
6178,s,0.400000
6179,d,0.200000
6180,s,0.200000
6181,s,0.200000
6182,s,0.400000
6183,d,0.200000
6184,d,0.200000
6185,p,0.400000
6186,s,0.200000
6187,d,0.200000
6188,d,0.600000
6189,s,0.200000
6190,p,0.200000
6191,d,0.200000
6192,p,0.200000
6193,d,0.600000
6194,s,0.200000
6195,s,0.200000
6196,d,0.200000
6197,s,0.200000
6198,p,0.600000
6199,s,0.200000
6200,d,0.400000
6201,s,0.200000
6202,d,0.600000
6203,d,0.200000
6204,s,0.200000
6205,p,0.200000
6206,s,0.200000
6207,p,0.200000
6208,p,0.200000
6209,p,0.200000
6210,p,0.200000
6211,s,0.200000
6212,d,0.200000
6213,p,0.200000
6214,p,0.200000
6215,d,0.200000
6216,d,0.200000
6217,s,0.200000
6218,d,0.200000
6219,p,0.200000
6220,s,0.200000
6221,s,0.200000
6222,p,0.200000
6223,d,0.200000
6224,d,0.200000
6225,p,0.600000
6226,s,0.600000
6227,s,0.200000
6228,d,0.400000
6229,s,0.400000
6230,d,0.200000
6231,d,0.200000
6232,d,0.200000
6233,p,0.200000
6234,p,0.200000
6235,d,0.200000
6236,d,0.200000
6237,s,0.600000
6238,d,0.200000
6239,p,0.600000
6240,p,0.200000
6241,p,0.200000
6242,d,0.200000
6243,d,0.200000
6244,d,0.200000
6245,p,0.200000
6246,p,0.200000
6247,d,0.200000
6248,p,0.200000
6249,s,0.200000
6250,p,0.200000
6251,s,0.200000
6252,s,0.200000
6253,p,0.200000
6254,d,0.200000
6255,p,0.400000
6256,d,0.200000
6257,s,0.200000
6258,s,0.200000
6259,d,0.600000
6260,p,0.200000
6261,d,0.200000
6262,d,0.200000
6263,s,0.200000
6264,p,0.200000
6265,d,0.200000
6266,p,0.200000
6267,s,0.200000
6268,p,0.200000
6269,p,0.600000
6270,p,0.200000
6271,p,0.200000
6272,d,0.200000
6273,p,0.200000
6274,p,0.200000
6275,d,0.200000
6276,s,0.200000
6277,s,0.200000
6278,d,0.200000
6279,d,0.200000
6280,d,0.200000
6281,s,0.200000
6282,p,0.200000
6283,s,0.200000
6284,s,0.200000
6285,p,0.200000
6286,p,0.400000
6287,p,0.800000
6288,p,0.400000
6289,d,0.200000
6290,d,0.200000
6291,p,0.200000
6292,d,0.200000
6293,s,0.200000
6294,d,0.200000
6295,s,0.200000
6296,d,0.200000
6297,p,0.200000
6298,p,0.200000
6299,s,0.200000
6300,s,0.200000
6301,p,0.200000
6302,d,0.200000
6303,p,0.200000
6304,d,0.200000
6305,p,0.200000
6306,p,0.200000
6307,d,0.200000
6308,p,0.200000
6309,p,0.200000
6310,s,0.200000
6311,p,0.200000
6312,s,0.200000
6313,s,0.200000
6314,p,0.200000
6315,p,0.200000
6316,p,0.200000
6317,s,0.200000
6318,s,0.200000
6319,s,0.200000
6320,p,0.600000
6321,s,0.200000
6322,d,0.200000
6323,s,0.200000
6324,p,0.200000
6325,p,0.200000
6326,p,0.200000
6327,d,0.200000
6328,p,0.200000
6329,p,0.400000
6330,d,0.400000
6331,s,0.200000
6332,s,0.200000
6333,s,0.200000
6334,p,0.200000
6335,s,0.400000
6336,p,0.200000
6337,p,0.200000
6338,s,0.200000
6339,p,0.200000
6340,d,0.200000
6341,p,0.200000
6342,d,0.200000
6343,p,0.200000
6344,p,0.400000
6345,p,0.600000
6346,p,0.200000
6347,p,0.200000
6348,s,0.200000
6349,p,0.200000
6350,p,0.200000
6351,s,0.200000
6352,p,0.200000
6353,p,0.200000
6354,d,0.200000
6355,s,0.200000
6356,d,0.200000
6357,p,0.200000
6358,d,0.400000
6359,p,0.200000
6360,s,0.200000
6361,d,0.800000
6362,d,0.200000
6363,s,0.800000
6364,p,0.200000
6365,p,0.200000
6366,s,0.200000
6367,d,0.600000
6368,s,0.200000
6369,p,0.200000
6370,p,0.600000
6371,s,0.200000
6372,d,0.200000
6373,d,0.200000
6374,d,0.400000
6375,d,0.200000
6376,p,0.200000
6377,s,0.800000
6378,p,0.200000
6379,s,0.400000
6380,p,0.200000
6381,d,0.400000
6382,s,0.200000
6383,d,0.200000
6384,s,0.200000
6385,s,0.800000
6386,d,0.800000
6387,s,0.200000
6388,p,0.200000
6389,s,0.200000
6390,p,0.200000
6391,s,0.600000
6392,d,0.200000
6393,p,0.200000
6394,d,0.200000
6395,s,0.200000
6396,s,0.200000
6397,p,0.200000
6398,d,0.200000
6399,d,0.200000
6400,s,0.200000
6401,p,0.200000
6402,d,0.200000
6403,p,0.200000
6404,p,0.200000
6405,d,0.200000
6406,p,0.400000
6407,s,0.200000
6408,s,0.200000
6409,p,0.200000
6410,p,0.200000
6411,d,0.600000
6412,p,0.200000
6413,p,0.200000
6414,p,0.200000
6415,p,0.200000
6416,s,0.200000
6417,s,0.600000
6418,p,0.600000
6419,p,0.600000
6420,p,0.600000
6421,d,0.200000
6422,d,0.200000
6423,s,0.200000
6424,p,0.200000
6425,d,0.200000
6426,s,0.200000
6427,d,0.200000
6428,p,0.200000
6429,d,0.800000
6430,d,0.200000
6431,s,0.600000
6432,s,0.200000
6433,p,0.200000
6434,p,1.000000
6435,s,0.200000
6436,d,0.600000
6437,d,0.200000
6438,s,0.200000
6439,p,0.200000
6440,p,0.200000
6441,d,0.200000
6442,d,0.200000
6443,s,0.200000
6444,s,0.200000
6445,d,0.200000
6446,d,0.200000
6447,p,0.200000
6448,p,0.200000
6449,s,0.200000
6450,p,0.200000
6451,p,0.600000
6452,s,0.200000
6453,d,0.200000
6454,d,0.200000
6455,s,0.600000
6456,s,0.400000
6457,s,0.200000
6458,p,0.800000
6459,d,0.200000
6460,d,0.600000
6461,d,0.200000
6462,p,0.400000
6463,p,0.200000
6464,d,0.800000
6465,p,0.200000
6466,p,0.200000
6467,s,0.200000
6468,d,0.200000
6469,d,0.200000
6470,s,0.200000
6471,d,0.200000
6472,p,0.200000
6473,p,0.200000
6474,s,0.800000
6475,p,0.200000
6476,d,0.200000
6477,p,0.200000
6478,s,0.200000
6479,d,0.600000
6480,s,0.200000
6481,d,0.200000
6482,p,0.200000
6483,p,0.200000
6484,s,0.200000
6485,s,0.200000
6486,p,0.200000
6487,d,0.200000
6488,p,0.200000
6489,p,0.200000
6490,d,0.200000
6491,s,0.200000
6492,d,0.200000
6493,d,0.200000
6494,s,0.200000
6495,d,0.200000
6496,d,0.800000
6497,d,0.200000
6498,s,0.800000
6499,d,0.200000
6500,s,0.200000
6501,p,0.400000
6502,p,0.200000
6503,p,0.800000
6504,d,0.200000
6505,p,0.200000
6506,p,0.200000
6507,s,0.200000
6508,d,0.200000
6509,p,0.200000
6510,s,0.600000
6511,d,0.200000
6512,s,0.200000
6513,d,0.200000
6514,d,0.200000
6515,d,0.200000
6516,s,0.200000
6517,s,0.200000
6518,s,0.200000
6519,p,0.200000
6520,p,0.200000
6521,s,0.400000
6522,d,0.600000
6523,s,0.200000
6524,s,0.200000
6525,s,0.200000
6526,d,0.800000
6527,p,0.200000
6528,d,0.200000
6529,p,0.200000
6530,p,0.200000
6531,p,0.600000
6532,p,0.200000
6533,d,0.200000
6534,s,0.200000
6535,p,0.200000
6536,d,0.200000
6537,p,0.200000
6538,d,0.400000
6539,d,0.200000
6540,p,0.200000
6541,p,0.200000
6542,d,0.200000
6543,d,0.400000
6544,p,0.200000
6545,d,0.200000
6546,p,0.200000
6547,d,0.200000
6548,d,0.200000
6549,s,0.200000
6550,d,0.200000
6551,s,0.400000
6552,d,0.200000
6553,d,0.600000
6554,d,0.600000
6555,p,0.600000
6556,d,0.600000
6557,d,0.600000
6558,d,0.600000
6559,p,0.200000
6560,d,0.200000
6561,d,0.600000
6562,p,0.200000
6563,d,0.200000
6564,s,0.200000
6565,d,0.200000
6566,p,0.200000
6567,d,0.200000
6568,p,0.200000
6569,p,0.200000
6570,d,0.200000
6571,p,0.200000
6572,d,0.200000
6573,d,0.200000
6574,p,0.200000
6575,d,0.200000
6576,p,0.200000
6577,p,0.600000
6578,s,0.200000
6579,d,0.200000
6580,d,0.200000
6581,d,0.200000
6582,s,0.200000
6583,p,0.400000
6584,p,0.200000
6585,d,0.200000
6586,p,0.200000
6587,d,0.200000
6588,d,0.400000
6589,d,0.200000
6590,d,0.200000
6591,d,0.600000
6592,p,0.200000
6593,p,0.200000
6594,d,0.200000
6595,d,0.200000
6596,s,0.200000
6597,d,0.200000
6598,s,0.200000
6599,d,0.400000
6600,p,0.200000
6601,p,0.200000
6602,d,0.200000
6603,p,0.200000
6604,d,0.800000
6605,p,0.600000
6606,p,0.200000
6607,s,0.200000
6608,p,0.200000
6609,s,0.200000
6610,s,0.200000
6611,p,0.200000
6612,p,0.200000
6613,p,0.200000
6614,p,0.200000
6615,d,0.200000
6616,p,0.200000
6617,s,0.200000
6618,s,0.200000
6619,d,0.200000
6620,p,0.200000
6621,s,0.200000
6622,s,0.200000
6623,d,0.800000
6624,d,0.200000
6625,p,0.200000
6626,s,0.400000
6627,d,0.200000
6628,p,0.200000
6629,p,0.200000
6630,s,0.200000
6631,p,0.200000
6632,d,0.200000
6633,p,0.200000
6634,d,0.200000
6635,d,0.200000
6636,d,0.200000
6637,d,0.200000
6638,p,0.200000
6639,s,0.200000
6640,d,0.200000
6641,p,0.200000
6642,s,0.800000
6643,d,0.200000
6644,s,0.200000
6645,p,0.200000
6646,p,0.200000
6647,d,0.200000
6648,s,0.200000
6649,d,0.200000
6650,p,0.400000
6651,d,0.200000
6652,s,0.200000
6653,d,0.200000
6654,s,0.200000
6655,d,0.200000
6656,s,0.200000
6657,d,0.200000
6658,d,0.200000
6659,p,0.200000
6660,d,0.600000
6661,s,0.200000
6662,s,0.200000
6663,p,0.400000
6664,s,0.200000
6665,p,0.200000
6666,p,0.200000
6667,d,0.800000
6668,d,0.200000
6669,p,0.200000
6670,p,0.200000
6671,s,0.200000
6672,s,0.400000
6673,p,0.200000
6674,d,0.200000
6675,s,0.200000
6676,p,0.200000
6677,d,0.200000
6678,p,0.200000
6679,p,0.200000
6680,d,0.400000
6681,p,0.200000
6682,s,0.200000
6683,p,0.600000
6684,d,0.200000
6685,s,0.200000
6686,d,0.200000
6687,s,0.200000
6688,p,0.200000
6689,p,0.200000
6690,s,0.200000
6691,d,0.200000
6692,d,0.600000
6693,d,0.200000
6694,d,0.200000
6695,d,0.200000
6696,d,0.200000
6697,d,0.200000
6698,p,0.800000
6699,d,0.200000
6700,d,0.200000
6701,s,0.200000
6702,s,0.200000
6703,p,0.200000
6704,s,0.200000
6705,s,0.200000
6706,p,0.200000
6707,p,0.200000
6708,p,0.200000
6709,d,0.200000
6710,d,0.200000
6711,d,0.200000
6712,s,0.200000
6713,p,0.200000
6714,s,0.200000
6715,s,0.200000
6716,p,0.200000
6717,s,0.200000
6718,p,0.200000
6719,s,0.200000
6720,s,0.600000
6721,p,0.200000
6722,d,0.200000
6723,p,0.200000
6724,d,0.200000
6725,p,0.200000
6726,p,0.200000
6727,s,0.600000
6728,d,0.200000
6729,p,0.200000
6730,s,0.200000
6731,p,0.200000
6732,s,0.200000
6733,p,0.200000
6734,p,0.200000
6735,d,0.200000
6736,s,0.200000
6737,d,0.200000
6738,d,0.200000
6739,d,0.200000
6740,d,0.200000
6741,d,0.200000
6742,d,0.200000
6743,p,0.200000
6744,p,0.200000
6745,s,0.200000
6746,d,0.200000
6747,d,0.200000
6748,d,0.600000
6749,s,0.200000
6750,p,0.200000
6751,p,0.600000
6752,p,0.200000
6753,d,0.200000
6754,d,0.200000
6755,p,0.400000
6756,d,1.000000
6757,d,0.200000
6758,d,0.200000
6759,d,0.200000
6760,d,0.800000
6761,p,0.200000
6762,s,0.200000
6763,d,0.200000
6764,d,0.200000
6765,s,0.200000
6766,s,0.200000
6767,s,0.200000
6768,s,0.400000
6769,d,0.200000
6770,s,0.200000
6771,p,0.200000
6772,p,0.200000
6773,p,0.200000
6774,d,0.200000
6775,p,0.200000
6776,d,0.200000
6777,p,0.200000
6778,s,0.200000
6779,d,0.200000
6780,s,0.200000
6781,d,0.200000
6782,p,0.200000
6783,p,0.200000
6784,d,0.200000
6785,p,0.200000
6786,d,0.200000
6787,s,0.200000
6788,p,0.200000
6789,d,0.200000
6790,s,0.200000
6791,p,0.200000
6792,p,0.200000
6793,s,0.400000
6794,p,0.200000
6795,d,0.200000
6796,p,0.200000
6797,p,0.200000
6798,p,0.400000
6799,s,0.200000
6800,s,0.200000
6801,p,0.200000
6802,p,0.200000
6803,s,0.200000
6804,s,0.200000
6805,p,0.200000
6806,s,0.200000
6807,d,0.200000
6808,d,0.200000
6809,d,0.600000
6810,s,0.200000
6811,d,0.200000
6812,s,0.200000
6813,p,0.200000
6814,d,0.200000
6815,s,0.200000
6816,s,0.400000
6817,p,0.200000
6818,s,0.200000
6819,p,0.200000
6820,d,0.200000
6821,s,0.200000
6822,s,0.200000
6823,d,0.200000
6824,s,0.200000
6825,s,0.200000
6826,s,0.200000
6827,s,0.200000
6828,p,0.200000
6829,p,0.800000
6830,d,0.200000
6831,s,0.200000
6832,d,0.200000
6833,p,0.800000
6834,s,0.200000
6835,p,0.200000
6836,d,0.400000
6837,s,0.200000
6838,s,0.200000
6839,d,0.200000
6840,p,0.200000
6841,p,0.200000
6842,d,0.200000
6843,p,0.200000
6844,s,0.400000
6845,s,0.200000
6846,p,0.200000
6847,d,0.400000
6848,d,0.200000
6849,p,0.200000
6850,s,0.200000
6851,s,0.200000
6852,d,0.400000
6853,s,0.200000
6854,d,0.600000
6855,p,0.200000
6856,s,0.200000
6857,p,0.200000
6858,d,0.200000
6859,p,0.200000
6860,s,0.200000
6861,s,0.200000
6862,p,0.200000
6863,p,0.200000
6864,d,0.200000
6865,d,0.200000
6866,s,0.200000
6867,s,0.200000
6868,d,0.200000
6869,d,0.200000
6870,s,0.400000
6871,d,0.200000
6872,p,0.200000
6873,d,0.200000
6874,s,0.200000
6875,d,0.200000
6876,d,0.400000
6877,s,0.200000
6878,p,0.200000
6879,d,0.200000
6880,p,0.200000
6881,d,0.200000
6882,s,0.200000
6883,s,0.200000
6884,s,0.200000
6885,p,0.200000
6886,d,0.200000
6887,d,0.200000
6888,d,0.200000
6889,p,0.200000
6890,p,0.200000
6891,d,0.200000
6892,d,0.200000
6893,d,0.200000
6894,d,0.200000
6895,d,0.200000
6896,p,0.200000
6897,p,0.200000
6898,s,0.200000
6899,p,0.200000
6900,p,0.200000
6901,s,0.200000
6902,s,0.200000
6903,p,0.200000
6904,p,0.200000
6905,s,0.200000
6906,p,0.200000
6907,p,0.200000
6908,s,0.200000
6909,d,0.200000
6910,p,0.600000
6911,s,0.200000
6912,s,0.200000
6913,p,0.200000
6914,s,0.200000
6915,s,0.200000
6916,d,0.200000
6917,d,0.200000
6918,s,0.200000
6919,s,0.200000
6920,d,0.200000
6921,p,0.200000
6922,p,0.200000
6923,p,0.200000
6924,p,0.200000
6925,d,0.200000
6926,d,0.200000
6927,s,0.200000
6928,s,0.400000
6929,p,0.200000
6930,s,0.200000
6931,s,0.200000
6932,d,0.200000
6933,p,0.200000
6934,p,0.200000
6935,d,0.200000
6936,d,0.200000
6937,s,0.200000
6938,d,0.200000
6939,p,0.200000
6940,d,0.200000
6941,p,0.200000
6942,d,0.200000
6943,p,0.200000
6944,s,0.200000
6945,p,0.200000
6946,d,0.200000
6947,d,0.200000
6948,s,0.200000
6949,s,0.200000
6950,p,0.200000
6951,s,0.200000
6952,p,0.200000
6953,s,0.200000
6954,d,0.200000
6955,d,0.800000
6956,s,0.200000
6957,s,0.200000
6958,p,0.200000
6959,d,0.200000
6960,p,0.200000
6961,d,0.200000
6962,s,0.200000
6963,d,0.200000
6964,d,0.200000
6965,s,0.200000
6966,s,0.200000
6967,s,0.200000
6968,d,0.200000
6969,d,0.200000
6970,s,0.200000
6971,d,0.200000
6972,d,0.200000
6973,p,0.200000
6974,d,0.200000
6975,d,0.200000
6976,d,0.600000
6977,p,0.200000
6978,s,0.200000
6979,p,0.200000
6980,d,0.200000
6981,p,0.200000
6982,d,0.200000
6983,p,0.200000
6984,s,0.200000
6985,p,0.200000
6986,s,0.200000
6987,d,0.400000
6988,p,0.200000
6989,p,0.200000
6990,p,0.200000
6991,p,0.200000
6992,p,0.200000
6993,p,0.200000
6994,s,0.200000
6995,d,0.800000
6996,s,0.200000
6997,p,0.200000
6998,d,0.200000
6999,s,0.200000
7000,s,0.200000
7001,p,0.200000
7002,s,0.200000
7003,p,0.200000
7004,s,0.200000
7005,d,0.200000
7006,d,0.200000
7007,d,0.200000
7008,s,0.200000
7009,s,0.200000
7010,p,0.200000
7011,d,0.200000
7012,s,0.200000
7013,s,0.200000
7014,p,0.600000
7015,d,0.600000
7016,p,0.200000
7017,s,0.200000
7018,p,0.200000
7019,s,0.200000
7020,p,0.400000
7021,s,0.200000
7022,d,0.200000
7023,s,0.200000
7024,s,0.200000
7025,d,0.200000
7026,d,0.200000
7027,s,0.200000
7028,d,0.200000
7029,s,0.200000
7030,p,0.200000
7031,d,0.200000
7032,p,0.200000
7033,s,0.200000
7034,s,0.200000
7035,d,0.200000
7036,d,0.200000
7037,p,0.200000
7038,p,0.200000
7039,s,0.200000
7040,d,0.200000
7041,d,0.200000
7042,p,0.400000
7043,p,0.200000
7044,p,0.200000
7045,s,0.200000
7046,s,0.200000
7047,p,0.200000
7048,p,0.200000
7049,d,0.200000
7050,p,0.800000
7051,d,0.200000
7052,p,0.200000
7053,d,0.200000
7054,d,0.200000
7055,p,0.400000
7056,d,0.200000
7057,d,0.200000
7058,s,0.200000
7059,p,0.200000
7060,d,0.200000
7061,s,0.200000
7062,s,0.200000
7063,d,0.800000
7064,p,0.200000
7065,d,0.200000
7066,d,0.200000
7067,s,0.200000
7068,s,0.200000
7069,s,0.200000
7070,d,0.200000
7071,p,0.200000
7072,s,0.200000
7073,s,0.200000
7074,d,0.200000
7075,d,0.200000
7076,d,0.200000
7077,s,0.200000
7078,d,0.200000
7079,d,0.200000
7080,p,0.200000
7081,p,0.600000
7082,d,0.200000
7083,s,0.200000
7084,p,0.600000
7085,p,0.200000
7086,s,0.200000
7087,p,0.200000
7088,p,0.200000
7089,p,0.200000
7090,d,0.200000
7091,d,0.200000
7092,s,0.200000
7093,d,0.200000
7094,d,0.200000
7095,d,0.200000
7096,p,0.200000
7097,d,0.200000
7098,p,0.600000
7099,d,0.200000
7100,s,0.200000
7101,d,0.200000
7102,p,0.200000
7103,d,0.200000
7104,d,0.200000
7105,s,0.200000
7106,d,0.200000
7107,d,0.200000
7108,s,0.200000
7109,p,0.200000
7110,d,0.200000
7111,d,0.200000
7112,s,0.200000
7113,d,0.200000
7114,s,0.200000
7115,p,0.200000
7116,p,0.200000
7117,d,0.200000
7118,d,0.200000
7119,p,0.600000
7120,d,0.200000
7121,s,0.200000
7122,s,0.200000
7123,s,0.200000
7124,p,0.200000
7125,s,0.200000
7126,d,0.200000
7127,d,0.200000
7128,d,0.200000
7129,p,0.200000
7130,s,0.200000
7131,d,0.200000
7132,s,0.600000
7133,s,0.200000
7134,s,0.200000
7135,p,0.200000
7136,p,0.200000
7137,d,0.200000
7138,d,0.200000
7139,p,0.200000
7140,p,0.200000
7141,s,0.200000
7142,p,0.200000
7143,p,0.200000
7144,d,0.200000
7145,p,0.200000
7146,d,0.200000
7147,d,0.200000
7148,d,0.200000
7149,s,0.400000
7150,p,0.200000
7151,p,0.200000
7152,p,0.200000
7153,d,0.200000
7154,p,0.200000
7155,d,0.200000
7156,p,0.200000
7157,s,0.200000
7158,d,0.200000
7159,d,0.200000
7160,p,0.200000
7161,p,0.200000
7162,s,0.200000
7163,s,0.200000
7164,d,0.200000
7165,p,0.200000
7166,p,0.600000
7167,s,0.600000
7168,p,0.200000
7169,p,0.200000
7170,d,0.200000
7171,d,0.200000
7172,d,0.200000
7173,p,0.200000
7174,d,0.200000
7175,s,0.200000
7176,s,0.200000
7177,p,0.200000
7178,p,0.200000
7179,d,0.200000
7180,s,0.200000
7181,d,0.200000
7182,d,0.600000
7183,p,0.200000
7184,p,0.200000
7185,d,0.200000
7186,d,0.200000
7187,p,0.200000
7188,p,0.200000
7189,p,0.200000
7190,d,0.200000
7191,s,0.200000
7192,p,0.800000
7193,p,0.200000
7194,d,0.400000
7195,p,0.200000
7196,p,0.200000
7197,p,0.200000
7198,d,0.200000
7199,d,0.200000
7200,p,0.200000
7201,p,0.200000
7202,s,0.600000
7203,d,0.200000
7204,d,0.200000
7205,d,0.200000
7206,s,0.200000
7207,d,0.200000
7208,s,0.200000
7209,s,0.600000
7210,s,0.200000
7211,p,0.200000
7212,p,0.200000
7213,p,0.200000
7214,d,0.200000
7215,s,0.200000
7216,p,0.200000
7217,s,0.200000
7218,d,0.200000
7219,p,0.200000
7220,p,0.200000
7221,d,0.400000
7222,p,0.200000
7223,s,0.200000
7224,p,0.200000
7225,s,0.200000
7226,d,0.200000
7227,s,0.200000
7228,d,0.200000
7229,d,1.000000
7230,d,0.200000
7231,p,0.400000
7232,s,0.200000
7233,d,0.200000
7234,s,0.200000
7235,p,0.200000
7236,p,0.200000
7237,s,0.200000
7238,d,0.200000
7239,p,0.200000
7240,s,0.200000
7241,p,0.200000
7242,d,0.400000
7243,d,0.200000
7244,p,0.200000
7245,s,0.200000
7246,d,0.200000
7247,d,0.200000
7248,p,0.200000
7249,s,0.400000
7250,s,0.200000
7251,p,0.200000
7252,d,0.200000
7253,d,0.200000
7254,d,0.200000
7255,s,0.600000
7256,s,0.200000
7257,s,0.200000
7258,p,0.200000
7259,s,0.200000
7260,p,0.200000
7261,p,0.200000
7262,s,0.200000
7263,d,0.200000
7264,d,0.200000
7265,s,0.600000
7266,p,0.200000
7267,p,0.200000
7268,s,0.200000
7269,d,0.200000
7270,d,0.200000
7271,d,0.200000
7272,s,0.200000
7273,d,0.200000
7274,d,0.200000
7275,p,0.200000
7276,p,0.200000
7277,d,0.200000
7278,p,0.200000
7279,s,0.400000
7280,d,0.200000
7281,d,0.200000
7282,s,0.200000
7283,s,0.200000
7284,d,0.200000
7285,s,0.400000
7286,d,0.200000
7287,d,0.600000
7288,s,0.200000
7289,d,0.200000
7290,p,0.200000
7291,d,0.200000
7292,p,0.200000
7293,p,0.200000
7294,p,0.200000
7295,p,0.200000
7296,d,0.200000
7297,s,0.200000
7298,p,0.200000
7299,p,0.200000
7300,p,0.200000
7301,p,0.200000
7302,s,0.200000
7303,d,0.200000
7304,s,0.200000
7305,p,0.200000
7306,s,0.200000
7307,s,0.200000
7308,p,0.200000
7309,d,0.200000
7310,s,0.200000
7311,d,0.200000
7312,d,0.200000
7313,s,0.200000
7314,d,0.200000
7315,p,0.200000
7316,d,0.200000
7317,p,0.200000
7318,d,0.200000
7319,d,0.200000
7320,s,0.200000
7321,p,0.400000
7322,s,0.200000
7323,s,0.200000
7324,p,0.200000
7325,s,0.200000
7326,p,0.200000
7327,p,0.200000
7328,p,0.200000
7329,p,0.200000
7330,d,0.200000
7331,d,0.200000
7332,s,0.200000
7333,s,0.200000
7334,d,0.200000
7335,p,0.200000
7336,p,0.200000
7337,p,0.200000
7338,s,0.200000
7339,p,0.200000
7340,d,0.200000
7341,d,0.200000
7342,d,0.200000
7343,p,0.200000
7344,d,0.200000
7345,s,0.200000
7346,p,0.200000
7347,d,0.200000
7348,s,0.200000
7349,p,0.200000
7350,p,0.200000
7351,d,0.200000
7352,p,0.800000
7353,s,0.200000
7354,s,0.200000
7355,s,0.200000
7356,s,0.200000
7357,d,0.200000
7358,d,0.400000
7359,p,0.200000
7360,d,0.200000
7361,p,0.200000
7362,d,0.200000
7363,p,0.200000
7364,d,0.200000
7365,d,0.200000
7366,d,0.200000
7367,s,0.200000
7368,d,0.200000
7369,p,0.200000
7370,d,0.200000
7371,p,0.200000
7372,s,0.200000
7373,p,0.800000
7374,d,0.600000
7375,p,0.200000
7376,d,0.200000
7377,s,0.200000
7378,p,0.200000
7379,s,0.200000
7380,s,0.200000
7381,s,0.200000
7382,s,0.200000
7383,s,0.200000
7384,p,0.200000
7385,d,0.200000
7386,s,0.200000
7387,d,0.200000
7388,p,0.200000
7389,s,0.200000
7390,d,0.200000
7391,s,0.200000
7392,d,0.200000
7393,d,0.200000
7394,d,0.200000
7395,d,0.200000
7396,d,0.200000
7397,p,0.200000
7398,s,0.200000
7399,p,0.200000
7400,d,0.200000
7401,d,0.200000
7402,s,0.200000
7403,s,0.200000
7404,p,0.200000
7405,s,0.200000
7406,d,0.200000
7407,p,0.200000
7408,p,0.200000
7409,p,0.200000
7410,p,0.200000
7411,d,0.200000
7412,p,0.200000
7413,s,0.200000
7414,s,0.200000
7415,d,0.200000
7416,s,0.200000
7417,d,0.200000
7418,p,0.200000
7419,d,0.200000
7420,s,0.200000
7421,d,0.200000
7422,d,0.200000
7423,p,0.200000
7424,s,0.200000
7425,p,0.200000
7426,p,0.200000
7427,d,0.200000
7428,d,0.200000
7429,s,0.200000
7430,s,0.200000
7431,p,0.200000
7432,p,0.200000
7433,s,0.200000
7434,p,0.200000
7435,s,0.200000
7436,d,0.200000
7437,s,0.200000
7438,p,0.600000
7439,d,0.200000
7440,p,0.200000
7441,p,0.200000
7442,s,0.200000
7443,d,0.200000
7444,p,0.200000
7445,s,0.200000
7446,d,0.200000
7447,d,0.200000
7448,d,0.200000
7449,s,0.200000
7450,p,0.200000
7451,d,0.200000
7452,d,0.200000
7453,s,0.200000
7454,s,0.200000
7455,d,0.200000
7456,s,0.200000
7457,d,0.200000
7458,s,0.200000
7459,d,0.200000
7460,s,0.200000
7461,d,0.200000
7462,d,0.800000
7463,d,0.200000
7464,p,0.200000
7465,s,0.200000
7466,p,0.200000
7467,d,0.200000
7468,s,0.200000
7469,s,0.200000
7470,d,0.200000
7471,p,0.600000
7472,s,0.200000
7473,s,0.200000
7474,s,0.200000
7475,d,0.200000
7476,d,0.200000
7477,p,0.200000
7478,p,0.200000
7479,s,0.200000
7480,p,0.200000
7481,p,0.200000
7482,p,0.200000
7483,d,0.200000
7484,d,0.200000
7485,s,0.200000
7486,s,0.200000
7487,s,0.200000
7488,p,0.200000
7489,s,0.200000
7490,p,0.200000
7491,d,0.200000
7492,s,0.200000
7493,p,0.200000
7494,p,0.200000
7495,d,0.200000
7496,p,0.200000
7497,p,0.600000
7498,p,0.200000
7499,d,0.200000
7500,p,0.200000
7501,p,0.200000
7502,s,0.200000
7503,s,0.200000
7504,d,0.200000
7505,d,0.200000
7506,p,0.800000
7507,s,0.200000
7508,s,0.200000
7509,d,0.600000
7510,p,0.200000
7511,d,0.200000
7512,s,0.400000
7513,s,0.200000
7514,s,0.200000
7515,d,0.200000
7516,d,0.200000
7517,p,0.200000
7518,p,0.200000
7519,d,0.400000
7520,s,0.200000
7521,p,0.200000
7522,d,0.200000
7523,p,0.200000
7524,p,0.200000
7525,d,0.200000
7526,p,0.200000
7527,p,0.800000
7528,p,0.200000
7529,s,0.200000
7530,s,0.200000
7531,s,0.200000
7532,s,0.200000
7533,p,0.200000
7534,p,0.200000
7535,p,0.200000
7536,s,0.200000
7537,s,0.200000
7538,d,0.200000
7539,s,0.400000
7540,d,0.200000
7541,p,0.200000
7542,d,0.200000
7543,d,0.200000
7544,d,0.600000
7545,d,0.200000
7546,p,0.200000
7547,d,0.200000
7548,p,0.200000
7549,s,0.200000
7550,p,0.200000
7551,p,0.200000
7552,p,0.200000
7553,p,0.200000
7554,s,0.600000
7555,p,0.200000
7556,s,0.200000
7557,p,0.200000
7558,d,0.200000
7559,p,0.200000
7560,d,0.200000
7561,d,0.200000
7562,s,0.200000
7563,s,0.600000
7564,d,0.200000
7565,s,0.800000
7566,p,0.200000
7567,s,0.200000
7568,s,0.200000
7569,p,0.200000
7570,p,0.200000
7571,d,0.200000
7572,p,0.200000
7573,s,0.400000
7574,d,0.200000
7575,d,0.200000
7576,s,0.200000
7577,d,0.200000
7578,p,0.200000
7579,s,0.200000
7580,s,0.200000
7581,s,0.200000
7582,s,0.200000
7583,p,0.200000
7584,s,0.200000
7585,s,0.200000
7586,s,0.200000
7587,p,0.200000
7588,s,0.200000
7589,p,0.200000
7590,d,0.200000
7591,d,0.200000
7592,s,0.200000
7593,d,0.200000
7594,d,0.200000
7595,p,0.400000
7596,p,0.200000
7597,s,0.200000
7598,d,0.200000
7599,p,0.200000
7600,p,0.200000
7601,d,0.200000
7602,p,0.200000
7603,p,0.200000
7604,p,0.200000
7605,p,0.200000
7606,d,0.200000
7607,d,0.200000
7608,d,0.200000
7609,p,0.200000
7610,s,0.200000
7611,p,0.200000
7612,d,0.800000
7613,d,0.200000
7614,s,0.200000
7615,s,0.200000
7616,p,0.200000
7617,p,0.200000
7618,p,0.200000
7619,p,0.200000
7620,p,0.200000
7621,p,0.200000
7622,s,0.200000
7623,s,0.200000
7624,p,0.200000
7625,s,0.200000
7626,p,0.200000
7627,d,0.200000
7628,s,0.200000
7629,s,0.200000
7630,p,0.400000
7631,p,0.200000
7632,d,0.200000
7633,d,0.400000
7634,d,0.200000
7635,d,0.200000
7636,d,0.200000
7637,d,0.200000
7638,d,0.200000
7639,s,0.200000
7640,s,0.200000
7641,d,0.400000
7642,d,0.200000
7643,d,0.200000
7644,d,0.200000
7645,s,0.200000
7646,p,0.200000
7647,s,0.600000
7648,d,0.200000
7649,s,0.200000
7650,d,0.200000
7651,s,0.400000
7652,s,0.200000
7653,p,0.200000
7654,d,0.200000
7655,s,0.200000
7656,p,0.200000
7657,p,0.200000
7658,p,0.200000
7659,s,0.200000
7660,p,0.200000
7661,d,0.200000
7662,d,0.200000
7663,p,0.200000
7664,d,0.200000
7665,d,0.200000
7666,s,0.200000
7667,p,0.200000
7668,p,0.200000
7669,d,0.200000
7670,p,0.200000
7671,d,0.200000
7672,s,0.200000
7673,s,0.200000
7674,s,0.200000
7675,p,0.200000
7676,s,0.200000
7677,d,0.200000
7678,p,0.200000
7679,s,0.200000
7680,p,0.200000
7681,s,0.200000
7682,d,0.200000
7683,d,0.200000
7684,s,0.200000
7685,s,0.200000
7686,p,0.200000
7687,p,0.200000
7688,d,0.600000
7689,s,0.200000
7690,p,0.200000
7691,s,0.600000
7692,s,0.200000
7693,s,0.200000
7694,p,0.200000
7695,p,0.200000
7696,p,0.200000
7697,d,0.200000
7698,s,0.200000
7699,d,0.200000
7700,p,0.200000
7701,d,0.200000
7702,p,0.200000
7703,s,0.200000
7704,d,0.400000
7705,s,0.200000
7706,s,0.200000
7707,s,0.200000
7708,s,0.200000
7709,d,0.200000
7710,s,0.200000
7711,p,0.200000
7712,d,0.200000
7713,s,0.200000
7714,s,0.200000
7715,d,0.200000
7716,s,0.200000
7717,p,0.200000
7718,s,0.200000
7719,p,0.200000
7720,p,0.800000
7721,d,0.200000
7722,s,0.200000
7723,d,0.200000
7724,p,0.200000
7725,d,0.200000
7726,d,0.200000
7727,p,0.600000
7728,p,0.200000
7729,p,0.800000
7730,d,1.000000
7731,p,0.200000
7732,s,0.200000
7733,d,0.200000
7734,s,0.200000
7735,d,0.200000
7736,d,0.200000
7737,s,0.200000
7738,s,0.200000
7739,d,0.200000
7740,p,0.200000
7741,d,0.200000
7742,d,0.600000
7743,s,0.200000
7744,s,0.200000
7745,d,0.200000
7746,p,0.200000
7747,d,0.200000
7748,s,0.200000
7749,s,0.200000
7750,d,0.200000
7751,d,0.200000
7752,s,0.200000
7753,s,0.200000
7754,p,0.200000
7755,s,0.200000
7756,d,0.600000
7757,s,0.200000
7758,d,0.200000
7759,p,0.200000
7760,p,0.200000
7761,d,0.200000
7762,s,0.200000
7763,d,0.200000
7764,d,0.200000
7765,d,0.200000
7766,d,0.200000
7767,d,0.200000
7768,p,0.200000
7769,d,0.200000
7770,s,0.200000
7771,d,0.200000
7772,d,0.200000
7773,d,0.200000
7774,s,0.200000
7775,d,0.200000
7776,p,0.200000
7777,p,0.200000
7778,d,0.200000
7779,d,0.200000
7780,p,0.200000
7781,p,0.600000
7782,p,0.200000
7783,d,0.200000
7784,s,0.200000
7785,d,0.200000
7786,s,0.200000
7787,p,0.200000
7788,p,0.200000
7789,d,0.200000
7790,s,0.200000
7791,d,0.400000
7792,d,0.200000
7793,s,0.200000
7794,p,0.200000
7795,s,0.200000
7796,s,0.200000
7797,d,0.200000
7798,s,0.200000
7799,p,0.200000
7800,p,1.000000
7801,s,0.200000
7802,p,0.200000
7803,d,0.200000
7804,d,0.200000
7805,s,0.200000
7806,p,0.200000
7807,s,0.200000
7808,s,0.200000
7809,d,0.200000
7810,d,0.200000
7811,p,0.200000
7812,s,0.200000
7813,p,0.200000
7814,d,0.200000
7815,p,0.200000
7816,p,0.200000
7817,d,0.200000
7818,s,0.200000
7819,d,0.200000
7820,s,0.200000
7821,p,0.200000
7822,d,0.600000
7823,p,0.200000
7824,p,0.400000
7825,s,0.200000
7826,s,0.200000
7827,p,0.200000
7828,s,0.200000
7829,s,0.200000
7830,d,0.200000
7831,s,0.200000
7832,s,0.200000
7833,p,0.200000
7834,p,0.400000
7835,d,0.200000
7836,s,0.200000
7837,s,0.200000
7838,s,0.200000
7839,d,0.200000
7840,d,0.200000
7841,d,0.800000
7842,s,0.200000
7843,s,0.200000
7844,s,0.400000
7845,p,0.200000
7846,p,0.200000
7847,d,0.200000
7848,p,0.200000
7849,p,0.200000
7850,p,0.200000
7851,s,0.200000
7852,p,0.400000
7853,d,0.200000
7854,s,0.200000
7855,d,0.200000
7856,d,0.600000
7857,p,0.200000
7858,s,0.200000
7859,p,0.200000
7860,s,0.200000
7861,d,0.200000
7862,p,0.200000
7863,s,0.200000
7864,s,0.200000
7865,d,0.200000
7866,s,0.200000
7867,s,0.200000
7868,p,0.200000
7869,p,0.200000
7870,s,0.200000
7871,s,0.600000
7872,p,0.200000
7873,s,0.200000
7874,p,0.200000
7875,d,0.200000
7876,s,0.200000
7877,d,0.800000
7878,d,0.600000
7879,p,0.200000
7880,d,0.200000
7881,s,0.200000
7882,s,0.200000
7883,d,0.200000
7884,p,0.200000
7885,p,0.200000
7886,d,0.200000
7887,s,0.200000
7888,d,0.200000
7889,d,0.200000
7890,s,0.200000
7891,p,0.200000
7892,s,0.200000
7893,s,0.200000
7894,d,0.200000
7895,s,0.200000
7896,s,0.400000
7897,d,0.200000
7898,s,0.200000
7899,s,0.200000
7900,p,0.200000
7901,p,0.200000
7902,d,0.200000
7903,p,0.200000
7904,p,0.200000
7905,d,0.200000
7906,s,0.200000
7907,d,0.200000
7908,d,0.200000
7909,s,0.200000
7910,d,0.200000
7911,d,0.200000
7912,s,0.200000
7913,s,0.200000
7914,d,0.200000
7915,p,0.200000
7916,d,0.200000
7917,s,0.200000
7918,d,0.200000
7919,d,0.200000
7920,d,0.200000
7921,d,0.200000
7922,p,0.200000
7923,p,0.200000
7924,s,0.200000
7925,p,0.200000
7926,d,0.200000
7927,d,0.200000
7928,d,0.200000
7929,s,0.200000
7930,s,0.200000
7931,d,0.200000
7932,d,0.200000
7933,d,0.200000
7934,s,0.200000
7935,p,0.200000
7936,d,0.200000
7937,s,0.200000
7938,p,0.200000
7939,p,0.200000
7940,p,0.200000
7941,s,0.200000
7942,s,0.200000
7943,d,0.200000
7944,s,0.200000
7945,s,0.200000
7946,p,0.200000
7947,s,0.200000
7948,p,0.400000
7949,p,0.200000
7950,s,0.200000
7951,p,0.200000
7952,d,0.200000
7953,s,1.000000
7954,s,0.200000
7955,p,0.200000
7956,p,0.200000
7957,d,0.200000
7958,p,0.200000
7959,d,0.200000
7960,d,0.200000
7961,p,0.200000
7962,p,0.200000
7963,d,0.200000
7964,d,0.200000
7965,s,0.200000
7966,d,0.200000
7967,p,0.200000
7968,d,0.200000
7969,p,0.400000
7970,d,0.200000
7971,s,0.200000
7972,s,0.200000
7973,d,0.200000
7974,p,0.200000
7975,p,0.200000
7976,p,0.200000
7977,p,0.200000
7978,s,0.600000
7979,p,0.200000
7980,p,0.200000
7981,p,0.200000
7982,p,0.200000
7983,p,0.200000
7984,p,0.200000
7985,d,0.200000
7986,s,0.200000
7987,s,0.200000
7988,d,0.200000
7989,p,0.200000
7990,d,0.200000
7991,s,0.200000
7992,p,0.200000
7993,s,0.200000
7994,s,0.200000
7995,d,0.200000
7996,p,0.200000
7997,s,0.200000
7998,d,0.200000
7999,d,0.200000
8000,s,0.200000
8001,s,0.200000
8002,s,0.200000
8003,p,0.200000
8004,d,0.200000
8005,d,0.200000
8006,s,0.600000
8007,s,0.200000
8008,p,0.200000
8009,d,0.200000
8010,p,0.200000
8011,d,0.200000
8012,d,0.200000
8013,s,0.200000
8014,s,0.200000
8015,p,0.200000
8016,p,0.200000
8017,d,0.200000
8018,s,0.200000
8019,s,0.200000
8020,d,0.200000
8021,d,0.200000
8022,s,0.200000
8023,d,0.200000
8024,s,0.200000
8025,p,0.200000
8026,d,0.200000
8027,p,0.200000
8028,p,0.800000
8029,p,0.200000
8030,d,0.200000
8031,p,0.200000
8032,d,0.200000
8033,p,0.200000
8034,s,0.200000
8035,p,0.200000
8036,p,0.200000
8037,s,0.200000
8038,s,0.200000
8039,p,0.200000
8040,d,0.200000
8041,d,0.400000
8042,p,0.200000
8043,s,0.200000
8044,s,0.200000
8045,s,0.200000
8046,d,0.200000
8047,s,0.200000
8048,p,0.200000
8049,d,0.200000
8050,p,0.200000
8051,p,0.200000
8052,d,0.600000
8053,p,0.600000
8054,d,0.200000
8055,d,0.200000
8056,p,0.200000
8057,s,0.200000
8058,s,0.200000
8059,d,0.200000
8060,s,0.200000
8061,d,0.200000
8062,s,0.200000
8063,s,0.200000
8064,s,0.200000
8065,d,0.200000
8066,d,0.200000
8067,d,0.200000
8068,d,0.200000
8069,s,0.200000
8070,p,0.200000
8071,p,0.200000
8072,p,0.200000
8073,s,0.200000
8074,s,0.200000
8075,d,0.200000
8076,p,0.200000
8077,s,0.200000
8078,p,0.200000
8079,d,0.200000
8080,s,0.200000
8081,p,0.200000
8082,s,0.400000
8083,d,0.200000
8084,p,0.200000
8085,s,0.200000
8086,s,0.200000
8087,p,0.200000
8088,d,0.200000
8089,s,0.200000
8090,d,0.200000
8091,s,0.200000
8092,d,0.200000
8093,d,0.200000
8094,d,0.600000
8095,s,0.200000
8096,d,0.200000
8097,s,0.200000
8098,s,0.200000
8099,s,0.600000
8100,d,0.200000
8101,p,0.200000
8102,d,0.200000
8103,s,0.200000
8104,s,0.200000
8105,s,0.800000
8106,d,0.200000
8107,p,0.200000
8108,s,0.200000
8109,s,0.200000
8110,p,0.200000
8111,d,0.200000
8112,s,0.200000
8113,d,0.200000
8114,d,0.200000
8115,s,0.200000
8116,p,0.200000
8117,s,0.200000
8118,s,0.200000
8119,p,0.200000
8120,d,0.200000
8121,s,0.200000
8122,d,0.800000
8123,d,0.200000
8124,d,0.200000
8125,p,0.200000
8126,p,0.200000
8127,s,0.200000
8128,d,0.200000
8129,s,0.200000
8130,s,0.200000
8131,d,0.200000
8132,s,0.200000
8133,p,0.200000
8134,p,0.600000
8135,p,0.200000
8136,d,0.200000
8137,d,0.200000
8138,p,0.200000
8139,s,0.200000
8140,s,0.200000
8141,d,0.200000
8142,d,0.200000
8143,s,0.800000
8144,s,0.200000
8145,d,0.200000
8146,s,0.200000
8147,s,0.200000
8148,p,0.200000
8149,s,0.200000
8150,s,0.200000
8151,s,0.200000
8152,s,0.200000
8153,d,0.200000
8154,d,0.200000
8155,s,0.200000
8156,p,0.200000
8157,s,0.200000
8158,d,0.200000
8159,s,0.200000
8160,s,0.200000
8161,s,0.200000
8162,s,0.200000
8163,p,0.200000
8164,s,0.200000
8165,s,0.200000
8166,s,0.200000
8167,p,0.400000
8168,d,0.800000
8169,d,0.200000
8170,s,0.200000
8171,p,0.200000
8172,s,0.200000
8173,s,0.200000
8174,d,0.200000
8175,s,0.200000
8176,s,0.200000
8177,d,0.200000
8178,d,0.200000
8179,p,0.200000
8180,d,0.200000
8181,p,0.800000
8182,s,0.200000
8183,d,0.200000
8184,s,0.600000
8185,p,0.200000
8186,p,0.200000
8187,s,0.200000
8188,d,0.200000
8189,s,0.200000
8190,d,0.200000
8191,d,0.200000
8192,d,0.200000
8193,d,0.200000
8194,s,0.200000
8195,s,0.200000
8196,p,0.800000
8197,s,0.200000
8198,p,0.200000
8199,s,0.200000
8200,d,0.200000
8201,d,0.200000
8202,s,0.200000
8203,p,0.200000
8204,d,0.200000
8205,p,0.200000
8206,s,0.600000
8207,d,0.200000
8208,s,0.200000
8209,d,0.600000
8210,s,0.200000
8211,s,0.200000
8212,s,0.200000
8213,s,0.200000
8214,s,0.200000
8215,p,0.200000
8216,d,0.200000
8217,s,0.200000
8218,s,0.200000
8219,p,0.200000
8220,s,0.200000
8221,d,0.200000
8222,s,0.200000
8223,p,0.200000
8224,d,0.200000
8225,d,0.200000
8226,d,0.200000
8227,d,0.200000
8228,p,0.200000
8229,d,0.200000
8230,s,0.200000
8231,s,0.200000
8232,s,0.200000
8233,s,0.200000
8234,p,0.200000
8235,p,0.200000
8236,s,0.200000
8237,s,0.200000
8238,s,0.200000
8239,d,0.200000
8240,s,0.200000
8241,d,0.200000
8242,p,0.200000
8243,s,0.200000
8244,d,0.200000
8245,p,0.600000
8246,s,0.200000
8247,d,0.400000
8248,p,0.200000
8249,s,0.200000
8250,s,0.200000
8251,p,0.200000
8252,p,0.800000
8253,s,0.200000
8254,s,0.200000
8255,p,0.200000
8256,d,0.200000
8257,d,0.200000
8258,p,0.200000
8259,s,0.200000
8260,s,0.200000
8261,s,0.200000
8262,p,0.200000
8263,p,0.800000
8264,s,0.200000
8265,s,0.200000
8266,s,0.200000
8267,d,0.600000
8268,d,0.200000
8269,p,0.200000
8270,d,0.200000
8271,p,0.200000
8272,d,0.200000
8273,p,0.200000
8274,d,0.200000
8275,p,0.200000
8276,p,0.200000
8277,d,0.200000
8278,d,0.200000
8279,d,0.200000
8280,p,0.200000
8281,s,0.200000
8282,p,0.200000
8283,p,0.200000
8284,d,0.200000
8285,d,0.200000
8286,p,0.200000
8287,p,0.200000
8288,d,0.200000
8289,p,0.200000
8290,p,0.200000
8291,d,0.200000
8292,p,0.600000
8293,s,0.200000
8294,d,0.600000
8295,p,0.200000
8296,s,0.200000
8297,s,0.400000
8298,d,0.200000
8299,d,0.600000
8300,p,0.200000
8301,s,0.200000
8302,p,0.200000
8303,p,0.200000
8304,s,0.200000
8305,s,0.200000
8306,s,0.200000
8307,p,0.200000
8308,d,0.400000
8309,s,0.200000
8310,p,0.200000
8311,p,0.200000
8312,s,0.200000
8313,s,0.200000
8314,s,0.200000
8315,p,0.200000
8316,d,0.200000
8317,s,0.200000
8318,p,0.200000
8319,p,0.200000
8320,s,0.200000
8321,d,0.200000
8322,s,0.200000
8323,d,0.200000
8324,p,0.200000
8325,s,0.200000
8326,d,0.200000
8327,s,0.600000
8328,d,0.200000
8329,s,0.200000
8330,s,0.200000
8331,p,0.200000
8332,d,0.200000
8333,s,0.200000
8334,p,0.200000
8335,p,0.200000
8336,d,0.200000
8337,d,0.200000
8338,p,0.200000
8339,d,0.200000
8340,s,0.200000
8341,s,0.200000
8342,d,0.200000
8343,s,0.200000
8344,p,0.200000
8345,p,0.200000
8346,d,0.200000
8347,p,0.200000
8348,s,0.200000
8349,d,0.200000
8350,p,0.200000
8351,p,0.200000
8352,p,0.200000
8353,d,0.200000
8354,p,0.200000
8355,p,0.200000
8356,p,0.400000
8357,d,0.200000
8358,p,0.200000
8359,p,0.200000
8360,p,0.200000
8361,d,0.200000
8362,p,0.200000
8363,p,0.200000
8364,p,0.200000
8365,p,0.200000
8366,p,0.200000
8367,d,0.200000
8368,d,0.200000
8369,s,0.200000
8370,p,0.200000
8371,p,0.200000
8372,s,0.600000
8373,d,0.200000
8374,s,0.200000
8375,d,0.200000
8376,s,0.200000
8377,p,0.200000
8378,p,0.200000
8379,d,0.200000
8380,d,0.200000
8381,p,0.200000
8382,p,0.600000
8383,d,0.200000
8384,p,0.200000
8385,s,0.200000
8386,s,0.200000
8387,p,0.200000
8388,d,0.600000
8389,p,0.200000
8390,s,0.200000
8391,d,0.200000
8392,p,0.200000
8393,d,0.200000
8394,s,0.200000
8395,p,0.200000
8396,s,0.200000
8397,d,0.200000
8398,p,0.200000
8399,p,0.200000
8400,p,0.200000
8401,d,0.200000
8402,s,0.200000
8403,p,0.200000
8404,p,0.400000
8405,s,0.200000
8406,p,0.200000
8407,s,0.600000
8408,d,0.200000
8409,d,0.200000
8410,p,0.200000
8411,p,0.200000
8412,p,0.200000
8413,s,0.200000
8414,d,0.200000
8415,s,0.200000
8416,d,0.600000
8417,s,0.200000
8418,s,0.200000
8419,p,0.200000
8420,s,0.200000
8421,d,0.200000
8422,p,0.200000
8423,s,0.200000
8424,d,0.200000
8425,s,0.200000
8426,p,0.200000
8427,s,0.200000
8428,s,0.200000
8429,s,0.200000
8430,s,0.200000
8431,p,0.200000
8432,s,0.400000
8433,s,0.200000
8434,s,0.200000
8435,s,0.200000
8436,d,0.200000
8437,p,0.200000
8438,p,0.200000
8439,s,0.200000
8440,d,0.200000
8441,s,0.200000
8442,p,0.200000
8443,p,0.400000
8444,s,0.200000
8445,p,0.200000
8446,d,0.400000
8447,d,0.400000
8448,p,0.200000
8449,p,0.200000
8450,s,0.200000
8451,s,0.200000
8452,s,0.200000
8453,s,0.200000
8454,s,0.200000
8455,d,0.200000
8456,s,0.200000
8457,d,0.200000
8458,s,0.200000
8459,d,0.200000
8460,d,0.200000
8461,d,0.200000
8462,s,0.200000
8463,p,0.200000
8464,s,0.200000
8465,s,0.200000
8466,p,0.200000
8467,d,0.200000
8468,d,0.200000
8469,s,0.200000
8470,p,0.200000
8471,p,0.200000
8472,s,0.200000
8473,p,0.200000
8474,p,0.200000
8475,d,0.200000
8476,p,0.200000
8477,p,0.200000
8478,s,0.800000
8479,d,0.200000
8480,d,0.200000
8481,p,0.200000
8482,s,0.200000
8483,s,0.200000
8484,p,0.200000
8485,p,0.200000
8486,s,0.200000
8487,p,0.200000
8488,p,0.200000
8489,p,0.200000
8490,s,0.200000
8491,p,0.200000
8492,d,0.200000
8493,p,0.200000
8494,s,0.200000
8495,s,0.200000
8496,p,0.200000
8497,p,0.200000
8498,s,0.200000
8499,s,0.200000
8500,d,0.200000
8501,p,0.200000
8502,d,0.400000
8503,p,0.200000
8504,s,0.200000
8505,d,0.800000
8506,s,0.200000
8507,p,0.600000
8508,s,0.200000
8509,d,0.200000
8510,p,0.200000
8511,s,0.200000
8512,p,0.200000
8513,p,0.200000
8514,p,0.200000
8515,s,0.200000
8516,d,0.200000
8517,p,0.200000
8518,s,0.200000
8519,s,0.200000
8520,d,0.200000
8521,p,0.200000
8522,s,0.200000
8523,d,0.200000
8524,s,0.200000
8525,p,0.200000
8526,p,0.200000
8527,p,0.200000
8528,p,0.200000
8529,d,0.200000
8530,d,0.200000
8531,d,0.200000
8532,s,0.200000
8533,s,0.200000
8534,p,0.800000
8535,p,0.600000
8536,s,0.200000
8537,d,0.400000
8538,d,0.200000
8539,p,0.200000
8540,s,0.200000
8541,s,1.000000
8542,s,0.200000
8543,d,0.200000
8544,p,0.200000
8545,d,0.200000
8546,p,0.200000
8547,s,0.200000
8548,s,0.200000
8549,s,0.200000
8550,p,0.200000
8551,s,0.200000
8552,d,0.200000
8553,p,0.200000
8554,s,0.200000
8555,d,0.200000
8556,p,1.000000
8557,p,0.200000
8558,d,0.400000
8559,p,0.200000
8560,p,0.200000
8561,d,0.200000
8562,s,0.200000
8563,s,0.200000
8564,s,0.200000
8565,d,0.200000
8566,s,0.200000
8567,s,0.200000
8568,p,0.200000
8569,p,0.200000
8570,d,0.800000
8571,p,0.200000
8572,p,0.200000
8573,d,0.200000
8574,s,0.200000
8575,p,0.200000
8576,d,0.200000
8577,p,0.200000
8578,d,0.200000
8579,d,0.600000
8580,d,0.200000
8581,s,0.200000
8582,s,0.600000
8583,s,0.200000
8584,s,0.200000
8585,s,0.200000
8586,s,0.200000
8587,p,0.600000
8588,p,0.200000
8589,d,0.200000
8590,d,0.200000
8591,s,0.200000
8592,s,0.200000
8593,p,0.200000
8594,d,0.200000
8595,s,0.600000
8596,d,0.200000
8597,d,0.200000
8598,d,0.200000
8599,d,0.200000
8600,s,0.200000
8601,p,0.200000
8602,p,0.200000
8603,p,0.200000
8604,p,0.200000
8605,p,0.200000
8606,d,0.200000
8607,p,0.200000
8608,p,0.200000
8609,d,0.200000
8610,s,0.200000
8611,p,0.200000
8612,p,0.200000
8613,s,0.200000
8614,p,0.200000
8615,p,0.200000
8616,s,0.200000
8617,s,0.200000
8618,d,0.200000
8619,d,0.200000
8620,d,0.200000
8621,s,0.200000
8622,s,0.200000
8623,s,0.200000
8624,p,0.200000
8625,d,0.200000
8626,p,0.200000
8627,s,0.200000
8628,s,0.200000
8629,s,0.400000
8630,s,0.200000
8631,d,0.200000
8632,s,0.200000
8633,s,0.200000
8634,d,0.200000
8635,d,0.200000
8636,p,0.200000
8637,d,0.200000
8638,p,0.200000
8639,d,0.200000
8640,d,0.200000
8641,d,0.200000
8642,s,0.200000
8643,p,0.200000
8644,d,0.200000
8645,d,0.200000
8646,p,0.200000
8647,d,0.200000
8648,p,0.200000
8649,p,0.200000
8650,p,0.200000
8651,d,0.200000
8652,s,0.200000
8653,s,0.200000
8654,d,0.200000
8655,p,0.400000
8656,d,0.200000
8657,d,0.200000
8658,p,0.200000
8659,s,0.200000
8660,s,0.200000
8661,p,0.200000
8662,d,0.400000
8663,s,0.200000
8664,p,0.200000
8665,p,0.200000
8666,p,0.200000
8667,s,0.200000
8668,s,0.200000
8669,d,0.800000
8670,p,0.200000
8671,p,0.200000
8672,d,0.200000
8673,p,0.200000
8674,s,0.200000
8675,p,0.200000
8676,p,0.200000
8677,d,0.200000
8678,s,0.200000
8679,s,0.200000
8680,s,0.200000
8681,p,0.600000
8682,s,0.200000
8683,p,0.200000
8684,p,0.200000
8685,d,0.200000
8686,p,0.200000
8687,d,0.200000
8688,d,0.200000
8689,p,0.400000
8690,d,0.200000
8691,s,0.200000
8692,p,0.800000
8693,s,0.200000
8694,p,0.200000
8695,s,0.200000
8696,s,0.200000
8697,p,0.200000
8698,p,0.200000
8699,d,0.200000
8700,p,0.200000
8701,d,0.200000
8702,p,0.200000
8703,s,0.200000
8704,p,0.200000
8705,p,0.200000
8706,d,0.200000
8707,p,0.200000
8708,d,0.200000
8709,s,0.200000
8710,s,0.200000
8711,s,0.200000
8712,d,0.200000
8713,d,0.200000
8714,d,0.200000
8715,s,0.200000
8716,s,0.200000
8717,p,0.200000
8718,p,0.200000
8719,p,0.400000
8720,d,0.200000
8721,p,0.600000
8722,p,0.200000
8723,p,0.200000
8724,p,0.600000
8725,s,0.600000
8726,d,0.200000
8727,p,0.200000
8728,p,0.200000
8729,p,0.200000
8730,s,0.200000
8731,s,0.200000
8732,p,0.200000
8733,s,0.600000
8734,d,0.200000
8735,p,0.200000
8736,p,0.200000
8737,d,0.400000
8738,s,0.200000
8739,p,0.200000
8740,d,0.200000
8741,s,0.200000
8742,s,0.200000
8743,s,0.200000
8744,p,0.200000
8745,p,0.200000
8746,d,0.200000
8747,d,0.200000
8748,d,0.200000
8749,p,0.200000
8750,s,0.200000
8751,p,0.200000
8752,p,0.200000
8753,s,0.200000
8754,p,0.200000
8755,d,0.200000
8756,p,0.200000
8757,s,0.200000
8758,p,0.200000
8759,d,0.200000
8760,p,0.200000
8761,s,0.200000
8762,p,0.200000
8763,p,0.200000
8764,s,0.200000
8765,d,0.600000
8766,p,0.200000
8767,p,0.200000
8768,s,0.600000
8769,d,0.200000
8770,s,0.200000
8771,s,0.200000
8772,s,0.200000
8773,d,0.200000
8774,s,0.200000
8775,d,0.200000
8776,d,0.200000
8777,s,0.200000
8778,s,0.200000
8779,d,0.200000
8780,p,0.800000
8781,d,0.200000
8782,p,0.200000
8783,d,0.200000
8784,d,0.200000
8785,p,0.200000
8786,d,0.200000
8787,s,0.200000
8788,s,0.200000
8789,s,0.200000
8790,s,0.200000
8791,s,0.200000
8792,s,0.200000
8793,p,0.200000
8794,d,0.200000
8795,s,0.200000
8796,d,0.200000
8797,p,0.200000
8798,p,0.200000
8799,s,0.200000
8800,s,0.200000
8801,d,0.200000
8802,s,0.200000
8803,d,0.200000
8804,d,0.200000
8805,d,0.200000
8806,d,0.200000
8807,s,0.200000
8808,p,0.200000
8809,p,0.200000
8810,p,0.600000
8811,p,0.200000
8812,s,0.200000
8813,d,0.200000
8814,s,0.200000
8815,p,0.200000
8816,d,0.200000
8817,p,0.200000
8818,d,0.200000
8819,p,0.200000
8820,s,0.200000
8821,p,0.200000
8822,p,0.200000
8823,s,0.400000
8824,d,0.200000
8825,p,0.200000
8826,s,0.200000
8827,p,0.200000
8828,d,0.200000
8829,p,0.200000
8830,d,0.200000
8831,p,0.200000
8832,s,0.200000
8833,d,0.200000
8834,p,0.200000
8835,d,0.200000
8836,s,0.200000
8837,p,0.200000
8838,p,0.200000
8839,d,0.200000
8840,p,0.200000
8841,p,0.200000
8842,s,0.200000
8843,d,0.400000
8844,s,0.200000
8845,d,0.200000
8846,p,0.400000
8847,p,0.200000
8848,p,0.800000
8849,d,0.200000
8850,d,0.200000
8851,s,0.200000
8852,p,0.200000
8853,p,0.200000
8854,p,0.200000
8855,s,0.200000
8856,d,0.200000
8857,p,0.200000
8858,p,0.200000
8859,s,0.200000
8860,p,0.200000
8861,s,0.200000
8862,p,0.200000
8863,s,0.200000
8864,s,0.200000
8865,d,0.200000
8866,p,0.200000
8867,s,0.200000
8868,d,0.200000
8869,p,0.200000
8870,p,0.200000
8871,s,0.200000
8872,s,0.200000
8873,d,0.200000
8874,d,0.200000
8875,s,0.400000
8876,s,0.200000
8877,d,0.200000
8878,p,0.200000
8879,d,0.200000
8880,s,0.200000
8881,s,0.200000
8882,p,0.200000
8883,p,0.200000
8884,d,0.200000
8885,s,0.200000
8886,s,0.200000
8887,s,0.200000
8888,p,0.200000
8889,d,0.200000
8890,p,0.200000
8891,p,0.200000
8892,p,0.400000
8893,d,0.200000
8894,s,0.200000
8895,d,0.200000
8896,d,0.200000
8897,p,0.200000
8898,p,0.200000
8899,d,0.200000
8900,p,0.200000
8901,d,0.200000
8902,d,0.200000
8903,d,0.200000
8904,d,0.200000
8905,s,0.200000
8906,s,0.200000
8907,d,0.200000
8908,d,0.200000
8909,p,0.200000
8910,s,0.200000
8911,s,0.200000
8912,p,0.200000
8913,s,0.200000
8914,p,0.200000
8915,p,0.200000
8916,s,0.200000
8917,d,0.200000
8918,p,0.200000
8919,s,0.200000
8920,p,0.200000
8921,s,0.200000
8922,d,0.200000
8923,s,0.200000
8924,d,0.200000
8925,s,0.200000
8926,p,0.200000
8927,d,0.200000
8928,s,0.200000
8929,d,0.200000
8930,s,0.200000
8931,s,0.200000
8932,s,0.200000
8933,s,0.200000
8934,p,0.200000
8935,s,0.200000
8936,d,0.200000
8937,d,0.200000
8938,d,0.200000
8939,p,0.200000
8940,p,0.200000
8941,s,0.200000
8942,s,0.200000
8943,p,0.200000
8944,p,0.200000
8945,p,0.200000
8946,d,0.200000
8947,s,0.600000
8948,p,0.200000
8949,p,0.200000
8950,s,0.200000
8951,s,0.200000
8952,p,0.200000
8953,d,0.200000
8954,s,0.200000
8955,d,0.200000
8956,p,0.200000
8957,p,0.200000
8958,p,0.400000
8959,d,0.200000
8960,s,0.200000
8961,s,0.200000
8962,s,0.800000
8963,p,0.200000
8964,s,0.200000
8965,d,0.200000
8966,d,0.200000
8967,p,0.200000
8968,d,0.200000
8969,p,0.200000
8970,p,0.200000
8971,p,0.200000
8972,s,0.200000
8973,s,0.200000
8974,p,0.200000
8975,p,0.200000
8976,d,0.200000
8977,s,0.400000
8978,s,0.200000
8979,d,0.200000
8980,d,0.200000
8981,d,0.200000
8982,s,0.200000
8983,p,0.200000
8984,p,0.200000
8985,s,0.200000
8986,s,0.800000
8987,s,0.200000
8988,d,0.200000
8989,s,0.200000
8990,p,0.200000
8991,d,0.200000
8992,d,0.200000
8993,d,0.200000
8994,p,0.200000
8995,s,0.200000
8996,s,0.200000
8997,p,0.200000
8998,d,0.200000
8999,s,0.200000
9000,d,0.200000
9001,s,0.800000
9002,s,0.200000
9003,s,0.200000
9004,s,0.200000
9005,s,0.200000
9006,s,0.200000
9007,p,0.200000
9008,d,0.200000
9009,s,0.200000
9010,s,0.200000
9011,s,0.200000
9012,d,0.200000
9013,d,0.200000
9014,p,0.200000
9015,d,0.400000
9016,s,0.200000
9017,d,0.200000
9018,d,0.200000
9019,p,0.200000
9020,d,0.200000
9021,d,0.200000
9022,p,0.200000
9023,s,0.200000
9024,s,0.200000
9025,d,0.200000
9026,s,0.200000
9027,p,0.200000
9028,d,0.200000
9029,d,0.200000
9030,d,0.200000
9031,d,0.200000
9032,p,0.200000
9033,d,0.200000
9034,p,0.200000
9035,s,0.200000
9036,p,0.200000
9037,s,0.400000
9038,p,0.200000
9039,d,0.400000
9040,d,0.200000
9041,p,0.200000
9042,p,0.200000
9043,s,0.600000
9044,p,0.200000
9045,d,0.200000
9046,d,0.200000
9047,s,0.200000
9048,p,0.200000
9049,s,0.200000
9050,s,0.200000
9051,s,0.200000
9052,s,0.200000
9053,d,0.600000
9054,p,0.200000
9055,s,0.400000
9056,d,0.200000
9057,s,0.200000
9058,d,0.200000
9059,s,0.200000
9060,d,0.200000
9061,s,0.200000
9062,d,0.200000
9063,s,0.200000
9064,d,0.200000
9065,s,0.200000
9066,p,0.200000
9067,d,0.200000
9068,p,0.200000
9069,s,0.200000
9070,s,0.200000
9071,s,0.200000
9072,p,0.200000
9073,s,0.200000
9074,d,0.200000
9075,d,0.200000
9076,p,0.200000
9077,d,0.200000
9078,s,0.200000
9079,s,0.200000
9080,p,0.200000
9081,d,0.200000
9082,d,0.200000
9083,s,0.200000
9084,p,0.200000
9085,s,0.200000
9086,p,0.200000
9087,d,0.200000
9088,s,0.200000
9089,p,0.200000
9090,s,0.200000
9091,p,0.200000
9092,p,0.200000
9093,s,0.200000
9094,d,0.200000
9095,p,0.200000
9096,p,0.200000
9097,p,0.200000
9098,d,0.200000
9099,d,0.200000
9100,s,0.200000
9101,p,0.200000
9102,d,0.200000
9103,d,0.200000
9104,p,0.200000
9105,p,0.400000
9106,s,0.600000
9107,s,0.200000
9108,d,0.600000
9109,d,0.200000
9110,s,0.600000
9111,s,0.200000
9112,p,0.400000
9113,d,0.200000
9114,d,0.200000
9115,p,0.200000
9116,s,0.200000
9117,p,0.600000
9118,s,0.200000
9119,d,0.200000
9120,d,0.200000
9121,d,0.600000
9122,s,0.200000
9123,s,0.200000
9124,p,0.200000
9125,s,0.200000
9126,p,0.200000
9127,s,0.200000
9128,p,0.200000
9129,s,0.200000
9130,d,0.200000
9131,s,0.200000
9132,s,0.200000
9133,d,0.200000
9134,s,0.200000
9135,p,0.200000
9136,d,0.200000
9137,p,0.200000
9138,s,0.400000
9139,s,0.200000
9140,s,0.200000
9141,s,0.200000
9142,p,0.400000
9143,p,0.200000
9144,d,0.200000
9145,s,0.200000
9146,d,0.200000
9147,p,0.200000
9148,p,0.200000
9149,d,0.400000
9150,d,0.200000
9151,d,0.200000
9152,d,0.200000
9153,d,0.200000
9154,p,0.200000
9155,d,0.200000
9156,p,0.200000
9157,p,0.400000
9158,s,0.200000
9159,p,0.200000
9160,d,0.200000
9161,p,0.200000
9162,p,0.200000
9163,s,0.200000
9164,d,0.200000
9165,s,0.200000
9166,p,0.200000
9167,s,0.200000
9168,p,0.200000
9169,s,0.200000
9170,p,0.200000
9171,p,0.200000
9172,s,0.200000
9173,p,0.200000
9174,s,0.200000
9175,s,0.200000
9176,s,0.200000
9177,p,0.200000
9178,p,0.200000
9179,d,0.200000
9180,s,0.200000
9181,p,0.200000
9182,s,0.200000
9183,s,0.200000
9184,s,0.200000
9185,p,0.200000
9186,s,0.200000
9187,p,0.200000
9188,p,0.200000
9189,p,0.200000
9190,s,0.200000
9191,s,0.200000
9192,d,0.200000
9193,p,0.200000
9194,s,0.400000
9195,d,0.200000
9196,d,0.200000
9197,s,0.200000
9198,p,0.200000
9199,d,0.200000
9200,d,0.200000
9201,d,0.200000
9202,p,0.200000
9203,d,0.200000
9204,s,0.400000
9205,d,0.200000
9206,d,0.200000
9207,d,0.200000
9208,p,0.200000
9209,s,0.200000
9210,d,0.200000
9211,s,0.200000
9212,s,0.200000
9213,d,0.200000
9214,p,0.200000
9215,s,0.200000
9216,s,0.200000
9217,s,0.200000
9218,p,0.200000
9219,d,0.200000
9220,d,0.200000
9221,p,0.200000
9222,s,0.200000
9223,d,0.200000
9224,s,0.200000
9225,d,0.400000
9226,s,0.200000
9227,d,0.200000
9228,s,0.600000
9229,d,0.200000
9230,p,0.200000
9231,d,0.200000
9232,d,0.200000
9233,s,0.200000
9234,d,0.200000
9235,d,0.200000
9236,d,0.200000
9237,p,0.200000
9238,s,0.200000
9239,s,0.200000
9240,d,0.200000
9241,d,0.200000
9242,s,0.200000
9243,p,0.200000
9244,p,0.200000
9245,s,0.200000
9246,p,0.200000
9247,s,0.200000
9248,s,0.200000
9249,d,0.200000
9250,d,0.200000
9251,p,0.200000
9252,p,0.600000
9253,s,0.400000
9254,p,0.200000
9255,d,0.200000
9256,p,0.200000
9257,p,0.200000
9258,s,0.200000
9259,d,0.200000
9260,s,0.200000
9261,s,0.200000
9262,d,0.200000
9263,p,0.200000
9264,p,0.200000
9265,d,0.400000
9266,p,0.200000
9267,p,0.600000
9268,p,0.600000
9269,d,0.400000
9270,p,0.200000
9271,d,0.200000
9272,p,0.200000
9273,d,0.600000
9274,s,0.200000
9275,p,0.200000
9276,p,0.200000
9277,p,0.200000
9278,s,0.200000
9279,p,0.200000
9280,d,0.200000
9281,s,0.200000
9282,s,0.200000
9283,p,0.200000
9284,s,0.200000
9285,d,0.200000
9286,d,0.200000
9287,p,0.200000
9288,p,0.200000
9289,s,0.200000
9290,p,0.200000
9291,p,0.200000
9292,s,0.200000
9293,d,0.200000
9294,d,0.200000
9295,d,0.200000
9296,p,0.200000
9297,p,0.200000
9298,d,0.200000
9299,p,0.200000
9300,d,0.200000
9301,d,0.200000
9302,p,0.200000
9303,d,0.200000
9304,d,0.200000
9305,s,0.800000
9306,s,0.600000
9307,s,0.600000
9308,s,0.200000
9309,s,0.200000
9310,d,0.600000
9311,p,0.200000
9312,p,0.200000
9313,s,0.600000
9314,d,0.200000
9315,s,0.200000
9316,d,0.200000
9317,s,0.200000
9318,p,0.200000
9319,p,0.200000
9320,d,0.200000
9321,d,0.200000
9322,s,0.200000
9323,d,0.200000
9324,p,0.200000
9325,p,0.200000
9326,p,0.200000
9327,s,0.200000
9328,p,0.400000
9329,d,0.200000
9330,d,0.200000
9331,s,0.200000
9332,p,0.400000
9333,s,0.200000
9334,s,0.200000
9335,s,0.200000
9336,p,0.200000
9337,p,0.200000
9338,d,0.600000
9339,p,0.200000
9340,d,0.200000
9341,s,0.200000
9342,d,0.200000
9343,s,0.200000
9344,d,0.200000
9345,s,0.200000
9346,s,0.200000
9347,s,0.200000
9348,s,0.200000
9349,p,0.200000
9350,d,0.200000
9351,p,0.200000
9352,d,0.400000
9353,d,0.200000
9354,s,0.200000
9355,p,0.200000
9356,p,0.400000
9357,s,0.200000
9358,d,0.200000
9359,p,0.200000
9360,p,0.200000
9361,s,0.200000
9362,p,0.200000
9363,s,0.200000
9364,p,0.200000
9365,s,0.200000
9366,p,0.200000
9367,s,0.200000
9368,s,0.200000
9369,p,0.200000
9370,s,0.200000
9371,d,0.200000
9372,p,0.400000
9373,s,0.200000
9374,s,0.200000
9375,d,0.200000
9376,s,0.200000
9377,s,0.200000
9378,d,0.200000
9379,d,0.200000
9380,p,0.800000
9381,p,0.200000
9382,s,0.200000
9383,d,0.200000
9384,p,0.600000
9385,p,0.200000
9386,d,0.200000
9387,d,0.200000
9388,s,0.200000
9389,s,0.400000
9390,p,0.200000
9391,s,0.200000
9392,d,0.200000
9393,p,0.200000
9394,s,0.200000
9395,s,0.200000
9396,p,0.200000
9397,d,0.200000
9398,d,0.200000
9399,p,0.200000
9400,d,0.200000
9401,p,0.200000
9402,d,0.200000
9403,d,0.200000
9404,p,0.200000
9405,p,0.200000
9406,d,0.200000
9407,p,0.200000
9408,p,0.200000
9409,d,0.200000
9410,s,0.200000
9411,p,0.200000
9412,s,0.200000
9413,d,0.200000
9414,s,0.200000
9415,s,0.200000
9416,s,0.200000
9417,p,0.200000
9418,d,0.200000
9419,p,0.200000
9420,s,0.200000
9421,s,0.200000
9422,p,0.200000
9423,s,0.200000
9424,p,0.200000
9425,s,0.200000
9426,s,0.200000
9427,p,0.200000
9428,s,0.200000
9429,d,0.200000
9430,p,0.200000
9431,d,0.200000
9432,d,0.400000
9433,p,0.200000
9434,p,0.200000
9435,s,0.200000
9436,p,0.200000
9437,s,0.200000
9438,p,0.200000
9439,p,0.200000
9440,s,0.200000
9441,p,0.800000
9442,s,0.600000
9443,d,0.200000
9444,s,0.200000
9445,p,0.200000
9446,d,0.200000
9447,p,0.200000
9448,p,0.200000
9449,p,0.200000
9450,s,0.200000
9451,s,0.200000
9452,s,0.200000
9453,s,0.200000
9454,d,0.200000
9455,s,0.200000
9456,p,0.200000
9457,p,0.200000
9458,d,0.200000
9459,p,0.200000
9460,d,0.200000
9461,d,0.200000
9462,p,0.200000
9463,s,0.200000
9464,p,0.200000
9465,s,0.200000
9466,p,0.200000
9467,d,0.200000
9468,s,0.200000
9469,d,0.200000
9470,s,0.200000
9471,s,0.200000
9472,s,0.400000
9473,d,0.200000
9474,d,0.200000
9475,p,0.200000
9476,p,0.200000
9477,s,0.400000
9478,p,0.200000
9479,s,0.200000
9480,d,0.200000
9481,p,0.200000
9482,d,0.200000
9483,p,0.200000
9484,s,0.200000
9485,p,0.200000
9486,p,0.200000
9487,s,0.200000
9488,s,0.200000
9489,s,0.200000
9490,p,0.200000
9491,s,0.200000
9492,d,0.200000
9493,p,0.200000
9494,p,0.200000
9495,p,0.200000
9496,p,0.200000
9497,d,0.200000
9498,s,0.200000
9499,s,0.200000
9500,p,0.200000
9501,s,0.200000
9502,d,0.200000
9503,p,0.200000
9504,s,0.200000
9505,s,0.200000
9506,p,0.200000
9507,p,0.200000
9508,d,0.200000
9509,s,0.200000
9510,p,0.200000
9511,s,0.200000
9512,p,0.200000
9513,s,0.200000
9514,p,0.200000
9515,s,0.200000
9516,s,0.400000
9517,s,0.200000
9518,s,0.200000
9519,s,0.400000
9520,d,0.200000
9521,p,0.200000
9522,s,0.200000
9523,d,0.200000
9524,p,0.200000
9525,s,0.200000
9526,s,0.200000
9527,d,0.200000
9528,p,0.200000
9529,p,0.200000
9530,p,0.200000
9531,p,0.200000
9532,p,0.200000
9533,p,0.800000
9534,p,0.200000
9535,p,0.200000
9536,d,0.200000
9537,d,0.200000
9538,s,0.200000
9539,p,0.200000
9540,p,0.200000
9541,d,0.200000
9542,p,0.200000
9543,p,0.200000
9544,d,0.200000
9545,p,0.200000
9546,d,0.200000
9547,s,0.200000
9548,s,0.200000
9549,s,0.200000
9550,p,0.200000
9551,s,0.200000
9552,s,0.200000
9553,p,0.200000
9554,p,0.200000
9555,s,0.200000
9556,p,0.200000
9557,d,0.200000
9558,d,0.200000
9559,p,0.200000
9560,s,0.200000
9561,p,0.200000
9562,p,0.200000
9563,d,0.200000
9564,d,0.400000
9565,s,0.800000
9566,s,0.200000
9567,p,0.200000
9568,d,0.200000
9569,d,0.200000
9570,d,0.600000
9571,d,0.200000
9572,s,0.200000
9573,p,0.200000
9574,d,0.200000
9575,p,0.200000
9576,d,0.200000
9577,s,0.200000
9578,s,0.200000
9579,p,0.200000
9580,d,0.200000
9581,p,0.600000
9582,d,0.200000
9583,s,0.200000
9584,d,0.200000
9585,d,0.200000
9586,p,0.200000
9587,s,0.200000
9588,p,0.200000
9589,p,0.200000
9590,s,0.200000
9591,d,0.200000
9592,d,0.200000
9593,d,0.200000
9594,s,0.200000
9595,d,0.200000
9596,d,0.200000
9597,s,0.200000
9598,p,0.200000
9599,s,0.200000
9600,p,0.200000
9601,s,0.200000
9602,p,0.200000
9603,p,0.200000
9604,p,0.200000
9605,d,0.200000
9606,s,0.200000
9607,p,0.200000
9608,p,0.200000
9609,s,0.200000
9610,d,0.200000
9611,p,0.200000
9612,p,0.200000
9613,p,0.200000
9614,d,0.200000
9615,d,0.200000
9616,p,0.200000
9617,p,0.200000
9618,d,0.200000
9619,d,0.200000
9620,p,0.200000
9621,s,0.200000
9622,d,0.200000
9623,p,0.200000
9624,d,0.200000
9625,s,0.200000
9626,d,0.200000
9627,s,0.200000
9628,s,0.200000
9629,s,0.200000
9630,d,0.200000
9631,d,0.200000
9632,s,0.200000
9633,s,0.200000
9634,p,0.200000
9635,s,0.200000
9636,s,0.200000
9637,s,0.200000
9638,p,0.800000
9639,d,0.200000
9640,p,0.200000
9641,s,0.200000
9642,d,0.200000
9643,d,0.200000
9644,p,0.200000
9645,s,0.200000
9646,d,0.200000
9647,d,0.200000
9648,s,0.200000
9649,s,0.200000
9650,p,0.200000
9651,s,0.200000
9652,s,0.200000
9653,d,0.200000
9654,p,0.200000
9655,d,0.200000
9656,d,0.200000
9657,p,0.200000
9658,p,0.400000
9659,p,0.200000
9660,d,0.200000
9661,s,0.200000
9662,s,0.200000
9663,s,0.200000
9664,p,0.200000
9665,p,0.200000
9666,p,0.600000
9667,p,0.200000
9668,s,0.200000
9669,d,0.200000
9670,p,0.200000
9671,s,0.400000
9672,p,0.600000
9673,s,0.200000
9674,d,0.200000
9675,s,1.000000
9676,d,0.200000
9677,p,0.200000
9678,p,0.200000
9679,p,0.200000
9680,s,0.600000
9681,p,0.200000
9682,p,0.200000
9683,p,0.200000
9684,s,0.200000
9685,d,0.200000
9686,p,0.200000
9687,d,0.200000
9688,p,0.200000
9689,s,0.200000
9690,p,0.200000
9691,s,0.200000
9692,p,0.200000
9693,d,0.200000
9694,p,0.200000
9695,d,0.200000
9696,d,0.200000
9697,s,0.200000
9698,s,0.200000
9699,p,0.200000
9700,s,0.200000
9701,d,0.200000
9702,s,0.200000
9703,s,0.200000
9704,p,0.200000
9705,s,0.200000
9706,d,0.200000
9707,p,0.200000
9708,p,0.200000
9709,p,0.200000
9710,p,0.200000
9711,s,0.200000
9712,p,0.600000
9713,d,0.200000
9714,p,0.200000
9715,s,0.200000
9716,p,0.200000
9717,d,0.200000
9718,d,0.200000
9719,d,0.400000
9720,p,0.200000
9721,p,0.200000
9722,s,0.200000
9723,d,0.200000
9724,s,0.200000
9725,p,0.200000
9726,s,0.200000
9727,d,0.200000
9728,d,0.200000
9729,p,0.200000
9730,p,0.200000
9731,d,0.200000
9732,p,0.200000
9733,s,0.200000
9734,s,0.200000
9735,p,0.200000
9736,d,0.200000
9737,s,0.200000
9738,p,0.600000
9739,s,0.200000
9740,d,0.200000
9741,s,0.400000
9742,s,0.200000
9743,s,0.200000
9744,s,0.200000
9745,d,0.200000
9746,p,0.200000
9747,s,0.200000
9748,p,0.200000
9749,p,0.200000
9750,s,0.200000
9751,s,0.200000
9752,p,0.200000
9753,d,0.200000
9754,s,0.200000
9755,p,0.200000
9756,d,0.200000
9757,s,0.200000
9758,p,0.200000
9759,d,0.200000
9760,p,0.200000
9761,s,0.200000
9762,s,0.200000
9763,s,0.200000
9764,p,0.200000
9765,d,0.200000
9766,p,0.200000
9767,p,0.800000
9768,d,0.200000
9769,d,0.200000
9770,s,0.200000
9771,d,0.200000
9772,p,0.200000
9773,s,0.200000
9774,s,0.200000
9775,s,0.200000
9776,d,0.200000
9777,p,0.200000
9778,p,0.200000
9779,p,0.200000
9780,s,0.200000
9781,s,0.200000
9782,p,0.200000
9783,s,0.200000
9784,s,0.200000
9785,p,0.200000
9786,d,0.200000
9787,p,0.200000
9788,d,0.800000
9789,s,0.200000
9790,p,0.200000
9791,p,0.200000
9792,d,0.200000
9793,d,0.200000
9794,d,0.200000
9795,d,0.200000
9796,p,0.200000
9797,d,0.200000
9798,d,0.200000
9799,d,0.200000
9800,d,0.200000
9801,s,0.200000
9802,d,0.200000
9803,p,0.200000
9804,s,0.200000
9805,p,0.200000
9806,d,0.200000
9807,p,0.200000
9808,p,0.200000
9809,s,0.200000
9810,d,0.200000
9811,s,0.200000
9812,p,0.200000
9813,s,0.200000
9814,d,0.200000
9815,d,0.200000
9816,d,0.200000
9817,p,0.400000
9818,p,0.200000
9819,d,0.200000
9820,d,0.200000
9821,d,0.200000
9822,d,0.200000
9823,s,0.200000
9824,s,0.200000
9825,p,0.200000
9826,p,0.200000
9827,s,0.200000
9828,p,0.200000
9829,d,0.200000
9830,p,0.200000
9831,p,0.200000
9832,s,0.200000
9833,p,0.200000
9834,p,0.200000
9835,s,0.200000
9836,d,0.200000
9837,d,0.200000
9838,p,0.200000
9839,d,0.200000
9840,s,0.200000
9841,p,0.200000
9842,p,0.200000
9843,s,0.200000
9844,p,0.200000
9845,p,0.200000
9846,d,0.200000
9847,p,0.200000
9848,p,0.200000
9849,d,0.200000
9850,s,0.200000
9851,d,0.200000
9852,d,0.200000
9853,p,0.200000
9854,p,0.800000
9855,s,0.200000
9856,s,1.000000
9857,d,0.200000
9858,p,0.200000
9859,p,0.200000
9860,s,0.200000
9861,s,0.200000
9862,d,0.200000
9863,s,0.200000
9864,s,0.400000
9865,s,0.200000
9866,s,0.200000
9867,p,0.200000
9868,s,0.200000
9869,s,0.200000
9870,d,0.200000
9871,p,0.200000
9872,s,0.200000
9873,p,0.200000
9874,s,0.200000
9875,d,0.200000
9876,s,0.200000
9877,s,0.200000
9878,s,0.200000
9879,s,0.400000
9880,s,0.200000
9881,p,0.200000
9882,s,0.200000
9883,d,0.200000
9884,s,0.200000
9885,p,0.200000
9886,s,0.600000
9887,s,0.200000
9888,p,0.200000
9889,s,0.200000
9890,p,0.200000
9891,s,0.200000
9892,p,0.200000
9893,p,0.200000
9894,s,0.200000
9895,d,0.200000
9896,p,0.200000
9897,p,0.200000
9898,p,0.200000
9899,s,0.200000
9900,d,0.200000
9901,s,0.200000
9902,d,0.200000
9903,p,0.200000
9904,s,0.200000
9905,p,0.200000
9906,p,0.200000
9907,d,0.200000
9908,s,0.200000
9909,p,0.200000
9910,d,0.200000
9911,p,0.200000
9912,s,0.200000
9913,d,0.200000
9914,p,0.200000
9915,p,0.200000
9916,p,0.200000
9917,p,0.200000
9918,p,0.200000
9919,s,0.200000
9920,s,0.200000
9921,s,0.200000
9922,d,0.200000
9923,d,0.200000
9924,d,0.200000
9925,d,0.200000
9926,s,0.200000
9927,p,0.200000
9928,s,0.200000
9929,p,0.200000
9930,d,0.200000
9931,d,0.200000
9932,p,0.200000
9933,p,0.200000
9934,p,0.600000
9935,s,0.200000
9936,s,0.200000
9937,s,0.200000
9938,s,0.200000
9939,p,0.200000
9940,p,0.400000
9941,d,0.200000
9942,s,0.200000
9943,s,0.200000
9944,s,0.200000
9945,d,0.200000
9946,d,0.200000
9947,s,0.200000
9948,d,0.600000
9949,p,0.200000
9950,p,0.800000
9951,s,0.200000
9952,d,0.200000
9953,s,0.200000
9954,p,0.200000
9955,d,0.200000
9956,d,0.200000
9957,s,0.200000
9958,s,0.200000
9959,d,0.200000
9960,s,0.200000
9961,p,0.200000
9962,d,0.200000
9963,d,0.200000
9964,s,0.200000
9965,p,0.400000
9966,s,0.200000
9967,d,0.200000
9968,s,0.200000
9969,s,0.200000
9970,d,0.200000
9971,s,0.200000
9972,s,0.200000
9973,p,0.200000
9974,d,0.200000
9975,s,0.200000
9976,d,0.200000
9977,p,0.200000
9978,d,0.200000
9979,s,0.200000
9980,p,0.200000
9981,p,0.200000
9982,d,0.200000
9983,s,0.200000
9984,d,0.600000
9985,s,0.200000
9986,p,0.200000
9987,d,0.200000
9988,s,0.200000
9989,s,0.200000
9990,s,0.200000
9991,p,0.200000
9992,d,0.200000
9993,p,0.200000
9994,p,0.200000
9995,s,0.200000
9996,s,0.200000
9997,p,0.200000
9998,p,0.200000
9999,s,0.200000
10000,p,0.200000
10001,s,0.200000
10002,d,0.200000
10003,s,0.200000
10004,s,0.200000
10005,s,0.200000
10006,s,0.200000
10007,d,0.200000
10008,d,0.200000
10009,d,0.200000
10010,d,0.200000
10011,s,0.200000
10012,d,0.200000
10013,p,0.200000
10014,s,0.200000
10015,p,0.200000
10016,s,0.800000
10017,p,0.200000
10018,d,0.200000
10019,d,0.200000
10020,d,0.200000
10021,p,0.200000
10022,d,0.200000
10023,p,0.200000
10024,p,0.200000
10025,s,0.200000
10026,s,0.200000
10027,d,0.200000
10028,s,0.200000
10029,s,0.200000
10030,p,0.200000
10031,p,0.200000
10032,s,0.200000
10033,s,0.200000
10034,d,0.200000
10035,p,0.200000
10036,d,0.600000
10037,p,0.200000
10038,p,0.200000
10039,s,0.200000
10040,p,0.200000
10041,p,0.200000
10042,d,0.200000
10043,s,0.200000
10044,s,0.200000
10045,s,0.200000
10046,d,0.200000
10047,p,0.200000
10048,d,0.200000
10049,d,0.200000
10050,s,0.800000
10051,p,0.200000
10052,d,0.200000
10053,p,0.200000
10054,p,0.200000
10055,d,0.200000
10056,s,0.200000
10057,d,0.200000
10058,p,0.200000
10059,s,0.200000
10060,p,0.200000
10061,s,0.200000
10062,s,0.200000
10063,p,0.200000
10064,s,0.200000
10065,d,0.200000
10066,d,0.200000
10067,d,0.200000
10068,p,0.200000
10069,s,0.200000
10070,d,0.200000
10071,p,0.200000
10072,d,0.200000
10073,d,0.200000
10074,d,0.600000
10075,s,0.200000
10076,d,0.200000
10077,d,0.200000
10078,p,0.200000
10079,s,0.200000
10080,p,0.200000
10081,d,0.200000
10082,d,0.800000
10083,s,0.800000
10084,d,0.400000
10085,p,0.200000
10086,d,0.200000
10087,d,0.600000
10088,p,0.200000
10089,s,0.200000
10090,s,0.200000
10091,s,0.200000
10092,s,0.200000
10093,d,0.200000
10094,s,0.200000
10095,d,0.200000
10096,d,0.200000
10097,d,0.400000
10098,d,0.200000
10099,p,0.200000
10100,p,0.200000
10101,p,0.200000
10102,s,0.800000
10103,s,0.200000
10104,d,0.200000
10105,p,0.200000
10106,p,0.200000
10107,d,0.200000
10108,d,0.600000
10109,s,0.200000
10110,s,0.200000
10111,s,0.200000
10112,s,0.200000
10113,s,0.200000
10114,p,0.200000
10115,p,0.200000
10116,s,0.200000
10117,p,0.200000
10118,d,0.200000
10119,s,0.200000
10120,d,0.200000
10121,d,0.600000
10122,d,0.200000
10123,s,0.200000
10124,s,0.200000
10125,s,0.200000
10126,s,0.200000
10127,s,0.200000
10128,s,0.200000
10129,p,0.200000
10130,d,0.600000
10131,s,0.200000
10132,d,0.200000
10133,p,0.200000
10134,p,0.200000
10135,p,0.200000
10136,d,0.200000
10137,s,0.200000
10138,d,0.800000
10139,s,0.200000
10140,s,0.400000
10141,p,0.200000
10142,p,0.200000
10143,s,0.200000
10144,p,0.200000
10145,p,0.200000
10146,p,0.200000
10147,p,0.200000
10148,s,0.200000
10149,p,0.200000
10150,d,0.200000
10151,s,0.200000
10152,s,0.200000
10153,s,0.200000
10154,p,0.200000
10155,p,0.200000
10156,d,0.200000
10157,p,0.600000
10158,s,0.200000
10159,s,0.200000
10160,s,0.200000
10161,s,0.200000
10162,p,0.200000
10163,d,0.200000
10164,d,0.200000
10165,d,0.200000
10166,p,0.200000
10167,d,0.200000
10168,d,0.200000
10169,p,0.200000
10170,p,0.200000
10171,p,0.200000
10172,p,0.200000
10173,d,0.200000
10174,p,0.600000
10175,s,0.200000
10176,p,0.200000
10177,d,0.200000
10178,p,0.200000
10179,s,0.200000
10180,s,0.200000
10181,s,0.600000
10182,p,0.200000
10183,d,0.200000
10184,s,0.200000
10185,s,0.200000
10186,p,0.200000
10187,s,0.200000
10188,d,0.200000
10189,s,0.200000
10190,d,0.200000
10191,d,0.200000
10192,p,0.200000
10193,d,0.200000
10194,s,0.200000
10195,d,0.200000
10196,s,0.200000
10197,d,0.200000
10198,s,0.200000
10199,s,0.200000
10200,s,0.200000
10201,p,0.200000
10202,s,0.200000
10203,p,0.600000
10204,s,0.200000
10205,d,0.200000
10206,d,0.200000
10207,s,0.200000
10208,d,0.200000
10209,d,0.200000
10210,d,0.200000
10211,p,0.200000
10212,s,0.200000
10213,s,0.200000
10214,d,0.200000
10215,d,0.200000
10216,d,0.200000
10217,d,0.200000
10218,p,0.400000
10219,p,0.200000
10220,s,0.200000
10221,s,0.200000
10222,p,0.200000
10223,d,0.200000
10224,d,0.200000
10225,s,0.200000
10226,p,0.200000
10227,s,0.200000
10228,d,0.200000
10229,s,0.200000
10230,d,0.200000
10231,p,0.200000
10232,d,0.200000
10233,d,0.200000
10234,p,0.200000
10235,p,0.200000
10236,s,0.200000
10237,s,0.400000
10238,s,0.200000
10239,d,0.200000
10240,s,0.200000
10241,d,0.200000
10242,d,0.200000
10243,d,0.200000
10244,s,0.200000
10245,s,0.200000
10246,d,0.200000
10247,s,0.200000
10248,p,0.200000
10249,p,0.200000
10250,s,0.800000
10251,p,0.200000
10252,p,0.200000
10253,p,0.200000
10254,p,0.200000
10255,d,0.800000
10256,d,0.200000
10257,d,0.200000
10258,s,0.800000
10259,d,0.200000
10260,s,0.200000
10261,p,0.200000
10262,d,0.200000
10263,p,0.200000
10264,d,0.200000
10265,s,0.200000
10266,d,0.200000
10267,d,0.200000
10268,d,0.200000
10269,d,0.400000
10270,s,0.200000
10271,d,0.200000
10272,s,0.200000
10273,p,0.200000
10274,s,0.200000
10275,s,0.200000
10276,s,0.200000
10277,d,0.600000
10278,p,0.200000
10279,d,0.200000
10280,p,0.200000
10281,p,0.200000
10282,s,0.200000
10283,p,0.200000
10284,d,0.400000
10285,p,0.200000
10286,d,0.200000
10287,p,0.200000
10288,p,0.200000
10289,p,0.800000
10290,d,0.200000
10291,d,0.200000
10292,d,0.200000
10293,p,0.200000
10294,p,0.200000
10295,p,0.200000
10296,d,0.200000
10297,p,0.200000
10298,s,0.200000
10299,d,0.200000
10300,s,0.200000
10301,s,0.200000
10302,d,0.200000
10303,p,0.200000
10304,p,0.200000
10305,s,0.200000
10306,s,0.200000
10307,d,0.200000
10308,s,0.200000
10309,d,0.200000
10310,s,0.200000
10311,s,0.200000
10312,d,0.600000
10313,s,0.600000
10314,p,0.200000
10315,p,0.200000
10316,d,0.200000
10317,p,0.200000
10318,s,0.200000
10319,p,0.200000
10320,d,0.200000
10321,p,0.200000
10322,d,0.600000
10323,s,0.200000
10324,p,0.200000
10325,s,0.200000
10326,s,0.200000
10327,p,0.200000
10328,d,0.200000
10329,p,0.200000
10330,p,0.200000
10331,s,0.200000
10332,p,0.200000
10333,d,0.200000
10334,s,0.200000
10335,d,0.200000
10336,d,0.200000
10337,s,0.200000
10338,p,0.200000
10339,s,0.200000
10340,s,0.200000
10341,s,0.200000
10342,p,0.200000
10343,p,0.200000
10344,d,0.200000
10345,s,0.200000
10346,p,0.200000
10347,s,0.200000
10348,p,0.200000
10349,p,0.200000
10350,d,0.200000
10351,s,0.200000
10352,s,0.200000
10353,p,0.200000
10354,d,0.200000
10355,s,0.200000
10356,d,0.200000
10357,s,0.200000
10358,p,0.200000
10359,s,0.200000
10360,p,0.600000
10361,d,0.200000
10362,s,0.200000
10363,d,0.200000
10364,d,0.200000
10365,s,0.200000
10366,d,0.400000
10367,d,0.200000
10368,s,0.200000
10369,p,0.200000
10370,s,0.200000
10371,p,0.200000
10372,d,0.200000
10373,p,0.200000
10374,p,0.200000
10375,s,0.200000
10376,p,0.200000
10377,s,0.200000
10378,d,0.200000
10379,p,0.200000
10380,s,0.200000
10381,p,0.200000
10382,p,0.200000
10383,p,0.200000
10384,d,0.400000
10385,s,0.200000
10386,s,0.600000
10387,d,0.200000
10388,p,0.200000
10389,p,0.200000
10390,p,0.200000
10391,s,0.200000
10392,s,0.200000
10393,s,0.200000
10394,d,0.200000
10395,d,0.200000
10396,p,0.200000
10397,d,0.400000
10398,d,0.200000
10399,s,0.200000
10400,s,0.200000
10401,p,0.400000
10402,p,0.200000
10403,d,0.200000
10404,s,0.200000
10405,p,0.200000
10406,p,0.200000
10407,p,0.200000
10408,s,0.200000
10409,p,0.200000
10410,s,0.200000
10411,s,0.200000
10412,s,0.200000
10413,s,0.200000
10414,s,0.200000
10415,s,0.200000
10416,s,0.200000
10417,p,0.200000
10418,d,0.200000
10419,d,0.200000
10420,p,0.200000
10421,s,0.200000
10422,s,0.200000
10423,s,0.200000
10424,p,0.200000
10425,p,0.200000
10426,d,0.200000
10427,d,0.200000
10428,d,0.200000
10429,s,0.200000
10430,p,0.200000
10431,d,0.200000
10432,p,0.200000
10433,s,0.200000
10434,p,0.200000
10435,d,0.200000
10436,s,0.800000
10437,s,0.200000
10438,p,0.200000
10439,s,0.800000
10440,p,0.200000
10441,d,0.200000
10442,d,0.200000
10443,d,0.200000
10444,s,0.200000
10445,s,0.200000
10446,d,0.200000
10447,p,0.200000
10448,p,0.200000
10449,p,0.200000
10450,d,0.200000
10451,d,0.200000
10452,p,0.200000
10453,d,0.200000
10454,p,0.200000
10455,p,0.200000
10456,p,0.200000
10457,p,0.200000
10458,p,0.200000
10459,d,0.200000
10460,s,0.200000
10461,s,0.200000
10462,s,0.200000
10463,p,0.200000
10464,d,0.200000
10465,p,0.600000
10466,s,0.200000
10467,p,0.200000
10468,s,0.200000
10469,s,0.200000
10470,p,0.200000
10471,s,0.200000
10472,d,0.200000
10473,d,0.200000
10474,p,0.200000
10475,s,0.200000
10476,s,0.200000
10477,p,0.200000
10478,p,0.200000
10479,p,0.200000
10480,d,0.200000
10481,d,0.200000
10482,p,0.200000
10483,d,0.200000
10484,s,0.200000
10485,p,0.200000
10486,d,0.200000
10487,d,0.200000
10488,s,0.200000
10489,p,0.200000
10490,p,0.200000
10491,p,0.200000
10492,s,0.200000
10493,d,0.200000
10494,d,0.200000
10495,d,0.200000
10496,s,0.200000
10497,d,0.200000
10498,p,0.200000
10499,s,0.200000
10500,d,0.200000
10501,d,0.200000
10502,d,0.200000
10503,p,0.200000
10504,s,0.200000
10505,s,0.200000
10506,s,0.200000
10507,s,0.200000
10508,p,0.200000
10509,s,0.200000
10510,d,0.200000
10511,d,0.400000
10512,d,0.200000
10513,s,0.200000
10514,d,0.200000
10515,d,0.600000
10516,p,0.200000
10517,s,0.200000
10518,p,0.200000
10519,s,0.200000
10520,s,0.200000
10521,p,0.200000
10522,p,0.200000
10523,s,0.200000
10524,s,0.400000
10525,d,0.200000
10526,s,0.200000
10527,d,0.800000
10528,s,0.200000
10529,d,0.200000
10530,p,0.200000
10531,s,0.200000
10532,s,0.600000
10533,p,0.400000
10534,s,0.200000
10535,d,0.200000
10536,s,0.200000
10537,d,0.200000
10538,s,0.200000
10539,p,0.200000
10540,s,0.600000
10541,s,0.200000
10542,d,0.200000
10543,p,0.200000
10544,s,0.600000
10545,s,0.600000
10546,p,0.200000
10547,p,0.200000
10548,p,0.200000
10549,s,0.200000
10550,d,0.200000
10551,d,0.200000
10552,s,0.400000
10553,p,0.200000
10554,p,0.200000
10555,p,0.200000
10556,d,0.200000
10557,d,0.200000
10558,s,0.200000
10559,p,0.200000
10560,d,0.200000
10561,d,0.200000
10562,d,0.200000
10563,s,0.200000
10564,d,0.200000
10565,s,0.200000
10566,d,0.200000
10567,p,0.200000
10568,s,0.200000
10569,s,0.200000
10570,p,0.200000
10571,s,0.200000
10572,s,0.200000
10573,p,0.400000
10574,s,0.400000
10575,d,0.200000
10576,d,0.200000
10577,s,0.200000
10578,d,0.200000
10579,d,0.200000
10580,d,0.600000
10581,d,0.200000
10582,d,0.200000
10583,d,0.200000
10584,d,0.200000
10585,d,0.200000
10586,s,0.200000
10587,s,0.200000
10588,s,0.200000
10589,p,0.200000
10590,d,0.200000
10591,p,0.200000
10592,p,0.200000
10593,p,0.200000
10594,d,0.200000
10595,d,0.200000
10596,d,0.200000
10597,d,0.200000
10598,d,0.200000
10599,p,0.200000
10600,p,0.200000
10601,p,0.200000
10602,d,0.200000
10603,d,0.200000
10604,p,0.200000
10605,p,0.200000
10606,s,0.200000
10607,s,0.200000
10608,d,0.600000
10609,s,0.200000
10610,s,0.200000
10611,p,0.200000
10612,p,0.200000
10613,p,0.200000
10614,d,0.200000
10615,d,0.200000
10616,s,0.200000
10617,d,0.200000
10618,d,0.200000
10619,d,0.200000
10620,d,0.200000
10621,p,0.600000
10622,p,0.200000
10623,p,0.200000
10624,d,0.200000
10625,p,0.200000
10626,p,0.200000
10627,p,0.200000
10628,p,0.200000
10629,s,0.200000
10630,d,0.200000
10631,d,0.200000
10632,d,0.200000
10633,p,0.200000
10634,p,0.200000
10635,p,0.200000
10636,p,0.200000
10637,p,0.200000
10638,p,0.200000
10639,s,0.200000
10640,s,0.200000
10641,p,0.200000
10642,d,0.200000
10643,d,0.200000
10644,s,0.200000
10645,s,0.800000
10646,d,0.200000
10647,s,0.200000
10648,s,0.200000
10649,p,0.200000
10650,d,0.200000
10651,s,0.200000
10652,d,0.200000
10653,d,0.200000
10654,d,0.200000
10655,p,0.200000
10656,d,0.200000
10657,d,0.400000
10658,s,0.200000
10659,p,0.600000
10660,s,0.200000
10661,p,0.200000
10662,s,0.200000
10663,d,0.200000
10664,p,0.200000
10665,p,0.200000
10666,s,0.200000
10667,p,0.400000
10668,p,0.200000
10669,s,0.200000
10670,d,0.200000
10671,s,0.200000
10672,p,0.200000
10673,p,0.200000
10674,p,0.200000
10675,p,0.400000
10676,p,0.200000
10677,s,0.200000
10678,p,0.600000
10679,d,0.200000
10680,s,0.200000
10681,d,0.200000
10682,p,0.200000
10683,p,0.200000
10684,p,0.200000
10685,s,0.200000
10686,d,0.400000
10687,p,0.200000
10688,d,0.200000
10689,d,0.200000
10690,s,0.200000
10691,d,0.200000
10692,d,0.200000
10693,s,0.800000
10694,s,0.200000
10695,p,0.200000
10696,d,0.200000
10697,p,0.400000
10698,d,0.600000
10699,p,0.400000
10700,s,0.200000
10701,p,0.200000
10702,s,0.200000
10703,d,0.200000
10704,p,0.200000
10705,p,0.200000
10706,s,0.200000
10707,s,0.200000
10708,p,0.200000
10709,s,0.200000
10710,d,0.200000
10711,p,0.200000
10712,d,0.200000
10713,s,0.200000
10714,d,0.200000
10715,s,0.200000
10716,s,0.200000
10717,d,0.200000
10718,s,0.200000
10719,p,0.200000
10720,d,0.200000
10721,d,1.000000
10722,d,0.200000
10723,d,0.600000
10724,s,0.200000
10725,p,0.200000
10726,s,0.200000
10727,d,0.200000
10728,p,0.200000
10729,s,0.200000
10730,s,0.200000
10731,s,0.200000
10732,d,0.200000
10733,p,0.200000
10734,p,0.200000
10735,p,0.200000
10736,s,0.200000
10737,p,0.200000
10738,p,0.200000
10739,d,0.200000
10740,s,0.200000
10741,s,0.200000
10742,d,0.600000
10743,d,0.200000
10744,d,0.200000
10745,s,0.200000
10746,p,0.200000
10747,p,0.200000
10748,s,0.200000
10749,d,0.200000
10750,s,0.200000
10751,p,0.600000
10752,s,0.200000
10753,d,0.200000
10754,p,0.200000
10755,p,0.200000
10756,p,0.200000
10757,s,0.200000
10758,d,0.200000
10759,s,0.200000
10760,s,0.600000
10761,p,0.200000
10762,d,0.600000
10763,d,0.200000
10764,s,0.800000
10765,d,0.200000
10766,s,0.200000
10767,p,0.200000
10768,s,0.200000
10769,p,0.200000
10770,d,0.200000
10771,p,0.200000
10772,p,0.200000
10773,s,0.200000
10774,s,0.200000
10775,p,0.200000
10776,d,0.200000
10777,d,0.200000
10778,p,0.200000
10779,d,0.200000
10780,d,0.200000
10781,p,0.200000
10782,d,0.200000
10783,s,0.200000
10784,d,0.200000
10785,s,0.200000
10786,p,0.200000
10787,d,0.200000
10788,p,0.200000
10789,s,0.200000
10790,s,0.200000
10791,s,0.200000
10792,s,0.200000
10793,s,0.200000
10794,s,0.200000
10795,p,0.200000
10796,p,0.200000
10797,p,0.200000
10798,p,0.200000
10799,d,0.200000
10800,d,0.200000
10801,p,0.200000
10802,s,0.200000
10803,d,0.200000
10804,d,0.200000
10805,p,0.200000
10806,p,0.200000
10807,d,0.200000
10808,p,0.200000
10809,p,0.400000
10810,p,0.200000
10811,s,0.200000
10812,p,0.200000
10813,d,0.200000
10814,d,0.200000
10815,s,0.200000
10816,p,0.200000
10817,s,0.200000
10818,p,0.200000
10819,s,0.200000
10820,s,0.200000
10821,s,0.200000
10822,s,0.200000
10823,s,0.600000
10824,d,0.200000
10825,s,0.200000
10826,d,0.200000
10827,s,0.200000
10828,d,0.200000
10829,p,0.200000
10830,d,0.200000
10831,s,0.200000
10832,d,0.200000
10833,s,0.200000
10834,d,0.200000
10835,p,0.200000
10836,p,0.200000
10837,s,0.200000
10838,p,0.400000
10839,s,0.200000
10840,s,0.200000
10841,d,0.200000
10842,d,0.200000
10843,p,0.200000
10844,s,0.200000
10845,p,0.200000
10846,s,0.200000
10847,s,0.200000
10848,s,0.200000
10849,d,0.200000
10850,p,0.200000
10851,d,0.200000
10852,s,0.200000
10853,d,0.200000
10854,d,0.200000
10855,s,0.200000
10856,d,0.200000
10857,p,0.200000
10858,s,0.200000
10859,s,0.200000
10860,d,0.200000
10861,p,0.200000
10862,s,0.200000
10863,s,0.200000
10864,s,0.200000
10865,d,0.200000
10866,p,0.200000
10867,d,0.200000
10868,d,0.800000
10869,s,0.200000
10870,s,0.200000
10871,d,0.200000
10872,p,0.200000
10873,d,0.200000
10874,p,0.200000
10875,s,0.200000
10876,d,0.200000
10877,s,0.200000
10878,p,0.200000
10879,d,0.200000
10880,d,0.200000
10881,s,0.200000
10882,s,0.200000
10883,d,0.200000
10884,s,0.200000
10885,d,0.200000
10886,p,0.600000
10887,d,0.200000
10888,s,0.200000
10889,d,0.200000
10890,s,0.200000
10891,s,0.200000
10892,d,0.200000
10893,p,0.200000
10894,p,0.200000
10895,d,0.200000
10896,s,0.200000
10897,s,0.200000
10898,d,0.200000
10899,s,0.200000
10900,d,0.200000
10901,p,0.200000
10902,s,0.200000
10903,d,0.200000
10904,d,0.200000
10905,s,0.200000
10906,s,0.200000
10907,s,0.200000
10908,d,0.200000
10909,s,0.600000
10910,d,0.200000
10911,d,0.200000
10912,s,0.200000
10913,p,0.800000
10914,s,0.200000
10915,d,0.200000
10916,d,0.200000
10917,d,0.200000
10918,d,0.200000
10919,p,0.200000
10920,p,0.200000
10921,p,0.200000
10922,s,0.200000
10923,d,0.200000
10924,s,0.600000
10925,p,0.200000
10926,s,0.800000
10927,d,0.200000
10928,s,0.400000
10929,s,0.400000
10930,d,0.200000
10931,p,0.200000
10932,p,0.200000
10933,s,0.200000
10934,p,0.200000
10935,p,0.200000
10936,d,0.200000
10937,d,0.200000
10938,d,0.200000
10939,p,0.200000
10940,s,0.200000
10941,s,0.200000
10942,p,0.200000
10943,s,0.200000
10944,s,0.200000
10945,p,0.200000
10946,d,0.200000
10947,d,0.400000
10948,p,0.200000
10949,p,0.200000
10950,d,0.200000
10951,s,0.200000
10952,p,0.200000
10953,d,0.200000
10954,d,0.200000
10955,s,0.200000
10956,p,0.200000
10957,s,0.200000
10958,s,0.200000
10959,d,0.200000
10960,d,0.200000
10961,s,0.200000
10962,p,0.200000
10963,p,0.200000
10964,s,0.200000
10965,p,0.200000
10966,s,0.200000
10967,p,0.200000
10968,d,0.200000
10969,p,0.200000
10970,s,0.200000
10971,s,0.400000
10972,s,0.200000
10973,p,0.200000
10974,s,0.200000
10975,s,0.200000
10976,s,0.200000
10977,p,0.200000
10978,d,0.200000
10979,d,0.200000
10980,d,0.200000
10981,d,0.200000
10982,p,0.200000
10983,d,0.200000
10984,d,0.200000
10985,s,0.200000
10986,d,0.200000
10987,p,0.200000
10988,d,0.200000
10989,d,0.600000
10990,s,0.200000
10991,d,0.200000
10992,p,0.200000
10993,s,0.200000
10994,s,0.400000
10995,p,0.200000
10996,s,0.200000
10997,d,0.200000
10998,d,0.200000
10999,d,0.200000
11000,p,0.200000
11001,p,0.200000
11002,p,0.200000
11003,s,0.200000
11004,p,0.200000
11005,p,0.200000
11006,p,0.200000
11007,s,0.200000
11008,p,0.200000
11009,d,0.600000
11010,d,0.400000
11011,d,0.200000
11012,d,0.200000
11013,p,0.600000
11014,s,0.200000
11015,d,0.200000
11016,s,0.200000
11017,d,0.200000
11018,p,0.600000
11019,s,0.200000
11020,d,0.200000
11021,p,0.200000
11022,d,0.200000
11023,s,0.200000
11024,d,0.200000
11025,s,0.200000
11026,p,0.200000
11027,p,0.200000
11028,d,0.200000
11029,p,0.200000
11030,p,0.200000
11031,d,0.200000
11032,p,0.200000
11033,p,0.200000
11034,p,0.200000
11035,d,0.200000
11036,p,0.200000
11037,p,0.200000
11038,p,0.200000
11039,d,0.200000
11040,d,0.200000
11041,d,0.200000
11042,p,0.400000
11043,p,0.200000
11044,s,0.200000
11045,s,0.200000
11046,p,0.200000
11047,d,0.200000
11048,d,0.200000
11049,p,0.200000
11050,p,0.200000
11051,s,0.200000
11052,s,0.200000
11053,s,0.200000
11054,p,0.200000
11055,d,0.200000
11056,d,0.600000
11057,s,0.200000
11058,d,0.200000
11059,s,0.200000
11060,s,0.200000
11061,d,0.200000
11062,d,0.200000
11063,d,0.200000
11064,s,0.200000
11065,s,0.200000
11066,s,0.200000
11067,d,0.800000
11068,s,0.200000
11069,p,0.200000
11070,d,0.200000
11071,d,0.200000
11072,d,0.200000
11073,d,0.200000
11074,s,0.200000
11075,p,0.200000
11076,p,0.400000
11077,s,0.200000
11078,p,0.200000
11079,d,0.200000
11080,d,0.200000
11081,p,0.200000
11082,p,0.200000
11083,d,0.200000
11084,d,0.200000
11085,p,0.200000
11086,s,0.200000
11087,p,0.200000
11088,p,0.200000
11089,p,0.200000
11090,p,0.200000
11091,p,0.200000
11092,p,0.200000
11093,d,0.200000
11094,p,0.400000
11095,d,0.200000
11096,d,0.200000
11097,p,0.200000
11098,d,0.200000
11099,p,0.200000
11100,s,0.600000
11101,d,0.200000
11102,p,0.200000
11103,s,0.200000
11104,s,0.200000
11105,p,0.200000
11106,d,0.200000
11107,d,0.200000
11108,d,0.200000
11109,p,0.200000
11110,d,0.200000
11111,s,0.200000
11112,s,0.200000
11113,p,0.200000
11114,p,0.200000
11115,p,0.200000
11116,s,0.200000
11117,d,0.200000
11118,s,0.200000
11119,p,0.200000
11120,p,0.200000
11121,s,0.200000
11122,s,0.200000
11123,s,0.200000
11124,p,0.200000
11125,p,0.600000
11126,s,0.200000
11127,s,0.200000
11128,d,0.400000
11129,d,0.200000
11130,s,0.200000
11131,p,0.200000
11132,s,0.800000
11133,d,0.200000
11134,d,0.200000
11135,d,0.600000
11136,d,0.200000
11137,s,0.200000
11138,p,0.200000
11139,d,0.200000
11140,d,0.200000
11141,p,0.200000
11142,s,0.200000
11143,d,0.200000
11144,p,0.200000
11145,p,0.200000
11146,d,0.200000
11147,d,0.200000
11148,s,0.200000
11149,d,0.200000
11150,s,0.200000
11151,p,0.200000
11152,s,0.600000
11153,s,0.200000
11154,s,0.200000
11155,s,0.200000
11156,s,0.200000
11157,d,0.200000
11158,d,0.200000
11159,s,0.200000
11160,s,0.200000
11161,s,0.200000
11162,d,0.200000
11163,d,0.600000
11164,s,0.600000
11165,p,0.200000
11166,p,0.200000
11167,s,0.200000
11168,p,0.200000
11169,s,0.200000
11170,s,0.200000
11171,s,0.200000
11172,p,0.200000
11173,p,0.200000
11174,d,0.200000
11175,d,0.200000
11176,p,0.800000
11177,p,0.200000
11178,d,0.200000
11179,s,0.200000
11180,s,0.200000
11181,d,0.200000
11182,d,0.200000
11183,d,0.200000
11184,p,0.200000
11185,p,0.200000
11186,s,0.200000
11187,s,0.200000
11188,d,0.800000
11189,s,0.200000
11190,s,0.200000
11191,p,0.200000
11192,p,0.200000
11193,d,0.200000
11194,p,0.200000
11195,p,0.200000
11196,d,0.200000
11197,p,0.400000
11198,p,0.200000
11199,d,0.200000
11200,p,0.200000
11201,d,0.800000
11202,s,0.200000
11203,p,0.200000
11204,p,0.200000
11205,d,0.200000
11206,p,0.200000
11207,p,0.200000
11208,s,0.200000
11209,d,0.200000
11210,s,0.200000
11211,s,0.200000
11212,s,0.200000
11213,s,0.200000
11214,d,0.200000
11215,p,0.200000
11216,p,0.200000
11217,d,0.200000
11218,s,0.200000
11219,s,0.200000
11220,s,0.200000
11221,d,0.200000
11222,s,0.200000
11223,s,0.200000
11224,p,0.200000
11225,d,0.200000
11226,d,0.400000
11227,s,0.200000
11228,d,0.200000
11229,p,0.200000
11230,p,0.200000
11231,p,0.800000
11232,p,0.200000
11233,p,0.200000
11234,s,0.200000
11235,s,0.200000
11236,d,0.200000
11237,s,0.200000
11238,p,0.200000
11239,d,0.200000
11240,p,0.200000
11241,d,0.200000
11242,p,0.200000
11243,s,0.200000
11244,s,0.200000
11245,s,0.200000
11246,d,0.200000
11247,d,0.200000
11248,s,0.200000
11249,s,0.200000
11250,d,0.200000
11251,d,0.200000
11252,p,0.200000
11253,s,0.200000
11254,s,0.200000
11255,d,0.200000
11256,d,0.200000
11257,p,0.800000
11258,s,0.200000
11259,s,0.600000
11260,s,0.200000
11261,p,0.200000
11262,p,0.200000
11263,d,0.200000
11264,d,0.600000
11265,p,0.200000
11266,s,0.600000
11267,s,0.200000
11268,d,0.200000
11269,s,0.200000
11270,d,0.200000
11271,d,0.200000
11272,s,0.200000
11273,d,0.200000
11274,d,0.200000
11275,d,0.400000
11276,s,0.200000
11277,d,0.400000
11278,d,0.200000
11279,s,0.200000
11280,d,0.200000
11281,p,0.200000
11282,p,0.200000
11283,d,0.200000
11284,s,0.200000
11285,d,0.200000
11286,s,0.200000
11287,p,0.200000
11288,p,0.200000
11289,p,0.200000
11290,d,0.200000
11291,d,0.200000
11292,p,0.200000
11293,p,0.400000
11294,s,0.200000
11295,s,0.200000
11296,p,0.200000
11297,p,0.800000
11298,p,0.200000
11299,s,0.200000
11300,d,0.200000
11301,s,0.200000
11302,s,0.200000
11303,d,0.200000
11304,p,0.200000
11305,s,0.200000
11306,p,0.200000
11307,d,0.200000
11308,s,0.200000
11309,s,0.200000
11310,p,0.200000
11311,s,0.200000
11312,s,0.200000
11313,d,0.200000
11314,d,0.200000
11315,s,0.200000
11316,d,0.200000
11317,s,0.200000
11318,s,0.200000
11319,d,0.200000
11320,d,0.200000
11321,d,0.400000
11322,p,0.200000
11323,d,0.200000
11324,p,0.200000
11325,p,0.200000
11326,s,0.600000
11327,d,0.200000
11328,s,0.200000
11329,d,0.200000
11330,d,1.000000
11331,d,0.200000
11332,p,0.200000
11333,s,0.600000
11334,s,0.200000
11335,s,0.600000
11336,d,0.200000
11337,s,0.200000
11338,s,0.200000
11339,s,0.200000
11340,d,0.200000
11341,p,0.200000
11342,s,0.200000
11343,s,0.200000
11344,s,0.200000
11345,s,0.200000
11346,d,0.200000
11347,p,0.200000
11348,p,0.200000
11349,d,0.200000
11350,d,0.200000
11351,p,0.200000
11352,s,0.200000
11353,s,0.200000
11354,p,0.200000
11355,s,0.200000
11356,p,0.200000
11357,s,0.200000
11358,p,0.200000
11359,d,0.200000
11360,s,0.200000
11361,p,0.200000
11362,d,0.200000
11363,d,0.200000
11364,d,0.200000
11365,d,0.200000
11366,p,0.200000
11367,p,0.200000
11368,p,0.200000
11369,s,0.200000
11370,p,0.200000
11371,p,0.200000
11372,s,0.200000
11373,d,0.200000
11374,p,0.200000
11375,p,0.200000
11376,p,0.200000
11377,s,0.200000
11378,p,0.200000
11379,p,0.200000
11380,s,0.200000
11381,d,0.200000
11382,s,0.200000
11383,d,0.200000
11384,s,0.200000
11385,s,0.200000
11386,p,0.200000
11387,p,0.200000
11388,p,0.200000
11389,d,0.200000
11390,p,0.200000
11391,p,0.200000
11392,p,0.200000
11393,d,0.200000
11394,d,0.200000
11395,p,0.200000
11396,d,0.200000
11397,s,0.200000
11398,p,0.200000
11399,s,0.200000
11400,s,0.200000
11401,p,0.200000
11402,s,0.200000
11403,d,0.200000
11404,p,0.200000
11405,d,0.200000
11406,p,0.200000
11407,s,0.200000
11408,s,0.200000
11409,p,0.200000
11410,d,0.200000
11411,d,0.200000
11412,d,0.200000
11413,d,0.600000
11414,p,0.200000
11415,s,0.200000
11416,d,0.200000
11417,s,0.200000
11418,s,0.200000
11419,d,0.200000
11420,p,0.200000
11421,d,0.200000
11422,d,0.200000
11423,p,0.200000
11424,p,0.200000
11425,d,0.200000
11426,d,0.200000
11427,d,0.200000
11428,d,0.200000
11429,p,0.200000
11430,d,0.200000
11431,s,0.200000
11432,p,0.200000
11433,s,0.200000
11434,d,0.200000
11435,s,0.600000
11436,d,0.200000
11437,s,0.200000
11438,s,0.200000
11439,p,0.200000
11440,p,0.200000
11441,s,0.200000
11442,p,0.400000
11443,s,0.200000
11444,s,0.200000
11445,p,0.200000
11446,d,0.200000
11447,s,0.200000
11448,s,0.200000
11449,p,0.200000
11450,d,0.200000
11451,s,0.200000
11452,s,0.200000
11453,p,0.400000
11454,d,0.200000
11455,p,0.200000
11456,p,0.200000
11457,d,0.200000
11458,s,0.200000
11459,d,0.200000
11460,s,0.200000
11461,s,0.200000
11462,s,0.200000
11463,p,0.200000
11464,d,0.200000
11465,d,0.200000
11466,s,0.200000
11467,p,0.200000
11468,d,0.200000
11469,p,0.200000
11470,s,0.200000
11471,s,0.200000
11472,d,0.400000
11473,s,0.200000
11474,p,0.200000
11475,d,0.400000
11476,d,0.600000
11477,s,0.200000
11478,p,0.600000
11479,p,0.200000
11480,p,0.200000
11481,s,0.200000
11482,d,0.200000
11483,s,0.200000
11484,p,0.200000
11485,d,0.200000
11486,s,0.200000
11487,s,0.200000
11488,s,0.200000
11489,d,0.200000
11490,s,0.200000
11491,d,0.200000
11492,s,0.200000
11493,s,0.200000
11494,s,0.200000
11495,s,0.200000
11496,p,0.200000
11497,p,0.200000
11498,s,0.200000
11499,d,0.200000
11500,s,0.200000
11501,p,0.200000
11502,p,0.200000
11503,p,0.200000
11504,s,0.200000
11505,d,0.200000
11506,p,0.200000
11507,s,0.800000
11508,d,0.200000
11509,p,0.200000
11510,p,0.200000
11511,p,0.200000
11512,s,0.200000
11513,s,0.200000
11514,d,0.200000
11515,p,0.200000
11516,d,0.200000
11517,p,0.200000
11518,p,0.200000
11519,d,0.200000
11520,s,0.200000
11521,p,0.200000
11522,s,0.200000
11523,s,0.200000
11524,p,0.200000
11525,p,0.200000
11526,d,0.200000
11527,d,0.200000
11528,s,0.200000
11529,s,0.200000
11530,d,0.200000
11531,s,0.200000
11532,d,0.200000
11533,d,0.200000
11534,d,0.200000
11535,d,0.800000
11536,s,0.200000
11537,p,0.200000
11538,s,0.200000
11539,p,0.200000
11540,d,0.200000
11541,s,0.200000
11542,p,0.400000
11543,d,0.200000
11544,p,0.200000
11545,s,0.800000
11546,p,0.400000
11547,p,0.200000
11548,d,0.200000
11549,s,0.200000
11550,p,0.200000
11551,p,0.200000
11552,s,0.200000
11553,s,0.200000
11554,p,0.200000
11555,p,0.200000
11556,p,0.200000
11557,s,0.200000
11558,s,0.200000
11559,s,0.200000
11560,p,0.400000
11561,p,0.200000
11562,s,0.200000
11563,s,0.600000
11564,d,0.200000
11565,s,0.200000
11566,d,0.200000
11567,s,0.200000
11568,p,0.200000
11569,s,0.200000
11570,d,0.200000
11571,s,0.600000
11572,d,0.200000
11573,s,0.200000
11574,d,0.200000
11575,d,0.200000
11576,d,0.400000
11577,d,0.400000
11578,s,0.200000
11579,p,0.200000
11580,s,0.200000
11581,p,0.200000
11582,p,0.200000
11583,p,0.200000
11584,s,0.200000
11585,p,0.200000
11586,s,0.200000
11587,s,0.200000
11588,d,0.200000
11589,s,0.200000
11590,s,0.200000
11591,p,0.200000
11592,p,0.800000
11593,s,0.200000
11594,d,0.200000
11595,p,0.200000
11596,d,0.200000
11597,p,0.200000
11598,s,0.400000
11599,p,0.200000
11600,s,0.200000
11601,p,0.200000
11602,d,0.200000
11603,d,0.200000
11604,d,0.200000
11605,s,0.200000
11606,p,0.200000
11607,s,0.200000
11608,d,0.200000
11609,d,0.200000
11610,s,0.200000
11611,d,0.200000
11612,d,0.200000
11613,d,0.200000
11614,s,0.200000
11615,s,0.200000
11616,s,0.600000
11617,p,0.200000
11618,s,0.200000
11619,s,0.200000
11620,d,0.200000
11621,d,0.200000
11622,d,0.200000
11623,p,0.200000
11624,p,0.200000
11625,p,0.200000
11626,s,0.200000
11627,p,0.200000
11628,d,0.200000
11629,p,0.200000
11630,p,0.200000
11631,p,0.800000
11632,d,0.200000
11633,s,0.200000
11634,d,0.600000
11635,s,0.200000
11636,s,0.200000
11637,s,0.200000
11638,d,0.200000
11639,s,0.200000
11640,d,0.200000
11641,d,0.200000
11642,p,0.200000
11643,d,0.200000
11644,p,0.200000
11645,p,0.200000
11646,s,0.200000
11647,p,0.200000
11648,p,0.200000
11649,s,0.200000
11650,s,0.200000
11651,s,0.200000
11652,d,0.200000
11653,p,0.200000
11654,s,0.200000
11655,p,0.200000
11656,p,0.200000
11657,d,0.200000
11658,s,0.200000
11659,p,0.200000
11660,s,0.200000
11661,p,0.400000
11662,d,0.200000
11663,d,0.200000
11664,d,0.200000
11665,s,0.200000
11666,d,0.200000
11667,s,0.200000
11668,p,0.200000
11669,p,0.200000
11670,d,0.200000
11671,d,0.200000
11672,d,0.200000
11673,s,0.200000
11674,s,0.200000
11675,s,0.200000
11676,d,0.200000
11677,d,0.200000
11678,p,0.200000
11679,p,0.200000
11680,p,0.200000
11681,s,0.200000
11682,p,0.200000
11683,p,0.200000
11684,p,0.200000
11685,d,0.200000
11686,d,0.200000
11687,s,0.200000
11688,s,0.200000
11689,s,0.200000
11690,d,0.200000
11691,p,0.200000
11692,d,0.200000
11693,s,0.800000
11694,p,0.200000
11695,d,0.200000
11696,s,0.200000
11697,s,0.200000
11698,d,0.200000
11699,s,0.200000
11700,d,0.200000
11701,d,0.200000
11702,s,0.200000
11703,d,0.200000
11704,d,0.200000
11705,d,0.200000
11706,d,0.200000
11707,p,0.200000
11708,d,0.200000
11709,d,0.200000
11710,s,0.200000
11711,d,0.200000
11712,p,0.200000
11713,s,0.200000
11714,s,0.200000
11715,d,0.200000
11716,s,0.200000
11717,d,0.200000
11718,p,0.200000
11719,p,0.200000
11720,p,0.200000
11721,p,0.200000
11722,s,0.200000
11723,s,0.200000
11724,s,0.200000
11725,p,0.200000
11726,p,0.200000
11727,d,0.200000
11728,d,0.200000
11729,d,0.200000
11730,s,0.200000
11731,s,0.200000
11732,d,0.200000
11733,s,0.200000
11734,d,0.200000
11735,s,0.200000
11736,p,0.200000
11737,d,0.200000
11738,s,0.200000
11739,s,0.200000
11740,d,0.600000
11741,s,0.200000
11742,s,0.200000
11743,s,0.200000
11744,d,0.200000
11745,p,0.200000
11746,p,0.200000
11747,d,0.200000
11748,p,0.200000
11749,d,0.200000
11750,d,0.200000
11751,d,0.200000
11752,p,0.200000
11753,s,0.200000
11754,d,0.200000
11755,d,0.200000
11756,p,0.200000
11757,d,0.200000
11758,s,0.200000
11759,d,0.200000
11760,p,0.200000
11761,s,0.200000
11762,d,0.200000
11763,d,0.200000
11764,d,0.200000
11765,p,0.200000
11766,d,0.200000
11767,p,0.200000
11768,d,0.400000
11769,s,0.200000
11770,p,0.200000
11771,p,0.200000
11772,p,0.200000
11773,p,0.200000
11774,s,0.200000
11775,s,0.200000
11776,p,0.200000
11777,p,0.200000
11778,s,0.200000
11779,p,0.200000
11780,p,0.200000
11781,p,0.200000
11782,s,0.200000
11783,p,0.200000
11784,s,0.200000
11785,p,0.200000
11786,p,0.200000
11787,p,0.200000
11788,s,0.200000
11789,s,0.200000
11790,p,0.200000
11791,d,0.200000
11792,d,0.200000
11793,d,0.200000
11794,p,0.200000
11795,p,0.200000
11796,s,0.200000
11797,s,0.200000
11798,p,0.200000
11799,p,0.200000
11800,s,0.200000
11801,d,0.200000
11802,d,0.200000
11803,d,0.200000
11804,s,0.200000
11805,d,0.200000
11806,d,0.200000
11807,d,0.200000
11808,s,0.200000
11809,s,0.200000
11810,s,0.200000
11811,s,0.200000
11812,p,0.600000
11813,s,0.200000
11814,d,0.200000
11815,s,0.200000
11816,s,0.200000
11817,d,0.200000
11818,p,0.200000
11819,s,0.200000
11820,p,0.200000
11821,s,0.200000
11822,p,0.200000
11823,d,0.200000
11824,d,0.200000
11825,d,0.200000
11826,d,0.200000
11827,d,0.200000
11828,d,0.200000
11829,d,0.200000
11830,s,0.200000
11831,s,0.200000
11832,s,0.200000
11833,d,0.200000
11834,d,0.200000
11835,p,0.200000
11836,d,0.200000
11837,p,0.200000
11838,p,0.200000
11839,p,0.400000
11840,s,0.200000
11841,s,0.200000
11842,p,0.200000
11843,d,0.200000
11844,s,0.200000
11845,s,0.200000
11846,s,0.600000
11847,s,0.200000
11848,s,0.200000
11849,s,0.200000
11850,s,0.200000
11851,s,0.200000
11852,p,0.200000
11853,p,0.200000
11854,s,0.200000
11855,d,0.200000
11856,d,0.200000
11857,p,0.200000
11858,p,0.200000
11859,d,0.200000
11860,p,0.200000
11861,p,0.800000
11862,d,0.200000
11863,s,0.200000
11864,p,0.200000
11865,s,0.200000
11866,p,0.200000
11867,s,0.200000
11868,s,0.200000
11869,p,0.200000
11870,d,0.200000
11871,p,0.200000
11872,p,0.200000
11873,p,0.200000
11874,p,0.200000
11875,d,0.200000
11876,s,0.200000
11877,s,0.200000
11878,d,0.200000
11879,s,0.400000
11880,s,0.200000
11881,p,0.200000
11882,d,0.200000
11883,p,0.200000
11884,s,0.200000
11885,d,0.200000
11886,p,0.200000
11887,d,0.200000
11888,d,0.200000
11889,s,0.200000
11890,s,0.200000
11891,p,0.200000
11892,s,0.200000
11893,d,0.200000
11894,p,0.200000
11895,d,0.200000
11896,p,0.200000
11897,p,0.200000
11898,d,0.200000
11899,p,0.200000
11900,d,0.200000
11901,d,0.600000
11902,p,0.200000
11903,s,0.200000
11904,s,0.200000
11905,p,0.200000
11906,d,0.200000
11907,s,0.200000
11908,s,0.200000
11909,p,0.200000
11910,p,0.200000
11911,d,0.200000
11912,p,0.200000
11913,d,0.200000
11914,d,0.200000
11915,s,0.200000
11916,s,0.200000
11917,p,0.200000
11918,p,0.200000
11919,s,0.200000
11920,s,0.200000
11921,p,0.600000
11922,d,0.200000
11923,p,0.200000
11924,d,0.200000
11925,s,0.200000
11926,s,0.200000
11927,d,0.200000
11928,p,0.200000
11929,s,0.200000
11930,p,0.200000
11931,p,0.200000
11932,p,0.200000
11933,p,0.200000
11934,d,0.200000
11935,s,0.200000
11936,d,0.200000
11937,p,0.200000
11938,d,0.200000
11939,p,0.200000
11940,d,0.200000
11941,d,0.200000
11942,p,0.200000
11943,d,0.400000
11944,d,0.200000
11945,s,0.200000
11946,p,0.200000
11947,s,0.600000
11948,s,0.200000
11949,s,0.200000
11950,p,0.200000
11951,s,0.200000
11952,d,0.200000
11953,s,0.200000
11954,p,0.200000
11955,p,0.200000
11956,p,0.200000
11957,s,0.200000
11958,s,0.200000
11959,p,0.200000
11960,d,0.200000
11961,d,0.200000
11962,s,0.800000
11963,d,0.800000
11964,s,0.400000
11965,d,0.200000
11966,d,0.200000
11967,s,0.200000
11968,p,0.200000
11969,s,0.200000
11970,d,0.400000
11971,d,0.200000
11972,p,0.200000
11973,s,0.200000
11974,d,0.200000
11975,s,0.600000
11976,p,0.200000
11977,s,0.200000
11978,p,0.200000
11979,s,0.200000
11980,p,0.400000
11981,p,0.200000
11982,p,0.200000
11983,p,0.200000
11984,d,0.200000
11985,s,0.200000
11986,p,0.200000
11987,p,0.200000
11988,p,0.200000
11989,s,0.200000
11990,d,0.200000
11991,p,0.200000
11992,s,0.200000
11993,p,0.200000
11994,p,0.800000
11995,p,0.200000
11996,s,0.200000
11997,d,0.200000
11998,d,0.200000
11999,p,0.200000
12000,s,0.200000
12001,d,0.200000
12002,d,0.200000
12003,s,0.200000
12004,s,0.200000
12005,s,0.200000
12006,d,0.200000
12007,s,0.200000
12008,d,0.200000
12009,p,0.200000
12010,p,0.200000
12011,d,0.200000
12012,d,0.400000
12013,p,0.200000
12014,d,0.200000
12015,p,0.200000
12016,d,0.200000
12017,d,0.200000
12018,s,0.200000
12019,p,0.200000
12020,d,0.200000
12021,s,0.200000
12022,p,0.200000
12023,p,0.200000
12024,p,0.200000
12025,p,0.200000
12026,d,0.600000
12027,p,0.200000
12028,s,0.200000
12029,p,0.200000
12030,d,0.200000
12031,p,0.200000
12032,d,0.200000
12033,p,0.200000
12034,s,0.200000
12035,p,0.200000
12036,p,0.200000
12037,s,0.200000
12038,s,0.200000
12039,p,0.200000
12040,p,0.200000
12041,p,0.200000
12042,d,0.200000
12043,s,0.200000
12044,d,0.600000
12045,p,0.200000
12046,s,0.200000
12047,p,0.600000
12048,s,0.200000
12049,s,0.200000
12050,d,0.200000
12051,p,0.200000
12052,s,0.200000
12053,p,0.200000
12054,d,0.200000
12055,s,0.600000
12056,s,0.200000
12057,d,0.200000
12058,s,0.200000
12059,d,0.200000
12060,p,0.200000
12061,d,0.200000
12062,s,0.200000
12063,s,0.200000
12064,s,0.200000
12065,d,0.200000
12066,s,0.200000
12067,d,0.200000
12068,p,0.200000
12069,d,0.200000
12070,d,0.200000
12071,p,0.400000
12072,p,0.200000
12073,p,0.200000
12074,d,0.200000
12075,p,0.200000
12076,d,0.200000
12077,s,0.200000
12078,p,0.200000
12079,d,0.200000
12080,s,0.200000
12081,p,0.200000
12082,p,0.200000
12083,p,0.600000
12084,d,0.200000
12085,d,0.200000
12086,d,0.200000
12087,s,0.200000
12088,p,0.200000
12089,p,0.200000
12090,p,0.200000
12091,p,0.200000
12092,p,0.200000
12093,s,0.200000
12094,p,0.200000
12095,p,0.200000
12096,d,0.200000
12097,d,0.200000
12098,s,0.800000
12099,d,0.200000
12100,p,0.200000
12101,p,0.200000
12102,s,0.200000
12103,s,0.200000
12104,s,0.200000
12105,s,0.200000
12106,d,0.200000
12107,p,0.200000
12108,p,0.200000
12109,s,0.200000
12110,d,0.200000
12111,d,0.200000
12112,s,0.200000
12113,d,0.200000
12114,p,0.200000
12115,s,0.200000
12116,p,0.200000
12117,s,0.200000
12118,d,0.200000
12119,s,0.200000
12120,d,0.200000
12121,d,0.200000
12122,s,0.200000
12123,s,0.200000
12124,s,0.200000
12125,p,0.200000
12126,d,0.200000
12127,s,0.200000
12128,p,1.000000
12129,s,0.200000
12130,p,0.200000
12131,s,0.200000
12132,s,0.200000
12133,p,0.200000
12134,d,0.200000
12135,p,0.200000
12136,s,0.200000
12137,s,0.200000
12138,s,0.200000
12139,d,0.200000
12140,d,0.200000
12141,p,0.200000
12142,d,0.200000
12143,d,0.200000
12144,d,0.200000
12145,d,0.200000
12146,s,0.200000
12147,p,0.200000
12148,s,0.200000
12149,d,0.200000
12150,s,0.200000
12151,s,0.200000
12152,p,0.200000
12153,s,0.200000
12154,d,0.200000
12155,d,0.200000
12156,p,0.200000
12157,s,0.200000
12158,s,0.600000
12159,s,0.200000
12160,s,0.200000
12161,s,0.200000
12162,s,0.200000
12163,s,0.200000
12164,p,0.200000
12165,p,0.200000
12166,s,0.200000
12167,p,0.200000
12168,d,0.200000
12169,p,0.200000
12170,d,0.200000
12171,s,0.200000
12172,p,0.200000
12173,d,0.200000
12174,d,0.200000
12175,d,0.200000
12176,d,0.200000
12177,d,0.200000
12178,d,0.200000
12179,s,0.200000
12180,s,0.200000
12181,p,0.600000
12182,d,0.200000
12183,p,0.200000
12184,d,1.000000
12185,d,0.200000
12186,d,0.200000
12187,p,0.200000
12188,d,0.200000
12189,s,0.200000
12190,p,0.200000
12191,d,0.200000
12192,p,0.600000
12193,d,0.200000
12194,p,0.200000
12195,s,0.200000
12196,s,0.200000
12197,p,0.200000
12198,d,0.200000
12199,s,0.200000
12200,s,0.200000
12201,s,0.200000
12202,d,0.200000
12203,p,0.200000
12204,p,0.200000
12205,s,0.200000
12206,s,0.200000
12207,d,0.600000
12208,p,0.200000
12209,d,0.200000
12210,p,0.200000
12211,p,0.200000
12212,s,0.200000
12213,d,0.200000
12214,s,0.200000
12215,d,0.200000
12216,d,0.200000
12217,p,0.200000
12218,s,0.200000
12219,p,0.200000
12220,d,0.200000
12221,p,0.200000
12222,p,0.200000
12223,p,0.200000
12224,s,0.200000
12225,p,0.200000
12226,p,0.200000
12227,d,0.200000
12228,d,0.200000
12229,d,0.200000
12230,p,0.200000
12231,d,0.600000
12232,s,0.200000
12233,s,0.200000
12234,s,0.200000
12235,p,1.000000
12236,d,0.200000
12237,p,0.200000
12238,d,0.200000
12239,p,0.200000
12240,s,0.200000
12241,p,0.200000
12242,d,0.200000
12243,s,0.200000
12244,s,0.200000
12245,d,0.200000
12246,d,0.200000
12247,p,0.200000
12248,s,0.200000
12249,p,0.200000
12250,p,0.200000
12251,s,0.200000
12252,s,0.200000
12253,d,0.200000
12254,d,0.200000
12255,s,0.200000
12256,p,0.200000
12257,d,0.200000
12258,s,0.200000
12259,p,0.200000
12260,d,0.200000
12261,s,0.200000
12262,p,0.200000
12263,s,0.200000
12264,p,0.200000
12265,d,0.200000
12266,s,0.800000
12267,s,0.200000
12268,p,0.400000
12269,p,0.200000
12270,d,0.200000
12271,d,0.200000
12272,p,0.200000
12273,d,0.200000
12274,p,0.200000
12275,p,0.200000
12276,s,0.200000
12277,p,0.200000
12278,d,0.200000
12279,p,0.200000
12280,s,0.200000
12281,s,0.200000
12282,d,0.200000
12283,s,0.200000
12284,d,0.200000
12285,s,0.200000
12286,p,0.200000
12287,d,0.200000
12288,d,0.200000
12289,p,0.600000
12290,d,0.200000
12291,d,0.200000
12292,d,0.200000
12293,d,0.200000
12294,d,0.200000
12295,p,0.200000
12296,p,0.800000
12297,s,0.600000
12298,s,0.200000
12299,s,0.200000
12300,s,0.200000
12301,s,0.200000
12302,s,0.200000
12303,s,0.200000
12304,p,0.200000
12305,p,0.200000
12306,s,0.200000
12307,s,0.200000
12308,d,0.200000
12309,d,0.200000
12310,p,0.200000
12311,p,0.200000
12312,d,0.400000
12313,p,0.200000
12314,p,0.200000
12315,s,0.600000
12316,s,0.200000
12317,s,0.200000
12318,d,0.200000
12319,p,0.200000
12320,d,0.200000
12321,s,0.200000
12322,s,0.200000
12323,s,0.200000
12324,d,0.200000
12325,d,0.200000
12326,s,0.200000
12327,p,0.200000
12328,s,0.200000
12329,d,0.200000
12330,d,0.200000
12331,d,0.200000
12332,p,0.800000
12333,s,0.200000
12334,p,0.200000
12335,d,0.200000
12336,p,0.200000
12337,s,0.600000
12338,d,0.200000
12339,s,0.200000
12340,p,0.200000
12341,p,0.200000
12342,d,0.200000
12343,p,0.200000
12344,s,0.200000
12345,s,0.200000
12346,p,0.200000
12347,d,0.200000
12348,s,0.200000
12349,s,0.200000
12350,s,0.200000
12351,p,0.200000
12352,d,0.200000
12353,d,0.200000
12354,p,0.200000
12355,s,0.200000
12356,p,0.200000
12357,s,0.200000
12358,s,0.200000
12359,s,0.200000
12360,d,0.200000
12361,d,0.200000
12362,s,0.200000
12363,d,0.200000
12364,d,0.200000
12365,d,1.000000
12366,p,0.200000
12367,p,0.200000
12368,s,0.200000
12369,p,0.400000
12370,p,0.200000
12371,d,0.200000
12372,d,0.200000
12373,d,0.200000
12374,s,0.200000
12375,s,0.200000
12376,p,0.200000
12377,d,0.200000
12378,s,0.200000
12379,p,0.200000
12380,d,0.200000
12381,d,0.200000
12382,d,0.200000
12383,d,0.200000
12384,d,0.200000
12385,s,0.200000
12386,s,0.600000
12387,d,1.000000
12388,s,0.400000
12389,s,0.200000
12390,s,0.200000
12391,s,0.200000
12392,p,0.200000
12393,d,0.200000
12394,p,0.200000
12395,d,0.200000
12396,p,0.400000
12397,s,0.200000
12398,s,0.200000
12399,d,0.200000
12400,p,0.200000
12401,p,0.200000
12402,p,0.200000
12403,p,0.200000
12404,d,0.200000
12405,d,0.200000
12406,d,0.200000
12407,d,0.200000
12408,p,0.200000
12409,s,0.200000
12410,p,0.200000
12411,s,0.200000
12412,d,0.200000
12413,s,0.200000
12414,p,0.200000
12415,s,0.200000
12416,p,0.200000
12417,d,0.200000
12418,d,0.200000
12419,p,0.200000
12420,p,0.200000
12421,s,0.200000
12422,d,0.200000
12423,s,0.200000
12424,p,0.200000
12425,s,0.200000
12426,d,0.200000
12427,d,0.200000
12428,s,0.200000
12429,d,0.200000
12430,d,0.200000
12431,s,0.200000
12432,d,0.400000
12433,s,0.200000
12434,s,0.200000
12435,s,0.200000
12436,d,0.200000
12437,d,0.200000
12438,p,0.200000
12439,p,0.200000
12440,d,0.200000
12441,s,0.200000
12442,s,0.200000
12443,s,0.200000
12444,s,0.200000
12445,p,0.200000
12446,s,0.200000
12447,s,0.200000
12448,p,0.200000
12449,p,0.200000
12450,d,0.200000
12451,d,0.200000
12452,p,0.200000
12453,s,0.600000
12454,d,0.200000
12455,s,0.200000
12456,p,0.200000
12457,p,0.200000
12458,p,0.200000
12459,p,0.200000
12460,d,0.400000
12461,s,0.200000
12462,d,0.200000
12463,p,0.200000
12464,d,0.200000
12465,s,0.200000
12466,d,0.200000
12467,s,0.200000
12468,s,0.200000
12469,s,0.200000
12470,s,0.200000
12471,p,0.200000
12472,s,0.200000
12473,p,0.200000
12474,s,0.200000
12475,d,0.200000
12476,d,0.200000
12477,p,0.200000
12478,s,0.200000
12479,s,0.200000
12480,p,0.200000
12481,p,0.200000
12482,d,0.200000
12483,d,0.200000
12484,s,0.200000
12485,s,0.200000
12486,p,0.200000
12487,p,0.200000
12488,s,0.600000
12489,d,0.400000
12490,s,0.200000
12491,s,0.200000
12492,s,0.200000
12493,s,0.200000
12494,d,0.200000
12495,p,0.200000
12496,p,0.200000
12497,p,0.200000
12498,s,0.200000
12499,p,0.200000
12500,s,0.200000
12501,p,0.200000
12502,p,0.200000
12503,d,0.200000
12504,p,0.200000
12505,d,0.200000
12506,p,0.200000
12507,p,0.200000
12508,d,0.200000
12509,s,0.200000
12510,d,0.200000
12511,d,0.200000
12512,s,0.200000
12513,s,0.600000
12514,p,0.200000
12515,p,0.200000
12516,s,0.200000
12517,p,0.200000
12518,d,0.200000
12519,s,0.200000
12520,s,0.200000
12521,d,0.200000
12522,s,0.200000
12523,p,0.200000
12524,d,0.200000
12525,d,0.200000
12526,p,0.200000
12527,d,0.200000
12528,d,0.200000
12529,s,0.200000
12530,s,0.200000
12531,s,0.200000
12532,d,0.200000
12533,p,0.600000
12534,p,0.200000
12535,d,0.200000
12536,s,0.200000
12537,p,0.200000
12538,s,0.200000
12539,p,0.200000
12540,p,0.200000
12541,d,0.200000
12542,p,0.200000
12543,p,0.200000
12544,s,0.200000
12545,s,0.200000
12546,p,0.200000
12547,s,0.200000
12548,d,0.200000
12549,p,0.200000
12550,s,0.200000
12551,d,0.200000
12552,d,0.200000
12553,d,0.200000
12554,d,0.200000
12555,s,0.200000
12556,d,0.200000
12557,p,0.200000
12558,d,0.600000
12559,s,0.200000
12560,d,0.200000
12561,p,0.200000
12562,p,0.200000
12563,d,0.200000
12564,p,0.200000
12565,s,0.200000
12566,s,0.200000
12567,p,0.200000
12568,d,0.200000
12569,d,0.600000
12570,s,0.200000
12571,p,0.200000
12572,s,0.200000
12573,d,0.200000
12574,s,0.200000
12575,p,0.200000
12576,p,0.200000
12577,p,0.200000
12578,s,0.600000
12579,p,0.200000
12580,p,0.200000
12581,s,0.200000
12582,p,0.200000
12583,d,0.200000
12584,s,0.200000
12585,s,0.200000
12586,s,0.200000
12587,s,0.200000
12588,s,0.400000
12589,p,0.200000
12590,d,0.200000
12591,s,0.200000
12592,s,0.200000
12593,s,0.200000
12594,s,0.200000
12595,p,0.200000
12596,p,0.200000
12597,p,0.200000
12598,d,0.200000
12599,s,0.200000
12600,d,0.600000
12601,s,0.200000
12602,d,0.200000
12603,d,0.200000
12604,d,0.200000
12605,s,0.200000
12606,p,0.200000
12607,d,0.200000
12608,s,0.200000
12609,d,0.200000
12610,p,0.200000
12611,p,0.200000
12612,p,0.200000
12613,s,0.200000
12614,p,0.200000
12615,s,0.200000
12616,s,0.400000
12617,p,0.200000
12618,p,0.200000
12619,p,0.200000
12620,p,0.200000
12621,d,0.200000
12622,d,0.200000
12623,s,0.200000
12624,d,0.200000
12625,p,0.200000
12626,d,0.200000
12627,d,0.200000
12628,s,0.200000
12629,p,0.200000
12630,s,0.200000
12631,p,0.200000
12632,s,0.200000
12633,s,0.200000
12634,d,0.200000
12635,d,0.200000
12636,s,0.200000
12637,s,0.200000
12638,p,0.200000
12639,p,0.600000
12640,d,0.200000
12641,p,0.200000
12642,d,0.200000
12643,p,0.200000
12644,d,0.200000
12645,p,0.200000
12646,d,0.200000
12647,s,0.200000
12648,s,0.200000
12649,p,0.200000
12650,s,0.200000
12651,s,0.200000
12652,d,0.200000
12653,d,0.200000
12654,d,0.200000
12655,d,0.200000
12656,d,0.600000
12657,p,0.200000
12658,d,0.200000
12659,d,0.200000
12660,s,0.200000
12661,s,0.200000
12662,p,0.200000
12663,d,0.200000
12664,d,0.200000
12665,p,0.200000
12666,p,0.200000
12667,d,0.200000
12668,p,0.200000
12669,p,0.200000
12670,d,0.200000
12671,p,0.200000
12672,p,0.200000
12673,p,0.200000
12674,p,0.200000
12675,s,0.200000
12676,d,0.200000
12677,s,0.200000
12678,d,0.200000
12679,d,0.200000
12680,p,0.200000
12681,s,0.200000
12682,p,0.200000
12683,p,0.200000
12684,p,0.200000
12685,s,0.200000
12686,p,0.200000
12687,s,0.200000
12688,d,0.200000
12689,s,0.200000
12690,s,0.200000
12691,p,0.200000
12692,p,0.200000
12693,p,0.200000
12694,p,0.400000
12695,d,0.600000
12696,s,0.200000
12697,d,0.200000
12698,d,0.200000
12699,d,0.200000
12700,s,0.200000
12701,p,0.200000
12702,s,0.200000
12703,d,0.200000
12704,d,0.600000
12705,s,0.200000
12706,s,0.200000
12707,d,0.400000
12708,d,0.200000
12709,p,0.200000
12710,s,0.200000
12711,s,0.200000
12712,d,0.200000
12713,d,0.200000
12714,p,0.600000
12715,d,0.200000
12716,p,0.200000
12717,d,0.200000
12718,p,0.200000
12719,p,0.200000
12720,s,0.200000
12721,d,0.200000
12722,s,0.200000
12723,p,0.800000
12724,d,0.200000
12725,d,0.200000
12726,p,0.600000
12727,s,0.200000
12728,s,0.200000
12729,p,0.200000
12730,s,0.200000
12731,p,0.200000
12732,d,0.200000
12733,s,0.200000
12734,p,0.200000
12735,p,0.200000
12736,p,0.200000
12737,s,0.200000
12738,d,0.200000
12739,d,0.200000
12740,d,0.200000
12741,s,0.200000
12742,s,0.200000
12743,s,0.200000
12744,s,0.200000
12745,d,0.200000
12746,d,0.200000
12747,p,0.200000
12748,s,0.200000
12749,p,0.200000
12750,p,0.200000
12751,d,0.200000
12752,d,0.200000
12753,s,0.200000
12754,p,0.200000
12755,s,0.200000
12756,p,0.200000
12757,d,0.200000
12758,p,0.200000
12759,p,0.200000
12760,p,0.200000
12761,p,0.200000
12762,d,0.200000
12763,d,0.200000
12764,d,0.200000
12765,s,0.200000
12766,p,0.200000
12767,d,0.200000
12768,d,0.200000
12769,p,0.200000
12770,p,0.200000
12771,d,0.200000
12772,d,0.200000
12773,p,0.200000
12774,p,0.200000
12775,s,0.400000
12776,p,0.200000
12777,s,0.200000
12778,p,0.200000
12779,d,0.200000
12780,p,0.200000
12781,p,0.200000
12782,s,0.200000
12783,s,0.200000
12784,s,0.200000
12785,s,0.200000
12786,s,0.200000
12787,s,0.200000
12788,p,0.800000
12789,s,0.200000
12790,s,0.200000
12791,d,0.200000
12792,s,0.200000
12793,p,0.200000
12794,d,0.200000
12795,d,0.200000
12796,s,0.200000
12797,s,0.600000
12798,d,0.200000
12799,p,0.200000
12800,s,0.200000
12801,p,0.200000
12802,s,0.200000
12803,s,0.400000
12804,d,0.200000
12805,p,0.200000
12806,d,0.200000
12807,s,0.200000
12808,s,0.200000
12809,s,0.800000
12810,s,0.200000
12811,d,0.200000
12812,s,0.200000
12813,p,0.200000
12814,p,0.200000
12815,d,0.200000
12816,s,0.400000
12817,p,0.800000
12818,p,0.200000
12819,d,0.200000
12820,d,0.200000
12821,s,0.200000
12822,p,0.200000
12823,p,0.200000
12824,d,0.200000
12825,d,0.200000
12826,s,0.200000
12827,d,0.200000
12828,s,0.200000
12829,p,0.200000
12830,d,0.200000
12831,d,0.200000
12832,d,0.200000
12833,s,0.200000
12834,d,0.200000
12835,d,0.200000
12836,d,0.200000
12837,p,0.200000
12838,s,0.200000
12839,s,0.400000
12840,p,0.200000
12841,s,0.200000
12842,p,0.200000
12843,s,0.200000
12844,s,0.200000
12845,s,0.200000
12846,s,0.200000
12847,d,0.200000
12848,d,0.200000
12849,s,0.200000
12850,d,0.200000
12851,p,0.200000
12852,p,0.800000
12853,p,0.200000
12854,p,0.200000
12855,p,0.200000
12856,d,0.800000
12857,d,0.200000
12858,p,0.200000
12859,s,0.200000
12860,s,0.200000
12861,d,0.600000
12862,p,0.200000
12863,d,0.200000
12864,d,0.200000
12865,s,0.200000
12866,s,0.200000
12867,s,0.200000
12868,d,0.200000
12869,p,0.200000
12870,p,0.200000
12871,p,0.200000
12872,d,0.200000
12873,s,0.200000
12874,d,0.200000
12875,s,0.200000
12876,d,0.200000
12877,d,0.200000
12878,s,0.200000
12879,s,0.200000
12880,s,0.200000
12881,d,0.600000
12882,d,0.200000
12883,d,0.200000
12884,s,0.200000
12885,d,0.200000
12886,p,0.200000
12887,s,0.200000
12888,s,0.600000
12889,p,0.200000
12890,d,0.200000
12891,p,0.200000
12892,d,0.200000
12893,s,0.600000
12894,p,0.200000
12895,d,0.200000
12896,s,0.200000
12897,d,0.200000
12898,d,0.200000
12899,s,0.200000
12900,d,0.400000
12901,p,0.200000
12902,d,0.200000
12903,s,0.800000
12904,s,0.200000
12905,d,0.200000
12906,p,0.200000
12907,p,0.200000
12908,d,0.200000
12909,s,0.200000
12910,s,0.200000
12911,d,0.600000
12912,d,0.200000
12913,d,0.200000
12914,p,0.200000
12915,p,0.200000
12916,d,0.200000
12917,s,0.200000
12918,s,0.200000
12919,p,0.200000
12920,p,0.200000
12921,s,0.200000
12922,s,0.200000
12923,d,0.200000
12924,d,0.200000
12925,d,0.200000
12926,p,0.200000
12927,s,0.200000
12928,s,0.200000
12929,s,0.200000
12930,d,0.200000
12931,s,0.200000
12932,s,0.200000
12933,s,0.200000
12934,d,0.200000
12935,d,0.200000
12936,d,0.200000
12937,p,0.200000
12938,p,0.200000
12939,p,0.200000
12940,p,0.200000
12941,p,0.200000
12942,p,0.200000
12943,p,0.200000
12944,s,0.200000
12945,d,0.200000
12946,p,0.200000
12947,p,0.200000
12948,s,0.200000
12949,d,0.200000
12950,d,0.800000
12951,p,0.200000
12952,p,0.200000
12953,s,0.200000
12954,p,0.200000
12955,s,0.200000
12956,s,0.200000
12957,p,0.200000
12958,s,0.200000
12959,s,1.000000
12960,s,0.200000
12961,s,0.200000
12962,p,0.200000
12963,p,0.200000
12964,s,0.200000
12965,p,0.200000
12966,s,0.200000
12967,d,0.200000
12968,d,0.200000
12969,p,0.200000
12970,p,0.200000
12971,s,0.200000
12972,p,0.200000
12973,p,0.200000
12974,d,0.200000
12975,s,0.200000
12976,p,0.200000
12977,s,0.200000
12978,d,0.200000
12979,p,0.200000
12980,p,0.200000
12981,s,0.200000
12982,d,0.200000
12983,p,0.200000
12984,s,0.200000
12985,s,0.200000
12986,s,0.200000
12987,d,0.600000
12988,p,0.200000
12989,p,0.200000
12990,p,0.200000
12991,s,0.200000
12992,p,0.200000
12993,s,0.200000
12994,p,0.600000
12995,p,0.200000
12996,d,0.200000
12997,d,0.200000
12998,s,0.200000
12999,p,0.200000
13000,p,0.200000
13001,d,0.200000
13002,p,0.200000
13003,d,0.200000
13004,s,0.200000
13005,d,0.200000
13006,d,0.200000
13007,d,0.200000
13008,p,0.800000
13009,s,0.200000
13010,d,0.200000
13011,p,0.200000
13012,p,0.200000
13013,s,0.200000
13014,d,0.200000
13015,s,0.600000
13016,p,0.200000
13017,p,0.800000
13018,d,0.200000
13019,p,0.200000
13020,p,0.200000
13021,d,0.200000
13022,s,0.200000
13023,p,0.200000
13024,p,0.200000
13025,d,0.200000
13026,d,0.200000
13027,d,0.200000
13028,s,0.200000
13029,p,0.200000
13030,d,0.200000
13031,d,0.200000
13032,d,0.200000
13033,s,0.200000
13034,s,0.200000
13035,d,0.200000
13036,d,0.200000
13037,d,0.800000
13038,d,0.200000
13039,s,0.200000
13040,d,0.200000
13041,s,0.200000
13042,s,0.200000
13043,s,0.400000
13044,p,0.200000
13045,d,0.200000
13046,s,0.200000
13047,p,0.200000
13048,s,0.200000
13049,s,0.200000
13050,d,0.200000
13051,d,0.800000
13052,p,0.200000
13053,p,0.400000
13054,p,0.200000
13055,p,0.200000
13056,s,0.200000
13057,p,0.400000
13058,s,0.200000
13059,p,0.200000
13060,d,0.200000
13061,s,0.200000
13062,s,0.200000
13063,p,0.200000
13064,p,0.200000
13065,s,0.200000
13066,p,0.200000
13067,s,0.200000
13068,s,0.200000
13069,p,0.200000
13070,d,0.200000
13071,s,0.400000
13072,d,0.200000
13073,p,0.200000
13074,s,0.400000
13075,p,0.200000
13076,p,0.400000
13077,p,0.200000
13078,s,0.200000
13079,s,0.200000
13080,s,0.200000
13081,p,0.200000
13082,p,0.200000
13083,s,0.400000
13084,s,0.200000
13085,p,0.200000
13086,s,0.600000
13087,s,0.200000
13088,s,0.200000
13089,p,0.200000
13090,p,0.200000
13091,p,0.600000
13092,d,0.600000
13093,d,0.200000
13094,p,0.200000
13095,s,0.600000
13096,s,0.200000
13097,s,0.400000
13098,s,0.200000
13099,d,0.200000
13100,d,0.200000
13101,s,0.200000
13102,p,0.200000
13103,d,0.200000
13104,p,0.200000
13105,p,0.200000
13106,d,0.200000
13107,p,0.200000
13108,d,0.200000
13109,p,0.200000
13110,p,0.200000
13111,p,0.200000
13112,d,0.200000
13113,p,0.200000
13114,p,0.200000
13115,p,0.200000
13116,d,0.200000
13117,s,0.200000
13118,d,0.200000
13119,s,0.200000
13120,p,0.200000
13121,p,0.200000
13122,d,0.200000
13123,s,0.200000
13124,p,0.200000
13125,s,0.200000
13126,p,0.200000
13127,s,0.200000
13128,d,0.200000
13129,s,0.200000
13130,s,0.200000
13131,p,0.200000
13132,p,0.200000
13133,s,0.200000
13134,s,0.200000
13135,d,0.200000
13136,d,0.400000
13137,s,0.200000
13138,s,0.200000
13139,d,0.400000
13140,p,0.200000
13141,d,0.600000
13142,s,0.200000
13143,s,0.200000
13144,p,0.200000
13145,p,0.200000
13146,s,0.200000
13147,s,0.200000
13148,p,0.600000
13149,s,0.200000
13150,p,0.200000
13151,d,0.200000
13152,s,0.200000
13153,d,0.800000
13154,s,0.200000
13155,d,0.200000
13156,d,0.200000
13157,p,0.200000
13158,s,0.200000
13159,d,0.200000
13160,d,0.200000
13161,s,0.200000
13162,s,0.200000
13163,s,0.200000
13164,s,0.200000
13165,p,0.400000
13166,d,0.200000
13167,p,0.600000
13168,d,0.200000
13169,d,0.600000
13170,p,0.200000
13171,d,0.200000
13172,p,0.200000
13173,s,0.600000
13174,p,0.200000
13175,p,0.200000
13176,s,0.200000
13177,p,0.800000
13178,s,0.200000
13179,p,0.200000
13180,p,0.200000
13181,d,0.200000
13182,d,0.200000
13183,p,0.200000
13184,d,0.600000
13185,s,0.200000
13186,d,0.200000
13187,s,0.200000
13188,d,0.200000
13189,p,0.200000
13190,p,0.200000
13191,d,0.400000
13192,s,0.200000
13193,p,0.200000
13194,p,0.200000
13195,d,0.200000
13196,p,0.200000
13197,p,0.200000
13198,s,0.200000
13199,d,0.200000
13200,s,0.600000
13201,s,0.200000
13202,p,0.200000
13203,p,0.200000
13204,d,0.200000
13205,s,0.200000
13206,p,0.200000
13207,d,0.200000
13208,p,0.200000
13209,s,0.200000
13210,s,0.200000
13211,d,0.200000
13212,p,0.200000
13213,s,0.200000
13214,s,0.400000
13215,p,0.200000
13216,s,0.200000
13217,p,0.200000
13218,d,0.400000
13219,s,0.200000
13220,d,0.200000
13221,d,0.200000
13222,d,0.200000
13223,d,0.200000
13224,d,0.200000
13225,s,0.200000
13226,p,0.200000
13227,p,0.200000
13228,d,0.200000
13229,p,0.200000
13230,s,0.200000
13231,s,0.200000
13232,s,0.200000
13233,d,0.200000
13234,p,0.200000
13235,d,0.200000
13236,s,0.200000
13237,d,0.200000
13238,p,0.200000
13239,s,0.200000
13240,p,0.200000
13241,p,0.200000
13242,s,0.200000
13243,d,0.200000
13244,s,0.200000
13245,d,0.200000
13246,s,0.200000
13247,d,0.200000
13248,p,0.200000
13249,s,0.200000
13250,s,0.200000
13251,d,0.200000
13252,p,0.200000
13253,s,0.400000
13254,s,0.200000
13255,d,0.200000
13256,s,0.200000
13257,d,0.400000
13258,p,0.200000
13259,d,0.200000
13260,d,0.200000
13261,p,0.200000
13262,s,0.200000
13263,s,0.200000
13264,s,0.200000
13265,d,0.200000
13266,d,0.200000
13267,s,0.200000
13268,p,0.200000
13269,s,0.200000
13270,d,0.200000
13271,s,0.800000
13272,p,0.200000
13273,p,0.200000
13274,s,0.200000
13275,s,0.200000
13276,p,0.200000
13277,p,0.200000
13278,d,0.200000
13279,p,0.200000
13280,p,0.200000
13281,d,0.200000
13282,s,0.200000
13283,p,0.200000
13284,d,0.200000
13285,d,0.200000
13286,d,0.200000
13287,s,0.200000
13288,p,0.400000
13289,s,0.200000
13290,p,0.200000
13291,d,0.200000
13292,d,0.200000
13293,d,0.200000
13294,s,0.200000
13295,d,0.200000
13296,p,0.200000
13297,d,0.200000
13298,d,0.400000
13299,d,0.200000
13300,d,0.200000
13301,s,0.200000
13302,p,0.400000
13303,d,0.200000
13304,s,0.200000
13305,s,0.200000
13306,s,0.200000
13307,s,0.800000
13308,p,0.200000
13309,d,0.200000
13310,s,0.200000
13311,d,0.200000
13312,p,0.200000
13313,d,0.200000
13314,p,0.200000
13315,p,0.200000
13316,d,0.200000
13317,s,0.600000
13318,s,0.200000
13319,d,0.200000
13320,p,0.200000
13321,s,0.200000
13322,s,0.200000
13323,d,0.200000
13324,s,0.200000
13325,s,0.200000
13326,p,0.200000
13327,p,0.200000
13328,s,0.200000
13329,p,0.200000
13330,s,0.200000
13331,s,0.200000
13332,d,0.200000
13333,p,0.800000
13334,s,0.600000
13335,p,0.200000
13336,d,0.200000
13337,d,0.200000
13338,p,0.200000
13339,d,0.200000
13340,s,0.200000
13341,d,0.200000
13342,s,0.200000
13343,d,0.200000
13344,s,0.200000
13345,p,0.200000
13346,d,0.200000
13347,d,0.200000
13348,p,0.200000
13349,s,0.800000
13350,s,0.200000
13351,s,0.200000
13352,s,0.400000
13353,d,0.200000
13354,s,0.200000
13355,s,0.200000
13356,s,0.200000
13357,d,0.200000
13358,s,0.200000
13359,p,0.200000
13360,p,0.200000
13361,s,0.200000
13362,d,0.200000
13363,d,0.200000
13364,p,0.200000
13365,p,0.200000
13366,s,0.200000
13367,d,0.200000
13368,p,0.200000
13369,s,0.200000
13370,d,0.200000
13371,p,0.200000
13372,s,0.200000
13373,d,0.200000
13374,p,0.200000
13375,s,0.200000
13376,d,0.200000
13377,s,0.200000
13378,p,0.200000
13379,p,0.200000
13380,s,0.200000
13381,s,0.200000
13382,d,0.200000
13383,s,0.200000
13384,p,0.200000
13385,d,0.200000
13386,p,0.200000
13387,s,0.400000
13388,p,0.200000
13389,p,0.200000
13390,p,0.200000
13391,d,0.200000
13392,p,0.200000
13393,s,0.400000
13394,p,0.200000
13395,d,0.200000
13396,s,0.200000
13397,s,0.200000
13398,p,0.200000
13399,s,0.200000
13400,s,0.200000
13401,d,0.200000
13402,p,0.200000
13403,p,0.200000
13404,p,0.200000
13405,d,0.200000
13406,s,0.200000
13407,d,0.200000
13408,p,0.200000
13409,p,0.200000
13410,p,0.200000
13411,d,0.200000
13412,p,0.200000
13413,d,0.200000
13414,p,0.200000
13415,p,0.200000
13416,s,0.200000
13417,s,0.200000
13418,d,0.200000
13419,s,0.200000
13420,d,0.200000
13421,d,0.200000
13422,s,0.200000
13423,d,0.400000
13424,p,0.200000
13425,s,0.200000
13426,s,0.200000
13427,d,0.400000
13428,s,0.200000
13429,p,0.200000
13430,s,0.200000
13431,d,0.200000
13432,p,0.200000
13433,p,0.200000
13434,p,0.200000
13435,p,0.200000
13436,s,0.200000
13437,s,0.200000
13438,d,0.200000
13439,d,0.200000
13440,d,0.200000
13441,p,0.200000
13442,d,0.200000
13443,d,0.200000
13444,p,0.200000
13445,s,0.200000
13446,s,0.200000
13447,s,0.200000
13448,d,0.400000
13449,s,0.200000
13450,d,0.200000
13451,s,0.200000
13452,s,0.200000
13453,p,0.200000
13454,p,0.200000
13455,p,0.200000
13456,p,0.200000
13457,d,0.200000
13458,d,0.200000
13459,s,0.400000
13460,s,0.200000
13461,s,0.200000
13462,s,0.200000
13463,s,0.400000
13464,p,0.200000
13465,s,0.200000
13466,p,0.200000
13467,d,0.600000
13468,d,0.200000
13469,s,0.200000
13470,d,0.200000
13471,d,0.200000
13472,d,0.200000
13473,p,0.200000
13474,p,0.200000
13475,p,0.200000
13476,p,0.200000
13477,s,0.200000
13478,d,0.200000
13479,d,0.200000
13480,s,0.200000
13481,s,0.200000
13482,s,0.200000
13483,d,0.200000
13484,s,0.200000
13485,p,0.200000
13486,p,0.200000
13487,p,0.200000
13488,s,0.200000
13489,d,0.200000
13490,s,0.800000
13491,s,0.200000
13492,p,0.200000
13493,s,0.200000
13494,p,0.200000
13495,d,0.200000
13496,p,0.200000
13497,s,0.200000
13498,p,0.200000
13499,d,0.200000
13500,p,0.200000
13501,s,0.200000
13502,s,0.200000
13503,s,0.200000
13504,s,0.600000
13505,d,0.200000
13506,p,0.200000
13507,d,0.200000
13508,p,0.200000
13509,s,0.200000
13510,s,0.200000
13511,s,0.200000
13512,p,0.200000
13513,p,0.200000
13514,d,0.200000
13515,d,0.200000
13516,s,0.200000
13517,d,0.200000
13518,d,0.200000
13519,p,0.200000
13520,s,0.200000
13521,s,0.200000
13522,d,0.200000
13523,p,0.200000
13524,d,0.200000
13525,s,0.200000
13526,s,0.200000
13527,p,0.200000
13528,d,0.600000
13529,p,0.200000
13530,d,0.600000
13531,d,0.200000
13532,s,0.200000
13533,s,0.200000
13534,p,0.200000
13535,s,0.200000
13536,p,0.200000
13537,p,0.600000
13538,d,0.200000
13539,d,0.200000
13540,s,0.200000
13541,d,0.200000
13542,d,0.200000
13543,s,0.200000
13544,p,0.200000
13545,p,0.200000
13546,p,0.200000
13547,d,0.400000
13548,p,0.200000
13549,s,0.200000
13550,s,0.200000
13551,d,0.200000
13552,s,0.200000
13553,p,0.200000
13554,d,0.200000
13555,s,0.200000
13556,d,0.200000
13557,p,0.200000
13558,d,0.800000
13559,p,0.200000
13560,s,0.200000
13561,s,0.200000
13562,d,0.200000
13563,p,0.200000
13564,s,0.200000
13565,s,0.200000
13566,d,0.200000
13567,d,0.200000
13568,d,0.200000
13569,p,0.200000
13570,d,0.200000
13571,p,0.200000
13572,s,0.200000
13573,d,0.200000
13574,s,0.200000
13575,d,0.200000
13576,s,0.200000
13577,d,0.200000
13578,p,0.200000
13579,s,0.200000
13580,p,0.200000
13581,p,0.200000
13582,d,0.200000
13583,d,0.200000
13584,d,0.200000
13585,d,0.600000
13586,p,0.200000
13587,p,0.200000
13588,s,0.200000
13589,s,0.200000
13590,s,0.600000
13591,s,0.200000
13592,p,0.200000
13593,p,0.200000
13594,s,0.200000
13595,s,0.200000
13596,d,0.200000
13597,p,0.400000
13598,s,0.200000
13599,d,0.200000
13600,s,0.200000
13601,p,0.200000
13602,d,0.400000
13603,p,0.200000
13604,p,0.200000
13605,d,0.400000
13606,s,0.200000
13607,p,0.200000
13608,d,0.200000
13609,s,0.200000
13610,s,0.200000
13611,s,0.200000
13612,s,0.200000
13613,d,0.200000
13614,p,0.400000
13615,p,0.200000
13616,s,0.600000
13617,d,0.200000
13618,d,0.200000
13619,p,0.200000
13620,d,0.200000
13621,p,0.200000
13622,d,0.200000
13623,p,0.200000
13624,s,0.200000
13625,p,0.200000
13626,d,0.200000
13627,d,0.200000
13628,d,0.200000
13629,d,0.200000
13630,p,0.200000
13631,d,0.200000
13632,p,0.200000
13633,s,0.200000
13634,s,0.200000
13635,p,0.200000
13636,s,0.200000
13637,s,0.200000
13638,p,0.200000
13639,s,0.200000
13640,p,0.200000
13641,s,0.200000
13642,p,0.200000
13643,d,0.200000
13644,p,0.200000
13645,p,0.200000
13646,s,0.200000
13647,s,0.400000
13648,d,0.200000
13649,d,0.600000
13650,p,0.200000
13651,p,0.200000
13652,p,0.200000
13653,s,0.200000
13654,d,0.200000
13655,s,0.200000
13656,p,0.200000
13657,p,0.200000
13658,s,0.800000
13659,d,0.200000
13660,d,0.200000
13661,s,0.200000
13662,p,0.200000
13663,s,0.200000
13664,d,0.800000
13665,p,0.200000
13666,p,0.800000
13667,p,0.200000
13668,p,0.200000
13669,s,0.200000
13670,s,0.200000
13671,d,0.200000
13672,s,0.200000
13673,d,0.200000
13674,s,0.200000
13675,p,0.200000
13676,s,0.400000
13677,s,0.200000
13678,d,0.200000
13679,s,0.200000
13680,p,0.200000
13681,s,0.200000
13682,d,0.200000
13683,p,0.200000
13684,s,0.200000
13685,p,0.200000
13686,p,0.200000
13687,d,0.200000
13688,s,0.200000
13689,p,0.200000
13690,s,0.200000
13691,s,0.200000
13692,s,0.200000
13693,p,0.200000
13694,p,0.200000
13695,p,0.600000
13696,p,0.200000
13697,p,0.200000
13698,s,0.200000
13699,d,0.200000
13700,s,0.200000
13701,d,0.200000
13702,d,0.800000
13703,p,0.200000
13704,s,0.200000
13705,d,0.200000
13706,d,0.200000
13707,d,0.200000
13708,p,0.200000
13709,s,0.200000
13710,d,0.200000
13711,p,0.200000
13712,d,0.200000
13713,s,0.200000
13714,s,0.200000
13715,s,0.200000
13716,p,0.200000
13717,s,0.200000
13718,d,0.200000
13719,d,0.200000
13720,p,0.200000
13721,d,0.200000
13722,s,0.200000
13723,p,0.200000
13724,s,0.200000
13725,d,0.200000
13726,s,0.800000
13727,p,0.200000
13728,s,0.200000
13729,p,0.200000
13730,s,0.200000
13731,d,0.200000
13732,d,0.200000
13733,d,0.200000
13734,d,0.200000
13735,p,0.200000
13736,d,0.200000
13737,s,0.200000
13738,s,0.200000
13739,d,0.200000
13740,s,0.200000
13741,s,0.400000
13742,d,0.200000
13743,d,0.200000
13744,p,0.200000
13745,p,0.200000
13746,p,0.200000
13747,p,0.200000
13748,p,0.200000
13749,s,0.200000
13750,s,0.200000
13751,s,0.200000
13752,d,0.200000
13753,p,0.200000
13754,s,0.200000
13755,d,0.200000
13756,d,0.200000
13757,d,0.200000
13758,p,0.200000
13759,s,0.200000
13760,s,0.200000
13761,d,0.200000
13762,p,0.200000
13763,d,0.200000
13764,s,0.200000
13765,d,0.200000
13766,p,0.200000
13767,s,0.600000
13768,d,0.200000
13769,d,0.200000
13770,d,0.200000
13771,p,0.200000
13772,d,0.200000
13773,p,0.200000
13774,d,0.200000
13775,d,0.800000
13776,s,0.200000
13777,p,0.200000
13778,p,0.200000
13779,d,0.200000
13780,s,0.200000
13781,d,0.200000
13782,d,0.200000
13783,s,0.200000
13784,d,0.200000
13785,p,0.200000
13786,s,0.200000
13787,p,0.200000
13788,p,0.400000
13789,p,0.200000
13790,p,0.200000
13791,s,0.200000
13792,d,0.200000
13793,s,0.200000
13794,p,0.200000
13795,s,0.400000
13796,p,0.200000
13797,s,0.200000
13798,p,0.200000
13799,s,0.200000
13800,d,0.200000
13801,p,0.200000
13802,s,0.200000
13803,d,0.200000
13804,s,0.200000
13805,s,0.200000
13806,p,0.200000
13807,d,0.200000
13808,d,0.200000
13809,d,0.200000
13810,s,0.600000
13811,s,0.200000
13812,p,0.200000
13813,p,0.200000
13814,d,0.200000
13815,p,0.200000
13816,p,0.200000
13817,s,0.200000
13818,s,0.200000
13819,s,0.800000
13820,d,0.200000
13821,s,0.200000
13822,d,0.200000
13823,p,0.600000
13824,d,0.200000
13825,d,0.200000
13826,s,1.000000
13827,s,0.200000
13828,p,0.200000
13829,p,0.200000
13830,s,0.200000
13831,d,0.200000
13832,p,0.600000
13833,p,0.200000
13834,d,0.200000
13835,p,0.200000
13836,s,0.200000
13837,p,0.200000
13838,p,0.600000
13839,p,0.200000
13840,d,0.400000
13841,d,0.200000
13842,s,0.200000
13843,s,0.200000
13844,s,0.200000
13845,p,0.200000
13846,d,0.200000
13847,s,0.200000
13848,d,0.200000
13849,s,0.200000
13850,s,0.200000
13851,s,0.200000
13852,p,0.200000
13853,d,0.200000
13854,s,0.200000
13855,p,0.600000
13856,d,0.200000
13857,d,0.600000
13858,s,0.200000
13859,s,0.200000
13860,p,0.200000
13861,d,0.200000
13862,d,0.200000
13863,s,0.200000
13864,p,0.600000
13865,d,0.200000
13866,d,0.200000
13867,s,0.200000
13868,s,0.200000
13869,p,0.200000
13870,p,0.200000
13871,d,0.200000
13872,p,0.400000
13873,p,0.200000
13874,p,0.200000
13875,d,0.200000
13876,p,0.200000
13877,d,0.200000
13878,s,0.200000
13879,d,0.200000
13880,s,0.200000
13881,p,0.200000
13882,d,0.200000
13883,d,0.200000
13884,p,0.200000
13885,p,0.400000
13886,s,0.200000
13887,d,0.200000
13888,d,0.200000
13889,s,0.200000
13890,d,0.200000
13891,p,0.200000
13892,d,0.200000
13893,d,0.200000
13894,p,0.200000
13895,s,0.200000
13896,s,0.200000
13897,d,0.200000
13898,p,0.200000
13899,s,0.200000
13900,p,0.200000
13901,d,0.200000
13902,p,0.200000
13903,d,0.200000
13904,p,0.400000
13905,d,0.200000
13906,d,0.200000
13907,d,0.200000
13908,p,0.200000
13909,s,0.400000
13910,d,0.200000
13911,s,0.200000
13912,d,0.200000
13913,s,0.200000
13914,s,0.200000
13915,d,0.200000
13916,p,0.200000
13917,d,0.200000
13918,d,0.200000
13919,s,0.200000
13920,d,0.200000
13921,d,0.200000
13922,p,0.200000
13923,d,0.200000
13924,s,0.200000
13925,d,0.200000
13926,p,0.400000
13927,p,0.200000
13928,p,0.200000
13929,s,0.200000
13930,s,0.200000
13931,s,0.200000
13932,s,0.200000
13933,d,0.200000
13934,s,0.200000
13935,s,0.200000
13936,p,0.200000
13937,d,0.200000
13938,p,0.200000
13939,d,0.200000
13940,p,0.200000
13941,d,0.200000
13942,s,0.200000
13943,s,0.200000
13944,d,0.200000
13945,p,0.200000
13946,p,0.800000
13947,d,0.200000
13948,p,0.200000
13949,p,0.200000
13950,p,0.200000
13951,s,0.600000
13952,s,0.600000
13953,s,0.200000
13954,p,0.200000
13955,s,0.200000
13956,s,0.200000
13957,s,0.200000
13958,p,0.200000
13959,s,0.600000
13960,s,0.200000
13961,s,0.200000
13962,s,0.200000
13963,p,0.200000
13964,p,0.200000
13965,d,0.200000
13966,s,0.200000
13967,s,0.200000
13968,s,0.200000
13969,s,0.200000
13970,d,0.200000
13971,p,0.200000
13972,p,0.200000
13973,d,0.200000
13974,s,0.200000
13975,d,0.200000
13976,d,0.200000
13977,s,0.200000
13978,d,0.200000
13979,p,0.200000
13980,d,0.600000
13981,s,0.400000
13982,d,0.200000
13983,p,0.200000
13984,p,0.200000
13985,s,0.200000
13986,s,0.200000
13987,s,0.200000
13988,p,0.200000
13989,s,0.200000
13990,s,0.200000
13991,s,0.200000
13992,s,0.200000
13993,s,0.200000
13994,d,0.200000
13995,s,0.200000
13996,d,0.200000
13997,d,0.200000
13998,d,0.200000
13999,p,0.200000
14000,s,0.200000
14001,p,0.200000
14002,p,0.200000
14003,p,0.200000
14004,s,0.200000
14005,p,0.200000
14006,p,0.200000
14007,d,0.200000
14008,p,0.200000
14009,d,0.200000
14010,d,0.200000
14011,p,0.200000
14012,d,0.200000
14013,p,0.200000
14014,p,0.200000
14015,p,0.200000
14016,s,0.200000
14017,p,0.200000
14018,d,0.200000
14019,s,0.200000
14020,s,0.800000
14021,s,0.200000
14022,p,0.200000
14023,d,0.200000
14024,d,0.400000
14025,d,0.200000
14026,p,0.200000
14027,d,0.200000
14028,d,0.200000
14029,p,0.200000
14030,p,0.200000
14031,s,0.200000
14032,d,0.800000
14033,d,0.200000
14034,p,0.200000
14035,s,0.200000
14036,p,0.200000
14037,s,0.200000
14038,p,0.200000
14039,d,0.200000
14040,d,0.200000
14041,s,0.200000
14042,s,0.200000
14043,p,0.200000
14044,p,0.200000
14045,s,0.200000
14046,p,0.200000
14047,d,0.200000
14048,d,0.200000
14049,p,0.200000
14050,p,0.200000
14051,p,0.200000
14052,d,0.200000
14053,s,0.200000
14054,s,0.200000
14055,s,0.200000
14056,p,0.200000
14057,d,0.200000
14058,p,0.200000
14059,s,0.200000
14060,d,0.200000
14061,d,0.200000
14062,p,0.200000
14063,p,0.200000
14064,d,0.200000
14065,s,0.200000
14066,d,0.200000
14067,d,0.200000
14068,p,0.200000
14069,d,0.200000
14070,d,0.200000
14071,s,0.200000
14072,d,0.200000
14073,s,0.200000
14074,d,0.200000
14075,p,0.200000
14076,s,0.200000
14077,p,0.200000
14078,p,0.200000
14079,p,0.200000
14080,d,0.200000
14081,s,0.200000
14082,s,0.200000
14083,s,0.200000
14084,d,0.200000
14085,p,0.200000
14086,s,0.200000
14087,d,0.200000
14088,s,0.200000
14089,s,0.200000
14090,p,0.200000
14091,s,0.200000
14092,s,0.400000
14093,s,0.200000
14094,s,0.200000
14095,d,0.200000
14096,d,0.200000
14097,s,0.200000
14098,p,0.200000
14099,d,0.200000
14100,d,0.200000
14101,p,0.200000
14102,s,0.200000
14103,s,0.200000
14104,d,0.200000
14105,s,0.200000
14106,p,0.200000
14107,p,0.200000
14108,s,0.200000
14109,s,0.200000
14110,s,0.200000
14111,p,0.200000
14112,d,0.200000
14113,d,1.000000
14114,s,0.200000
14115,s,0.800000
14116,d,0.200000
14117,d,0.200000
14118,p,0.200000
14119,d,0.200000
14120,s,0.200000
14121,s,0.200000
14122,s,0.200000
14123,p,0.200000
14124,d,0.200000
14125,s,0.200000
14126,p,0.200000
14127,p,0.800000
14128,s,0.200000
14129,p,0.200000
14130,p,0.200000
14131,d,0.200000
14132,p,0.200000
14133,s,0.200000
14134,p,0.200000
14135,d,0.200000
14136,p,0.200000
14137,d,0.200000
14138,d,0.200000
14139,p,0.200000
14140,p,0.200000
14141,p,0.200000
14142,d,0.200000
14143,s,0.200000
14144,p,0.200000
14145,p,0.200000
14146,p,0.200000
14147,s,0.200000
14148,s,0.200000
14149,d,0.200000
14150,p,0.200000
14151,s,0.200000
14152,s,0.200000
14153,p,0.200000
14154,d,0.200000
14155,d,0.200000
14156,s,0.200000
14157,s,0.200000
14158,d,0.200000
14159,p,0.200000
14160,p,0.200000
14161,s,0.200000
14162,p,0.200000
14163,d,1.000000
14164,d,0.200000
14165,d,0.200000
14166,s,0.200000
14167,d,0.200000
14168,s,0.200000
14169,p,0.200000
14170,p,0.200000
14171,p,0.200000
14172,d,0.200000
14173,p,0.200000
14174,d,0.200000
14175,p,0.200000
14176,p,0.200000
14177,s,0.200000
14178,s,0.200000
14179,s,0.200000
14180,s,0.200000
14181,d,0.200000
14182,p,0.200000
14183,p,0.200000
14184,s,0.200000
14185,s,0.200000
14186,d,0.200000
14187,p,0.200000
14188,s,0.200000
14189,d,0.200000
14190,p,0.200000
14191,s,0.400000
14192,d,0.200000
14193,d,0.200000
14194,p,0.200000
14195,p,0.200000
14196,d,0.200000
14197,p,0.200000
14198,d,0.200000
14199,d,0.200000
14200,d,0.200000
14201,s,0.200000
14202,p,0.200000
14203,d,0.200000
14204,s,0.200000
14205,p,0.200000
14206,d,0.200000
14207,d,0.600000
14208,p,0.200000
14209,d,0.200000
14210,p,0.200000
14211,s,0.200000
14212,p,0.400000
14213,p,0.200000
14214,s,0.200000
14215,d,0.200000
14216,p,0.400000
14217,d,0.200000
14218,d,0.400000
14219,d,0.200000
14220,p,0.200000
14221,d,0.200000
14222,s,0.200000
14223,p,0.200000
14224,p,0.200000
14225,d,0.200000
14226,d,0.200000
14227,p,0.200000
14228,s,0.200000
14229,d,0.200000
14230,d,0.200000
14231,s,0.200000
14232,d,0.800000
14233,p,0.200000
14234,p,0.200000
14235,p,0.200000
14236,d,0.200000
14237,s,0.200000
14238,d,0.200000
14239,p,0.200000
14240,d,0.200000
14241,d,0.800000
14242,p,0.200000
14243,d,0.200000
14244,p,0.200000
14245,p,0.200000
14246,p,0.200000
14247,d,0.200000
14248,s,0.200000
14249,p,0.200000
14250,d,0.200000
14251,s,0.200000
14252,d,0.200000
14253,d,0.200000
14254,s,0.200000
14255,s,0.200000
14256,s,0.600000
14257,d,0.200000
14258,s,0.200000
14259,s,0.200000
14260,s,0.200000
14261,d,0.200000
14262,s,0.200000
14263,d,0.600000
14264,s,0.800000
14265,s,0.200000
14266,p,0.600000
14267,d,0.200000
14268,p,0.200000
14269,d,0.200000
14270,p,0.400000
14271,s,0.200000
14272,d,0.200000
14273,s,0.200000
14274,s,0.200000
14275,s,0.200000
14276,d,0.200000
14277,p,0.200000
14278,d,0.200000
14279,p,0.200000
14280,s,0.200000
14281,d,0.200000
14282,d,0.200000
14283,s,0.200000
14284,p,0.200000
14285,d,0.200000
14286,d,0.200000
14287,d,0.200000
14288,p,0.200000
14289,s,0.200000
14290,d,0.200000
14291,s,0.200000
14292,p,0.200000
14293,s,0.200000
14294,p,0.800000
14295,s,0.200000
14296,s,0.200000
14297,s,0.200000
14298,d,0.200000
14299,p,0.200000
14300,d,0.200000
14301,d,0.200000
14302,p,0.200000
14303,p,0.200000
14304,s,0.200000
14305,d,0.200000
14306,s,0.200000
14307,s,0.200000
14308,d,0.200000
14309,d,0.200000
14310,p,0.200000
14311,p,0.200000
14312,s,1.000000
14313,p,0.200000
14314,d,0.200000
14315,d,0.200000
14316,d,0.200000
14317,d,0.200000
14318,s,0.200000
14319,p,0.800000
14320,d,0.200000
14321,s,0.200000
14322,s,0.200000
14323,s,0.200000
14324,s,0.200000
14325,d,0.200000
14326,p,0.200000
14327,d,0.200000
14328,p,0.400000
14329,s,0.200000
14330,d,0.200000
14331,s,0.200000
14332,p,0.200000
14333,p,0.200000
14334,d,0.400000
14335,d,0.200000
14336,s,0.200000
14337,p,0.200000
14338,p,0.200000
14339,d,0.200000
14340,d,0.200000
14341,d,0.200000
14342,s,0.200000
14343,d,0.200000
14344,d,0.200000
14345,p,0.200000
14346,d,0.200000
14347,d,0.200000
14348,d,0.200000
14349,s,0.200000
14350,s,0.200000
14351,d,0.400000
14352,s,0.200000
14353,p,0.200000
14354,s,0.200000
14355,p,0.200000
14356,p,0.400000
14357,d,0.400000
14358,p,0.200000
14359,p,0.200000
14360,s,0.200000
14361,s,0.200000
14362,s,0.200000
14363,s,0.200000
14364,s,0.800000
14365,d,0.200000
14366,d,0.200000
14367,d,0.200000
14368,s,0.200000
14369,p,0.200000
14370,s,0.200000
14371,d,0.200000
14372,d,0.200000
14373,d,0.200000
14374,s,0.200000
14375,d,0.600000
14376,p,0.200000
14377,d,0.200000
14378,p,0.200000
14379,d,0.200000
14380,d,0.200000
14381,p,0.200000
14382,p,0.200000
14383,s,0.200000
14384,d,0.200000
14385,s,0.200000
14386,p,0.200000
14387,s,0.200000
14388,p,0.200000
14389,p,0.200000
14390,d,0.200000
14391,d,0.200000
14392,p,0.200000
14393,d,0.200000
14394,p,0.200000
14395,p,0.200000
14396,s,0.200000
14397,p,0.800000
14398,d,0.200000
14399,s,0.200000
14400,p,0.200000
14401,s,0.200000
14402,s,0.200000
14403,p,0.200000
14404,s,0.200000
14405,s,0.200000
14406,p,0.200000
14407,s,0.200000
14408,d,0.200000
14409,s,0.200000
14410,d,0.200000
14411,d,0.200000
14412,d,1.000000
14413,s,0.200000
14414,s,0.200000
14415,d,0.200000
14416,p,0.400000
14417,s,0.200000
14418,p,0.400000
14419,d,0.200000
14420,p,0.200000
14421,p,0.200000
14422,s,0.200000
14423,s,0.200000
14424,d,0.200000
14425,d,0.200000
14426,p,0.200000
14427,p,0.200000
14428,s,0.200000
14429,s,0.200000
14430,p,0.200000
14431,d,0.200000
14432,p,0.200000
14433,d,0.200000
14434,s,0.200000
14435,s,0.200000
14436,d,0.200000
14437,d,0.400000
14438,p,0.200000
14439,p,0.200000
14440,s,0.200000
14441,d,0.200000
14442,p,0.600000
14443,d,0.200000
14444,s,0.200000
14445,p,0.200000
14446,p,0.200000
14447,p,0.200000
14448,d,0.200000
14449,d,0.400000
14450,d,0.800000
14451,d,0.200000
14452,s,0.200000
14453,p,0.200000
14454,p,0.400000
14455,p,0.200000
14456,p,0.200000
14457,s,0.200000
14458,d,0.200000
14459,d,0.200000
14460,s,0.200000
14461,p,0.200000
14462,d,0.200000
14463,p,0.200000
14464,p,0.200000
14465,s,0.200000
14466,d,0.200000
14467,p,0.200000
14468,s,0.200000
14469,p,0.200000
14470,d,0.200000
14471,s,0.200000
14472,p,0.200000
14473,d,0.200000
14474,d,0.200000
14475,s,0.200000
14476,p,0.200000
14477,d,0.200000
14478,d,0.400000
14479,d,0.200000
14480,d,0.200000
14481,s,0.200000
14482,s,0.200000
14483,p,0.200000
14484,s,0.200000
14485,p,0.200000
14486,p,0.200000
14487,p,0.200000
14488,s,0.200000
14489,s,0.200000
14490,s,0.200000
14491,p,0.200000
14492,d,0.200000
14493,s,0.200000
14494,d,0.200000
14495,d,0.200000
14496,p,0.600000
14497,p,0.200000
14498,p,0.200000
14499,p,0.200000
14500,d,0.200000
14501,p,0.200000
14502,d,0.200000
14503,p,0.200000
14504,p,0.200000
14505,d,0.200000
14506,d,0.200000
14507,s,0.200000
14508,p,0.200000
14509,p,0.200000
14510,s,0.200000
14511,d,0.400000
14512,p,0.200000
14513,p,0.200000
14514,p,0.200000
14515,d,0.200000
14516,p,0.200000
14517,d,0.200000
14518,d,0.200000
14519,p,0.200000
14520,p,0.400000
14521,s,0.200000
14522,s,0.200000
14523,s,0.200000
14524,d,0.200000
14525,s,0.200000
14526,d,0.200000
14527,d,0.200000
14528,p,0.200000
14529,d,0.200000
14530,d,0.200000
14531,s,0.200000
14532,s,1.000000
14533,s,0.200000
14534,p,0.200000
14535,s,0.200000
14536,d,0.200000
14537,d,0.200000
14538,s,0.200000
14539,p,0.200000
14540,p,0.200000
14541,d,0.200000
14542,p,0.200000
14543,s,0.200000
14544,d,0.200000
14545,s,0.200000
14546,d,0.200000
14547,d,0.200000
14548,p,0.200000
14549,p,0.200000
14550,p,0.200000
14551,p,0.200000
14552,p,0.200000
14553,s,0.200000
14554,p,0.200000
14555,p,0.200000
14556,p,0.600000
14557,d,0.200000
14558,p,1.000000
14559,s,0.200000
14560,s,0.200000
14561,d,0.600000
14562,d,0.200000
14563,s,0.200000
14564,s,0.200000
14565,s,0.200000
14566,p,0.200000
14567,p,0.200000
14568,d,0.200000
14569,p,0.200000
14570,s,0.200000
14571,d,0.200000
14572,d,0.200000
14573,d,0.200000
14574,p,0.200000
14575,p,0.200000
14576,d,0.200000
14577,s,0.200000
14578,p,0.200000
14579,s,0.200000
14580,d,0.200000
14581,p,0.200000
14582,d,0.600000
14583,s,0.200000
14584,p,0.200000
14585,s,0.200000
14586,p,0.200000
14587,d,0.200000
14588,p,0.200000
14589,s,0.200000
14590,s,0.200000
14591,d,0.200000
14592,d,0.200000
14593,s,0.200000
14594,p,0.200000
14595,p,0.600000
14596,p,0.200000
14597,p,0.600000
14598,p,0.200000
14599,s,0.200000
14600,d,0.200000
14601,p,0.200000
14602,s,0.200000
14603,d,0.200000
14604,p,0.200000
14605,p,0.200000
14606,s,0.200000
14607,p,0.200000
14608,s,0.200000
14609,d,0.200000
14610,d,0.200000
14611,s,0.200000
14612,d,0.200000
14613,s,0.200000
14614,p,0.200000
14615,p,0.200000
14616,d,0.200000
14617,d,0.200000
14618,p,0.200000
14619,p,0.200000
14620,p,0.600000
14621,d,0.200000
14622,s,0.200000
14623,s,0.200000
14624,s,0.200000
14625,p,0.200000
14626,d,0.600000
14627,s,0.200000
14628,s,0.200000
14629,p,0.200000
14630,d,0.200000
14631,d,0.200000
14632,d,0.200000
14633,d,0.400000
14634,p,0.200000
14635,d,0.200000
14636,d,0.200000
14637,s,0.200000
14638,p,0.200000
14639,s,0.200000
14640,d,0.200000
14641,d,0.200000
14642,s,0.200000
14643,s,0.200000
14644,s,0.200000
14645,s,0.200000
14646,d,0.200000
14647,d,0.200000
14648,s,0.200000
14649,p,0.200000
14650,s,0.600000
14651,s,0.200000
14652,s,0.600000
14653,s,0.200000
14654,s,0.200000
14655,p,0.200000
14656,d,0.200000
14657,p,0.200000
14658,s,0.200000
14659,d,0.200000
14660,s,0.200000
14661,d,0.200000
14662,d,0.200000
14663,s,0.200000
14664,d,0.200000
14665,p,0.200000
14666,s,0.200000
14667,d,0.200000
14668,p,0.200000
14669,p,0.200000
14670,s,0.200000
14671,p,0.200000
14672,s,0.400000
14673,p,0.200000
14674,d,0.200000
14675,p,0.400000
14676,p,0.200000
14677,d,0.200000
14678,d,0.400000
14679,s,0.600000
14680,s,0.200000
14681,d,0.200000
14682,p,0.200000
14683,s,0.200000
14684,d,0.200000
14685,d,0.600000
14686,s,0.200000
14687,p,0.200000
14688,p,0.200000
14689,p,0.200000
14690,d,0.200000
14691,d,0.200000
14692,s,0.200000
14693,d,0.200000
14694,p,0.200000
14695,p,0.200000
14696,d,0.400000
14697,d,0.200000
14698,p,0.800000
14699,s,0.200000
14700,s,0.200000
14701,d,0.200000
14702,p,0.200000
14703,d,0.200000
14704,d,0.200000
14705,p,0.200000
14706,s,0.200000
14707,p,0.200000
14708,d,0.200000
14709,s,0.200000
14710,p,0.200000
14711,s,0.200000
14712,s,0.200000
14713,p,0.200000
14714,p,0.200000
14715,d,0.600000
14716,d,0.200000
14717,d,0.200000
14718,d,0.200000
14719,p,0.200000
14720,d,0.200000
14721,d,0.200000
14722,d,0.200000
14723,p,0.200000
14724,d,0.200000
14725,d,0.200000
14726,p,0.200000
14727,s,0.200000
14728,d,0.200000
14729,d,0.200000
14730,s,0.200000
14731,s,0.200000
14732,s,0.200000
14733,d,0.200000
14734,s,0.200000
14735,s,0.200000
14736,d,0.600000
14737,d,0.200000
14738,p,0.200000
14739,p,0.200000
14740,p,0.200000
14741,p,0.200000
14742,p,0.200000
14743,s,0.200000
14744,s,0.600000
14745,p,0.200000
14746,d,0.200000
14747,p,0.200000
14748,p,1.000000
14749,p,0.200000
14750,s,0.200000
14751,d,0.200000
14752,d,0.400000
14753,d,0.200000
14754,s,0.200000
14755,p,0.200000
14756,p,0.200000
14757,p,0.200000
14758,s,0.200000
14759,d,0.200000
14760,d,0.200000
14761,s,0.200000
14762,p,0.600000
14763,s,0.600000
14764,s,0.200000
14765,d,0.200000
14766,d,0.200000
14767,s,0.200000
14768,d,0.400000
14769,s,0.200000
14770,p,0.200000
14771,p,0.200000
14772,s,0.200000
14773,p,0.200000
14774,s,0.200000
14775,p,0.200000
14776,p,0.200000
14777,d,0.200000
14778,s,0.200000
14779,s,0.200000
14780,s,0.200000
14781,p,0.600000
14782,p,0.200000
14783,s,0.200000
14784,d,0.200000
14785,p,0.200000
14786,s,0.200000
14787,d,0.200000
14788,d,0.200000
14789,d,0.400000
14790,p,0.200000
14791,p,0.200000
14792,s,0.200000
14793,d,0.200000
14794,p,0.200000
14795,p,0.200000
14796,d,0.200000
14797,s,0.200000
14798,d,0.200000
14799,p,0.200000
14800,p,0.200000
14801,s,0.200000
14802,d,0.200000
14803,d,0.200000
14804,p,0.200000
14805,d,0.200000
14806,s,0.200000
14807,p,0.200000
14808,p,0.200000
14809,d,0.200000
14810,p,0.200000
14811,p,0.200000
14812,s,0.200000
14813,d,0.200000
14814,d,0.200000
14815,p,0.200000
14816,s,0.200000
14817,p,0.400000
14818,d,0.200000
14819,d,0.200000
14820,s,0.200000
14821,d,0.200000
14822,d,0.200000
14823,p,0.200000
14824,s,0.200000
14825,d,0.200000
14826,d,0.200000
14827,p,0.200000
14828,p,0.200000
14829,s,0.200000
14830,d,0.200000
14831,p,0.200000
14832,s,0.200000
14833,p,0.200000
14834,p,0.200000
14835,s,0.600000
14836,p,0.200000
14837,s,0.200000
14838,p,0.200000
14839,d,0.200000
14840,p,0.200000
14841,p,0.200000
14842,s,0.200000
14843,s,0.200000
14844,s,0.200000
14845,p,0.200000
14846,d,0.200000
14847,p,0.200000
14848,d,0.200000
14849,p,0.200000
14850,p,0.200000
14851,s,0.200000
14852,d,0.200000
14853,p,0.200000
14854,d,0.200000
14855,p,0.400000
14856,d,0.200000
14857,s,0.200000
14858,d,0.200000
14859,s,0.200000
14860,s,0.200000
14861,d,0.400000
14862,d,0.200000
14863,p,0.200000
14864,p,0.200000
14865,d,0.400000
14866,d,0.200000
14867,p,0.200000
14868,p,0.200000
14869,d,0.600000
14870,s,0.200000
14871,s,0.200000
14872,d,0.200000
14873,d,0.200000
14874,d,0.200000
14875,s,0.200000
14876,s,0.200000
14877,p,0.200000
14878,p,0.200000
14879,s,0.200000
14880,p,0.200000
14881,s,0.200000
14882,p,0.200000
14883,p,0.200000
14884,d,0.200000
14885,d,0.200000
14886,p,0.200000
14887,p,0.200000
14888,p,0.200000
14889,d,0.200000
14890,s,0.200000
14891,s,0.200000
14892,s,0.200000
14893,d,0.200000
14894,d,0.200000
14895,s,0.200000
14896,p,0.600000
14897,s,0.200000
14898,d,0.200000
14899,s,0.200000
14900,p,0.200000
14901,s,0.200000
14902,s,0.400000
14903,p,0.200000
14904,p,0.200000
14905,p,0.200000
14906,d,0.200000
14907,d,0.200000
14908,p,0.200000
14909,s,0.200000
14910,d,0.200000
14911,p,0.200000
14912,d,0.200000
14913,p,0.200000
14914,s,0.200000
14915,s,0.200000
14916,p,0.200000
14917,s,0.200000
14918,p,0.200000
14919,s,0.200000
14920,s,0.200000
14921,s,0.200000
14922,p,0.200000
14923,d,0.200000
14924,d,0.200000
14925,d,0.200000
14926,p,0.200000
14927,s,0.200000
14928,d,0.200000
14929,s,0.200000
14930,p,0.200000
14931,p,0.200000
14932,d,0.200000
14933,s,0.200000
14934,s,0.200000
14935,p,0.200000
14936,p,0.200000
14937,p,0.200000
14938,d,0.200000
14939,s,0.200000
14940,p,0.200000
14941,s,0.200000
14942,d,0.200000
14943,s,0.200000
14944,p,0.200000
14945,p,0.200000
14946,p,0.200000
14947,d,0.200000
14948,d,0.200000
14949,p,0.200000
14950,d,0.200000
14951,d,0.200000
14952,s,0.800000
14953,p,0.200000
14954,s,0.200000
14955,s,0.200000
14956,p,0.200000
14957,p,0.200000
14958,s,0.200000
14959,s,0.200000
14960,d,0.200000
14961,s,0.200000
14962,s,0.200000
14963,d,0.200000
14964,d,0.200000
14965,p,0.200000
14966,s,0.200000
14967,s,0.200000
14968,d,0.200000
14969,s,0.200000
14970,d,0.200000
14971,d,0.200000
14972,d,0.200000
14973,p,0.200000
14974,s,0.200000
14975,d,0.200000
14976,d,0.200000
14977,s,0.200000
14978,p,0.200000
14979,p,0.200000
14980,p,0.200000
14981,s,0.200000
14982,s,0.200000
14983,p,0.200000
14984,d,0.200000
14985,p,0.200000
14986,s,0.200000
14987,s,0.200000
14988,s,0.200000
14989,d,0.200000
14990,d,0.200000
14991,s,0.200000
14992,s,0.200000
14993,d,0.200000
14994,s,0.200000
14995,d,0.200000
14996,d,0.200000
14997,d,0.200000
14998,s,0.200000
14999,d,0.200000
15000,s,0.200000
15001,s,0.200000
15002,s,0.200000
15003,d,0.600000
15004,s,0.400000
15005,s,0.200000
15006,p,0.200000
15007,d,0.200000
15008,d,0.600000
15009,s,0.200000
15010,d,0.200000
15011,s,0.200000
15012,s,0.200000
15013,p,0.200000
15014,p,0.200000
15015,d,0.200000
15016,s,0.200000
15017,s,0.800000
15018,p,0.200000
15019,s,0.200000
15020,d,0.200000
15021,p,0.200000
15022,s,0.200000
15023,s,0.200000
15024,d,0.200000
15025,p,0.200000
15026,d,0.200000
15027,p,0.200000
15028,p,0.200000
15029,s,0.200000
15030,d,0.200000
15031,p,0.200000
15032,p,0.200000
15033,d,0.200000
15034,s,0.200000
15035,s,0.200000
15036,s,0.200000
15037,d,0.200000
15038,d,0.200000
15039,d,0.200000
15040,s,0.200000
15041,s,0.200000
15042,s,0.200000
15043,s,0.200000
15044,s,0.200000
15045,d,0.200000
15046,s,0.200000
15047,p,0.200000
15048,d,0.600000
15049,s,0.200000
15050,s,0.200000
15051,s,0.200000
15052,d,0.200000
15053,p,0.200000
15054,p,0.200000
15055,d,0.200000
15056,s,0.200000
15057,p,0.200000
15058,s,0.200000
15059,p,0.200000
15060,d,0.200000
15061,d,0.200000
15062,p,0.600000
15063,s,0.200000
15064,d,0.200000
15065,p,0.200000
15066,d,0.200000
15067,p,0.600000
15068,d,0.200000
15069,d,0.200000
15070,s,0.200000
15071,p,0.200000
15072,p,0.200000
15073,s,0.200000
15074,p,0.200000
15075,s,0.200000
15076,s,0.200000
15077,p,0.200000
15078,s,0.200000
15079,s,0.200000
15080,s,0.200000
15081,d,0.200000
15082,s,0.400000
15083,d,0.200000
15084,p,0.200000
15085,s,0.200000
15086,s,0.200000
15087,d,0.200000
15088,d,0.200000
15089,s,0.200000
15090,p,0.200000
15091,s,0.200000
15092,s,0.600000
15093,d,0.200000
15094,p,0.200000
15095,d,0.200000
15096,p,0.200000
15097,d,0.200000
15098,s,0.200000
15099,s,0.200000
15100,s,0.200000
15101,s,0.200000
15102,d,0.400000
15103,s,0.200000
15104,s,0.400000
15105,d,0.200000
15106,p,0.200000
15107,s,0.200000
15108,p,0.200000
15109,s,0.200000
15110,s,0.200000
15111,d,0.200000
15112,p,0.200000
15113,d,0.200000
15114,p,0.200000
15115,p,0.200000
15116,s,0.200000
15117,s,0.800000
15118,p,0.200000
15119,s,0.200000
15120,p,0.200000
15121,p,0.200000
15122,d,0.200000
15123,s,0.200000
15124,d,0.200000
15125,s,0.200000
15126,d,0.200000
15127,s,0.200000
15128,s,0.200000
15129,s,0.200000
15130,p,0.200000
15131,p,0.200000
15132,s,0.200000
15133,p,0.200000
15134,s,1.000000
15135,s,0.200000
15136,d,0.200000
15137,d,0.200000
15138,s,0.200000
15139,s,0.200000
15140,d,0.200000
15141,d,0.200000
15142,s,0.200000
15143,s,0.200000
15144,d,0.200000
15145,d,0.200000
15146,p,0.200000
15147,p,0.200000
15148,s,0.200000
15149,s,0.200000
15150,p,0.200000
15151,d,0.200000
15152,s,0.200000
15153,p,0.200000
15154,p,0.400000
15155,p,0.200000
15156,d,0.200000
15157,p,0.200000
15158,s,0.200000
15159,s,0.200000
15160,d,0.200000
15161,s,0.200000
15162,d,0.200000
15163,s,0.200000
15164,d,0.200000
15165,s,0.200000
15166,d,0.200000
15167,d,0.200000
15168,p,0.200000
15169,d,0.200000
15170,p,0.200000
15171,p,0.200000
15172,d,0.200000
15173,s,0.200000
15174,d,0.200000
15175,s,0.200000
15176,d,0.200000
15177,d,0.200000
15178,s,0.200000
15179,s,0.200000
15180,s,0.200000
15181,d,0.200000
15182,s,0.200000
15183,s,0.200000
15184,d,0.200000
15185,d,0.200000
15186,p,0.200000
15187,d,0.200000
15188,p,0.200000
15189,p,0.200000
15190,s,0.200000
15191,s,0.200000
15192,d,0.200000
15193,p,0.200000
15194,d,0.200000
15195,p,0.200000
15196,d,0.200000
15197,d,0.200000
15198,s,0.200000
15199,p,0.200000
15200,d,0.200000
15201,d,0.200000
15202,d,0.200000
15203,s,0.200000
15204,p,0.200000
15205,p,0.200000
15206,p,0.400000
15207,s,0.200000
15208,d,0.200000
15209,p,0.200000
15210,d,0.200000
15211,d,0.200000
15212,d,0.200000
15213,p,0.200000
15214,p,0.200000
15215,d,0.400000
15216,d,0.200000
15217,d,0.200000
15218,s,0.200000
15219,s,0.200000
15220,d,0.200000
15221,s,0.200000
15222,d,0.200000
15223,s,0.200000
15224,s,0.200000
