episode,step,reward
0,1,0.475183
0,2,0.361690
0,3,0.486066
0,4,0.484157
0,5,0.508453
0,6,0.438214
0,7,0.547988
0,8,0.496497
0,9,0.486625
0,10,0.534946
0,11,0.465778
0,12,0.499687
0,13,0.574110
0,14,0.504218
0,15,0.485208
1,1,0.479353
1,2,0.555991
1,3,0.474079
1,4,0.547988
1,5,0.539262
1,6,0.478456
1,7,0.441839
1,8,0.485729
1,9,0.533129
1,10,0.535135
1,11,0.456706
1,12,0.465097
1,13,0.495007
1,14,0.492985
1,15,0.447157
2,1,0.478755
2,2,0.455255
2,3,0.574110
2,4,0.523651
2,5,0.484081
2,6,0.562031
2,7,0.533149
2,8,0.464694
2,9,0.509753
2,10,0.451392
2,11,0.503338
2,12,0.532282
2,13,0.509219
2,14,0.557947
2,15,0.536505
3,1,0.534846
3,2,0.539334
3,3,0.575457
3,4,0.504787
3,5,0.534607
3,6,0.454940
3,7,0.502367
3,8,0.484374
3,9,0.576623
3,10,0.528786
3,11,0.520984
3,12,0.550841
3,13,0.343826
3,14,0.455031
3,15,0.466943
4,1,0.488203
4,2,0.532333
4,3,0.448606
4,4,0.441323
4,5,0.459268
4,6,0.429783
4,7,0.500525
4,8,0.453562
4,9,0.491282
4,10,0.464209
4,11,0.486625
4,12,0.528651
4,13,0.518001
4,14,0.525536
4,15,0.458592
5,1,0.497231
5,2,0.533703
5,3,0.506124
5,4,0.434260
5,5,0.250131
5,6,0.506369
5,7,0.492090
5,8,0.525622
5,9,0.505143
5,10,0.464046
5,11,0.477352
5,12,0.574110
5,13,0.458896
5,14,0.486625
5,15,0.485829
6,1,0.507952
6,2,0.479841
6,3,0.478279
6,4,0.469529
6,5,0.523915
6,6,0.576905
6,7,0.434096
6,8,0.453878
6,9,0.520477
6,10,0.454987
6,11,0.511180
6,12,0.502631
6,13,0.534766
6,14,0.504207
6,15,0.457129
7,1,0.341083
7,2,0.440360
7,3,0.443143
7,4,0.484983
7,5,0.464575
7,6,0.452244
7,7,0.464743
7,8,0.478874
7,9,0.542578
7,10,0.532282
7,11,0.551110
7,12,0.474233
7,13,0.497013
7,14,0.471827
7,15,0.540239
8,1,0.509314
8,2,0.479895
8,3,0.535909
8,4,0.549259
8,5,0.535890
8,6,0.461117
8,7,0.504464
8,8,0.455614
8,9,0.445859
8,10,0.501076
8,11,0.471671
8,12,0.457971
8,13,0.480839
8,14,0.546563
8,15,0.524478
9,1,0.459874
9,2,0.512273
9,3,0.506369
9,4,0.508728
9,5,0.470092
9,6,0.454104
9,7,0.474019
9,8,0.453194
9,9,0.502810
9,10,0.446948
9,11,0.480748
9,12,0.479499
9,13,0.434589
9,14,0.441839
9,15,0.301284
10,1,0.503067
10,2,0.453424
10,3,0.458975
10,4,0.513957
10,5,0.478936
10,6,0.512959
10,7,0.524280
10,8,0.447198
10,9,0.440470
10,10,0.435590
10,11,0.453644
10,12,0.396328
10,13,0.585922
10,14,0.547988
10,15,0.460494
11,1,0.452673
11,2,0.470955
11,3,0.529878
11,4,0.464625
11,5,0.442643
11,6,0.445057
11,7,0.452076
11,8,0.489997
11,9,0.442274
11,10,0.477037
11,11,0.479848
11,12,0.488667
11,13,0.537782
11,14,0.547988
11,15,0.522955
12,1,0.550303
12,2,0.533808
12,3,0.480519
12,4,0.517503
12,5,0.508885
12,6,0.460768
12,7,0.484233
12,8,0.485736
12,9,0.474313
12,10,0.542738
12,11,0.507246
12,12,0.575772
12,13,0.461244
12,14,0.453878
12,15,0.467052
13,1,0.467712
13,2,0.454227
13,3,0.447241
13,4,0.491418
13,5,0.501872
13,6,0.530461
13,7,0.512390
13,8,0.437339
13,9,0.499833
13,10,0.311617
13,11,0.469117
13,12,0.533230
13,13,0.462080
13,14,0.435612
13,15,0.461679
14,1,0.434589
14,2,0.446882
14,3,0.535012
14,4,0.515813
14,5,0.582009
14,6,0.549235
14,7,0.562698
14,8,0.553196
14,9,0.284236
14,10,0.254376
14,11,0.502791
14,12,0.467425
14,13,0.482757
14,14,0.526591
14,15,0.540825
15,1,0.456480
15,2,0.417336
15,3,0.468246
15,4,0.490921
15,5,0.457620
15,6,0.458399
15,7,0.351153
15,8,0.500442
15,9,0.527888
15,10,0.469679
15,11,0.491869
15,12,0.528978
15,13,0.547988
15,14,0.478179
15,15,0.438214
16,1,0.481742
16,2,0.479866
16,3,0.496306
16,4,0.530389
16,5,0.459058
16,6,0.527634
16,7,0.456649
16,8,0.250417
16,9,0.486708
16,10,0.511356
16,11,0.468890
16,12,0.358855
16,13,0.518923
16,14,0.447613
16,15,0.444884
17,1,0.440052
17,2,0.524994
17,3,0.552379
17,4,0.582009
17,5,0.442366
17,6,0.452673
17,7,0.500406
17,8,0.447332
17,9,0.468327
17,10,0.548750
17,11,0.434096
17,12,0.434589
17,13,0.473422
17,14,0.520233
17,15,0.530367
18,1,0.485880
18,2,0.537488
18,3,0.472792
18,4,0.338269
18,5,0.480122
18,6,0.517495
18,7,0.520001
18,8,0.512655
18,9,0.491237
18,10,0.489591
18,11,0.533129
18,12,0.464209
18,13,0.428541
18,14,0.497917
18,15,0.533703
19,1,0.497807
19,2,0.459927
19,3,0.468226
19,4,0.493545
19,5,0.503947
19,6,0.522955
19,7,0.464885
19,8,0.453313
19,9,0.502465
19,10,0.420338
19,11,0.494132
19,12,0.545294
19,13,0.566955
19,14,0.488479
19,15,0.544948
20,1,0.439357
20,2,0.456919
20,3,0.202543
20,4,0.484382
20,5,0.429600
20,6,0.501691
20,7,0.540846
20,8,0.493153
20,9,0.498979
20,10,0.543698
20,11,0.434589
20,12,0.459497
20,13,0.453469
20,14,0.437995
20,15,0.513489
21,1,0.468917
21,2,0.485318
21,3,0.511441
21,4,0.517195
21,5,0.456674
21,6,0.437995
21,7,0.485366
21,8,0.547988
21,9,0.494727
21,10,0.454736
21,11,0.497287
21,12,0.289726
21,13,0.496497
21,14,0.457620
21,15,0.411744
22,1,0.437353
22,2,0.543383
22,3,0.472171
22,4,0.481027
22,5,0.509730
22,6,0.472804
22,7,0.453502
22,8,0.434589
22,9,0.515532
22,10,0.517210
22,11,0.468892
22,12,0.396328
22,13,0.527474
22,14,0.457620
22,15,0.456830
23,1,0.468327
23,2,0.499727
23,3,0.522146
23,4,0.546789
23,5,0.535675
23,6,0.465385
23,7,0.543035
23,8,0.482836
23,9,0.522443
23,10,0.506369
23,11,0.490530
23,12,0.456522
23,13,0.304613
23,14,0.311119
23,15,0.522042
24,1,0.478695
24,2,0.434589
24,3,0.469117
24,4,0.506369
24,5,0.491894
24,6,0.497013
24,7,0.438795
24,8,0.566955
24,9,0.468795
24,10,0.498262
24,11,0.476027
24,12,0.449876
24,13,0.533215
24,14,0.481813
24,15,0.520256
25,1,0.501399
25,2,0.490956
25,3,0.469783
25,4,0.467347
25,5,0.458250
25,6,0.217294
25,7,0.505765
25,8,0.491610
25,9,0.549802
25,10,0.529161
25,11,0.495181
25,12,0.456367
25,13,0.450009
25,14,0.282743
25,15,0.471202
26,1,0.446879
26,2,0.483527
26,3,0.467147
26,4,0.446415
26,5,0.490145
26,6,0.491392
26,7,0.539966
26,8,0.538565
26,9,0.464872
26,10,0.576075
26,11,0.529404
26,12,0.506124
26,13,0.533514
26,14,0.510891
26,15,0.463013
27,1,0.459712
27,2,0.489386
27,3,0.536734
27,4,0.520477
27,5,0.536217
27,6,0.493637
27,7,0.437005
27,8,0.327608
27,9,0.465005
27,10,0.511692
27,11,0.474242
27,12,0.542827
27,13,0.466606
27,14,0.465161
27,15,0.468412
28,1,0.336163
28,2,0.447241
28,3,0.502374
28,4,0.519583
28,5,0.492297
28,6,0.544584
28,7,0.458622
28,8,0.475747
28,9,0.488632
28,10,0.533020
28,11,0.503998
28,12,0.521767
28,13,0.526161
28,14,0.454778
28,15,0.452355
29,1,0.467830
29,2,0.511180
29,3,0.534058
29,4,0.475782
29,5,0.544847
29,6,0.434589
29,7,0.553205
29,8,0.513335
29,9,0.473126
29,10,0.462961
29,11,0.478198
29,12,0.491548
29,13,0.506765
29,14,0.513402
29,15,0.459806
30,1,0.217294
30,2,0.489446
30,3,0.435400
30,4,0.505171
30,5,0.446948
30,6,0.465420
30,7,0.464089
30,8,0.486120
30,9,0.500982
30,10,0.443246
30,11,0.433521
30,12,0.471245
30,13,0.473539
30,14,0.533704
30,15,0.547988
31,1,0.532282
31,2,0.457129
31,3,0.492131
31,4,0.518965
31,5,0.459355
31,6,0.484493
31,7,0.456650
31,8,0.457702
31,9,0.411744
31,10,0.488773
31,11,0.503766
31,12,0.302335
31,13,0.506369
31,14,0.513007
31,15,0.435590
32,1,0.493442
32,2,0.548126
32,3,0.503420
32,4,0.513112
32,5,0.465784
32,6,0.544118
32,7,0.534961
32,8,0.547988
32,9,0.562011
32,10,0.512167
32,11,0.512790
32,12,0.489181
32,13,0.451211
32,14,0.438818
32,15,0.434848
33,1,0.467536
33,2,0.468038
33,3,0.434950
33,4,0.482253
33,5,0.494768
33,6,0.519213
33,7,0.532549
33,8,0.496160
33,9,0.502064
33,10,0.547988
33,11,0.513402
33,12,0.477718
33,13,0.457790
33,14,0.504631
33,15,0.482040
34,1,0.531996
34,2,0.484081
34,3,0.534946
34,4,0.499127
34,5,0.543757
34,6,0.533703
34,7,0.471811
34,8,0.489271
34,9,0.514107
34,10,0.515668
34,11,0.532603
34,12,0.533230
34,13,0.515326
34,14,0.489292
34,15,0.459558
35,1,0.536505
35,2,0.452033
35,3,0.493604
35,4,0.397650
35,5,0.494591
35,6,0.437005
35,7,0.456463
35,8,0.463254
35,9,0.492854
35,10,0.533703
35,11,0.576623
35,12,0.469302
35,13,0.469086
35,14,0.452788
35,15,0.459494
36,1,0.468038
36,2,0.449992
36,3,0.495660
36,4,0.460767
36,5,0.574110
36,6,0.467553
36,7,0.432268
36,8,0.484274
36,9,0.454363
36,10,0.500261
36,11,0.511102
36,12,0.487112
36,13,0.540774
36,14,0.532282
36,15,0.524886
37,1,0.519287
37,2,0.454711
37,3,0.217294
37,4,0.483348
37,5,0.495545
37,6,0.481704
37,7,0.522103
37,8,0.547988
37,9,0.495638
37,10,0.574110
37,11,0.477779
37,12,0.441839
37,13,0.480666
37,14,0.517300
37,15,0.483128
38,1,0.465544
38,2,0.434589
38,3,0.501068
38,4,0.475634
38,5,0.279891
38,6,0.493604
38,7,0.459056
38,8,0.453896
38,9,0.502883
38,10,0.496340
38,11,0.435590
38,12,0.541441
38,13,0.519325
38,14,0.336338
38,15,0.503017
39,1,0.510648
39,2,0.538357
39,3,0.523915
39,4,0.458100
39,5,0.459244
39,6,0.457538
39,7,0.483184
39,8,0.512790
39,9,0.446879
39,10,0.478837
39,11,0.547988
39,12,0.472768
39,13,0.513767
39,14,0.540988
39,15,0.549686
40,1,0.500261
40,2,0.485581
40,3,0.489830
40,4,0.464426
40,5,0.503691
40,6,0.466336
40,7,0.495335
40,8,0.549802
40,9,0.512959
40,10,0.538089
40,11,0.533796
40,12,0.541953
40,13,0.438214
40,14,0.496160
40,15,0.481802
41,1,0.367634
41,2,0.452851
41,3,0.483869
41,4,0.466165
41,5,0.547988
41,6,0.420338
41,7,0.366465
41,8,0.446456
41,9,0.510154
41,10,0.523149
41,11,0.476762
41,12,0.460110
41,13,0.363967
41,14,0.506335
41,15,0.472494
42,1,0.437995
42,2,0.504814
42,3,0.512759
42,4,0.533276
42,5,0.503420
42,6,0.442102
42,7,0.506369
42,8,0.533703
42,9,0.500261
42,10,0.488479
42,11,0.461444
42,12,0.459320
42,13,0.498073
42,14,0.528477
42,15,0.511180
43,1,0.523449
43,2,0.533984
43,3,0.520813
43,4,0.462683
43,5,0.465908
43,6,0.468463
43,7,0.467199
43,8,0.480991
43,9,0.504599
43,10,0.547988
43,11,0.534946
43,12,0.456565
43,13,0.452010
43,14,0.557856
43,15,0.442699
44,1,0.452673
44,2,0.531294
44,3,0.491819
44,4,0.485880
44,5,0.520477
44,6,0.434589
44,7,0.538849
44,8,0.574110
44,9,0.508197
44,10,0.523915
44,11,0.493922
44,12,0.530367
44,13,0.488636
44,14,0.464786
44,15,0.519178
45,1,0.445861
45,2,0.449264
45,3,0.442633
45,4,0.533594
45,5,0.464802
45,6,0.488363
45,7,0.498619
45,8,0.495446
45,9,0.441839
45,10,0.516618
45,11,0.500422
45,12,0.491392
45,13,0.492014
45,14,0.515290
45,15,0.434096
46,1,0.508753
46,2,0.521767
46,3,0.487047
46,4,0.540335
46,5,0.434589
46,6,0.582009
46,7,0.577435
46,8,0.575420
46,9,0.475296
46,10,0.464208
46,11,0.574110
46,12,0.462818
46,13,0.501691
46,14,0.501733
46,15,0.483527
47,1,0.526239
47,2,0.217795
47,3,0.513634
47,4,0.470952
47,5,0.530367
47,6,0.513670
47,7,0.450343
47,8,0.431107
47,9,0.435135
47,10,0.457029
47,11,0.411744
47,12,0.485104
47,13,0.554567
47,14,0.496160
47,15,0.467342
48,1,0.457129
48,2,0.405085
48,3,0.369631
48,4,0.483759
48,5,0.447546
48,6,0.513597
48,7,0.504737
48,8,0.511137
48,9,0.473116
48,10,0.500834
48,11,0.523751
48,12,0.457129
48,13,0.515668
48,14,0.522257
48,15,0.468890
49,1,0.328906
49,2,0.503585
49,3,0.524625
49,4,0.512790
49,5,0.476728
49,6,0.547988
49,7,0.459497
49,8,0.520477
49,9,0.332310
49,10,0.459174
49,11,0.482739
49,12,0.497042
49,13,0.462915
49,14,0.470720
49,15,0.511785
50,1,0.506933
50,2,0.520577
50,3,0.437005
50,4,0.442868
50,5,0.480839
50,6,0.434589
50,7,0.547988
50,8,0.439506
50,9,0.582009
50,10,0.434589
50,11,0.535501
50,12,0.456919
50,13,0.504352
50,14,0.301284
50,15,0.311119
51,1,0.452823
51,2,0.444285
51,3,0.443356
51,4,0.527474
51,5,0.508799
51,6,0.507628
51,7,0.535252
51,8,0.526667
51,9,0.478917
51,10,0.539301
51,11,0.529071
51,12,0.452906
51,13,0.301284
51,14,0.405085
51,15,0.491382
52,1,0.496160
52,2,0.579136
52,3,0.464367
52,4,0.451927
52,5,0.485271
52,6,0.481355
52,7,0.461301
52,8,0.481339
52,9,0.501266
52,10,0.576905
52,11,0.509547
52,12,0.522257
52,13,0.466881
52,14,0.515644
52,15,0.517210
53,1,0.458257
53,2,0.496598
53,3,0.500261
53,4,0.510721
53,5,0.535135
53,6,0.426354
53,7,0.497003
53,8,0.457308
53,9,0.535952
53,10,0.534268
53,11,0.535708
53,12,0.455038
53,13,0.495784
53,14,0.489234
53,15,0.535984
54,1,0.449614
54,2,0.453722
54,3,0.456849
54,4,0.484977
54,5,0.515641
54,6,0.504199
54,7,0.525419
54,8,0.460114
54,9,0.523917
54,10,0.460125
54,11,0.510085
54,12,0.491392
54,13,0.457620
54,14,0.497922
54,15,0.425335
55,1,0.487307
55,2,0.543944
55,3,0.523915
55,4,0.525827
55,5,0.536119
55,6,0.529239
55,7,0.530632
55,8,0.532855
55,9,0.539378
55,10,0.488479
55,11,0.530367
55,12,0.525622
55,13,0.574110
55,14,0.486746
55,15,0.456739
56,1,0.442052
56,2,0.498850
56,3,0.472810
56,4,0.444870
56,5,0.472678
56,6,0.529878
56,7,0.517837
56,8,0.507808
56,9,0.503420
56,10,0.520813
56,11,0.468909
56,12,0.514107
56,13,0.515668
56,14,0.430972
56,15,0.432592
57,1,0.434848
57,2,0.533230
57,3,0.461636
57,4,0.486625
57,5,0.520884
57,6,0.475426
57,7,0.544847
57,8,0.537459
57,9,0.489931
57,10,0.520716
57,11,0.468577
57,12,0.446928
57,13,0.455984
57,14,0.479120
57,15,0.464046
58,1,0.474943
58,2,0.470304
58,3,0.480666
58,4,0.473750
58,5,0.502557
58,6,0.524305
58,7,0.520813
58,8,0.514993
58,9,0.515823
58,10,0.445859
58,11,0.309915
58,12,0.473653
58,13,0.510936
58,14,0.574110
58,15,0.557856
59,1,0.529267
59,2,0.536469
59,3,0.518839
59,4,0.474180
59,5,0.483527
59,6,0.290060
59,7,0.494330
59,8,0.457308
59,9,0.522294
59,10,0.480115
59,11,0.535364
59,12,0.464736
59,13,0.445899
59,14,0.506335
59,15,0.525831
60,1,0.465302
60,2,0.454388
60,3,0.447546
60,4,0.500119
60,5,0.533808
60,6,0.461813
60,7,0.506369
60,8,0.492659
60,9,0.493297
60,10,0.499364
60,11,0.489315
60,12,0.495194
60,13,0.574110
60,14,0.519984
60,15,0.508421
61,1,0.451235
61,2,0.501899
61,3,0.464209
61,4,0.456857
61,5,0.455661
61,6,0.452797
61,7,0.000000
61,8,0.509205
61,9,0.489481
61,10,0.434589
61,11,0.456919
61,12,0.512611
61,13,0.514986
61,14,0.457720
61,15,0.501076
62,1,0.460763
62,2,0.542906
62,3,0.472835
62,4,0.446467
62,5,0.493671
62,6,0.311858
62,7,0.503190
62,8,0.471809
62,9,0.462142
62,10,0.470195
62,11,0.476358
62,12,0.511339
62,13,0.522955
62,14,0.435590
62,15,0.487228
63,1,0.521309
63,2,0.434589
63,3,0.495444
63,4,0.467396
63,5,0.525638
63,6,0.468497
63,7,0.498278
63,8,0.486029
63,9,0.504123
63,10,0.524190
63,11,0.486746
63,12,0.447917
63,13,0.448772
63,14,0.411744
63,15,0.482607
64,1,0.521061
64,2,0.513670
64,3,0.576623
64,4,0.536217
64,5,0.486625
64,6,0.543383
64,7,0.521309
64,8,0.525733
64,9,0.483527
64,10,0.533920
64,11,0.512449
64,12,0.535477
64,13,0.533984
64,14,0.467425
64,15,0.438214
65,1,0.507824
65,2,0.515813
65,3,0.543502
65,4,0.529795
65,5,0.446254
65,6,0.504123
65,7,0.486708
65,8,0.435590
65,9,0.380913
65,10,0.525230
65,11,0.426354
65,12,0.506369
65,13,0.461248
65,14,0.511528
65,15,0.512235
66,1,0.531079
66,2,0.525746
66,3,0.510381
66,4,0.465280
66,5,0.497014
66,6,0.504113
66,7,0.498740
66,8,0.575772
66,9,0.447198
66,10,0.452673
66,11,0.465100
66,12,0.457538
66,13,0.493314
66,14,0.306039
66,15,0.505822
67,1,0.499659
67,2,0.508409
67,3,0.559623
67,4,0.533808
67,5,0.430471
67,6,0.492131
67,7,0.464451
67,8,0.525349
67,9,0.480851
67,10,0.527332
67,11,0.480715
67,12,0.574110
67,13,0.471292
67,14,0.461244
67,15,0.547988
68,1,0.495190
68,2,0.523418
68,3,0.532685
68,4,0.547988
68,5,0.467926
68,6,0.519325
68,7,0.525622
68,8,0.547988
68,9,0.481535
68,10,0.465688
68,11,0.472490
68,12,0.483371
68,13,0.513836
68,14,0.512362
68,15,0.452033
69,1,0.431107
69,2,0.504240
69,3,0.521591
69,4,0.507309
69,5,0.532714
69,6,0.471098
69,7,0.405085
69,8,0.519707
69,9,0.514986
69,10,0.532816
69,11,0.534971
69,12,0.522907
69,13,0.534001
69,14,0.574435
69,15,0.522316
70,1,0.457767
70,2,0.466315
70,3,0.532282
70,4,0.539444
70,5,0.545086
70,6,0.471139
70,7,0.479866
70,8,0.496446
70,9,0.513747
70,10,0.462971
70,11,0.511213
70,12,0.547988
70,13,0.545328
70,14,0.548126
70,15,0.473956
71,1,0.217294
71,2,0.513634
71,3,0.505169
71,4,0.492131
71,5,0.553636
71,6,0.533514
71,7,0.546623
71,8,0.533913
71,9,0.434589
71,10,0.539966
71,11,0.469687
71,12,0.535658
71,13,0.537168
71,14,0.521968
71,15,0.459058
72,1,0.528077
72,2,0.549802
72,3,0.518974
72,4,0.520172
72,5,0.453374
72,6,0.456598
72,7,0.459244
72,8,0.489243
72,9,0.493228
72,10,0.434589
72,11,0.485092
72,12,0.508753
72,13,0.479160
72,14,0.482419
72,15,0.516114
73,1,0.495958
73,2,0.574110
73,3,0.480650
73,4,0.506677
73,5,0.533913
73,6,0.553495
73,7,0.461273
73,8,0.501691
73,9,0.502210
73,10,0.531300
73,11,0.512155
73,12,0.471098
73,13,0.419837
73,14,0.423561
73,15,0.306162
74,1,0.504470
74,2,0.467580
74,3,0.460795
74,4,0.487886
74,5,0.491204
74,6,0.464786
74,7,0.501516
74,8,0.512767
74,9,0.506215
74,10,0.534808
74,11,0.464406
74,12,0.453575
74,13,0.446467
74,14,0.411744
74,15,0.000000
75,1,0.473996
75,2,0.501733
75,3,0.466026
75,4,0.579701
75,5,0.466634
75,6,0.445710
75,7,0.497859
75,8,0.574110
75,9,0.513335
75,10,0.483527
75,11,0.574110
75,12,0.473018
75,13,0.434589
75,14,0.462172
75,15,0.439913
76,1,0.474056
76,2,0.454104
76,3,0.493650
76,4,0.522955
76,5,0.509453
76,6,0.434589
76,7,0.455543
76,8,0.411744
76,9,0.574110
76,10,0.362127
76,11,0.451383
76,12,0.443116
76,13,0.452932
76,14,0.484853
76,15,0.443075
77,1,0.454833
77,2,0.474615
77,3,0.517681
77,4,0.574110
77,5,0.533703
77,6,0.452414
77,7,0.532282
77,8,0.430471
77,9,0.202543
77,10,0.000000
77,11,0.455984
77,12,0.405085
77,13,0.452985
77,14,0.483348
77,15,0.541156
78,1,0.250131
78,2,0.478941
78,3,0.574110
78,4,0.537531
78,5,0.217795
78,6,0.479866
78,7,0.495783
78,8,0.534108
78,9,0.522349
78,10,0.522955
78,11,0.520477
78,12,0.488352
78,13,0.518839
78,14,0.497922
78,15,0.489730
79,1,0.529932
79,2,0.474079
79,3,0.488303
79,4,0.434589
79,5,0.446882
79,6,0.532282
79,7,0.000000
79,8,0.314447
79,9,0.405085
79,10,0.496797
79,11,0.447379
79,12,0.452355
79,13,0.497384
79,14,0.478963
79,15,0.490478
80,1,0.574110
80,2,0.441741
80,3,0.468327
80,4,0.419837
80,5,0.452138
80,6,0.547988
80,7,0.435590
80,8,0.449476
80,9,0.497859
80,10,0.480650
80,11,0.467052
80,12,0.468721
80,13,0.506369
80,14,0.547988
80,15,0.514648
81,1,0.445859
81,2,0.480236
81,3,0.467027
81,4,0.448442
81,5,0.468444
81,6,0.507018
81,7,0.492761
81,8,0.457655
81,9,0.487708
81,10,0.457740
81,11,0.480666
81,12,0.574110
81,13,0.507730
81,14,0.468327
81,15,0.434589
82,1,0.517749
82,2,0.542028
82,3,0.526818
82,4,0.537432
82,5,0.574110
82,6,0.434589
82,7,0.474816
82,8,0.362116
82,9,0.476589
82,10,0.507898
82,11,0.531783
82,12,0.542322
82,13,0.472171
82,14,0.516568
82,15,0.464786
83,1,0.465712
83,2,0.481602
83,3,0.453441
83,4,0.547988
83,5,0.537698
83,6,0.435590
83,7,0.496877
83,8,0.493297
83,9,0.217294
83,10,0.434589
83,11,0.482984
83,12,0.497653
83,13,0.547988
83,14,0.542145
83,15,0.547988
84,1,0.535127
84,2,0.532282
84,3,0.520651
84,4,0.457620
84,5,0.397650
84,6,0.498768
84,7,0.574110
84,8,0.432130
84,9,0.547988
84,10,0.472171
84,11,0.538991
84,12,0.554567
84,13,0.435590
84,14,0.505216
84,15,0.515425
85,1,0.469856
85,2,0.525913
85,3,0.576623
85,4,0.574598
85,5,0.553153
85,6,0.504507
85,7,0.482253
85,8,0.574110
85,9,0.430471
85,10,0.456989
85,11,0.301782
85,12,0.498091
85,13,0.452428
85,14,0.434589
85,15,0.506369
86,1,0.466824
86,2,0.464246
86,3,0.485116
86,4,0.473370
86,5,0.405085
86,6,0.411744
86,7,0.521061
86,8,0.486128
86,9,0.525110
86,10,0.467926
86,11,0.483794
86,12,0.517293
86,13,0.547988
86,14,0.438714
86,15,0.405085
87,1,0.202543
87,2,0.406025
87,3,0.435089
87,4,0.445175
87,5,0.536499
87,6,0.547988
87,7,0.532282
87,8,0.476884
87,9,0.532880
87,10,0.574110
87,11,0.456706
87,12,0.488947
87,13,0.495783
87,14,0.475296
87,15,0.498527
88,1,0.490465
88,2,0.453424
88,3,0.535702
88,4,0.522492
88,5,0.470290
88,6,0.336163
88,7,0.470065
88,8,0.493604
88,9,0.470364
88,10,0.537012
88,11,0.540989
88,12,0.534961
88,13,0.472105
88,14,0.488090
88,15,0.574110
89,1,0.525622
89,2,0.454583
89,3,0.501691
89,4,0.512959
89,5,0.505219
89,6,0.574110
89,7,0.445859
89,8,0.457971
89,9,0.492966
89,10,0.574110
89,11,0.456706
89,12,0.453112
89,13,0.475249
89,14,0.544361
89,15,0.486625
90,1,0.499364
90,2,0.502064
90,3,0.529648
90,4,0.512943
90,5,0.435590
90,6,0.405085
90,7,0.461266
90,8,0.547988
90,9,0.477873
90,10,0.506369
90,11,0.533703
90,12,0.435590
90,13,0.471671
90,14,0.451927
90,15,0.499764
91,1,0.467224
91,2,0.574110
91,3,0.454711
91,4,0.502316
91,5,0.468327
91,6,0.506369
91,7,0.461048
91,8,0.547988
91,9,0.532282
91,10,0.439357
91,11,0.494256
91,12,0.547988
91,13,0.514032
91,14,0.489306
91,15,0.520636
92,1,0.434589
92,2,0.463892
92,3,0.501685
92,4,0.434589
92,5,0.479866
92,6,0.495783
92,7,0.436940
92,8,0.535135
92,9,0.559813
92,10,0.470249
92,11,0.498833
92,12,0.530941
92,13,0.490456
92,14,0.524667
92,15,0.520920
93,1,0.530389
93,2,0.549686
93,3,0.459058
93,4,0.202543
93,5,0.476633
93,6,0.498126
93,7,0.501660
93,8,0.487903
93,9,0.434589
93,10,0.525583
93,11,0.457620
93,12,0.463993
93,13,0.301284
93,14,0.405085
93,15,0.478583
94,1,0.474412
94,2,0.460855
94,3,0.437598
94,4,0.434589
94,5,0.411744
94,6,0.532282
94,7,0.492131
94,8,0.442137
94,9,0.549802
94,10,0.574598
94,11,0.434260
94,12,0.479765
94,13,0.506369
94,14,0.507051
94,15,0.517945
95,1,0.533703
95,2,0.574110
95,3,0.515461
95,4,0.380913
95,5,0.520813
95,6,0.549865
95,7,0.494729
95,8,0.546623
95,9,0.542569
95,10,0.435089
95,11,0.411744
95,12,0.466694
95,13,0.506369
95,14,0.489585
95,15,0.532282
96,1,0.492966
96,2,0.434589
96,3,0.474816
96,4,0.536499
96,5,0.557795
96,6,0.523915
96,7,0.532732
96,8,0.434589
96,9,0.512390
96,10,0.446359
96,11,0.312904
96,12,0.480830
96,13,0.434589
96,14,0.457193
96,15,0.467557
97,1,0.431263
97,2,0.486048
97,3,0.434589
97,4,0.502064
97,5,0.438214
97,6,0.492746
97,7,0.289726
97,8,0.411744
97,9,0.478606
97,10,0.537361
97,11,0.547988
97,12,0.582009
97,13,0.531294
97,14,0.517718
97,15,0.512655
98,1,0.511651
98,2,0.450737
98,3,0.462390
98,4,0.467458
98,5,0.519698
98,6,0.544284
98,7,0.481802
98,8,0.490953
98,9,0.530952
98,10,0.547988
98,11,0.551304
98,12,0.523915
98,13,0.543152
98,14,0.539195
98,15,0.448817
99,1,0.468578
99,2,0.513634
99,3,0.543041
99,4,0.525622
99,5,0.512390
99,6,0.435590
99,7,0.429401
99,8,0.217294
99,9,0.449516
99,10,0.479432
99,11,0.533703
99,12,0.505338
99,13,0.490456
99,14,0.524980
99,15,0.574110
100,1,0.464966
100,2,0.579136
100,3,0.528566
100,4,0.483527
100,5,0.534057
100,6,0.517210
100,7,0.472434
100,8,0.472990
100,9,0.446882
100,10,0.514895
100,11,0.460744
100,12,0.459055
100,13,0.454083
100,14,0.444019
100,15,0.444352
101,1,0.547988
101,2,0.500863
101,3,0.488924
101,4,0.513634
101,5,0.458021
101,6,0.455864
101,7,0.491934
101,8,0.469856
101,9,0.479866
101,10,0.526915
101,11,0.438214
101,12,0.505227
101,13,0.453502
101,14,0.457960
101,15,0.434801
102,1,0.434589
102,2,0.453576
102,3,0.477389
102,4,0.554919
102,5,0.451235
102,6,0.522303
102,7,0.503492
102,8,0.533913
102,9,0.547988
102,10,0.531624
102,11,0.463993
102,12,0.514107
102,13,0.520477
102,14,0.435590
102,15,0.512167
103,1,0.464457
103,2,0.452010
103,3,0.531234
103,4,0.459558
103,5,0.469325
103,6,0.466513
103,7,0.574110
103,8,0.516911
103,9,0.547988
103,10,0.508441
103,11,0.468327
103,12,0.492710
103,13,0.485581
103,14,0.511538
103,15,0.532282
104,1,0.397650
104,2,0.434589
104,3,0.438068
104,4,0.506369
104,5,0.426354
104,6,0.521767
104,7,0.470764
104,8,0.483348
104,9,0.574110
104,10,0.533703
104,11,0.435590
104,12,0.481201
104,13,0.439245
104,14,0.473996
104,15,0.510928
105,1,0.577435
105,2,0.513402
105,3,0.471671
105,4,0.446147
105,5,0.411744
105,6,0.506335
105,7,0.455543
105,8,0.476679
105,9,0.470129
105,10,0.549866
105,11,0.467553
105,12,0.494330
105,13,0.513670
105,14,0.465784
105,15,0.547988
106,1,0.535093
106,2,0.471833
106,3,0.451025
106,4,0.522115
106,5,0.533913
106,6,0.446782
106,7,0.497594
106,8,0.448266
106,9,0.492200
106,10,0.454046
106,11,0.502595
106,12,0.314447
106,13,0.483348
106,14,0.447913
106,15,0.495361
107,1,0.532282
107,2,0.374764
107,3,0.270057
107,4,0.488721
107,5,0.517719
107,6,0.531838
107,7,0.473575
107,8,0.547988
107,9,0.532282
107,10,0.489591
107,11,0.539167
107,12,0.547333
107,13,0.535552
107,14,0.575457
107,15,0.481531
108,1,0.536784
108,2,0.508052
108,3,0.524699
108,4,0.513183
108,5,0.532282
108,6,0.457129
108,7,0.469356
108,8,0.405085
108,9,0.479236
108,10,0.514648
108,11,0.460763
108,12,0.434589
108,13,0.508677
108,14,0.495783
108,15,0.547988
109,1,0.534612
109,2,0.496160
109,3,0.522850
109,4,0.463065
109,5,0.514107
109,6,0.426354
109,7,0.441839
109,8,0.574110
109,9,0.479895
109,10,0.513029
109,11,0.512790
109,12,0.547988
109,13,0.461644
109,14,0.463996
109,15,0.523915
110,1,0.509262
110,2,0.483891
110,3,0.502569
110,4,0.574110
110,5,0.342424
110,6,0.480781
110,7,0.574110
110,8,0.481201
110,9,0.547988
110,10,0.476222
110,11,0.434589
110,12,0.520439
110,13,0.335398
110,14,0.405085
110,15,0.493604
111,1,0.461248
111,2,0.522986
111,3,0.547988
111,4,0.531005
111,5,0.449680
111,6,0.444870
111,7,0.503585
111,8,0.508247
111,9,0.501940
111,10,0.528786
111,11,0.434589
111,12,0.547988
111,13,0.445460
111,14,0.217795
111,15,0.518285
112,1,0.217294
112,2,0.429600
112,3,0.476011
112,4,0.434589
112,5,0.506369
112,6,0.430471
112,7,0.411744
112,8,0.504507
112,9,0.511102
112,10,0.547988
112,11,0.533230
112,12,0.439357
112,13,0.405085
112,14,0.453644
112,15,0.498659
113,1,0.397650
113,2,0.493825
113,3,0.434589
113,4,0.462961
113,5,0.396328
113,6,0.362065
113,7,0.502703
113,8,0.474638
113,9,0.498822
113,10,0.547988
113,11,0.492320
113,12,0.547988
113,13,0.495780
113,14,0.434589
113,15,0.504123
114,1,0.531294
114,2,0.473429
114,3,0.508753
114,4,0.530507
114,5,0.533548
114,6,0.545137
114,7,0.547988
114,8,0.535952
114,9,0.435590
114,10,0.432268
114,11,0.405085
114,12,0.411744
114,13,0.520477
114,14,0.434589
114,15,0.405085
115,1,0.432268
115,2,0.453000
115,3,0.487822
115,4,0.520813
115,5,0.517068
115,6,0.452280
115,7,0.502867
115,8,0.485880
115,9,0.574110
115,10,0.475782
115,11,0.528159
115,12,0.523915
115,13,0.523915
115,14,0.476148
115,15,0.480839
116,1,0.489187
116,2,0.442597
116,3,0.468327
116,4,0.452690
116,5,0.532282
116,6,0.525622
116,7,0.461248
116,8,0.411744
116,9,0.511077
116,10,0.534108
116,11,0.511318
116,12,0.464594
116,13,0.449476
116,14,0.306162
116,15,0.472494
117,1,0.574110
117,2,0.441741
117,3,0.337107
117,4,0.502840
117,5,0.510891
117,6,0.426354
117,7,0.434589
117,8,0.471967
117,9,0.453661
117,10,0.513402
117,11,0.547988
117,12,0.520973
117,13,0.524625
117,14,0.435590
117,15,0.411744
118,1,0.535952
118,2,0.505515
118,3,0.496002
118,4,0.495783
118,5,0.519583
118,6,0.457420
118,7,0.434589
118,8,0.405085
118,9,0.460902
118,10,0.431543
118,11,0.470163
118,12,0.506369
118,13,0.508753
118,14,0.524980
118,15,0.498768
119,1,0.455982
119,2,0.452851
119,3,0.460762
119,4,0.405085
119,5,0.506369
119,6,0.501971
119,7,0.486746
119,8,0.434589
119,9,0.493637
119,10,0.470328
119,11,0.574110
119,12,0.515312
119,13,0.523915
119,14,0.574110
119,15,0.487963
120,1,0.526538
120,2,0.486625
120,3,0.520033
120,4,0.490508
120,5,0.525610
120,6,0.547988
120,7,0.574110
120,8,0.525622
120,9,0.456706
120,10,0.474943
120,11,0.548126
120,12,0.434589
120,13,0.475608
120,14,0.411744
120,15,0.511287
121,1,0.523915
121,2,0.507078
121,3,0.397650
121,4,0.434589
121,5,0.471366
121,6,0.492710
121,7,0.547988
121,8,0.574110
121,9,0.488893
121,10,0.525548
121,11,0.532282
121,12,0.434589
121,13,0.522927
121,14,0.555879
121,15,0.574110
122,1,0.434589
122,2,0.506369
122,3,0.490223
122,4,0.527385
122,5,0.547988
122,6,0.435590
122,7,0.521767
122,8,0.470764
122,9,0.431107
122,10,0.483348
122,11,0.574110
122,12,0.479895
122,13,0.337625
122,14,0.486004
122,15,0.456148
123,1,0.460733
123,2,0.446879
123,3,0.540239
123,4,0.513993
123,5,0.523449
123,6,0.469856
123,7,0.468894
123,8,0.523751
123,9,0.472167
123,10,0.487146
123,11,0.487969
123,12,0.541662
123,13,0.574110
123,14,0.525622
123,15,0.525622
124,1,0.426354
124,2,0.438229
124,3,0.566955
124,4,0.545921
124,5,0.506708
124,6,0.468608
124,7,0.479176
124,8,0.574110
124,9,0.530442
124,10,0.499364
124,11,0.575973
124,12,0.459497
124,13,0.505465
124,14,0.434589
124,15,0.411744
125,1,0.464327
125,2,0.497287
125,3,0.434589
125,4,0.501733
125,5,0.506369
125,6,0.533703
125,7,0.434589
125,8,0.405085
125,9,0.406025
125,10,0.505640
125,11,0.547988
125,12,0.485880
125,13,0.543663
125,14,0.574110
125,15,0.533703
126,1,0.459644
126,2,0.506369
126,3,0.426354
126,4,0.472070
126,5,0.520640
126,6,0.574110
126,7,0.426354
126,8,0.405085
126,9,0.449476
126,10,0.457129
126,11,0.507999
126,12,0.511835
126,13,0.510903
126,14,0.545672
126,15,0.471811
127,1,0.506822
127,2,0.574110
127,3,0.430471
127,4,0.468499
127,5,0.463340
127,6,0.483348
127,7,0.506369
127,8,0.439679
127,9,0.521767
127,10,0.434589
127,11,0.472966
127,12,0.533987
127,13,0.451569
127,14,0.473037
127,15,0.532282
128,1,0.525622
128,2,0.426354
128,3,0.474816
128,4,0.526170
128,5,0.523915
128,6,0.542292
128,7,0.523449
128,8,0.523915
128,9,0.521063
128,10,0.510507
128,11,0.530918
128,12,0.532282
128,13,0.286981
128,14,0.440470
128,15,0.435590
129,1,0.469687
129,2,0.504123
129,3,0.524190
129,4,0.523915
129,5,0.504977
129,6,0.574110
129,7,0.525622
129,8,0.446717
129,9,0.492320
129,10,0.434589
129,11,0.482941
129,12,0.311617
129,13,0.405085
129,14,0.506369
129,15,0.217294
130,1,0.471292
130,2,0.451892
130,3,0.453832
130,4,0.500261
130,5,0.408216
130,6,0.488479
130,7,0.470364
130,8,0.434589
130,9,0.495545
130,10,0.532880
130,11,0.529871
130,12,0.532282
130,13,0.509730
130,14,0.507078
130,15,0.472501
131,1,0.574110
131,2,0.533703
131,3,0.446717
131,4,0.555879
131,5,0.505408
131,6,0.434589
131,7,0.411744
131,8,0.453269
131,9,0.512141
131,10,0.472501
131,11,0.547988
131,12,0.523915
131,13,0.475183
131,14,0.513402
131,15,0.477921
132,1,0.574110
132,2,0.456706
132,3,0.451927
132,4,0.481552
132,5,0.466294
132,6,0.500391
132,7,0.502703
132,8,0.490671
132,9,0.522955
132,10,0.487915
132,11,0.434589
132,12,0.506369
132,13,0.485266
132,14,0.574110
132,15,0.513335
133,1,0.523915
133,2,0.523915
133,3,0.532282
133,4,0.540846
133,5,0.532282
133,6,0.533703
133,7,0.481535
133,8,0.492659
133,9,0.445859
133,10,0.506369
133,11,0.525622
133,12,0.533703
133,13,0.532282
133,14,0.475183
133,15,0.574110
134,1,0.503427
134,2,0.511326
134,3,0.497922
134,4,0.537488
134,5,0.547988
134,6,0.532282
134,7,0.525746
134,8,0.457129
134,9,0.547988
134,10,0.505564
134,11,0.574110
134,12,0.514624
134,13,0.523915
134,14,0.490001
134,15,0.534108
135,1,0.482253
135,2,0.506369
135,3,0.426354
135,4,0.458501
135,5,0.434589
135,6,0.471951
135,7,0.471203
135,8,0.435590
135,9,0.486237
135,10,0.494591
135,11,0.540841
135,12,0.549686
135,13,0.466299
135,14,0.506369
135,15,0.467553
136,1,0.456857
136,2,0.553196
136,3,0.525622
136,4,0.380913
136,5,0.547988
136,6,0.469798
136,7,0.477845
136,8,0.434848
136,9,0.535293
136,10,0.508315
136,11,0.574110
136,12,0.495958
136,13,0.491392
136,14,0.462973
136,15,0.461654
137,1,0.532282
137,2,0.540846
137,3,0.487405
137,4,0.458982
137,5,0.534946
137,6,0.517945
137,7,0.526538
137,8,0.536282
137,9,0.574110
137,10,0.533703
137,11,0.523915
137,12,0.435590
137,13,0.525421
137,14,0.547988
137,15,0.397650
138,1,0.508753
138,2,0.547988
138,3,0.456813
138,4,0.489767
138,5,0.502849
138,6,0.434589
138,7,0.468327
138,8,0.448884
138,9,0.330143
138,10,0.424114
138,11,0.487463
138,12,0.406025
138,13,0.465027
138,14,0.533703
138,15,0.532282
139,1,0.525622
139,2,0.426354
139,3,0.497922
139,4,0.411744
139,5,0.523915
139,6,0.469356
139,7,0.451359
139,8,0.492094
139,9,0.405085
139,10,0.488947
139,11,0.530507
139,12,0.435590
139,13,0.495573
139,14,0.458678
139,15,0.500834
140,1,0.463039
140,2,0.469224
140,3,0.479426
140,4,0.547988
140,5,0.495890
140,6,0.535952
140,7,0.544548
140,8,0.514349
140,9,0.527893
140,10,0.495181
140,11,0.535004
140,12,0.531833
140,13,0.426354
140,14,0.448105
140,15,0.497031
141,1,0.426527
141,2,0.500874
141,3,0.502064
141,4,0.517913
141,5,0.397650
141,6,0.457535
141,7,0.411744
141,8,0.492659
141,9,0.464527
141,10,0.476477
141,11,0.574110
141,12,0.458245
141,13,0.473370
141,14,0.405085
141,15,0.405085
142,1,0.406025
142,2,0.488728
142,3,0.512790
142,4,0.453502
142,5,0.516060
142,6,0.431448
142,7,0.574110
142,8,0.526538
142,9,0.532282
142,10,0.559811
142,11,0.525622
142,12,0.537086
142,13,0.554580
142,14,0.435590
142,15,0.450706
143,1,0.453575
143,2,0.492966
143,3,0.453469
143,4,0.249129
143,5,0.547988
143,6,0.344455
143,7,0.506369
143,8,0.455984
143,9,0.465688
143,10,0.449755
143,11,0.436398
143,12,0.487248
143,13,0.547988
143,14,0.532282
143,15,0.506085
144,1,0.574110
144,2,0.498599
144,3,0.502083
144,4,0.546623
144,5,0.574110
144,6,0.547988
144,7,0.525622
144,8,0.574110
144,9,0.531838
144,10,0.461849
144,11,0.501733
144,12,0.506239
144,13,0.463174
144,14,0.495939
144,15,0.503450
145,1,0.470042
145,2,0.529714
145,3,0.434589
145,4,0.492209
145,5,0.000000
145,6,0.459244
145,7,0.511528
145,8,0.495425
145,9,0.479896
145,10,0.479213
145,11,0.492503
145,12,0.508800
145,13,0.525622
145,14,0.528706
145,15,0.525622
146,1,0.447198
146,2,0.542752
146,3,0.506369
146,4,0.525622
146,5,0.434096
146,6,0.430476
146,7,0.415796
146,8,0.496372
146,9,0.426354
146,10,0.521767
146,11,0.380913
146,12,0.498659
146,13,0.547988
146,14,0.533704
146,15,0.524672
147,1,0.557947
147,2,0.442633
147,3,0.555991
147,4,0.547988
147,5,0.430972
147,6,0.508753
147,7,0.506369
147,8,0.533703
147,9,0.484272
147,10,0.523915
147,11,0.527354
147,12,0.443163
147,13,0.492665
147,14,0.444306
147,15,0.411744
148,1,0.514624
148,2,0.477110
148,3,0.489263
148,4,0.467179
148,5,0.444350
148,6,0.463118
148,7,0.451849
148,8,0.451013
148,9,0.503555
148,10,0.533924
148,11,0.533703
148,12,0.435089
148,13,0.537488
148,14,0.536951
148,15,0.547988
149,1,0.536395
149,2,0.435590
149,3,0.521767
149,4,0.538063
149,5,0.536505
149,6,0.533703
149,7,0.532282
149,8,0.309473
149,9,0.466037
149,10,0.574110
149,11,0.450909
149,12,0.478342
149,13,0.405085
149,14,0.525421
149,15,0.449153
150,1,0.457061
150,2,0.495425
150,3,0.451013
150,4,0.471410
150,5,0.451927
150,6,0.445859
150,7,0.411744
150,8,0.464246
150,9,0.450683
150,10,0.523915
150,11,0.493516
150,12,0.426354
150,13,0.523115
150,14,0.533703
150,15,0.574110
151,1,0.520999
151,2,0.506124
151,3,0.519271
151,4,0.492034
151,5,0.502554
151,6,0.549192
151,7,0.461041
151,8,0.405085
151,9,0.486017
151,10,0.478122
151,11,0.523915
151,12,0.523915
151,13,0.435590
151,14,0.553393
151,15,0.451013
152,1,0.532282
152,2,0.525622
152,3,0.498291
152,4,0.434096
152,5,0.475900
152,6,0.411744
152,7,0.534607
152,8,0.559813
152,9,0.508441
152,10,0.472946
152,11,0.536499
152,12,0.480650
152,13,0.576623
152,14,0.548737
152,15,0.547988
153,1,0.515699
153,2,0.579136
153,3,0.534221
153,4,0.547988
153,5,0.534388
153,6,0.523915
153,7,0.472469
153,8,0.469318
153,9,0.473012
153,10,0.495545
153,11,0.484895
153,12,0.508750
153,13,0.434589
153,14,0.506369
153,15,0.451013
154,1,0.435590
154,2,0.506369
154,3,0.459971
154,4,0.523915
154,5,0.467926
154,6,0.489406
154,7,0.469878
154,8,0.450025
154,9,0.504695
154,10,0.406025
154,11,0.508441
154,12,0.450736
154,13,0.405629
154,14,0.463993
154,15,0.508409
155,1,0.493208
155,2,0.439987
155,3,0.523480
155,4,0.476508
155,5,0.533703
155,6,0.494557
155,7,0.435089
155,8,0.519058
155,9,0.494755
155,10,0.458120
155,11,0.478344
155,12,0.574110
155,13,0.491163
155,14,0.475682
155,15,0.455706
156,1,0.411744
156,2,0.496497
156,3,0.506124
156,4,0.512712
156,5,0.522817
156,6,0.575087
156,7,0.574338
156,8,0.426354
156,9,0.507616
156,10,0.422172
156,11,0.431041
156,12,0.368310
156,13,0.421392
156,14,0.478803
156,15,0.452176
157,1,0.462710
157,2,0.456133
157,3,0.422172
157,4,0.493022
157,5,0.426354
157,6,0.503618
157,7,0.422172
157,8,0.435590
157,9,0.498445
157,10,0.482567
157,11,0.498060
157,12,0.461194
157,13,0.452712
157,14,0.434848
157,15,0.503152
158,1,0.463045
158,2,0.483800
158,3,0.574110
158,4,0.498445
158,5,0.459058
158,6,0.469356
158,7,0.411744
158,8,0.489591
158,9,0.499536
158,10,0.574110
158,11,0.540846
158,12,0.497922
158,13,0.547988
158,14,0.531624
158,15,0.494591
159,1,0.464451
159,2,0.492524
159,3,0.504352
159,4,0.547988
159,5,0.566955
159,6,0.534682
159,7,0.460755
159,8,0.493637
159,9,0.457720
159,10,0.506369
159,11,0.502461
159,12,0.455255
159,13,0.405085
159,14,0.415796
159,15,0.456565
160,1,0.405085
160,2,0.495783
160,3,0.454061
160,4,0.574110
160,5,0.525622
160,6,0.574110
160,7,0.547988
160,8,0.478456
160,9,0.574110
160,10,0.513402
160,11,0.477949
160,12,0.506117
160,13,0.498073
160,14,0.426354
160,15,0.478452
161,1,0.459630
161,2,0.426354
161,3,0.487655
161,4,0.536282
161,5,0.462266
161,6,0.452406
161,7,0.523034
161,8,0.459462
161,9,0.574110
161,10,0.426354
161,11,0.485002
161,12,0.405085
161,13,0.405085
161,14,0.574110
161,15,0.484219
162,1,0.498527
162,2,0.514489
162,3,0.495212
162,4,0.537361
162,5,0.426354
162,6,0.467129
162,7,0.464246
162,8,0.434848
162,9,0.439679
162,10,0.544118
162,11,0.481653
162,12,0.465420
162,13,0.474756
162,14,0.405085
162,15,0.457743
163,1,0.443143
163,2,0.510494
163,3,0.493604
163,4,0.481361
163,5,0.456119
163,6,0.477658
163,7,0.496160
163,8,0.478127
163,9,0.574110
163,10,0.531355
163,11,0.456009
163,12,0.463156
163,13,0.485272
163,14,0.492977
163,15,0.442343
164,1,0.405085
164,2,0.443143
164,3,0.496877
164,4,0.482112
164,5,0.544718
164,6,0.498385
164,7,0.441534
164,8,0.411744
164,9,0.456919
164,10,0.520439
164,11,0.477493
164,12,0.434589
164,13,0.522955
164,14,0.457289
164,15,0.475084
165,1,0.485492
165,2,0.463013
165,3,0.405085
165,4,0.443143
165,5,0.562877
165,6,0.506369
165,7,0.566955
165,8,0.468448
165,9,0.453333
165,10,0.405085
165,11,0.506085
165,12,0.506369
165,13,0.504584
165,14,0.470462
165,15,0.431107
166,1,0.479102
166,2,0.411744
166,3,0.523418
166,4,0.477038
166,5,0.502704
166,6,0.532282
166,7,0.540375
166,8,0.515503
166,9,0.552662
166,10,0.475949
166,11,0.405085
166,12,0.477592
166,13,0.415796
166,14,0.472486
166,15,0.523915
167,1,0.484272
167,2,0.512790
167,3,0.540733
167,4,0.483584
167,5,0.547988
167,6,0.497014
167,7,0.473094
167,8,0.505467
167,9,0.539079
167,10,0.519878
167,11,0.458389
167,12,0.436896
167,13,0.406025
167,14,0.472959
167,15,0.468504
168,1,0.574110
168,2,0.462521
168,3,0.481797
168,4,0.513434
168,5,0.505339
168,6,0.488947
168,7,0.531055
168,8,0.574567
168,9,0.547988
168,10,0.435590
168,11,0.574110
168,12,0.471050
168,13,0.489302
168,14,0.458021
168,15,0.496497
169,1,0.476492
169,2,0.450098
169,3,0.490918
169,4,0.458165
169,5,0.511113
169,6,0.496817
169,7,0.434589
169,8,0.496497
169,9,0.477683
169,10,0.463701
169,11,0.411744
169,12,0.422172
169,13,0.547988
169,14,0.454104
169,15,0.523915
170,1,0.463610
170,2,0.489869
170,3,0.459268
170,4,0.511077
170,5,0.434589
170,6,0.482258
170,7,0.405085
170,8,0.536466
170,9,0.405085
170,10,0.481008
170,11,0.506369
170,12,0.509668
170,13,0.426354
170,14,0.489306
170,15,0.497155
171,1,0.523906
171,2,0.460755
171,3,0.547988
171,4,0.501676
171,5,0.472056
171,6,0.405085
171,7,0.494953
171,8,0.432130
171,9,0.501971
171,10,0.543286
171,11,0.533703
171,12,0.452693
171,13,0.501731
171,14,0.426527
171,15,0.426354
172,1,0.447546
172,2,0.449755
172,3,0.436810
172,4,0.453481
172,5,0.426354
172,6,0.492710
172,7,0.467123
172,8,0.405085
172,9,0.415796
172,10,0.467123
172,11,0.506369
172,12,0.508753
172,13,0.477949
172,14,0.574110
172,15,0.500261
173,1,0.533703
173,2,0.514377
173,3,0.498768
173,4,0.574110
173,5,0.426354
173,6,0.405085
173,7,0.471702
173,8,0.445859
173,9,0.480236
173,10,0.452717
173,11,0.503439
173,12,0.503044
173,13,0.490533
173,14,0.520172
173,15,0.434096
174,1,0.490180
174,2,0.452324
174,3,0.496293
174,4,0.426527
174,5,0.459058
174,6,0.478406
174,7,0.411744
174,8,0.434589
174,9,0.405085
174,10,0.501733
174,11,0.513402
174,12,0.453311
174,13,0.411744
174,14,0.450504
174,15,0.426354
175,1,0.249842
175,2,0.506369
175,3,0.525622
175,4,0.471292
175,5,0.574110
175,6,0.535561
175,7,0.547988
175,8,0.523915
175,9,0.547988
175,10,0.515251
175,11,0.472171
175,12,0.463829
175,13,0.349883
175,14,0.472784
175,15,0.506341
176,1,0.470211
176,2,0.441711
176,3,0.525634
176,4,0.517861
176,5,0.475685
176,6,0.574110
176,7,0.525622
176,8,0.426354
176,9,0.506369
176,10,0.467123
176,11,0.443065
176,12,0.485092
176,13,0.536927
176,14,0.538115
176,15,0.434589
177,1,0.405085
177,2,0.443143
177,3,0.443143
177,4,0.495545
177,5,0.540239
177,6,0.525622
177,7,0.426354
177,8,0.405085
177,9,0.462161
177,10,0.478695
177,11,0.000000
177,12,0.467132
177,13,0.497442
177,14,0.574110
177,15,0.472594
178,1,0.547988
178,2,0.532282
178,3,0.533703
178,4,0.468037
178,5,0.456857
178,6,0.460470
178,7,0.464246
178,8,0.514781
178,9,0.525622
178,10,0.525622
178,11,0.504199
178,12,0.499364
178,13,0.492297
178,14,0.533016
178,15,0.488748
179,1,0.460770
179,2,0.434589
179,3,0.411744
179,4,0.478997
179,5,0.506369
179,6,0.533703
179,7,0.535952
179,8,0.497147
179,9,0.491845
179,10,0.466790
179,11,0.460964
179,12,0.406025
179,13,0.464451
179,14,0.532282
179,15,0.526591
180,1,0.510480
180,2,0.439612
180,3,0.309679
180,4,0.456035
180,5,0.479120
180,6,0.532282
180,7,0.496645
180,8,0.525622
180,9,0.525622
180,10,0.488849
180,11,0.574110
180,12,0.564999
180,13,0.512127
180,14,0.435590
180,15,0.448844
181,1,0.482739
181,2,0.437598
181,3,0.523915
181,4,0.523915
181,5,0.474079
181,6,0.574110
181,7,0.525622
181,8,0.468373
181,9,0.486855
181,10,0.506369
181,11,0.513767
181,12,0.531294
181,13,0.434589
181,14,0.480650
181,15,0.525892
182,1,0.535477
182,2,0.458434
182,3,0.498584
182,4,0.467347
182,5,0.496305
182,6,0.437395
182,7,0.411744
182,8,0.444239
182,9,0.426354
182,10,0.498132
182,11,0.477900
182,12,0.547988
182,13,0.532282
182,14,0.426354
182,15,0.521767
183,1,0.430476
183,2,0.475537
183,3,0.405085
183,4,0.405085
183,5,0.406025
183,6,0.499940
183,7,0.513241
183,8,0.469418
183,9,0.510891
183,10,0.547988
183,11,0.435590
183,12,0.411744
183,13,0.547988
183,14,0.435590
183,15,0.506369
184,1,0.451013
184,2,0.557947
184,3,0.523915
184,4,0.523915
184,5,0.521623
184,6,0.523915
184,7,0.508302
184,8,0.426354
184,9,0.486128
184,10,0.405085
184,11,0.506369
184,12,0.467123
184,13,0.411744
184,14,0.446717
184,15,0.574110
185,1,0.454336
185,2,0.453469
185,3,0.426345
185,4,0.533703
185,5,0.434589
185,6,0.435590
185,7,0.464166
185,8,0.533703
185,9,0.435590
185,10,0.506369
185,11,0.452947
185,12,0.506369
185,13,0.474943
185,14,0.547988
185,15,0.532282
186,1,0.426354
186,2,0.537023
186,3,0.453991
186,4,0.405085
186,5,0.443143
186,6,0.443143
186,7,0.483348
186,8,0.474943
186,9,0.434589
186,10,0.489025
186,11,0.426345
186,12,0.506095
186,13,0.460157
186,14,0.506369
186,15,0.451013
187,1,0.557947
187,2,0.435590
187,3,0.495194
187,4,0.506369
187,5,0.456565
187,6,0.426046
187,7,0.438229
187,8,0.480839
187,9,0.547988
187,10,0.553196
187,11,0.530649
187,12,0.499364
187,13,0.434589
187,14,0.553205
187,15,0.533703
188,1,0.547988
188,2,0.523915
188,3,0.505515
188,4,0.533703
188,5,0.523915
188,6,0.472768
188,7,0.405085
188,8,0.488987
188,9,0.451013
188,10,0.523915
188,11,0.489591
188,12,0.534008
188,13,0.533703
188,14,0.443051
188,15,0.506369
189,1,0.525622
189,2,0.525622
189,3,0.475183
189,4,0.547988
189,5,0.000000
189,6,0.532282
189,7,0.525746
189,8,0.523915
189,9,0.523915
189,10,0.535827
189,11,0.533703
189,12,0.466791
189,13,0.546088
189,14,0.434589
189,15,0.585424
190,1,0.522109
190,2,0.538270
190,3,0.529871
190,4,0.532282
190,5,0.525622
190,6,0.533703
190,7,0.532282
190,8,0.465417
190,9,0.437995
190,10,0.454341
190,11,0.459982
190,12,0.429763
190,13,0.426354
190,14,0.506369
190,15,0.547988
191,1,0.475648
191,2,0.576623
191,3,0.426354
191,4,0.497424
191,5,0.540361
191,6,0.456151
191,7,0.533703
191,8,0.467830
191,9,0.520263
191,10,0.435590
191,11,0.493297
191,12,0.432268
191,13,0.502867
191,14,0.375223
191,15,0.493405
192,1,0.445391
192,2,0.444004
192,3,0.405085
192,4,0.405085
192,5,0.471340
192,6,0.446126
192,7,0.438821
192,8,0.406025
192,9,0.434848
192,10,0.535827
192,11,0.500186
192,12,0.574110
192,13,0.541326
192,14,0.435590
192,15,0.484233
193,1,0.426345
193,2,0.526712
193,3,0.532282
193,4,0.533703
193,5,0.532282
193,6,0.438229
193,7,0.547988
193,8,0.435590
193,9,0.498746
193,10,0.426345
193,11,0.426354
193,12,0.405085
193,13,0.544118
193,14,0.405085
193,15,0.464845
194,1,0.422172
194,2,0.405085
194,3,0.443143
194,4,0.443143
194,5,0.459331
194,6,0.443143
194,7,0.472378
194,8,0.456623
194,9,0.481217
194,10,0.506369
194,11,0.426354
194,12,0.477093
194,13,0.530367
194,14,0.533639
194,15,0.454336
195,1,0.452406
195,2,0.492966
195,3,0.502012
195,4,0.469929
195,5,0.434589
195,6,0.457743
195,7,0.411744
195,8,0.422172
195,9,0.493664
195,10,0.506369
195,11,0.476065
195,12,0.525677
195,13,0.426354
195,14,0.531488
195,15,0.463308
196,1,0.451879
196,2,0.422172
196,3,0.443113
196,4,0.574110
196,5,0.525622
196,6,0.533703
196,7,0.555709
196,8,0.525622
196,9,0.525622
196,10,0.534377
196,11,0.547988
196,12,0.437339
196,13,0.506369
196,14,0.426354
196,15,0.500186
197,1,0.499677
197,2,0.426354
197,3,0.536701
197,4,0.552379
197,5,0.426354
197,6,0.522955
197,7,0.411744
197,8,0.532282
197,9,0.434589
197,10,0.482941
197,11,0.467471
197,12,0.452769
197,13,0.506369
197,14,0.458448
197,15,0.513831
198,1,0.523915
198,2,0.435590
198,3,0.543152
198,4,0.411744
198,5,0.531624
198,6,0.551110
198,7,0.533724
198,8,0.574110
198,9,0.436940
198,10,0.411744
198,11,0.434848
198,12,0.532282
198,13,0.525622
198,14,0.525622
198,15,0.533703
199,1,0.534058
199,2,0.460763
199,3,0.582009
199,4,0.547988
199,5,0.435590
199,6,0.521767
199,7,0.498659
199,8,0.550904
199,9,0.533703
199,10,0.523915
199,11,0.523915
199,12,0.532282
199,13,0.520999
199,14,0.525622
199,15,0.525622
200,1,0.526538
200,2,0.523915
200,3,0.523915
200,4,0.435590
200,5,0.411744
200,6,0.422172
200,7,0.506369
200,8,0.380913
200,9,0.541978
200,10,0.525622
200,11,0.549311
200,12,0.513335
200,13,0.434589
200,14,0.528487
200,15,0.461343
201,1,0.525622
201,2,0.426354
201,3,0.489306
201,4,0.506824
201,5,0.513670
201,6,0.434589
201,7,0.411744
201,8,0.422172
201,9,0.405629
201,10,0.460019
201,11,0.457620
201,12,0.574110
201,13,0.484655
201,14,0.500874
201,15,0.533703
202,1,0.484272
202,2,0.468827
202,3,0.526953
202,4,0.574110
202,5,0.543646
202,6,0.486104
202,7,0.479016
202,8,0.493175
202,9,0.473351
202,10,0.519920
202,11,0.530367
202,12,0.525622
202,13,0.480650
202,14,0.547988
202,15,0.470930
203,1,0.521649
203,2,0.533453
203,3,0.522955
203,4,0.574110
203,5,0.506124
203,6,0.434589
203,7,0.574110
203,8,0.411744
203,9,0.475984
203,10,0.441741
203,11,0.411744
203,12,0.484252
203,13,0.574110
203,14,0.471671
203,15,0.525622
204,1,0.426354
204,2,0.448507
204,3,0.517036
204,4,0.574110
204,5,0.579136
204,6,0.547988
204,7,0.461727
204,8,0.452673
204,9,0.472810
204,10,0.523915
204,11,0.447379
204,12,0.453748
204,13,0.406025
204,14,0.471809
204,15,0.354326
205,1,0.525583
205,2,0.499973
205,3,0.532282
205,4,0.525622
205,5,0.559813
205,6,0.525749
205,7,0.533703
205,8,0.576905
205,9,0.495783
205,10,0.468327
205,11,0.479866
205,12,0.466561
205,13,0.463191
205,14,0.442563
205,15,0.426345
206,1,0.463408
206,2,0.411744
206,3,0.510400
206,4,0.422172
206,5,0.506117
206,6,0.506369
206,7,0.426354
206,8,0.497424
206,9,0.532644
206,10,0.469856
206,11,0.458221
206,12,0.411744
206,13,0.532282
206,14,0.430471
206,15,0.495545
207,1,0.456989
207,2,0.574110
207,3,0.508526
207,4,0.523915
207,5,0.532282
207,6,0.526857
207,7,0.470054
207,8,0.435590
207,9,0.585922
207,10,0.463286
207,11,0.411744
207,12,0.515234
207,13,0.469878
207,14,0.494576
207,15,0.501805
208,1,0.565180
208,2,0.532282
208,3,0.524101
208,4,0.574110
208,5,0.451211
208,6,0.452863
208,7,0.422172
208,8,0.411744
208,9,0.449011
208,10,0.523915
208,11,0.531294
208,12,0.532368
208,13,0.537823
208,14,0.547988
208,15,0.533140
209,1,0.428745
209,2,0.489181
209,3,0.547988
209,4,0.506560
209,5,0.530461
209,6,0.549676
209,7,0.495780
209,8,0.574110
209,9,0.525622
209,10,0.426354
209,11,0.467402
209,12,0.422172
209,13,0.488028
209,14,0.426345
209,15,0.533703
210,1,0.532282
210,2,0.549866
210,3,0.533703
210,4,0.523915
210,5,0.435089
210,6,0.411744
210,7,0.460637
210,8,0.547988
210,9,0.532282
210,10,0.533703
210,11,0.523915
210,12,0.502064
210,13,0.486746
210,14,0.434589
210,15,0.524043
211,1,0.496640
211,2,0.519723
211,3,0.434589
211,4,0.529984
211,5,0.523915
211,6,0.460428
211,7,0.476188
211,8,0.405085
211,9,0.491427
211,10,0.473265
211,11,0.523136
211,12,0.523915
211,13,0.515668
211,14,0.290060
211,15,0.411744
212,1,0.478606
212,2,0.494540
212,3,0.480548
212,4,0.574110
212,5,0.535770
212,6,0.488179
212,7,0.525622
212,8,0.525622
212,9,0.525622
212,10,0.443065
212,11,0.530367
212,12,0.574110
212,13,0.426354
212,14,0.474816
212,15,0.420338
213,1,0.539444
213,2,0.506369
213,3,0.566706
213,4,0.521301
213,5,0.547988
213,6,0.435590
213,7,0.506369
213,8,0.517063
213,9,0.530461
213,10,0.525622
213,11,0.467425
213,12,0.469878
213,13,0.493637
213,14,0.506369
213,15,0.533703
214,1,0.523915
214,2,0.523915
214,3,0.523915
214,4,0.535240
214,5,0.479597
214,6,0.574110
214,7,0.525622
214,8,0.213177
214,9,0.482758
214,10,0.473539
214,11,0.547988
214,12,0.553196
214,13,0.426354
214,14,0.471366
214,15,0.406025
215,1,0.426345
215,2,0.499515
215,3,0.478198
215,4,0.434589
215,5,0.217294
215,6,0.459244
215,7,0.476507
215,8,0.411744
215,9,0.468052
215,10,0.523915
215,11,0.453449
215,12,0.523915
215,13,0.473362
215,14,0.534946
215,15,0.426354
216,1,0.432471
216,2,0.415796
216,3,0.469898
216,4,0.523915
216,5,0.435590
216,6,0.585922
216,7,0.405085
216,8,0.254376
216,9,0.451927
216,10,0.481394
216,11,0.426345
216,12,0.479492
216,13,0.547988
216,14,0.532282
216,15,0.493637
217,1,0.533703
217,2,0.553196
217,3,0.533703
217,4,0.435590
217,5,0.489869
217,6,0.441741
217,7,0.411744
217,8,0.339256
217,9,0.453748
217,10,0.443143
217,11,0.452567
217,12,0.493594
217,13,0.469658
217,14,0.495783
217,15,0.574110
218,1,0.507365
218,2,0.471348
218,3,0.529714
218,4,0.426354
218,5,0.405085
218,6,0.455272
218,7,0.483961
218,8,0.525419
218,9,0.435590
218,10,0.411744
218,11,0.454267
218,12,0.458242
218,13,0.434589
218,14,0.520477
218,15,0.504123
219,1,0.510649
219,2,0.426354
219,3,0.484248
219,4,0.405085
219,5,0.411744
219,6,0.426345
219,7,0.525622
219,8,0.481201
219,9,0.482691
219,10,0.523915
219,11,0.532282
219,12,0.426354
219,13,0.526170
219,14,0.454389
219,15,0.334780
220,1,0.574110
220,2,0.508433
220,3,0.453424
220,4,0.440933
220,5,0.452690
220,6,0.434848
220,7,0.533230
220,8,0.533703
220,9,0.493637
220,10,0.435590
220,11,0.457523
220,12,0.485419
220,13,0.495068
220,14,0.503854
220,15,0.509637
221,1,0.574110
221,2,0.533703
221,3,0.450098
221,4,0.506369
221,5,0.496160
221,6,0.547988
221,7,0.479948
221,8,0.241763
221,9,0.434589
221,10,0.431314
221,11,0.504123
221,12,0.415796
221,13,0.467123
221,14,0.430476
221,15,0.514107
222,1,0.405085
222,2,0.506369
222,3,0.512807
222,4,0.515801
222,5,0.533703
222,6,0.435590
222,7,0.405085
222,8,0.512390
222,9,0.480626
222,10,0.493228
222,11,0.488557
222,12,0.495783
222,13,0.505433
222,14,0.466147
222,15,0.519504
223,1,0.525733
223,2,0.547988
223,3,0.435590
223,4,0.405085
223,5,0.494035
223,6,0.506369
223,7,0.533032
223,8,0.497094
223,9,0.574110
223,10,0.529404
223,11,0.533703
223,12,0.435590
223,13,0.477906
223,14,0.406025
223,15,0.446126
224,1,0.465457
224,2,0.443143
224,3,0.443143
224,4,0.202543
224,5,0.482758
224,6,0.434589
224,7,0.485192
224,8,0.496160
224,9,0.574110
224,10,0.455955
224,11,0.574110
224,12,0.533703
224,13,0.510610
224,14,0.495783
224,15,0.547988
225,1,0.564999
225,2,0.533618
225,3,0.426354
225,4,0.411744
225,5,0.493637
225,6,0.434589
225,7,0.535669
225,8,0.462519
225,9,0.405085
225,10,0.406025
225,11,0.494936
225,12,0.523915
225,13,0.523915
225,14,0.532282
225,15,0.504352
226,1,0.434589
226,2,0.506369
226,3,0.467123
226,4,0.411744
226,5,0.434848
226,6,0.466824
226,7,0.334984
226,8,0.415796
226,9,0.405085
226,10,0.517321
226,11,0.452384
226,12,0.469898
226,13,0.508186
226,14,0.532282
226,15,0.535565
227,1,0.574110
227,2,0.452359
227,3,0.574110
227,4,0.426354
227,5,0.411744
227,6,0.422172
227,7,0.411744
227,8,0.434589
227,9,0.435590
227,10,0.405085
227,11,0.415796
227,12,0.441631
227,13,0.543836
227,14,0.533703
227,15,0.534692
228,1,0.523915
228,2,0.535316
228,3,0.467425
228,4,0.541212
228,5,0.464314
228,6,0.477006
228,7,0.458171
228,8,0.506369
228,9,0.478696
228,10,0.574110
228,11,0.525622
228,12,0.542225
228,13,0.523915
228,14,0.547988
228,15,0.555991
229,1,0.426354
229,2,0.506369
229,3,0.451013
229,4,0.532282
229,5,0.426354
229,6,0.492478
229,7,0.426354
229,8,0.553205
229,9,0.467123
229,10,0.535435
229,11,0.405085
229,12,0.541226
229,13,0.411744
229,14,0.435590
229,15,0.524850
230,1,0.426527
230,2,0.525622
230,3,0.507405
230,4,0.435590
230,5,0.485880
230,6,0.582009
230,7,0.498445
230,8,0.534750
230,9,0.434589
230,10,0.411744
230,11,0.434848
230,12,0.523915
230,13,0.535827
230,14,0.426354
230,15,0.491652
231,1,0.582009
231,2,0.547988
231,3,0.545113
231,4,0.533703
231,5,0.532282
231,6,0.549311
231,7,0.434589
231,8,0.411744
231,9,0.426345
231,10,0.533703
231,11,0.435590
231,12,0.489005
231,13,0.521886
231,14,0.574110
231,15,0.505408
232,1,0.547988
232,2,0.544633
232,3,0.457865
232,4,0.482106
232,5,0.432278
232,6,0.489058
232,7,0.411744
232,8,0.435590
232,9,0.405629
232,10,0.489005
232,11,0.486625
232,12,0.533340
232,13,0.574110
232,14,0.525746
232,15,0.538972
233,1,0.435590
233,2,0.329216
233,3,0.411744
233,4,0.458739
233,5,0.547988
233,6,0.434589
233,7,0.506369
233,8,0.451013
233,9,0.504142
233,10,0.525649
233,11,0.533703
233,12,0.464451
233,13,0.538937
233,14,0.535073
233,15,0.574110
234,1,0.533703
234,2,0.561477
234,3,0.557856
234,4,0.532781
234,5,0.525622
234,6,0.533703
234,7,0.524299
234,8,0.523915
234,9,0.523915
234,10,0.532282
234,11,0.312904
234,12,0.492746
234,13,0.499258
234,14,0.489863
234,15,0.547988
235,1,0.523915
235,2,0.523915
235,3,0.533823
235,4,0.551058
235,5,0.547988
235,6,0.523915
235,7,0.495638
235,8,0.523217
235,9,0.523915
235,10,0.523915
235,11,0.465614
235,12,0.506369
235,13,0.467123
235,14,0.465457
235,15,0.406025
236,1,0.501691
236,2,0.504218
236,3,0.434589
236,4,0.405085
236,5,0.406025
236,6,0.426345
236,7,0.500261
236,8,0.455411
236,9,0.531830
236,10,0.473390
236,11,0.547988
236,12,0.501243
236,13,0.464451
236,14,0.375058
236,15,0.405085
237,1,0.415796
237,2,0.529878
237,3,0.466260
237,4,0.513402
237,5,0.481814
237,6,0.435590
237,7,0.437459
237,8,0.502625
237,9,0.529554
237,10,0.435590
237,11,0.575772
237,12,0.524408
237,13,0.533703
237,14,0.435590
237,15,0.405085
238,1,0.458896
238,2,0.457702
238,3,0.574110
238,4,0.492036
238,5,0.532282
238,6,0.466308
238,7,0.426046
238,8,0.467123
238,9,0.405085
238,10,0.406025
238,11,0.473508
238,12,0.544118
238,13,0.459337
238,14,0.405085
238,15,0.469290
239,1,0.506369
239,2,0.533703
239,3,0.462989
239,4,0.479210
239,5,0.472570
239,6,0.519950
239,7,0.533703
239,8,0.465373
239,9,0.431041
239,10,0.411998
239,11,0.527663
239,12,0.435590
239,13,0.405085
239,14,0.406025
239,15,0.521615
240,1,0.361151
240,2,0.506369
240,3,0.426354
240,4,0.506369
240,5,0.456475
240,6,0.434589
240,7,0.411744
240,8,0.519457
240,9,0.453502
240,10,0.492710
240,11,0.426354
240,12,0.405085
240,13,0.574110
240,14,0.479471
240,15,0.523915
241,1,0.435590
241,2,0.432268
241,3,0.405085
241,4,0.506369
241,5,0.510703
241,6,0.471671
241,7,0.547988
241,8,0.497229
241,9,0.426354
241,10,0.506526
241,11,0.426345
241,12,0.471099
241,13,0.566955
241,14,0.481939
241,15,0.461322
242,1,0.459144
242,2,0.457424
242,3,0.441308
242,4,0.444243
242,5,0.508099
242,6,0.451013
242,7,0.254376
242,8,0.523915
242,9,0.520165
242,10,0.525622
242,11,0.533703
242,12,0.523915
242,13,0.458896
242,14,0.434589
242,15,0.506369
243,1,0.464246
243,2,0.547988
243,3,0.523915
243,4,0.523915
243,5,0.464327
243,6,0.431041
243,7,0.000000
243,8,0.473083
243,9,0.467843
243,10,0.510400
243,11,0.504481
243,12,0.488940
243,13,0.434589
243,14,0.445081
243,15,0.415796
244,1,0.467123
244,2,0.506369
244,3,0.506124
244,4,0.434589
244,5,0.444363
244,6,0.463334
244,7,0.456405
244,8,0.574110
244,9,0.475729
244,10,0.434589
244,11,0.463428
244,12,0.430488
244,13,0.523915
244,14,0.523915
244,15,0.532282
245,1,0.533703
245,2,0.532282
245,3,0.426354
245,4,0.506369
245,5,0.547988
245,6,0.510542
245,7,0.487976
245,8,0.555991
245,9,0.459694
245,10,0.438382
245,11,0.415796
245,12,0.426527
245,13,0.533703
245,14,0.557947
245,15,0.469798
246,1,0.503250
246,2,0.533703
246,3,0.523915
246,4,0.532282
246,5,0.488893
246,6,0.312551
246,7,0.480407
246,8,0.479861
246,9,0.523915
246,10,0.532282
246,11,0.533703
246,12,0.532282
246,13,0.426354
246,14,0.457129
246,15,0.506369
247,1,0.533703
247,2,0.553196
247,3,0.508678
247,4,0.497424
247,5,0.439987
247,6,0.532330
247,7,0.548391
247,8,0.519403
247,9,0.520001
247,10,0.465583
247,11,0.523906
247,12,0.459406
247,13,0.547988
247,14,0.532282
247,15,0.430471
248,1,0.479895
248,2,0.506369
248,3,0.533703
248,4,0.435590
248,5,0.506369
248,6,0.499501
248,7,0.532282
248,8,0.461248
248,9,0.405085
248,10,0.406025
248,11,0.422172
248,12,0.411744
248,13,0.434848
248,14,0.446717
248,15,0.547988
249,1,0.523915
249,2,0.532282
249,3,0.464451
249,4,0.574110
249,5,0.585922
249,6,0.525622
249,7,0.517551
249,8,0.493297
249,9,0.574110
249,10,0.525622
249,11,0.426354
249,12,0.506369
249,13,0.495545
249,14,0.525622
249,15,0.461831
250,1,0.452359
250,2,0.480087
250,3,0.467123
250,4,0.434589
250,5,0.480025
250,6,0.477779
250,7,0.501482
250,8,0.541867
250,9,0.426354
250,10,0.426046
250,11,0.497523
250,12,0.533703
250,13,0.439418
250,14,0.520813
250,15,0.547988
251,1,0.519197
251,2,0.533703
251,3,0.529402
251,4,0.435590
251,5,0.411744
251,6,0.308765
251,7,0.437598
251,8,0.426345
251,9,0.480028
251,10,0.493665
251,11,0.533703
251,12,0.439506
251,13,0.473996
251,14,0.428074
251,15,0.415796
252,1,0.426354
252,2,0.458539
252,3,0.443143
252,4,0.472753
252,5,0.434848
252,6,0.494875
252,7,0.577407
252,8,0.530507
252,9,0.509453
252,10,0.559056
252,11,0.513670
252,12,0.525622
252,13,0.471900
252,14,0.450943
252,15,0.450722
253,1,0.480236
253,2,0.533703
253,3,0.467910
253,4,0.485044
253,5,0.426354
253,6,0.506369
253,7,0.473692
253,8,0.542581
253,9,0.460322
253,10,0.506369
253,11,0.477135
253,12,0.547988
253,13,0.504123
253,14,0.574110
253,15,0.531294
254,1,0.497804
254,2,0.534661
254,3,0.525622
254,4,0.525622
254,5,0.525622
254,6,0.531294
254,7,0.574110
254,8,0.533703
254,9,0.523915
254,10,0.530724
254,11,0.525622
254,12,0.426354
254,13,0.453146
254,14,0.211086
254,15,0.405085
255,1,0.434589
255,2,0.304613
255,3,0.452656
255,4,0.506369
255,5,0.533703
255,6,0.435590
255,7,0.547988
255,8,0.444853
255,9,0.411744
255,10,0.435590
255,11,0.462866
255,12,0.406025
255,13,0.426345
255,14,0.533703
255,15,0.532282
256,1,0.496575
256,2,0.536523
256,3,0.532282
256,4,0.466219
256,5,0.411744
256,6,0.541902
256,7,0.508526
256,8,0.547988
256,9,0.530002
256,10,0.434589
256,11,0.526529
256,12,0.459058
256,13,0.520439
256,14,0.525622
256,15,0.525622
257,1,0.525622
257,2,0.507405
257,3,0.480626
257,4,0.000000
257,5,0.434589
257,6,0.506369
257,7,0.426527
257,8,0.540846
257,9,0.397650
257,10,0.574110
257,11,0.533703
257,12,0.523915
257,13,0.523915
257,14,0.523915
257,15,0.523915
258,1,0.523915
258,2,0.436940
258,3,0.495783
258,4,0.289726
258,5,0.497922
258,6,0.506369
258,7,0.525622
258,8,0.488479
258,9,0.547988
258,10,0.523915
258,11,0.532282
258,12,0.525622
258,13,0.436940
258,14,0.426354
258,15,0.405085
259,1,0.455790
259,2,0.481802
259,3,0.547988
259,4,0.405085
259,5,0.476951
259,6,0.532282
259,7,0.525622
259,8,0.426354
259,9,0.466601
259,10,0.426354
259,11,0.537648
259,12,0.540728
259,13,0.458922
259,14,0.533558
259,15,0.479749
260,1,0.525622
260,2,0.492736
260,3,0.434589
260,4,0.461264
260,5,0.415796
260,6,0.451013
260,7,0.523915
260,8,0.450736
260,9,0.519867
260,10,0.405085
260,11,0.397650
260,12,0.538777
260,13,0.493922
260,14,0.434589
260,15,0.506369
261,1,0.451013
261,2,0.435590
261,3,0.512959
261,4,0.452414
261,5,0.536737
261,6,0.531964
261,7,0.585922
261,8,0.539444
261,9,0.535345
261,10,0.574110
261,11,0.534916
261,12,0.566702
261,13,0.548874
261,14,0.434589
261,15,0.549693
262,1,0.507051
262,2,0.532255
262,3,0.506583
262,4,0.534143
262,5,0.574110
262,6,0.531964
262,7,0.533703
262,8,0.532282
262,9,0.481201
262,10,0.525622
262,11,0.515996
262,12,0.525622
262,13,0.508753
262,14,0.524980
262,15,0.435590
263,1,0.434589
263,2,0.411744
263,3,0.405085
263,4,0.450785
263,5,0.434589
263,6,0.506369
263,7,0.480626
263,8,0.525622
263,9,0.426354
263,10,0.506369
263,11,0.519867
263,12,0.434589
263,13,0.411744
263,14,0.426345
263,15,0.525622
264,1,0.482941
264,2,0.476909
264,3,0.495334
264,4,0.523915
264,5,0.533704
264,6,0.286981
264,7,0.500261
264,8,0.356810
264,9,0.434589
264,10,0.411744
264,11,0.434848
264,12,0.532282
264,13,0.498599
264,14,0.533703
264,15,0.515698
265,1,0.523915
265,2,0.523217
265,3,0.536759
265,4,0.434589
265,5,0.507421
265,6,0.325269
265,7,0.574110
265,8,0.525622
265,9,0.525622
265,10,0.460157
265,11,0.506369
265,12,0.426354
265,13,0.411744
265,14,0.422172
265,15,0.506369
266,1,0.467123
266,2,0.405085
266,3,0.450785
266,4,0.428381
266,5,0.453748
266,6,0.443143
266,7,0.415796
266,8,0.451013
266,9,0.510766
266,10,0.426354
266,11,0.405085
266,12,0.574110
266,13,0.506369
266,14,0.426354
266,15,0.534946
267,1,0.452010
267,2,0.533703
267,3,0.435590
267,4,0.479866
267,5,0.475296
267,6,0.476809
267,7,0.547988
267,8,0.523915
267,9,0.565180
267,10,0.510381
267,11,0.461849
267,12,0.349784
267,13,0.536466
267,14,0.449608
267,15,0.454592
268,1,0.574110
268,2,0.525622
268,3,0.525622
268,4,0.464209
268,5,0.446899
268,6,0.518363
268,7,0.513014
268,8,0.435590
268,9,0.405085
268,10,0.443143
268,11,0.443143
268,12,0.463335
268,13,0.406025
268,14,0.422172
268,15,0.411744
269,1,0.464179
269,2,0.435590
269,3,0.483527
269,4,0.467711
269,5,0.547988
269,6,0.526000
269,7,0.552379
269,8,0.461863
269,9,0.405085
269,10,0.443143
269,11,0.406025
269,12,0.426345
269,13,0.488714
269,14,0.434589
269,15,0.411744
270,1,0.503017
270,2,0.488764
270,3,0.574110
270,4,0.533703
270,5,0.526295
270,6,0.523915
270,7,0.435590
270,8,0.506369
270,9,0.426527
270,10,0.500261
270,11,0.525622
270,12,0.473429
270,13,0.508885
270,14,0.438214
270,15,0.547988
271,1,0.471142
271,2,0.547988
271,3,0.519938
271,4,0.508413
271,5,0.426354
271,6,0.524043
271,7,0.455614
271,8,0.434589
271,9,0.480839
271,10,0.405085
271,11,0.467425
271,12,0.496669
271,13,0.502691
271,14,0.533703
271,15,0.492475
272,1,0.472837
272,2,0.324058
272,3,0.574110
272,4,0.505655
272,5,0.523915
272,6,0.523915
272,7,0.435590
272,8,0.566955
272,9,0.515823
272,10,0.574110
272,11,0.525622
272,12,0.471671
272,13,0.574110
272,14,0.447207
272,15,0.405085
273,1,0.443143
273,2,0.452793
273,3,0.500261
273,4,0.524980
273,5,0.547988
273,6,0.435590
273,7,0.452940
273,8,0.510558
273,9,0.523915
273,10,0.435590
273,11,0.536469
273,12,0.405085
273,13,0.506369
273,14,0.451013
273,15,0.523915
274,1,0.528619
274,2,0.527310
274,3,0.521155
274,4,0.525622
274,5,0.241763
274,6,0.525622
274,7,0.525622
274,8,0.533703
274,9,0.514070
274,10,0.531079
274,11,0.521756
274,12,0.434589
274,13,0.502912
274,14,0.522339
274,15,0.506369
275,1,0.523217
275,2,0.466487
275,3,0.499833
275,4,0.496789
275,5,0.523915
275,6,0.380913
275,7,0.217795
275,8,0.487604
275,9,0.458048
275,10,0.435590
275,11,0.434589
275,12,0.405085
275,13,0.411744
275,14,0.434848
275,15,0.514713
276,1,0.504352
276,2,0.471671
276,3,0.547988
276,4,0.334861
276,5,0.451534
276,6,0.502965
276,7,0.525622
276,8,0.439972
276,9,0.426046
276,10,0.455637
276,11,0.532282
276,12,0.478070
276,13,0.504798
276,14,0.514134
276,15,0.547988
277,1,0.469129
277,2,0.479494
277,3,0.445224
277,4,0.426345
277,5,0.528952
277,6,0.505036
277,7,0.517837
277,8,0.532282
277,9,0.513489
277,10,0.490989
277,11,0.554567
277,12,0.435590
277,13,0.431041
277,14,0.505152
277,15,0.461582
278,1,0.487169
278,2,0.525622
278,3,0.489190
278,4,0.533703
278,5,0.557947
278,6,0.473083
278,7,0.453748
278,8,0.465688
278,9,0.405085
278,10,0.506369
278,11,0.490206
278,12,0.547988
278,13,0.532282
278,14,0.519867
278,15,0.495156
279,1,0.574110
279,2,0.464879
279,3,0.430476
279,4,0.466679
279,5,0.486725
279,6,0.481300
279,7,0.532282
279,8,0.511071
279,9,0.524529
279,10,0.523915
279,11,0.523915
279,12,0.532282
279,13,0.525622
279,14,0.529404
279,15,0.494591
280,1,0.397650
280,2,0.547988
280,3,0.492524
280,4,0.523915
280,5,0.465601
280,6,0.411744
280,7,0.434848
280,8,0.494965
280,9,0.508753
280,10,0.533703
280,11,0.438714
280,12,0.513957
280,13,0.454362
280,14,0.488479
280,15,0.467274
281,1,0.432361
281,2,0.405085
281,3,0.476124
281,4,0.540239
281,5,0.426354
281,6,0.535135
281,7,0.496108
281,8,0.467068
281,9,0.434589
281,10,0.506369
281,11,0.426527
281,12,0.525622
281,13,0.533703
281,14,0.523915
281,15,0.443065
282,1,0.547988
282,2,0.532282
282,3,0.523507
282,4,0.574110
282,5,0.533703
282,6,0.523915
282,7,0.532282
282,8,0.456475
282,9,0.585922
282,10,0.525622
282,11,0.525622
282,12,0.426354
282,13,0.469485
282,14,0.408884
282,15,0.428358
283,1,0.434589
283,2,0.426354
283,3,0.480839
283,4,0.501076
283,5,0.426354
283,6,0.493637
283,7,0.498519
283,8,0.502064
283,9,0.478428
283,10,0.574110
283,11,0.525622
283,12,0.426354
283,13,0.411744
283,14,0.254376
283,15,0.547988
284,1,0.523915
284,2,0.489075
284,3,0.426354
284,4,0.506369
284,5,0.447198
284,6,0.411744
284,7,0.432130
284,8,0.574110
284,9,0.533703
284,10,0.489813
284,11,0.434589
284,12,0.506369
284,13,0.482941
284,14,0.574110
284,15,0.426354
285,1,0.202543
285,2,0.471671
285,3,0.408884
285,4,0.473797
285,5,0.464522
285,6,0.434589
285,7,0.506369
285,8,0.426527
285,9,0.525622
285,10,0.426354
285,11,0.411744
285,12,0.464179
285,13,0.311950
285,14,0.506369
285,15,0.547988
286,1,0.440310
286,2,0.547988
286,3,0.435590
286,4,0.511077
286,5,0.411744
286,6,0.532282
286,7,0.447332
286,8,0.531294
286,9,0.525622
286,10,0.493637
286,11,0.455034
286,12,0.411744
286,13,0.445337
286,14,0.411744
286,15,0.434848
287,1,0.446481
287,2,0.301451
287,3,0.437995
287,4,0.405085
287,5,0.487116
287,6,0.451013
287,7,0.435590
287,8,0.405085
287,9,0.415796
287,10,0.467123
287,11,0.506369
287,12,0.451013
287,13,0.446717
287,14,0.434589
287,15,0.496160
288,1,0.498627
288,2,0.547988
288,3,0.532282
288,4,0.426354
288,5,0.411744
288,6,0.426345
288,7,0.467553
288,8,0.430537
288,9,0.547988
288,10,0.574110
288,11,0.533703
288,12,0.523915
288,13,0.532282
288,14,0.461248
288,15,0.505765
289,1,0.506124
289,2,0.439561
289,3,0.506369
289,4,0.495545
289,5,0.335048
289,6,0.506369
289,7,0.511575
289,8,0.455203
289,9,0.405085
289,10,0.444382
289,11,0.434848
289,12,0.523915
289,13,0.523915
289,14,0.532282
289,15,0.439357
290,1,0.439677
290,2,0.426345
290,3,0.509193
290,4,0.533703
290,5,0.551304
290,6,0.508441
290,7,0.530433
290,8,0.535827
290,9,0.500261
290,10,0.426354
290,11,0.470328
290,12,0.465175
290,13,0.460701
290,14,0.504649
290,15,0.574110
291,1,0.426354
291,2,0.314447
291,3,0.452707
291,4,0.434589
291,5,0.468739
291,6,0.500874
291,7,0.547988
291,8,0.537648
291,9,0.547988
291,10,0.523915
291,11,0.532282
291,12,0.463993
291,13,0.434589
291,14,0.405085
291,15,0.443745
292,1,0.422172
292,2,0.456857
292,3,0.449011
292,4,0.585424
292,5,0.523915
292,6,0.435590
292,7,0.405085
292,8,0.443143
292,9,0.415796
292,10,0.451013
292,11,0.532282
292,12,0.525622
292,13,0.426354
292,14,0.465831
292,15,0.434848
293,1,0.574110
293,2,0.574110
293,3,0.525622
293,4,0.474816
293,5,0.547988
293,6,0.517306
293,7,0.565180
293,8,0.532282
293,9,0.468454
293,10,0.430537
293,11,0.491869
293,12,0.523915
293,13,0.523915
293,14,0.442633
293,15,0.342141
294,1,0.445692
294,2,0.501266
294,3,0.547988
294,4,0.532282
294,5,0.576905
294,6,0.557856
294,7,0.547988
294,8,0.443033
294,9,0.405085
294,10,0.443143
294,11,0.492966
294,12,0.415796
294,13,0.525622
294,14,0.426354
294,15,0.462958
295,1,0.406025
295,2,0.434848
295,3,0.435590
295,4,0.468373
295,5,0.411744
295,6,0.523915
295,7,0.565180
295,8,0.532282
295,9,0.533703
295,10,0.532282
295,11,0.525622
295,12,0.464078
295,13,0.411744
295,14,0.434848
295,15,0.565180
296,1,0.523915
296,2,0.523915
296,3,0.535827
296,4,0.457308
296,5,0.557947
296,6,0.524811
296,7,0.532282
296,8,0.426354
296,9,0.462172
296,10,0.538357
296,11,0.574110
296,12,0.533703
296,13,0.459037
296,14,0.452355
296,15,0.426345
297,1,0.483108
297,2,0.465545
297,3,0.457120
297,4,0.488479
297,5,0.468890
297,6,0.464246
297,7,0.574110
297,8,0.463863
297,9,0.533120
297,10,0.426354
297,11,0.574110
297,12,0.497424
297,13,0.474180
297,14,0.553196
297,15,0.426354
298,1,0.411744
298,2,0.422172
298,3,0.474816
298,4,0.526789
298,5,0.547988
298,6,0.498385
298,7,0.517685
298,8,0.519003
298,9,0.533703
298,10,0.435590
298,11,0.473603
298,12,0.513670
298,13,0.532282
298,14,0.484219
298,15,0.434589
299,1,0.506369
299,2,0.467123
299,3,0.430537
299,4,0.422172
299,5,0.405085
299,6,0.450136
299,7,0.443143
299,8,0.479895
299,9,0.499364
299,10,0.434589
299,11,0.506369
299,12,0.426527
299,13,0.508327
299,14,0.464966
299,15,0.533703
300,1,0.536217
300,2,0.547988
300,3,0.523915
300,4,0.471833
300,5,0.434589
300,6,0.437694
300,7,0.406025
300,8,0.434848
300,9,0.225368
300,10,0.405629
300,11,0.451013
300,12,0.502593
300,13,0.435590
300,14,0.547988
300,15,0.506369
301,1,0.542292
301,2,0.574110
301,3,0.533703
301,4,0.523915
301,5,0.585922
301,6,0.523915
301,7,0.523915
301,8,0.532282
301,9,0.540145
301,10,0.525749
301,11,0.426354
301,12,0.521767
301,13,0.498659
301,14,0.547988
301,15,0.523915
302,1,0.435590
302,2,0.453748
302,3,0.443143
302,4,0.477321
302,5,0.424821
302,6,0.464621
302,7,0.526122
302,8,0.523915
302,9,0.435590
302,10,0.431041
302,11,0.434848
302,12,0.537951
302,13,0.522557
302,14,0.532282
302,15,0.525622
303,1,0.426354
303,2,0.490375
303,3,0.449663
303,4,0.490228
303,5,0.490658
303,6,0.574110
303,7,0.524886
303,8,0.523915
303,9,0.532282
303,10,0.533703
303,11,0.435590
303,12,0.405085
303,13,0.445859
303,14,0.453644
303,15,0.574110
304,1,0.454104
304,2,0.574110
304,3,0.533703
304,4,0.464066
304,5,0.481710
304,6,0.435590
304,7,0.434589
304,8,0.506369
304,9,0.451013
304,10,0.448507
304,11,0.492786
304,12,0.434589
304,13,0.411744
304,14,0.434848
304,15,0.435590
305,1,0.443065
305,2,0.533913
305,3,0.574110
305,4,0.465209
305,5,0.476812
305,6,0.532282
305,7,0.426354
305,8,0.430476
305,9,0.415796
305,10,0.492131
305,11,0.544948
305,12,0.468877
305,13,0.496160
305,14,0.574110
305,15,0.533703
306,1,0.533261
306,2,0.533703
306,3,0.435590
306,4,0.530222
306,5,0.465385
306,6,0.574110
306,7,0.533703
306,8,0.356023
306,9,0.506369
306,10,0.467123
306,11,0.514309
306,12,0.506369
306,13,0.426354
306,14,0.438601
306,15,0.519764
307,1,0.533703
307,2,0.435590
307,3,0.411744
307,4,0.434848
307,5,0.435590
307,6,0.497424
307,7,0.426527
307,8,0.525622
307,9,0.507051
307,10,0.496884
307,11,0.557856
307,12,0.561276
307,13,0.513335
307,14,0.477888
307,15,0.547988
308,1,0.532282
308,2,0.466476
308,3,0.506369
308,4,0.487761
308,5,0.547988
308,6,0.523915
308,7,0.506479
308,8,0.502210
308,9,0.495829
308,10,0.532060
308,11,0.547988
308,12,0.523915
308,13,0.435590
308,14,0.411744
308,15,0.434848
309,1,0.522483
309,2,0.446359
309,3,0.501733
309,4,0.496481
309,5,0.426354
309,6,0.499193
309,7,0.506369
309,8,0.426354
309,9,0.506369
309,10,0.451013
309,11,0.523915
309,12,0.473956
309,13,0.495783
309,14,0.312218
309,15,0.434589
310,1,0.453026
310,2,0.454981
310,3,0.435590
310,4,0.405085
310,5,0.443143
310,6,0.467503
310,7,0.506369
310,8,0.525622
310,9,0.495365
310,10,0.533703
310,11,0.523915
310,12,0.532282
310,13,0.533703
310,14,0.445859
310,15,0.435590
311,1,0.506369
311,2,0.451013
311,3,0.525749
311,4,0.549866
311,5,0.533703
311,6,0.478549
311,7,0.525622
311,8,0.426354
311,9,0.491357
311,10,0.411744
311,11,0.532282
311,12,0.525622
311,13,0.533703
311,14,0.435590
311,15,0.380913
312,1,0.217294
312,2,0.505529
312,3,0.426354
312,4,0.506369
312,5,0.498182
312,6,0.482822
312,7,0.574110
312,8,0.453661
312,9,0.525831
312,10,0.000000
312,11,0.547988
312,12,0.512991
312,13,0.533703
312,14,0.523915
312,15,0.470952
313,1,0.434589
313,2,0.485885
313,3,0.504750
313,4,0.498310
313,5,0.547988
313,6,0.435590
313,7,0.411744
313,8,0.491418
313,9,0.446359
313,10,0.467696
313,11,0.478349
313,12,0.479445
313,13,0.405085
313,14,0.405085
313,15,0.411744
314,1,0.506369
314,2,0.533703
314,3,0.557947
314,4,0.519867
314,5,0.468013
314,6,0.492191
314,7,0.411744
314,8,0.506117
314,9,0.459168
314,10,0.506560
314,11,0.574110
314,12,0.426354
314,13,0.411744
314,14,0.434848
314,15,0.435590
315,1,0.405085
315,2,0.406025
315,3,0.482941
315,4,0.289726
315,5,0.405085
315,6,0.415796
315,7,0.451013
315,8,0.435590
315,9,0.411744
315,10,0.422172
315,11,0.506369
315,12,0.504507
315,13,0.434589
315,14,0.506369
315,15,0.444632
316,1,0.555991
316,2,0.577407
316,3,0.547988
316,4,0.435590
316,5,0.405085
316,6,0.495545
316,7,0.506369
316,8,0.533703
316,9,0.523915
316,10,0.435590
316,11,0.405085
316,12,0.406025
316,13,0.504507
316,14,0.405085
316,15,0.411744
317,1,0.426345
317,2,0.508526
317,3,0.523915
317,4,0.532282
317,5,0.489181
317,6,0.434589
317,7,0.405085
317,8,0.439857
317,9,0.494256
317,10,0.443143
317,11,0.296204
317,12,0.415796
317,13,0.495434
317,14,0.525622
317,15,0.426354
318,1,0.405085
318,2,0.493636
318,3,0.380913
318,4,0.457081
318,5,0.533163
318,6,0.506369
318,7,0.490189
318,8,0.547988
318,9,0.523915
318,10,0.532282
318,11,0.533703
318,12,0.532282
318,13,0.454583
318,14,0.405085
318,15,0.467096
319,1,0.519626
319,2,0.533703
319,3,0.523915
319,4,0.523915
319,5,0.475433
319,6,0.405085
319,7,0.292577
319,8,0.434611
319,9,0.451013
319,10,0.532282
319,11,0.533703
319,12,0.534377
319,13,0.525622
319,14,0.457620
319,15,0.520854
320,1,0.536421
320,2,0.492498
320,3,0.565180
320,4,0.523915
320,5,0.435590
320,6,0.506369
320,7,0.470047
320,8,0.455682
320,9,0.426527
320,10,0.533703
320,11,0.523915
320,12,0.435590
320,13,0.453748
320,14,0.443143
320,15,0.406025
321,1,0.426345
321,2,0.525622
321,3,0.461636
321,4,0.426354
321,5,0.411744
321,6,0.426345
321,7,0.533703
321,8,0.435590
321,9,0.405085
321,10,0.534946
321,11,0.456565
321,12,0.405085
321,13,0.405085
321,14,0.420507
321,15,0.532282
322,1,0.555871
322,2,0.557947
322,3,0.467179
322,4,0.453748
322,5,0.406025
322,6,0.426345
322,7,0.533703
322,8,0.442436
322,9,0.506369
322,10,0.525622
322,11,0.250131
322,12,0.426354
322,13,0.411744
322,14,0.422172
322,15,0.202543
323,1,0.415796
323,2,0.525622
323,3,0.533703
323,4,0.523915
323,5,0.475433
323,6,0.405629
323,7,0.525622
323,8,0.540846
323,9,0.540931
323,10,0.535827
323,11,0.547988
323,12,0.493095
323,13,0.523915
323,14,0.532282
323,15,0.475559
324,1,0.574110
324,2,0.467136
324,3,0.547988
324,4,0.532282
324,5,0.525622
324,6,0.525622
324,7,0.460637
324,8,0.574110
324,9,0.464786
324,10,0.574110
324,11,0.525622
324,12,0.492659
324,13,0.533703
324,14,0.476138
324,15,0.547988
325,1,0.532282
325,2,0.525622
325,3,0.533703
325,4,0.532282
325,5,0.533703
325,6,0.446359
325,7,0.405629
325,8,0.479841
325,9,0.523915
325,10,0.435590
325,11,0.506369
325,12,0.451013
325,13,0.523915
325,14,0.523915
325,15,0.494256
326,1,0.547988
326,2,0.532282
326,3,0.525622
326,4,0.426354
326,5,0.411744
326,6,0.422172
326,7,0.460637
326,8,0.461244
326,9,0.499930
326,10,0.435590
326,11,0.446147
326,12,0.415796
326,13,0.533703
326,14,0.532282
326,15,0.533703
327,1,0.523915
327,2,0.535827
327,3,0.525622
327,4,0.533703
327,5,0.435590
327,6,0.405085
327,7,0.406025
327,8,0.426345
327,9,0.533703
327,10,0.523915
327,11,0.486746
327,12,0.469088
327,13,0.434589
327,14,0.411744
327,15,0.422172
328,1,0.415796
328,2,0.467123
328,3,0.405085
328,4,0.438866
328,5,0.446717
328,6,0.405085
328,7,0.405085
328,8,0.415796
328,9,0.426527
328,10,0.533703
328,11,0.523915
328,12,0.547988
328,13,0.475238
328,14,0.574110
328,15,0.533703
329,1,0.523915
329,2,0.435590
329,3,0.405085
329,4,0.443143
329,5,0.406025
329,6,0.422172
329,7,0.506369
329,8,0.451013
329,9,0.467926
329,10,0.506369
329,11,0.533703
329,12,0.523915
329,13,0.435590
329,14,0.411744
329,15,0.426345
330,1,0.533703
330,2,0.531294
330,3,0.486625
330,4,0.491663
330,5,0.547988
330,6,0.514221
330,7,0.533703
330,8,0.513183
330,9,0.532282
330,10,0.525622
330,11,0.464451
330,12,0.434589
330,13,0.405085
330,14,0.415796
330,15,0.426527
331,1,0.464451
331,2,0.553196
331,3,0.426354
331,4,0.506369
331,5,0.463308
331,6,0.533703
331,7,0.458617
331,8,0.547988
331,9,0.434589
331,10,0.405085
331,11,0.494940
331,12,0.525622
331,13,0.525622
331,14,0.512390
331,15,0.547988
332,1,0.523915
332,2,0.523915
332,3,0.435590
332,4,0.506369
332,5,0.479841
332,6,0.557947
332,7,0.493297
332,8,0.547988
332,9,0.435590
332,10,0.405085
332,11,0.488479
332,12,0.446645
332,13,0.405085
332,14,0.439938
332,15,0.470673
333,1,0.525622
333,2,0.426354
333,3,0.521543
333,4,0.405085
333,5,0.506369
333,6,0.451013
333,7,0.514032
333,8,0.512959
333,9,0.467573
333,10,0.574110
333,11,0.525622
333,12,0.426354
333,13,0.411744
333,14,0.436243
333,15,0.435590
334,1,0.405085
334,2,0.443143
334,3,0.415796
334,4,0.451013
334,5,0.512167
334,6,0.434589
334,7,0.490375
334,8,0.506369
334,9,0.522583
334,10,0.533703
334,11,0.513112
334,12,0.435590
334,13,0.506369
334,14,0.467123
334,15,0.411744
335,1,0.426345
335,2,0.426354
335,3,0.430537
335,4,0.422172
335,5,0.411744
335,6,0.434848
335,7,0.435590
335,8,0.452355
335,9,0.422172
335,10,0.445859
335,11,0.296204
335,12,0.421429
335,13,0.415796
335,14,0.479199
335,15,0.434589
336,1,0.506369
336,2,0.426527
336,3,0.533703
336,4,0.463993
336,5,0.507899
336,6,0.525622
336,7,0.525622
336,8,0.525622
336,9,0.525622
336,10,0.525622
336,11,0.426354
336,12,0.449266
336,13,0.254376
336,14,0.443143
336,15,0.506369
337,1,0.467123
337,2,0.459244
337,3,0.415796
337,4,0.457129
337,5,0.426354
337,6,0.535561
337,7,0.405085
337,8,0.411744
337,9,0.492966
337,10,0.498445
337,11,0.434589
337,12,0.405085
337,13,0.450136
337,14,0.481354
337,15,0.426345
338,1,0.525622
338,2,0.525622
338,3,0.445859
338,4,0.533703
338,5,0.523915
338,6,0.532282
338,7,0.426354
338,8,0.506369
338,9,0.451013
338,10,0.547988
338,11,0.523915
338,12,0.435590
338,13,0.405085
338,14,0.453900
338,15,0.533703
339,1,0.521623
339,2,0.523915
339,3,0.507246
339,4,0.547988
339,5,0.532282
339,6,0.533703
339,7,0.553196
339,8,0.525622
339,9,0.426354
339,10,0.446717
339,11,0.506369
339,12,0.456565
339,13,0.423462
339,14,0.415796
339,15,0.547988
340,1,0.504874
340,2,0.517180
340,3,0.474527
340,4,0.450917
340,5,0.434589
340,6,0.405085
340,7,0.456107
340,8,0.467123
340,9,0.405085
340,10,0.415796
340,11,0.505408
340,12,0.460750
340,13,0.405085
340,14,0.415796
340,15,0.508409
341,1,0.434589
341,2,0.487655
341,3,0.471156
341,4,0.485661
341,5,0.434589
341,6,0.405085
341,7,0.406025
341,8,0.426345
341,9,0.533703
341,10,0.532282
341,11,0.463993
341,12,0.304613
341,13,0.574110
341,14,0.498768
341,15,0.426354
342,1,0.405085
342,2,0.443143
342,3,0.424821
342,4,0.451013
342,5,0.525749
342,6,0.525622
342,7,0.443075
342,8,0.452010
342,9,0.451013
342,10,0.547988
342,11,0.532282
342,12,0.525622
342,13,0.426354
342,14,0.501076
342,15,0.480634
343,1,0.532282
343,2,0.499127
343,3,0.426354
343,4,0.506369
343,5,0.426527
343,6,0.525622
343,7,0.533703
343,8,0.446359
343,9,0.405629
343,10,0.426527
343,11,0.426354
343,12,0.430476
343,13,0.292577
343,14,0.471366
343,15,0.467471
344,1,0.434589
344,2,0.411744
344,3,0.434848
344,4,0.565180
344,5,0.523915
344,6,0.555709
344,7,0.471360
344,8,0.547988
344,9,0.477219
344,10,0.574110
344,11,0.455255
344,12,0.405085
344,13,0.443143
344,14,0.443143
344,15,0.397650
345,1,0.405085
345,2,0.494256
345,3,0.455094
345,4,0.422172
345,5,0.411744
345,6,0.422172
345,7,0.469188
345,8,0.426354
345,9,0.405085
345,10,0.443143
345,11,0.406025
345,12,0.422172
345,13,0.485880
345,14,0.405085
345,15,0.405085
346,1,0.406025
346,2,0.422172
346,3,0.579136
346,4,0.411744
346,5,0.435590
346,6,0.411744
346,7,0.422172
346,8,0.411744
346,9,0.422172
346,10,0.411744
346,11,0.426345
346,12,0.525622
346,13,0.454583
346,14,0.506369
346,15,0.313252
347,1,0.411744
347,2,0.426345
347,3,0.475747
347,4,0.501968
347,5,0.515190
347,6,0.456205
347,7,0.496497
347,8,0.434589
347,9,0.411744
347,10,0.495716
347,11,0.506123
347,12,0.525622
347,13,0.426354
347,14,0.452690
347,15,0.426345
348,1,0.470047
348,2,0.411744
348,3,0.447332
348,4,0.547988
348,5,0.435590
348,6,0.411744
348,7,0.538777
348,8,0.434589
348,9,0.405085
348,10,0.455188
348,11,0.426345
348,12,0.533703
348,13,0.461831
348,14,0.434589
348,15,0.506369
349,1,0.525622
349,2,0.434589
349,3,0.411744
349,4,0.422172
349,5,0.411744
349,6,0.472804
349,7,0.574110
349,8,0.458982
349,9,0.411744
349,10,0.523915
349,11,0.532282
349,12,0.525622
349,13,0.492131
349,14,0.547988
349,15,0.489306
350,1,0.465283
350,2,0.506369
350,3,0.533703
350,4,0.435590
350,5,0.506369
350,6,0.533703
350,7,0.435590
350,8,0.467425
350,9,0.574110
350,10,0.533703
350,11,0.467157
350,12,0.405085
350,13,0.405085
350,14,0.334984
350,15,0.429600
351,1,0.574110
351,2,0.525622
351,3,0.525622
351,4,0.495783
351,5,0.547988
351,6,0.532282
351,7,0.426354
351,8,0.405085
351,9,0.405085
351,10,0.506369
351,11,0.533703
351,12,0.523915
351,13,0.465932
351,14,0.532282
351,15,0.426354
352,1,0.405085
352,2,0.411744
352,3,0.523915
352,4,0.497661
352,5,0.574110
352,6,0.533703
352,7,0.435590
352,8,0.405085
352,9,0.520477
352,10,0.547988
352,11,0.523915
352,12,0.523915
352,13,0.532282
352,14,0.533703
352,15,0.532282
353,1,0.445859
353,2,0.501076
353,3,0.434589
353,4,0.405085
353,5,0.482781
353,6,0.547988
353,7,0.532282
353,8,0.488714
353,9,0.574110
353,10,0.512405
353,11,0.520477
353,12,0.574110
353,13,0.533703
353,14,0.435590
353,15,0.456989
354,1,0.484656
354,2,0.435590
354,3,0.411744
354,4,0.435590
354,5,0.488028
354,6,0.426345
354,7,0.482941
354,8,0.574110
354,9,0.519088
354,10,0.547988
354,11,0.380913
354,12,0.576905
354,13,0.533703
354,14,0.523915
354,15,0.523915
355,1,0.435590
355,2,0.405085
355,3,0.506369
355,4,0.533703
355,5,0.523915
355,6,0.523915
355,7,0.435590
355,8,0.506369
355,9,0.426354
355,10,0.405085
355,11,0.446717
355,12,0.547988
355,13,0.435590
355,14,0.506369
355,15,0.460763
356,1,0.574110
356,2,0.458896
356,3,0.547988
356,4,0.523915
356,5,0.000000
356,6,0.375638
356,7,0.411744
356,8,0.510320
356,9,0.493545
356,10,0.574110
356,11,0.533703
356,12,0.459644
356,13,0.411744
356,14,0.523915
356,15,0.435590
357,1,0.506369
357,2,0.470584
357,3,0.547988
357,4,0.532282
357,5,0.426354
357,6,0.411744
357,7,0.422172
357,8,0.451389
357,9,0.506369
357,10,0.533703
357,11,0.488266
357,12,0.532282
357,13,0.426354
357,14,0.411744
357,15,0.532282
358,1,0.426354
358,2,0.506369
358,3,0.533703
358,4,0.532282
358,5,0.533703
358,6,0.494256
358,7,0.434589
358,8,0.405085
358,9,0.463730
358,10,0.506369
358,11,0.533703
358,12,0.532282
358,13,0.426354
358,14,0.405085
358,15,0.411744
359,1,0.435590
359,2,0.411744
359,3,0.435590
359,4,0.411744
359,5,0.497661
359,6,0.547988
359,7,0.435590
359,8,0.397650
359,9,0.529627
359,10,0.532282
359,11,0.533703
359,12,0.532282
359,13,0.520999
359,14,0.547988
359,15,0.532282
360,1,0.426354
360,2,0.506369
360,3,0.525622
360,4,0.533703
360,5,0.435590
360,6,0.405085
360,7,0.492131
360,8,0.434589
360,9,0.405085
360,10,0.520813
360,11,0.547988
360,12,0.532282
360,13,0.574110
360,14,0.495545
360,15,0.574110
361,1,0.525622
361,2,0.426354
361,3,0.405085
361,4,0.411744
361,5,0.532282
361,6,0.525622
361,7,0.533703
361,8,0.508441
361,9,0.491894
361,10,0.547988
361,11,0.574110
361,12,0.473913
361,13,0.574110
361,14,0.525622
361,15,0.426354
362,1,0.405085
362,2,0.405085
362,3,0.489181
362,4,0.574110
362,5,0.426354
362,6,0.506369
362,7,0.533703
362,8,0.532282
362,9,0.426354
362,10,0.489181
362,11,0.510891
362,12,0.540846
362,13,0.435590
362,14,0.506369
362,15,0.426354
363,1,0.547988
363,2,0.500261
363,3,0.574110
363,4,0.380913
363,5,0.521731
363,6,0.547988
363,7,0.435590
363,8,0.471050
363,9,0.506369
363,10,0.525622
363,11,0.426354
363,12,0.411744
363,13,0.464327
363,14,0.405085
363,15,0.405085
364,1,0.411744
364,2,0.532282
364,3,0.434589
364,4,0.506369
364,5,0.520999
364,6,0.446905
364,7,0.434589
364,8,0.506369
364,9,0.426354
364,10,0.411744
364,11,0.435590
364,12,0.405085
364,13,0.484233
364,14,0.532282
364,15,0.574110
365,1,0.467553
365,2,0.411744
365,3,0.532282
365,4,0.508753
365,5,0.574110
365,6,0.461636
365,7,0.480839
365,8,0.574110
365,9,0.474816
365,10,0.434589
365,11,0.411744
365,12,0.442436
365,13,0.506369
365,14,0.426354
365,15,0.451389
366,1,0.506369
366,2,0.533703
366,3,0.523915
366,4,0.380913
366,5,0.574110
366,6,0.529404
366,7,0.449680
366,8,0.497340
366,9,0.574110
366,10,0.525622
366,11,0.525622
366,12,0.456706
366,13,0.506369
366,14,0.533703
366,15,0.435590
367,1,0.446882
367,2,0.523915
367,3,0.530605
367,4,0.574110
367,5,0.533703
367,6,0.471671
367,7,0.434589
367,8,0.506369
367,9,0.426354
367,10,0.405085
367,11,0.411744
367,12,0.488714
367,13,0.526441
367,14,0.532282
367,15,0.525622
368,1,0.525622
368,2,0.495783
368,3,0.521716
368,4,0.523915
368,5,0.435590
368,6,0.411744
368,7,0.493922
368,8,0.574110
368,9,0.426354
368,10,0.454833
368,11,0.422172
368,12,0.520651
368,13,0.547988
368,14,0.437275
368,15,0.435590
369,1,0.250131
369,2,0.498464
369,3,0.574110
369,4,0.525622
369,5,0.460637
369,6,0.434589
369,7,0.405085
369,8,0.487655
369,9,0.532282
369,10,0.461636
369,11,0.533703
369,12,0.458896
369,13,0.574110
369,14,0.525622
369,15,0.525622
370,1,0.426354
370,2,0.411744
370,3,0.435590
370,4,0.506369
370,5,0.512167
370,6,0.574110
370,7,0.525622
370,8,0.477152
370,9,0.435590
370,10,0.547988
370,11,0.405085
370,12,0.411744
370,13,0.478695
370,14,0.454104
370,15,0.547988
371,1,0.435590
371,2,0.506369
371,3,0.524886
371,4,0.435590
371,5,0.405085
371,6,0.411744
371,7,0.397650
371,8,0.547988
371,9,0.532282
371,10,0.519457
371,11,0.547988
371,12,0.523915
371,13,0.532282
371,14,0.533703
371,15,0.532282
372,1,0.486746
372,2,0.434589
372,3,0.506369
372,4,0.540846
372,5,0.510381
372,6,0.434589
372,7,0.506369
372,8,0.426354
372,9,0.405085
372,10,0.463993
372,11,0.547988
372,12,0.475469
372,13,0.459978
372,14,0.506369
372,15,0.533703
373,1,0.523915
373,2,0.510381
373,3,0.495783
373,4,0.574110
373,5,0.476978
373,6,0.452359
373,7,0.481027
373,8,0.532282
373,9,0.533703
373,10,0.435590
373,11,0.512167
373,12,0.547988
373,13,0.532282
373,14,0.525622
373,15,0.485880
374,1,0.547988
374,2,0.435590
374,3,0.411744
374,4,0.438229
374,5,0.434589
374,6,0.506369
374,7,0.426354
374,8,0.492478
374,9,0.434589
374,10,0.506369
374,11,0.496465
374,12,0.490456
374,13,0.574110
374,14,0.533703
374,15,0.508441
375,1,0.532282
375,2,0.525622
375,3,0.426354
375,4,0.411744
375,5,0.422172
375,6,0.405085
375,7,0.506369
375,8,0.503295
375,9,0.574110
375,10,0.454583
375,11,0.405085
375,12,0.405085
375,13,0.405085
375,14,0.466752
375,15,0.523915
376,1,0.435590
376,2,0.506369
376,3,0.531294
376,4,0.434589
376,5,0.506369
376,6,0.426354
376,7,0.472070
376,8,0.547988
376,9,0.532282
376,10,0.426354
376,11,0.405085
376,12,0.506369
376,13,0.533703
376,14,0.531624
376,15,0.426354
377,1,0.405085
377,2,0.405085
377,3,0.449266
377,4,0.497424
377,5,0.574110
377,6,0.426354
377,7,0.405085
377,8,0.443143
377,9,0.411744
377,10,0.532282
377,11,0.473956
377,12,0.574110
377,13,0.493297
377,14,0.463993
377,15,0.574110
378,1,0.426354
378,2,0.372366
378,3,0.354314
378,4,0.547988
378,5,0.523915
378,6,0.532282
378,7,0.525622
378,8,0.525622
378,9,0.426354
378,10,0.405085
378,11,0.449266
378,12,0.445175
378,13,0.532282
378,14,0.426354
378,15,0.506369
379,1,0.525622
379,2,0.533703
379,3,0.523915
379,4,0.523915
379,5,0.532282
379,6,0.426354
379,7,0.411744
379,8,0.435590
379,9,0.405085
379,10,0.443143
379,11,0.411744
379,12,0.435590
379,13,0.496877
379,14,0.535135
379,15,0.426354
380,1,0.411744
380,2,0.532282
380,3,0.426354
380,4,0.479353
380,5,0.574110
380,6,0.533703
380,7,0.435590
380,8,0.411744
380,9,0.519457
380,10,0.434589
380,11,0.405085
380,12,0.415796
380,13,0.426354
380,14,0.506369
380,15,0.474816
381,1,0.574110
381,2,0.533703
381,3,0.532282
381,4,0.426354
381,5,0.405085
381,6,0.506369
381,7,0.513335
381,8,0.435590
381,9,0.411744
381,10,0.435590
381,11,0.506369
381,12,0.533703
381,13,0.445859
381,14,0.540239
381,15,0.503295
382,1,0.434589
382,2,0.453575
382,3,0.443143
382,4,0.411744
382,5,0.465932
382,6,0.435590
382,7,0.511025
382,8,0.434848
382,9,0.435590
382,10,0.506369
382,11,0.533703
382,12,0.508441
382,13,0.435590
382,14,0.411744
382,15,0.532282
383,1,0.533703
383,2,0.435590
383,3,0.405085
383,4,0.411744
383,5,0.523915
383,6,0.435590
383,7,0.411744
383,8,0.435590
383,9,0.405085
383,10,0.380913
383,11,0.405085
383,12,0.521767
383,13,0.411744
383,14,0.534090
383,15,0.520033
384,1,0.547988
384,2,0.435590
384,3,0.405085
384,4,0.506369
384,5,0.533703
384,6,0.523915
384,7,0.512167
384,8,0.434589
384,9,0.411744
384,10,0.532282
384,11,0.525622
384,12,0.430471
384,13,0.411744
384,14,0.476208
384,15,0.532282
385,1,0.463993
385,2,0.547988
385,3,0.510381
385,4,0.464451
385,5,0.537269
385,6,0.547988
385,7,0.523915
385,8,0.523915
385,9,0.532282
385,10,0.499127
385,11,0.534946
385,12,0.525622
385,13,0.533703
385,14,0.435590
385,15,0.411744
386,1,0.532282
386,2,0.489005
386,3,0.547988
386,4,0.523915
386,5,0.523915
386,6,0.532282
386,7,0.525622
386,8,0.533703
386,9,0.473956
386,10,0.434589
386,11,0.506369
386,12,0.533703
386,13,0.467926
386,14,0.463792
386,15,0.411744
387,1,0.504874
387,2,0.532282
387,3,0.426354
387,4,0.506369
387,5,0.525622
387,6,0.520999
387,7,0.434589
387,8,0.506369
387,9,0.533703
387,10,0.532282
387,11,0.426354
387,12,0.405085
387,13,0.411744
387,14,0.481201
387,15,0.574110
388,1,0.533703
388,2,0.523915
388,3,0.512943
388,4,0.435590
388,5,0.506369
388,6,0.525622
388,7,0.525622
388,8,0.426354
388,9,0.458403
388,10,0.532282
388,11,0.533703
388,12,0.435590
388,13,0.411744
388,14,0.523915
388,15,0.523915
389,1,0.532282
389,2,0.525622
389,3,0.525622
389,4,0.488479
389,5,0.434589
389,6,0.405085
389,7,0.411744
389,8,0.489181
389,9,0.459497
389,10,0.547988
389,11,0.435590
389,12,0.411744
389,13,0.437963
389,14,0.506369
389,15,0.481201
390,1,0.514583
390,2,0.444899
390,3,0.453538
390,4,0.405085
390,5,0.506369
390,6,0.485880
390,7,0.533703
390,8,0.574110
390,9,0.426354
390,10,0.506369
390,11,0.426354
390,12,0.506369
390,13,0.533703
390,14,0.532282
390,15,0.487535
391,1,0.435590
391,2,0.336338
391,3,0.434589
391,4,0.506369
391,5,0.525622
391,6,0.525622
391,7,0.426354
391,8,0.516185
391,9,0.547988
391,10,0.532282
391,11,0.490223
391,12,0.532282
391,13,0.522203
391,14,0.574110
391,15,0.461849
392,1,0.506369
392,2,0.426354
392,3,0.405085
392,4,0.405085
392,5,0.443143
392,6,0.506369
392,7,0.533703
392,8,0.523915
392,9,0.523915
392,10,0.523915
392,11,0.523915
392,12,0.523915
392,13,0.459644
392,14,0.405085
392,15,0.411744
393,1,0.435590
393,2,0.432130
393,3,0.411744
393,4,0.523915
393,5,0.435590
393,6,0.411744
393,7,0.422172
393,8,0.405085
393,9,0.411744
393,10,0.435590
393,11,0.506369
393,12,0.464078
393,13,0.506369
393,14,0.426354
393,15,0.411744
394,1,0.435590
394,2,0.475183
394,3,0.574110
394,4,0.359631
394,5,0.405085
394,6,0.506369
394,7,0.525622
394,8,0.445859
394,9,0.574110
394,10,0.533703
394,11,0.523915
394,12,0.532282
394,13,0.533703
394,14,0.523915
394,15,0.523915
395,1,0.532282
395,2,0.426354
395,3,0.405085
395,4,0.506369
395,5,0.533703
395,6,0.435590
395,7,0.405085
395,8,0.479866
395,9,0.435590
395,10,0.380913
395,11,0.506369
395,12,0.426354
395,13,0.506369
395,14,0.426354
395,15,0.506369
396,1,0.533703
396,2,0.523915
396,3,0.523915
396,4,0.532282
396,5,0.426354
396,6,0.411744
396,7,0.435590
396,8,0.482941
396,9,0.506369
396,10,0.525622
396,11,0.426354
396,12,0.411744
396,13,0.462685
396,14,0.506369
396,15,0.525622
397,1,0.533703
397,2,0.485880
397,3,0.574110
397,4,0.549676
397,5,0.547988
397,6,0.523915
397,7,0.459497
397,8,0.547988
397,9,0.435590
397,10,0.405085
397,11,0.415796
397,12,0.533703
397,13,0.435590
397,14,0.405085
397,15,0.411744
398,1,0.523915
398,2,0.443065
398,3,0.434589
398,4,0.405085
398,5,0.411744
398,6,0.532282
398,7,0.426354
398,8,0.443065
398,9,0.547988
398,10,0.532282
398,11,0.533703
398,12,0.523915
398,13,0.523915
398,14,0.504507
398,15,0.520324
399,1,0.532282
399,2,0.525622
399,3,0.533703
399,4,0.532282
399,5,0.434589
399,6,0.574110
399,7,0.436940
399,8,0.547988
399,9,0.523915
399,10,0.435590
399,11,0.506369
399,12,0.397650
399,13,0.574110
399,14,0.533703
399,15,0.435590
400,1,0.493478
400,2,0.547988
400,3,0.523915
400,4,0.435590
400,5,0.411744
400,6,0.482941
400,7,0.434589
400,8,0.405085
400,9,0.411744
400,10,0.436940
400,11,0.522927
400,12,0.542640
400,13,0.476550
400,14,0.466479
400,15,0.511213
401,1,0.574110
401,2,0.426354
401,3,0.506369
401,4,0.525622
401,5,0.426354
401,6,0.405085
401,7,0.506369
401,8,0.525622
401,9,0.533703
401,10,0.435590
401,11,0.405085
401,12,0.411744
401,13,0.523915
401,14,0.523915
401,15,0.532282
402,1,0.533703
402,2,0.442436
402,3,0.327608
402,4,0.411744
402,5,0.523915
402,6,0.361151
402,7,0.506369
402,8,0.533703
402,9,0.435590
402,10,0.506369
402,11,0.533703
402,12,0.484272
402,13,0.435590
402,14,0.411744
402,15,0.435590
403,1,0.500261
403,2,0.506369
403,3,0.426354
403,4,0.506369
403,5,0.495783
403,6,0.434589
403,7,0.506369
403,8,0.525622
403,9,0.533703
403,10,0.523915
403,11,0.435590
403,12,0.464166
403,13,0.547988
403,14,0.435590
403,15,0.438214
404,1,0.405085
404,2,0.405085
404,3,0.443143
404,4,0.411744
404,5,0.435590
404,6,0.449476
404,7,0.443143
404,8,0.453269
404,9,0.547988
404,10,0.435590
404,11,0.411744
404,12,0.523915
404,13,0.435590
404,14,0.405085
404,15,0.475183
405,1,0.574110
405,2,0.510579
405,3,0.434589
405,4,0.506369
405,5,0.525622
405,6,0.426354
405,7,0.419837
405,8,0.405085
405,9,0.506369
405,10,0.426354
405,11,0.446645
405,12,0.411744
405,13,0.532282
405,14,0.525622
405,15,0.525622
406,1,0.426354
406,2,0.411744
406,3,0.475433
406,4,0.411744
406,5,0.523915
406,6,0.532282
406,7,0.467425
406,8,0.547988
406,9,0.532282
406,10,0.525622
406,11,0.426354
406,12,0.520477
406,13,0.506369
406,14,0.456706
406,15,0.502840
407,1,0.249384
407,2,0.547988
407,3,0.523915
407,4,0.523915
407,5,0.523915
407,6,0.523915
407,7,0.435590
407,8,0.428541
407,9,0.426345
407,10,0.525622
407,11,0.533703
407,12,0.532282
407,13,0.456565
407,14,0.411744
407,15,0.435590
408,1,0.405085
408,2,0.506369
408,3,0.533703
408,4,0.521767
408,5,0.434589
408,6,0.405085
408,7,0.531294
408,8,0.547988
408,9,0.523915
408,10,0.523915
408,11,0.484272
408,12,0.532282
408,13,0.533703
408,14,0.435590
408,15,0.459048
409,1,0.435590
409,2,0.492966
409,3,0.506369
409,4,0.533703
409,5,0.435590
409,6,0.411744
409,7,0.523915
409,8,0.438229
409,9,0.434589
409,10,0.405085
409,11,0.336338
409,12,0.574110
409,13,0.533703
409,14,0.514107
409,15,0.547988
410,1,0.532282
410,2,0.504507
410,3,0.574110
410,4,0.482941
410,5,0.574110
410,6,0.504735
410,7,0.574110
410,8,0.426354
410,9,0.506369
410,10,0.514624
410,11,0.532282
410,12,0.533703
410,13,0.456475
410,14,0.574110
410,15,0.426354
411,1,0.506369
411,2,0.547988
411,3,0.547988
411,4,0.532282
411,5,0.533703
411,6,0.532282
411,7,0.525622
411,8,0.525622
411,9,0.426354
411,10,0.405085
411,11,0.411744
411,12,0.532282
411,13,0.533703
411,14,0.478695
411,15,0.547988
412,1,0.435590
412,2,0.405085
412,3,0.250131
412,4,0.547988
412,5,0.523915
412,6,0.514107
412,7,0.434589
412,8,0.411744
412,9,0.504142
412,10,0.435590
412,11,0.506369
412,12,0.533703
412,13,0.532282
412,14,0.525746
412,15,0.435590
413,1,0.405085
413,2,0.411744
413,3,0.435590
413,4,0.466601
413,5,0.434589
413,6,0.520477
413,7,0.405085
413,8,0.513993
413,9,0.547988
413,10,0.435590
413,11,0.506369
413,12,0.426354
413,13,0.506369
413,14,0.525622
413,15,0.525622
414,1,0.525622
414,2,0.508753
414,3,0.547988
414,4,0.532282
414,5,0.525622
414,6,0.533703
414,7,0.495545
414,8,0.434589
414,9,0.411744
414,10,0.532282
414,11,0.426354
414,12,0.405085
414,13,0.506369
414,14,0.533703
414,15,0.523915
415,1,0.486746
415,2,0.469088
415,3,0.434589
415,4,0.456857
415,5,0.446359
415,6,0.547988
415,7,0.523915
415,8,0.523915
415,9,0.532282
415,10,0.525622
415,11,0.533703
415,12,0.523915
415,13,0.481535
415,14,0.411744
415,15,0.503378
416,1,0.574110
416,2,0.525622
416,3,0.533703
416,4,0.523915
416,5,0.523915
416,6,0.532282
416,7,0.525622
416,8,0.533703
416,9,0.532282
416,10,0.426354
416,11,0.506369
416,12,0.426354
416,13,0.405085
416,14,0.506369
416,15,0.533703
417,1,0.464966
417,2,0.533703
417,3,0.435590
417,4,0.405085
417,5,0.456475
417,6,0.506369
417,7,0.533703
417,8,0.523915
417,9,0.435590
417,10,0.506369
417,11,0.533703
417,12,0.532282
417,13,0.426354
417,14,0.506369
417,15,0.470584
418,1,0.574110
418,2,0.525622
418,3,0.533703
418,4,0.532282
418,5,0.525622
418,6,0.533703
418,7,0.435590
418,8,0.405085
418,9,0.492966
418,10,0.411744
418,11,0.523915
418,12,0.435590
418,13,0.506369
418,14,0.426354
418,15,0.405085
419,1,0.506369
419,2,0.531294
419,3,0.476420
419,4,0.576623
419,5,0.533703
419,6,0.523915
419,7,0.535827
419,8,0.533703
419,9,0.435590
419,10,0.431041
419,11,0.435590
419,12,0.411744
419,13,0.532282
419,14,0.525622
419,15,0.426354
420,1,0.405085
420,2,0.574110
420,3,0.547988
420,4,0.532282
420,5,0.533703
420,6,0.532282
420,7,0.525622
420,8,0.533703
420,9,0.532282
420,10,0.525622
420,11,0.426354
420,12,0.506369
420,13,0.426354
420,14,0.405085
420,15,0.506369
421,1,0.525622
421,2,0.525622
421,3,0.426354
421,4,0.405085
421,5,0.405085
421,6,0.525421
421,7,0.434589
421,8,0.411744
421,9,0.435590
421,10,0.506369
421,11,0.525622
421,12,0.525622
421,13,0.547988
421,14,0.574110
421,15,0.507051
422,1,0.438229
422,2,0.434589
422,3,0.405085
422,4,0.443143
422,5,0.506369
422,6,0.467425
422,7,0.574110
422,8,0.525622
422,9,0.426354
422,10,0.506369
422,11,0.533703
422,12,0.532282
422,13,0.533703
422,14,0.532282
422,15,0.507051
423,1,0.502677
423,2,0.574110
423,3,0.525622
423,4,0.426354
423,5,0.506369
423,6,0.525622
423,7,0.426354
423,8,0.506369
423,9,0.525622
423,10,0.533703
423,11,0.435590
423,12,0.411744
423,13,0.532282
423,14,0.540846
423,15,0.532282
424,1,0.426354
424,2,0.445292
424,3,0.523915
424,4,0.343575
424,5,0.506369
424,6,0.525622
424,7,0.426354
424,8,0.474816
424,9,0.405085
424,10,0.506369
424,11,0.490375
424,12,0.434589
424,13,0.411744
424,14,0.523915
424,15,0.438229
425,1,0.547988
425,2,0.532282
425,3,0.358842
425,4,0.506369
425,5,0.466679
425,6,0.574110
425,7,0.521767
425,8,0.434589
425,9,0.411744
425,10,0.435590
425,11,0.451389
425,12,0.449165
425,13,0.435590
425,14,0.506369
425,15,0.426354
426,1,0.506369
426,2,0.488714
426,3,0.547988
426,4,0.532282
426,5,0.533703
426,6,0.435590
426,7,0.405085
426,8,0.506369
426,9,0.533703
426,10,0.523915
426,11,0.435590
426,12,0.506369
426,13,0.533703
426,14,0.532282
426,15,0.525622
427,1,0.533703
427,2,0.534946
427,3,0.434589
427,4,0.405085
427,5,0.506369
427,6,0.525622
427,7,0.456475
427,8,0.574110
427,9,0.525622
427,10,0.525622
427,11,0.525622
427,12,0.426354
427,13,0.449476
427,14,0.494330
427,15,0.468211
428,1,0.518965
428,2,0.547988
428,3,0.523915
428,4,0.435590
428,5,0.506369
428,6,0.533703
428,7,0.435590
428,8,0.411744
428,9,0.532282
428,10,0.479353
428,11,0.547988
428,12,0.312904
428,13,0.434589
428,14,0.506369
428,15,0.507620
429,1,0.434589
429,2,0.523507
429,3,0.411744
429,4,0.435590
429,5,0.506369
429,6,0.525622
429,7,0.533703
429,8,0.523915
429,9,0.435590
429,10,0.405085
429,11,0.411744
429,12,0.523915
429,13,0.532282
429,14,0.525622
429,15,0.426354
430,1,0.506369
430,2,0.489181
430,3,0.434589
430,4,0.411744
430,5,0.434848
430,6,0.481201
430,7,0.506085
430,8,0.434589
430,9,0.490944
430,10,0.547988
430,11,0.540988
430,12,0.547988
430,13,0.534090
430,14,0.574110
430,15,0.479353
431,1,0.574110
431,2,0.525622
431,3,0.426354
431,4,0.411744
431,5,0.434848
431,6,0.435590
431,7,0.411744
431,8,0.495783
431,9,0.574110
431,10,0.467489
431,11,0.506369
431,12,0.533703
431,13,0.532282
431,14,0.426354
431,15,0.512167
432,1,0.405085
432,2,0.411744
432,3,0.532282
432,4,0.525622
432,5,0.426354
432,6,0.405085
432,7,0.415796
432,8,0.533703
432,9,0.532282
432,10,0.525622
432,11,0.533703
432,12,0.435590
432,13,0.411744
432,14,0.523915
432,15,0.435590
433,1,0.411744
433,2,0.479353
433,3,0.547988
433,4,0.361151
433,5,0.411744
433,6,0.435590
433,7,0.480236
433,8,0.574110
433,9,0.534377
433,10,0.493637
433,11,0.574110
433,12,0.525622
433,13,0.426354
433,14,0.411744
433,15,0.532282
434,1,0.439357
434,2,0.411744
434,3,0.435590
434,4,0.411744
434,5,0.523915
434,6,0.523915
434,7,0.435590
434,8,0.405085
434,9,0.443143
434,10,0.506369
434,11,0.525622
434,12,0.478695
434,13,0.504735
434,14,0.435590
434,15,0.405085
435,1,0.405085
435,2,0.479353
435,3,0.574110
435,4,0.533703
435,5,0.532282
435,6,0.525622
435,7,0.460637
435,8,0.574110
435,9,0.533703
435,10,0.435590
435,11,0.506369
435,12,0.533703
435,13,0.532282
435,14,0.457308
435,15,0.523915
436,1,0.532282
436,2,0.525622
436,3,0.533703
436,4,0.521767
436,5,0.574110
436,6,0.533703
436,7,0.532282
436,8,0.533703
436,9,0.523915
436,10,0.435590
436,11,0.411744
436,12,0.478695
436,13,0.547988
436,14,0.504735
436,15,0.501376
437,1,0.523317
437,2,0.531300
437,3,0.536759
437,4,0.536940
437,5,0.574110
437,6,0.533703
437,7,0.507078
437,8,0.574110
437,9,0.547988
437,10,0.435590
437,11,0.411744
437,12,0.426345
437,13,0.533703
437,14,0.532282
437,15,0.574110
438,1,0.547988
438,2,0.488479
438,3,0.547988
438,4,0.523915
438,5,0.532282
438,6,0.533703
438,7,0.532282
438,8,0.489181
438,9,0.434589
438,10,0.411744
438,11,0.523915
438,12,0.523915
438,13,0.435590
438,14,0.501076
438,15,0.525622
439,1,0.533703
439,2,0.532282
439,3,0.533703
439,4,0.438229
439,5,0.547988
439,6,0.523915
439,7,0.484272
439,8,0.532282
439,9,0.525622
439,10,0.533703
439,11,0.523915
439,12,0.435590
439,13,0.411744
439,14,0.422172
439,15,0.520477
440,1,0.506369
440,2,0.525622
440,3,0.533703
440,4,0.532282
440,5,0.475782
440,6,0.533230
440,7,0.574110
440,8,0.426354
440,9,0.506369
440,10,0.426354
440,11,0.405085
440,12,0.506369
440,13,0.525622
440,14,0.525622
440,15,0.525622
441,1,0.492966
441,2,0.574110
441,3,0.426354
441,4,0.405085
441,5,0.411744
441,6,0.532282
441,7,0.426354
441,8,0.405085
441,9,0.487061
441,10,0.523915
441,11,0.532282
441,12,0.441741
441,13,0.411744
441,14,0.532282
441,15,0.525622
442,1,0.426354
442,2,0.506369
442,3,0.533703
442,4,0.532282
442,5,0.533703
442,6,0.523915
442,7,0.523915
442,8,0.523915
442,9,0.532282
442,10,0.426354
442,11,0.411744
442,12,0.532282
442,13,0.475183
442,14,0.547988
442,15,0.435590
443,1,0.506369
443,2,0.525622
443,3,0.380913
443,4,0.434589
443,5,0.411744
443,6,0.534946
443,7,0.547988
443,8,0.435590
443,9,0.411744
443,10,0.422172
443,11,0.411744
443,12,0.435590
443,13,0.411744
443,14,0.434848
443,15,0.532282
444,1,0.524886
444,2,0.435590
444,3,0.405085
444,4,0.540239
444,5,0.426354
444,6,0.506369
444,7,0.525622
444,8,0.517551
444,9,0.523915
444,10,0.532282
444,11,0.525622
444,12,0.426354
444,13,0.471671
444,14,0.574110
444,15,0.533703
445,1,0.435590
445,2,0.506369
445,3,0.533703
445,4,0.532282
445,5,0.525622
445,6,0.514624
445,7,0.532282
445,8,0.426354
445,9,0.489181
445,10,0.547988
445,11,0.435590
445,12,0.411744
445,13,0.422172
445,14,0.506369
445,15,0.525622
446,1,0.426354
446,2,0.411744
446,3,0.522483
446,4,0.523915
446,5,0.523915
446,6,0.523915
446,7,0.523915
446,8,0.523915
446,9,0.498130
446,10,0.547988
446,11,0.523915
446,12,0.435590
446,13,0.405085
446,14,0.506369
446,15,0.426354
447,1,0.405085
447,2,0.506369
447,3,0.525622
447,4,0.525622
447,5,0.533703
447,6,0.523915
447,7,0.523915
447,8,0.435590
447,9,0.506369
447,10,0.426354
447,11,0.405085
447,12,0.506369
447,13,0.426354
447,14,0.506369
447,15,0.426354
448,1,0.463993
448,2,0.574110
448,3,0.533703
448,4,0.532282
448,5,0.533703
448,6,0.532282
448,7,0.525622
448,8,0.461248
448,9,0.411744
448,10,0.532282
448,11,0.426354
448,12,0.506369
448,13,0.457129
448,14,0.574110
448,15,0.525622
449,1,0.533703
449,2,0.435590
449,3,0.411744
449,4,0.523915
449,5,0.523915
449,6,0.523915
449,7,0.523915
449,8,0.523915
449,9,0.532282
449,10,0.525622
449,11,0.426354
449,12,0.411744
449,13,0.434848
449,14,0.484272
449,15,0.435590
450,1,0.506369
450,2,0.529404
450,3,0.574110
450,4,0.533703
450,5,0.523915
450,6,0.464966
450,7,0.530442
450,8,0.523915
450,9,0.523915
450,10,0.523915
450,11,0.515104
450,12,0.532282
450,13,0.426354
450,14,0.411744
450,15,0.523915
451,1,0.435590
451,2,0.405085
451,3,0.443143
451,4,0.445859
451,5,0.547988
451,6,0.435590
451,7,0.506369
451,8,0.525622
451,9,0.525622
451,10,0.533703
451,11,0.532282
451,12,0.533703
451,13,0.532282
451,14,0.426354
451,15,0.411744
452,1,0.435590
452,2,0.411744
452,3,0.426345
452,4,0.525622
452,5,0.533703
452,6,0.532282
452,7,0.533703
452,8,0.435590
452,9,0.506369
452,10,0.533703
452,11,0.435590
452,12,0.405629
452,13,0.525622
452,14,0.504507
452,15,0.574110
453,1,0.533703
453,2,0.532282
453,3,0.525622
453,4,0.531294
453,5,0.434589
453,6,0.405085
453,7,0.415796
453,8,0.525622
453,9,0.426354
453,10,0.405085
453,11,0.506369
453,12,0.426354
453,13,0.411744
453,14,0.434848
453,15,0.465932
454,1,0.435590
454,2,0.411744
454,3,0.422172
454,4,0.506369
454,5,0.533703
454,6,0.435590
454,7,0.456919
454,8,0.415796
454,9,0.426354
454,10,0.506369
454,11,0.533703
454,12,0.435590
454,13,0.405085
454,14,0.411744
454,15,0.435590
455,1,0.405085
455,2,0.405085
455,3,0.405085
455,4,0.506369
455,5,0.498291
455,6,0.547988
455,7,0.435590
455,8,0.411744
455,9,0.489005
455,10,0.434589
455,11,0.506369
455,12,0.457308
455,13,0.435590
455,14,0.405085
455,15,0.406025
456,1,0.532282
456,2,0.525622
456,3,0.533703
456,4,0.532282
456,5,0.467553
456,6,0.405085
456,7,0.506369
456,8,0.464451
456,9,0.547988
456,10,0.532282
456,11,0.426354
456,12,0.405085
456,13,0.436940
456,14,0.434589
456,15,0.544118
457,1,0.574110
457,2,0.426354
457,3,0.506369
457,4,0.533703
457,5,0.532282
457,6,0.426354
457,7,0.405085
457,8,0.506369
457,9,0.525622
457,10,0.533703
457,11,0.523915
457,12,0.435590
457,13,0.405085
457,14,0.406025
457,15,0.523915
458,1,0.446359
458,2,0.411744
458,3,0.532282
458,4,0.533703
458,5,0.435590
458,6,0.411744
458,7,0.508441
458,8,0.435590
458,9,0.506369
458,10,0.533703
458,11,0.532282
458,12,0.533703
458,13,0.435590
458,14,0.405085
458,15,0.443143
459,1,0.506369
459,2,0.533703
459,3,0.523915
459,4,0.523915
459,5,0.532282
459,6,0.525622
459,7,0.533703
459,8,0.523915
459,9,0.523915
459,10,0.523915
459,11,0.523915
459,12,0.532282
459,13,0.525622
459,14,0.426354
459,15,0.506369
460,1,0.525622
460,2,0.426354
460,3,0.405085
460,4,0.506369
460,5,0.525622
460,6,0.426354
460,7,0.506369
460,8,0.525622
460,9,0.426354
460,10,0.411744
460,11,0.470203
460,12,0.434589
460,13,0.405085
460,14,0.506369
460,15,0.426354
461,1,0.405085
461,2,0.411744
461,3,0.523915
461,4,0.435590
461,5,0.405085
461,6,0.411744
461,7,0.532282
461,8,0.525622
461,9,0.525622
461,10,0.525622
461,11,0.533703
461,12,0.523915
461,13,0.435590
461,14,0.478695
461,15,0.506369
462,1,0.426354
462,2,0.405085
462,3,0.411744
462,4,0.532282
462,5,0.525622
462,6,0.533703
462,7,0.523915
462,8,0.435590
462,9,0.411744
462,10,0.532282
462,11,0.533703
462,12,0.532282
462,13,0.533703
462,14,0.532282
462,15,0.426354
463,1,0.506369
463,2,0.533703
463,3,0.523915
463,4,0.435590
463,5,0.405085
463,6,0.506369
463,7,0.426354
463,8,0.506369
463,9,0.426354
463,10,0.411744
463,11,0.473335
463,12,0.435590
463,13,0.405085
463,14,0.506369
463,15,0.533703
464,1,0.532282
464,2,0.533703
464,3,0.435590
464,4,0.411744
464,5,0.523915
464,6,0.435590
464,7,0.405085
464,8,0.443143
464,9,0.411744
464,10,0.523915
464,11,0.435590
464,12,0.411744
464,13,0.434848
464,14,0.532282
464,15,0.533703
465,1,0.523915
465,2,0.456475
465,3,0.574110
465,4,0.426354
465,5,0.506369
465,6,0.533703
465,7,0.532282
465,8,0.533703
465,9,0.532282
465,10,0.426354
465,11,0.506369
465,12,0.426354
465,13,0.464451
465,14,0.506369
465,15,0.525622
466,1,0.525622
466,2,0.525622
466,3,0.525622
466,4,0.525622
466,5,0.426354
466,6,0.458403
466,7,0.422172
466,8,0.506369
466,9,0.533703
466,10,0.435590
466,11,0.405085
466,12,0.506369
466,13,0.426354
466,14,0.506369
466,15,0.426354
467,1,0.411744
467,2,0.523915
467,3,0.523915
467,4,0.435590
467,5,0.405085
467,6,0.506369
467,7,0.533703
467,8,0.435590
467,9,0.405085
467,10,0.486746
467,11,0.525746
467,12,0.532282
467,13,0.426354
467,14,0.506369
467,15,0.426354
468,1,0.485880
468,2,0.434589
468,3,0.411744
468,4,0.422172
468,5,0.405085
468,6,0.411744
468,7,0.523915
468,8,0.435590
468,9,0.411744
468,10,0.508753
468,11,0.574110
468,12,0.533703
468,13,0.532282
468,14,0.426354
468,15,0.405085
469,1,0.411744
469,2,0.523915
469,3,0.532282
469,4,0.525622
469,5,0.426354
469,6,0.411744
469,7,0.523915
469,8,0.485880
469,9,0.574110
469,10,0.525622
469,11,0.426354
469,12,0.405085
469,13,0.506369
469,14,0.525622
469,15,0.533703
470,1,0.522663
470,2,0.547988
470,3,0.532282
470,4,0.533703
470,5,0.523915
470,6,0.464966
470,7,0.533703
470,8,0.523915
470,9,0.435590
470,10,0.506369
470,11,0.533703
470,12,0.435590
470,13,0.405085
470,14,0.445292
470,15,0.532282
471,1,0.533703
471,2,0.523915
471,3,0.435590
471,4,0.405085
471,5,0.443143
471,6,0.411744
471,7,0.532282
471,8,0.426354
471,9,0.405085
471,10,0.411744
471,11,0.523915
471,12,0.523915
471,13,0.435590
471,14,0.492966
471,15,0.411744
472,1,0.532282
472,2,0.531838
472,3,0.547988
472,4,0.435590
472,5,0.466601
472,6,0.574110
472,7,0.502064
472,8,0.574110
472,9,0.525622
472,10,0.525622
472,11,0.533703
472,12,0.523915
472,13,0.435590
472,14,0.411744
472,15,0.523915
473,1,0.523915
473,2,0.532282
473,3,0.533703
473,4,0.460637
473,5,0.547988
473,6,0.435590
473,7,0.411744
473,8,0.426345
473,9,0.533703
473,10,0.523915
473,11,0.435590
473,12,0.411744
473,13,0.523915
473,14,0.435590
473,15,0.506369
474,1,0.533703
474,2,0.523915
474,3,0.435590
474,4,0.411744
474,5,0.435590
474,6,0.506369
474,7,0.525622
474,8,0.533703
474,9,0.523915
474,10,0.475238
474,11,0.547988
474,12,0.435590
474,13,0.405085
474,14,0.405085
474,15,0.506369
475,1,0.426354
475,2,0.411744
475,3,0.523915
475,4,0.523915
475,5,0.532282
475,6,0.426354
475,7,0.411744
475,8,0.481535
475,9,0.405085
475,10,0.405085
475,11,0.506369
475,12,0.525622
475,13,0.533703
475,14,0.523915
475,15,0.532282
476,1,0.525622
476,2,0.426354
476,3,0.397650
476,4,0.574110
476,5,0.533703
476,6,0.532282
476,7,0.533703
476,8,0.523915
476,9,0.523915
476,10,0.445859
476,11,0.574110
476,12,0.525622
476,13,0.525622
476,14,0.533703
476,15,0.532282
477,1,0.533703
477,2,0.532282
477,3,0.426354
477,4,0.411744
477,5,0.523915
477,6,0.532282
477,7,0.525622
477,8,0.426354
477,9,0.405085
477,10,0.411744
477,11,0.532282
477,12,0.529404
477,13,0.454711
477,14,0.574110
477,15,0.525622
478,1,0.533703
478,2,0.523915
478,3,0.523915
478,4,0.532282
478,5,0.533703
478,6,0.435590
478,7,0.405085
478,8,0.506369
478,9,0.525622
478,10,0.533703
478,11,0.435590
478,12,0.411744
478,13,0.473956
478,14,0.574110
478,15,0.525622
479,1,0.547988
479,2,0.547988
479,3,0.532282
479,4,0.525622
479,5,0.525622
479,6,0.533703
479,7,0.435590
479,8,0.493478
479,9,0.574110
479,10,0.515813
479,11,0.532282
479,12,0.525622
479,13,0.525622
479,14,0.533703
479,15,0.523915
480,1,0.532282
480,2,0.525622
480,3,0.461248
480,4,0.411744
480,5,0.523915
480,6,0.523915
480,7,0.435590
480,8,0.411744
480,9,0.422172
480,10,0.456989
480,11,0.405085
480,12,0.506369
480,13,0.525622
480,14,0.525622
480,15,0.533703
481,1,0.435590
481,2,0.506369
481,3,0.426354
481,4,0.411744
481,5,0.532282
481,6,0.525622
481,7,0.457308
481,8,0.532282
481,9,0.426354
481,10,0.506369
481,11,0.426354
481,12,0.411744
481,13,0.435590
481,14,0.411744
481,15,0.488266
482,1,0.585922
482,2,0.576875
482,3,0.434589
482,4,0.411744
482,5,0.435590
482,6,0.506369
482,7,0.525622
482,8,0.426354
482,9,0.411744
482,10,0.532282
482,11,0.426354
482,12,0.506369
482,13,0.436940
482,14,0.498445
482,15,0.574110
483,1,0.426354
483,2,0.411744
483,3,0.434848
483,4,0.488479
483,5,0.434589
483,6,0.405085
483,7,0.506369
483,8,0.533703
483,9,0.523915
483,10,0.523915
483,11,0.459644
483,12,0.405085
483,13,0.405085
483,14,0.506369
483,15,0.426354
484,1,0.506369
484,2,0.525622
484,3,0.426354
484,4,0.411744
484,5,0.434848
484,6,0.456813
484,7,0.506369
484,8,0.525622
484,9,0.426354
484,10,0.411744
484,11,0.523915
484,12,0.523915
484,13,0.435590
484,14,0.411744
484,15,0.523915
485,1,0.532282
485,2,0.525622
485,3,0.533703
485,4,0.532282
485,5,0.430471
485,6,0.411744
485,7,0.523915
485,8,0.435590
485,9,0.405085
485,10,0.411744
485,11,0.471671
485,12,0.547988
485,13,0.473002
485,14,0.435590
485,15,0.411744
486,1,0.532282
486,2,0.533703
486,3,0.532282
486,4,0.525622
486,5,0.525622
486,6,0.525622
486,7,0.533703
486,8,0.435590
486,9,0.506369
486,10,0.525622
486,11,0.525622
486,12,0.525622
486,13,0.426354
486,14,0.411744
486,15,0.435590
487,1,0.506369
487,2,0.426354
487,3,0.405085
487,4,0.506369
487,5,0.533703
487,6,0.435590
487,7,0.411744
487,8,0.523915
487,9,0.435590
487,10,0.411744
487,11,0.532282
487,12,0.533703
487,13,0.532282
487,14,0.533703
487,15,0.523915
488,1,0.435590
488,2,0.497424
488,3,0.426354
488,4,0.405085
488,5,0.415796
488,6,0.426354
488,7,0.506369
488,8,0.525622
488,9,0.525622
488,10,0.525622
488,11,0.533703
488,12,0.523915
488,13,0.435590
488,14,0.405085
488,15,0.406025
489,1,0.532282
489,2,0.525622
489,3,0.525622
489,4,0.426354
489,5,0.506369
489,6,0.533703
489,7,0.523915
489,8,0.523915
489,9,0.532282
489,10,0.533703
489,11,0.435590
489,12,0.506369
489,13,0.533703
489,14,0.435590
489,15,0.506369
490,1,0.525622
490,2,0.533703
490,3,0.499956
490,4,0.434589
490,5,0.405085
490,6,0.443143
490,7,0.405085
490,8,0.411744
490,9,0.521767
490,10,0.574110
490,11,0.533703
490,12,0.574110
490,13,0.547988
490,14,0.532282
490,15,0.533703
491,1,0.523915
491,2,0.523915
491,3,0.435590
491,4,0.411744
491,5,0.532282
491,6,0.533703
491,7,0.532282
491,8,0.426354
491,9,0.489005
491,10,0.513183
491,11,0.532282
491,12,0.533703
491,13,0.435590
491,14,0.506369
491,15,0.426354
492,1,0.405085
492,2,0.405085
492,3,0.405085
492,4,0.443143
492,5,0.506369
492,6,0.533703
492,7,0.435590
492,8,0.411744
492,9,0.532282
492,10,0.426354
492,11,0.411744
492,12,0.435590
492,13,0.411744
492,14,0.523915
492,15,0.523915
493,1,0.523915
493,2,0.523915
493,3,0.532282
493,4,0.426354
493,5,0.506369
493,6,0.533703
493,7,0.523915
493,8,0.435590
493,9,0.405085
493,10,0.506369
493,11,0.426354
493,12,0.411744
493,13,0.532282
493,14,0.525622
493,15,0.525622
494,1,0.525622
494,2,0.533703
494,3,0.532282
494,4,0.426354
494,5,0.405085
494,6,0.411744
494,7,0.435590
494,8,0.411744
494,9,0.532282
494,10,0.533703
494,11,0.435590
494,12,0.411744
494,13,0.434848
494,14,0.532282
494,15,0.426354
495,1,0.506369
495,2,0.525622
495,3,0.533703
495,4,0.523915
495,5,0.435590
495,6,0.405085
495,7,0.506369
495,8,0.525622
495,9,0.426354
495,10,0.506369
495,11,0.426354
495,12,0.411744
495,13,0.435590
495,14,0.489181
495,15,0.547988
496,1,0.532282
496,2,0.525622
496,3,0.426354
496,4,0.411744
496,5,0.532282
496,6,0.426354
496,7,0.411744
496,8,0.547988
496,9,0.547988
496,10,0.435590
496,11,0.506369
496,12,0.533703
496,13,0.523915
496,14,0.435590
496,15,0.405085
497,1,0.411744
497,2,0.435590
497,3,0.411744
497,4,0.435590
497,5,0.411744
497,6,0.435590
497,7,0.411744
497,8,0.487090
497,9,0.523915
497,10,0.532282
497,11,0.426354
497,12,0.506369
497,13,0.533703
497,14,0.435590
497,15,0.405085
498,1,0.411744
498,2,0.531624
498,3,0.434589
498,4,0.405085
498,5,0.405085
498,6,0.406025
498,7,0.523915
498,8,0.532282
498,9,0.525622
498,10,0.426354
498,11,0.506369
498,12,0.525622
498,13,0.525622
498,14,0.533703
498,15,0.523915
499,1,0.435590
499,2,0.405085
499,3,0.500261
499,4,0.574110
499,5,0.426354
499,6,0.506369
499,7,0.533703
499,8,0.435590
499,9,0.506369
499,10,0.525622
499,11,0.533703
499,12,0.532282
499,13,0.519457
499,14,0.574110
499,15,0.533703
500,1,0.532282
500,2,0.525622
500,3,0.426354
500,4,0.405085
500,5,0.411744
500,6,0.523915
500,7,0.499956
500,8,0.434589
500,9,0.405085
500,10,0.540988
500,11,0.574110
500,12,0.533703
500,13,0.435089
500,14,0.405085
500,15,0.405085
501,1,0.411744
501,2,0.523915
501,3,0.532282
501,4,0.525622
501,5,0.494256
501,6,0.434589
501,7,0.506369
501,8,0.533703
501,9,0.532282
501,10,0.525622
501,11,0.533703
501,12,0.532282
501,13,0.498291
501,14,0.574110
501,15,0.426354
502,1,0.405085
502,2,0.405085
502,3,0.405085
502,4,0.506369
502,5,0.525622
502,6,0.525622
502,7,0.426354
502,8,0.405085
502,9,0.406025
502,10,0.467926
502,11,0.411744
502,12,0.532282
502,13,0.533703
502,14,0.523915
502,15,0.456475
503,1,0.547988
503,2,0.532282
503,3,0.533703
503,4,0.532282
503,5,0.426354
503,6,0.506369
503,7,0.488479
503,8,0.574110
503,9,0.525622
503,10,0.456565
503,11,0.506369
503,12,0.426354
503,13,0.506369
503,14,0.533703
503,15,0.532282
504,1,0.533703
504,2,0.523915
504,3,0.435590
504,4,0.471366
504,5,0.406025
504,6,0.460178
504,7,0.506369
504,8,0.426354
504,9,0.405085
504,10,0.506369
504,11,0.525622
504,12,0.533703
504,13,0.532282
504,14,0.471671
504,15,0.547988
505,1,0.523915
505,2,0.435590
505,3,0.411744
505,4,0.397650
505,5,0.434589
505,6,0.405085
505,7,0.405085
505,8,0.405085
505,9,0.506369
505,10,0.426354
505,11,0.405085
505,12,0.405085
505,13,0.506369
505,14,0.426354
505,15,0.506369
506,1,0.533703
506,2,0.523915
506,3,0.435590
506,4,0.411744
506,5,0.523915
506,6,0.464966
506,7,0.525622
506,8,0.426354
506,9,0.411744
506,10,0.532282
506,11,0.525622
506,12,0.533703
506,13,0.532282
506,14,0.525622
506,15,0.525622
507,1,0.525622
507,2,0.533703
507,3,0.523915
507,4,0.523915
507,5,0.532282
507,6,0.426354
507,7,0.506369
507,8,0.517551
507,9,0.523915
507,10,0.435590
507,11,0.405085
507,12,0.506369
507,13,0.525622
507,14,0.525622
507,15,0.525622
508,1,0.525622
508,2,0.525622
508,3,0.426354
508,4,0.405085
508,5,0.506369
508,6,0.426354
508,7,0.506369
508,8,0.533703
508,9,0.435590
508,10,0.405085
508,11,0.531294
508,12,0.574110
508,13,0.533703
508,14,0.521767
508,15,0.547988
509,1,0.523915
509,2,0.523915
509,3,0.523915
509,4,0.523915
509,5,0.435590
509,6,0.405085
509,7,0.452355
509,8,0.523915
509,9,0.523915
509,10,0.523915
509,11,0.435590
509,12,0.506369
509,13,0.464078
509,14,0.411744
509,15,0.435590
510,1,0.411744
510,2,0.217795
510,3,0.405085
510,4,0.506369
510,5,0.533703
510,6,0.435590
510,7,0.506369
510,8,0.525622
510,9,0.525622
510,10,0.426354
510,11,0.506369
510,12,0.533703
510,13,0.523915
510,14,0.532282
510,15,0.533703
511,1,0.523915
511,2,0.435590
511,3,0.506369
511,4,0.525622
511,5,0.533703
511,6,0.532282
511,7,0.533703
511,8,0.435590
511,9,0.405085
511,10,0.405085
511,11,0.506369
511,12,0.426354
511,13,0.411744
511,14,0.532282
511,15,0.426354
512,1,0.506369
512,2,0.426354
512,3,0.411744
512,4,0.434848
512,5,0.435590
512,6,0.405085
512,7,0.415796
512,8,0.525622
512,9,0.473956
512,10,0.434589
512,11,0.506369
512,12,0.311617
512,13,0.434589
512,14,0.405085
512,15,0.506369
513,1,0.525622
513,2,0.525622
513,3,0.533703
513,4,0.435590
513,5,0.411744
513,6,0.532282
513,7,0.533703
513,8,0.532282
513,9,0.426354
513,10,0.494256
513,11,0.405085
513,12,0.405085
513,13,0.405085
513,14,0.405085
513,15,0.411744
514,1,0.435590
514,2,0.506369
514,3,0.533703
514,4,0.435590
514,5,0.405085
514,6,0.411744
514,7,0.435590
514,8,0.506369
514,9,0.426354
514,10,0.506369
514,11,0.496465
514,12,0.547988
514,13,0.435590
514,14,0.411744
514,15,0.532282
515,1,0.533703
515,2,0.523915
515,3,0.489181
515,4,0.574110
515,5,0.541837
515,6,0.530577
515,7,0.532282
515,8,0.426354
515,9,0.411744
515,10,0.422172
515,11,0.411744
515,12,0.523915
515,13,0.435590
515,14,0.405085
515,15,0.411744
516,1,0.532282
516,2,0.533703
516,3,0.473956
516,4,0.434589
516,5,0.405085
516,6,0.411744
516,7,0.532282
516,8,0.533703
516,9,0.435590
516,10,0.405085
516,11,0.411744
516,12,0.523915
516,13,0.435590
516,14,0.405085
516,15,0.415796
517,1,0.426354
517,2,0.485092
517,3,0.422172
517,4,0.411744
517,5,0.532282
517,6,0.525622
517,7,0.533703
517,8,0.435590
517,9,0.411744
517,10,0.523915
517,11,0.523915
517,12,0.523915
517,13,0.523915
517,14,0.532282
517,15,0.533703
518,1,0.435590
518,2,0.411744
518,3,0.523915
518,4,0.523915
518,5,0.435590
518,6,0.411744
518,7,0.532282
518,8,0.525622
518,9,0.533703
518,10,0.523915
518,11,0.532282
518,12,0.473018
518,13,0.574110
518,14,0.497922
518,15,0.434589
519,1,0.411744
519,2,0.435590
519,3,0.506369
519,4,0.525622
519,5,0.533703
519,6,0.435590
519,7,0.464451
519,8,0.411744
519,9,0.435590
519,10,0.506369
519,11,0.426354
519,12,0.405085
519,13,0.411744
519,14,0.435590
519,15,0.506369
520,1,0.496329
520,2,0.434589
520,3,0.506369
520,4,0.533703
520,5,0.523915
520,6,0.435590
520,7,0.506369
520,8,0.426354
520,9,0.405085
520,10,0.411744
520,11,0.434848
520,12,0.532282
520,13,0.426354
520,14,0.506369
520,15,0.533703
521,1,0.532282
521,2,0.525622
521,3,0.533703
521,4,0.435590
521,5,0.411744
521,6,0.435590
521,7,0.506369
521,8,0.470054
521,9,0.532282
521,10,0.493922
521,11,0.434589
521,12,0.405085
521,13,0.506369
521,14,0.426354
521,15,0.405085
522,1,0.406025
522,2,0.435590
522,3,0.405085
522,4,0.506369
522,5,0.507051
522,6,0.533703
522,7,0.435590
522,8,0.405085
522,9,0.405085
522,10,0.411744
522,11,0.523915
522,12,0.487090
522,13,0.435590
522,14,0.453748
522,15,0.504507
523,1,0.506369
523,2,0.525622
523,3,0.533703
523,4,0.532282
523,5,0.525622
523,6,0.525622
523,7,0.426354
523,8,0.534946
523,9,0.547988
523,10,0.435590
523,11,0.411744
523,12,0.504142
523,13,0.532282
523,14,0.426354
523,15,0.506369
524,1,0.426354
524,2,0.411744
524,3,0.488479
524,4,0.434589
524,5,0.405085
524,6,0.411744
524,7,0.435590
524,8,0.405085
524,9,0.506369
524,10,0.525622
524,11,0.426354
524,12,0.454158
524,13,0.506369
524,14,0.426354
524,15,0.506369
525,1,0.533703
525,2,0.435590
525,3,0.459048
525,4,0.514895
525,5,0.532282
525,6,0.533703
525,7,0.435590
525,8,0.405085
525,9,0.411744
525,10,0.532282
525,11,0.525622
525,12,0.533703
525,13,0.435590
525,14,0.411744
525,15,0.434848
526,1,0.435590
526,2,0.506369
526,3,0.426354
526,4,0.405085
526,5,0.406025
526,6,0.435590
526,7,0.419837
526,8,0.411744
526,9,0.435590
526,10,0.405085
526,11,0.506369
526,12,0.525622
526,13,0.533703
526,14,0.532282
526,15,0.525622
527,1,0.533703
527,2,0.435590
527,3,0.411744
527,4,0.434848
527,5,0.435590
527,6,0.411744
527,7,0.523915
527,8,0.435590
527,9,0.405085
527,10,0.411744
527,11,0.532282
527,12,0.533703
527,13,0.435590
527,14,0.411744
527,15,0.523915
528,1,0.523915
528,2,0.523915
528,3,0.532282
528,4,0.525622
528,5,0.426354
528,6,0.506369
528,7,0.533703
528,8,0.523915
528,9,0.523915
528,10,0.435590
528,11,0.405085
528,12,0.411744
528,13,0.523915
528,14,0.523915
528,15,0.435590
529,1,0.506369
529,2,0.533703
529,3,0.435590
529,4,0.506369
529,5,0.525622
529,6,0.525622
529,7,0.426354
529,8,0.405085
529,9,0.411744
529,10,0.435590
529,11,0.405085
529,12,0.506369
529,13,0.426354
529,14,0.452010
529,15,0.525622
530,1,0.426354
530,2,0.506369
530,3,0.533703
530,4,0.467264
530,5,0.405085
530,6,0.506369
530,7,0.525622
530,8,0.533703
530,9,0.532282
530,10,0.533703
530,11,0.523915
530,12,0.532282
530,13,0.525622
530,14,0.533703
530,15,0.523915
531,1,0.435590
531,2,0.411744
531,3,0.532282
531,4,0.495545
531,5,0.531294
531,6,0.547988
531,7,0.435590
531,8,0.405085
531,9,0.411744
531,10,0.532282
531,11,0.525622
531,12,0.525622
531,13,0.525622
531,14,0.439357
531,15,0.506369
532,1,0.525622
532,2,0.525622
532,3,0.525622
532,4,0.525622
532,5,0.525622
532,6,0.533703
532,7,0.435590
532,8,0.405085
532,9,0.411744
532,10,0.532282
532,11,0.533703
532,12,0.435590
532,13,0.506369
532,14,0.426354
532,15,0.405085
533,1,0.411744
533,2,0.532282
533,3,0.426354
533,4,0.411744
533,5,0.523915
533,6,0.435590
533,7,0.405085
533,8,0.405085
533,9,0.506369
533,10,0.533703
533,11,0.523915
533,12,0.464327
533,13,0.405085
533,14,0.415796
533,15,0.533703
534,1,0.532282
534,2,0.533703
534,3,0.523915
534,4,0.435590
534,5,0.405085
534,6,0.506369
534,7,0.525622
534,8,0.533703
534,9,0.435590
534,10,0.405085
534,11,0.411744
534,12,0.523915
534,13,0.435590
534,14,0.411744
534,15,0.422172
535,1,0.506369
535,2,0.533703
535,3,0.532282
535,4,0.489005
535,5,0.574110
535,6,0.495545
535,7,0.574110
535,8,0.533703
535,9,0.532282
535,10,0.426354
535,11,0.506369
535,12,0.525622
535,13,0.426354
535,14,0.405085
535,15,0.506369
536,1,0.533703
536,2,0.452414
536,3,0.532282
536,4,0.426354
536,5,0.405085
536,6,0.405085
536,7,0.411744
536,8,0.435590
536,9,0.506369
536,10,0.533703
536,11,0.532282
536,12,0.525622
536,13,0.487535
536,14,0.548088
536,15,0.547988
537,1,0.523915
537,2,0.532282
537,3,0.426354
537,4,0.405085
537,5,0.411744
537,6,0.435590
537,7,0.411744
537,8,0.435590
537,9,0.405085
537,10,0.500261
537,11,0.411744
537,12,0.523915
537,13,0.523915
537,14,0.523915
537,15,0.435590
538,1,0.506369
538,2,0.525622
538,3,0.525622
538,4,0.426354
538,5,0.405085
538,6,0.411744
538,7,0.532282
538,8,0.426354
538,9,0.506369
538,10,0.533703
538,11,0.435590
538,12,0.506369
538,13,0.504507
538,14,0.547988
538,15,0.532282
539,1,0.426354
539,2,0.405085
539,3,0.415796
539,4,0.533703
539,5,0.435590
539,6,0.411744
539,7,0.435590
539,8,0.411744
539,9,0.523915
539,10,0.484272
539,11,0.435590
539,12,0.411744
539,13,0.435590
539,14,0.405085
539,15,0.456989
540,1,0.411744
540,2,0.532282
540,3,0.533703
540,4,0.435590
540,5,0.405085
540,6,0.462172
540,7,0.411744
540,8,0.532282
540,9,0.434589
540,10,0.434589
540,11,0.506369
540,12,0.533703
540,13,0.435590
540,14,0.411744
540,15,0.523915
541,1,0.435590
541,2,0.506369
541,3,0.426354
541,4,0.405085
541,5,0.415796
541,6,0.533703
541,7,0.435590
541,8,0.487061
541,9,0.523915
541,10,0.523915
541,11,0.532282
541,12,0.525622
541,13,0.426354
541,14,0.411744
541,15,0.435590
542,1,0.405085
542,2,0.411744
542,3,0.500261
542,4,0.574110
542,5,0.503705
542,6,0.574110
542,7,0.533703
542,8,0.523915
542,9,0.532282
542,10,0.426354
542,11,0.405085
542,12,0.411744
542,13,0.523915
542,14,0.469798
542,15,0.405085
543,1,0.411744
543,2,0.435590
543,3,0.405085
543,4,0.506369
543,5,0.426354
543,6,0.405085
543,7,0.405085
543,8,0.434589
543,9,0.411744
543,10,0.523915
543,11,0.435590
543,12,0.506369
543,13,0.426354
543,14,0.411744
543,15,0.435590
544,1,0.405085
544,2,0.405085
544,3,0.405085
544,4,0.506369
544,5,0.426354
544,6,0.405085
544,7,0.405085
544,8,0.485880
544,9,0.529627
544,10,0.523915
544,11,0.435590
544,12,0.506369
544,13,0.426354
544,14,0.405085
544,15,0.411744
545,1,0.435590
545,2,0.405085
545,3,0.411744
545,4,0.523915
545,5,0.532282
545,6,0.533703
545,7,0.522663
545,8,0.434589
545,9,0.411744
545,10,0.472167
545,11,0.506369
545,12,0.525622
545,13,0.426354
545,14,0.411744
545,15,0.422172
546,1,0.411744
546,2,0.523915
546,3,0.523915
546,4,0.492966
546,5,0.434589
546,6,0.405085
546,7,0.516185
546,8,0.434589
546,9,0.506369
546,10,0.426354
546,11,0.411744
546,12,0.523915
546,13,0.435590
546,14,0.506369
546,15,0.533703
547,1,0.532282
547,2,0.478456
547,3,0.411744
547,4,0.435590
547,5,0.508960
547,6,0.405085
547,7,0.405085
547,8,0.405085
547,9,0.405085
547,10,0.405085
547,11,0.397650
547,12,0.547988
547,13,0.435590
547,14,0.405085
547,15,0.506369
548,1,0.426354
548,2,0.411744
548,3,0.435590
548,4,0.506369
548,5,0.533703
548,6,0.523915
548,7,0.523915
548,8,0.523915
548,9,0.532282
548,10,0.533703
548,11,0.435590
548,12,0.405085
548,13,0.405085
548,14,0.405085
548,15,0.506369
549,1,0.525622
549,2,0.426354
549,3,0.405085
549,4,0.457129
549,5,0.547988
549,6,0.435590
549,7,0.411744
549,8,0.532282
549,9,0.426354
549,10,0.430537
549,11,0.475238
549,12,0.434589
549,13,0.454833
549,14,0.426345
549,15,0.426354
550,1,0.405085
550,2,0.506369
550,3,0.498291
550,4,0.434589
550,5,0.405085
550,6,0.506369
550,7,0.533703
550,8,0.523915
550,9,0.532282
550,10,0.426354
550,11,0.405085
550,12,0.405085
550,13,0.506369
550,14,0.496465
550,15,0.434589
551,1,0.405085
551,2,0.405085
551,3,0.485092
551,4,0.523915
551,5,0.488479
551,6,0.547988
551,7,0.532282
551,8,0.533703
551,9,0.532282
551,10,0.533703
551,11,0.532282
551,12,0.525622
551,13,0.533703
551,14,0.523915
551,15,0.523915
552,1,0.532282
552,2,0.426354
552,3,0.506369
552,4,0.525622
552,5,0.533703
552,6,0.523915
552,7,0.532282
552,8,0.525622
552,9,0.533703
552,10,0.532282
552,11,0.525622
552,12,0.533703
552,13,0.534058
552,14,0.426354
552,15,0.428541
553,1,0.532282
553,2,0.426354
553,3,0.445859
553,4,0.547988
553,5,0.477068
553,6,0.532282
553,7,0.426354
553,8,0.506369
553,9,0.525622
553,10,0.426354
553,11,0.405085
553,12,0.405085
553,13,0.506369
553,14,0.436940
553,15,0.434589
554,1,0.506369
554,2,0.525622
554,3,0.426354
554,4,0.405085
554,5,0.405085
554,6,0.506369
554,7,0.533703
554,8,0.435590
554,9,0.506369
554,10,0.525622
554,11,0.426354
554,12,0.411744
554,13,0.435590
554,14,0.411744
554,15,0.426345
555,1,0.426354
555,2,0.411744
555,3,0.466824
555,4,0.547988
555,5,0.435590
555,6,0.405085
555,7,0.506369
555,8,0.533703
555,9,0.435590
555,10,0.506369
555,11,0.525622
555,12,0.533703
555,13,0.523915
555,14,0.532282
555,15,0.533703
556,1,0.435590
556,2,0.405085
556,3,0.411744
556,4,0.435590
556,5,0.506369
556,6,0.525622
556,7,0.533703
556,8,0.532282
556,9,0.426354
556,10,0.411744
556,11,0.532282
556,12,0.525622
556,13,0.525622
556,14,0.533703
556,15,0.532282
557,1,0.525622
557,2,0.485880
557,3,0.547988
557,4,0.532282
557,5,0.525622
557,6,0.525622
557,7,0.533703
557,8,0.532282
557,9,0.525622
557,10,0.525622
557,11,0.525622
557,12,0.525622
557,13,0.533703
557,14,0.523915
557,15,0.435590
558,1,0.506369
558,2,0.525622
558,3,0.481201
558,4,0.547988
558,5,0.435590
558,6,0.411744
558,7,0.435590
558,8,0.506369
558,9,0.525622
558,10,0.533703
558,11,0.523915
558,12,0.532282
558,13,0.499127
558,14,0.547988
558,15,0.532282
559,1,0.426354
559,2,0.405085
559,3,0.506369
559,4,0.487535
559,5,0.532282
559,6,0.426354
559,7,0.411744
559,8,0.532282
559,9,0.533703
559,10,0.435590
559,11,0.506369
559,12,0.426354
559,13,0.411744
559,14,0.532282
559,15,0.525622
560,1,0.525622
560,2,0.533703
560,3,0.435590
560,4,0.506369
560,5,0.531294
560,6,0.434589
560,7,0.506369
560,8,0.481201
560,9,0.547988
560,10,0.523915
560,11,0.532282
560,12,0.525622
560,13,0.525622
560,14,0.426354
560,15,0.411744
561,1,0.435590
561,2,0.484233
561,3,0.422172
561,4,0.405085
561,5,0.506369
561,6,0.426354
561,7,0.492966
561,8,0.506369
561,9,0.426354
561,10,0.411744
561,11,0.435590
561,12,0.506369
561,13,0.426354
561,14,0.405085
561,15,0.443143
562,1,0.405085
562,2,0.506369
562,3,0.445859
562,4,0.434589
562,5,0.405085
562,6,0.443143
562,7,0.411744
562,8,0.532282
562,9,0.525622
562,10,0.426354
562,11,0.411744
562,12,0.422172
562,13,0.506369
562,14,0.510703
562,15,0.426354
563,1,0.506369
563,2,0.540846
563,3,0.494256
563,4,0.574110
563,5,0.525622
563,6,0.426354
563,7,0.405085
563,8,0.405085
563,9,0.405085
563,10,0.405085
563,11,0.411744
563,12,0.435590
563,13,0.411744
563,14,0.422172
563,15,0.411744
564,1,0.523915
564,2,0.523915
564,3,0.435590
564,4,0.506369
564,5,0.426354
564,6,0.405085
564,7,0.415796
564,8,0.533703
564,9,0.523915
564,10,0.435590
564,11,0.506369
564,12,0.525622
564,13,0.426354
564,14,0.506369
564,15,0.525622
565,1,0.533703
565,2,0.532282
565,3,0.525622
565,4,0.475183
565,5,0.547988
565,6,0.523915
565,7,0.532282
565,8,0.426354
565,9,0.405085
565,10,0.415796
565,11,0.525622
565,12,0.426354
565,13,0.506369
565,14,0.525622
565,15,0.525622
566,1,0.426354
566,2,0.506369
566,3,0.533703
566,4,0.532282
566,5,0.426354
566,6,0.405085
566,7,0.506369
566,8,0.525622
566,9,0.426354
566,10,0.405085
566,11,0.411744
566,12,0.532282
566,13,0.521767
566,14,0.574110
566,15,0.426354
567,1,0.458403
567,2,0.435590
567,3,0.519457
567,4,0.434589
567,5,0.411744
567,6,0.426345
567,7,0.426354
567,8,0.506369
567,9,0.525622
567,10,0.525622
567,11,0.426354
567,12,0.411744
567,13,0.574110
567,14,0.434589
567,15,0.405085
568,1,0.411744
568,2,0.532282
568,3,0.426354
568,4,0.411744
568,5,0.435590
568,6,0.506369
568,7,0.525622
568,8,0.525622
568,9,0.525622
568,10,0.533703
568,11,0.523915
568,12,0.523915
568,13,0.435590
568,14,0.405085
568,15,0.472070
569,1,0.520640
569,2,0.434589
569,3,0.539966
569,4,0.411744
569,5,0.532282
569,6,0.426354
569,7,0.461163
569,8,0.405085
569,9,0.411744
569,10,0.532282
569,11,0.533703
569,12,0.532282
569,13,0.426354
569,14,0.405085
569,15,0.405085
570,1,0.506369
570,2,0.426354
570,3,0.411744
570,4,0.532282
570,5,0.426354
570,6,0.411744
570,7,0.497661
570,8,0.574110
570,9,0.522955
570,10,0.574110
570,11,0.525622
570,12,0.533703
570,13,0.435590
570,14,0.405085
570,15,0.405085
571,1,0.411744
571,2,0.435590
571,3,0.405085
571,4,0.506369
571,5,0.525622
571,6,0.488893
571,7,0.574110
571,8,0.525622
571,9,0.533703
571,10,0.435590
571,11,0.506369
571,12,0.533703
571,13,0.532282
571,14,0.533703
571,15,0.456475
572,1,0.547988
572,2,0.435590
572,3,0.296204
572,4,0.405085
572,5,0.405085
572,6,0.405085
572,7,0.405085
572,8,0.462519
572,9,0.574110
572,10,0.533703
572,11,0.523915
572,12,0.435590
572,13,0.405085
572,14,0.506369
572,15,0.533703
573,1,0.466824
573,2,0.547988
573,3,0.523915
573,4,0.523915
573,5,0.523915
573,6,0.435590
573,7,0.506369
573,8,0.525622
573,9,0.525622
573,10,0.525622
573,11,0.525622
573,12,0.533703
573,13,0.532282
573,14,0.525622
573,15,0.533703
574,1,0.435590
574,2,0.506369
574,3,0.525622
574,4,0.426354
574,5,0.506369
574,6,0.525622
574,7,0.426354
574,8,0.405085
574,9,0.411744
574,10,0.523915
574,11,0.523915
574,12,0.435590
574,13,0.405085
574,14,0.443143
574,15,0.506369
575,1,0.533703
575,2,0.532282
575,3,0.426354
575,4,0.405085
575,5,0.438866
575,6,0.405085
575,7,0.411744
575,8,0.435590
575,9,0.405085
575,10,0.406025
575,11,0.523915
575,12,0.532282
575,13,0.533703
575,14,0.532282
575,15,0.533703
576,1,0.523915
576,2,0.523915
576,3,0.435590
576,4,0.506369
576,5,0.533703
576,6,0.523915
576,7,0.532282
576,8,0.533703
576,9,0.532282
576,10,0.525622
576,11,0.525622
576,12,0.533703
576,13,0.435590
576,14,0.405085
576,15,0.406025
577,1,0.531294
577,2,0.547988
577,3,0.523915
577,4,0.532282
577,5,0.426354
577,6,0.405085
577,7,0.506369
577,8,0.438229
577,9,0.434589
577,10,0.506369
577,11,0.525622
577,12,0.525622
577,13,0.426354
577,14,0.405085
577,15,0.479353
578,1,0.574110
578,2,0.525622
578,3,0.533703
578,4,0.532282
578,5,0.426354
578,6,0.506369
578,7,0.525622
578,8,0.533703
578,9,0.435590
578,10,0.405085
578,11,0.405085
578,12,0.489181
578,13,0.434589
578,14,0.506369
578,15,0.525622
579,1,0.533703
579,2,0.532282
579,3,0.533703
579,4,0.523915
579,5,0.443065
579,6,0.547988
579,7,0.435590
579,8,0.516185
579,9,0.434589
579,10,0.506369
579,11,0.426354
579,12,0.405085
579,13,0.415796
579,14,0.525622
579,15,0.533703
580,1,0.532282
580,2,0.533703
580,3,0.532282
580,4,0.426354
580,5,0.506369
580,6,0.525622
580,7,0.533703
580,8,0.532282
580,9,0.533703
580,10,0.435590
580,11,0.405085
580,12,0.443143
580,13,0.411744
580,14,0.523915
580,15,0.523915
581,1,0.435590
581,2,0.405085
581,3,0.415796
581,4,0.525622
581,5,0.443065
581,6,0.547988
581,7,0.546623
581,8,0.574110
581,9,0.525622
581,10,0.519457
581,11,0.457456
581,12,0.411744
581,13,0.532282
581,14,0.525622
581,15,0.525622
582,1,0.426354
582,2,0.405085
582,3,0.506369
582,4,0.463993
582,5,0.547988
582,6,0.532282
582,7,0.525622
582,8,0.457308
582,9,0.435590
582,10,0.506369
582,11,0.533703
582,12,0.435590
582,13,0.405085
582,14,0.443143
582,15,0.506369
583,1,0.525622
583,2,0.533703
583,3,0.523915
583,4,0.523915
583,5,0.532282
583,6,0.426354
583,7,0.506369
583,8,0.525622
583,9,0.426354
583,10,0.506369
583,11,0.547988
583,12,0.574110
583,13,0.426354
583,14,0.506369
583,15,0.533703
584,1,0.532282
584,2,0.426354
584,3,0.506369
584,4,0.525622
584,5,0.426354
584,6,0.428541
584,7,0.532282
584,8,0.525622
584,9,0.453735
584,10,0.411744
584,11,0.435590
584,12,0.405085
584,13,0.405085
584,14,0.411744
584,15,0.435590
585,1,0.411744
585,2,0.523915
585,3,0.435590
585,4,0.405085
585,5,0.406025
585,6,0.489005
585,7,0.547988
585,8,0.532282
585,9,0.533703
585,10,0.523915
585,11,0.532282
585,12,0.533703
585,13,0.435590
585,14,0.405085
585,15,0.405085
586,1,0.405085
586,2,0.405085
586,3,0.405085
586,4,0.506369
586,5,0.533703
586,6,0.435590
586,7,0.411744
586,8,0.532282
586,9,0.525622
586,10,0.426354
586,11,0.405085
586,12,0.411744
586,13,0.435590
586,14,0.411744
586,15,0.434848
587,1,0.523915
587,2,0.523915
587,3,0.435590
587,4,0.506369
587,5,0.525622
587,6,0.460637
587,7,0.574110
587,8,0.426354
587,9,0.411744
587,10,0.435590
587,11,0.506369
587,12,0.533703
587,13,0.532282
587,14,0.533703
587,15,0.532282
588,1,0.426354
588,2,0.506369
588,3,0.525622
588,4,0.430471
588,5,0.411744
588,6,0.426345
588,7,0.426354
588,8,0.506369
588,9,0.533703
588,10,0.532282
588,11,0.533703
588,12,0.532282
588,13,0.426354
588,14,0.411744
588,15,0.532282
589,1,0.533703
589,2,0.435590
589,3,0.506369
589,4,0.525622
589,5,0.533703
589,6,0.532282
589,7,0.525622
589,8,0.426354
589,9,0.521767
589,10,0.405085
589,11,0.411744
589,12,0.531294
589,13,0.574110
589,14,0.496465
589,15,0.547988
590,1,0.523915
590,2,0.435590
590,3,0.506369
590,4,0.525622
590,5,0.525622
590,6,0.426354
590,7,0.411744
590,8,0.532282
590,9,0.525622
590,10,0.426354
590,11,0.506369
590,12,0.426354
590,13,0.506369
590,14,0.426354
590,15,0.405085
591,1,0.411744
591,2,0.532282
591,3,0.426354
591,4,0.411744
591,5,0.532282
591,6,0.525622
591,7,0.426354
591,8,0.405085
591,9,0.411744
591,10,0.523915
591,11,0.445859
591,12,0.434589
591,13,0.411744
591,14,0.532282
591,15,0.533703
592,1,0.435590
592,2,0.405085
592,3,0.506369
592,4,0.525622
592,5,0.533703
592,6,0.435590
592,7,0.405085
592,8,0.405085
592,9,0.415796
592,10,0.533703
592,11,0.532282
592,12,0.525622
592,13,0.446717
592,14,0.547988
592,15,0.435590
593,1,0.411744
593,2,0.523915
593,3,0.532282
593,4,0.525622
593,5,0.533703
593,6,0.532282
593,7,0.533703
593,8,0.523915
593,9,0.523915
593,10,0.523915
593,11,0.435590
593,12,0.405085
593,13,0.411744
593,14,0.523915
593,15,0.532282
594,1,0.426354
594,2,0.405085
594,3,0.506369
594,4,0.426354
594,5,0.506369
594,6,0.525622
594,7,0.426354
594,8,0.411744
594,9,0.426345
594,10,0.426354
594,11,0.506369
594,12,0.426354
594,13,0.411744
594,14,0.435590
594,15,0.411744
595,1,0.435590
595,2,0.506369
595,3,0.492966
595,4,0.434589
595,5,0.411744
595,6,0.422172
595,7,0.405085
595,8,0.405085
595,9,0.443143
595,10,0.506369
595,11,0.426354
595,12,0.411744
595,13,0.523915
595,14,0.523915
595,15,0.532282
596,1,0.525622
596,2,0.426354
596,3,0.405085
596,4,0.506369
596,5,0.525622
596,6,0.525622
596,7,0.533703
596,8,0.464327
596,9,0.506369
596,10,0.525622
596,11,0.426354
596,12,0.405085
596,13,0.506369
596,14,0.533703
596,15,0.435590
597,1,0.411744
597,2,0.532282
597,3,0.525622
597,4,0.446717
597,5,0.547988
597,6,0.435590
597,7,0.405085
597,8,0.468258
597,9,0.506369
597,10,0.426354
597,11,0.411744
597,12,0.523915
597,13,0.532282
597,14,0.533703
597,15,0.532282
598,1,0.525622
598,2,0.525622
598,3,0.426354
598,4,0.405085
598,5,0.506369
598,6,0.525622
598,7,0.533703
598,8,0.446359
598,9,0.405085
598,10,0.411744
598,11,0.523915
598,12,0.523915
598,13,0.435590
598,14,0.506369
598,15,0.525622
599,1,0.426354
599,2,0.467807
599,3,0.405085
599,4,0.411744
599,5,0.435590
599,6,0.506369
599,7,0.533703
599,8,0.523915
599,9,0.523915
599,10,0.532282
599,11,0.426354
599,12,0.405085
599,13,0.506369
599,14,0.533703
599,15,0.435590
600,1,0.411744
600,2,0.456892
600,3,0.405085
600,4,0.405085
600,5,0.405085
600,6,0.405085
600,7,0.405085
600,8,0.506369
600,9,0.533703
600,10,0.435590
600,11,0.405085
600,12,0.443143
600,13,0.411744
600,14,0.523915
600,15,0.532282
601,1,0.457308
601,2,0.435590
601,3,0.411744
601,4,0.434848
601,5,0.532282
601,6,0.533703
601,7,0.523915
601,8,0.532282
601,9,0.426354
601,10,0.405085
601,11,0.411744
601,12,0.435590
601,13,0.506369
601,14,0.533703
601,15,0.523915
602,1,0.523915
602,2,0.523915
602,3,0.532282
602,4,0.533703
602,5,0.532282
602,6,0.426354
602,7,0.506369
602,8,0.430471
602,9,0.506369
602,10,0.513335
602,11,0.523915
602,12,0.532282
602,13,0.525622
602,14,0.481201
602,15,0.574110
603,1,0.533703
603,2,0.380913
603,3,0.434589
603,4,0.506369
603,5,0.426354
603,6,0.405085
603,7,0.405085
603,8,0.405085
603,9,0.485092
603,10,0.532282
603,11,0.482941
603,12,0.547988
603,13,0.435590
603,14,0.411744
603,15,0.435590
604,1,0.411744
604,2,0.435590
604,3,0.411744
604,4,0.422172
604,5,0.411744
604,6,0.435590
604,7,0.506369
604,8,0.533703
604,9,0.532282
604,10,0.426354
604,11,0.405085
604,12,0.405085
604,13,0.506369
604,14,0.426354
604,15,0.411744
605,1,0.523915
605,2,0.532282
605,3,0.533703
605,4,0.435590
605,5,0.405085
605,6,0.506369
605,7,0.533703
605,8,0.523915
605,9,0.435590
605,10,0.506369
605,11,0.426354
605,12,0.506369
605,13,0.533703
605,14,0.435590
605,15,0.506369
606,1,0.426354
606,2,0.506369
606,3,0.525622
606,4,0.426354
606,5,0.411744
606,6,0.532282
606,7,0.525622
606,8,0.525622
606,9,0.533703
606,10,0.523915
606,11,0.435590
606,12,0.506369
606,13,0.533703
606,14,0.523915
606,15,0.532282
607,1,0.534946
607,2,0.439357
607,3,0.405085
607,4,0.501733
607,5,0.547988
607,6,0.473126
607,7,0.405085
607,8,0.488926
607,9,0.547988
607,10,0.523915
607,11,0.532282
607,12,0.426354
607,13,0.519457
607,14,0.434589
607,15,0.411744
608,1,0.523915
608,2,0.465932
608,3,0.435590
608,4,0.405085
608,5,0.506369
608,6,0.426354
608,7,0.506369
608,8,0.426354
608,9,0.506369
608,10,0.426354
608,11,0.411744
608,12,0.508753
608,13,0.434589
608,14,0.411744
608,15,0.435590
609,1,0.506369
609,2,0.533703
609,3,0.532282
609,4,0.471671
609,5,0.434589
609,6,0.405085
609,7,0.443143
609,8,0.493604
609,9,0.525622
609,10,0.533703
609,11,0.435590
609,12,0.411744
609,13,0.426345
609,14,0.525622
609,15,0.514624
610,1,0.523915
610,2,0.504352
610,3,0.547988
610,4,0.523915
610,5,0.532282
610,6,0.533703
610,7,0.532282
610,8,0.492131
610,9,0.434589
610,10,0.506369
610,11,0.533703
610,12,0.532282
610,13,0.525622
610,14,0.426354
610,15,0.411744
611,1,0.435590
611,2,0.506369
611,3,0.426354
611,4,0.506369
611,5,0.426354
611,6,0.506369
611,7,0.525622
611,8,0.426354
611,9,0.506369
611,10,0.426354
611,11,0.405085
611,12,0.443143
611,13,0.415796
611,14,0.525622
611,15,0.533703
612,1,0.435590
612,2,0.506369
612,3,0.426354
612,4,0.405085
612,5,0.405085
612,6,0.506369
612,7,0.426354
612,8,0.506369
612,9,0.525622
612,10,0.525622
612,11,0.426354
612,12,0.405085
612,13,0.411744
612,14,0.532282
612,15,0.441741
613,1,0.411744
613,2,0.523915
613,3,0.435590
613,4,0.506369
613,5,0.533703
613,6,0.523915
613,7,0.523915
613,8,0.532282
613,9,0.533703
613,10,0.445859
613,11,0.547988
613,12,0.523915
613,13,0.523915
613,14,0.532282
613,15,0.426354
614,1,0.411744
614,2,0.435590
614,3,0.405085
614,4,0.411744
614,5,0.532282
614,6,0.426354
614,7,0.405085
614,8,0.405085
614,9,0.506369
614,10,0.533703
614,11,0.523915
614,12,0.532282
614,13,0.426354
614,14,0.411744
614,15,0.435590
615,1,0.396328
615,2,0.435590
615,3,0.411744
615,4,0.467157
615,5,0.411744
615,6,0.532282
615,7,0.533703
615,8,0.523915
615,9,0.435590
615,10,0.411744
615,11,0.523915
615,12,0.523915
615,13,0.532282
615,14,0.426354
615,15,0.405085
616,1,0.411744
616,2,0.523915
616,3,0.435590
616,4,0.506369
616,5,0.525622
616,6,0.426354
616,7,0.506369
616,8,0.426354
616,9,0.405085
616,10,0.411744
616,11,0.523915
616,12,0.532282
616,13,0.473018
616,14,0.471951
616,15,0.574110
617,1,0.533703
617,2,0.532282
617,3,0.525622
617,4,0.426354
617,5,0.411744
617,6,0.435590
617,7,0.405085
617,8,0.411744
617,9,0.532282
617,10,0.525622
617,11,0.436940
617,12,0.574110
617,13,0.503295
617,14,0.486128
617,15,0.493780
618,1,0.574110
618,2,0.533703
618,3,0.532282
618,4,0.487535
618,5,0.435590
618,6,0.506369
618,7,0.525622
618,8,0.525622
618,9,0.426354
618,10,0.506369
618,11,0.533703
618,12,0.435590
618,13,0.405085
618,14,0.506369
618,15,0.426354
619,1,0.411744
619,2,0.523915
619,3,0.532282
619,4,0.525622
619,5,0.426354
619,6,0.506369
619,7,0.525622
619,8,0.426354
619,9,0.411744
619,10,0.523915
619,11,0.523915
619,12,0.532282
619,13,0.525622
619,14,0.533703
619,15,0.532282
620,1,0.533703
620,2,0.523915
620,3,0.532282
620,4,0.533703
620,5,0.523915
620,6,0.469798
620,7,0.489767
620,8,0.301451
620,9,0.434589
620,10,0.405085
620,11,0.484233
620,12,0.532282
620,13,0.525622
620,14,0.461248
620,15,0.411744
621,1,0.422172
621,2,0.411744
621,3,0.435590
621,4,0.506369
621,5,0.525622
621,6,0.533703
621,7,0.523915
621,8,0.435590
621,9,0.411744
621,10,0.532282
621,11,0.525622
621,12,0.525622
621,13,0.426354
621,14,0.501076
621,15,0.533703
622,1,0.523915
622,2,0.435590
622,3,0.485880
622,4,0.434589
622,5,0.405085
622,6,0.405085
622,7,0.506369
622,8,0.525622
622,9,0.512167
622,10,0.574110
622,11,0.533703
622,12,0.435590
622,13,0.411744
622,14,0.435590
622,15,0.411744
623,1,0.422172
623,2,0.405085
623,3,0.405085
623,4,0.405085
623,5,0.506369
623,6,0.533703
623,7,0.532282
623,8,0.457308
623,9,0.523915
623,10,0.435590
623,11,0.506369
623,12,0.412088
623,13,0.426354
623,14,0.411744
623,15,0.426345
624,1,0.525622
624,2,0.426354
624,3,0.574110
624,4,0.434589
624,5,0.506369
624,6,0.426354
624,7,0.506369
624,8,0.426354
624,9,0.405085
624,10,0.506369
624,11,0.426354
624,12,0.411744
624,13,0.553196
624,14,0.426354
624,15,0.405085
625,1,0.411744
625,2,0.435590
625,3,0.405085
625,4,0.411744
625,5,0.523915
625,6,0.478549
625,7,0.574110
625,8,0.426354
625,9,0.411744
625,10,0.519457
625,11,0.574110
625,12,0.533703
625,13,0.523915
625,14,0.435590
625,15,0.504507
626,1,0.574110
626,2,0.426354
626,3,0.411744
626,4,0.532282
626,5,0.426354
626,6,0.405085
626,7,0.506369
626,8,0.533703
626,9,0.523915
626,10,0.532282
626,11,0.533703
626,12,0.532282
626,13,0.533703
626,14,0.523915
626,15,0.532282
627,1,0.525622
627,2,0.533703
627,3,0.532282
627,4,0.525622
627,5,0.533703
627,6,0.435590
627,7,0.506369
627,8,0.426354
627,9,0.411744
627,10,0.422172
627,11,0.405085
627,12,0.405085
627,13,0.506369
627,14,0.533703
627,15,0.532282
628,1,0.426354
628,2,0.405085
628,3,0.415796
628,4,0.426354
628,5,0.506369
628,6,0.426354
628,7,0.500261
628,8,0.574110
628,9,0.434589
628,10,0.411744
628,11,0.532282
628,12,0.533703
628,13,0.520477
628,14,0.574110
628,15,0.525622
629,1,0.426354
629,2,0.506369
629,3,0.426354
629,4,0.506369
629,5,0.525622
629,6,0.426354
629,7,0.491652
629,8,0.474250
629,9,0.547988
629,10,0.435590
629,11,0.506369
629,12,0.533703
629,13,0.532282
629,14,0.525622
629,15,0.525622
630,1,0.426354
630,2,0.405085
630,3,0.405085
630,4,0.443143
630,5,0.411744
630,6,0.435590
630,7,0.506369
630,8,0.525622
630,9,0.533703
630,10,0.532282
630,11,0.533703
630,12,0.523915
630,13,0.532282
630,14,0.426354
630,15,0.506369
631,1,0.426354
631,2,0.506369
631,3,0.533703
631,4,0.435590
631,5,0.411744
631,6,0.435590
631,7,0.405085
631,8,0.431107
631,9,0.406025
631,10,0.523915
631,11,0.532282
631,12,0.525622
631,13,0.463308
631,14,0.506369
631,15,0.426354
632,1,0.411744
632,2,0.532282
632,3,0.533703
632,4,0.532282
632,5,0.426354
632,6,0.506369
632,7,0.525622
632,8,0.426354
632,9,0.405085
632,10,0.405085
632,11,0.506369
632,12,0.426354
632,13,0.411744
632,14,0.532282
632,15,0.525622
633,1,0.525622
633,2,0.525622
633,3,0.533703
633,4,0.435590
633,5,0.405085
633,6,0.506369
633,7,0.426354
633,8,0.411744
633,9,0.532282
633,10,0.426354
633,11,0.405085
633,12,0.506369
633,13,0.525622
633,14,0.533703
633,15,0.435590
634,1,0.506369
634,2,0.426354
634,3,0.506369
634,4,0.426354
634,5,0.506369
634,6,0.426354
634,7,0.419837
634,8,0.443143
634,9,0.405085
634,10,0.431107
634,11,0.411744
634,12,0.532282
634,13,0.426354
634,14,0.411744
634,15,0.532282
635,1,0.426354
635,2,0.405085
635,3,0.411744
635,4,0.532282
635,5,0.525622
635,6,0.525622
635,7,0.525622
635,8,0.525622
635,9,0.520999
635,10,0.574110
635,11,0.525622
635,12,0.533703
635,13,0.523915
635,14,0.435590
635,15,0.405629
636,1,0.525622
636,2,0.533703
636,3,0.532282
636,4,0.525622
636,5,0.533703
636,6,0.532282
636,7,0.533703
636,8,0.435590
636,9,0.405085
636,10,0.405085
636,11,0.506369
636,12,0.426354
636,13,0.405085
636,14,0.415796
636,15,0.525622
637,1,0.426354
637,2,0.506369
637,3,0.533703
637,4,0.523915
637,5,0.532282
637,6,0.426354
637,7,0.506369
637,8,0.525622
637,9,0.533703
637,10,0.464451
637,11,0.344733
637,12,0.405085
637,13,0.506369
637,14,0.533703
637,15,0.523915
638,1,0.484272
638,2,0.523915
638,3,0.435590
638,4,0.506369
638,5,0.533703
638,6,0.532282
638,7,0.533703
638,8,0.435590
638,9,0.405085
638,10,0.506369
638,11,0.533703
638,12,0.489181
638,13,0.547988
638,14,0.435590
638,15,0.411744
639,1,0.523915
639,2,0.532282
639,3,0.426354
639,4,0.506369
639,5,0.525622
639,6,0.426354
639,7,0.411744
639,8,0.523915
639,9,0.523915
639,10,0.435590
639,11,0.411744
639,12,0.523915
639,13,0.435590
639,14,0.506369
639,15,0.426354
640,1,0.506369
640,2,0.426354
640,3,0.506369
640,4,0.525622
640,5,0.525622
640,6,0.533703
640,7,0.435590
640,8,0.506369
640,9,0.525622
640,10,0.426354
640,11,0.411744
640,12,0.532282
640,13,0.525622
640,14,0.525622
640,15,0.533703
641,1,0.380913
641,2,0.574110
641,3,0.525622
641,4,0.533703
641,5,0.523915
641,6,0.532282
641,7,0.426354
641,8,0.411744
641,9,0.532282
641,10,0.533703
641,11,0.435590
641,12,0.411744
641,13,0.435590
641,14,0.405085
641,15,0.405085
642,1,0.411744
642,2,0.523915
642,3,0.435590
642,4,0.405085
642,5,0.506369
642,6,0.426354
642,7,0.405085
642,8,0.443143
642,9,0.516185
642,10,0.547988
642,11,0.532282
642,12,0.426354
642,13,0.411744
642,14,0.434848
642,15,0.532282
643,1,0.426354
643,2,0.411744
643,3,0.523915
643,4,0.435590
643,5,0.405085
643,6,0.415796
643,7,0.426354
643,8,0.405085
643,9,0.411744
643,10,0.532282
643,11,0.380913
643,12,0.547988
643,13,0.532282
643,14,0.461636
643,15,0.525622
644,1,0.533703
644,2,0.435590
644,3,0.405085
644,4,0.405085
644,5,0.506369
644,6,0.525622
644,7,0.519457
644,8,0.574110
644,9,0.426354
644,10,0.411744
644,11,0.532282
644,12,0.441741
644,13,0.482984
644,14,0.434589
644,15,0.411744
645,1,0.467264
645,2,0.411744
645,3,0.532282
645,4,0.525622
645,5,0.525622
645,6,0.463993
645,7,0.574110
645,8,0.525622
645,9,0.525622
645,10,0.426354
645,11,0.411744
645,12,0.532282
645,13,0.533703
645,14,0.532282
645,15,0.426354
646,1,0.574110
646,2,0.434589
646,3,0.506369
646,4,0.533703
646,5,0.532282
646,6,0.533703
646,7,0.523915
646,8,0.435590
646,9,0.405085
646,10,0.506369
646,11,0.426354
646,12,0.411744
646,13,0.435590
646,14,0.405085
646,15,0.506369
647,1,0.426354
647,2,0.411744
647,3,0.532282
647,4,0.525622
647,5,0.525622
647,6,0.525622
647,7,0.426354
647,8,0.496877
647,9,0.547988
647,10,0.532282
647,11,0.426354
647,12,0.506369
647,13,0.533703
647,14,0.523915
647,15,0.509730
648,1,0.532282
648,2,0.525622
648,3,0.426354
648,4,0.411744
648,5,0.422172
648,6,0.506369
648,7,0.426354
648,8,0.411744
648,9,0.434848
648,10,0.532282
648,11,0.525622
648,12,0.533703
648,13,0.532282
648,14,0.426354
648,15,0.405085
649,1,0.506369
649,2,0.533703
649,3,0.435590
649,4,0.466601
649,5,0.426354
649,6,0.411744
649,7,0.468827
649,8,0.405085
649,9,0.405085
649,10,0.405085
649,11,0.411744
649,12,0.532282
649,13,0.426354
649,14,0.506369
649,15,0.525622
650,1,0.426354
650,2,0.405085
650,3,0.415796
650,4,0.533703
650,5,0.435590
650,6,0.506369
650,7,0.533703
650,8,0.435590
650,9,0.506369
650,10,0.533703
650,11,0.532282
650,12,0.434589
650,13,0.508753
650,14,0.434589
650,15,0.506369
651,1,0.533703
651,2,0.532282
651,3,0.498291
651,4,0.547988
651,5,0.523915
651,6,0.435590
651,7,0.411744
651,8,0.532282
651,9,0.426354
651,10,0.405085
651,11,0.405085
651,12,0.411744
651,13,0.532282
651,14,0.525622
651,15,0.525622
652,1,0.426354
652,2,0.405085
652,3,0.506369
652,4,0.426354
652,5,0.405085
652,6,0.506369
652,7,0.533703
652,8,0.532282
652,9,0.479353
652,10,0.434589
652,11,0.506369
652,12,0.525622
652,13,0.533703
652,14,0.523915
652,15,0.523915
653,1,0.523915
653,2,0.532282
653,3,0.533703
653,4,0.523915
653,5,0.523915
653,6,0.523915
653,7,0.435590
653,8,0.411744
653,9,0.532282
653,10,0.426354
653,11,0.506369
653,12,0.533703
653,13,0.532282
653,14,0.525622
653,15,0.426354
654,1,0.411744
654,2,0.435590
654,3,0.506369
654,4,0.426354
654,5,0.411744
654,6,0.434848
654,7,0.523915
654,8,0.485880
654,9,0.574110
654,10,0.533703
654,11,0.523915
654,12,0.523915
654,13,0.523915
654,14,0.435590
654,15,0.405085
655,1,0.506369
655,2,0.525622
655,3,0.426354
655,4,0.506369
655,5,0.533703
655,6,0.532282
655,7,0.525622
655,8,0.426354
655,9,0.506369
655,10,0.525622
655,11,0.426354
655,12,0.411744
655,13,0.523915
655,14,0.532282
655,15,0.533703
656,1,0.435590
656,2,0.506369
656,3,0.525622
656,4,0.426354
656,5,0.506369
656,6,0.525622
656,7,0.533703
656,8,0.532282
656,9,0.525622
656,10,0.533703
656,11,0.435590
656,12,0.411744
656,13,0.434848
656,14,0.532282
656,15,0.520999
657,1,0.434589
657,2,0.455903
657,3,0.411744
657,4,0.532282
657,5,0.525622
657,6,0.426354
657,7,0.405085
657,8,0.411744
657,9,0.435590
657,10,0.467425
657,11,0.405085
657,12,0.405085
657,13,0.415796
657,14,0.426354
657,15,0.405085
658,1,0.411744
658,2,0.532282
658,3,0.426354
658,4,0.506369
658,5,0.426354
658,6,0.411744
658,7,0.422172
658,8,0.405085
658,9,0.405085
658,10,0.467425
658,11,0.434589
658,12,0.506369
658,13,0.426354
658,14,0.411744
658,15,0.435590
659,1,0.506369
659,2,0.478456
659,3,0.405085
659,4,0.506369
659,5,0.426354
659,6,0.506369
659,7,0.426354
659,8,0.506369
659,9,0.525622
659,10,0.426354
659,11,0.411744
659,12,0.426345
659,13,0.525622
659,14,0.525622
659,15,0.426354
660,1,0.411744
660,2,0.435590
660,3,0.411744
660,4,0.532282
660,5,0.426354
660,6,0.506369
660,7,0.525622
660,8,0.533703
660,9,0.435590
660,10,0.506369
660,11,0.533703
660,12,0.532282
660,13,0.426354
660,14,0.411744
660,15,0.532282
661,1,0.525622
661,2,0.525622
661,3,0.525622
661,4,0.525622
661,5,0.426354
661,6,0.405085
661,7,0.405085
661,8,0.411744
661,9,0.523915
661,10,0.523915
661,11,0.523915
661,12,0.435590
661,13,0.506369
661,14,0.426354
661,15,0.506369
662,1,0.533703
662,2,0.523915
662,3,0.532282
662,4,0.525622
662,5,0.503295
662,6,0.434589
662,7,0.405085
662,8,0.405085
662,9,0.405085
662,10,0.506369
662,11,0.492131
662,12,0.547988
662,13,0.435590
662,14,0.405085
662,15,0.405085
663,1,0.411744
663,2,0.523915
663,3,0.435590
663,4,0.474816
663,5,0.506369
663,6,0.543804
663,7,0.434589
663,8,0.411744
663,9,0.435590
663,10,0.506369
663,11,0.533703
663,12,0.523915
663,13,0.435590
663,14,0.405085
663,15,0.411744
664,1,0.435590
664,2,0.506369
664,3,0.533703
664,4,0.523915
664,5,0.435590
664,6,0.485880
664,7,0.434589
664,8,0.411744
664,9,0.435590
664,10,0.405085
664,11,0.411744
664,12,0.435590
664,13,0.405085
664,14,0.415796
664,15,0.533703
665,1,0.435590
665,2,0.411744
665,3,0.532282
665,4,0.533703
665,5,0.435590
665,6,0.506369
665,7,0.525622
665,8,0.533703
665,9,0.435590
665,10,0.473956
665,11,0.434589
665,12,0.506369
665,13,0.533703
665,14,0.435590
665,15,0.405085
666,1,0.405085
666,2,0.506369
666,3,0.533703
666,4,0.532282
666,5,0.525622
666,6,0.426354
666,7,0.405085
666,8,0.506369
666,9,0.525622
666,10,0.426354
666,11,0.506369
666,12,0.426354
666,13,0.411744
666,14,0.435590
666,15,0.405085
667,1,0.405085
667,2,0.405085
667,3,0.411744
667,4,0.523915
667,5,0.523915
667,6,0.523915
667,7,0.435590
667,8,0.411744
667,9,0.532282
667,10,0.426354
667,11,0.506369
667,12,0.467489
667,13,0.506369
667,14,0.533703
667,15,0.523915
668,1,0.523915
668,2,0.532282
668,3,0.533703
668,4,0.488479
668,5,0.574110
668,6,0.426354
668,7,0.405085
668,8,0.411744
668,9,0.435590
668,10,0.405085
668,11,0.506369
668,12,0.525622
668,13,0.426354
668,14,0.405085
668,15,0.411744
669,1,0.426345
669,2,0.474816
669,3,0.574110
669,4,0.525622
669,5,0.426354
669,6,0.506369
669,7,0.525622
669,8,0.533703
669,9,0.435590
669,10,0.405085
669,11,0.443143
669,12,0.411744
669,13,0.532282
669,14,0.533703
669,15,0.523915
670,1,0.475183
670,2,0.574110
670,3,0.533703
670,4,0.532282
670,5,0.525622
670,6,0.533703
670,7,0.435590
670,8,0.411744
670,9,0.532282
670,10,0.426354
670,11,0.506369
670,12,0.426354
670,13,0.405085
670,14,0.506369
670,15,0.426354
671,1,0.411744
671,2,0.523915
671,3,0.523915
671,4,0.532282
671,5,0.426354
671,6,0.411744
671,7,0.532282
671,8,0.533703
671,9,0.523915
671,10,0.473956
671,11,0.434589
671,12,0.411744
671,13,0.523915
671,14,0.532282
671,15,0.426354
672,1,0.506369
672,2,0.533703
672,3,0.487090
672,4,0.362116
672,5,0.515668
672,6,0.574110
672,7,0.533703
672,8,0.512167
672,9,0.574110
672,10,0.426354
672,11,0.405085
672,12,0.405085
672,13,0.443143
672,14,0.411744
672,15,0.435590
673,1,0.411744
673,2,0.523915
673,3,0.520477
673,4,0.547988
673,5,0.532282
673,6,0.525622
673,7,0.525622
673,8,0.467489
673,9,0.405085
673,10,0.411744
673,11,0.532282
673,12,0.525622
673,13,0.533703
673,14,0.512167
673,15,0.434589
674,1,0.405085
674,2,0.405085
674,3,0.405085
674,4,0.405085
674,5,0.506369
674,6,0.525622
674,7,0.426354
674,8,0.506369
674,9,0.533703
674,10,0.508753
674,11,0.547988
674,12,0.508960
674,13,0.547988
674,14,0.435590
674,15,0.405085
675,1,0.405085
675,2,0.405085
675,3,0.405085
675,4,0.405085
675,5,0.506369
675,6,0.487535
675,7,0.435590
675,8,0.411744
675,9,0.426345
675,10,0.525622
675,11,0.525622
675,12,0.533703
675,13,0.435590
675,14,0.445292
675,15,0.435590
676,1,0.506438
676,2,0.506369
676,3,0.525622
676,4,0.426354
676,5,0.506369
676,6,0.525622
676,7,0.525622
676,8,0.525622
676,9,0.426354
676,10,0.506369
676,11,0.533703
676,12,0.435590
676,13,0.405085
676,14,0.405085
676,15,0.415796
677,1,0.525622
677,2,0.533703
677,3,0.489181
677,4,0.434589
677,5,0.405085
677,6,0.443143
677,7,0.405085
677,8,0.506369
677,9,0.533703
677,10,0.523915
677,11,0.523915
677,12,0.532282
677,13,0.533703
677,14,0.523915
677,15,0.532282
678,1,0.525622
678,2,0.525622
678,3,0.525622
678,4,0.533703
678,5,0.501347
678,6,0.434589
678,7,0.506369
678,8,0.451013
678,9,0.532282
678,10,0.426354
678,11,0.508753
678,12,0.463993
678,13,0.574110
678,14,0.533703
678,15,0.435590
679,1,0.405085
679,2,0.506369
679,3,0.426354
679,4,0.411744
679,5,0.435590
679,6,0.411744
679,7,0.523915
679,8,0.532282
679,9,0.533703
679,10,0.435590
679,11,0.411744
679,12,0.435590
679,13,0.411744
679,14,0.435590
679,15,0.405085
680,1,0.405085
680,2,0.506369
680,3,0.426354
680,4,0.496877
680,5,0.426354
680,6,0.411744
680,7,0.434848
680,8,0.435590
680,9,0.411744
680,10,0.523915
680,11,0.523915
680,12,0.532282
680,13,0.426354
680,14,0.405085
680,15,0.411744
681,1,0.523915
681,2,0.523915
681,3,0.523915
681,4,0.464966
681,5,0.574110
681,6,0.426354
681,7,0.405085
681,8,0.415796
681,9,0.533703
681,10,0.523915
681,11,0.435590
681,12,0.506369
681,13,0.426354
681,14,0.411744
681,15,0.435590
682,1,0.411744
682,2,0.532282
682,3,0.533703
682,4,0.523915
682,5,0.532282
682,6,0.525622
682,7,0.426354
682,8,0.467425
682,9,0.434589
682,10,0.411744
682,11,0.422172
682,12,0.411744
682,13,0.523915
682,14,0.523915
682,15,0.435590
683,1,0.405085
683,2,0.411744
683,3,0.435590
683,4,0.506369
683,5,0.525622
683,6,0.475183
683,7,0.574110
683,8,0.525622
683,9,0.525622
683,10,0.525622
683,11,0.489537
683,12,0.523915
683,13,0.523915
683,14,0.476399
683,15,0.411744
684,1,0.435590
684,2,0.506369
684,3,0.533703
684,4,0.532282
684,5,0.533703
684,6,0.435590
684,7,0.411744
684,8,0.547988
684,9,0.547988
684,10,0.508441
684,11,0.435590
684,12,0.411744
684,13,0.435590
684,14,0.506369
684,15,0.426354
685,1,0.405085
685,2,0.405085
685,3,0.473956
685,4,0.574110
685,5,0.533703
685,6,0.532282
685,7,0.525622
685,8,0.426354
685,9,0.506369
685,10,0.436940
685,11,0.574110
685,12,0.533703
685,13,0.532282
685,14,0.525622
685,15,0.476884
686,1,0.547988
686,2,0.523915
686,3,0.523915
686,4,0.532282
686,5,0.525622
686,6,0.525622
686,7,0.533703
686,8,0.532282
686,9,0.426354
686,10,0.411744
686,11,0.435590
686,12,0.405085
686,13,0.411744
686,14,0.532282
686,15,0.525622
687,1,0.426354
687,2,0.405085
687,3,0.411744
687,4,0.435590
687,5,0.411744
687,6,0.435590
687,7,0.405085
687,8,0.456475
687,9,0.457767
687,10,0.506369
687,11,0.525622
687,12,0.533703
687,13,0.532282
687,14,0.426354
687,15,0.506369
688,1,0.533703
688,2,0.532282
688,3,0.469194
688,4,0.435590
688,5,0.506369
688,6,0.426354
688,7,0.405085
688,8,0.506369
688,9,0.533703
688,10,0.532282
688,11,0.525622
688,12,0.426354
688,13,0.506369
688,14,0.533703
688,15,0.435590
689,1,0.411744
689,2,0.434848
689,3,0.435590
689,4,0.506369
689,5,0.426354
689,6,0.405085
689,7,0.443143
689,8,0.506369
689,9,0.525622
689,10,0.533703
689,11,0.435590
689,12,0.506369
689,13,0.426354
689,14,0.506369
689,15,0.525622
690,1,0.533703
690,2,0.435590
690,3,0.405085
690,4,0.415796
690,5,0.533703
690,6,0.435590
690,7,0.411744
690,8,0.435590
690,9,0.506369
690,10,0.426354
690,11,0.489181
690,12,0.547988
690,13,0.435590
690,14,0.411744
690,15,0.434848
691,1,0.435590
691,2,0.453644
691,3,0.434848
691,4,0.435590
691,5,0.506369
691,6,0.426354
691,7,0.506369
691,8,0.533703
691,9,0.532282
691,10,0.525622
691,11,0.426354
691,12,0.506369
691,13,0.426354
691,14,0.411744
691,15,0.532282
692,1,0.426354
692,2,0.495783
692,3,0.574110
692,4,0.525622
692,5,0.464451
692,6,0.434589
692,7,0.279891
692,8,0.406025
692,9,0.532282
692,10,0.525622
692,11,0.525622
692,12,0.426354
692,13,0.405085
692,14,0.405085
692,15,0.411744
693,1,0.523915
693,2,0.488479
693,3,0.521767
693,4,0.547988
693,5,0.435590
693,6,0.405085
693,7,0.443065
693,8,0.574110
693,9,0.533703
693,10,0.435590
693,11,0.506369
693,12,0.525622
693,13,0.525622
693,14,0.426354
693,15,0.506369
694,1,0.426354
694,2,0.405085
694,3,0.443143
694,4,0.405085
694,5,0.405085
694,6,0.405085
694,7,0.405085
694,8,0.506369
694,9,0.533703
694,10,0.523915
694,11,0.532282
694,12,0.426354
694,13,0.405085
694,14,0.405085
694,15,0.506369
695,1,0.525622
695,2,0.533703
695,3,0.523915
695,4,0.523915
695,5,0.435590
695,6,0.506369
695,7,0.533703
695,8,0.532282
695,9,0.426354
695,10,0.506369
695,11,0.533703
695,12,0.475433
695,13,0.405085
695,14,0.506369
695,15,0.360901
696,1,0.574110
696,2,0.533703
696,3,0.523915
696,4,0.523915
696,5,0.435590
696,6,0.405085
696,7,0.495545
696,8,0.506369
696,9,0.525622
696,10,0.525622
696,11,0.533703
696,12,0.523915
696,13,0.532282
696,14,0.533703
696,15,0.532282
697,1,0.525622
697,2,0.525622
697,3,0.525622
697,4,0.525622
697,5,0.533703
697,6,0.435590
697,7,0.405085
697,8,0.443143
697,9,0.506369
697,10,0.533703
697,11,0.460637
697,12,0.434589
697,13,0.506369
697,14,0.426354
697,15,0.405085
698,1,0.506369
698,2,0.434589
698,3,0.547988
698,4,0.523915
698,5,0.532282
698,6,0.426354
698,7,0.405085
698,8,0.506369
698,9,0.525622
698,10,0.525622
698,11,0.533703
698,12,0.523915
698,13,0.532282
698,14,0.533703
698,15,0.435590
699,1,0.506369
699,2,0.533703
699,3,0.523915
699,4,0.435590
699,5,0.506369
699,6,0.525622
699,7,0.525622
699,8,0.426354
699,9,0.411744
699,10,0.434848
699,11,0.523915
699,12,0.435590
699,13,0.411744
699,14,0.532282
699,15,0.426354
700,1,0.411744
700,2,0.523915
700,3,0.523915
700,4,0.532282
700,5,0.426354
700,6,0.405085
700,7,0.405085
700,8,0.405085
700,9,0.506369
700,10,0.426354
700,11,0.411744
700,12,0.494256
700,13,0.547988
700,14,0.435590
700,15,0.411744
701,1,0.521623
701,2,0.532282
701,3,0.426354
701,4,0.506369
701,5,0.426354
701,6,0.405085
701,7,0.506369
701,8,0.525622
701,9,0.426354
701,10,0.431107
701,11,0.406025
701,12,0.435590
701,13,0.487061
701,14,0.435590
701,15,0.411744
702,1,0.532282
702,2,0.426354
702,3,0.454158
702,4,0.456405
702,5,0.426354
702,6,0.411744
702,7,0.422172
702,8,0.411744
702,9,0.435590
702,10,0.506369
702,11,0.439357
702,12,0.405085
702,13,0.411744
702,14,0.574110
702,15,0.464078
703,1,0.477873
703,2,0.506369
703,3,0.525622
703,4,0.525622
703,5,0.426354
703,6,0.411744
703,7,0.523915
703,8,0.471671
703,9,0.574110
703,10,0.525622
703,11,0.525622
703,12,0.533703
703,13,0.523915
703,14,0.435590
703,15,0.506369
704,1,0.533703
704,2,0.523915
704,3,0.523915
704,4,0.435590
704,5,0.411744
704,6,0.435590
704,7,0.411744
704,8,0.532282
704,9,0.426354
704,10,0.405085
704,11,0.506369
704,12,0.426354
704,13,0.405085
704,14,0.531294
704,15,0.478695
705,1,0.547988
705,2,0.523915
705,3,0.435590
705,4,0.411744
705,5,0.523915
705,6,0.466791
705,7,0.523915
705,8,0.492966
705,9,0.547988
705,10,0.523915
705,11,0.523915
705,12,0.435590
705,13,0.405085
705,14,0.405085
705,15,0.506369
706,1,0.533703
706,2,0.532282
706,3,0.525622
706,4,0.525622
706,5,0.533703
706,6,0.523915
706,7,0.523915
706,8,0.523915
706,9,0.523915
706,10,0.532282
706,11,0.525622
706,12,0.525622
706,13,0.533703
706,14,0.523915
706,15,0.532282
707,1,0.525622
707,2,0.426354
707,3,0.405085
707,4,0.473956
707,5,0.434589
707,6,0.405085
707,7,0.506369
707,8,0.525622
707,9,0.525622
707,10,0.492966
707,11,0.547988
707,12,0.435590
707,13,0.411744
707,14,0.523915
707,15,0.523915
708,1,0.523915
708,2,0.460637
708,3,0.574110
708,4,0.525622
708,5,0.533703
708,6,0.532282
708,7,0.525622
708,8,0.525622
708,9,0.525622
708,10,0.426354
708,11,0.411744
708,12,0.523915
708,13,0.523915
708,14,0.532282
708,15,0.525622
709,1,0.525622
709,2,0.525622
709,3,0.525622
709,4,0.525622
709,5,0.426354
709,6,0.405085
709,7,0.506369
709,8,0.533703
709,9,0.523915
709,10,0.435590
709,11,0.462172
709,12,0.411744
709,13,0.435590
709,14,0.405085
709,15,0.506369
710,1,0.533703
710,2,0.435590
710,3,0.411744
710,4,0.523915
710,5,0.523915
710,6,0.532282
710,7,0.533703
710,8,0.521767
710,9,0.434589
710,10,0.526614
710,11,0.434589
710,12,0.506369
710,13,0.426354
710,14,0.411744
710,15,0.397650
711,1,0.574110
711,2,0.426354
711,3,0.443065
711,4,0.574110
711,5,0.426354
711,6,0.411744
711,7,0.435590
711,8,0.506369
711,9,0.525622
711,10,0.525622
711,11,0.461636
711,12,0.525622
711,13,0.426354
711,14,0.519457
711,15,0.547988
712,1,0.435590
712,2,0.411744
712,3,0.532282
712,4,0.525622
712,5,0.525622
712,6,0.426354
712,7,0.520477
712,8,0.506369
712,9,0.533703
712,10,0.523915
712,11,0.435590
712,12,0.411744
712,13,0.434848
712,14,0.456892
712,15,0.405085
713,1,0.497013
713,2,0.547988
713,3,0.535135
713,4,0.469194
713,5,0.536499
713,6,0.434589
713,7,0.506369
713,8,0.426354
713,9,0.411744
713,10,0.532282
713,11,0.525622
713,12,0.426354
713,13,0.405085
713,14,0.506369
713,15,0.426354
714,1,0.411744
714,2,0.532282
714,3,0.533703
714,4,0.435590
714,5,0.411744
714,6,0.500261
714,7,0.434589
714,8,0.411744
714,9,0.435590
714,10,0.506369
714,11,0.533703
714,12,0.488266
714,13,0.523915
714,14,0.543152
714,15,0.434589
715,1,0.506369
715,2,0.426354
715,3,0.411744
715,4,0.426345
715,5,0.426354
715,6,0.405085
715,7,0.405085
715,8,0.411744
715,9,0.532282
715,10,0.574110
715,11,0.574110
715,12,0.426354
715,13,0.506369
715,14,0.525622
715,15,0.533703
716,1,0.435590
716,2,0.405085
716,3,0.428541
716,4,0.523915
716,5,0.523915
716,6,0.435590
716,7,0.506369
716,8,0.525622
716,9,0.426354
716,10,0.411744
716,11,0.435590
716,12,0.496877
716,13,0.434589
716,14,0.411744
716,15,0.426345
717,1,0.525622
717,2,0.525622
717,3,0.426354
717,4,0.411744
717,5,0.435590
717,6,0.471366
717,7,0.415796
717,8,0.514309
717,9,0.547988
717,10,0.459015
717,11,0.411744
717,12,0.435590
717,13,0.506369
717,14,0.426354
717,15,0.506369
718,1,0.533703
718,2,0.532282
718,3,0.525622
718,4,0.426354
718,5,0.405085
718,6,0.506369
718,7,0.533703
718,8,0.523915
718,9,0.532282
718,10,0.533703
718,11,0.523915
718,12,0.532282
718,13,0.533703
718,14,0.435590
718,15,0.411744
719,1,0.435590
719,2,0.506369
719,3,0.533703
719,4,0.532282
719,5,0.508753
719,6,0.434589
719,7,0.405085
719,8,0.405085
719,9,0.405085
719,10,0.405085
719,11,0.506369
719,12,0.525622
719,13,0.525622
719,14,0.525622
719,15,0.533703
720,1,0.523915
720,2,0.532282
720,3,0.426354
720,4,0.411744
720,5,0.523915
720,6,0.532282
720,7,0.525622
720,8,0.533703
720,9,0.532282
720,10,0.510703
720,11,0.525622
720,12,0.426354
720,13,0.506369
720,14,0.533703
720,15,0.523915
721,1,0.435590
721,2,0.506369
721,3,0.467123
721,4,0.506369
721,5,0.426354
721,6,0.405085
721,7,0.443143
721,8,0.443143
721,9,0.462161
721,10,0.406025
721,11,0.422172
721,12,0.411744
721,13,0.422172
721,14,0.411744
721,15,0.426345
722,1,0.533703
722,2,0.435590
722,3,0.411744
722,4,0.435590
722,5,0.411744
722,6,0.532282
722,7,0.525622
722,8,0.426354
722,9,0.497424
722,10,0.426354
722,11,0.405085
722,12,0.411744
722,13,0.523915
722,14,0.532282
722,15,0.426354
723,1,0.506369
723,2,0.426354
723,3,0.405085
723,4,0.443143
723,5,0.406025
723,6,0.426345
723,7,0.533703
723,8,0.435590
723,9,0.411744
723,10,0.434848
723,11,0.435590
723,12,0.411744
723,13,0.426345
723,14,0.426354
723,15,0.405085
724,1,0.406025
724,2,0.426345
724,3,0.426354
724,4,0.405085
724,5,0.443143
724,6,0.406025
724,7,0.426345
724,8,0.533703
724,9,0.479353
724,10,0.434589
724,11,0.405085
724,12,0.406025
724,13,0.426345
724,14,0.533703
724,15,0.532282
725,1,0.426354
725,2,0.411744
725,3,0.422172
725,4,0.506369
725,5,0.533703
725,6,0.557947
725,7,0.450736
725,8,0.453748
725,9,0.406025
725,10,0.422172
725,11,0.411744
725,12,0.489181
725,13,0.547988
725,14,0.435590
725,15,0.411744
726,1,0.422172
726,2,0.405085
726,3,0.406025
726,4,0.426345
726,5,0.525622
726,6,0.533703
726,7,0.435590
726,8,0.405085
726,9,0.406025
726,10,0.422172
726,11,0.411744
726,12,0.426345
726,13,0.426354
726,14,0.411744
726,15,0.434848
727,1,0.435590
727,2,0.405085
727,3,0.443143
727,4,0.406025
727,5,0.463993
727,6,0.547988
727,7,0.523915
727,8,0.450736
727,9,0.486491
727,10,0.426354
727,11,0.411744
727,12,0.434848
727,13,0.523915
727,14,0.523915
727,15,0.532282
728,1,0.525622
728,2,0.525622
728,3,0.426354
728,4,0.411744
728,5,0.437963
728,6,0.506369
728,7,0.335048
728,8,0.411744
728,9,0.451927
728,10,0.471702
728,11,0.547988
728,12,0.532282
728,13,0.525622
728,14,0.426354
728,15,0.506369
729,1,0.525622
729,2,0.533703
729,3,0.523915
729,4,0.565180
729,5,0.532282
729,6,0.426354
729,7,0.405085
729,8,0.415796
729,9,0.467123
729,10,0.405085
729,11,0.415796
729,12,0.451013
729,13,0.535952
729,14,0.535827
729,15,0.525622
730,1,0.533703
730,2,0.450098
730,3,0.574110
730,4,0.411744
730,5,0.523915
730,6,0.435590
730,7,0.506369
730,8,0.467123
730,9,0.405085
730,10,0.406025
730,11,0.434848
730,12,0.435590
730,13,0.506369
730,14,0.426527
730,15,0.426354
731,1,0.506369
731,2,0.426354
731,3,0.506369
731,4,0.533703
731,5,0.532282
731,6,0.426354
731,7,0.478695
731,8,0.405085
731,9,0.506369
731,10,0.467123
731,11,0.405085
731,12,0.443143
731,13,0.397650
731,14,0.411744
731,15,0.523915
732,1,0.523915
732,2,0.523915
732,3,0.532282
732,4,0.533703
732,5,0.523915
732,6,0.500261
732,7,0.523915
732,8,0.532282
732,9,0.533703
732,10,0.473956
732,11,0.435590
732,12,0.411744
732,13,0.426345
732,14,0.426354
732,15,0.431107
733,1,0.415796
733,2,0.467123
733,3,0.411744
733,4,0.434848
733,5,0.523915
733,6,0.532282
733,7,0.525622
733,8,0.525622
733,9,0.426354
733,10,0.506369
733,11,0.426527
733,12,0.525622
733,13,0.426354
733,14,0.506369
733,15,0.459971
734,1,0.509730
734,2,0.547988
734,3,0.523915
734,4,0.486746
734,5,0.434589
734,6,0.411744
734,7,0.422172
734,8,0.431041
734,9,0.498746
734,10,0.426354
734,11,0.430537
734,12,0.426345
734,13,0.533703
734,14,0.435590
734,15,0.411744
735,1,0.422172
735,2,0.415796
735,3,0.426527
735,4,0.533703
735,5,0.532282
735,6,0.525622
735,7,0.533703
735,8,0.397650
735,9,0.574110
735,10,0.525622
735,11,0.533703
735,12,0.525749
735,13,0.525622
735,14,0.525622
735,15,0.533703
736,1,0.523915
736,2,0.523915
736,3,0.443065
736,4,0.574110
736,5,0.426354
736,6,0.430476
736,7,0.415796
736,8,0.451013
736,9,0.557947
736,10,0.532282
736,11,0.525622
736,12,0.426354
736,13,0.430476
736,14,0.443143
736,15,0.415796
737,1,0.451013
737,2,0.474816
737,3,0.435590
737,4,0.411744
737,5,0.422172
737,6,0.405085
737,7,0.406025
737,8,0.434848
737,9,0.523915
737,10,0.435590
737,11,0.405085
737,12,0.443143
737,13,0.443862
737,14,0.422172
737,15,0.506369
738,1,0.451013
738,2,0.523915
738,3,0.523915
738,4,0.523915
738,5,0.435590
738,6,0.506369
738,7,0.461155
738,8,0.426354
738,9,0.506369
738,10,0.451013
738,11,0.523915
738,12,0.532282
738,13,0.525622
738,14,0.533703
738,15,0.523915
739,1,0.532282
739,2,0.426354
739,3,0.426046
739,4,0.426527
739,5,0.525622
739,6,0.525622
739,7,0.525622
739,8,0.525622
739,9,0.533703
739,10,0.464966
739,11,0.533703
739,12,0.523915
739,13,0.535827
739,14,0.533703
739,15,0.532282
740,1,0.464078
740,2,0.411744
740,3,0.426345
740,4,0.426354
740,5,0.430476
740,6,0.415796
740,7,0.451013
740,8,0.557947
740,9,0.523915
740,10,0.532282
740,11,0.533703
740,12,0.435590
740,13,0.405085
740,14,0.415796
740,15,0.426527
741,1,0.525622
741,2,0.426354
741,3,0.411744
741,4,0.422172
741,5,0.405629
741,6,0.525622
741,7,0.426354
741,8,0.405085
741,9,0.443143
741,10,0.415796
741,11,0.489181
741,12,0.434589
741,13,0.405085
741,14,0.451973
741,15,0.433041
742,1,0.435590
742,2,0.506369
742,3,0.466898
742,4,0.411744
742,5,0.434848
742,6,0.480004
742,7,0.523915
742,8,0.435590
742,9,0.506369
742,10,0.451013
742,11,0.523915
742,12,0.532282
742,13,0.426354
742,14,0.411744
742,15,0.426345
743,1,0.495783
743,2,0.547988
743,3,0.523915
743,4,0.435590
743,5,0.411744
743,6,0.422172
743,7,0.506369
743,8,0.467925
743,9,0.405085
743,10,0.443143
743,11,0.443143
743,12,0.443143
743,13,0.406025
743,14,0.434848
743,15,0.435590
744,1,0.405085
744,2,0.443143
744,3,0.406025
744,4,0.436243
744,5,0.311421
744,6,0.506369
744,7,0.525622
744,8,0.426354
744,9,0.506369
744,10,0.467123
744,11,0.405085
744,12,0.443143
744,13,0.415796
744,14,0.525622
744,15,0.533703
745,1,0.523915
745,2,0.478549
745,3,0.525622
745,4,0.533703
745,5,0.435590
745,6,0.405085
745,7,0.406025
745,8,0.434848
745,9,0.523915
745,10,0.532282
745,11,0.525622
745,12,0.426354
745,13,0.405085
745,14,0.457618
745,15,0.422172
746,1,0.405085
746,2,0.415796
746,3,0.426527
746,4,0.533703
746,5,0.532282
746,6,0.525622
746,7,0.533703
746,8,0.534946
746,9,0.574110
746,10,0.533703
746,11,0.532282
746,12,0.475782
746,13,0.435590
746,14,0.506369
746,15,0.426527
747,1,0.533703
747,2,0.532282
747,3,0.525622
747,4,0.426354
747,5,0.411744
747,6,0.422172
747,7,0.405085
747,8,0.443143
747,9,0.443143
747,10,0.406025
747,11,0.426345
747,12,0.525622
747,13,0.533703
747,14,0.435590
747,15,0.405085
748,1,0.443143
748,2,0.406025
748,3,0.422172
748,4,0.453748
748,5,0.415796
748,6,0.451013
748,7,0.525457
748,8,0.450736
748,9,0.411744
748,10,0.426345
748,11,0.525622
748,12,0.489005
748,13,0.574110
748,14,0.525622
748,15,0.426354
749,1,0.405085
749,2,0.406025
749,3,0.422172
749,4,0.506369
749,5,0.533703
749,6,0.532282
749,7,0.533703
749,8,0.532282
749,9,0.426354
749,10,0.405085
749,11,0.443143
749,12,0.406025
749,13,0.434848
749,14,0.435590
749,15,0.405085
750,1,0.406025
750,2,0.434848
750,3,0.532282
750,4,0.426354
750,5,0.405085
750,6,0.406025
750,7,0.434848
750,8,0.478549
750,9,0.426354
750,10,0.442525
750,11,0.443143
750,12,0.415796
750,13,0.525622
750,14,0.533703
750,15,0.456475
751,1,0.574110
751,2,0.448156
751,3,0.405085
751,4,0.406025
751,5,0.422172
751,6,0.411744
751,7,0.434848
751,8,0.435590
751,9,0.411744
751,10,0.434848
751,11,0.508441
751,12,0.435590
751,13,0.453644
751,14,0.434848
751,15,0.422172
752,1,0.411744
752,2,0.426345
752,3,0.525622
752,4,0.533703
752,5,0.435590
752,6,0.431041
752,7,0.422172
752,8,0.405629
752,9,0.426527
752,10,0.529150
752,11,0.533703
752,12,0.557947
752,13,0.532282
752,14,0.534946
752,15,0.434589
753,1,0.405085
753,2,0.415796
753,3,0.471691
753,4,0.525622
753,5,0.426354
753,6,0.411744
753,7,0.422172
753,8,0.405085
753,9,0.406025
753,10,0.426345
753,11,0.426354
753,12,0.506369
753,13,0.451013
753,14,0.435590
753,15,0.405085
754,1,0.415796
754,2,0.467123
754,3,0.430476
754,4,0.406025
754,5,0.434848
754,6,0.435590
754,7,0.431041
754,8,0.422172
754,9,0.453748
754,10,0.406025
754,11,0.434848
754,12,0.436940
754,13,0.574110
754,14,0.533703
754,15,0.532282
755,1,0.525622
755,2,0.488714
755,3,0.533703
755,4,0.435590
755,5,0.411744
755,6,0.486480
755,7,0.523915
755,8,0.532282
755,9,0.306039
755,10,0.426354
755,11,0.469325
755,12,0.406025
755,13,0.435123
755,14,0.405085
755,15,0.443143
756,1,0.406025
756,2,0.426345
756,3,0.498768
756,4,0.426354
756,5,0.405085
756,6,0.443143
756,7,0.406025
756,8,0.426345
756,9,0.525622
756,10,0.533703
756,11,0.523915
756,12,0.532282
756,13,0.426354
756,14,0.430476
756,15,0.415796
757,1,0.467123
757,2,0.506369
757,3,0.467123
757,4,0.426046
757,5,0.451013
757,6,0.435590
757,7,0.506369
757,8,0.451013
757,9,0.523915
757,10,0.523915
757,11,0.565180
757,12,0.535827
757,13,0.525622
757,14,0.525622
757,15,0.426354
758,1,0.506369
758,2,0.426527
758,3,0.426354
758,4,0.430537
758,5,0.426345
758,6,0.525622
758,7,0.525622
758,8,0.426354
758,9,0.506369
758,10,0.426527
758,11,0.426354
758,12,0.495545
758,13,0.405085
758,14,0.411744
758,15,0.457129
759,1,0.435590
759,2,0.506369
759,3,0.426527
759,4,0.525622
759,5,0.533703
759,6,0.532282
759,7,0.525622
759,8,0.525622
759,9,0.533703
759,10,0.523915
759,11,0.532282
759,12,0.533703
759,13,0.435590
759,14,0.506369
759,15,0.426354
760,1,0.405085
760,2,0.415796
760,3,0.467123
760,4,0.411744
760,5,0.426345
760,6,0.533703
760,7,0.532282
760,8,0.426354
760,9,0.405085
760,10,0.415796
760,11,0.451013
760,12,0.523915
760,13,0.565180
760,14,0.521623
760,15,0.532282
761,1,0.426354
761,2,0.430537
761,3,0.422172
761,4,0.453748
761,5,0.406025
761,6,0.426345
761,7,0.533703
761,8,0.523915
761,9,0.532282
761,10,0.525622
761,11,0.533703
761,12,0.523915
761,13,0.523915
761,14,0.523915
761,15,0.532282
762,1,0.533703
762,2,0.435590
762,3,0.405629
762,4,0.467123
762,5,0.430537
762,6,0.463993
762,7,0.547988
762,8,0.435590
762,9,0.405085
762,10,0.415796
762,11,0.426527
762,12,0.426354
762,13,0.500078
762,14,0.467123
762,15,0.405085
763,1,0.415796
763,2,0.451013
763,3,0.450098
763,4,0.405085
763,5,0.415796
763,6,0.451013
763,7,0.435590
763,8,0.405085
763,9,0.406723
763,10,0.451013
763,11,0.532282
763,12,0.525622
763,13,0.533703
763,14,0.435590
763,15,0.495545
764,1,0.405085
764,2,0.405085
764,3,0.443143
764,4,0.415796
764,5,0.451013
764,6,0.523915
764,7,0.450736
764,8,0.405629
764,9,0.451013
764,10,0.532282
764,11,0.426354
764,12,0.405085
764,13,0.450785
764,14,0.422172
764,15,0.405629
765,1,0.464451
765,2,0.520657
765,3,0.435590
765,4,0.533487
765,5,0.506369
765,6,0.525622
765,7,0.426354
765,8,0.411744
765,9,0.422172
765,10,0.506369
765,11,0.451013
765,12,0.450098
765,13,0.453748
765,14,0.443143
765,15,0.406025
766,1,0.422172
766,2,0.411744
766,3,0.422172
766,4,0.405085
766,5,0.443143
766,6,0.443143
766,7,0.415796
766,8,0.426527
766,9,0.426354
766,10,0.411744
766,11,0.422172
766,12,0.506369
766,13,0.426527
766,14,0.525622
766,15,0.426354
767,1,0.411744
767,2,0.426345
767,3,0.454583
767,4,0.411744
767,5,0.426345
767,6,0.525622
767,7,0.525622
767,8,0.426354
767,9,0.405085
767,10,0.406025
767,11,0.426345
767,12,0.533703
767,13,0.532282
767,14,0.525622
767,15,0.533703
768,1,0.435590
768,2,0.506369
768,3,0.467123
768,4,0.405085
768,5,0.415796
768,6,0.426527
768,7,0.533703
768,8,0.523915
768,9,0.450736
768,10,0.453748
768,11,0.406025
768,12,0.422172
768,13,0.431041
768,14,0.434848
768,15,0.523915
769,1,0.473335
769,2,0.434589
769,3,0.532282
769,4,0.426354
769,5,0.506369
769,6,0.451013
769,7,0.435590
769,8,0.452010
769,9,0.451013
769,10,0.532282
769,11,0.467489
769,12,0.488926
769,13,0.574110
769,14,0.533703
769,15,0.435590
770,1,0.506369
770,2,0.426527
770,3,0.426354
770,4,0.430476
770,5,0.415796
770,6,0.426527
770,7,0.525622
770,8,0.426354
770,9,0.405085
770,10,0.443143
770,11,0.406723
770,12,0.426527
770,13,0.426354
770,14,0.451892
770,15,0.406025
771,1,0.422172
771,2,0.411744
771,3,0.422172
771,4,0.405629
771,5,0.467123
771,6,0.411744
771,7,0.437963
771,8,0.411744
771,9,0.422172
771,10,0.411744
771,11,0.434848
771,12,0.506117
771,13,0.494256
771,14,0.434589
771,15,0.506369
772,1,0.467123
772,2,0.506369
772,3,0.426527
772,4,0.525622
772,5,0.426354
772,6,0.506369
772,7,0.467123
772,8,0.405085
772,9,0.406025
772,10,0.422172
772,11,0.405085
772,12,0.415796
772,13,0.452110
772,14,0.426354
772,15,0.411744
773,1,0.426345
773,2,0.533703
773,3,0.532282
773,4,0.478695
773,5,0.574110
773,6,0.426354
773,7,0.506369
773,8,0.451013
773,9,0.523915
773,10,0.565180
773,11,0.435590
773,12,0.405629
773,13,0.426354
773,14,0.411744
773,15,0.434848
774,1,0.435590
774,2,0.411744
774,3,0.434848
774,4,0.523915
774,5,0.450736
774,6,0.453748
774,7,0.466824
774,8,0.506369
774,9,0.426354
774,10,0.405085
774,11,0.406025
774,12,0.433041
774,13,0.523915
774,14,0.535827
774,15,0.525622
775,1,0.525622
775,2,0.426354
775,3,0.506369
775,4,0.451013
775,5,0.525749
775,6,0.525622
775,7,0.520999
775,8,0.533703
775,9,0.435590
775,10,0.430193
775,11,0.422172
775,12,0.405085
775,13,0.443143
775,14,0.406025
775,15,0.435123
776,1,0.411744
776,2,0.434848
776,3,0.532282
776,4,0.533703
776,5,0.532282
776,6,0.525622
776,7,0.426354
776,8,0.506369
776,9,0.426527
776,10,0.426354
776,11,0.430476
776,12,0.443143
776,13,0.406025
776,14,0.426345
776,15,0.426354
777,1,0.506369
777,2,0.426527
777,3,0.533703
777,4,0.450098
777,5,0.506369
777,6,0.467123
777,7,0.443065
777,8,0.411744
777,9,0.523915
777,10,0.523915
777,11,0.435590
777,12,0.411744
777,13,0.422172
777,14,0.405629
777,15,0.426527
778,1,0.533703
778,2,0.523915
778,3,0.565180
778,4,0.434589
778,5,0.435590
778,6,0.405085
778,7,0.406025
778,8,0.434848
778,9,0.532282
778,10,0.525622
778,11,0.525622
778,12,0.426354
778,13,0.506369
778,14,0.525622
778,15,0.525622
779,1,0.547988
779,2,0.547988
779,3,0.435590
779,4,0.405085
779,5,0.443143
779,6,0.406025
779,7,0.426345
779,8,0.533703
779,9,0.475433
779,10,0.506369
779,11,0.451013
779,12,0.435590
779,13,0.405085
779,14,0.406025
779,15,0.422172
780,1,0.431041
780,2,0.434848
780,3,0.435590
780,4,0.411744
780,5,0.434848
780,6,0.523915
780,7,0.523915
780,8,0.535827
780,9,0.533703
780,10,0.523915
780,11,0.435590
780,12,0.431041
780,13,0.426345
780,14,0.426354
780,15,0.430476
781,1,0.406025
781,2,0.422172
781,3,0.411744
781,4,0.426345
781,5,0.525622
781,6,0.525622
781,7,0.525622
781,8,0.426354
781,9,0.430476
781,10,0.443143
781,11,0.415796
781,12,0.426527
781,13,0.533703
781,14,0.523915
781,15,0.565180
782,1,0.435590
782,2,0.405085
782,3,0.406025
782,4,0.422172
782,5,0.411744
782,6,0.422172
782,7,0.506369
782,8,0.533703
782,9,0.435590
782,10,0.405085
782,11,0.426635
782,12,0.422172
782,13,0.405085
782,14,0.443143
782,15,0.406025
783,1,0.426345
783,2,0.525622
783,3,0.533703
783,4,0.532282
783,5,0.533703
783,6,0.523915
783,7,0.523915
783,8,0.532282
783,9,0.426354
783,10,0.411744
783,11,0.434848
783,12,0.532282
783,13,0.533703
783,14,0.435590
783,15,0.411744
784,1,0.532282
784,2,0.426354
784,3,0.411744
784,4,0.434848
784,5,0.523915
784,6,0.535827
784,7,0.533703
784,8,0.525749
784,9,0.494256
784,10,0.426354
784,11,0.506369
784,12,0.525622
784,13,0.525622
784,14,0.525622
784,15,0.426354
785,1,0.405085
785,2,0.506369
785,3,0.525622
785,4,0.426354
785,5,0.506369
785,6,0.525622
785,7,0.525622
785,8,0.426354
785,9,0.506369
785,10,0.426354
785,11,0.506369
785,12,0.525622
785,13,0.525622
785,14,0.426354
785,15,0.405085
786,1,0.506369
786,2,0.533703
786,3,0.523915
786,4,0.523915
786,5,0.532282
786,6,0.525622
786,7,0.426354
786,8,0.405085
786,9,0.506369
786,10,0.525622
786,11,0.508753
786,12,0.547988
786,13,0.523915
786,14,0.523915
786,15,0.435590
787,1,0.411744
787,2,0.523915
787,3,0.523915
787,4,0.435590
787,5,0.405085
787,6,0.405085
787,7,0.405085
787,8,0.522986
787,9,0.434589
787,10,0.411744
787,11,0.435590
787,12,0.405085
787,13,0.411744
787,14,0.532282
787,15,0.426354
788,1,0.506369
788,2,0.426354
788,3,0.506369
788,4,0.533703
788,5,0.523915
788,6,0.523915
788,7,0.523915
788,8,0.523915
788,9,0.523915
788,10,0.523915
788,11,0.435590
788,12,0.405085
788,13,0.443143
788,14,0.411744
788,15,0.523915
789,1,0.532282
789,2,0.533703
789,3,0.532282
789,4,0.525622
789,5,0.531294
789,6,0.434589
789,7,0.405085
789,8,0.506369
789,9,0.533703
789,10,0.435590
789,11,0.405085
789,12,0.463993
789,13,0.434589
789,14,0.405085
789,15,0.405085
790,1,0.443143
790,2,0.405085
790,3,0.506369
790,4,0.525622
790,5,0.426354
790,6,0.411744
790,7,0.523915
790,8,0.532282
790,9,0.525622
790,10,0.533703
790,11,0.532282
790,12,0.489005
790,13,0.547988
790,14,0.435590
790,15,0.506369
791,1,0.426354
791,2,0.506369
791,3,0.426354
791,4,0.405085
791,5,0.506369
791,6,0.533703
791,7,0.532282
791,8,0.525622
791,9,0.525622
791,10,0.525622
791,11,0.533703
791,12,0.435590
791,13,0.405085
791,14,0.411744
791,15,0.472171
792,1,0.405085
792,2,0.506369
792,3,0.533703
792,4,0.532282
792,5,0.426354
792,6,0.411744
792,7,0.426345
792,8,0.533703
792,9,0.523915
792,10,0.435590
792,11,0.405085
792,12,0.506369
792,13,0.426354
792,14,0.411744
792,15,0.532282
793,1,0.533703
793,2,0.532282
793,3,0.525622
793,4,0.533703
793,5,0.532282
793,6,0.533703
793,7,0.484272
793,8,0.532282
793,9,0.426354
793,10,0.405085
793,11,0.506369
793,12,0.533703
793,13,0.435590
793,14,0.405085
793,15,0.506369
794,1,0.525622
794,2,0.533703
794,3,0.532282
794,4,0.533703
794,5,0.523915
794,6,0.435590
794,7,0.405085
794,8,0.506369
794,9,0.525622
794,10,0.426354
794,11,0.405085
794,12,0.522986
794,13,0.547988
794,14,0.532282
794,15,0.533703
795,1,0.435590
795,2,0.405085
795,3,0.411744
795,4,0.532282
795,5,0.426354
795,6,0.506369
795,7,0.525622
795,8,0.525622
795,9,0.525622
795,10,0.533703
795,11,0.435590
795,12,0.380913
795,13,0.506369
795,14,0.533703
795,15,0.532282
796,1,0.533703
796,2,0.523915
796,3,0.532282
796,4,0.464451
796,5,0.547988
796,6,0.435590
796,7,0.506369
796,8,0.453735
796,9,0.405085
796,10,0.405085
796,11,0.506369
796,12,0.426354
796,13,0.411744
796,14,0.435590
796,15,0.506369
797,1,0.525622
797,2,0.525622
797,3,0.426354
797,4,0.405085
797,5,0.415796
797,6,0.533703
797,7,0.523915
797,8,0.469798
797,9,0.452202
797,10,0.498620
797,11,0.547988
797,12,0.523915
797,13,0.435590
797,14,0.506369
797,15,0.426354
798,1,0.438229
798,2,0.547988
798,3,0.532282
798,4,0.426354
798,5,0.411744
798,6,0.464327
798,7,0.506369
798,8,0.426354
798,9,0.506369
798,10,0.426354
798,11,0.531294
798,12,0.574110
798,13,0.525622
798,14,0.397650
798,15,0.547988
799,1,0.435590
799,2,0.506369
799,3,0.525622
799,4,0.525622
799,5,0.426354
799,6,0.411744
799,7,0.532282
799,8,0.426354
799,9,0.506369
799,10,0.498291
799,11,0.574110
799,12,0.426354
799,13,0.411744
799,14,0.523915
799,15,0.532282
800,1,0.426354
800,2,0.411744
800,3,0.523915
800,4,0.435590
800,5,0.405085
800,6,0.405085
800,7,0.411744
800,8,0.435590
800,9,0.411744
800,10,0.532282
800,11,0.525622
800,12,0.533703
800,13,0.521767
800,14,0.574110
800,15,0.533703
801,1,0.532282
801,2,0.533703
801,3,0.523915
801,4,0.435590
801,5,0.506369
801,6,0.533703
801,7,0.435590
801,8,0.506369
801,9,0.525622
801,10,0.525622
801,11,0.525622
801,12,0.512167
801,13,0.574110
801,14,0.426354
801,15,0.506369
802,1,0.533703
802,2,0.532282
802,3,0.533703
802,4,0.532282
802,5,0.426354
802,6,0.506369
802,7,0.525622
802,8,0.426354
802,9,0.405085
802,10,0.506369
802,11,0.525622
802,12,0.525622
802,13,0.533703
802,14,0.435590
802,15,0.474816
803,1,0.574110
803,2,0.426354
803,3,0.489181
803,4,0.434589
803,5,0.405085
803,6,0.411744
803,7,0.532282
803,8,0.426354
803,9,0.506369
803,10,0.533703
803,11,0.464327
803,12,0.405085
803,13,0.411744
803,14,0.435590
803,15,0.411744
804,1,0.532282
804,2,0.533703
804,3,0.435590
804,4,0.405085
804,5,0.443143
804,6,0.411744
804,7,0.435590
804,8,0.411744
804,9,0.426345
804,10,0.533703
804,11,0.523915
804,12,0.443065
804,13,0.574110
804,14,0.525622
804,15,0.533703
805,1,0.532282
805,2,0.495545
805,3,0.434589
805,4,0.506369
805,5,0.533703
805,6,0.435590
805,7,0.506369
805,8,0.525622
805,9,0.529404
805,10,0.533703
805,11,0.523915
805,12,0.523915
805,13,0.435590
805,14,0.506369
805,15,0.525622
806,1,0.525622
806,2,0.525622
806,3,0.525622
806,4,0.426354
806,5,0.506369
806,6,0.525622
806,7,0.533703
806,8,0.523915
806,9,0.456892
806,10,0.411744
806,11,0.532282
806,12,0.525622
806,13,0.426354
806,14,0.405085
806,15,0.405085
807,1,0.405085
807,2,0.411744
807,3,0.532282
807,4,0.525622
807,5,0.426354
807,6,0.411744
807,7,0.434848
807,8,0.435590
807,9,0.411744
807,10,0.532282
807,11,0.426354
807,12,0.506369
807,13,0.426354
807,14,0.411744
807,15,0.435590
808,1,0.411744
808,2,0.523915
808,3,0.435590
808,4,0.405085
808,5,0.443143
808,6,0.506369
808,7,0.533703
808,8,0.435590
808,9,0.492478
808,10,0.434589
808,11,0.506369
808,12,0.426354
808,13,0.405085
808,14,0.506369
808,15,0.533703
809,1,0.532282
809,2,0.426354
809,3,0.405085
809,4,0.405085
809,5,0.411744
809,6,0.523915
809,7,0.532282
809,8,0.533703
809,9,0.523915
809,10,0.523915
809,11,0.523915
809,12,0.435590
809,13,0.506369
809,14,0.426354
809,15,0.411744
810,1,0.435590
810,2,0.405085
810,3,0.506369
810,4,0.426354
810,5,0.411744
810,6,0.523915
810,7,0.532282
810,8,0.426354
810,9,0.454158
810,10,0.405085
810,11,0.405085
810,12,0.405085
810,13,0.405085
810,14,0.405085
810,15,0.506369
811,1,0.525622
811,2,0.426354
811,3,0.506369
811,4,0.533703
811,5,0.532282
811,6,0.533703
811,7,0.435590
811,8,0.506369
811,9,0.533703
811,10,0.523915
811,11,0.523915
811,12,0.523915
811,13,0.523915
811,14,0.523915
811,15,0.435590
812,1,0.405085
812,2,0.519457
812,3,0.547988
812,4,0.532282
812,5,0.490699
812,6,0.523915
812,7,0.523915
812,8,0.532282
812,9,0.533703
812,10,0.435590
812,11,0.506369
812,12,0.533703
812,13,0.534058
812,14,0.547988
812,15,0.532282
813,1,0.426354
813,2,0.405085
813,3,0.415796
813,4,0.533703
813,5,0.435590
813,6,0.405085
813,7,0.405085
813,8,0.411744
813,9,0.532282
813,10,0.525622
813,11,0.426354
813,12,0.405085
813,13,0.473956
813,14,0.532282
813,15,0.547988
814,1,0.532282
814,2,0.525622
814,3,0.426354
814,4,0.411744
814,5,0.422172
814,6,0.411744
814,7,0.523915
814,8,0.532282
814,9,0.426354
814,10,0.506369
814,11,0.533703
814,12,0.532282
814,13,0.525622
814,14,0.525622
814,15,0.426354
815,1,0.506369
815,2,0.525622
815,3,0.495545
815,4,0.547988
815,5,0.523915
815,6,0.532282
815,7,0.473956
815,8,0.434589
815,9,0.405085
815,10,0.405085
815,11,0.492478
815,12,0.547988
815,13,0.532282
815,14,0.533703
815,15,0.532282
816,1,0.426354
816,2,0.506369
816,3,0.533703
816,4,0.435590
816,5,0.405085
816,6,0.411744
816,7,0.523915
816,8,0.532282
816,9,0.426354
816,10,0.506369
816,11,0.525622
816,12,0.426354
816,13,0.405085
816,14,0.411744
816,15,0.434848
817,1,0.435590
817,2,0.506369
817,3,0.533703
817,4,0.435590
817,5,0.506369
817,6,0.533703
817,7,0.435590
817,8,0.506369
817,9,0.426354
817,10,0.506369
817,11,0.533703
817,12,0.459015
817,13,0.405085
817,14,0.488311
817,15,0.574110
818,1,0.533703
818,2,0.523915
818,3,0.532282
818,4,0.533703
818,5,0.532282
818,6,0.525622
818,7,0.426354
818,8,0.506369
818,9,0.533703
818,10,0.532282
818,11,0.426354
818,12,0.405085
818,13,0.411744
818,14,0.435590
818,15,0.411744
819,1,0.435590
819,2,0.506369
819,3,0.533703
819,4,0.523915
819,5,0.501347
819,6,0.547988
819,7,0.523915
819,8,0.523915
819,9,0.523915
819,10,0.523915
819,11,0.532282
819,12,0.496465
819,13,0.434260
819,14,0.405085
819,15,0.405085
820,1,0.405085
820,2,0.405085
820,3,0.405085
820,4,0.405085
820,5,0.506369
820,6,0.525622
820,7,0.426354
820,8,0.405085
820,9,0.406025
820,10,0.523915
820,11,0.532282
820,12,0.525622
820,13,0.464451
820,14,0.574110
820,15,0.525622
821,1,0.488714
821,2,0.434589
821,3,0.405085
821,4,0.406025
821,5,0.426345
821,6,0.533703
821,7,0.435590
821,8,0.405085
821,9,0.443143
821,10,0.411744
821,11,0.523915
821,12,0.508753
821,13,0.574110
821,14,0.426354
821,15,0.411744
822,1,0.434848
822,2,0.523915
822,3,0.499956
822,4,0.434589
822,5,0.506369
822,6,0.533703
822,7,0.532282
822,8,0.456565
822,9,0.411744
822,10,0.435590
822,11,0.506369
822,12,0.525622
822,13,0.533703
822,14,0.532282
822,15,0.426354
823,1,0.405085
823,2,0.506369
823,3,0.533703
823,4,0.435590
823,5,0.405085
823,6,0.405085
823,7,0.506369
823,8,0.533703
823,9,0.523915
823,10,0.532282
823,11,0.426354
823,12,0.506369
823,13,0.426354
823,14,0.405085
823,15,0.405085
824,1,0.411744
824,2,0.523915
824,3,0.435590
824,4,0.411744
824,5,0.523915
824,6,0.488266
824,7,0.574110
824,8,0.525622
824,9,0.426354
824,10,0.452010
824,11,0.525622
824,12,0.533703
824,13,0.523915
824,14,0.523915
824,15,0.435590
825,1,0.405085
825,2,0.506369
825,3,0.533703
825,4,0.435590
825,5,0.506369
825,6,0.533703
825,7,0.523915
825,8,0.523915
825,9,0.523915
825,10,0.523915
825,11,0.435590
825,12,0.463993
825,13,0.456534
825,14,0.459558
825,15,0.405085
826,1,0.405085
826,2,0.405085
826,3,0.506369
826,4,0.533703
826,5,0.532282
826,6,0.533703
826,7,0.514032
826,8,0.426354
826,9,0.405085
826,10,0.411744
826,11,0.532282
826,12,0.525622
826,13,0.525622
826,14,0.525622
826,15,0.533703
827,1,0.523915
827,2,0.523915
827,3,0.523915
827,4,0.532282
827,5,0.426354
827,6,0.506369
827,7,0.426354
827,8,0.411744
827,9,0.422172
827,10,0.506369
827,11,0.426354
827,12,0.506369
827,13,0.533703
827,14,0.523915
827,15,0.532282
828,1,0.525622
828,2,0.426354
828,3,0.411744
828,4,0.435590
828,5,0.506369
828,6,0.467123
828,7,0.411744
828,8,0.523915
828,9,0.435590
828,10,0.411744
828,11,0.523915
828,12,0.435590
828,13,0.438229
828,14,0.405085
828,15,0.405085
829,1,0.405085
829,2,0.411744
829,3,0.523915
829,4,0.532282
829,5,0.525622
829,6,0.533703
829,7,0.435590
829,8,0.405085
829,9,0.443143
829,10,0.405085
829,11,0.506369
829,12,0.426354
829,13,0.405085
829,14,0.415796
829,15,0.525622
830,1,0.533703
830,2,0.523915
830,3,0.532282
830,4,0.453735
830,5,0.411744
830,6,0.435590
830,7,0.506369
830,8,0.525622
830,9,0.525622
830,10,0.525622
830,11,0.436940
830,12,0.434589
830,13,0.411744
830,14,0.532282
830,15,0.533703
831,1,0.435590
831,2,0.411744
831,3,0.435590
831,4,0.405085
831,5,0.443143
831,6,0.405085
831,7,0.415796
831,8,0.426354
831,9,0.506369
831,10,0.426354
831,11,0.411744
831,12,0.523915
831,13,0.532282
831,14,0.426354
831,15,0.405085
832,1,0.506369
832,2,0.525622
832,3,0.533703
832,4,0.523915
832,5,0.435590
832,6,0.405085
832,7,0.506369
832,8,0.525622
832,9,0.464078
832,10,0.479866
832,11,0.435590
832,12,0.405085
832,13,0.405085
832,14,0.405085
832,15,0.406025
833,1,0.532282
833,2,0.525622
833,3,0.525622
833,4,0.426354
833,5,0.506369
833,6,0.426354
833,7,0.506369
833,8,0.525622
833,9,0.533703
833,10,0.532282
833,11,0.533703
833,12,0.532282
833,13,0.525622
833,14,0.533703
833,15,0.435590
834,1,0.411744
834,2,0.492966
834,3,0.434589
834,4,0.432268
834,5,0.506369
834,6,0.525622
834,7,0.426354
834,8,0.506369
834,9,0.533703
834,10,0.435590
834,11,0.405085
834,12,0.406025
834,13,0.435590
834,14,0.506369
834,15,0.533703
835,1,0.523915
835,2,0.532282
835,3,0.533703
835,4,0.523915
835,5,0.435590
835,6,0.405085
835,7,0.405085
835,8,0.411744
835,9,0.519457
835,10,0.574110
835,11,0.533703
835,12,0.435590
835,13,0.506369
835,14,0.426354
835,15,0.506369
836,1,0.525622
836,2,0.533703
836,3,0.532282
836,4,0.525622
836,5,0.426354
836,6,0.405085
836,7,0.506369
836,8,0.426354
836,9,0.411744
836,10,0.426345
836,11,0.426354
836,12,0.411744
836,13,0.523915
836,14,0.523915
836,15,0.523915
837,1,0.435590
837,2,0.411744
837,3,0.532282
837,4,0.507405
837,5,0.435590
837,6,0.411744
837,7,0.426345
837,8,0.525622
837,9,0.533703
837,10,0.532282
837,11,0.426354
837,12,0.405085
837,13,0.506369
837,14,0.533703
837,15,0.504142
838,1,0.435590
838,2,0.506369
838,3,0.426354
838,4,0.411744
838,5,0.435590
838,6,0.506369
838,7,0.525622
838,8,0.525622
838,9,0.466824
838,10,0.574110
838,11,0.525622
838,12,0.426354
838,13,0.506369
838,14,0.533703
838,15,0.435590
839,1,0.405085
839,2,0.405085
839,3,0.405085
839,4,0.504507
839,5,0.506369
839,6,0.533703
839,7,0.435590
839,8,0.405085
839,9,0.443143
839,10,0.405085
839,11,0.506369
839,12,0.525622
839,13,0.525622
839,14,0.533703
839,15,0.435590
840,1,0.484233
840,2,0.435590
840,3,0.411744
840,4,0.523915
840,5,0.523915
840,6,0.435590
840,7,0.506369
840,8,0.533703
840,9,0.435590
840,10,0.411744
840,11,0.532282
840,12,0.525622
840,13,0.525622
840,14,0.426354
840,15,0.506369
841,1,0.426354
841,2,0.478695
841,3,0.574110
841,4,0.525622
841,5,0.525622
841,6,0.525622
841,7,0.533703
841,8,0.523915
841,9,0.435590
841,10,0.411744
841,11,0.532282
841,12,0.533703
841,13,0.523915
841,14,0.435590
841,15,0.506369
842,1,0.426354
842,2,0.506369
842,3,0.426354
842,4,0.405085
842,5,0.411744
842,6,0.523915
842,7,0.435590
842,8,0.405085
842,9,0.506369
842,10,0.473018
842,11,0.547988
842,12,0.532282
842,13,0.533703
842,14,0.532282
842,15,0.533703
843,1,0.532282
843,2,0.533703
843,3,0.435590
843,4,0.405085
843,5,0.506369
843,6,0.426354
843,7,0.405085
843,8,0.547988
843,9,0.411744
843,10,0.523915
843,11,0.523915
843,12,0.522483
843,13,0.532282
843,14,0.533703
843,15,0.523915
844,1,0.435590
844,2,0.405085
844,3,0.506369
844,4,0.533703
844,5,0.523915
844,6,0.532282
844,7,0.525622
844,8,0.533703
844,9,0.532282
844,10,0.525622
844,11,0.533703
844,12,0.532282
844,13,0.525622
844,14,0.525622
844,15,0.525622
845,1,0.426354
845,2,0.411744
845,3,0.435590
845,4,0.411744
845,5,0.523915
845,6,0.532282
845,7,0.426354
845,8,0.506369
845,9,0.525622
845,10,0.525622
845,11,0.426354
845,12,0.506369
845,13,0.426354
845,14,0.411744
845,15,0.435590
846,1,0.405085
846,2,0.506369
846,3,0.525622
846,4,0.525622
846,5,0.507051
846,6,0.474816
846,7,0.434589
846,8,0.411744
846,9,0.523915
846,10,0.523915
846,11,0.435590
846,12,0.506369
846,13,0.426354
846,14,0.411744
846,15,0.474816
847,1,0.434589
847,2,0.405085
847,3,0.498659
847,4,0.411744
847,5,0.532282
847,6,0.426354
847,7,0.405085
847,8,0.411744
847,9,0.523915
847,10,0.486746
847,11,0.547988
847,12,0.532282
847,13,0.533703
847,14,0.532282
847,15,0.525622
848,1,0.426354
848,2,0.411744
848,3,0.435590
848,4,0.493478
848,5,0.547988
848,6,0.523915
848,7,0.501347
848,8,0.434589
848,9,0.405085
848,10,0.506369
848,11,0.426354
848,12,0.506369
848,13,0.533703
848,14,0.435590
848,15,0.506369
849,1,0.525622
849,2,0.488479
849,3,0.434589
849,4,0.411744
849,5,0.523915
849,6,0.523915
849,7,0.435590
849,8,0.405085
849,9,0.443143
849,10,0.405085
849,11,0.411744
849,12,0.523915
849,13,0.532282
849,14,0.426354
849,15,0.506369
850,1,0.525622
850,2,0.533703
850,3,0.523915
850,4,0.435590
850,5,0.506369
850,6,0.426354
850,7,0.506369
850,8,0.533703
850,9,0.532282
850,10,0.525622
850,11,0.525622
850,12,0.525622
850,13,0.533703
850,14,0.523915
850,15,0.523915
851,1,0.435590
851,2,0.506369
851,3,0.533703
851,4,0.523915
851,5,0.532282
851,6,0.525622
851,7,0.533703
851,8,0.523915
851,9,0.532282
851,10,0.525622
851,11,0.463308
851,12,0.506369
851,13,0.426354
851,14,0.506369
851,15,0.533703
852,1,0.532282
852,2,0.525622
852,3,0.426354
852,4,0.405085
852,5,0.443143
852,6,0.405085
852,7,0.405085
852,8,0.405085
852,9,0.491652
852,10,0.434589
852,11,0.405085
852,12,0.411744
852,13,0.435590
852,14,0.506369
852,15,0.533703
853,1,0.523915
853,2,0.435590
853,3,0.466824
853,4,0.547988
853,5,0.532282
853,6,0.426354
853,7,0.506369
853,8,0.426354
853,9,0.482941
853,10,0.411744
853,11,0.532282
853,12,0.533703
853,13,0.435590
853,14,0.405085
853,15,0.475183
854,1,0.434589
854,2,0.411744
854,3,0.435590
854,4,0.506369
854,5,0.525622
854,6,0.533703
854,7,0.482941
854,8,0.531210
854,9,0.574110
854,10,0.533703
854,11,0.523915
854,12,0.450736
854,13,0.506369
854,14,0.525622
854,15,0.533703
855,1,0.523915
855,2,0.435590
855,3,0.411744
855,4,0.422172
855,5,0.506369
855,6,0.533703
855,7,0.523915
855,8,0.523915
855,9,0.435590
855,10,0.411744
855,11,0.523915
855,12,0.523915
855,13,0.532282
855,14,0.426354
855,15,0.504507
856,1,0.574110
856,2,0.426354
856,3,0.506369
856,4,0.426354
856,5,0.405085
856,6,0.443143
856,7,0.405085
856,8,0.411744
856,9,0.523915
856,10,0.435590
856,11,0.411744
856,12,0.532282
856,13,0.489005
856,14,0.574110
856,15,0.525622
857,1,0.525622
857,2,0.488893
857,3,0.523915
857,4,0.532282
857,5,0.426354
857,6,0.405085
857,7,0.482326
857,8,0.532282
857,9,0.533703
857,10,0.523915
857,11,0.435590
857,12,0.405085
857,13,0.405085
857,14,0.411744
857,15,0.532282
858,1,0.525622
858,2,0.525622
858,3,0.533703
858,4,0.435590
858,5,0.411744
858,6,0.435590
858,7,0.411744
858,8,0.523915
858,9,0.435590
858,10,0.405085
858,11,0.500261
858,12,0.529648
858,13,0.523915
858,14,0.523915
858,15,0.435590
859,1,0.411744
859,2,0.532282
859,3,0.426354
859,4,0.481201
859,5,0.506369
859,6,0.533703
859,7,0.532282
859,8,0.533703
859,9,0.466824
859,10,0.574110
859,11,0.533703
859,12,0.435590
859,13,0.411744
859,14,0.495545
859,15,0.434589
860,1,0.452355
860,2,0.426345
860,3,0.533703
860,4,0.456892
860,5,0.405085
860,6,0.411744
860,7,0.532282
860,8,0.525622
860,9,0.533703
860,10,0.435590
860,11,0.405085
860,12,0.485092
860,13,0.523915
860,14,0.523915
860,15,0.532282
861,1,0.574110
861,2,0.547988
861,3,0.435590
861,4,0.405085
861,5,0.506369
861,6,0.525622
861,7,0.426354
861,8,0.405085
861,9,0.406025
861,10,0.523915
861,11,0.380913
861,12,0.574110
861,13,0.426354
861,14,0.405085
861,15,0.405085
862,1,0.411744
862,2,0.435590
862,3,0.405085
862,4,0.405085
862,5,0.411744
862,6,0.523915
862,7,0.523915
862,8,0.532282
862,9,0.525622
862,10,0.525622
862,11,0.525622
862,12,0.525622
862,13,0.525622
862,14,0.525622
862,15,0.426354
863,1,0.411744
863,2,0.397650
863,3,0.574110
863,4,0.426354
863,5,0.411744
863,6,0.479353
863,7,0.574110
863,8,0.525622
863,9,0.426354
863,10,0.506369
863,11,0.426354
863,12,0.405085
863,13,0.506369
863,14,0.426354
863,15,0.461163
864,1,0.405085
864,2,0.405085
864,3,0.415796
864,4,0.525622
864,5,0.426354
864,6,0.506369
864,7,0.426354
864,8,0.411744
864,9,0.523915
864,10,0.532282
864,11,0.525622
864,12,0.426354
864,13,0.506369
864,14,0.525622
864,15,0.533703
865,1,0.435590
865,2,0.506369
865,3,0.426354
865,4,0.411744
865,5,0.532282
865,6,0.525622
865,7,0.426354
865,8,0.411744
865,9,0.532282
865,10,0.426354
865,11,0.405085
865,12,0.405085
865,13,0.473956
865,14,0.574110
865,15,0.525622
866,1,0.525622
866,2,0.426354
866,3,0.506369
866,4,0.426354
866,5,0.464166
866,6,0.574110
866,7,0.533703
866,8,0.523915
866,9,0.435590
866,10,0.506369
866,11,0.525622
866,12,0.533703
866,13,0.532282
866,14,0.533703
866,15,0.435590
867,1,0.411744
867,2,0.523915
867,3,0.523915
867,4,0.499956
867,5,0.434589
867,6,0.411744
867,7,0.426345
867,8,0.525622
867,9,0.426354
867,10,0.411744
867,11,0.464327
867,12,0.506369
867,13,0.491305
867,14,0.547988
867,15,0.532282
868,1,0.525622
868,2,0.533703
868,3,0.435590
868,4,0.506369
868,5,0.525622
868,6,0.533703
868,7,0.523915
868,8,0.523915
868,9,0.435590
868,10,0.506369
868,11,0.533703
868,12,0.523915
868,13,0.523915
868,14,0.435590
868,15,0.405085
869,1,0.411744
869,2,0.523915
869,3,0.487090
869,4,0.523915
869,5,0.435590
869,6,0.411744
869,7,0.422172
869,8,0.405085
869,9,0.467425
869,10,0.506369
869,11,0.533703
869,12,0.435590
869,13,0.506369
869,14,0.426354
869,15,0.405085
870,1,0.411744
870,2,0.479353
870,3,0.574110
870,4,0.576905
870,5,0.574110
870,6,0.525622
870,7,0.426354
870,8,0.452010
870,9,0.434589
870,10,0.506369
870,11,0.533703
870,12,0.435590
870,13,0.405085
870,14,0.506369
870,15,0.525622
871,1,0.426354
871,2,0.506369
871,3,0.426354
871,4,0.405085
871,5,0.506369
871,6,0.533703
871,7,0.471671
871,8,0.547988
871,9,0.532282
871,10,0.441741
871,11,0.506369
871,12,0.489863
871,13,0.525622
871,14,0.426354
871,15,0.405085
872,1,0.405085
872,2,0.506369
872,3,0.525622
872,4,0.430471
872,5,0.405085
872,6,0.506369
872,7,0.463993
872,8,0.434589
872,9,0.405085
872,10,0.415796
872,11,0.525622
872,12,0.486746
872,13,0.507628
872,14,0.547988
872,15,0.532282
873,1,0.481201
873,2,0.434589
873,3,0.419837
873,4,0.405085
873,5,0.411744
873,6,0.523915
873,7,0.435590
873,8,0.506369
873,9,0.533703
873,10,0.532282
873,11,0.525622
873,12,0.533703
873,13,0.532282
873,14,0.533703
873,15,0.532282
874,1,0.525622
874,2,0.525622
874,3,0.533703
874,4,0.532282
874,5,0.525622
874,6,0.525622
874,7,0.533703
874,8,0.435590
874,9,0.411744
874,10,0.435590
874,11,0.495783
874,12,0.574110
874,13,0.533703
874,14,0.435590
874,15,0.506369
875,1,0.426354
875,2,0.506369
875,3,0.426354
875,4,0.411744
875,5,0.422172
875,6,0.405085
875,7,0.506369
875,8,0.525622
875,9,0.426354
875,10,0.405085
875,11,0.411744
875,12,0.509730
875,13,0.435590
875,14,0.405085
875,15,0.464451
876,1,0.574110
876,2,0.538390
876,3,0.435590
876,4,0.405085
876,5,0.506369
876,6,0.525622
876,7,0.426354
876,8,0.405085
876,9,0.496877
876,10,0.426354
876,11,0.506369
876,12,0.533703
876,13,0.435590
876,14,0.479353
876,15,0.405085
877,1,0.411744
877,2,0.523915
877,3,0.532282
877,4,0.426354
877,5,0.411744
877,6,0.523915
877,7,0.435590
877,8,0.405085
877,9,0.443143
877,10,0.405085
877,11,0.446717
877,12,0.547988
877,13,0.531624
877,14,0.547988
877,15,0.474180
878,1,0.574110
878,2,0.533703
878,3,0.532282
878,4,0.478456
878,5,0.506369
878,6,0.525622
878,7,0.426354
878,8,0.516185
878,9,0.434589
878,10,0.506369
878,11,0.525622
878,12,0.533703
878,13,0.523915
878,14,0.532282
878,15,0.525746
879,1,0.435590
879,2,0.411744
879,3,0.435590
879,4,0.411744
879,5,0.532282
879,6,0.525622
879,7,0.436940
879,8,0.434589
879,9,0.506369
879,10,0.525622
879,11,0.533703
879,12,0.532282
879,13,0.525622
879,14,0.426354
879,15,0.411744
880,1,0.466824
880,2,0.434589
880,3,0.506369
880,4,0.525622
880,5,0.533703
880,6,0.435590
880,7,0.506369
880,8,0.533703
880,9,0.532282
880,10,0.426354
880,11,0.405085
880,12,0.411744
880,13,0.532282
880,14,0.426354
880,15,0.478695
881,1,0.574110
881,2,0.426354
881,3,0.506369
881,4,0.540846
881,5,0.435590
881,6,0.411744
881,7,0.523915
881,8,0.523915
881,9,0.523915
881,10,0.523915
881,11,0.435590
881,12,0.506369
881,13,0.525622
881,14,0.533703
881,15,0.532282
882,1,0.426354
882,2,0.405085
882,3,0.405085
882,4,0.411744
882,5,0.532282
882,6,0.533703
882,7,0.435590
882,8,0.411744
882,9,0.495783
882,10,0.434589
882,11,0.506369
882,12,0.525622
882,13,0.426354
882,14,0.411744
882,15,0.422172
883,1,0.411744
883,2,0.435590
883,3,0.411744
883,4,0.532282
883,5,0.426354
883,6,0.405085
883,7,0.406025
883,8,0.532282
883,9,0.482941
883,10,0.434589
883,11,0.411744
883,12,0.508753
883,13,0.515668
883,14,0.532282
883,15,0.533703
884,1,0.523915
884,2,0.532282
884,3,0.426354
884,4,0.405085
884,5,0.443143
884,6,0.406025
884,7,0.495545
884,8,0.434589
884,9,0.506369
884,10,0.426354
884,11,0.411744
884,12,0.475183
884,13,0.574110
884,14,0.525622
884,15,0.426354
885,1,0.405085
885,2,0.506369
885,3,0.525622
885,4,0.533703
885,5,0.532282
885,6,0.525622
885,7,0.380913
885,8,0.434589
885,9,0.506369
885,10,0.533703
885,11,0.523915
885,12,0.523915
885,13,0.435590
885,14,0.540239
885,15,0.426354
886,1,0.506369
886,2,0.533703
886,3,0.523915
886,4,0.523915
886,5,0.435590
886,6,0.411744
886,7,0.532282
886,8,0.533703
886,9,0.436940
886,10,0.547988
886,11,0.523915
886,12,0.435590
886,13,0.452010
886,14,0.533703
886,15,0.435590
887,1,0.405085
887,2,0.405085
887,3,0.462172
887,4,0.506369
887,5,0.533703
887,6,0.435590
887,7,0.411744
887,8,0.532282
887,9,0.533703
887,10,0.532282
887,11,0.525622
887,12,0.533703
887,13,0.456813
887,14,0.405085
887,15,0.411744
888,1,0.532282
888,2,0.426354
888,3,0.405085
888,4,0.411744
888,5,0.422172
888,6,0.405085
888,7,0.415796
888,8,0.525622
888,9,0.426354
888,10,0.506369
888,11,0.426354
888,12,0.405085
888,13,0.406025
888,14,0.498130
888,15,0.474250
889,1,0.574110
889,2,0.533703
889,3,0.523915
889,4,0.532282
889,5,0.533703
889,6,0.435590
889,7,0.411744
889,8,0.435590
889,9,0.411744
889,10,0.435590
889,11,0.506369
889,12,0.533703
889,13,0.523915
889,14,0.532282
889,15,0.473124
890,1,0.405085
890,2,0.405085
890,3,0.506085
890,4,0.547988
890,5,0.435590
890,6,0.405085
890,7,0.405085
890,8,0.411744
890,9,0.435590
890,10,0.506369
890,11,0.525622
890,12,0.426354
890,13,0.411744
890,14,0.523915
890,15,0.532282
891,1,0.525622
891,2,0.426354
891,3,0.411744
891,4,0.532282
891,5,0.426354
891,6,0.411744
891,7,0.532282
891,8,0.426354
891,9,0.411744
891,10,0.532282
891,11,0.426354
891,12,0.411744
891,13,0.422172
891,14,0.506369
891,15,0.525622
892,1,0.426354
892,2,0.405085
892,3,0.411744
892,4,0.435590
892,5,0.506369
892,6,0.533703
892,7,0.532282
892,8,0.441741
892,9,0.506369
892,10,0.525622
892,11,0.525622
892,12,0.533703
892,13,0.532282
892,14,0.478695
892,15,0.574110
893,1,0.533703
893,2,0.435590
893,3,0.405085
893,4,0.506369
893,5,0.426354
893,6,0.405085
893,7,0.411744
893,8,0.532282
893,9,0.495783
893,10,0.574110
893,11,0.533703
893,12,0.435590
893,13,0.411744
893,14,0.532282
893,15,0.525622
894,1,0.525622
894,2,0.533703
894,3,0.532282
894,4,0.533703
894,5,0.532282
894,6,0.525622
894,7,0.426354
894,8,0.405085
894,9,0.411744
894,10,0.435590
894,11,0.411744
894,12,0.523915
894,13,0.435590
894,14,0.396328
894,15,0.426345
895,1,0.426354
895,2,0.405085
895,3,0.453644
895,4,0.435590
895,5,0.506369
895,6,0.426354
895,7,0.411744
895,8,0.426345
895,9,0.525622
895,10,0.525622
895,11,0.525622
895,12,0.426354
895,13,0.405085
895,14,0.411744
895,15,0.523915
896,1,0.523915
896,2,0.532282
896,3,0.533703
896,4,0.523915
896,5,0.532282
896,6,0.426354
896,7,0.405085
896,8,0.405085
896,9,0.396328
896,10,0.422172
896,11,0.411744
896,12,0.435590
896,13,0.405085
896,14,0.506369
896,15,0.525622
897,1,0.525622
897,2,0.525622
897,3,0.533703
897,4,0.523915
897,5,0.467425
897,6,0.434589
897,7,0.405085
897,8,0.405085
897,9,0.459244
897,10,0.506369
897,11,0.426354
897,12,0.506369
897,13,0.507405
897,14,0.523915
897,15,0.435590
898,1,0.411744
898,2,0.523915
898,3,0.523915
898,4,0.532282
898,5,0.525622
898,6,0.525622
898,7,0.525622
898,8,0.426354
898,9,0.411744
898,10,0.523915
898,11,0.435590
898,12,0.405085
898,13,0.443143
898,14,0.411744
898,15,0.435590
899,1,0.506369
899,2,0.525622
899,3,0.525622
899,4,0.426354
899,5,0.411744
899,6,0.475433
899,7,0.405085
899,8,0.506369
899,9,0.426354
899,10,0.506369
899,11,0.533703
899,12,0.532282
899,13,0.426354
899,14,0.506369
899,15,0.533703
900,1,0.532282
900,2,0.426354
900,3,0.405085
900,4,0.405085
900,5,0.488714
900,6,0.547988
900,7,0.532282
900,8,0.533703
900,9,0.532282
900,10,0.426354
900,11,0.405085
900,12,0.405085
900,13,0.506369
900,14,0.525622
900,15,0.533703
901,1,0.523915
901,2,0.435590
901,3,0.411744
901,4,0.523915
901,5,0.532282
901,6,0.426354
901,7,0.405085
901,8,0.411744
901,9,0.532282
901,10,0.533703
901,11,0.435590
901,12,0.405085
901,13,0.506369
901,14,0.473956
901,15,0.574110
902,1,0.526637
902,2,0.547988
902,3,0.435590
902,4,0.405085
902,5,0.506369
902,6,0.426354
902,7,0.506369
902,8,0.503295
902,9,0.547988
902,10,0.523915
902,11,0.435590
902,12,0.411744
902,13,0.523915
902,14,0.435590
902,15,0.488479
903,1,0.574110
903,2,0.525622
903,3,0.514624
903,4,0.532282
903,5,0.426354
903,6,0.405085
903,7,0.406025
903,8,0.435590
903,9,0.506369
903,10,0.533703
903,11,0.435590
903,12,0.411744
903,13,0.574110
903,14,0.479353
903,15,0.532282
904,1,0.426354
904,2,0.405085
904,3,0.411744
904,4,0.532282
904,5,0.426354
904,6,0.405085
904,7,0.411744
904,8,0.523915
904,9,0.523915
904,10,0.532282
904,11,0.533703
904,12,0.532282
904,13,0.426354
904,14,0.411744
904,15,0.435590
905,1,0.411744
905,2,0.435590
905,3,0.411744
905,4,0.532282
905,5,0.426354
905,6,0.506369
905,7,0.525622
905,8,0.533703
905,9,0.523915
905,10,0.523915
905,11,0.522483
905,12,0.532282
905,13,0.525622
905,14,0.426354
905,15,0.405085
906,1,0.446645
906,2,0.405085
906,3,0.506369
906,4,0.525622
906,5,0.426354
906,6,0.405085
906,7,0.411744
906,8,0.492131
906,9,0.434589
906,10,0.411744
906,11,0.435590
906,12,0.506369
906,13,0.513335
906,14,0.532282
906,15,0.525622
907,1,0.464451
907,2,0.434589
907,3,0.506369
907,4,0.533703
907,5,0.435590
907,6,0.405085
907,7,0.443143
907,8,0.443143
907,9,0.411744
907,10,0.553196
907,11,0.525622
907,12,0.463993
907,13,0.547988
907,14,0.523915
907,15,0.532282
908,1,0.533703
908,2,0.532282
908,3,0.533703
908,4,0.532282
908,5,0.426354
908,6,0.506369
908,7,0.533703
908,8,0.523915
908,9,0.523915
908,10,0.523915
908,11,0.532282
908,12,0.533703
908,13,0.532282
908,14,0.426354
908,15,0.405085
909,1,0.506369
909,2,0.426354
909,3,0.405085
909,4,0.506369
909,5,0.426354
909,6,0.506369
909,7,0.426354
909,8,0.506369
909,9,0.533703
909,10,0.532282
909,11,0.525622
909,12,0.426354
909,13,0.445859
909,14,0.411744
909,15,0.512050
910,1,0.532282
910,2,0.525622
910,3,0.525622
910,4,0.426354
910,5,0.411744
910,6,0.435590
910,7,0.506369
910,8,0.525622
910,9,0.473124
910,10,0.411744
910,11,0.523915
910,12,0.435590
910,13,0.506369
910,14,0.426354
910,15,0.459048
911,1,0.532282
911,2,0.534518
911,3,0.574110
911,4,0.525622
911,5,0.426354
911,6,0.405085
911,7,0.411744
911,8,0.435590
911,9,0.411744
911,10,0.422172
911,11,0.506369
911,12,0.467425
911,13,0.434589
911,14,0.411744
911,15,0.435590
912,1,0.506369
912,2,0.426354
912,3,0.492966
912,4,0.506369
912,5,0.426354
912,6,0.506369
912,7,0.525622
912,8,0.533703
912,9,0.435590
912,10,0.506369
912,11,0.426354
912,12,0.405085
912,13,0.405085
912,14,0.506369
912,15,0.525622
913,1,0.486746
913,2,0.574110
913,3,0.525622
913,4,0.426354
913,5,0.411744
913,6,0.435590
913,7,0.411744
913,8,0.486446
913,9,0.532282
913,10,0.426354
913,11,0.411744
913,12,0.523915
913,13,0.523915
913,14,0.532282
913,15,0.426354
914,1,0.411744
914,2,0.532282
914,3,0.533703
914,4,0.435590
914,5,0.405085
914,6,0.405085
914,7,0.506369
914,8,0.426354
914,9,0.411744
914,10,0.434848
914,11,0.532282
914,12,0.533703
914,13,0.435590
914,14,0.506369
914,15,0.426354
915,1,0.411744
915,2,0.469798
915,3,0.506369
915,4,0.426354
915,5,0.506369
915,6,0.426354
915,7,0.411744
915,8,0.434848
915,9,0.523915
915,10,0.523915
915,11,0.532282
915,12,0.533703
915,13,0.435590
915,14,0.405085
915,15,0.411744
916,1,0.435590
916,2,0.504507
916,3,0.411744
916,4,0.523915
916,5,0.532282
916,6,0.525622
916,7,0.525622
916,8,0.525622
916,9,0.525622
916,10,0.426354
916,11,0.405085
916,12,0.405085
916,13,0.411744
916,14,0.532282
916,15,0.426354
917,1,0.411744
917,2,0.434848
917,3,0.523915
917,4,0.532282
917,5,0.426354
917,6,0.405085
917,7,0.411744
917,8,0.532282
917,9,0.533703
917,10,0.435590
917,11,0.411744
917,12,0.532282
917,13,0.466824
917,14,0.547988
917,15,0.523915
918,1,0.523915
918,2,0.532282
918,3,0.533703
918,4,0.532282
918,5,0.533703
918,6,0.473335
918,7,0.435590
918,8,0.506369
918,9,0.488479
918,10,0.547988
918,11,0.435590
918,12,0.411744
918,13,0.434848
918,14,0.435590
918,15,0.411744
919,1,0.532282
919,2,0.426354
919,3,0.506369
919,4,0.461636
919,5,0.525622
919,6,0.525622
919,7,0.426354
919,8,0.411744
919,9,0.422172
919,10,0.506369
919,11,0.430471
919,12,0.506369
919,13,0.426354
919,14,0.506369
919,15,0.426354
920,1,0.411744
920,2,0.532282
920,3,0.426354
920,4,0.411744
920,5,0.435590
920,6,0.405085
920,7,0.415796
920,8,0.533703
920,9,0.523915
920,10,0.523915
920,11,0.456813
920,12,0.405085
920,13,0.506369
920,14,0.525622
920,15,0.533703
921,1,0.532282
921,2,0.525622
921,3,0.426354
921,4,0.405085
921,5,0.460903
921,6,0.411744
921,7,0.435590
921,8,0.411744
921,9,0.475238
921,10,0.547988
921,11,0.523915
921,12,0.467264
921,13,0.405085
921,14,0.506369
921,15,0.525622
922,1,0.426354
922,2,0.411744
922,3,0.486746
922,4,0.574110
922,5,0.533703
922,6,0.532282
922,7,0.426354
922,8,0.506369
922,9,0.486746
922,10,0.574110
922,11,0.557856
922,12,0.523915
922,13,0.435590
922,14,0.405085
922,15,0.405085
923,1,0.506369
923,2,0.533703
923,3,0.435590
923,4,0.411744
923,5,0.435590
923,6,0.405085
923,7,0.405085
923,8,0.506369
923,9,0.533703
923,10,0.435590
923,11,0.464166
923,12,0.547988
923,13,0.523730
923,14,0.434589
923,15,0.405085
924,1,0.506369
924,2,0.533703
924,3,0.523915
924,4,0.435590
924,5,0.492710
924,6,0.547988
924,7,0.523915
924,8,0.435590
924,9,0.405085
924,10,0.506369
924,11,0.525622
924,12,0.533703
924,13,0.510381
924,14,0.525622
924,15,0.525622
925,1,0.533703
925,2,0.532282
925,3,0.533703
925,4,0.435590
925,5,0.411744
925,6,0.435590
925,7,0.506369
925,8,0.533703
925,9,0.557947
925,10,0.532282
925,11,0.507051
925,12,0.426354
925,13,0.547988
925,14,0.411744
925,15,0.435590
926,1,0.411744
926,2,0.532282
926,3,0.533703
926,4,0.523915
926,5,0.532282
926,6,0.426354
926,7,0.405085
926,8,0.406025
926,9,0.532282
926,10,0.426354
926,11,0.506369
926,12,0.533703
926,13,0.532282
926,14,0.533703
926,15,0.534946
927,1,0.547988
927,2,0.523915
927,3,0.523915
927,4,0.532282
927,5,0.467425
927,6,0.547988
927,7,0.435590
927,8,0.411744
927,9,0.435590
927,10,0.405085
927,11,0.411744
927,12,0.532282
927,13,0.533703
927,14,0.523915
927,15,0.435590
928,1,0.411744
928,2,0.523915
928,3,0.532282
928,4,0.533703
928,5,0.435590
928,6,0.411744
928,7,0.485880
928,8,0.574110
928,9,0.525622
928,10,0.426354
928,11,0.405085
928,12,0.405085
928,13,0.405085
928,14,0.411744
928,15,0.435590
929,1,0.405085
929,2,0.506369
929,3,0.533703
929,4,0.532282
929,5,0.533703
929,6,0.532282
929,7,0.533703
929,8,0.435590
929,9,0.405085
929,10,0.411744
929,11,0.532282
929,12,0.520999
929,13,0.547988
929,14,0.532282
929,15,0.525622
930,1,0.525622
930,2,0.481201
930,3,0.451025
930,4,0.405085
930,5,0.506369
930,6,0.426354
930,7,0.405085
930,8,0.405085
930,9,0.415796
930,10,0.439357
930,11,0.405085
930,12,0.405085
930,13,0.405085
930,14,0.506369
930,15,0.525622
931,1,0.533703
931,2,0.435590
931,3,0.405085
931,4,0.405085
931,5,0.405085
931,6,0.411744
931,7,0.532282
931,8,0.525622
931,9,0.533703
931,10,0.435590
931,11,0.411744
931,12,0.434848
931,13,0.435590
931,14,0.411744
931,15,0.532282
932,1,0.524886
932,2,0.478695
932,3,0.547988
932,4,0.532282
932,5,0.525622
932,6,0.426354
932,7,0.405085
932,8,0.405085
932,9,0.506369
932,10,0.426354
932,11,0.405085
932,12,0.405085
932,13,0.405085
932,14,0.405085
932,15,0.411744
933,1,0.435590
933,2,0.411744
933,3,0.523915
933,4,0.523915
933,5,0.532282
933,6,0.426354
933,7,0.506369
933,8,0.525622
933,9,0.525622
933,10,0.426354
933,11,0.506369
933,12,0.525622
933,13,0.533703
933,14,0.532282
933,15,0.533703
934,1,0.523915
934,2,0.532282
934,3,0.533703
934,4,0.532282
934,5,0.525622
934,6,0.525622
934,7,0.508753
934,8,0.574110
934,9,0.533703
934,10,0.435590
934,11,0.475183
934,12,0.434589
934,13,0.506369
934,14,0.533703
934,15,0.535952
935,1,0.523915
935,2,0.532282
935,3,0.533703
935,4,0.523915
935,5,0.532282
935,6,0.525622
935,7,0.426354
935,8,0.445292
935,9,0.434848
935,10,0.532282
935,11,0.426354
935,12,0.506369
935,13,0.426354
935,14,0.506369
935,15,0.533703
936,1,0.523915
936,2,0.435590
936,3,0.405085
936,4,0.506369
936,5,0.525622
936,6,0.426354
936,7,0.506369
936,8,0.533703
936,9,0.523915
936,10,0.532282
936,11,0.525622
936,12,0.525622
936,13,0.533703
936,14,0.435590
936,15,0.405085
937,1,0.405085
937,2,0.506369
937,3,0.533703
937,4,0.532282
937,5,0.426354
937,6,0.411744
937,7,0.523915
937,8,0.532282
937,9,0.525622
937,10,0.533703
937,11,0.435590
937,12,0.411744
937,13,0.523915
937,14,0.532282
937,15,0.533703
938,1,0.523915
938,2,0.435590
938,3,0.411744
938,4,0.435590
938,5,0.411744
938,6,0.532282
938,7,0.426354
938,8,0.506369
938,9,0.525622
938,10,0.525622
938,11,0.533703
938,12,0.435590
938,13,0.405085
938,14,0.405085
938,15,0.411744
939,1,0.532282
939,2,0.426354
939,3,0.411744
939,4,0.435590
939,5,0.405085
939,6,0.506369
939,7,0.426354
939,8,0.456919
939,9,0.443143
939,10,0.405085
939,11,0.492966
939,12,0.411744
939,13,0.435590
939,14,0.506369
939,15,0.533703
940,1,0.523915
940,2,0.532282
940,3,0.426354
940,4,0.405085
940,5,0.411744
940,6,0.435590
940,7,0.506369
940,8,0.525622
940,9,0.426354
940,10,0.405085
940,11,0.405085
940,12,0.506369
940,13,0.533703
940,14,0.488266
940,15,0.435590
941,1,0.348184
941,2,0.411744
941,3,0.523915
941,4,0.532282
941,5,0.533703
941,6,0.435590
941,7,0.405085
941,8,0.405085
941,9,0.506369
941,10,0.533703
941,11,0.435590
941,12,0.506369
941,13,0.496465
941,14,0.434589
941,15,0.506369
942,1,0.525622
942,2,0.533703
942,3,0.532282
942,4,0.426354
942,5,0.506369
942,6,0.533703
942,7,0.532282
942,8,0.533703
942,9,0.523915
942,10,0.532282
942,11,0.525622
942,12,0.525622
942,13,0.533703
942,14,0.435590
942,15,0.506369
943,1,0.525622
943,2,0.525622
943,3,0.426354
943,4,0.405085
943,5,0.406025
943,6,0.532282
943,7,0.426354
943,8,0.405085
943,9,0.506369
943,10,0.533703
943,11,0.523915
943,12,0.435590
943,13,0.434589
943,14,0.411744
943,15,0.532282
944,1,0.525622
944,2,0.426354
944,3,0.506369
944,4,0.490223
944,5,0.523915
944,6,0.547988
944,7,0.435590
944,8,0.411744
944,9,0.435590
944,10,0.506369
944,11,0.488479
944,12,0.574110
944,13,0.533703
944,14,0.532282
944,15,0.533703
945,1,0.532282
945,2,0.525622
945,3,0.426354
945,4,0.405085
945,5,0.443143
945,6,0.405085
945,7,0.411744
945,8,0.532282
945,9,0.525622
945,10,0.426354
945,11,0.405085
945,12,0.411744
945,13,0.426345
945,14,0.426354
945,15,0.411744
946,1,0.532282
946,2,0.430471
946,3,0.411744
946,4,0.523915
946,5,0.532282
946,6,0.525622
946,7,0.533703
946,8,0.532282
946,9,0.533703
946,10,0.523915
946,11,0.523915
946,12,0.435590
946,13,0.506369
946,14,0.533703
946,15,0.435590
947,1,0.506369
947,2,0.533703
947,3,0.504142
947,4,0.532282
947,5,0.533703
947,6,0.532282
947,7,0.426354
947,8,0.501076
947,9,0.525622
947,10,0.426354
947,11,0.411744
947,12,0.531294
947,13,0.547988
947,14,0.437275
947,15,0.547988
948,1,0.532282
948,2,0.533703
948,3,0.435590
948,4,0.506369
948,5,0.525622
948,6,0.533703
948,7,0.523915
948,8,0.532282
948,9,0.426354
948,10,0.411744
948,11,0.523915
948,12,0.435590
948,13,0.445292
948,14,0.532282
948,15,0.525622
949,1,0.525622
949,2,0.533703
949,3,0.435590
949,4,0.411744
949,5,0.532282
949,6,0.533703
949,7,0.487090
949,8,0.532282
949,9,0.533703
949,10,0.532282
949,11,0.525622
949,12,0.525622
949,13,0.533703
949,14,0.435590
949,15,0.506369
950,1,0.533703
950,2,0.435590
950,3,0.411744
950,4,0.523915
950,5,0.435590
950,6,0.405085
950,7,0.454158
950,8,0.411744
950,9,0.435590
950,10,0.405085
950,11,0.457129
950,12,0.547988
950,13,0.435590
950,14,0.456319
950,15,0.463492
951,1,0.405085
951,2,0.496233
951,3,0.533703
951,4,0.532282
951,5,0.533703
951,6,0.485880
951,7,0.434589
951,8,0.411744
951,9,0.422172
951,10,0.405085
951,11,0.405085
951,12,0.411744
951,13,0.532282
951,14,0.533703
951,15,0.532282
952,1,0.426354
952,2,0.411744
952,3,0.523915
952,4,0.435590
952,5,0.506369
952,6,0.533703
952,7,0.523915
952,8,0.523915
952,9,0.532282
952,10,0.426354
952,11,0.411744
952,12,0.435590
952,13,0.506369
952,14,0.457129
952,15,0.533120
953,1,0.434589
953,2,0.405085
953,3,0.443143
953,4,0.411744
953,5,0.426345
953,6,0.533703
953,7,0.523915
953,8,0.532282
953,9,0.525622
953,10,0.426354
953,11,0.411744
953,12,0.435590
953,13,0.405085
953,14,0.411744
953,15,0.523915
954,1,0.532282
954,2,0.525622
954,3,0.465417
954,4,0.506369
954,5,0.533703
954,6,0.523915
954,7,0.523915
954,8,0.523915
954,9,0.435590
954,10,0.491652
954,11,0.547988
954,12,0.435590
954,13,0.508753
954,14,0.405085
954,15,0.405085
955,1,0.411744
955,2,0.532282
955,3,0.533703
955,4,0.510381
955,5,0.426354
955,6,0.411744
955,7,0.435590
955,8,0.506369
955,9,0.525622
955,10,0.521767
955,11,0.547988
955,12,0.435590
955,13,0.506369
955,14,0.525622
955,15,0.533703
956,1,0.523915
956,2,0.523915
956,3,0.435590
956,4,0.411744
956,5,0.523915
956,6,0.532282
956,7,0.533703
956,8,0.523915
956,9,0.523915
956,10,0.435590
956,11,0.405085
956,12,0.479866
956,13,0.435590
956,14,0.506369
956,15,0.426354
957,1,0.506369
957,2,0.534946
957,3,0.522955
957,4,0.532282
957,5,0.525622
957,6,0.426354
957,7,0.457129
957,8,0.405085
957,9,0.405085
957,10,0.337107
957,11,0.406025
957,12,0.523915
957,13,0.523915
957,14,0.435590
957,15,0.506369
958,1,0.426354
958,2,0.411744
958,3,0.523915
958,4,0.523915
958,5,0.435590
958,6,0.446882
958,7,0.532282
958,8,0.533703
958,9,0.532282
958,10,0.533703
958,11,0.523915
958,12,0.532282
958,13,0.525622
958,14,0.426354
958,15,0.411744
959,1,0.435590
959,2,0.506369
959,3,0.426354
959,4,0.506369
959,5,0.525622
959,6,0.533703
959,7,0.523915
959,8,0.532282
959,9,0.533703
959,10,0.532282
959,11,0.525622
959,12,0.426354
959,13,0.491652
959,14,0.547988
959,15,0.435590
960,1,0.506369
960,2,0.426354
960,3,0.405085
960,4,0.506369
960,5,0.426354
960,6,0.405085
960,7,0.506369
960,8,0.426354
960,9,0.411744
960,10,0.435590
960,11,0.411744
960,12,0.523915
960,13,0.488266
960,14,0.435590
960,15,0.405085
961,1,0.411744
961,2,0.485880
961,3,0.434589
961,4,0.492131
961,5,0.547988
961,6,0.532282
961,7,0.525622
961,8,0.426354
961,9,0.405085
961,10,0.411744
961,11,0.523915
961,12,0.532282
961,13,0.525622
961,14,0.426354
961,15,0.405085
962,1,0.415796
962,2,0.533703
962,3,0.532282
962,4,0.533703
962,5,0.435590
962,6,0.405085
962,7,0.406025
962,8,0.464451
962,9,0.574110
962,10,0.525622
962,11,0.426354
962,12,0.411744
962,13,0.489181
962,14,0.547988
962,15,0.435590
963,1,0.506369
963,2,0.525622
963,3,0.525622
963,4,0.533703
963,5,0.436940
963,6,0.544361
963,7,0.523915
963,8,0.435590
963,9,0.506369
963,10,0.531294
963,11,0.574110
963,12,0.525622
963,13,0.426354
963,14,0.411744
963,15,0.434848
964,1,0.435590
964,2,0.506369
964,3,0.451013
964,4,0.532282
964,5,0.525622
964,6,0.426354
964,7,0.411744
964,8,0.426345
964,9,0.426354
964,10,0.506369
964,11,0.451013
964,12,0.435590
964,13,0.506369
964,14,0.451013
964,15,0.523915
965,1,0.435590
965,2,0.506369
965,3,0.533703
965,4,0.438229
965,5,0.547988
965,6,0.523915
965,7,0.435590
965,8,0.405085
965,9,0.415796
965,10,0.467123
965,11,0.506369
965,12,0.426527
965,13,0.525622
965,14,0.426354
965,15,0.405085
966,1,0.443143
966,2,0.415796
966,3,0.451013
966,4,0.435590
966,5,0.411744
966,6,0.434848
966,7,0.475238
966,8,0.525622
966,9,0.525622
966,10,0.525622
966,11,0.533703
966,12,0.532282
966,13,0.533703
966,14,0.532282
966,15,0.525622
967,1,0.533703
967,2,0.523915
967,3,0.435590
967,4,0.506369
967,5,0.426527
967,6,0.426354
967,7,0.479866
967,8,0.426345
967,9,0.525622
967,10,0.525622
967,11,0.533703
967,12,0.525749
967,13,0.533703
967,14,0.523915
967,15,0.532282
968,1,0.549866
968,2,0.426354
968,3,0.405085
968,4,0.443143
968,5,0.406025
968,6,0.422172
968,7,0.411744
968,8,0.434848
968,9,0.532282
968,10,0.533703
968,11,0.557947
968,12,0.435590
968,13,0.461163
968,14,0.443143
968,15,0.415796
969,1,0.426354
969,2,0.411744
969,3,0.434848
969,4,0.435590
969,5,0.506369
969,6,0.525622
969,7,0.533703
969,8,0.532282
969,9,0.426354
969,10,0.411744
969,11,0.422172
969,12,0.431041
969,13,0.434848
969,14,0.535827
969,15,0.525622
970,1,0.525622
970,2,0.525622
970,3,0.525622
970,4,0.426354
970,5,0.426046
970,6,0.426527
970,7,0.531838
970,8,0.380913
970,9,0.532814
970,10,0.426354
970,11,0.405085
970,12,0.542640
970,13,0.411744
970,14,0.435590
970,15,0.405085
971,1,0.443143
971,2,0.415796
971,3,0.426527
971,4,0.533703
971,5,0.525749
971,6,0.426354
971,7,0.411744
971,8,0.434848
971,9,0.523915
971,10,0.532282
971,11,0.525622
971,12,0.533703
971,13,0.435590
971,14,0.506369
971,15,0.467123
972,1,0.411744
972,2,0.426345
972,3,0.469194
972,4,0.450098
972,5,0.506369
972,6,0.426354
972,7,0.506369
972,8,0.451013
972,9,0.525749
972,10,0.426354
972,11,0.405085
972,12,0.406025
972,13,0.434848
972,14,0.435590
972,15,0.405629
973,1,0.460637
973,2,0.574110
973,3,0.546623
973,4,0.574110
973,5,0.426354
973,6,0.411744
973,7,0.426345
973,8,0.426354
973,9,0.411744
973,10,0.426345
973,11,0.525622
973,12,0.426354
973,13,0.506369
973,14,0.467123
973,15,0.430537
974,1,0.434848
974,2,0.435590
974,3,0.411744
974,4,0.422172
974,5,0.506369
974,6,0.426527
974,7,0.533703
974,8,0.557947
974,9,0.535827
974,10,0.525622
974,11,0.529404
974,12,0.533703
974,13,0.435590
974,14,0.405085
974,15,0.443143
975,1,0.415796
975,2,0.479841
975,3,0.450098
975,4,0.405085
975,5,0.415796
975,6,0.451013
975,7,0.523915
975,8,0.523915
975,9,0.464451
975,10,0.532282
975,11,0.533703
975,12,0.523915
975,13,0.435590
975,14,0.506369
975,15,0.467123
976,1,0.411744
976,2,0.547988
976,3,0.435590
976,4,0.405085
976,5,0.443143
976,6,0.425969
976,7,0.406025
976,8,0.434848
976,9,0.450736
976,10,0.506369
976,11,0.492045
976,12,0.430476
976,13,0.482253
976,14,0.405085
976,15,0.405085
977,1,0.415796
977,2,0.451013
977,3,0.532282
977,4,0.426354
977,5,0.411744
977,6,0.422172
977,7,0.431041
977,8,0.434848
977,9,0.435590
977,10,0.411744
977,11,0.426345
977,12,0.426354
977,13,0.411744
977,14,0.426345
977,15,0.525622
978,1,0.426354
978,2,0.506369
978,3,0.471671
978,4,0.574110
978,5,0.533703
978,6,0.553196
978,7,0.525622
978,8,0.533703
978,9,0.509730
978,10,0.482488
978,11,0.434589
978,12,0.411744
978,13,0.426345
978,14,0.426354
978,15,0.411744
979,1,0.470750
979,2,0.434589
979,3,0.506369
979,4,0.426527
979,5,0.426527
979,6,0.533703
979,7,0.523915
979,8,0.450736
979,9,0.411744
979,10,0.488479
979,11,0.574110
979,12,0.540846
979,13,0.523915
979,14,0.497667
979,15,0.426354
980,1,0.405085
980,2,0.406025
980,3,0.428358
980,4,0.533703
980,5,0.523915
980,6,0.535827
980,7,0.426354
980,8,0.506369
980,9,0.451013
980,10,0.435590
980,11,0.506369
980,12,0.426354
980,13,0.405085
980,14,0.415796
980,15,0.426527
981,1,0.473956
981,2,0.547988
981,3,0.523915
981,4,0.523915
981,5,0.532282
981,6,0.533703
981,7,0.523915
981,8,0.523915
981,9,0.532282
981,10,0.533703
981,11,0.523915
981,12,0.532282
981,13,0.426354
981,14,0.411744
981,15,0.434848
982,1,0.435590
982,2,0.453748
982,3,0.443143
982,4,0.406025
982,5,0.422172
982,6,0.405085
982,7,0.427494
982,8,0.434848
982,9,0.532282
982,10,0.525622
982,11,0.525622
982,12,0.525622
982,13,0.525622
982,14,0.426354
982,15,0.432268
983,1,0.415796
983,2,0.451013
983,3,0.532282
983,4,0.507620
983,5,0.525622
983,6,0.426354
983,7,0.411744
983,8,0.463907
983,9,0.565180
983,10,0.435590
983,11,0.506369
983,12,0.426527
983,13,0.525622
983,14,0.426354
983,15,0.411744
984,1,0.434848
984,2,0.435590
984,3,0.525421
984,4,0.479057
984,5,0.457129
984,6,0.411744
984,7,0.523915
984,8,0.435590
984,9,0.492659
984,10,0.405085
984,11,0.506369
984,12,0.426527
984,13,0.426354
984,14,0.506369
984,15,0.467123
985,1,0.506369
985,2,0.525622
985,3,0.533703
985,4,0.450098
985,5,0.405085
985,6,0.443143
985,7,0.466686
985,8,0.426527
985,9,0.426354
985,10,0.411744
985,11,0.426345
985,12,0.426354
985,13,0.411744
985,14,0.434848
985,15,0.438229
986,1,0.532282
986,2,0.525622
986,3,0.443075
986,4,0.411744
986,5,0.426345
986,6,0.525622
986,7,0.533703
986,8,0.450098
986,9,0.411744
986,10,0.426345
986,11,0.525622
986,12,0.426354
986,13,0.411744
986,14,0.434848
986,15,0.532282
987,1,0.533703
987,2,0.435590
987,3,0.405629
987,4,0.525622
987,5,0.533703
987,6,0.525749
987,7,0.525622
987,8,0.426354
987,9,0.411744
987,10,0.434848
987,11,0.532282
987,12,0.426354
987,13,0.452010
987,14,0.451013
987,15,0.523915
988,1,0.435590
988,2,0.411744
988,3,0.434848
988,4,0.532282
988,5,0.426354
988,6,0.411744
988,7,0.434848
988,8,0.409288
988,9,0.525622
988,10,0.426354
988,11,0.411744
988,12,0.426345
988,13,0.426354
988,14,0.506369
988,15,0.574110
989,1,0.466824
989,2,0.506369
989,3,0.467123
989,4,0.506369
989,5,0.451013
989,6,0.532282
989,7,0.525622
989,8,0.426354
989,9,0.405085
989,10,0.443143
989,11,0.415796
989,12,0.451013
989,13,0.532282
989,14,0.533703
989,15,0.525749
990,1,0.525622
990,2,0.443075
990,3,0.547988
990,4,0.506369
990,5,0.533703
990,6,0.464966
990,7,0.533703
990,8,0.435590
990,9,0.411744
990,10,0.422172
990,11,0.405085
990,12,0.393469
990,13,0.434848
990,14,0.532282
990,15,0.525622
991,1,0.513335
991,2,0.523915
991,3,0.532282
991,4,0.525622
991,5,0.487535
991,6,0.450098
991,7,0.405085
991,8,0.406025
991,9,0.434848
991,10,0.523915
991,11,0.435590
991,12,0.405085
991,13,0.415796
991,14,0.426527
991,15,0.426354
992,1,0.506369
992,2,0.426354
992,3,0.506369
992,4,0.426527
992,5,0.533703
992,6,0.523915
992,7,0.532282
992,8,0.525622
992,9,0.525622
992,10,0.533703
992,11,0.450098
992,12,0.405085
992,13,0.443143
992,14,0.406025
992,15,0.434848
993,1,0.435590
993,2,0.522986
993,3,0.426354
993,4,0.411744
993,5,0.422172
993,6,0.506369
993,7,0.467123
993,8,0.452673
993,9,0.415796
993,10,0.525622
993,11,0.525622
993,12,0.533703
993,13,0.523915
993,14,0.532282
993,15,0.426354
994,1,0.411744
994,2,0.426345
994,3,0.533703
994,4,0.532282
994,5,0.426354
994,6,0.405085
994,7,0.415796
994,8,0.467123
994,9,0.506369
994,10,0.426354
994,11,0.405085
994,12,0.443143
994,13,0.415796
994,14,0.533703
994,15,0.523915
995,1,0.523915
995,2,0.532282
995,3,0.426354
995,4,0.411744
995,5,0.422172
995,6,0.506369
995,7,0.525622
995,8,0.533703
995,9,0.450098
995,10,0.430476
995,11,0.415796
995,12,0.426527
995,13,0.525622
995,14,0.533703
995,15,0.435590
996,1,0.506369
996,2,0.467123
996,3,0.430537
996,4,0.422172
996,5,0.405629
996,6,0.426527
996,7,0.525622
996,8,0.533703
996,9,0.523915
996,10,0.532282
996,11,0.533703
996,12,0.523915
996,13,0.469798
996,14,0.506369
996,15,0.467123
997,1,0.405085
997,2,0.415796
997,3,0.426527
997,4,0.426354
997,5,0.405085
997,6,0.406025
997,7,0.422172
997,8,0.453748
997,9,0.406025
997,10,0.434848
997,11,0.535827
997,12,0.426354
997,13,0.405085
997,14,0.406025
997,15,0.422172
998,1,0.411744
998,2,0.434848
998,3,0.523915
998,4,0.535827
998,5,0.426354
998,6,0.430537
998,7,0.434848
998,8,0.435590
998,9,0.506369
998,10,0.426527
998,11,0.529150
998,12,0.426354
998,13,0.405085
998,14,0.415796
998,15,0.533703
999,1,0.532282
999,2,0.426354
999,3,0.405085
999,4,0.405085
999,5,0.411744
999,6,0.523915
999,7,0.435590
999,8,0.405085
999,9,0.406025
999,10,0.422172
999,11,0.411744
999,12,0.434848
999,13,0.523915
999,14,0.450736
999,15,0.411744
1000,1,0.422172
1000,2,0.405085
1000,3,0.443143
1000,4,0.482326
1000,5,0.459558
1000,6,0.422172
1000,7,0.506369
1000,8,0.451013
1000,9,0.478135
1000,10,0.435590
1000,11,0.411744
1000,12,0.422172
1000,13,0.405085
1000,14,0.415796
1000,15,0.426527
1001,1,0.533703
1001,2,0.435590
1001,3,0.467807
1001,4,0.415796
1001,5,0.426354
1001,6,0.411744
1001,7,0.426345
1001,8,0.426354
1001,9,0.430476
1001,10,0.406025
1001,11,0.426345
1001,12,0.533703
1001,13,0.525749
1001,14,0.525622
1001,15,0.426354
1002,1,0.430537
1002,2,0.426345
1002,3,0.397650
1002,4,0.547988
1002,5,0.435590
1002,6,0.405085
1002,7,0.443143
1002,8,0.406025
1002,9,0.434848
1002,10,0.523915
1002,11,0.435590
1002,12,0.453748
1002,13,0.443143
1002,14,0.443143
1002,15,0.443143
1003,1,0.406025
1003,2,0.422172
1003,3,0.506369
1003,4,0.474816
1003,5,0.434589
1003,6,0.405085
1003,7,0.443143
1003,8,0.406025
1003,9,0.426345
1003,10,0.525622
1003,11,0.545029
1003,12,0.500261
1003,13,0.574110
1003,14,0.426354
1003,15,0.426046
1004,1,0.451013
1004,2,0.492966
1004,3,0.521473
1004,4,0.434589
1004,5,0.411744
1004,6,0.426345
1004,7,0.533703
1004,8,0.531005
1004,9,0.533703
1004,10,0.523915
1004,11,0.435590
1004,12,0.506369
1004,13,0.426527
1004,14,0.426354
1004,15,0.506369
1005,1,0.467123
1005,2,0.405085
1005,3,0.415796
1005,4,0.467123
1005,5,0.405085
1005,6,0.443143
1005,7,0.406025
1005,8,0.445859
1005,9,0.547988
1005,10,0.532282
1005,11,0.426354
1005,12,0.405085
1005,13,0.406025
1005,14,0.434848
1005,15,0.422172
1006,1,0.506369
1006,2,0.467123
1006,3,0.466824
1006,4,0.411744
1006,5,0.532282
1006,6,0.483348
1006,7,0.525622
1006,8,0.533703
1006,9,0.435590
1006,10,0.405085
1006,11,0.443143
1006,12,0.443143
1006,13,0.521767
1006,14,0.405085
1006,15,0.431107
1007,1,0.406025
1007,2,0.426345
1007,3,0.426354
1007,4,0.506369
1007,5,0.467123
1007,6,0.405085
1007,7,0.406025
1007,8,0.426345
1007,9,0.533703
1007,10,0.532282
1007,11,0.525622
1007,12,0.426354
1007,13,0.475183
1007,14,0.480839
1007,15,0.434589
1008,1,0.506369
1008,2,0.426527
1008,3,0.533703
1008,4,0.435590
1008,5,0.411744
1008,6,0.422172
1008,7,0.411744
1008,8,0.422172
1008,9,0.453748
1008,10,0.443143
1008,11,0.415796
1008,12,0.426527
1008,13,0.426354
1008,14,0.426046
1008,15,0.473571
1009,1,0.405085
1009,2,0.406025
1009,3,0.434848
1009,4,0.422172
1009,5,0.498768
1009,6,0.411744
1009,7,0.523915
1009,8,0.435590
1009,9,0.453748
1009,10,0.406025
1009,11,0.433041
1009,12,0.532282
1009,13,0.525622
1009,14,0.426354
1009,15,0.405085
1010,1,0.415796
1010,2,0.451013
1010,3,0.434589
1010,4,0.532282
1010,5,0.501076
1010,6,0.574110
1010,7,0.533703
1010,8,0.532282
1010,9,0.426354
1010,10,0.405085
1010,11,0.406025
1010,12,0.422172
1010,13,0.411744
1010,14,0.422172
1010,15,0.411744
1011,1,0.422172
1011,2,0.411744
1011,3,0.434848
1011,4,0.532282
1011,5,0.533703
1011,6,0.532282
1011,7,0.525622
1011,8,0.533703
1011,9,0.435590
1011,10,0.411744
1011,11,0.422172
1011,12,0.411744
1011,13,0.434848
1011,14,0.450736
1011,15,0.405085
1012,1,0.443143
1012,2,0.406025
1012,3,0.422172
1012,4,0.405085
1012,5,0.406025
1012,6,0.434848
1012,7,0.532282
1012,8,0.533703
1012,9,0.532282
1012,10,0.525622
1012,11,0.426354
1012,12,0.430476
1012,13,0.406025
1012,14,0.426345
1012,15,0.533703
1013,1,0.532282
1013,2,0.533703
1013,3,0.523915
1013,4,0.435590
1013,5,0.405629
1013,6,0.451013
1013,7,0.523915
1013,8,0.523915
1013,9,0.435590
1013,10,0.506369
1013,11,0.426527
1013,12,0.461636
1013,13,0.426354
1013,14,0.430537
1013,15,0.426345
1014,1,0.533703
1014,2,0.523915
1014,3,0.565180
1014,4,0.535827
1014,5,0.525622
1014,6,0.457308
1014,7,0.557947
1014,8,0.523915
1014,9,0.435590
1014,10,0.405085
1014,11,0.406025
1014,12,0.422172
1014,13,0.411744
1014,14,0.422172
1014,15,0.405085
