episode,step,reward
0,1,0.492131
0,2,0.445859
0,3,0.327572
0,4,0.483238
0,5,0.471355
0,6,0.505965
0,7,0.525622
0,8,0.490927
0,9,0.564999
0,10,0.458053
0,11,0.454533
0,12,0.462098
0,13,0.540846
0,14,0.476719
0,15,0.480110
1,1,0.479353
1,2,0.496331
1,3,0.536359
1,4,0.520157
1,5,0.459007
1,6,0.461240
1,7,0.461679
1,8,0.482319
1,9,0.466697
1,10,0.490463
1,11,0.449768
1,12,0.574206
1,13,0.514248
1,14,0.524054
1,15,0.488113
2,1,0.463546
2,2,0.513084
2,3,0.457927
2,4,0.522259
2,5,0.525731
2,6,0.500448
2,7,0.500198
2,8,0.450098
2,9,0.348891
2,10,0.434478
2,11,0.504982
2,12,0.460755
2,13,0.454916
2,14,0.455718
2,15,0.449430
3,1,0.475773
3,2,0.453037
3,3,0.452605
3,4,0.467821
3,5,0.451377
3,6,0.528894
3,7,0.578655
3,8,0.535827
3,9,0.538879
3,10,0.493297
3,11,0.532073
3,12,0.550338
3,13,0.535827
3,14,0.477627
3,15,0.466280
4,1,0.453592
4,2,0.490262
4,3,0.462434
4,4,0.534077
4,5,0.368133
4,6,0.455389
4,7,0.464246
4,8,0.436431
4,9,0.459633
4,10,0.435137
4,11,0.470638
4,12,0.457637
4,13,0.496315
4,14,0.434589
4,15,0.454053
5,1,0.438196
5,2,0.448793
5,3,0.464569
5,4,0.438821
5,5,0.453985
5,6,0.459837
5,7,0.451588
5,8,0.492503
5,9,0.475624
5,10,0.463622
5,11,0.455461
5,12,0.511527
5,13,0.514177
5,14,0.465066
5,15,0.524483
6,1,0.536505
6,2,0.532604
6,3,0.534067
6,4,0.538643
6,5,0.552323
6,6,0.525792
6,7,0.446930
6,8,0.537524
6,9,0.547988
6,10,0.497941
6,11,0.441210
6,12,0.451727
6,13,0.290305
6,14,0.459562
6,15,0.454104
7,1,0.534946
7,2,0.504620
7,3,0.486899
7,4,0.507666
7,5,0.508973
7,6,0.550943
7,7,0.450098
7,8,0.482555
7,9,0.462059
7,10,0.490553
7,11,0.490016
7,12,0.463296
7,13,0.448545
7,14,0.465268
7,15,0.514214
8,1,0.510169
8,2,0.552662
8,3,0.491437
8,4,0.497642
8,5,0.463091
8,6,0.479252
8,7,0.493044
8,8,0.455687
8,9,0.466207
8,10,0.489005
8,11,0.537648
8,12,0.458071
8,13,0.495071
8,14,0.463863
8,15,0.512167
9,1,0.454035
9,2,0.441293
9,3,0.506223
9,4,0.451726
9,5,0.506369
9,6,0.501971
9,7,0.545566
9,8,0.369143
9,9,0.452057
9,10,0.416166
9,11,0.306162
9,12,0.525634
9,13,0.480437
9,14,0.528786
9,15,0.533703
10,1,0.510381
10,2,0.488542
10,3,0.471098
10,4,0.512883
10,5,0.493751
10,6,0.535135
10,7,0.466824
10,8,0.485885
10,9,0.468518
10,10,0.464246
10,11,0.510576
10,12,0.500983
10,13,0.533704
10,14,0.397650
10,15,0.556680
11,1,0.467011
11,2,0.489271
11,3,0.498445
11,4,0.434589
11,5,0.469687
11,6,0.448864
11,7,0.311325
11,8,0.531294
11,9,0.453159
11,10,0.544948
11,11,0.541848
11,12,0.305413
11,13,0.498262
11,14,0.509730
11,15,0.484081
12,1,0.476249
12,2,0.532890
12,3,0.579701
12,4,0.435089
12,5,0.461244
12,6,0.463545
12,7,0.463546
12,8,0.435590
12,9,0.520439
12,10,0.474816
12,11,0.456316
12,12,0.477660
12,13,0.536499
12,14,0.521767
12,15,0.517473
13,1,0.464966
13,2,0.471050
13,3,0.459310
13,4,0.484507
13,5,0.574110
13,6,0.533703
13,7,0.509730
13,8,0.477751
13,9,0.544964
13,10,0.508753
13,11,0.252061
13,12,0.483835
13,13,0.488479
13,14,0.547988
13,15,0.240325
14,1,0.502593
14,2,0.476171
14,3,0.510906
14,4,0.465877
14,5,0.483406
14,6,0.549866
14,7,0.462585
14,8,0.522115
14,9,0.489187
14,10,0.457620
14,11,0.466679
14,12,0.484564
14,13,0.456790
14,14,0.574110
14,15,0.504507
15,1,0.485880
15,2,0.497469
15,3,0.544375
15,4,0.506007
15,5,0.460755
15,6,0.473405
15,7,0.422433
15,8,0.454872
15,9,0.493545
15,10,0.529077
15,11,0.553636
15,12,0.554567
15,13,0.532282
15,14,0.302335
15,15,0.452848
16,1,0.479359
16,2,0.459059
16,3,0.486684
16,4,0.494739
16,5,0.538400
16,6,0.459310
16,7,0.451243
16,8,0.452176
16,9,0.473346
16,10,0.459056
16,11,0.531294
16,12,0.498439
16,13,0.311950
16,14,0.497287
16,15,0.522332
17,1,0.510381
17,2,0.532248
17,3,0.495780
17,4,0.574110
17,5,0.529404
17,6,0.499187
17,7,0.533140
17,8,0.509977
17,9,0.487535
17,10,0.509730
17,11,0.469356
17,12,0.252489
17,13,0.255200
17,14,0.509624
17,15,0.508636
18,1,0.456422
18,2,0.467846
18,3,0.574110
18,4,0.519732
18,5,0.459038
18,6,0.431448
18,7,0.469356
18,8,0.468220
18,9,0.501347
18,10,0.507051
18,11,0.474250
18,12,0.547988
18,13,0.498527
18,14,0.523915
18,15,0.435089
19,1,0.436810
19,2,0.441820
19,3,0.467157
19,4,0.474658
19,5,0.434589
19,6,0.454833
19,7,0.457536
19,8,0.574110
19,9,0.500186
19,10,0.371566
19,11,0.489397
19,12,0.517719
19,13,0.478456
19,14,0.520439
19,15,0.554567
20,1,0.533487
20,2,0.520813
20,3,0.495545
20,4,0.507706
20,5,0.523149
20,6,0.488479
20,7,0.549194
20,8,0.489100
20,9,0.575785
20,10,0.496160
20,11,0.466824
20,12,0.502064
20,13,0.477695
20,14,0.481081
20,15,0.498073
21,1,0.442233
21,2,0.471142
21,3,0.463488
21,4,0.447546
21,5,0.467171
21,6,0.491903
21,7,0.489347
21,8,0.473996
21,9,0.482516
21,10,0.535522
21,11,0.451987
21,12,0.500834
21,13,0.518923
21,14,0.459373
21,15,0.429401
22,1,0.554919
22,2,0.482488
22,3,0.538987
22,4,0.475296
22,5,0.495545
22,6,0.507511
22,7,0.553196
22,8,0.531061
22,9,0.525622
22,10,0.521133
22,11,0.458746
22,12,0.443140
22,13,0.450472
22,14,0.483740
22,15,0.473340
23,1,0.498950
23,2,0.471142
23,3,0.530367
23,4,0.452359
23,5,0.499515
23,6,0.517321
23,7,0.508885
23,8,0.485880
23,9,0.525622
23,10,0.434096
23,11,0.574110
23,12,0.311617
23,13,0.503879
23,14,0.508005
23,15,0.506854
24,1,0.547988
24,2,0.504123
24,3,0.397650
24,4,0.532649
24,5,0.435590
24,6,0.506438
24,7,0.457129
24,8,0.510576
24,9,0.466855
24,10,0.000000
24,11,0.484864
24,12,0.499683
24,13,0.453557
24,14,0.476119
24,15,0.505302
25,1,0.509945
25,2,0.476841
25,3,0.502461
25,4,0.480595
25,5,0.465684
25,6,0.446131
25,7,0.435590
25,8,0.463045
25,9,0.463451
25,10,0.496398
25,11,0.470386
25,12,0.503661
25,13,0.504536
25,14,0.457410
25,15,0.301151
26,1,0.496797
26,2,0.486653
26,3,0.538130
26,4,0.467087
26,5,0.480839
26,6,0.534946
26,7,0.508197
26,8,0.463437
26,9,0.546623
26,10,0.466340
26,11,0.501971
26,12,0.574110
26,13,0.521680
26,14,0.511180
26,15,0.523915
27,1,0.452414
27,2,0.534946
27,3,0.549990
27,4,0.518974
27,5,0.493637
27,6,0.434589
27,7,0.475608
27,8,0.549036
27,9,0.538702
27,10,0.502064
27,11,0.492966
27,12,0.537648
27,13,0.512959
27,14,0.512790
27,15,0.498995
28,1,0.574110
28,2,0.465238
28,3,0.431543
28,4,0.495212
28,5,0.254376
28,6,0.464872
28,7,0.532821
28,8,0.454833
28,9,0.462725
28,10,0.544118
28,11,0.520647
28,12,0.535135
28,13,0.534221
28,14,0.457129
28,15,0.314447
29,1,0.435400
29,2,0.466633
29,3,0.494405
29,4,0.544061
29,5,0.432863
29,6,0.531521
29,7,0.507433
29,8,0.539966
29,9,0.541907
29,10,0.543715
29,11,0.502170
29,12,0.457748
29,13,0.439773
29,14,0.217795
29,15,0.500790
30,1,0.515668
30,2,0.498184
30,3,0.370004
30,4,0.485187
30,5,0.454940
30,6,0.492659
30,7,0.485230
30,8,0.445859
30,9,0.482366
30,10,0.466251
30,11,0.431169
30,12,0.506369
30,13,0.444352
30,14,0.481434
30,15,0.452487
31,1,0.485193
31,2,0.527474
31,3,0.434260
31,4,0.411744
31,5,0.367535
31,6,0.506369
31,7,0.473996
31,8,0.419837
31,9,0.431543
31,10,0.512769
31,11,0.520586
31,12,0.460048
31,13,0.463944
31,14,0.540239
31,15,0.524886
32,1,0.523915
32,2,0.523217
32,3,0.466791
32,4,0.522515
32,5,0.449876
32,6,0.442499
32,7,0.496877
32,8,0.447198
32,9,0.463334
32,10,0.426593
32,11,0.508937
32,12,0.494217
32,13,0.525618
32,14,0.492513
32,15,0.574110
33,1,0.520813
33,2,0.523915
33,3,0.451235
33,4,0.405085
33,5,0.411744
33,6,0.503632
33,7,0.501181
33,8,0.484272
33,9,0.512657
33,10,0.513900
33,11,0.494345
33,12,0.516460
33,13,0.492320
33,14,0.445991
33,15,0.520813
34,1,0.523449
34,2,0.540227
34,3,0.545436
34,4,0.514032
34,5,0.492966
34,6,0.493297
34,7,0.515290
34,8,0.557856
34,9,0.505515
34,10,0.495780
34,11,0.564999
34,12,0.482822
34,13,0.459244
34,14,0.495343
34,15,0.534077
35,1,0.525622
35,2,0.470584
35,3,0.426354
35,4,0.456919
35,5,0.520301
35,6,0.000000
35,7,0.522257
35,8,0.305600
35,9,0.455919
35,10,0.526170
35,11,0.521623
35,12,0.466988
35,13,0.499833
35,14,0.489410
35,15,0.468327
36,1,0.448884
36,2,0.314447
36,3,0.405085
36,4,0.444352
36,5,0.405085
36,6,0.480211
36,7,0.500715
36,8,0.561723
36,9,0.539238
36,10,0.457513
36,11,0.485157
36,12,0.513767
36,13,0.540361
36,14,0.467425
36,15,0.511077
37,1,0.559329
37,2,0.530941
37,3,0.576075
37,4,0.518884
37,5,0.543663
37,6,0.454283
37,7,0.508960
37,8,0.474816
37,9,0.544512
37,10,0.213177
37,11,0.462989
37,12,0.486048
37,13,0.490167
37,14,0.466679
37,15,0.492234
38,1,0.491359
38,2,0.524121
38,3,0.434589
38,4,0.438214
38,5,0.495973
38,6,0.501166
38,7,0.525542
38,8,0.484276
38,9,0.536784
38,10,0.475128
38,11,0.485647
38,12,0.457129
38,13,0.498073
38,14,0.505581
38,15,0.532282
39,1,0.217294
39,2,0.456919
39,3,0.483348
39,4,0.485516
39,5,0.312218
39,6,0.482984
39,7,0.507192
39,8,0.520116
39,9,0.574110
39,10,0.464078
39,11,0.466679
39,12,0.574110
39,13,0.466928
39,14,0.310680
39,15,0.506369
40,1,0.497749
40,2,0.467128
40,3,0.474240
40,4,0.490465
40,5,0.441337
40,6,0.506369
40,7,0.533703
40,8,0.504897
40,9,0.486625
40,10,0.442102
40,11,0.466125
40,12,0.516929
40,13,0.523418
40,14,0.462526
40,15,0.479470
41,1,0.465578
41,2,0.452226
41,3,0.405085
41,4,0.464246
41,5,0.469224
41,6,0.544118
41,7,0.540420
41,8,0.533081
41,9,0.534946
41,10,0.491392
41,11,0.512571
41,12,0.451235
41,13,0.411744
41,14,0.464518
41,15,0.411744
42,1,0.504620
42,2,0.504719
42,3,0.430471
42,4,0.437449
42,5,0.000000
42,6,0.503522
42,7,0.490333
42,8,0.520813
42,9,0.458426
42,10,0.480236
42,11,0.498132
42,12,0.522172
42,13,0.574110
42,14,0.495444
42,15,0.522940
43,1,0.536282
43,2,0.521326
43,3,0.530367
43,4,0.496002
43,5,0.557856
43,6,0.434589
43,7,0.521767
43,8,0.459015
43,9,0.488311
43,10,0.532751
43,11,0.348608
43,12,0.512635
43,13,0.499711
43,14,0.471078
43,15,0.520628
44,1,0.520031
44,2,0.438214
44,3,0.493637
44,4,0.514107
44,5,0.533514
44,6,0.541677
44,7,0.459205
44,8,0.547988
44,9,0.509730
44,10,0.487188
44,11,0.510423
44,12,0.434589
44,13,0.582009
44,14,0.518839
44,15,0.497922
45,1,0.498995
45,2,0.524486
45,3,0.508070
45,4,0.460735
45,5,0.473492
45,6,0.502559
45,7,0.458400
45,8,0.498768
45,9,0.480456
45,10,0.460860
45,11,0.486235
45,12,0.467136
45,13,0.521340
45,14,0.438214
45,15,0.495780
46,1,0.521598
46,2,0.455454
46,3,0.494110
46,4,0.462423
46,5,0.435612
46,6,0.472550
46,7,0.481419
46,8,0.503974
46,9,0.513802
46,10,0.522962
46,11,0.493644
46,12,0.574110
46,13,0.460908
46,14,0.575785
46,15,0.555735
47,1,0.488978
47,2,0.477004
47,3,0.469042
47,4,0.484060
47,5,0.490610
47,6,0.505903
47,7,0.530920
47,8,0.430471
47,9,0.452205
47,10,0.301284
47,11,0.547988
47,12,0.508937
47,13,0.503766
47,14,0.463993
47,15,0.444306
48,1,0.498527
48,2,0.443116
48,3,0.490420
48,4,0.504081
48,5,0.458071
48,6,0.476538
48,7,0.484081
48,8,0.526170
48,9,0.434589
48,10,0.461704
48,11,0.533685
48,12,0.528071
48,13,0.574110
48,14,0.434589
48,15,0.496099
49,1,0.485880
49,2,0.471833
49,3,0.441839
49,4,0.473996
49,5,0.459244
49,6,0.505564
49,7,0.546623
49,8,0.524569
49,9,0.461345
49,10,0.516618
49,11,0.502968
49,12,0.493637
49,13,0.510891
49,14,0.499127
49,15,0.484219
50,1,0.465388
50,2,0.411744
50,3,0.492092
50,4,0.574110
50,5,0.453735
50,6,0.451892
50,7,0.527474
50,8,0.489525
50,9,0.434589
50,10,0.441839
50,11,0.497922
50,12,0.529648
50,13,0.511180
50,14,0.526170
50,15,0.547988
51,1,0.488479
51,2,0.492632
51,3,0.548088
51,4,0.535187
51,5,0.575014
51,6,0.510703
51,7,0.434589
51,8,0.466307
51,9,0.512790
51,10,0.455022
51,11,0.501068
51,12,0.461055
51,13,0.492443
51,14,0.217294
51,15,0.460028
52,1,0.474672
52,2,0.475470
52,3,0.468327
52,4,0.480650
52,5,0.464873
52,6,0.456857
52,7,0.547988
52,8,0.520973
52,9,0.505219
52,10,0.533703
52,11,0.500261
52,12,0.559329
52,13,0.523577
52,14,0.535783
52,15,0.457081
53,1,0.497173
53,2,0.547172
53,3,0.335398
53,4,0.303069
53,5,0.488721
53,6,0.461452
53,7,0.502966
53,8,0.434589
53,9,0.469195
53,10,0.462894
53,11,0.456857
53,12,0.523751
53,13,0.481465
53,14,0.335295
53,15,0.467471
54,1,0.522067
54,2,0.447198
54,3,0.579136
54,4,0.458975
54,5,0.459268
54,6,0.479017
54,7,0.520813
54,8,0.493431
54,9,0.549686
54,10,0.502099
54,11,0.434589
54,12,0.543035
54,13,0.574110
54,14,0.547988
54,15,0.508441
55,1,0.505968
55,2,0.464451
55,3,0.354594
55,4,0.468397
55,5,0.484564
55,6,0.495660
55,7,0.488677
55,8,0.474618
55,9,0.493468
55,10,0.435089
55,11,0.455999
55,12,0.552662
55,13,0.531079
55,14,0.480650
55,15,0.434589
56,1,0.475260
56,2,0.524541
56,3,0.472131
56,4,0.473440
56,5,0.434589
56,6,0.405085
56,7,0.454652
56,8,0.513981
56,9,0.480839
56,10,0.480650
56,11,0.500261
56,12,0.472444
56,13,0.290973
56,14,0.442344
56,15,0.452653
57,1,0.498101
57,2,0.461913
57,3,0.453805
57,4,0.473996
57,5,0.456919
57,6,0.411744
57,7,0.513402
57,8,0.445859
57,9,0.471292
57,10,0.457660
57,11,0.520439
57,12,0.481361
57,13,0.445859
57,14,0.530367
57,15,0.483935
58,1,0.486683
58,2,0.576875
58,3,0.460714
58,4,0.457426
58,5,0.484959
58,6,0.512767
58,7,0.465350
58,8,0.501481
58,9,0.468166
58,10,0.499727
58,11,0.481891
58,12,0.526686
58,13,0.519925
58,14,0.471091
58,15,0.501068
59,1,0.463019
59,2,0.515491
59,3,0.464451
59,4,0.523915
59,5,0.467926
59,6,0.434589
59,7,0.446899
59,8,0.497917
59,9,0.444973
59,10,0.506369
59,11,0.453735
59,12,0.459244
59,13,0.502595
59,14,0.488602
59,15,0.547242
60,1,0.497922
60,2,0.542738
60,3,0.306372
60,4,0.493546
60,5,0.536737
60,6,0.430471
60,7,0.470129
60,8,0.513335
60,9,0.545328
60,10,0.454336
60,11,0.474763
60,12,0.519640
60,13,0.492148
60,14,0.438214
60,15,0.520813
61,1,0.290060
61,2,0.452355
61,3,0.477188
61,4,0.535561
61,5,0.511496
61,6,0.541837
61,7,0.574110
61,8,0.449614
61,9,0.453112
61,10,0.502941
61,11,0.456459
61,12,0.431271
61,13,0.483348
61,14,0.500707
61,15,0.513183
62,1,0.463365
62,2,0.479866
62,3,0.435590
62,4,0.486708
62,5,0.483527
62,6,0.479160
62,7,0.454884
62,8,0.541495
62,9,0.435590
62,10,0.450552
62,11,0.540239
62,12,0.496972
62,13,0.464673
62,14,0.487234
62,15,0.454267
63,1,0.459058
63,2,0.000000
63,3,0.513768
63,4,0.482112
63,5,0.511992
63,6,0.457900
63,7,0.451120
63,8,0.455713
63,9,0.452793
63,10,0.434096
63,11,0.476214
63,12,0.350035
63,13,0.429600
63,14,0.483135
63,15,0.492503
64,1,0.462418
64,2,0.469224
64,3,0.506765
64,4,0.299435
64,5,0.453644
64,6,0.535952
64,7,0.311453
64,8,0.500261
64,9,0.434589
64,10,0.474659
64,11,0.499515
64,12,0.482253
64,13,0.472494
64,14,0.537407
64,15,0.497935
65,1,0.452635
65,2,0.523217
65,3,0.457414
65,4,0.436632
65,5,0.503853
65,6,0.397650
65,7,0.459310
65,8,0.470304
65,9,0.498608
65,10,0.518662
65,11,0.509730
65,12,0.535952
65,13,0.479444
65,14,0.541212
65,15,0.544214
66,1,0.475069
66,2,0.516135
66,3,0.512790
66,4,0.516609
66,5,0.521410
66,6,0.468990
66,7,0.547988
66,8,0.488311
66,9,0.000000
66,10,0.522955
66,11,0.435089
66,12,0.496877
66,13,0.447198
66,14,0.436810
66,15,0.454690
67,1,0.474746
67,2,0.515505
67,3,0.461636
67,4,0.508526
67,5,0.528196
67,6,0.548305
67,7,0.548001
67,8,0.519515
67,9,0.523288
67,10,0.523149
67,11,0.463043
67,12,0.497328
67,13,0.286981
67,14,0.506369
67,15,0.507999
68,1,0.537878
68,2,0.512949
68,3,0.575457
68,4,0.503569
68,5,0.534635
68,6,0.488224
68,7,0.480165
68,8,0.508697
68,9,0.523884
68,10,0.540630
68,11,0.530572
68,12,0.523915
68,13,0.579701
68,14,0.461727
68,15,0.495783
69,1,0.535135
69,2,0.487535
69,3,0.457748
69,4,0.520230
69,5,0.544948
69,6,0.533703
69,7,0.478135
69,8,0.435089
69,9,0.411744
69,10,0.585922
69,11,0.463045
69,12,0.521767
69,13,0.475683
69,14,0.498768
69,15,0.311285
70,1,0.462410
70,2,0.434589
70,3,0.488430
70,4,0.514134
70,5,0.495286
70,6,0.457661
70,7,0.434589
70,8,0.525817
70,9,0.576905
70,10,0.499364
70,11,0.541106
70,12,0.479507
70,13,0.507126
70,14,0.523915
70,15,0.519402
71,1,0.463437
71,2,0.548438
71,3,0.526055
71,4,0.585922
71,5,0.498139
71,6,0.434589
71,7,0.249193
71,8,0.534633
71,9,0.540846
71,10,0.495361
71,11,0.519388
71,12,0.470132
71,13,0.249384
71,14,0.478922
71,15,0.504719
72,1,0.522483
72,2,0.501617
72,3,0.519028
72,4,0.435089
72,5,0.497424
72,6,0.491204
72,7,0.475608
72,8,0.505148
72,9,0.524580
72,10,0.476216
72,11,0.541907
72,12,0.459058
72,13,0.528960
72,14,0.484157
72,15,0.535602
73,1,0.496160
73,2,0.457081
73,3,0.488479
73,4,0.548411
73,5,0.482941
73,6,0.503017
73,7,0.507669
73,8,0.503417
73,9,0.523211
73,10,0.452880
73,11,0.547988
73,12,0.520066
73,13,0.514624
73,14,0.523559
73,15,0.531964
74,1,0.436940
74,2,0.523217
74,3,0.547988
74,4,0.458749
74,5,0.500834
74,6,0.467082
74,7,0.514134
74,8,0.523915
74,9,0.523915
74,10,0.474714
74,11,0.437995
74,12,0.490446
74,13,0.485647
74,14,0.444352
74,15,0.467425
75,1,0.482984
75,2,0.471595
75,3,0.453878
75,4,0.459168
75,5,0.495783
75,6,0.483315
75,7,0.522940
75,8,0.517020
75,9,0.500096
75,10,0.495286
75,11,0.468998
75,12,0.499687
75,13,0.478244
75,14,0.530367
75,15,0.434589
76,1,0.497424
76,2,0.457129
76,3,0.531294
76,4,0.506124
76,5,0.525622
76,6,0.380913
76,7,0.353875
76,8,0.484345
76,9,0.477177
76,10,0.458975
76,11,0.468327
76,12,0.459268
76,13,0.503257
76,14,0.547988
76,15,0.457740
77,1,0.456480
77,2,0.454104
77,3,0.469815
77,4,0.432811
77,5,0.478968
77,6,0.483348
77,7,0.455927
77,8,0.513402
77,9,0.502595
77,10,0.459337
77,11,0.457129
77,12,0.522850
77,13,0.505401
77,14,0.512790
77,15,0.574110
78,1,0.555871
78,2,0.457147
78,3,0.483575
78,4,0.314447
78,5,0.453159
78,6,0.466679
78,7,0.461019
78,8,0.469179
78,9,0.482739
78,10,0.503697
78,11,0.458521
78,12,0.447354
78,13,0.455031
78,14,0.487234
78,15,0.493866
79,1,0.511916
79,2,0.534661
79,3,0.487013
79,4,0.434589
79,5,0.499727
79,6,0.547988
79,7,0.518417
79,8,0.486649
79,9,0.522955
79,10,0.435590
79,11,0.582009
79,12,0.545566
79,13,0.302335
79,14,0.499515
79,15,0.503449
80,1,0.504719
80,2,0.434589
80,3,0.487228
80,4,0.512655
80,5,0.458400
80,6,0.464788
80,7,0.434589
80,8,0.429401
80,9,0.312904
80,10,0.463219
80,11,0.480839
80,12,0.524980
80,13,0.435089
80,14,0.454158
80,15,0.456919
81,1,0.473996
81,2,0.337519
81,3,0.455984
81,4,0.506369
81,5,0.444352
81,6,0.478864
81,7,0.522955
81,8,0.438714
81,9,0.432176
81,10,0.446645
81,11,0.454115
81,12,0.520477
81,13,0.507531
81,14,0.460319
81,15,0.000000
82,1,0.479199
82,2,0.463546
82,3,0.483422
82,4,0.517930
82,5,0.535602
82,6,0.530367
82,7,0.506124
82,8,0.485880
82,9,0.536450
82,10,0.521476
82,11,0.535167
82,12,0.478489
82,13,0.467158
82,14,0.447546
82,15,0.468410
83,1,0.534661
83,2,0.464078
83,3,0.437995
83,4,0.480548
83,5,0.522940
83,6,0.539195
83,7,0.537712
83,8,0.450901
83,9,0.494576
83,10,0.457919
83,11,0.508753
83,12,0.462541
83,13,0.466928
83,14,0.491250
83,15,0.500994
84,1,0.484977
84,2,0.499267
84,3,0.533793
84,4,0.452758
84,5,0.485581
84,6,0.458399
84,7,0.506369
84,8,0.508526
84,9,0.522483
84,10,0.476432
84,11,0.552379
84,12,0.574110
84,13,0.533514
84,14,0.521093
84,15,0.449614
85,1,0.493297
85,2,0.474189
85,3,0.521309
85,4,0.516007
85,5,0.552609
85,6,0.449317
85,7,0.480334
85,8,0.462973
85,9,0.498575
85,10,0.491424
85,11,0.492503
85,12,0.510283
85,13,0.476064
85,14,0.523419
85,15,0.492513
86,1,0.512571
86,2,0.434589
86,3,0.535770
86,4,0.470846
86,5,0.522940
86,6,0.523212
86,7,0.466824
86,8,0.510773
86,9,0.356369
86,10,0.540239
86,11,0.525622
86,12,0.507051
86,13,0.530367
86,14,0.439357
86,15,0.484252
87,1,0.518987
87,2,0.506392
87,3,0.472434
87,4,0.506085
87,5,0.541319
87,6,0.535952
87,7,0.464046
87,8,0.000000
87,9,0.518565
87,10,0.355810
87,11,0.535561
87,12,0.496767
87,13,0.489347
87,14,0.516007
87,15,0.468528
88,1,0.498768
88,2,0.396328
88,3,0.467179
88,4,0.249634
88,5,0.484318
88,6,0.547988
88,7,0.463546
88,8,0.437609
88,9,0.466989
88,10,0.454104
88,11,0.574110
88,12,0.507051
88,13,0.473018
88,14,0.576623
88,15,0.535135
89,1,0.547242
89,2,0.559329
89,3,0.524881
89,4,0.532333
89,5,0.542916
89,6,0.515823
89,7,0.550301
89,8,0.471811
89,9,0.459487
89,10,0.457512
89,11,0.503522
89,12,0.465393
89,13,0.479764
89,14,0.457740
89,15,0.482253
90,1,0.520439
90,2,0.503492
90,3,0.438229
90,4,0.547988
90,5,0.576905
90,6,0.537086
90,7,0.469356
90,8,0.469783
90,9,0.527394
90,10,0.508753
90,11,0.434589
90,12,0.458399
90,13,0.485647
90,14,0.460349
90,15,0.574110
91,1,0.463308
91,2,0.489313
91,3,0.430471
91,4,0.441839
91,5,0.497804
91,6,0.479866
91,7,0.252061
91,8,0.522701
91,9,0.434589
91,10,0.486014
91,11,0.549802
91,12,0.545892
91,13,0.479618
91,14,0.547988
91,15,0.535952
92,1,0.435590
92,2,0.419837
92,3,0.401467
92,4,0.217795
92,5,0.465927
92,6,0.483763
92,7,0.434589
92,8,0.455094
92,9,0.535751
92,10,0.434260
92,11,0.497424
92,12,0.525622
92,13,0.000000
92,14,0.502593
92,15,0.510381
93,1,0.496515
93,2,0.524763
93,3,0.367662
93,4,0.491712
93,5,0.508409
93,6,0.515190
93,7,0.531624
93,8,0.490132
93,9,0.533163
93,10,0.466307
93,11,0.535561
93,12,0.504729
93,13,0.523915
93,14,0.511180
93,15,0.458415
94,1,0.446836
94,2,0.301451
94,3,0.467425
94,4,0.483188
94,5,0.504737
94,6,0.536140
94,7,0.533609
94,8,0.434589
94,9,0.497155
94,10,0.554919
94,11,0.543628
94,12,0.455092
94,13,0.475409
94,14,0.506861
94,15,0.447027
95,1,0.496470
95,2,0.434589
95,3,0.370510
95,4,0.484034
95,5,0.459373
95,6,0.501264
95,7,0.564999
95,8,0.574110
95,9,0.538390
95,10,0.469356
95,11,0.509655
95,12,0.555991
95,13,0.553033
95,14,0.577891
95,15,0.534946
96,1,0.537364
96,2,0.498445
96,3,0.527897
96,4,0.474079
96,5,0.520262
96,6,0.517693
96,7,0.472835
96,8,0.525084
96,9,0.447198
96,10,0.537648
96,11,0.434589
96,12,0.496877
96,13,0.518417
96,14,0.514459
96,15,0.481797
97,1,0.306372
97,2,0.480579
97,3,0.536737
97,4,0.434589
97,5,0.517347
97,6,0.526538
97,7,0.514856
97,8,0.520477
97,9,0.481414
97,10,0.523915
97,11,0.545137
97,12,0.523851
97,13,0.000000
97,14,0.000000
97,15,0.534946
98,1,0.529648
98,2,0.532282
98,3,0.472792
98,4,0.487234
98,5,0.484613
98,6,0.486488
98,7,0.493297
98,8,0.555926
98,9,0.540406
98,10,0.534607
98,11,0.359293
98,12,0.501497
98,13,0.461259
98,14,0.498278
98,15,0.523217
99,1,0.000000
99,2,0.521473
99,3,0.478963
99,4,0.520001
99,5,0.452426
99,6,0.437995
99,7,0.486785
99,8,0.520949
99,9,0.438214
99,10,0.474983
99,11,0.521663
99,12,0.493001
99,13,0.546623
99,14,0.577766
99,15,0.548001
100,1,0.254376
100,2,0.464246
100,3,0.508084
100,4,0.514134
100,5,0.442828
100,6,0.456363
100,7,0.335713
100,8,0.475219
100,9,0.520973
100,10,0.494728
100,11,0.492854
100,12,0.549676
100,13,0.540846
100,14,0.533808
100,15,0.512390
101,1,0.525700
101,2,0.462002
101,3,0.429676
101,4,0.456067
101,5,0.477397
101,6,0.405085
101,7,0.466453
101,8,0.306162
101,9,0.474468
101,10,0.472494
101,11,0.503536
101,12,0.478244
101,13,0.547988
101,14,0.463513
101,15,0.423462
102,1,0.520477
102,2,0.508649
102,3,0.574110
102,4,0.507051
102,5,0.475950
102,6,0.535153
102,7,0.533622
102,8,0.578040
102,9,0.530367
102,10,0.467425
102,11,0.508753
102,12,0.484200
102,13,0.495783
102,14,0.457620
102,15,0.443860
103,1,0.454540
103,2,0.474604
103,3,0.460047
103,4,0.522955
103,5,0.480649
103,6,0.537823
103,7,0.547083
103,8,0.541922
103,9,0.551038
103,10,0.534431
103,11,0.522583
103,12,0.454542
103,13,0.498489
103,14,0.464078
103,15,0.000000
104,1,0.507261
104,2,0.481052
104,3,0.453329
104,4,0.536737
104,5,0.000000
104,6,0.514536
104,7,0.506464
104,8,0.492904
104,9,0.561723
104,10,0.514221
104,11,0.535135
104,12,0.525533
104,13,0.548550
104,14,0.000000
104,15,0.505720
105,1,0.446493
105,2,0.494256
105,3,0.440876
105,4,0.478864
105,5,0.470024
105,6,0.456734
105,7,0.441671
105,8,0.479715
105,9,0.535561
105,10,0.525622
105,11,0.501733
105,12,0.311758
105,13,0.483732
105,14,0.508475
105,15,0.499536
106,1,0.457740
106,2,0.498136
106,3,0.459168
106,4,0.508193
106,5,0.480551
106,6,0.522955
106,7,0.538283
106,8,0.521258
106,9,0.529871
106,10,0.509730
106,11,0.452426
106,12,0.474659
106,13,0.482849
106,14,0.522989
106,15,0.520256
107,1,0.464885
107,2,0.301604
107,3,0.474659
107,4,0.532282
107,5,0.493745
107,6,0.520813
107,7,0.525710
107,8,0.434589
107,9,0.405085
107,10,0.488352
107,11,0.493637
107,12,0.512019
107,13,0.526178
107,14,0.574110
107,15,0.552379
108,1,0.495783
108,2,0.437005
108,3,0.000000
108,4,0.478090
108,5,0.455628
108,6,0.482393
108,7,0.528786
108,8,0.512623
108,9,0.482773
108,10,0.525802
108,11,0.513102
108,12,0.466881
108,13,0.498950
108,14,0.547988
108,15,0.501323
109,1,0.564999
109,2,0.575772
109,3,0.576567
109,4,0.536718
109,5,0.471671
109,6,0.489446
109,7,0.289726
109,8,0.475249
109,9,0.486625
109,10,0.523086
109,11,0.457129
109,12,0.482488
109,13,0.301284
109,14,0.456067
109,15,0.467429
110,1,0.303069
110,2,0.456067
110,3,0.510055
110,4,0.531822
110,5,0.475608
110,6,0.252061
110,7,0.479135
110,8,0.434589
110,9,0.468327
110,10,0.492784
110,11,0.531294
110,12,0.536450
110,13,0.490556
110,14,0.358162
110,15,0.511538
111,1,0.470706
111,2,0.251640
111,3,0.471671
111,4,0.462961
111,5,0.458756
111,6,0.463277
111,7,0.501691
111,8,0.502970
111,9,0.435590
111,10,0.501899
111,11,0.531200
111,12,0.512790
111,13,0.000000
111,14,0.520813
111,15,0.480657
112,1,0.574110
112,2,0.464209
112,3,0.465457
112,4,0.461619
112,5,0.519773
112,6,0.562877
112,7,0.510919
112,8,0.495429
112,9,0.575973
112,10,0.462370
112,11,0.462683
112,12,0.434589
112,13,0.479866
112,14,0.342487
112,15,0.488557
113,1,0.515399
113,2,0.475666
113,3,0.527475
113,4,0.557795
113,5,0.550903
113,6,0.515271
113,7,0.435590
113,8,0.516929
113,9,0.476278
113,10,0.523176
113,11,0.574110
113,12,0.541373
113,13,0.541212
113,14,0.467926
113,15,0.526456
114,1,0.545695
114,2,0.525622
114,3,0.495958
114,4,0.510891
114,5,0.506124
114,6,0.457129
114,7,0.513465
114,8,0.496306
114,9,0.509427
114,10,0.520417
114,11,0.442664
114,12,0.477289
114,13,0.531624
114,14,0.516349
114,15,0.490375
115,1,0.544074
115,2,0.512465
115,3,0.529393
115,4,0.529984
115,5,0.534971
115,6,0.435590
115,7,0.491894
115,8,0.574110
115,9,0.426354
115,10,0.434589
115,11,0.497424
115,12,0.442137
115,13,0.452819
115,14,0.457702
115,15,0.466814
116,1,0.459597
116,2,0.478025
116,3,0.475784
116,4,0.354830
116,5,0.411744
116,6,0.372678
116,7,0.411744
116,8,0.472995
116,9,0.482701
116,10,0.532565
116,11,0.577435
116,12,0.491204
116,13,0.542906
116,14,0.510919
116,15,0.522515
117,1,0.542215
117,2,0.523038
117,3,0.521523
117,4,0.519585
117,5,0.485124
117,6,0.443338
117,7,0.444884
117,8,0.516473
117,9,0.499845
117,10,0.465280
117,11,0.306750
117,12,0.489699
117,13,0.465567
117,14,0.499687
117,15,0.459268
118,1,0.481802
118,2,0.459542
118,3,0.457651
118,4,0.506765
118,5,0.522194
118,6,0.457365
118,7,0.461541
118,8,0.452176
118,9,0.466021
118,10,0.499892
118,11,0.464786
118,12,0.524495
118,13,0.503231
118,14,0.494981
118,15,0.534221
119,1,0.467555
119,2,0.480504
119,3,0.405085
119,4,0.503279
119,5,0.473220
119,6,0.492922
119,7,0.446635
119,8,0.456673
119,9,0.491418
119,10,0.512064
119,11,0.460456
119,12,0.542640
119,13,0.575457
119,14,0.533443
119,15,0.463045
120,1,0.502190
120,2,0.496629
120,3,0.508570
120,4,0.574110
120,5,0.441839
120,6,0.468327
120,7,0.314447
120,8,0.517321
120,9,0.306248
120,10,0.476808
120,11,0.494471
120,12,0.483131
120,13,0.499005
120,14,0.458100
120,15,0.462238
121,1,0.548438
121,2,0.520031
121,3,0.574110
121,4,0.557856
121,5,0.534268
121,6,0.543952
121,7,0.524952
121,8,0.434589
121,9,0.539871
121,10,0.459497
121,11,0.506974
121,12,0.507051
121,13,0.491357
121,14,0.525804
121,15,0.434589
122,1,0.000000
122,2,0.314447
122,3,0.474604
122,4,0.502789
122,5,0.530203
122,6,0.515580
122,7,0.507392
122,8,0.480242
122,9,0.340361
122,10,0.445144
122,11,0.480495
122,12,0.518244
122,13,0.531294
122,14,0.532880
122,15,0.519145
123,1,0.448606
123,2,0.530017
123,3,0.524664
123,4,0.536737
123,5,0.523217
123,6,0.498310
123,7,0.488352
123,8,0.530461
123,9,0.514624
123,10,0.526170
123,11,0.497913
123,12,0.574110
123,13,0.471671
123,14,0.576623
123,15,0.489446
124,1,0.524679
124,2,0.434096
124,3,0.453644
124,4,0.469356
124,5,0.534939
124,6,0.454104
124,7,0.519921
124,8,0.539797
124,9,0.514221
124,10,0.342424
124,11,0.506369
124,12,0.504199
124,13,0.574110
124,14,0.504352
124,15,0.469356
125,1,0.460632
125,2,0.486625
125,3,0.576623
125,4,0.458982
125,5,0.534946
125,6,0.478383
125,7,0.490986
125,8,0.502965
125,9,0.460387
125,10,0.465155
125,11,0.493193
125,12,0.430471
125,13,0.454796
125,14,0.542752
125,15,0.547988
126,1,0.525649
126,2,0.535220
126,3,0.533703
126,4,0.544847
126,5,0.559623
126,6,0.455326
126,7,0.478025
126,8,0.534946
126,9,0.509997
126,10,0.475594
126,11,0.547715
126,12,0.538053
126,13,0.523217
126,14,0.513307
126,15,0.549866
127,1,0.497922
127,2,0.492297
127,3,0.523915
127,4,0.435590
127,5,0.531294
127,6,0.489537
127,7,0.524957
127,8,0.547988
127,9,0.457748
127,10,0.441839
127,11,0.459268
127,12,0.471671
127,13,0.452656
127,14,0.534946
127,15,0.478474
128,1,0.506117
128,2,0.508441
128,3,0.456813
128,4,0.440644
128,5,0.520526
128,6,0.397650
128,7,0.450573
128,8,0.506369
128,9,0.507779
128,10,0.472171
128,11,0.301284
128,12,0.467425
128,13,0.513402
128,14,0.520074
128,15,0.459168
129,1,0.524980
129,2,0.472171
129,3,0.526614
129,4,0.457397
129,5,0.249193
129,6,0.504083
129,7,0.459923
129,8,0.462746
129,9,0.474901
129,10,0.530884
129,11,0.437339
129,12,0.425789
129,13,0.493545
129,14,0.492966
129,15,0.467425
130,1,0.544118
130,2,0.488224
130,3,0.496963
130,4,0.526342
130,5,0.466380
130,6,0.501273
130,7,0.344205
130,8,0.477695
130,9,0.446165
130,10,0.472205
130,11,0.510177
130,12,0.505189
130,13,0.522758
130,14,0.531367
130,15,0.532282
131,1,0.520477
131,2,0.538343
131,3,0.512790
131,4,0.532858
131,5,0.576905
131,6,0.574110
131,7,0.539811
131,8,0.472171
131,9,0.530403
131,10,0.515591
131,11,0.286981
131,12,0.493297
131,13,0.482366
131,14,0.533514
131,15,0.519291
132,1,0.534221
132,2,0.450613
132,3,0.254376
132,4,0.455331
132,5,0.519606
132,6,0.512493
132,7,0.542116
132,8,0.521666
132,9,0.442233
132,10,0.459268
132,11,0.513768
132,12,0.502907
132,13,0.512167
132,14,0.505581
132,15,0.535093
133,1,0.553033
133,2,0.466764
133,3,0.463832
133,4,0.458397
133,5,0.518780
133,6,0.460592
133,7,0.499687
133,8,0.302335
133,9,0.495436
133,10,0.477405
133,11,0.469783
133,12,0.336504
133,13,0.429676
133,14,0.479866
133,15,0.472995
134,1,0.449476
134,2,0.493604
134,3,0.475640
134,4,0.449266
134,5,0.467714
134,6,0.481814
134,7,0.479771
134,8,0.517036
134,9,0.555422
134,10,0.464209
134,11,0.524495
134,12,0.460154
134,13,0.438214
134,14,0.458169
134,15,0.454833
135,1,0.482252
135,2,0.516035
135,3,0.434589
135,4,0.504507
135,5,0.463495
135,6,0.478922
135,7,0.434589
135,8,0.460270
135,9,0.525935
135,10,0.499683
135,11,0.530390
135,12,0.510654
135,13,0.457456
135,14,0.501560
135,15,0.457740
136,1,0.469444
136,2,0.505058
136,3,0.469558
136,4,0.500600
136,5,0.460123
136,6,0.526170
136,7,0.537698
136,8,0.313238
136,9,0.454267
136,10,0.472833
136,11,0.270057
136,12,0.450772
136,13,0.484081
136,14,0.313108
136,15,0.494533
137,1,0.478373
137,2,0.523994
137,3,0.515707
137,4,0.552962
137,5,0.337625
137,6,0.482397
137,7,0.574110
137,8,0.493026
137,9,0.477071
137,10,0.456067
137,11,0.509177
137,12,0.456045
137,13,0.453785
137,14,0.493314
137,15,0.457411
138,1,0.527159
138,2,0.536140
138,3,0.544118
138,4,0.554919
138,5,0.492795
138,6,0.483348
138,7,0.511347
138,8,0.495731
138,9,0.547988
138,10,0.521847
138,11,0.497922
138,12,0.452414
138,13,0.522927
138,14,0.522955
138,15,0.457536
139,1,0.301151
139,2,0.531294
139,3,0.519652
139,4,0.306372
139,5,0.502887
139,6,0.459373
139,7,0.458411
139,8,0.217294
139,9,0.467860
139,10,0.498081
139,11,0.574110
139,12,0.503231
139,13,0.486625
139,14,0.534946
139,15,0.488636
140,1,0.522850
140,2,0.452693
140,3,0.503017
140,4,0.526170
140,5,0.493271
140,6,0.542906
140,7,0.547988
140,8,0.523217
140,9,0.522483
140,10,0.511180
140,11,0.491670
140,12,0.492632
140,13,0.526615
140,14,0.522989
140,15,0.522167
141,1,0.366548
141,2,0.463428
141,3,0.473137
141,4,0.507642
141,5,0.468789
141,6,0.522986
141,7,0.460014
141,8,0.524523
141,9,0.489354
141,10,0.521591
141,11,0.460447
141,12,0.576623
141,13,0.458975
141,14,0.434589
141,15,0.506369
142,1,0.286981
142,2,0.488830
142,3,0.453441
142,4,0.518839
142,5,0.434589
142,6,0.405085
142,7,0.405085
142,8,0.452673
142,9,0.436940
142,10,0.555304
142,11,0.513014
142,12,0.522649
142,13,0.456734
142,14,0.519178
142,15,0.352693
143,1,0.485647
143,2,0.535561
143,3,0.540846
143,4,0.459426
143,5,0.553495
143,6,0.532290
143,7,0.493637
143,8,0.522955
143,9,0.532282
143,10,0.482941
143,11,0.480839
143,12,0.547988
143,13,0.478837
143,14,0.530367
143,15,0.531964
144,1,0.472977
144,2,0.454104
144,3,0.486922
144,4,0.489953
144,5,0.522940
144,6,0.499194
144,7,0.559329
144,8,0.532156
144,9,0.461575
144,10,0.535561
144,11,0.454104
144,12,0.520477
144,13,0.524979
144,14,0.536737
144,15,0.434589
145,1,0.494256
145,2,0.445082
145,3,0.442613
145,4,0.515823
145,5,0.508669
145,6,0.530367
145,7,0.524569
145,8,0.476248
145,9,0.526637
145,10,0.536737
145,11,0.521326
145,12,0.439418
145,13,0.547988
145,14,0.534400
145,15,0.552379
146,1,0.535036
146,2,0.521175
146,3,0.474791
146,4,0.499879
146,5,0.249384
146,6,0.434589
146,7,0.480873
146,8,0.469856
146,9,0.304613
146,10,0.477004
146,11,0.453441
146,12,0.458888
146,13,0.466333
146,14,0.503005
146,15,0.446481
147,1,0.447546
147,2,0.515457
147,3,0.434589
147,4,0.457054
147,5,0.325344
147,6,0.434589
147,7,0.458529
147,8,0.458710
147,9,0.547810
147,10,0.533703
147,11,0.361602
147,12,0.540239
147,13,0.000000
147,14,0.481434
147,15,0.462819
148,1,0.487234
148,2,0.435590
148,3,0.502976
148,4,0.457620
148,5,0.574110
148,6,0.528519
148,7,0.534391
148,8,0.550505
148,9,0.502802
148,10,0.534221
148,11,0.459525
148,12,0.450144
148,13,0.483254
148,14,0.532880
148,15,0.539256
149,1,0.514032
149,2,0.458678
149,3,0.468038
149,4,0.486725
149,5,0.492234
149,6,0.534468
149,7,0.533703
149,8,0.478928
149,9,0.557947
149,10,0.521623
149,11,0.451569
149,12,0.494330
149,13,0.461791
149,14,0.482721
149,15,0.471253
150,1,0.518102
150,2,0.458071
150,3,0.513424
150,4,0.506124
150,5,0.510371
150,6,0.527970
150,7,0.524101
150,8,0.523118
150,9,0.461132
150,10,0.486875
150,11,0.457740
150,12,0.574110
150,13,0.515813
150,14,0.482941
150,15,0.343325
151,1,0.427515
151,2,0.444743
151,3,0.428538
151,4,0.574110
151,5,0.525622
151,6,0.340301
151,7,0.456319
151,8,0.459095
151,9,0.462139
151,10,0.457203
151,11,0.488667
151,12,0.452675
151,13,0.480087
151,14,0.535561
151,15,0.505408
152,1,0.547075
152,2,0.456879
152,3,0.544869
152,4,0.460526
152,5,0.467860
152,6,0.301451
152,7,0.473996
152,8,0.503810
152,9,0.515813
152,10,0.509161
152,11,0.542212
152,12,0.574598
152,13,0.458975
152,14,0.507800
152,15,0.535135
153,1,0.521258
153,2,0.546623
153,3,0.547988
153,4,0.582009
153,5,0.467425
153,6,0.491819
153,7,0.452384
153,8,0.471188
153,9,0.451927
153,10,0.396328
153,11,0.530751
153,12,0.463546
153,13,0.518104
153,14,0.458702
153,15,0.564999
154,1,0.434589
154,2,0.304613
154,3,0.488311
154,4,0.517210
154,5,0.473639
154,6,0.000000
154,7,0.533704
154,8,0.426354
154,9,0.491204
154,10,0.457129
154,11,0.507999
154,12,0.475682
154,13,0.526170
154,14,0.508441
154,15,0.515823
155,1,0.468327
155,2,0.453469
155,3,0.459015
155,4,0.447546
155,5,0.502298
155,6,0.511062
155,7,0.447379
155,8,0.508770
155,9,0.430471
155,10,0.453441
155,11,0.470811
155,12,0.468795
155,13,0.501076
155,14,0.531964
155,15,0.489863
156,1,0.532336
156,2,0.577766
156,3,0.535135
156,4,0.522850
156,5,0.435590
156,6,0.457257
156,7,0.536505
156,8,0.511358
156,9,0.574110
156,10,0.441741
156,11,0.485419
156,12,0.531964
156,13,0.508127
156,14,0.532282
156,15,0.472792
157,1,0.455411
157,2,0.495315
157,3,0.539164
157,4,0.460554
157,5,0.499879
157,6,0.527916
157,7,0.435590
157,8,0.450943
157,9,0.487148
157,10,0.507192
157,11,0.483771
157,12,0.547988
157,13,0.505022
157,14,0.456119
157,15,0.485885
158,1,0.217795
158,2,0.459545
158,3,0.452487
158,4,0.499267
158,5,0.535561
158,6,0.499683
158,7,0.547988
158,8,0.489271
158,9,0.534182
158,10,0.486875
158,11,0.574110
158,12,0.524299
158,13,0.000000
158,14,0.536737
158,15,0.531294
159,1,0.470976
159,2,0.492966
159,3,0.547988
159,4,0.536499
159,5,0.467425
159,6,0.477620
159,7,0.488479
159,8,0.434589
159,9,0.000000
159,10,0.457620
159,11,0.461771
159,12,0.475249
159,13,0.530507
159,14,0.446359
159,15,0.480437
160,1,0.547988
160,2,0.492853
160,3,0.495545
160,4,0.574110
160,5,0.479743
160,6,0.432130
160,7,0.498833
160,8,0.449317
160,9,0.460953
160,10,0.476442
160,11,0.434589
160,12,0.486725
160,13,0.502280
160,14,0.536505
160,15,0.454647
161,1,0.498950
161,2,0.434589
161,3,0.502970
161,4,0.465385
161,5,0.334511
161,6,0.487026
161,7,0.481344
161,8,0.536505
161,9,0.585424
161,10,0.361351
161,11,0.499248
161,12,0.536466
161,13,0.495415
161,14,0.449614
161,15,0.453805
162,1,0.464197
162,2,0.487234
162,3,0.217795
162,4,0.304613
162,5,0.446645
162,6,0.442770
162,7,0.450797
162,8,0.545294
162,9,0.520033
162,10,0.520859
162,11,0.457456
162,12,0.497045
162,13,0.450745
162,14,0.449785
162,15,0.482810
163,1,0.518344
163,2,0.459168
163,3,0.548001
163,4,0.434589
163,5,0.466824
163,6,0.311119
163,7,0.495941
163,8,0.482497
163,9,0.532320
163,10,0.370059
163,11,0.437598
163,12,0.524980
163,13,0.486831
163,14,0.472167
163,15,0.479866
164,1,0.555991
164,2,0.540846
164,3,0.533045
164,4,0.463308
164,5,0.536560
164,6,0.463277
164,7,0.481844
164,8,0.459471
164,9,0.454115
164,10,0.454115
164,11,0.534946
164,12,0.506117
164,13,0.495004
164,14,0.479113
164,15,0.453392
165,1,0.524980
165,2,0.443116
165,3,0.445175
165,4,0.496481
165,5,0.453329
165,6,0.458169
165,7,0.381842
165,8,0.462491
165,9,0.452653
165,10,0.501076
165,11,0.463590
165,12,0.451383
165,13,0.483527
165,14,0.434589
165,15,0.480689
166,1,0.463546
166,2,0.368513
166,3,0.501691
166,4,0.524886
166,5,0.496160
166,6,0.458415
166,7,0.511528
166,8,0.485318
166,9,0.521767
166,10,0.582009
166,11,0.546563
166,12,0.536505
166,13,0.456565
166,14,0.470129
166,15,0.529715
167,1,0.514624
167,2,0.469373
167,3,0.524190
167,4,0.518417
167,5,0.481061
167,6,0.492326
167,7,0.434589
167,8,0.493029
167,9,0.445132
167,10,0.371031
167,11,0.454267
167,12,0.524980
167,13,0.503577
167,14,0.492503
167,15,0.508960
168,1,0.533704
168,2,0.464451
168,3,0.531488
168,4,0.238320
168,5,0.354876
168,6,0.501691
168,7,0.481423
168,8,0.518987
168,9,0.521410
168,10,0.530367
168,11,0.513670
168,12,0.380913
168,13,0.456480
168,14,0.329731
168,15,0.483108
169,1,0.519710
169,2,0.512449
169,3,0.488479
169,4,0.547988
169,5,0.506090
169,6,0.508353
169,7,0.554567
169,8,0.495545
169,9,0.574110
169,10,0.536574
169,11,0.534391
169,12,0.534946
169,13,0.535135
169,14,0.488893
169,15,0.526551
170,1,0.523558
170,2,0.465458
170,3,0.463428
170,4,0.553196
170,5,0.372344
170,6,0.477319
170,7,0.468166
170,8,0.523235
170,9,0.480839
170,10,0.306248
170,11,0.502910
170,12,0.456795
170,13,0.411744
170,14,0.473422
170,15,0.535561
171,1,0.370954
171,2,0.493006
171,3,0.527474
171,4,0.531838
171,5,0.508421
171,6,0.514775
171,7,0.461237
171,8,0.547988
171,9,0.535952
171,10,0.555991
171,11,0.434589
171,12,0.461727
171,13,0.483348
171,14,0.501123
171,15,0.539334
172,1,0.446254
172,2,0.472792
172,3,0.481289
172,4,0.523915
172,5,0.513747
172,6,0.464078
172,7,0.301284
172,8,0.454115
172,9,0.434589
172,10,0.467425
172,11,0.520477
172,12,0.523449
172,13,0.467926
172,14,0.533704
172,15,0.457868
173,1,0.506369
173,2,0.484252
173,3,0.539533
173,4,0.464406
173,5,0.511428
173,6,0.500748
173,7,0.504536
173,8,0.503998
173,9,0.462250
173,10,0.452880
173,11,0.527474
173,12,0.498624
173,13,0.479425
173,14,0.466679
173,15,0.521571
174,1,0.457620
174,2,0.423462
174,3,0.519178
174,4,0.453502
174,5,0.301284
174,6,0.301451
174,7,0.497453
174,8,0.533882
174,9,0.541848
174,10,0.550303
174,11,0.523149
174,12,0.462060
174,13,0.477034
174,14,0.481320
174,15,0.477473
175,1,0.526686
175,2,0.504704
175,3,0.525519
175,4,0.306039
175,5,0.486053
175,6,0.535135
175,7,0.535135
175,8,0.471671
175,9,0.468639
175,10,0.444975
175,11,0.535561
175,12,0.540145
175,13,0.532282
175,14,0.493297
175,15,0.479193
176,1,0.524693
176,2,0.527293
176,3,0.452359
176,4,0.451927
176,5,0.432811
176,6,0.435089
176,7,0.480689
176,8,0.533704
176,9,0.302335
176,10,0.479510
176,11,0.523915
176,12,0.522483
176,13,0.510381
176,14,0.472990
176,15,0.521742
177,1,0.539137
177,2,0.441268
177,3,0.502966
177,4,0.342424
177,5,0.429600
177,6,0.501134
177,7,0.473603
177,8,0.484564
177,9,0.482959
177,10,0.469856
177,11,0.337107
177,12,0.485413
177,13,0.515190
177,14,0.510903
177,15,0.438214
178,1,0.335713
178,2,0.524190
178,3,0.518417
178,4,0.454115
178,5,0.523751
178,6,0.512449
178,7,0.375463
178,8,0.488227
178,9,0.491357
178,10,0.466679
178,11,0.527474
178,12,0.457129
178,13,0.544948
178,14,0.450990
178,15,0.459320
179,1,0.542718
179,2,0.542126
179,3,0.524486
179,4,0.515102
179,5,0.536505
179,6,0.535602
179,7,0.473956
179,8,0.522443
179,9,0.557795
179,10,0.467926
179,11,0.520925
179,12,0.519303
179,13,0.547517
179,14,0.521732
179,15,0.462299
180,1,0.503766
180,2,0.535135
180,3,0.430471
180,4,0.452010
180,5,0.501076
180,6,0.467553
180,7,0.456469
180,8,0.442770
180,9,0.475166
180,10,0.451631
180,11,0.491246
180,12,0.500604
180,13,0.547988
180,14,0.450276
180,15,0.446717
181,1,0.434589
181,2,0.496877
181,3,0.546675
181,4,0.439685
181,5,0.453644
181,6,0.530367
181,7,0.470364
181,8,0.437005
181,9,0.453086
181,10,0.459058
181,11,0.446879
181,12,0.480294
181,13,0.479492
181,14,0.526422
181,15,0.444608
182,1,0.463451
182,2,0.518229
182,3,0.520116
182,4,0.503420
182,5,0.480650
182,6,0.522955
182,7,0.532282
182,8,0.510703
182,9,0.445859
182,10,0.531294
182,11,0.513670
182,12,0.480851
182,13,0.492458
182,14,0.531518
182,15,0.457053
183,1,0.452675
183,2,0.456919
183,3,0.506369
183,4,0.508526
183,5,0.495015
183,6,0.474851
183,7,0.547988
183,8,0.521591
183,9,0.520165
183,10,0.536762
183,11,0.474413
183,12,0.524190
183,13,0.530270
183,14,0.564999
183,15,0.535252
184,1,0.532814
184,2,0.547988
184,3,0.524452
184,4,0.526170
184,5,0.375263
184,6,0.411744
184,7,0.464264
184,8,0.511358
184,9,0.457129
184,10,0.517022
184,11,0.464798
184,12,0.482266
184,13,0.456323
184,14,0.479316
184,15,0.510660
185,1,0.498005
185,2,0.561723
185,3,0.520477
185,4,0.000000
185,5,0.457461
185,6,0.460192
185,7,0.485614
185,8,0.529871
185,9,0.519197
185,10,0.457129
185,11,0.250131
185,12,0.508183
185,13,0.502083
185,14,0.517719
185,15,0.441839
186,1,0.467425
186,2,0.304613
186,3,0.481458
186,4,0.498689
186,5,0.523916
186,6,0.513747
186,7,0.559811
186,8,0.444518
186,9,0.453878
186,10,0.470510
186,11,0.534946
186,12,0.514667
186,13,0.526551
186,14,0.544823
186,15,0.454423
187,1,0.485800
187,2,0.547988
187,3,0.523915
187,4,0.518675
187,5,0.461237
187,6,0.338710
187,7,0.466278
187,8,0.463546
187,9,0.500834
187,10,0.480398
187,11,0.491359
187,12,0.333574
187,13,0.501899
187,14,0.517945
187,15,0.458982
188,1,0.465307
188,2,0.520439
188,3,0.481004
188,4,0.486683
188,5,0.513832
188,6,0.310392
188,7,0.456916
188,8,0.480228
188,9,0.488088
188,10,0.462378
188,11,0.470129
188,12,0.531728
188,13,0.519925
188,14,0.526386
188,15,0.464027
189,1,0.490608
189,2,0.434589
189,3,0.533129
189,4,0.480708
189,5,0.508753
189,6,0.506677
189,7,0.549866
189,8,0.488479
189,9,0.441839
189,10,0.495545
189,11,0.536737
189,12,0.445859
189,13,0.455027
189,14,0.494605
189,15,0.500715
190,1,0.488479
190,2,0.520703
190,3,0.441839
190,4,0.530367
190,5,0.489863
190,6,0.463308
190,7,0.582009
190,8,0.531294
190,9,0.486625
190,10,0.505839
190,11,0.522955
190,12,0.528954
190,13,0.508315
190,14,0.535602
190,15,0.521322
191,1,0.464451
191,2,0.545469
191,3,0.551831
191,4,0.574110
191,5,0.467940
191,6,0.458501
191,7,0.441839
191,8,0.452274
191,9,0.466814
191,10,0.521767
191,11,0.459162
191,12,0.508487
191,13,0.481667
191,14,0.461161
191,15,0.495844
192,1,0.501647
192,2,0.543194
192,3,0.441839
192,4,0.485268
192,5,0.465960
192,6,0.452355
192,7,0.480948
192,8,0.547988
192,9,0.547988
192,10,0.459644
192,11,0.453269
192,12,0.574110
192,13,0.529573
192,14,0.536737
192,15,0.523364
193,1,0.452359
193,2,0.521767
193,3,0.435089
193,4,0.493604
193,5,0.434589
193,6,0.457129
193,7,0.522701
193,8,0.493637
193,9,0.457740
193,10,0.473417
193,11,0.516472
193,12,0.479792
193,13,0.489998
193,14,0.484081
193,15,0.511916
194,1,0.528300
194,2,0.525065
194,3,0.534946
194,4,0.464209
194,5,0.471376
194,6,0.549866
194,7,0.519921
194,8,0.545274
194,9,0.539256
194,10,0.534191
194,11,0.457720
194,12,0.456882
194,13,0.456405
194,14,0.510891
194,15,0.478259
195,1,0.499687
195,2,0.430471
195,3,0.499258
195,4,0.496465
195,5,0.513670
195,6,0.509730
195,7,0.525419
195,8,0.470328
195,9,0.514107
195,10,0.483348
195,11,0.459058
195,12,0.463545
195,13,0.535952
195,14,0.477949
195,15,0.513942
196,1,0.474412
196,2,0.449525
196,3,0.452823
196,4,0.480429
196,5,0.490146
196,6,0.489899
196,7,0.464872
196,8,0.441839
196,9,0.479148
196,10,0.531300
196,11,0.462060
196,12,0.490102
196,13,0.522955
196,14,0.457129
196,15,0.454104
197,1,0.492966
197,2,0.521767
197,3,0.546223
197,4,0.521570
197,5,0.557914
197,6,0.469226
197,7,0.498833
197,8,0.519164
197,9,0.471641
197,10,0.438214
197,11,0.484581
197,12,0.494471
197,13,0.510919
197,14,0.000000
197,15,0.524693
198,1,0.496381
198,2,0.463174
198,3,0.467252
198,4,0.454327
198,5,0.525634
198,6,0.344000
198,7,0.472938
198,8,0.467471
198,9,0.446165
198,10,0.467536
198,11,0.435612
198,12,0.492503
198,13,0.500261
198,14,0.467795
198,15,0.445423
199,1,0.516601
199,2,0.513747
199,3,0.462680
199,4,0.544948
199,5,0.533703
199,6,0.437673
199,7,0.461999
199,8,0.465688
199,9,0.523751
199,10,0.521486
199,11,0.484200
199,12,0.519401
199,13,0.446782
199,14,0.446672
199,15,0.547988
200,1,0.553196
200,2,0.286981
200,3,0.457262
200,4,0.305080
200,5,0.506117
200,6,0.467179
200,7,0.479359
200,8,0.526170
200,9,0.489870
200,10,0.523149
200,11,0.434589
200,12,0.530367
200,13,0.446285
200,14,0.296580
200,15,0.474703
201,1,0.487307
201,2,0.547988
201,3,0.247578
201,4,0.532821
201,5,0.308679
201,6,0.455113
201,7,0.553196
201,8,0.476734
201,9,0.512959
201,10,0.451235
201,11,0.447241
201,12,0.457338
201,13,0.396328
201,14,0.465197
201,15,0.458100
202,1,0.457129
202,2,0.486180
202,3,0.457660
202,4,0.493195
202,5,0.508026
202,6,0.494774
202,7,0.370691
202,8,0.453469
202,9,0.456316
202,10,0.488122
202,11,0.539228
202,12,0.466082
202,13,0.492966
202,14,0.524980
202,15,0.513747
203,1,0.470976
203,2,0.515788
203,3,0.435590
203,4,0.456363
203,5,0.466988
203,6,0.508753
203,7,0.516134
203,8,0.467136
203,9,0.457678
203,10,0.000000
203,11,0.513993
203,12,0.522257
203,13,0.457456
203,14,0.279891
203,15,0.455984
204,1,0.451927
204,2,0.437995
204,3,0.465197
204,4,0.537116
204,5,0.564999
204,6,0.488479
204,7,0.532657
204,8,0.312218
204,9,0.497013
204,10,0.467136
204,11,0.478606
204,12,0.311439
204,13,0.453159
204,14,0.453424
204,15,0.511369
205,1,0.552946
205,2,0.520515
205,3,0.530367
205,4,0.522115
205,5,0.463783
205,6,0.521591
205,7,0.509180
205,8,0.514963
205,9,0.435590
205,10,0.492857
205,11,0.520535
205,12,0.464786
205,13,0.479439
205,14,0.463546
205,15,0.479866
206,1,0.000000
206,2,0.497782
206,3,0.485508
206,4,0.498010
206,5,0.459967
206,6,0.488941
206,7,0.473884
206,8,0.450635
206,9,0.456857
206,10,0.494162
206,11,0.509449
206,12,0.539444
206,13,0.467252
206,14,0.479551
206,15,0.496676
207,1,0.542738
207,2,0.529573
207,3,0.460125
207,4,0.502478
207,5,0.574110
207,6,0.466824
207,7,0.508409
207,8,0.478237
207,9,0.496331
207,10,0.546056
207,11,0.559329
207,12,0.532282
207,13,0.467553
207,14,0.411744
207,15,0.477873
208,1,0.513402
208,2,0.445859
208,3,0.516945
208,4,0.468896
208,5,0.493314
208,6,0.504737
208,7,0.458415
208,8,0.405085
208,9,0.466679
208,10,0.459244
208,11,0.445859
208,12,0.505765
208,13,0.513670
208,14,0.522483
208,15,0.467157
209,1,0.481046
209,2,0.536737
209,3,0.476754
209,4,0.521591
209,5,0.503632
209,6,0.452414
209,7,0.314781
209,8,0.458048
209,9,0.515668
209,10,0.306039
209,11,0.476831
209,12,0.471881
209,13,0.462541
209,14,0.501691
209,15,0.520973
210,1,0.217795
210,2,0.202543
210,3,0.476011
210,4,0.513993
210,5,0.493297
210,6,0.490375
210,7,0.530367
210,8,0.472434
210,9,0.457129
210,10,0.488926
210,11,0.509298
210,12,0.231558
210,13,0.519597
210,14,0.489227
210,15,0.497711
211,1,0.534062
211,2,0.439612
211,3,0.560633
211,4,0.479597
211,5,0.466679
211,6,0.476958
211,7,0.534221
211,8,0.434589
211,9,0.495691
211,10,0.522940
211,11,0.543452
211,12,0.542292
211,13,0.534946
211,14,0.527264
211,15,0.306039
212,1,0.452960
212,2,0.480236
212,3,0.488311
212,4,0.434589
212,5,0.547988
212,6,0.456475
212,7,0.533704
212,8,0.536737
212,9,0.498385
212,10,0.564999
212,11,0.474678
212,12,0.494080
212,13,0.574110
212,14,0.478606
212,15,0.459058
213,1,0.506369
213,2,0.555871
213,3,0.514459
213,4,0.531680
213,5,0.535928
213,6,0.532890
213,7,0.506124
213,8,0.466099
213,9,0.501516
213,10,0.522955
213,11,0.457456
213,12,0.501899
213,13,0.549866
213,14,0.453820
213,15,0.453644
214,1,0.503632
214,2,0.512790
214,3,0.457129
214,4,0.478837
214,5,0.498355
214,6,0.548191
214,7,0.522552
214,8,0.541730
214,9,0.533443
214,10,0.521189
214,11,0.471211
214,12,0.466275
214,13,0.502595
214,14,0.508526
214,15,0.457129
215,1,0.375999
215,2,0.513402
215,3,0.498123
215,4,0.533704
215,5,0.497123
215,6,0.518965
215,7,0.455955
215,8,0.369631
215,9,0.483348
215,10,0.475832
215,11,0.534077
215,12,0.441839
215,13,0.534221
215,14,0.500781
215,15,0.522940
216,1,0.000000
216,2,0.515103
216,3,0.524486
216,4,0.514134
216,5,0.217795
216,6,0.487061
216,7,0.489014
216,8,0.472167
216,9,0.574110
216,10,0.538357
216,11,0.481802
216,12,0.548750
216,13,0.529601
216,14,0.557914
216,15,0.520241
217,1,0.509977
217,2,0.520636
217,3,0.457420
217,4,0.493029
217,5,0.289726
217,6,0.405085
217,7,0.488479
217,8,0.548001
217,9,0.453502
217,10,0.491712
217,11,0.526538
217,12,0.458959
217,13,0.458048
217,14,0.477948
217,15,0.471300
218,1,0.486412
218,2,0.458625
218,3,0.487903
218,4,0.461888
218,5,0.513335
218,6,0.483527
218,7,0.488309
218,8,0.441839
218,9,0.499137
218,10,0.435089
218,11,0.456919
218,12,0.507250
218,13,0.435089
218,14,0.000000
218,15,0.481046
219,1,0.469356
219,2,0.494533
219,3,0.546195
219,4,0.458079
219,5,0.542906
219,6,0.536797
219,7,0.441839
219,8,0.464706
219,9,0.497013
219,10,0.522332
219,11,0.514629
219,12,0.458749
219,13,0.301157
219,14,0.502479
219,15,0.523751
220,1,0.457078
220,2,0.405085
220,3,0.482941
220,4,0.503855
220,5,0.534946
220,6,0.520813
220,7,0.468327
220,8,0.453754
220,9,0.511880
220,10,0.526972
220,11,0.000000
220,12,0.457461
220,13,0.435400
220,14,0.525419
220,15,0.515823
221,1,0.000000
221,2,0.312218
221,3,0.533558
221,4,0.474285
221,5,0.471025
221,6,0.533558
221,7,0.469851
221,8,0.484975
221,9,0.481307
221,10,0.535952
221,11,0.544584
221,12,0.319830
221,13,0.431314
221,14,0.497859
221,15,0.507773
222,1,0.543757
222,2,0.547517
222,3,0.509962
222,4,0.518974
222,5,0.459525
222,6,0.574110
222,7,0.536835
222,8,0.538565
222,9,0.562698
222,10,0.577435
222,11,0.521767
222,12,0.550505
222,13,0.533808
222,14,0.557914
222,15,0.531624
223,1,0.311617
223,2,0.366745
223,3,0.479897
223,4,0.513172
223,5,0.515552
223,6,0.543529
223,7,0.314447
223,8,0.501076
223,9,0.314447
223,10,0.419837
223,11,0.468038
223,12,0.449992
223,13,0.489591
223,14,0.453318
223,15,0.515668
224,1,0.513448
224,2,0.467425
224,3,0.456857
224,4,0.513747
224,5,0.529404
224,6,0.521776
224,7,0.510903
224,8,0.473956
224,9,0.306372
224,10,0.452707
224,11,0.451927
224,12,0.499267
224,13,0.452176
224,14,0.520973
224,15,0.464451
225,1,0.531294
225,2,0.532368
225,3,0.452359
225,4,0.535135
225,5,0.515813
225,6,0.461727
225,7,0.527474
225,8,0.306248
225,9,0.301284
225,10,0.454115
225,11,0.467425
225,12,0.503855
225,13,0.441839
225,14,0.458169
225,15,0.521767
226,1,0.466679
226,2,0.202543
226,3,0.527474
226,4,0.509894
226,5,0.435590
226,6,0.524811
226,7,0.279891
226,8,0.437598
226,9,0.513400
226,10,0.442233
226,11,0.521767
226,12,0.492966
226,13,0.498445
226,14,0.469356
226,15,0.486526
227,1,0.468707
227,2,0.296204
227,3,0.513768
227,4,0.534946
227,5,0.503420
227,6,0.534221
227,7,0.457197
227,8,0.575973
227,9,0.531087
227,10,0.524961
227,11,0.456625
227,12,0.449923
227,13,0.453203
227,14,0.486468
227,15,0.531300
228,1,0.469356
228,2,0.523915
228,3,0.452414
228,4,0.537698
228,5,0.460721
228,6,0.452257
228,7,0.453644
228,8,0.444352
228,9,0.454604
228,10,0.534939
228,11,0.547988
228,12,0.254376
228,13,0.434589
228,14,0.301284
228,15,0.429600
229,1,0.502791
229,2,0.459597
229,3,0.451378
229,4,0.521767
229,5,0.513007
229,6,0.526170
229,7,0.492464
229,8,0.355810
229,9,0.454267
229,10,0.459058
229,11,0.503686
229,12,0.471833
229,13,0.457740
229,14,0.460860
229,15,0.202543
230,1,0.488479
230,2,0.486618
230,3,0.523751
230,4,0.459558
230,5,0.536737
230,6,0.460763
230,7,0.495780
230,8,0.464885
230,9,0.467334
230,10,0.486935
230,11,0.313238
230,12,0.504977
230,13,0.459058
230,14,0.516155
230,15,0.430471
231,1,0.470129
231,2,0.535763
231,3,0.514221
231,4,0.475831
231,5,0.459487
231,6,0.411744
231,7,0.523915
231,8,0.508031
231,9,0.515190
231,10,0.456205
231,11,0.456619
231,12,0.487910
231,13,0.480871
231,14,0.520640
231,15,0.533542
232,1,0.514856
232,2,0.508197
232,3,0.498168
232,4,0.434589
232,5,0.463283
232,6,0.457620
232,7,0.519319
232,8,0.455569
232,9,0.441293
232,10,0.463755
232,11,0.511715
232,12,0.314447
232,13,0.536737
232,14,0.523149
232,15,0.500368
233,1,0.511358
233,2,0.576623
233,3,0.535366
233,4,0.522297
233,5,0.467185
233,6,0.459268
233,7,0.531518
233,8,0.522332
233,9,0.457129
233,10,0.513297
233,11,0.509730
233,12,0.526170
233,13,0.524121
233,14,0.520813
233,15,0.452426
234,1,0.496906
234,2,0.502965
234,3,0.559329
234,4,0.505640
234,5,0.543944
234,6,0.553196
234,7,0.539533
234,8,0.537648
234,9,0.554410
234,10,0.530027
234,11,0.523217
234,12,0.543934
234,13,0.522360
234,14,0.522989
234,15,0.535770
235,1,0.575772
235,2,0.531010
235,3,0.520515
235,4,0.455614
235,5,0.441839
235,6,0.484368
235,7,0.477782
235,8,0.461852
235,9,0.547988
235,10,0.456671
235,11,0.460114
235,12,0.541733
235,13,0.554567
235,14,0.514032
235,15,0.566955
236,1,0.512959
236,2,0.514775
236,3,0.517833
236,4,0.448275
236,5,0.451404
236,6,0.489249
236,7,0.502018
236,8,0.522962
236,9,0.446165
236,10,0.457620
236,11,0.451927
236,12,0.000000
236,13,0.498768
236,14,0.520973
236,15,0.475249
237,1,0.457620
237,2,0.473168
237,3,0.475866
237,4,0.451271
237,5,0.431979
237,6,0.511715
237,7,0.536505
237,8,0.523210
237,9,0.464518
237,10,0.460632
237,11,0.520640
237,12,0.521478
237,13,0.500624
237,14,0.457977
237,15,0.475449
238,1,0.443116
238,2,0.444306
238,3,0.480843
238,4,0.509517
238,5,0.515591
238,6,0.533639
238,7,0.537648
238,8,0.532294
238,9,0.453502
238,10,0.454061
238,11,0.309923
238,12,0.507351
238,13,0.510024
238,14,0.457740
238,15,0.481511
239,1,0.434589
239,2,0.538944
239,3,0.483864
239,4,0.535135
239,5,0.549866
239,6,0.514624
239,7,0.489901
239,8,0.521886
239,9,0.434096
239,10,0.465307
239,11,0.507570
239,12,0.513172
239,13,0.502341
239,14,0.509977
239,15,0.534008
240,1,0.535135
240,2,0.521663
240,3,0.512790
240,4,0.493637
240,5,0.488263
240,6,0.523190
240,7,0.536737
240,8,0.511358
240,9,0.528661
240,10,0.532282
240,11,0.496465
240,12,0.457620
240,13,0.503062
240,14,0.538063
240,15,0.536505
241,1,0.511358
241,2,0.456706
241,3,0.506369
241,4,0.454336
241,5,0.497287
241,6,0.458808
241,7,0.441839
241,8,0.534008
241,9,0.467553
241,10,0.501076
241,11,0.454061
241,12,0.535770
241,13,0.460755
241,14,0.481023
241,15,0.449506
242,1,0.464373
242,2,0.330166
242,3,0.506369
242,4,0.515913
242,5,0.462053
242,6,0.574110
242,7,0.426354
242,8,0.576623
242,9,0.438214
242,10,0.471671
242,11,0.486846
242,12,0.530461
242,13,0.521767
242,14,0.461244
242,15,0.526170
243,1,0.464542
243,2,0.479479
243,3,0.458829
243,4,0.501264
243,5,0.477056
243,6,0.520813
243,7,0.456892
243,8,0.499833
243,9,0.480650
243,10,0.510893
243,11,0.480498
243,12,0.502220
243,13,0.523470
243,14,0.531351
243,15,0.535952
244,1,0.535928
244,2,0.554669
244,3,0.534946
244,4,0.495444
244,5,0.000000
244,6,0.469356
244,7,0.479236
244,8,0.306039
244,9,0.501076
244,10,0.531294
244,11,0.522955
244,12,0.515858
244,13,0.457857
244,14,0.574110
244,15,0.000000
245,1,0.466679
245,2,0.473797
245,3,0.462087
245,4,0.474394
245,5,0.516911
245,6,0.491357
245,7,0.525583
245,8,0.494981
245,9,0.515813
245,10,0.539566
245,11,0.524486
245,12,0.543643
245,13,0.530461
245,14,0.442664
245,15,0.471203
246,1,0.470203
246,2,0.502802
246,3,0.468890
246,4,0.454104
246,5,0.548126
246,6,0.461727
246,7,0.301284
246,8,0.478411
246,9,0.434589
246,10,0.485644
246,11,0.452359
246,12,0.501264
246,13,0.503385
246,14,0.463863
246,15,0.452104
247,1,0.520477
247,2,0.470723
247,3,0.478087
247,4,0.457740
247,5,0.481813
247,6,0.536737
247,7,0.540846
247,8,0.510381
247,9,0.506124
247,10,0.502677
247,11,0.522955
247,12,0.450987
247,13,0.481828
247,14,0.462087
247,15,0.503623
248,1,0.518987
248,2,0.458333
248,3,0.454374
248,4,0.574110
248,5,0.478285
248,6,0.457660
248,7,0.501264
248,8,0.311119
248,9,0.483172
248,10,0.484081
248,11,0.459058
248,12,0.457129
248,13,0.476909
248,14,0.515833
248,15,0.515707
249,1,0.539950
249,2,0.525540
249,3,0.460387
249,4,0.494909
249,5,0.523915
249,6,0.463174
249,7,0.513282
249,8,0.515823
249,9,0.461074
249,10,0.522850
249,11,0.521847
249,12,0.470147
249,13,0.405085
249,14,0.419837
249,15,0.494330
250,1,0.453502
250,2,0.457129
250,3,0.481046
250,4,0.526170
250,5,0.510381
250,6,0.517343
250,7,0.486446
250,8,0.511180
250,9,0.540733
250,10,0.520477
250,11,0.585922
250,12,0.481201
250,13,0.527474
250,14,0.489312
250,15,0.529252
251,1,0.528284
251,2,0.536505
251,3,0.525773
251,4,0.523078
251,5,0.496596
251,6,0.458415
251,7,0.503212
251,8,0.534221
251,9,0.448554
251,10,0.445175
251,11,0.467780
251,12,0.452311
251,13,0.437598
251,14,0.484581
251,15,0.419837
252,1,0.444907
252,2,0.452850
252,3,0.523796
252,4,0.540846
252,5,0.509453
252,6,0.447198
252,7,0.493604
252,8,0.476608
252,9,0.516929
252,10,0.515591
252,11,0.000000
252,12,0.574110
252,13,0.456565
252,14,0.476909
252,15,0.522955
253,1,0.538283
253,2,0.554558
253,3,0.457167
253,4,0.468639
253,5,0.443143
253,6,0.318848
253,7,0.457512
253,8,0.000000
253,9,0.471671
253,10,0.525421
253,11,0.503231
253,12,0.506124
253,13,0.460019
253,14,0.549802
253,15,0.502802
254,1,0.531010
254,2,0.371231
254,3,0.456067
254,4,0.473275
254,5,0.457740
254,6,0.467536
254,7,0.483945
254,8,0.456852
254,9,0.522955
254,10,0.448781
254,11,0.498489
254,12,0.508885
254,13,0.525622
254,14,0.460154
254,15,0.575785
255,1,0.467553
255,2,0.451927
255,3,0.471205
255,4,0.483851
255,5,0.532692
255,6,0.452359
255,7,0.499826
255,8,0.522850
255,9,0.514856
255,10,0.522850
255,11,0.510903
255,12,0.467157
255,13,0.482859
255,14,0.462087
255,15,0.452960
256,1,0.482214
256,2,0.506832
256,3,0.455997
256,4,0.431702
256,5,0.453575
256,6,0.524980
256,7,0.501753
256,8,0.487855
256,9,0.453144
256,10,0.448334
256,11,0.487234
256,12,0.457508
256,13,0.454726
256,14,0.472494
256,15,0.494591
257,1,0.434589
257,2,0.492148
257,3,0.488697
257,4,0.522850
257,5,0.461727
257,6,0.485092
257,7,0.343575
257,8,0.411744
257,9,0.511077
257,10,0.000000
257,11,0.515668
257,12,0.509730
257,13,0.513448
257,14,0.531208
257,15,0.461863
258,1,0.466379
258,2,0.502032
258,3,0.574110
258,4,0.541373
258,5,0.495545
258,6,0.520813
258,7,0.459058
258,8,0.453269
258,9,0.530708
258,10,0.515813
258,11,0.459873
258,12,0.456344
258,13,0.456649
258,14,0.469556
258,15,0.492940
259,1,0.531300
259,2,0.467157
259,3,0.466679
259,4,0.474659
259,5,0.506681
259,6,0.466951
259,7,0.454349
259,8,0.498606
259,9,0.508629
259,10,0.455614
259,11,0.526491
259,12,0.489953
259,13,0.533680
259,14,0.511976
259,15,0.532816
260,1,0.522955
260,2,0.533808
260,3,0.461244
260,4,0.455982
260,5,0.501076
260,6,0.465988
260,7,0.543152
260,8,0.536737
260,9,0.498310
260,10,0.533379
260,11,0.457661
260,12,0.523386
260,13,0.522850
260,14,0.473121
260,15,0.458399
261,1,0.507588
261,2,0.439561
261,3,0.454833
261,4,0.491418
261,5,0.529073
261,6,0.474410
261,7,0.530367
261,8,0.457620
261,9,0.534946
261,10,0.458216
261,11,0.496160
261,12,0.434589
261,13,0.495797
261,14,0.217294
261,15,0.524592
262,1,0.448965
262,2,0.454115
262,3,0.495783
262,4,0.531294
262,5,0.503385
262,6,0.537866
262,7,0.514134
262,8,0.471275
262,9,0.521909
262,10,0.534661
262,11,0.457129
262,12,0.535602
262,13,0.484974
262,14,0.306039
262,15,0.540239
263,1,0.499364
263,2,0.477034
263,3,0.434589
263,4,0.468892
263,5,0.444884
263,6,0.495261
263,7,0.524086
263,8,0.471099
263,9,0.485318
263,10,0.458625
263,11,0.481487
263,12,0.464341
263,13,0.453644
263,14,0.514107
263,15,0.541837
264,1,0.457620
264,2,0.466679
264,3,0.405085
264,4,0.453644
264,5,0.547988
264,6,0.458100
264,7,0.458090
264,8,0.306039
264,9,0.301284
264,10,0.493959
264,11,0.534946
264,12,0.535135
264,13,0.471671
264,14,0.466679
264,15,0.522955
265,1,0.547988
265,2,0.479660
265,3,0.397650
265,4,0.547988
265,5,0.521133
265,6,0.472434
265,7,0.459542
265,8,0.467970
265,9,0.458219
265,10,0.343222
265,11,0.457790
265,12,0.429244
265,13,0.495862
265,14,0.520275
265,15,0.541036
266,1,0.469812
266,2,0.467425
266,3,0.494740
266,4,0.484853
266,5,0.536365
266,6,0.546258
266,7,0.495545
266,8,0.526666
266,9,0.463631
266,10,0.456502
266,11,0.535561
266,12,0.462491
266,13,0.501264
266,14,0.498975
266,15,0.534946
267,1,0.251032
267,2,0.521591
267,3,0.310949
267,4,0.536466
267,5,0.373876
267,6,0.486205
267,7,0.522955
267,8,0.531294
267,9,0.537459
267,10,0.520813
267,11,0.539966
267,12,0.576905
267,13,0.535770
267,14,0.479499
267,15,0.447546
268,1,0.495261
268,2,0.541373
268,3,0.529879
268,4,0.524796
268,5,0.506124
268,6,0.463783
268,7,0.288332
268,8,0.475988
268,9,0.509476
268,10,0.464406
268,11,0.458048
268,12,0.523915
268,13,0.480839
268,14,0.526170
268,15,0.380913
269,1,0.527747
269,2,0.460387
269,3,0.479369
269,4,0.477581
269,5,0.501068
269,6,0.515837
269,7,0.506750
269,8,0.535353
269,9,0.471020
269,10,0.355829
269,11,0.452406
269,12,0.457512
269,13,0.522637
269,14,0.460456
269,15,0.452359
270,1,0.534221
270,2,0.477034
270,3,0.547988
270,4,0.549802
270,5,0.463013
270,6,0.508677
270,7,0.509554
270,8,0.539068
270,9,0.463045
270,10,0.434589
270,11,0.459058
270,12,0.485419
270,13,0.532561
270,14,0.534221
270,15,0.524299
271,1,0.434589
271,2,0.525421
271,3,0.516074
271,4,0.464966
271,5,0.536217
271,6,0.458071
271,7,0.447546
271,8,0.501082
271,9,0.477767
271,10,0.533639
271,11,0.522955
271,12,0.473454
271,13,0.463812
271,14,0.483847
271,15,0.521390
272,1,0.511099
272,2,0.514439
272,3,0.476754
272,4,0.497013
272,5,0.453646
272,6,0.434589
272,7,0.525593
272,8,0.538148
272,9,0.459058
272,10,0.496160
272,11,0.463013
272,12,0.488255
272,13,0.536226
272,14,0.530965
272,15,0.469663
273,1,0.538369
273,2,0.541373
273,3,0.430471
273,4,0.477620
273,5,0.535561
273,6,0.510653
273,7,0.508441
273,8,0.535093
273,9,0.458400
273,10,0.535113
273,11,0.458896
273,12,0.502532
273,13,0.466975
273,14,0.574110
273,15,0.492966
274,1,0.481061
274,2,0.547988
274,3,0.438214
274,4,0.485885
274,5,0.480649
274,6,0.530367
274,7,0.462727
274,8,0.465580
274,9,0.500688
274,10,0.526170
274,11,0.310991
274,12,0.335331
274,13,0.467346
274,14,0.523449
274,15,0.511180
275,1,0.523217
275,2,0.535952
275,3,0.467157
275,4,0.452673
275,5,0.466679
275,6,0.486263
275,7,0.432497
275,8,0.434589
275,9,0.000000
275,10,0.485092
275,11,0.501261
275,12,0.534526
275,13,0.492966
275,14,0.474079
275,15,0.455031
276,1,0.517321
276,2,0.519626
276,3,0.426354
276,4,0.436464
276,5,0.509622
276,6,0.536561
276,7,0.534946
276,8,0.523217
276,9,0.530839
276,10,0.535364
276,11,0.524672
276,12,0.514221
276,13,0.461636
276,14,0.539167
276,15,0.483527
277,1,0.534946
277,2,0.495772
277,3,0.504466
277,4,0.450835
277,5,0.484890
277,6,0.473539
277,7,0.531474
277,8,0.536561
277,9,0.447054
277,10,0.525421
277,11,0.491091
277,12,0.513670
277,13,0.526126
277,14,0.535770
277,15,0.533828
278,1,0.534221
278,2,0.462074
278,3,0.519799
278,4,0.553196
278,5,0.460447
278,6,0.535602
278,7,0.487535
278,8,0.531624
278,9,0.533703
278,10,0.476248
278,11,0.488479
278,12,0.520813
278,13,0.553196
278,14,0.516074
278,15,0.459058
279,1,0.472687
279,2,0.491330
279,3,0.506117
279,4,0.471641
279,5,0.507250
279,6,0.512790
279,7,0.340301
279,8,0.479247
279,9,0.547988
279,10,0.524625
279,11,0.513599
279,12,0.462419
279,13,0.485829
279,14,0.531964
279,15,0.526467
280,1,0.561842
280,2,0.467553
280,3,0.463545
280,4,0.504123
280,5,0.461407
280,6,0.456067
280,7,0.478208
280,8,0.485829
280,9,0.475058
280,10,0.547988
280,11,0.467087
280,12,0.498768
280,13,0.502411
280,14,0.501758
280,15,0.457919
281,1,0.464150
281,2,0.549194
281,3,0.474793
281,4,0.547988
281,5,0.459831
281,6,0.405085
281,7,0.501691
281,8,0.478244
281,9,0.457620
281,10,0.463247
281,11,0.574110
281,12,0.497831
281,13,0.469356
281,14,0.304613
281,15,0.501691
282,1,0.533129
282,2,0.478259
282,3,0.462234
282,4,0.486269
282,5,0.306372
282,6,0.523751
282,7,0.533230
282,8,0.486625
282,9,0.492890
282,10,0.539068
282,11,0.514032
282,12,0.533704
282,13,0.506124
282,14,0.460325
282,15,0.496160
283,1,0.461727
283,2,0.496160
283,3,0.522850
283,4,0.466679
283,5,0.466679
283,6,0.446882
283,7,0.579701
283,8,0.480839
283,9,0.534946
283,10,0.464078
283,11,0.527474
283,12,0.549866
283,13,0.213177
283,14,0.511528
283,15,0.467027
284,1,0.451927
284,2,0.466928
284,3,0.452851
284,4,0.477132
284,5,0.000000
284,6,0.512725
284,7,0.515591
284,8,0.513335
284,9,0.547988
284,10,0.531294
284,11,0.460019
284,12,0.497922
284,13,0.546623
284,14,0.539334
284,15,0.522082
285,1,0.536357
285,2,0.515813
285,3,0.464885
285,4,0.455031
285,5,0.502595
285,6,0.495981
285,7,0.518574
285,8,0.528923
285,9,0.457786
285,10,0.444951
285,11,0.499687
285,12,0.485045
285,13,0.529573
285,14,0.544419
285,15,0.483584
286,1,0.460125
286,2,0.504735
286,3,0.456316
286,4,0.454604
286,5,0.502122
286,6,0.533061
286,7,0.533129
286,8,0.468892
286,9,0.527474
286,10,0.472319
286,11,0.202543
286,12,0.485603
286,13,0.507898
286,14,0.515813
286,15,0.441839
287,1,0.506117
287,2,0.467503
287,3,0.525421
287,4,0.477034
287,5,0.493637
287,6,0.530507
287,7,0.475426
287,8,0.000000
287,9,0.526170
287,10,0.491622
287,11,0.530367
287,12,0.514624
287,13,0.497667
287,14,0.512390
287,15,0.528269
288,1,0.526170
288,2,0.555991
288,3,0.462370
288,4,0.441839
288,5,0.517503
288,6,0.479358
288,7,0.500948
288,8,0.463019
288,9,0.501388
288,10,0.479783
288,11,0.484704
288,12,0.523593
288,13,0.510903
288,14,0.535097
288,15,0.466213
289,1,0.453469
289,2,0.466679
289,3,0.467315
289,4,0.435590
289,5,0.444306
289,6,0.452010
289,7,0.455654
289,8,0.453644
289,9,0.494040
289,10,0.504352
289,11,0.533246
289,12,0.532282
289,13,0.526637
289,14,0.533704
289,15,0.457620
290,1,0.495783
290,2,0.488499
290,3,0.497711
290,4,0.480169
290,5,0.523915
290,6,0.522940
290,7,0.480576
290,8,0.479866
290,9,0.456769
290,10,0.485829
290,11,0.548126
290,12,0.534221
290,13,0.522955
290,14,0.457257
290,15,0.524486
291,1,0.547988
291,2,0.524167
291,3,0.531294
291,4,0.459634
291,5,0.466487
291,6,0.304613
291,7,0.483188
291,8,0.462087
291,9,0.441428
291,10,0.455372
291,11,0.497013
291,12,0.478411
291,13,0.459373
291,14,0.459436
291,15,0.452479
292,1,0.468327
292,2,0.449292
292,3,0.497675
292,4,0.486191
292,5,0.444211
292,6,0.501691
292,7,0.531294
292,8,0.457491
292,9,0.434589
292,10,0.328573
292,11,0.456375
292,12,0.532282
292,13,0.522515
292,14,0.457620
292,15,0.543434
293,1,0.452028
293,2,0.457620
293,3,0.521767
293,4,0.405085
293,5,0.491652
293,6,0.434589
293,7,0.457620
293,8,0.516911
293,9,0.540846
293,10,0.515308
293,11,0.496002
293,12,0.520515
293,13,0.535135
293,14,0.469689
293,15,0.411744
294,1,0.514648
294,2,0.522332
294,3,0.501347
294,4,0.467489
294,5,0.447546
294,6,0.456310
294,7,0.301451
294,8,0.452823
294,9,0.498101
294,10,0.521767
294,11,0.467361
294,12,0.452497
294,13,0.500781
294,14,0.512790
294,15,0.213177
295,1,0.442868
295,2,0.441443
295,3,0.455790
295,4,0.441741
295,5,0.501264
295,6,0.000000
295,7,0.517181
295,8,0.531964
295,9,0.515813
295,10,0.522940
295,11,0.486746
295,12,0.521767
295,13,0.506708
295,14,0.516007
295,15,0.521847
296,1,0.493297
296,2,0.463993
296,3,0.487234
296,4,0.483910
296,5,0.511715
296,6,0.511715
296,7,0.461677
296,8,0.521981
296,9,0.535952
296,10,0.511180
296,11,0.495545
296,12,0.457129
296,13,0.526170
296,14,0.481345
296,15,0.502647
297,1,0.526170
297,2,0.532282
297,3,0.512262
297,4,0.490229
297,5,0.535952
297,6,0.504352
297,7,0.486746
297,8,0.559623
297,9,0.510703
297,10,0.531294
297,11,0.474180
297,12,0.459558
297,13,0.506369
297,14,0.549866
297,15,0.456475
298,1,0.459058
298,2,0.529714
298,3,0.489537
298,4,0.305413
298,5,0.502768
298,6,0.514986
298,7,0.514688
298,8,0.458895
298,9,0.428541
298,10,0.217795
298,11,0.444306
298,12,0.494330
298,13,0.508124
298,14,0.466147
298,15,0.483528
299,1,0.465298
299,2,0.460533
299,3,0.442727
299,4,0.428881
299,5,0.425335
299,6,0.490809
299,7,0.468981
299,8,0.535004
299,9,0.521767
299,10,0.486613
299,11,0.539533
299,12,0.535135
299,13,0.459058
299,14,0.454833
299,15,0.459098
300,1,0.482336
300,2,0.553495
300,3,0.519471
300,4,0.479226
300,5,0.453805
300,6,0.466679
300,7,0.513402
300,8,0.525634
300,9,0.471188
300,10,0.453661
300,11,0.456857
300,12,0.469530
300,13,0.486198
300,14,0.516721
300,15,0.488866
301,1,0.542476
301,2,0.453502
301,3,0.405085
301,4,0.520301
301,5,0.524679
301,6,0.513670
301,7,0.475238
301,8,0.540536
301,9,0.459558
301,10,0.478561
301,11,0.463662
301,12,0.477672
301,13,0.523751
301,14,0.447379
301,15,0.502635
302,1,0.503250
302,2,0.434589
302,3,0.450133
302,4,0.304613
302,5,0.514271
302,6,0.522332
302,7,0.553196
302,8,0.485489
302,9,0.535907
302,10,0.531964
302,11,0.541837
302,12,0.453502
302,13,0.517451
302,14,0.453528
302,15,0.454833
303,1,0.310257
303,2,0.461699
303,3,0.411744
303,4,0.512943
303,5,0.463495
303,6,0.451927
303,7,0.479881
303,8,0.501241
303,9,0.535892
303,10,0.459058
303,11,0.452960
303,12,0.466928
303,13,0.457129
303,14,0.540239
303,15,0.488311
304,1,0.457456
304,2,0.527474
304,3,0.489218
304,4,0.530367
304,5,0.539334
304,6,0.512655
304,7,0.514624
304,8,0.305080
304,9,0.509193
304,10,0.489519
304,11,0.521591
304,12,0.471951
304,13,0.476583
304,14,0.501707
304,15,0.459558
305,1,0.453644
305,2,0.311453
305,3,0.434589
305,4,0.480236
305,5,0.534946
305,6,0.526538
305,7,0.480428
305,8,0.459558
305,9,0.419837
305,10,0.451927
305,11,0.463662
305,12,0.300846
305,13,0.462052
305,14,0.493959
305,15,0.511293
306,1,0.507636
306,2,0.515813
306,3,0.533808
306,4,0.519714
306,5,0.462906
306,6,0.479882
306,7,0.460611
306,8,0.522470
306,9,0.518417
306,10,0.463437
306,11,0.457620
306,12,0.525583
306,13,0.458434
306,14,0.453502
306,15,0.477056
307,1,0.484374
307,2,0.463308
307,3,0.496497
307,4,0.458115
307,5,0.452010
307,6,0.528157
307,7,0.474413
307,8,0.473996
307,9,0.457129
307,10,0.483188
307,11,0.534661
307,12,0.503202
307,13,0.531196
307,14,0.510903
307,15,0.576905
308,1,0.484905
308,2,0.473996
308,3,0.514107
308,4,0.541990
308,5,0.469356
308,6,0.313189
308,7,0.536466
308,8,0.471671
308,9,0.493604
308,10,0.521767
308,11,0.451990
308,12,0.497859
308,13,0.521767
308,14,0.499364
308,15,0.461074
309,1,0.574110
309,2,0.426354
309,3,0.456989
309,4,0.521767
309,5,0.484299
309,6,0.504048
309,7,0.523915
309,8,0.468795
309,9,0.484251
309,10,0.489446
309,11,0.541156
309,12,0.492632
309,13,0.435590
309,14,0.498703
309,15,0.522483
310,1,0.472171
310,2,0.465311
310,3,0.000000
310,4,0.516861
310,5,0.506182
310,6,0.535135
310,7,0.468892
310,8,0.519799
310,9,0.463829
310,10,0.419837
310,11,0.455629
310,12,0.473218
310,13,0.371766
310,14,0.453395
310,15,0.481814
311,1,0.467425
311,2,0.449056
311,3,0.463686
311,4,0.536332
311,5,0.579136
311,6,0.531300
311,7,0.514856
311,8,0.476754
311,9,0.466679
311,10,0.476958
311,11,0.252368
311,12,0.525242
311,13,0.518417
311,14,0.511715
311,15,0.498130
312,1,0.452359
312,2,0.453644
312,3,0.527474
312,4,0.493030
312,5,0.493637
312,6,0.535135
312,7,0.459023
312,8,0.545086
312,9,0.514032
312,10,0.521447
312,11,0.521831
312,12,0.454658
312,13,0.405085
312,14,0.453469
312,15,0.452355
313,1,0.452850
313,2,0.469530
313,3,0.452010
313,4,0.532679
313,5,0.543020
313,6,0.534946
313,7,0.547988
313,8,0.492966
313,9,0.459093
313,10,0.532912
313,11,0.576875
313,12,0.461661
313,13,0.502918
313,14,0.467128
313,15,0.535561
314,1,0.492148
314,2,0.520477
314,3,0.498334
314,4,0.521503
314,5,0.499364
314,6,0.457405
314,7,0.506369
314,8,0.507051
314,9,0.481127
314,10,0.515823
314,11,0.525827
314,12,0.526170
314,13,0.515591
314,14,0.559811
314,15,0.507051
315,1,0.539334
315,2,0.522927
315,3,0.548126
315,4,0.450825
315,5,0.481768
315,6,0.536737
315,7,0.522955
315,8,0.445859
315,9,0.337625
315,10,0.547996
315,11,0.462561
315,12,0.498527
315,13,0.360374
315,14,0.489501
315,15,0.536466
316,1,0.547988
316,2,0.533129
316,3,0.380913
316,4,0.497922
316,5,0.479507
316,6,0.488926
316,7,0.472810
316,8,0.457743
316,9,0.461194
316,10,0.456733
316,11,0.498689
316,12,0.512362
316,13,0.531010
316,14,0.454283
316,15,0.444870
317,1,0.459693
317,2,0.582009
317,3,0.575772
317,4,0.557359
317,5,0.525746
317,6,0.533045
317,7,0.544783
317,8,0.486625
317,9,0.457620
317,10,0.495545
317,11,0.518104
317,12,0.457456
317,13,0.473769
317,14,0.520973
317,15,0.309364
318,1,0.475220
318,2,0.488499
318,3,0.515833
318,4,0.530685
318,5,0.534607
318,6,0.467553
318,7,0.458400
318,8,0.453827
318,9,0.361690
318,10,0.526433
318,11,0.509337
318,12,0.471099
318,13,0.495844
318,14,0.489312
318,15,0.523751
319,1,0.526624
319,2,0.498385
319,3,0.474364
319,4,0.492365
319,5,0.467136
319,6,0.441839
319,7,0.467536
319,8,0.463545
319,9,0.460736
319,10,0.459056
319,11,0.526170
319,12,0.515591
319,13,0.541978
319,14,0.507628
319,15,0.536737
320,1,0.458415
320,2,0.527474
320,3,0.514107
320,4,0.450783
320,5,0.477873
320,6,0.311285
320,7,0.484995
320,8,0.505581
320,9,0.521810
320,10,0.505581
320,11,0.530367
320,12,0.547988
320,13,0.457620
320,14,0.534946
320,15,0.515668
321,1,0.459093
321,2,0.306750
321,3,0.411744
321,4,0.521767
321,5,0.473453
321,6,0.459320
321,7,0.479365
321,8,0.479866
321,9,0.469369
321,10,0.532347
321,11,0.509449
321,12,0.524486
321,13,0.553196
321,14,0.525622
321,15,0.461636
322,1,0.513335
322,2,0.501347
322,3,0.509460
322,4,0.533514
322,5,0.507051
322,6,0.522955
322,7,0.458120
322,8,0.429469
322,9,0.551058
322,10,0.577407
322,11,0.458678
322,12,0.449369
322,13,0.485885
322,14,0.471014
322,15,0.456067
323,1,0.523915
323,2,0.513747
323,3,0.471671
323,4,0.458216
323,5,0.527476
323,6,0.533569
323,7,0.539779
323,8,0.548946
323,9,0.469088
323,10,0.498575
323,11,0.523751
323,12,0.541733
323,13,0.554567
323,14,0.511743
323,15,0.540313
324,1,0.459058
324,2,0.540239
324,3,0.510703
324,4,0.460750
324,5,0.451927
324,6,0.502064
324,7,0.522955
324,8,0.525419
324,9,0.510445
324,10,0.532282
324,11,0.498445
324,12,0.459126
324,13,0.480452
324,14,0.515823
324,15,0.527559
325,1,0.523424
325,2,0.523149
325,3,0.465385
325,4,0.486870
325,5,0.452414
325,6,0.522737
325,7,0.466044
325,8,0.473769
325,9,0.419837
325,10,0.447426
325,11,0.359370
325,12,0.451025
325,13,0.405085
325,14,0.456919
325,15,0.493604
326,1,0.487226
326,2,0.524523
326,3,0.522721
326,4,0.573227
326,5,0.467553
326,6,0.525421
326,7,0.486488
326,8,0.522960
326,9,0.574110
326,10,0.462327
326,11,0.477682
326,12,0.523751
326,13,0.492441
326,14,0.519573
326,15,0.467157
327,1,0.477873
327,2,0.482040
327,3,0.544869
327,4,0.456734
327,5,0.496702
327,6,0.491735
327,7,0.522850
327,8,0.531289
327,9,0.532282
327,10,0.536505
327,11,0.511358
327,12,0.524886
327,13,0.511180
327,14,0.534221
327,15,0.533704
328,1,0.486128
328,2,0.543383
328,3,0.575457
328,4,0.532250
328,5,0.531785
328,6,0.452816
328,7,0.490047
328,8,0.460464
328,9,0.451927
328,10,0.454158
328,11,0.466679
328,12,0.483981
328,13,0.497366
328,14,0.523149
328,15,0.515858
329,1,0.458221
329,2,0.524486
329,3,0.448275
329,4,0.434589
329,5,0.521133
329,6,0.530856
329,7,0.540433
329,8,0.456716
329,9,0.469032
329,10,0.507608
329,11,0.506124
329,12,0.534946
329,13,0.540846
329,14,0.487673
329,15,0.549676
330,1,0.535135
330,2,0.458982
330,3,0.527474
330,4,0.453502
330,5,0.423561
330,6,0.297355
330,7,0.454267
330,8,0.518513
330,9,0.459373
330,10,0.506117
330,11,0.529287
330,12,0.498445
330,13,0.534946
330,14,0.531294
330,15,0.489060
331,1,0.511180
331,2,0.460125
331,3,0.532434
331,4,0.577407
331,5,0.541612
331,6,0.522448
331,7,0.534669
331,8,0.549866
331,9,0.476405
331,10,0.475983
331,11,0.458829
331,12,0.496008
331,13,0.463019
331,14,0.501691
331,15,0.508885
332,1,0.500736
332,2,0.530367
332,3,0.447198
332,4,0.462233
332,5,0.000000
332,6,0.524980
332,7,0.491486
332,8,0.513747
332,9,0.479499
332,10,0.453469
332,11,0.541733
332,12,0.541373
332,13,0.525746
332,14,0.471671
332,15,0.451927
333,1,0.466928
333,2,0.492628
333,3,0.438214
333,4,0.498158
333,5,0.468327
333,6,0.442525
333,7,0.513007
333,8,0.463546
333,9,0.476599
333,10,0.526170
333,11,0.472167
333,12,0.499911
333,13,0.466824
333,14,0.499258
333,15,0.527474
334,1,0.495783
334,2,0.508587
334,3,0.524523
334,4,0.574110
334,5,0.312904
334,6,0.448217
334,7,0.456319
334,8,0.512943
334,9,0.525419
334,10,0.553196
334,11,0.536505
334,12,0.466824
334,13,0.464246
334,14,0.466679
334,15,0.521767
335,1,0.503632
335,2,0.461407
335,3,0.503855
335,4,0.521767
335,5,0.536737
335,6,0.524429
335,7,0.527419
335,8,0.434589
335,9,0.523946
335,10,0.518965
335,11,0.520337
335,12,0.529330
335,13,0.451114
335,14,0.296204
335,15,0.456857
336,1,0.444853
336,2,0.456919
336,3,0.503855
336,4,0.494230
336,5,0.536737
336,6,0.510891
336,7,0.471671
336,8,0.527474
336,9,0.534946
336,10,0.470643
336,11,0.455982
336,12,0.496008
336,13,0.459373
336,14,0.459436
336,15,0.492503
337,1,0.477873
337,2,0.482419
337,3,0.444425
337,4,0.457277
337,5,0.520172
337,6,0.540145
337,7,0.512790
337,8,0.537317
337,9,0.306039
337,10,0.501076
337,11,0.515668
337,12,0.309031
337,13,0.498324
337,14,0.511252
337,15,0.531474
338,1,0.485661
338,2,0.529714
338,3,0.469034
338,4,0.478025
338,5,0.463546
338,6,0.493604
338,7,0.530367
338,8,0.470054
338,9,0.543179
338,10,0.455038
338,11,0.456759
338,12,0.478039
338,13,0.499756
338,14,0.536773
338,15,0.434589
339,1,0.542752
339,2,0.507051
339,3,0.469088
339,4,0.468373
339,5,0.483624
339,6,0.523751
339,7,0.474284
339,8,0.469783
339,9,0.419837
339,10,0.461619
339,11,0.452359
339,12,0.520439
339,13,0.467583
339,14,0.540900
339,15,0.522955
340,1,0.514856
340,2,0.461727
340,3,0.476831
340,4,0.464046
340,5,0.464673
340,6,0.497013
340,7,0.527474
340,8,0.506124
340,9,0.495545
340,10,0.486128
340,11,0.506124
340,12,0.506124
340,13,0.488771
340,14,0.463783
340,15,0.464246
341,1,0.459622
341,2,0.481219
341,3,0.467179
341,4,0.520377
341,5,0.473661
341,6,0.468327
341,7,0.479866
341,8,0.459279
341,9,0.541373
341,10,0.529935
341,11,0.447397
341,12,0.488028
341,13,0.517394
341,14,0.493557
341,15,0.541373
342,1,0.486625
342,2,0.521767
342,3,0.459634
342,4,0.536618
342,5,0.502064
342,6,0.546623
342,7,0.446782
342,8,0.485092
342,9,0.487412
342,10,0.524486
342,11,0.306372
342,12,0.334515
342,13,0.429600
342,14,0.451265
342,15,0.514032
343,1,0.520477
343,2,0.512790
343,3,0.489060
343,4,0.512790
343,5,0.540313
343,6,0.535952
343,7,0.534323
343,8,0.467752
343,9,0.490593
343,10,0.521760
343,11,0.522545
343,12,0.535952
343,13,0.511180
343,14,0.509730
343,15,0.463437
344,1,0.470132
344,2,0.521916
344,3,0.534661
344,4,0.534569
344,5,0.536499
344,6,0.523149
344,7,0.435590
344,8,0.461727
344,9,0.447546
344,10,0.503766
344,11,0.499127
344,12,0.506124
344,13,0.529962
344,14,0.454711
344,15,0.508960
345,1,0.487212
345,2,0.498593
345,3,0.514134
345,4,0.471542
345,5,0.469610
345,6,0.460300
345,7,0.464224
345,8,0.469663
345,9,0.419837
345,10,0.497424
345,11,0.471443
345,12,0.479866
345,13,0.477319
345,14,0.434589
345,15,0.405085
346,1,0.520813
346,2,0.459058
346,3,0.485693
346,4,0.445858
346,5,0.502840
346,6,0.507051
346,7,0.457620
346,8,0.488796
346,9,0.534946
346,10,0.526857
346,11,0.520640
346,12,0.502064
346,13,0.523613
346,14,0.566955
346,15,0.457870
347,1,0.465993
347,2,0.546630
347,3,0.426354
347,4,0.497424
347,5,0.510413
347,6,0.524523
347,7,0.458678
347,8,0.469325
347,9,0.466928
347,10,0.520973
347,11,0.463546
347,12,0.515364
347,13,0.521767
347,14,0.516035
347,15,0.502099
348,1,0.444660
348,2,0.547988
348,3,0.536888
348,4,0.534058
348,5,0.464078
348,6,0.301284
348,7,0.464682
348,8,0.452653
348,9,0.452653
348,10,0.452048
348,11,0.437077
348,12,0.509730
348,13,0.523217
348,14,0.343575
348,15,0.405085
349,1,0.482318
349,2,0.467503
349,3,0.452707
349,4,0.521767
349,5,0.434589
349,6,0.437995
349,7,0.509730
349,8,0.472171
349,9,0.454604
349,10,0.455782
349,11,0.477308
349,12,0.483348
349,13,0.463546
349,14,0.489181
349,15,0.542640
350,1,0.464093
350,2,0.525546
350,3,0.481839
350,4,0.487307
350,5,0.523149
350,6,0.525817
350,7,0.574110
350,8,0.512262
350,9,0.471671
350,10,0.397650
350,11,0.527474
350,12,0.512390
350,13,0.461237
350,14,0.521715
350,15,0.539985
351,1,0.459829
351,2,0.468327
351,3,0.485581
351,4,0.525634
351,5,0.420338
351,6,0.502867
351,7,0.492966
351,8,0.491105
351,9,0.530061
351,10,0.523437
351,11,0.553196
351,12,0.517343
351,13,0.512449
351,14,0.435089
351,15,0.497424
352,1,0.521767
352,2,0.486446
352,3,0.306372
352,4,0.506560
352,5,0.457620
352,6,0.452673
352,7,0.470468
352,8,0.542640
352,9,0.525419
352,10,0.517364
352,11,0.461176
352,12,0.468892
352,13,0.455493
352,14,0.499302
352,15,0.549866
353,1,0.497922
353,2,0.475598
353,3,0.539444
353,4,0.459058
353,5,0.524172
353,6,0.536400
353,7,0.523149
353,8,0.561477
353,9,0.461727
353,10,0.488028
353,11,0.515823
353,12,0.488893
353,13,0.306039
353,14,0.463370
353,15,0.514134
354,1,0.459428
354,2,0.483514
354,3,0.541156
354,4,0.508733
354,5,0.472171
354,6,0.480839
354,7,0.518948
354,8,0.525394
354,9,0.435590
354,10,0.448844
354,11,0.458048
354,12,0.510334
354,13,0.455022
354,14,0.442868
354,15,0.425335
355,1,0.535561
355,2,0.517037
355,3,0.535278
355,4,0.457620
355,5,0.525583
355,6,0.459239
355,7,0.466679
355,8,0.504620
355,9,0.463308
355,10,0.442868
355,11,0.513007
355,12,0.468394
355,13,0.450135
355,14,0.496941
355,15,0.535135
356,1,0.463013
356,2,0.457448
356,3,0.547988
356,4,0.582009
356,5,0.496676
356,6,0.482693
356,7,0.540239
356,8,0.454884
356,9,0.434589
356,10,0.350428
356,11,0.495225
356,12,0.478606
356,13,0.527014
356,14,0.535655
356,15,0.444190
357,1,0.482488
357,2,0.483188
357,3,0.458048
357,4,0.480909
357,5,0.500391
357,6,0.523751
357,7,0.473956
357,8,0.528450
357,9,0.456952
357,10,0.501068
357,11,0.517945
357,12,0.515801
357,13,0.467553
357,14,0.464451
357,15,0.527474
358,1,0.503492
358,2,0.451497
358,3,0.460358
358,4,0.491204
358,5,0.455614
358,6,0.466679
358,7,0.493604
358,8,0.540846
358,9,0.487405
358,10,0.536450
358,11,0.522483
358,12,0.537698
358,13,0.529573
358,14,0.500414
358,15,0.540838
359,1,0.576623
359,2,0.531838
359,3,0.426354
359,4,0.460763
359,5,0.553495
359,6,0.453502
359,7,0.520854
359,8,0.524526
359,9,0.548126
359,10,0.537823
359,11,0.531300
359,12,0.534391
359,13,0.518839
359,14,0.451497
359,15,0.449717
360,1,0.499248
360,2,0.523034
360,3,0.344000
360,4,0.445175
360,5,0.459558
360,6,0.466679
360,7,0.576905
360,8,0.462810
360,9,0.506249
360,10,0.464046
360,11,0.458048
360,12,0.459098
360,13,0.536505
360,14,0.531964
360,15,0.461636
361,1,0.471671
361,2,0.449663
361,3,0.444686
361,4,0.463546
361,5,0.498684
361,6,0.464786
361,7,0.479252
361,8,0.532282
361,9,0.303294
361,10,0.301973
361,11,0.453644
361,12,0.514134
361,13,0.513979
361,14,0.435089
361,15,0.448580
362,1,0.508757
362,2,0.469856
362,3,0.460443
362,4,0.534661
362,5,0.521329
362,6,0.520031
362,7,0.462074
362,8,0.453469
362,9,0.520942
362,10,0.452359
362,11,0.449669
362,12,0.479866
362,13,0.467926
362,14,0.479236
362,15,0.459558
363,1,0.451927
363,2,0.485802
363,3,0.460349
363,4,0.500261
363,5,0.486625
363,6,0.535561
363,7,0.515190
363,8,0.467157
363,9,0.503855
363,10,0.509945
363,11,0.525110
363,12,0.514032
363,13,0.496465
363,14,0.535135
363,15,0.484219
364,1,0.467158
364,2,0.485098
364,3,0.523751
364,4,0.539068
364,5,0.539418
364,6,0.511880
364,7,0.447387
364,8,0.505720
364,9,0.464175
364,10,0.496353
364,11,0.536737
364,12,0.471671
364,13,0.453661
364,14,0.484458
364,15,0.459038
365,1,0.547559
365,2,0.492995
365,3,0.457620
365,4,0.484655
365,5,0.486822
365,6,0.448366
365,7,0.405085
365,8,0.508526
365,9,0.468394
365,10,0.549676
365,11,0.548126
365,12,0.524299
365,13,0.535770
365,14,0.549866
365,15,0.467553
366,1,0.493604
366,2,0.503492
366,3,0.478695
366,4,0.513465
366,5,0.506360
366,6,0.526122
366,7,0.517394
366,8,0.512449
366,9,0.458288
366,10,0.341191
366,11,0.501068
366,12,0.530884
366,13,0.510903
366,14,0.467157
366,15,0.478102
367,1,0.535602
367,2,0.526467
367,3,0.314781
367,4,0.450133
367,5,0.476831
367,6,0.495155
367,7,0.546812
367,8,0.538777
367,9,0.536737
367,10,0.549990
367,11,0.461727
367,12,0.485885
367,13,0.499877
367,14,0.469356
367,15,0.456067
368,1,0.518649
368,2,0.439418
368,3,0.542395
368,4,0.549866
368,5,0.508753
368,6,0.527474
368,7,0.469034
368,8,0.444870
368,9,0.459182
368,10,0.459038
368,11,0.520813
368,12,0.486335
368,13,0.508220
368,14,0.534551
368,15,0.537086
369,1,0.457620
369,2,0.515668
369,3,0.461407
369,4,0.491903
369,5,0.495701
369,6,0.484474
369,7,0.535770
369,8,0.585922
369,9,0.531294
369,10,0.335398
369,11,0.451927
369,12,0.453644
369,13,0.311285
369,14,0.466928
369,15,0.452176
370,1,0.494752
370,2,0.454801
370,3,0.453479
370,4,0.460216
370,5,0.553196
370,6,0.308374
370,7,0.452707
370,8,0.502241
370,9,0.476982
370,10,0.512642
370,11,0.524701
370,12,0.531941
370,13,0.307084
370,14,0.503137
370,15,0.455255
371,1,0.535135
371,2,0.467553
371,3,0.453661
371,4,0.498527
371,5,0.478299
371,6,0.535135
371,7,0.461727
371,8,0.478474
371,9,0.491330
371,10,0.491228
371,11,0.305147
371,12,0.501076
371,13,0.527474
371,14,0.496002
371,15,0.512859
372,1,0.521767
372,2,0.538089
372,3,0.515823
372,4,0.525733
372,5,0.459058
372,6,0.494574
372,7,0.524486
372,8,0.466833
372,9,0.456067
372,10,0.533278
372,11,0.464078
372,12,0.506117
372,13,0.504606
372,14,0.459558
372,15,0.521605
373,1,0.536737
373,2,0.331308
373,3,0.332832
373,4,0.525634
373,5,0.466153
373,6,0.501691
373,7,0.526538
373,8,0.510903
373,9,0.461831
373,10,0.470132
373,11,0.444667
373,12,0.457512
373,13,0.314781
373,14,0.454604
373,15,0.498527
374,1,0.462087
374,2,0.451535
374,3,0.466928
374,4,0.497453
374,5,0.489181
374,6,0.535135
374,7,0.527474
374,8,0.459536
374,9,0.455955
374,10,0.533558
374,11,0.520477
374,12,0.523915
374,13,0.508753
374,14,0.470750
374,15,0.540335
375,1,0.527325
375,2,0.504352
375,3,0.504352
375,4,0.466487
375,5,0.574110
375,6,0.466824
375,7,0.527474
375,8,0.534946
375,9,0.478963
375,10,0.457620
375,11,0.501264
375,12,0.494555
375,13,0.544948
375,14,0.453502
375,15,0.489742
376,1,0.465211
376,2,0.456857
376,3,0.500991
376,4,0.493637
376,5,0.523176
376,6,0.574110
376,7,0.426354
376,8,0.497424
376,9,0.496002
376,10,0.506583
376,11,0.520515
376,12,0.548126
376,13,0.509977
376,14,0.441741
376,15,0.304613
377,1,0.501264
377,2,0.474880
377,3,0.311119
377,4,0.452406
377,5,0.454919
377,6,0.533230
377,7,0.537754
377,8,0.521767
377,9,0.474413
377,10,0.456067
377,11,0.547988
377,12,0.478856
377,13,0.548464
377,14,0.478259
377,15,0.458399
378,1,0.525421
378,2,0.308374
378,3,0.503017
378,4,0.500715
378,5,0.467926
378,6,0.531294
378,7,0.513670
378,8,0.462823
378,9,0.421937
378,10,0.536332
378,11,0.507051
378,12,0.447198
378,13,0.436070
378,14,0.532282
378,15,0.454940
379,1,0.459284
379,2,0.438214
379,3,0.461723
379,4,0.523449
379,5,0.507855
379,6,0.460625
379,7,0.202543
379,8,0.525421
379,9,0.494555
379,10,0.506124
379,11,0.525746
379,12,0.487673
379,13,0.452359
379,14,0.525421
379,15,0.464209
380,1,0.478530
380,2,0.492148
380,3,0.574110
380,4,0.484343
380,5,0.457620
380,6,0.535113
380,7,0.520515
380,8,0.548126
380,9,0.534221
380,10,0.467553
380,11,0.515668
380,12,0.439418
380,13,0.314447
380,14,0.451927
380,15,0.453644
381,1,0.487519
381,2,0.536505
381,3,0.526667
381,4,0.532282
381,5,0.499127
381,6,0.544636
381,7,0.483864
381,8,0.548001
381,9,0.526857
381,10,0.512655
381,11,0.460145
381,12,0.542212
381,13,0.456734
381,14,0.474931
381,15,0.487221
382,1,0.535952
382,2,0.488483
382,3,0.459497
382,4,0.501971
382,5,0.314447
382,6,0.476831
382,7,0.457147
382,8,0.487863
382,9,0.507341
382,10,0.497094
382,11,0.524229
382,12,0.522940
382,13,0.522867
382,14,0.533703
382,15,0.487782
383,1,0.535770
383,2,0.549866
383,3,0.514624
383,4,0.486446
383,5,0.535093
383,6,0.521767
383,7,0.526170
383,8,0.490001
383,9,0.311119
383,10,0.452823
383,11,0.501691
383,12,0.548126
383,13,0.475514
383,14,0.458501
383,15,0.434589
384,1,0.451892
384,2,0.527474
384,3,0.457620
384,4,0.503017
384,5,0.453502
384,6,0.503062
384,7,0.514134
384,8,0.306372
384,9,0.511528
384,10,0.514624
384,11,0.515823
384,12,0.457397
384,13,0.555304
384,14,0.513670
384,15,0.535952
385,1,0.532282
385,2,0.454940
385,3,0.467711
385,4,0.449266
385,5,0.451927
385,6,0.476831
385,7,0.514032
385,8,0.541515
385,9,0.533984
385,10,0.521767
385,11,0.547242
385,12,0.521708
385,13,0.535602
385,14,0.468899
385,15,0.519799
386,1,0.521217
386,2,0.435089
386,3,0.474717
386,4,0.523730
386,5,0.524111
386,6,0.460387
386,7,0.501076
386,8,0.465444
386,9,0.453152
386,10,0.566955
386,11,0.459558
386,12,0.538848
386,13,0.471811
386,14,0.500933
386,15,0.534468
387,1,0.526857
387,2,0.457456
387,3,0.479866
387,4,0.487814
387,5,0.504279
387,6,0.514032
387,7,0.510891
387,8,0.478259
387,9,0.521591
387,10,0.456108
387,11,0.498979
387,12,0.498385
387,13,0.521316
387,14,0.539343
387,15,0.497891
388,1,0.446254
388,2,0.547988
388,3,0.471671
388,4,0.457178
388,5,0.515823
388,6,0.515668
388,7,0.539068
388,8,0.527104
388,9,0.447054
388,10,0.529714
388,11,0.444864
388,12,0.464246
388,13,0.466679
388,14,0.527474
388,15,0.461248
389,1,0.454104
389,2,0.524980
389,3,0.458120
389,4,0.535113
389,5,0.453502
389,6,0.534946
389,7,0.574110
389,8,0.471671
389,9,0.478474
389,10,0.428872
389,11,0.535561
389,12,0.538767
389,13,0.522825
389,14,0.525622
389,15,0.445859
390,1,0.369738
390,2,0.455291
390,3,0.506369
390,4,0.459746
390,5,0.485092
390,6,0.514134
390,7,0.471292
390,8,0.457620
390,9,0.485527
390,10,0.503998
390,11,0.508904
390,12,0.536505
390,13,0.531294
390,14,0.457620
390,15,0.466679
391,1,0.463662
391,2,0.452673
391,3,0.506117
391,4,0.535952
391,5,0.512943
391,6,0.515823
391,7,0.540846
391,8,0.510381
391,9,0.522955
391,10,0.532282
391,11,0.459634
391,12,0.523966
391,13,0.531429
391,14,0.509453
391,15,0.519028
392,1,0.465932
392,2,0.524121
392,3,0.574110
392,4,0.449614
392,5,0.311119
392,6,0.501076
392,7,0.466928
392,8,0.479866
392,9,0.458091
392,10,0.514986
392,11,0.544706
392,12,0.541934
392,13,0.537459
392,14,0.476095
392,15,0.452406
393,1,0.500857
393,2,0.506102
393,3,0.534221
393,4,0.521258
393,5,0.574110
393,6,0.467553
393,7,0.493604
393,8,0.489060
393,9,0.534120
393,10,0.541934
393,11,0.534946
393,12,0.515813
393,13,0.531294
393,14,0.492119
393,15,0.526094
394,1,0.495780
394,2,0.469356
394,3,0.456067
394,4,0.480933
394,5,0.434589
394,6,0.516782
394,7,0.510115
394,8,0.541373
394,9,0.457620
394,10,0.518527
394,11,0.536737
394,12,0.541978
394,13,0.535135
394,14,0.520640
394,15,0.452359
395,1,0.496160
395,2,0.467536
395,3,0.485885
395,4,0.499877
395,5,0.497079
395,6,0.562877
395,7,0.547988
395,8,0.522483
395,9,0.461831
395,10,0.535135
395,11,0.472434
395,12,0.463495
395,13,0.505057
395,14,0.461451
395,15,0.524980
396,1,0.538089
396,2,0.548088
396,3,0.478456
396,4,0.458399
396,5,0.497013
396,6,0.527474
396,7,0.506124
396,8,0.457456
396,9,0.367741
396,10,0.455695
396,11,0.523915
396,12,0.459095
396,13,0.419837
396,14,0.446544
396,15,0.473003
397,1,0.493825
397,2,0.466156
397,3,0.452176
397,4,0.405085
397,5,0.462410
397,6,0.533704
397,7,0.530367
397,8,0.530826
397,9,0.453735
397,10,0.452355
397,11,0.511180
397,12,0.512790
397,13,0.457977
397,14,0.296580
397,15,0.501076
398,1,0.507321
398,2,0.520241
398,3,0.540145
398,4,0.534391
398,5,0.434589
398,6,0.508845
398,7,0.509730
398,8,0.543643
398,9,0.526666
398,10,0.526170
398,11,0.480576
398,12,0.469578
398,13,0.582009
398,14,0.471671
398,15,0.525421
399,1,0.482917
399,2,0.514032
399,3,0.535135
399,4,0.534221
399,5,0.472525
399,6,0.451211
399,7,0.471188
399,8,0.477921
399,9,0.434589
399,10,0.434589
399,11,0.458403
399,12,0.528779
399,13,0.461098
399,14,0.490527
399,15,0.536505
400,1,0.522955
400,2,0.334644
400,3,0.341887
400,4,0.501068
400,5,0.472723
400,6,0.487673
400,7,0.541212
400,8,0.523449
400,9,0.523691
400,10,0.525419
400,11,0.536940
400,12,0.547988
400,13,0.536505
400,14,0.457437
400,15,0.535725
401,1,0.550115
401,2,0.523217
401,3,0.459558
401,4,0.429401
401,5,0.311808
401,6,0.437598
401,7,0.534058
401,8,0.526538
401,9,0.532282
401,10,0.426354
401,11,0.458403
401,12,0.459558
401,13,0.532509
401,14,0.434589
401,15,0.441839
402,1,0.334984
402,2,0.503250
402,3,0.484629
402,4,0.535770
402,5,0.534221
402,6,0.534221
402,7,0.460763
402,8,0.449943
402,9,0.517232
402,10,0.523730
402,11,0.469356
402,12,0.482773
402,13,0.536466
402,14,0.522962
402,15,0.456243
403,1,0.452927
403,2,0.522092
403,3,0.492942
403,4,0.526538
403,5,0.472171
403,6,0.540239
403,7,0.465988
403,8,0.503766
403,9,0.453481
403,10,0.521063
403,11,0.506124
403,12,0.512655
403,13,0.439357
403,14,0.482984
403,15,0.531964
404,1,0.457620
404,2,0.527096
404,3,0.471671
404,4,0.445070
404,5,0.493604
404,6,0.467425
404,7,0.458403
404,8,0.459558
404,9,0.456857
404,10,0.529573
404,11,0.523851
404,12,0.515823
404,13,0.462369
404,14,0.533311
404,15,0.430471
405,1,0.447621
405,2,0.476909
405,3,0.522531
405,4,0.521767
405,5,0.458120
405,6,0.478025
405,7,0.498990
405,8,0.452359
405,9,0.506369
405,10,0.461463
405,11,0.451927
405,12,0.504620
405,13,0.446165
405,14,0.525421
405,15,0.507051
406,1,0.449680
406,2,0.347500
406,3,0.432510
406,4,0.484564
406,5,0.509730
406,6,0.512244
406,7,0.530461
406,8,0.531838
406,9,0.452359
406,10,0.485544
406,11,0.493572
406,12,0.510813
406,13,0.549686
406,14,0.435590
406,15,0.509655
407,1,0.534946
407,2,0.510891
407,3,0.455670
407,4,0.515364
407,5,0.454104
407,6,0.530507
407,7,0.533299
407,8,0.528681
407,9,0.515591
407,10,0.522955
407,11,0.482822
407,12,0.454884
407,13,0.534661
407,14,0.481008
407,15,0.521591
408,1,0.461186
408,2,0.523149
408,3,0.449943
408,4,0.451927
408,5,0.455998
408,6,0.535477
408,7,0.566706
408,8,0.522483
408,9,0.459558
408,10,0.452960
408,11,0.452176
408,12,0.520973
408,13,0.445098
408,14,0.498324
408,15,0.467425
409,1,0.452252
409,2,0.502636
409,3,0.470858
409,4,0.499274
409,5,0.509180
409,6,0.532768
409,7,0.496676
409,8,0.480592
409,9,0.469610
409,10,0.479866
409,11,0.467179
409,12,0.428872
409,13,0.482793
409,14,0.435590
409,15,0.448580
410,1,0.301973
410,2,0.452176
410,3,0.419837
410,4,0.501076
410,5,0.476978
410,6,0.441839
410,7,0.522955
410,8,0.534607
410,9,0.510274
410,10,0.478259
410,11,0.496293
410,12,0.466824
410,13,0.535561
410,14,0.503231
410,15,0.457620
411,1,0.461619
411,2,0.453528
411,3,0.453644
411,4,0.515823
411,5,0.286981
411,6,0.480649
411,7,0.522955
411,8,0.546623
411,9,0.452359
411,10,0.534946
411,11,0.466679
411,12,0.458651
411,13,0.528183
411,14,0.531964
411,15,0.520031
412,1,0.543924
412,2,0.513599
412,3,0.514134
412,4,0.512790
412,5,0.499127
412,6,0.523507
412,7,0.459058
412,8,0.490102
412,9,0.458625
412,10,0.301284
412,11,0.499267
412,12,0.534946
412,13,0.527474
412,14,0.457620
412,15,0.488796
413,1,0.537327
413,2,0.446254
413,3,0.505249
413,4,0.453502
413,5,0.500715
413,6,0.521042
413,7,0.510703
413,8,0.503231
413,9,0.457456
413,10,0.444870
413,11,0.529878
413,12,0.457620
413,13,0.455998
413,14,0.534391
413,15,0.506124
414,1,0.513670
414,2,0.465784
414,3,0.585922
414,4,0.543063
414,5,0.455280
414,6,0.503250
414,7,0.000000
414,8,0.481008
414,9,0.419837
414,10,0.479720
414,11,0.526134
414,12,0.549194
414,13,0.339025
414,14,0.456919
414,15,0.456857
415,1,0.511715
415,2,0.466824
415,3,0.301284
415,4,0.448513
415,5,0.452653
415,6,0.467967
415,7,0.484564
415,8,0.460736
415,9,0.441650
415,10,0.479062
415,11,0.535561
415,12,0.549866
415,13,0.489820
415,14,0.472171
415,15,0.451927
416,1,0.442633
416,2,0.545137
416,3,0.480576
416,4,0.465467
416,5,0.479611
416,6,0.467863
416,7,0.504735
416,8,0.530607
416,9,0.536737
416,10,0.523053
416,11,0.535135
416,12,0.461727
416,13,0.527474
416,14,0.503385
416,15,0.526170
417,1,0.522360
417,2,0.535135
417,3,0.549866
417,4,0.485322
417,5,0.467926
417,6,0.497013
417,7,0.456852
417,8,0.545086
417,9,0.535770
417,10,0.533704
417,11,0.506124
417,12,0.469418
417,13,0.512655
417,14,0.455614
417,15,0.446645
418,1,0.465068
418,2,0.301451
418,3,0.535561
418,4,0.503231
418,5,0.305080
418,6,0.444870
418,7,0.498113
418,8,0.503492
418,9,0.541848
418,10,0.482488
418,11,0.511511
418,12,0.513747
418,13,0.464078
418,14,0.451927
418,15,0.508124
419,1,0.509753
419,2,0.533045
419,3,0.526170
419,4,0.515591
419,5,0.574110
419,6,0.531294
419,7,0.514624
419,8,0.461213
419,9,0.530367
419,10,0.453502
419,11,0.459622
419,12,0.529878
419,13,0.521767
419,14,0.472171
419,15,0.465669
420,1,0.539533
420,2,0.464872
420,3,0.510047
420,4,0.459558
420,5,0.524980
420,6,0.502867
420,7,0.500416
420,8,0.506677
420,9,0.513670
420,10,0.511180
420,11,0.548756
420,12,0.509730
420,13,0.537698
420,14,0.566706
420,15,0.521767
421,1,0.468795
421,2,0.446147
421,3,0.452176
421,4,0.301451
421,5,0.452673
421,6,0.504620
421,7,0.513670
421,8,0.521767
421,9,0.533704
421,10,0.456698
421,11,0.551058
421,12,0.531429
421,13,0.438214
421,14,0.487188
421,15,0.472167
422,1,0.521909
422,2,0.510055
422,3,0.513747
422,4,0.444319
422,5,0.535602
422,6,0.522850
422,7,0.463457
422,8,0.534939
422,9,0.519645
422,10,0.468896
422,11,0.463495
422,12,0.506897
422,13,0.529404
422,14,0.510891
422,15,0.508421
423,1,0.545739
423,2,0.524429
423,3,0.514905
423,4,0.524486
423,5,0.480576
423,6,0.464451
423,7,0.514025
423,8,0.471671
423,9,0.453661
423,10,0.501076
423,11,0.481839
423,12,0.523217
423,13,0.544847
423,14,0.531838
423,15,0.524523
424,1,0.434589
424,2,0.461264
424,3,0.523796
424,4,0.506124
424,5,0.451022
424,6,0.513007
424,7,0.503766
424,8,0.364855
424,9,0.289958
424,10,0.508183
424,11,0.500879
424,12,0.528786
424,13,0.457620
424,14,0.453269
424,15,0.309031
425,1,0.482055
425,2,0.463546
425,3,0.512446
425,4,0.535602
425,5,0.539167
425,6,0.534391
425,7,0.530367
425,8,0.520765
425,9,0.457129
425,10,0.471671
425,11,0.468639
425,12,0.361815
425,13,0.477933
425,14,0.477638
425,15,0.500915
426,1,0.518145
426,2,0.453502
426,3,0.525583
426,4,0.452028
426,5,0.455614
426,6,0.482939
426,7,0.471833
426,8,0.448729
426,9,0.457743
426,10,0.503536
426,11,0.520564
426,12,0.457075
426,13,0.555304
426,14,0.513670
426,15,0.508220
427,1,0.535175
427,2,0.553495
427,3,0.469088
427,4,0.451927
427,5,0.523717
427,6,0.549866
427,7,0.507051
427,8,0.457620
427,9,0.459622
427,10,0.496008
427,11,0.456698
427,12,0.459058
427,13,0.447241
427,14,0.465197
427,15,0.472171
428,1,0.489742
428,2,0.461155
428,3,0.515813
428,4,0.535770
428,5,0.547988
428,6,0.514688
428,7,0.492464
428,8,0.544847
428,9,0.521767
428,10,0.458120
428,11,0.443860
428,12,0.470029
428,13,0.459373
428,14,0.513007
428,15,0.503766
429,1,0.457977
429,2,0.444870
429,3,0.419837
429,4,0.301451
429,5,0.434589
429,6,0.301451
429,7,0.485092
429,8,0.311453
429,9,0.527474
429,10,0.508799
429,11,0.505256
429,12,0.467425
429,13,0.447621
429,14,0.508409
429,15,0.463699
430,1,0.454833
430,2,0.464208
430,3,0.488028
430,4,0.471671
430,5,0.451927
430,6,0.453644
430,7,0.485880
430,8,0.513335
430,9,0.523932
430,10,0.522955
430,11,0.521063
430,12,0.542906
430,13,0.458221
430,14,0.507098
430,15,0.523047
431,1,0.518971
431,2,0.544706
431,3,0.454283
431,4,0.491712
431,5,0.506124
431,6,0.529521
431,7,0.507078
431,8,0.523217
431,9,0.476628
431,10,0.522360
431,11,0.464872
431,12,0.453469
431,13,0.574110
431,14,0.499187
431,15,0.539167
432,1,0.459058
432,2,0.453644
432,3,0.542853
432,4,0.453502
432,5,0.513007
432,6,0.522483
432,7,0.464046
432,8,0.526170
432,9,0.515668
432,10,0.499335
432,11,0.523730
432,12,0.536737
432,13,0.526538
432,14,0.514856
432,15,0.459795
433,1,0.431107
433,2,0.000000
433,3,0.534946
433,4,0.526538
433,5,0.478606
433,6,0.521767
433,7,0.536737
433,8,0.520477
433,9,0.459093
433,10,0.522940
433,11,0.306372
433,12,0.527474
433,13,0.480591
433,14,0.523217
433,15,0.000000
434,1,0.512790
434,2,0.305600
434,3,0.525421
434,4,0.508669
434,5,0.495780
434,6,0.452426
434,7,0.451927
434,8,0.301451
434,9,0.499267
434,10,0.513545
434,11,0.472895
434,12,0.522955
434,13,0.510903
434,14,0.512449
434,15,0.488450
435,1,0.524486
435,2,0.524486
435,3,0.524486
435,4,0.479977
435,5,0.457129
435,6,0.476831
435,7,0.475836
435,8,0.534946
435,9,0.515364
435,10,0.487212
435,11,0.534946
435,12,0.520477
435,13,0.495545
435,14,0.458415
435,15,0.467711
436,1,0.447241
436,2,0.309031
436,3,0.461822
436,4,0.511691
436,5,0.510891
436,6,0.478259
436,7,0.447546
436,8,0.464966
436,9,0.466806
436,10,0.493604
436,11,0.512638
436,12,0.524523
436,13,0.550413
436,14,0.574110
436,15,0.507051
437,1,0.460019
437,2,0.451022
437,3,0.454833
437,4,0.311453
437,5,0.466481
437,6,0.508936
437,7,0.532971
437,8,0.535602
437,9,0.448554
437,10,0.411744
437,11,0.314781
437,12,0.501076
437,13,0.507321
437,14,0.468327
437,15,0.453469
438,1,0.314781
438,2,0.476831
438,3,0.509730
438,4,0.462420
438,5,0.458048
438,6,0.311453
438,7,0.478187
438,8,0.521767
438,9,0.526170
438,10,0.524486
438,11,0.480576
438,12,0.449614
438,13,0.411744
438,14,0.513597
438,15,0.469663
439,1,0.464017
439,2,0.506369
439,3,0.485322
439,4,0.459558
439,5,0.506369
439,6,0.508221
439,7,0.494823
439,8,0.533514
439,9,0.515813
439,10,0.508776
439,11,0.512790
439,12,0.461248
439,13,0.443648
439,14,0.463913
439,15,0.462855
440,1,0.459058
440,2,0.527474
440,3,0.514986
440,4,0.456892
440,5,0.501691
440,6,0.520477
440,7,0.462369
440,8,0.520813
440,9,0.544706
440,10,0.541848
440,11,0.482488
440,12,0.507250
440,13,0.459465
440,14,0.306039
440,15,0.419837
441,1,0.442770
441,2,0.518987
441,3,0.522203
441,4,0.449614
441,5,0.000000
441,6,0.457786
441,7,0.478495
441,8,0.526170
441,9,0.515591
441,10,0.540846
441,11,0.486446
441,12,0.311950
441,13,0.524980
441,14,0.306372
441,15,0.500790
442,1,0.510893
442,2,0.459558
442,3,0.549865
442,4,0.458399
442,5,0.454540
442,6,0.522042
442,7,0.497831
442,8,0.314447
442,9,0.540239
442,10,0.311702
442,11,0.514275
442,12,0.506980
442,13,0.529077
442,14,0.534946
442,15,0.515813
443,1,0.461186
443,2,0.553495
443,3,0.457620
443,4,0.534168
443,5,0.520821
443,6,0.535135
443,7,0.463013
443,8,0.530163
443,9,0.522332
443,10,0.547988
443,11,0.486446
443,12,0.459558
443,13,0.490551
443,14,0.306248
443,15,0.513007
444,1,0.435089
444,2,0.411744
444,3,0.485763
444,4,0.453502
444,5,0.521767
444,6,0.525583
444,7,0.457456
444,8,0.478025
444,9,0.502593
444,10,0.471671
444,11,0.527474
444,12,0.534946
444,13,0.471671
444,14,0.489742
444,15,0.526882
445,1,0.575772
445,2,0.512493
445,3,0.519894
445,4,0.522850
445,5,0.461252
445,6,0.477749
445,7,0.483348
445,8,0.523905
445,9,0.493572
445,10,0.459058
445,11,0.504909
445,12,0.306372
445,13,0.486858
445,14,0.459558
445,15,0.502867
446,1,0.434589
446,2,0.469370
446,3,0.459083
446,4,0.459058
446,5,0.493468
446,6,0.459558
446,7,0.507250
446,8,0.535922
446,9,0.536762
446,10,0.540456
446,11,0.462903
446,12,0.443754
446,13,0.456067
446,14,0.525419
446,15,0.515591
447,1,0.523149
447,2,0.515788
447,3,0.455820
447,4,0.506369
447,5,0.480028
447,6,0.525634
447,7,0.470163
447,8,0.479866
447,9,0.459677
447,10,0.304613
447,11,0.456857
447,12,0.529077
447,13,0.486618
447,14,0.469356
447,15,0.501691
448,1,0.463019
448,2,0.454388
448,3,0.500857
448,4,0.534077
448,5,0.520477
448,6,0.487815
448,7,0.435590
448,8,0.501076
448,9,0.462369
448,10,0.457620
448,11,0.515775
448,12,0.430471
448,13,0.493604
448,14,0.535135
448,15,0.457491
449,1,0.527419
449,2,0.547988
449,3,0.504352
449,4,0.306039
449,5,0.479160
449,6,0.540239
449,7,0.497303
449,8,0.309031
449,9,0.452673
449,10,0.527474
449,11,0.547988
449,12,0.489591
449,13,0.471951
449,14,0.467536
449,15,0.453575
450,1,0.456919
450,2,0.525831
450,3,0.456852
450,4,0.462785
450,5,0.501068
450,6,0.517074
450,7,0.514550
450,8,0.439357
450,9,0.455094
450,10,0.486079
450,11,0.457767
450,12,0.456067
450,13,0.513747
450,14,0.519800
450,15,0.472434
451,1,0.444884
451,2,0.461076
451,3,0.523613
451,4,0.529573
451,5,0.466487
451,6,0.482773
451,7,0.526324
451,8,0.435089
451,9,0.474717
451,10,0.541212
451,11,0.458678
451,12,0.453644
451,13,0.479160
451,14,0.479866
451,15,0.459098
452,1,0.477506
452,2,0.470750
452,3,0.540335
452,4,0.513014
452,5,0.511180
452,6,0.498928
452,7,0.533514
452,8,0.540846
452,9,0.515251
452,10,0.510903
452,11,0.467157
452,12,0.476831
452,13,0.514032
452,14,0.531300
452,15,0.217795
453,1,0.454817
453,2,0.522701
453,3,0.534946
453,4,0.461727
453,5,0.451927
453,6,0.501076
453,7,0.471671
453,8,0.447546
453,9,0.461407
453,10,0.504975
453,11,0.458829
453,12,0.485092
453,13,0.306748
453,14,0.475501
453,15,0.509730
454,1,0.459558
454,2,0.000000
454,3,0.505529
454,4,0.524486
454,5,0.467837
454,6,0.501076
454,7,0.548126
454,8,0.549866
454,9,0.513335
454,10,0.458415
454,11,0.467711
454,12,0.476831
454,13,0.522927
454,14,0.522955
454,15,0.543038
455,1,0.506124
455,2,0.513670
455,3,0.459058
455,4,0.529714
455,5,0.457977
455,6,0.507999
455,7,0.475729
455,8,0.419837
455,9,0.447546
455,10,0.458415
455,11,0.527474
455,12,0.306248
455,13,0.521767
455,14,0.483982
455,15,0.539331
456,1,0.463546
456,2,0.536374
456,3,0.532565
456,4,0.534946
456,5,0.540034
456,6,0.458221
456,7,0.518774
456,8,0.452359
456,9,0.451927
456,10,0.502064
456,11,0.553196
456,12,0.514624
456,13,0.461831
456,14,0.468327
456,15,0.523390
457,1,0.458678
457,2,0.437598
457,3,0.518987
457,4,0.466679
457,5,0.461488
457,6,0.301451
457,7,0.452218
457,8,0.456857
457,9,0.531294
457,10,0.525110
457,11,0.512790
457,12,0.513670
457,13,0.521767
457,14,0.458749
457,15,0.515668
458,1,0.512790
458,2,0.453502
458,3,0.466679
458,4,0.489181
458,5,0.518712
458,6,0.535135
458,7,0.471671
458,8,0.515668
458,9,0.459058
458,10,0.454833
458,11,0.504162
458,12,0.458625
458,13,0.501731
458,14,0.522850
458,15,0.510381
459,1,0.453502
459,2,0.454668
459,3,0.459558
459,4,0.515668
459,5,0.521767
459,6,0.463829
459,7,0.508487
459,8,0.531964
459,9,0.522850
459,10,0.523064
459,11,0.524486
459,12,0.523915
459,13,0.508441
459,14,0.458415
459,15,0.405085
460,1,0.477873
460,2,0.503855
460,3,0.506124
460,4,0.503087
460,5,0.489060
460,6,0.522927
460,7,0.531300
460,8,0.510903
460,9,0.515651
460,10,0.458749
460,11,0.504975
460,12,0.459373
460,13,0.473631
460,14,0.533049
460,15,0.515823
461,1,0.540145
461,2,0.533049
461,3,0.461432
461,4,0.453395
461,5,0.484564
461,6,0.467425
461,7,0.483188
461,8,0.545086
461,9,0.514032
461,10,0.509460
461,11,0.473144
461,12,0.452359
461,13,0.454833
461,14,0.466679
461,15,0.469325
462,1,0.452176
462,2,0.496008
462,3,0.472196
462,4,0.510381
462,5,0.513670
462,6,0.539068
462,7,0.535922
462,8,0.453318
462,9,0.485885
462,10,0.510903
462,11,0.531294
462,12,0.457620
462,13,0.451096
462,14,0.529077
462,15,0.534946
463,1,0.553959
463,2,0.542906
463,3,0.532282
463,4,0.478456
463,5,0.499056
463,6,0.522332
463,7,0.511715
463,8,0.515591
463,9,0.516007
463,10,0.466824
463,11,0.311119
463,12,0.501076
463,13,0.465819
463,14,0.476831
463,15,0.535135
464,1,0.430471
464,2,0.501076
464,3,0.469194
464,4,0.306039
464,5,0.501076
464,6,0.481839
464,7,0.470360
464,8,0.521932
464,9,0.507843
464,10,0.493138
464,11,0.451022
464,12,0.449669
464,13,0.485092
464,14,0.480649
464,15,0.451543
465,1,0.499687
465,2,0.506960
465,3,0.453314
465,4,0.496293
465,5,0.515312
465,6,0.467837
465,7,0.451927
465,8,0.503014
465,9,0.536421
465,10,0.508220
465,11,0.459390
465,12,0.453644
465,13,0.526170
465,14,0.480495
465,15,0.523210
466,1,0.522922
466,2,0.458707
466,3,0.435105
466,4,0.309364
466,5,0.502867
466,6,0.477345
466,7,0.452359
466,8,0.459504
466,9,0.454833
466,10,0.454869
466,11,0.435400
466,12,0.447379
466,13,0.435137
466,14,0.481201
466,15,0.472419
467,1,0.504834
467,2,0.434589
467,3,0.411744
467,4,0.471418
467,5,0.451801
467,6,0.301284
467,7,0.501691
467,8,0.574110
467,9,0.471671
467,10,0.453661
467,11,0.504620
467,12,0.501857
467,13,0.434589
467,14,0.530367
467,15,0.521767
468,1,0.467157
468,2,0.527474
468,3,0.497831
468,4,0.535252
468,5,0.314447
468,6,0.455027
468,7,0.487188
468,8,0.341891
468,9,0.405085
468,10,0.463612
468,11,0.446165
468,12,0.432176
468,13,0.471833
468,14,0.487234
468,15,0.510154
469,1,0.496002
469,2,0.430471
469,3,0.519625
469,4,0.426354
469,5,0.520813
469,6,0.512655
469,7,0.513670
469,8,0.511180
469,9,0.458301
469,10,0.545436
469,11,0.521309
469,12,0.454940
469,13,0.454833
469,14,0.490619
469,15,0.524486
470,1,0.536505
470,2,0.464078
470,3,0.503855
470,4,0.513670
470,5,0.522483
470,6,0.458415
470,7,0.301973
470,8,0.488028
470,9,0.521155
470,10,0.469194
470,11,0.544847
470,12,0.534946
470,13,0.530367
470,14,0.457620
470,15,0.482939
471,1,0.441839
471,2,0.446928
471,3,0.452788
471,4,0.447318
471,5,0.419837
471,6,0.457702
471,7,0.451927
471,8,0.452176
471,9,0.311285
471,10,0.476387
471,11,0.497147
471,12,0.466487
471,13,0.453368
471,14,0.419837
471,15,0.411744
472,1,0.486446
472,2,0.522927
472,3,0.522955
472,4,0.543038
472,5,0.535135
472,6,0.521258
472,7,0.458746
472,8,0.448638
472,9,0.405085
472,10,0.439149
472,11,0.484366
472,12,0.457620
472,13,0.534168
472,14,0.530367
472,15,0.538929
473,1,0.472160
473,2,0.549865
473,3,0.516074
473,4,0.453318
473,5,0.502593
473,6,0.464864
473,7,0.502867
473,8,0.464246
473,9,0.554100
473,10,0.521767
473,11,0.553495
473,12,0.521767
473,13,0.543038
473,14,0.452359
473,15,0.453644
474,1,0.525583
474,2,0.509894
474,3,0.535004
474,4,0.474060
474,5,0.555096
474,6,0.453502
474,7,0.484655
474,8,0.499764
474,9,0.488254
474,10,0.522945
474,11,0.506124
474,12,0.513670
474,13,0.459558
474,14,0.434589
474,15,0.463908
475,1,0.306039
475,2,0.458048
475,3,0.435089
475,4,0.327139
475,5,0.256701
475,6,0.533085
475,7,0.512759
475,8,0.553196
475,9,0.467553
475,10,0.455998
475,11,0.514032
475,12,0.314447
475,13,0.447546
475,14,0.508124
475,15,0.526538
476,1,0.510381
476,2,0.549866
476,3,0.513335
476,4,0.480626
476,5,0.523217
476,6,0.000000
476,7,0.485581
476,8,0.451927
476,9,0.490944
476,10,0.518760
476,11,0.459240
476,12,0.454374
476,13,0.501264
476,14,0.462561
476,15,0.451927
477,1,0.457129
477,2,0.515668
477,3,0.511180
477,4,0.469127
477,5,0.447546
477,6,0.435089
477,7,0.445175
477,8,0.473126
477,9,0.519184
477,10,0.522332
477,11,0.510903
477,12,0.515651
477,13,0.513614
477,14,0.459187
477,15,0.405085
478,1,0.453998
478,2,0.482941
478,3,0.478102
478,4,0.531300
478,5,0.535282
478,6,0.537488
478,7,0.531474
478,8,0.514032
478,9,0.497670
478,10,0.474250
478,11,0.548411
478,12,0.467136
478,13,0.459712
478,14,0.531204
478,15,0.533703
479,1,0.452414
479,2,0.520477
479,3,0.459558
479,4,0.447241
479,5,0.466646
479,6,0.473126
479,7,0.455846
479,8,0.454715
479,9,0.305600
479,10,0.481046
479,11,0.533443
479,12,0.523966
479,13,0.457620
479,14,0.535113
479,15,0.510703
480,1,0.513670
480,2,0.487815
480,3,0.521767
480,4,0.471671
480,5,0.535255
480,6,0.532565
480,7,0.521767
480,8,0.457919
480,9,0.520477
480,10,0.511180
480,11,0.491670
480,12,0.534946
480,13,0.489060
480,14,0.543944
480,15,0.510381
481,1,0.521767
481,2,0.457790
481,3,0.451927
481,4,0.301284
481,5,0.506369
481,6,0.510579
481,7,0.513670
481,8,0.529581
481,9,0.538063
481,10,0.524241
481,11,0.532984
481,12,0.508124
481,13,0.541373
481,14,0.574110
481,15,0.542738
482,1,0.459058
482,2,0.507098
482,3,0.514032
482,4,0.303294
482,5,0.454267
482,6,0.477873
482,7,0.462491
482,8,0.520973
482,9,0.345895
482,10,0.435856
482,11,0.306039
482,12,0.534946
482,13,0.311808
482,14,0.501029
482,15,0.527214
483,1,0.430471
483,2,0.411744
483,3,0.461064
483,4,0.470846
483,5,0.314447
483,6,0.451927
483,7,0.520973
483,8,0.306039
483,9,0.453644
483,10,0.523217
483,11,0.494056
483,12,0.471671
483,13,0.506272
483,14,0.521767
483,15,0.309364
484,1,0.485092
484,2,0.515823
484,3,0.518242
484,4,0.458749
484,5,0.476831
484,6,0.462420
484,7,0.502867
484,8,0.503385
484,9,0.525593
484,10,0.469033
484,11,0.501068
484,12,0.311119
484,13,0.311285
484,14,0.452823
484,15,0.485092
485,1,0.467179
485,2,0.476831
485,3,0.529878
485,4,0.521767
485,5,0.458120
485,6,0.456204
485,7,0.536737
485,8,0.527474
485,9,0.457491
485,10,0.524031
485,11,0.524652
485,12,0.531289
485,13,0.533230
485,14,0.496002
485,15,0.541373
486,1,0.510703
486,2,0.524299
486,3,0.000000
486,4,0.535770
486,5,0.515233
486,6,0.531294
486,7,0.506124
486,8,0.521767
486,9,0.497667
486,10,0.523730
486,11,0.549194
486,12,0.526538
486,13,0.474413
486,14,0.514025
486,15,0.507995
487,1,0.522332
487,2,0.531294
487,3,0.457456
487,4,0.501756
487,5,0.530507
487,6,0.514134
487,7,0.525320
487,8,0.459058
487,9,0.352510
487,10,0.501068
487,11,0.492148
487,12,0.522850
487,13,0.522940
487,14,0.510824
487,15,0.531294
488,1,0.457620
488,2,0.451927
488,3,0.529878
488,4,0.473018
488,5,0.452359
488,6,0.501076
488,7,0.535135
488,8,0.522850
488,9,0.520477
488,10,0.445859
488,11,0.304613
488,12,0.525421
488,13,0.498457
488,14,0.510891
488,15,0.510891
489,1,0.496465
489,2,0.452359
489,3,0.501076
489,4,0.485045
489,5,0.536737
489,6,0.471091
489,7,0.489742
489,8,0.452359
489,9,0.521767
489,10,0.495250
489,11,0.458399
489,12,0.515668
489,13,0.306039
489,14,0.453644
489,15,0.536737
490,1,0.314447
490,2,0.451927
490,3,0.301284
490,4,0.452823
490,5,0.485092
490,6,0.462991
490,7,0.466928
490,8,0.311285
490,9,0.453644
490,10,0.510334
490,11,0.457620
490,12,0.527474
490,13,0.454583
490,14,0.456919
490,15,0.483188
491,1,0.534661
491,2,0.466824
491,3,0.501264
491,4,0.314447
491,5,0.527474
491,6,0.473002
491,7,0.505057
491,8,0.536421
491,9,0.509730
491,10,0.526170
491,11,0.458288
491,12,0.555304
491,13,0.442233
491,14,0.526614
491,15,0.254376
492,1,0.522955
492,2,0.466679
492,3,0.452851
492,4,0.428381
492,5,0.453513
492,6,0.474079
492,7,0.311808
492,8,0.459320
492,9,0.535252
492,10,0.462561
492,11,0.458651
492,12,0.503998
492,13,0.535127
492,14,0.461098
492,15,0.452707
493,1,0.454604
493,2,0.487234
493,3,0.290393
493,4,0.304613
493,5,0.458048
493,6,0.524296
493,7,0.515591
493,8,0.547988
493,9,0.547988
493,10,0.467157
493,11,0.502593
493,12,0.466679
493,13,0.526614
493,14,0.462561
493,15,0.463222
494,1,0.541373
494,2,0.457620
494,3,0.453644
494,4,0.435590
494,5,0.456919
494,6,0.451927
494,7,0.451927
494,8,0.474816
494,9,0.434589
494,10,0.528078
494,11,0.533704
494,12,0.305080
494,13,0.463721
494,14,0.525419
494,15,0.524121
495,1,0.524215
495,2,0.535463
495,3,0.531294
495,4,0.489060
495,5,0.508220
495,6,0.547988
495,7,0.457620
495,8,0.447546
495,9,0.534946
495,10,0.531294
495,11,0.445859
495,12,0.508124
495,13,0.468327
495,14,0.537023
495,15,0.536450
496,1,0.524980
496,2,0.523217
496,3,0.511180
496,4,0.456892
496,5,0.456919
496,6,0.301284
496,7,0.452823
496,8,0.452048
496,9,0.453607
496,10,0.462488
496,11,0.453644
496,12,0.514134
496,13,0.512449
496,14,0.455724
496,15,0.405085
497,1,0.304613
497,2,0.487234
497,3,0.498856
497,4,0.539068
497,5,0.522483
497,6,0.461098
497,7,0.503855
497,8,0.521767
497,9,0.541722
497,10,0.506124
497,11,0.539334
497,12,0.514032
497,13,0.535135
497,14,0.460154
497,15,0.547988
498,1,0.530869
498,2,0.508220
498,3,0.511180
498,4,0.544847
498,5,0.541373
498,6,0.530367
498,7,0.541373
498,8,0.539334
498,9,0.514032
498,10,0.311702
498,11,0.451927
498,12,0.503385
498,13,0.535252
498,14,0.539183
498,15,0.545865
499,1,0.513335
499,2,0.538089
499,3,0.535240
499,4,0.508646
499,5,0.458400
499,6,0.453269
499,7,0.526170
499,8,0.306372
499,9,0.503760
499,10,0.535135
499,11,0.520640
499,12,0.457620
499,13,0.497225
499,14,0.466679
499,15,0.507250
500,1,0.434589
500,2,0.466679
500,3,0.521605
500,4,0.536737
500,5,0.525733
500,6,0.551058
500,7,0.481802
500,8,0.438214
500,9,0.479581
500,10,0.548126
500,11,0.457197
500,12,0.522337
500,13,0.455559
500,14,0.473298
500,15,0.492505
501,1,0.560915
501,2,0.521767
501,3,0.520477
501,4,0.523932
501,5,0.574110
501,6,0.540536
501,7,0.510919
501,8,0.533704
501,9,0.513670
501,10,0.462244
501,11,0.531488
501,12,0.535135
501,13,0.492464
501,14,0.459058
501,15,0.536374
502,1,0.467425
502,2,0.520813
502,3,0.459558
502,4,0.495844
502,5,0.453502
502,6,0.534946
502,7,0.471671
502,8,0.447546
502,9,0.484225
502,10,0.511180
502,11,0.000000
502,12,0.532890
502,13,0.513014
502,14,0.494056
502,15,0.535135
503,1,0.467342
503,2,0.451927
503,3,0.458651
503,4,0.000000
503,5,0.498768
503,6,0.217294
503,7,0.525421
503,8,0.311119
503,9,0.468038
503,10,0.524980
503,11,0.523751
503,12,0.314447
503,13,0.527474
503,14,0.457620
503,15,0.493604
504,1,0.458265
504,2,0.455614
504,3,0.504942
504,4,0.519077
504,5,0.307084
504,6,0.525421
504,7,0.498457
504,8,0.452359
504,9,0.459622
504,10,0.464375
504,11,0.429600
504,12,0.452673
504,13,0.462491
504,14,0.496008
504,15,0.506980
505,1,0.535127
505,2,0.474413
505,3,0.524190
505,4,0.466679
505,5,0.526170
505,6,0.447546
505,7,0.457129
505,8,0.536737
505,9,0.481802
505,10,0.521591
505,11,0.514856
505,12,0.462561
505,13,0.451927
505,14,0.458216
505,15,0.552179
506,1,0.547988
506,2,0.508776
506,3,0.511180
506,4,0.511180
506,5,0.534946
506,6,0.457267
506,7,0.306039
506,8,0.450133
506,9,0.405085
506,10,0.501691
506,11,0.439357
506,12,0.479581
506,13,0.534221
506,14,0.457129
506,15,0.500728
507,1,0.446879
507,2,0.472653
507,3,0.480716
507,4,0.523470
507,5,0.506484
507,6,0.533703
507,7,0.480595
507,8,0.305480
507,9,0.477873
507,10,0.503260
507,11,0.519303
507,12,0.529871
507,13,0.453318
507,14,0.301973
507,15,0.521767
508,1,0.483982
508,2,0.547988
508,3,0.459558
508,4,0.536374
508,5,0.513670
508,6,0.508220
508,7,0.457480
508,8,0.357881
508,9,0.411744
508,10,0.000000
508,11,0.531294
508,12,0.457620
508,13,0.466679
508,14,0.449266
508,15,0.447546
509,1,0.508936
509,2,0.457620
509,3,0.506272
509,4,0.535477
509,5,0.521767
509,6,0.514134
509,7,0.523966
509,8,0.464872
509,9,0.456067
509,10,0.462060
509,11,0.000000
509,12,0.514846
509,13,0.492355
509,14,0.549194
509,15,0.458982
510,1,0.476831
510,2,0.510919
510,3,0.484372
510,4,0.547988
510,5,0.510293
510,6,0.498073
510,7,0.435089
510,8,0.499699
510,9,0.513670
510,10,0.499335
510,11,0.452359
510,12,0.501076
510,13,0.515668
510,14,0.461407
510,15,0.476909
511,1,0.489953
511,2,0.522940
511,3,0.471671
511,4,0.456204
511,5,0.533393
511,6,0.526170
511,7,0.523449
511,8,0.474413
511,9,0.455846
511,10,0.524980
511,11,0.482488
511,12,0.458086
511,13,0.522332
511,14,0.462060
511,15,0.502867
512,1,0.511358
512,2,0.515668
512,3,0.458415
512,4,0.478527
512,5,0.468327
512,6,0.445310
512,7,0.480468
512,8,0.533129
512,9,0.492464
512,10,0.536048
512,11,0.548126
512,12,0.467553
512,13,0.463495
512,14,0.481839
512,15,0.464885
513,1,0.456857
513,2,0.534661
513,3,0.508885
513,4,0.464078
513,5,0.454727
513,6,0.520477
513,7,0.508649
513,8,0.534946
513,9,0.508587
513,10,0.520640
513,11,0.434589
513,12,0.456919
513,13,0.518178
513,14,0.521767
513,15,0.482488
514,1,0.516905
514,2,0.457456
514,3,0.503385
514,4,0.446879
514,5,0.454604
514,6,0.525415
514,7,0.358697
514,8,0.475983
514,9,0.500715
514,10,0.446755
514,11,0.525546
514,12,0.513335
514,13,0.459058
514,14,0.489742
514,15,0.521767
515,1,0.452693
515,2,0.526614
515,3,0.523149
515,4,0.514134
515,5,0.520477
515,6,0.458749
515,7,0.495844
515,8,0.306248
515,9,0.405085
515,10,0.502593
515,11,0.459471
515,12,0.515668
515,13,0.434589
515,14,0.463546
515,15,0.464432
516,1,0.405085
516,2,0.000000
516,3,0.462657
516,4,0.485092
516,5,0.517394
516,6,0.472171
516,7,0.451927
516,8,0.520973
516,9,0.484225
516,10,0.456054
516,11,0.477431
516,12,0.305600
516,13,0.448002
516,14,0.520973
516,15,0.521767
517,1,0.358054
517,2,0.515364
517,3,0.534939
517,4,0.535602
517,5,0.460154
517,6,0.530367
517,7,0.520515
517,8,0.446782
517,9,0.520477
517,10,0.534946
517,11,0.479581
517,12,0.530367
517,13,0.523730
517,14,0.526170
517,15,0.306039
518,1,0.301284
518,2,0.458048
518,3,0.549194
518,4,0.535602
518,5,0.492966
518,6,0.523217
518,7,0.481667
518,8,0.551058
518,9,0.523149
518,10,0.531294
518,11,0.496674
518,12,0.453502
518,13,0.491712
518,14,0.525622
518,15,0.456698
519,1,0.459058
519,2,0.453644
519,3,0.435590
519,4,0.461831
519,5,0.535602
519,6,0.522850
519,7,0.461831
519,8,0.550113
519,9,0.446782
519,10,0.481802
519,11,0.479866
519,12,0.466679
519,13,0.453269
519,14,0.546088
519,15,0.536505
520,1,0.471671
520,2,0.534946
520,3,0.458216
520,4,0.530367
520,5,0.506124
520,6,0.512859
520,7,0.456327
520,8,0.531695
520,9,0.463045
520,10,0.465870
520,11,0.466679
520,12,0.521767
520,13,0.514134
520,14,0.521533
520,15,0.519547
521,1,0.506124
521,2,0.520287
521,3,0.461213
521,4,0.520813
521,5,0.453318
521,6,0.515364
521,7,0.000000
521,8,0.459058
521,9,0.515668
521,10,0.461407
521,11,0.478039
521,12,0.485829
521,13,0.522332
521,14,0.466846
521,15,0.459688
522,1,0.514986
522,2,0.454609
522,3,0.524980
522,4,0.520001
522,5,0.512790
522,6,0.496562
522,7,0.452359
522,8,0.525421
522,9,0.503750
522,10,0.503766
522,11,0.521767
522,12,0.434589
522,13,0.473956
522,14,0.343575
522,15,0.441293
523,1,0.314447
523,2,0.452656
523,3,0.540239
523,4,0.483348
523,5,0.534946
523,6,0.457267
523,7,0.000000
523,8,0.535770
523,9,0.522701
523,10,0.539334
523,11,0.458120
523,12,0.452707
523,13,0.453644
523,14,0.472171
523,15,0.479160
524,1,0.452851
524,2,0.461407
524,3,0.501971
524,4,0.461822
524,5,0.459373
524,6,0.486223
524,7,0.541373
524,8,0.530367
524,9,0.469088
524,10,0.461529
524,11,0.508815
524,12,0.457456
524,13,0.503855
524,14,0.521767
524,15,0.536888
525,1,0.524031
525,2,0.531300
525,3,0.509453
525,4,0.536737
525,5,0.474180
525,6,0.459058
525,7,0.467711
525,8,0.493604
525,9,0.507843
525,10,0.503766
525,11,0.453481
525,12,0.473646
525,13,0.530367
525,14,0.456119
525,15,0.502593
526,1,0.526170
526,2,0.492165
526,3,0.574110
526,4,0.507051
526,5,0.506124
526,6,0.489060
526,7,0.459058
526,8,0.405085
526,9,0.518774
526,10,0.532692
526,11,0.456734
526,12,0.501264
526,13,0.493791
526,14,0.525604
526,15,0.531474
527,1,0.537116
527,2,0.509460
527,3,0.452359
527,4,0.515668
527,5,0.505058
527,6,0.435089
527,7,0.453644
527,8,0.472171
527,9,0.489742
527,10,0.544869
527,11,0.525746
527,12,0.533045
527,13,0.540022
527,14,0.527747
527,15,0.460387
528,1,0.467711
528,2,0.347039
528,3,0.419837
528,4,0.270057
528,5,0.471202
528,6,0.548001
528,7,0.459058
528,8,0.481839
528,9,0.516035
528,10,0.522940
528,11,0.514439
528,12,0.516007
528,13,0.535097
528,14,0.508587
528,15,0.539334
529,1,0.458678
529,2,0.453395
529,3,0.454198
529,4,0.477434
529,5,0.535561
529,6,0.440235
529,7,0.531294
529,8,0.430471
529,9,0.452355
529,10,0.511180
529,11,0.435089
529,12,0.449292
529,13,0.504975
529,14,0.534946
529,15,0.526538
530,1,0.461186
530,2,0.520640
530,3,0.534221
530,4,0.515707
530,5,0.464451
530,6,0.471671
530,7,0.447546
530,8,0.529077
530,9,0.441839
530,10,0.467425
530,11,0.457620
530,12,0.447546
530,13,0.466791
530,14,0.472171
530,15,0.334984
531,1,0.451927
531,2,0.521767
531,3,0.483982
531,4,0.524486
531,5,0.523662
531,6,0.523692
531,7,0.511180
531,8,0.356093
531,9,0.529714
531,10,0.453189
531,11,0.530367
531,12,0.430471
531,13,0.495783
531,14,0.508587
531,15,0.535135
532,1,0.458982
532,2,0.451927
532,3,0.474659
532,4,0.342860
532,5,0.456857
532,6,0.485575
532,7,0.459095
532,8,0.453395
532,9,0.463179
532,10,0.485092
532,11,0.469856
532,12,0.471671
532,13,0.450445
532,14,0.411744
532,15,0.468410
533,1,0.475021
533,2,0.447546
533,3,0.519352
533,4,0.547988
533,5,0.472171
533,6,0.455998
533,7,0.357089
533,8,0.454267
533,9,0.535561
533,10,0.531294
533,11,0.457456
533,12,0.515668
533,13,0.503998
533,14,0.456054
533,15,0.459126
534,1,0.502593
534,2,0.535252
534,3,0.559813
534,4,0.511113
534,5,0.525724
534,6,0.549040
534,7,0.521326
534,8,0.457456
534,9,0.454833
534,10,0.479507
534,11,0.477319
534,12,0.434589
534,13,0.448564
534,14,0.515668
534,15,0.434589
535,1,0.451927
535,2,0.474287
535,3,0.503766
535,4,0.534946
535,5,0.460763
535,6,0.468892
535,7,0.458399
535,8,0.459244
535,9,0.479866
535,10,0.501787
535,11,0.523730
535,12,0.457786
535,13,0.458048
535,14,0.508943
535,15,0.434589
536,1,0.451927
536,2,0.453661
536,3,0.301451
536,4,0.452673
536,5,0.459244
536,6,0.527474
536,7,0.457456
536,8,0.296580
536,9,0.497978
536,10,0.456099
536,11,0.520439
536,12,0.458169
536,13,0.451927
536,14,0.466928
536,15,0.467863
537,1,0.474816
537,2,0.509453
537,3,0.457620
537,4,0.474816
537,5,0.524541
537,6,0.448817
537,7,0.456919
537,8,0.525421
537,9,0.467553
537,10,0.458216
537,11,0.457620
537,12,0.541848
537,13,0.474789
537,14,0.534939
537,15,0.497094
538,1,0.457197
538,2,0.527419
538,3,0.531941
538,4,0.536505
538,5,0.314447
538,6,0.476909
538,7,0.505865
538,8,0.447027
538,9,0.481797
538,10,0.481201
538,11,0.473996
538,12,0.502595
538,13,0.464078
538,14,0.515668
538,15,0.534946
539,1,0.531294
539,2,0.457491
539,3,0.533704
539,4,0.305080
539,5,0.525583
539,6,0.452051
539,7,0.511716
539,8,0.455435
539,9,0.451927
539,10,0.459268
539,11,0.548001
539,12,0.491962
539,13,0.507051
539,14,0.457456
539,15,0.525583
540,1,0.457620
540,2,0.525583
540,3,0.430471
540,4,0.429401
540,5,0.537698
540,6,0.459058
540,7,0.454604
540,8,0.536374
540,9,0.520515
540,10,0.535135
540,11,0.532149
540,12,0.452359
540,13,0.525421
540,14,0.468327
540,15,0.525583
541,1,0.521591
541,2,0.520477
541,3,0.469356
541,4,0.445859
541,5,0.505765
541,6,0.457620
541,7,0.451927
541,8,0.405085
541,9,0.453661
541,10,0.481046
541,11,0.526170
541,12,0.314447
541,13,0.515668
541,14,0.482255
541,15,0.542578
542,1,0.458120
542,2,0.496135
542,3,0.474413
542,4,0.524980
542,5,0.534661
542,6,0.430471
542,7,0.456919
542,8,0.447546
542,9,0.484225
542,10,0.539418
542,11,0.449317
542,12,0.521767
542,13,0.510381
542,14,0.453502
542,15,0.489742
543,1,0.541373
543,2,0.458896
543,3,0.446998
543,4,0.456857
543,5,0.535252
543,6,0.468327
543,7,0.453469
543,8,0.514829
543,9,0.445474
543,10,0.542906
543,11,0.509730
543,12,0.435590
543,13,0.524121
543,14,0.548126
543,15,0.461727
544,1,0.301284
544,2,0.405085
544,3,0.485092
544,4,0.506560
544,5,0.459634
544,6,0.536505
544,7,0.489060
544,8,0.511113
544,9,0.528450
544,10,0.448817
544,11,0.484233
544,12,0.435590
544,13,0.444306
544,14,0.489181
544,15,0.466679
545,1,0.441839
545,2,0.466679
545,3,0.484583
545,4,0.526170
545,5,0.535952
545,6,0.512449
545,7,0.515591
545,8,0.445859
545,9,0.485174
545,10,0.459095
545,11,0.501899
545,12,0.481839
545,13,0.535770
545,14,0.525533
545,15,0.306039
546,1,0.501899
546,2,0.508669
546,3,0.522955
546,4,0.482488
546,5,0.535561
546,6,0.453646
546,7,0.574110
546,8,0.465238
546,9,0.501691
546,10,0.475608
546,11,0.000000
546,12,0.482488
546,13,0.480236
546,14,0.460954
546,15,0.478822
547,1,0.522955
547,2,0.525419
547,3,0.515591
547,4,0.523210
547,5,0.520477
547,6,0.535770
547,7,0.462369
547,8,0.520031
547,9,0.534221
547,10,0.509977
547,11,0.520477
547,12,0.534221
547,13,0.460154
547,14,0.522850
547,15,0.511027
548,1,0.463149
548,2,0.456067
548,3,0.535952
548,4,0.471167
548,5,0.437995
548,6,0.527474
548,7,0.457620
548,8,0.470892
548,9,0.534946
548,10,0.466679
548,11,0.457598
548,12,0.516929
548,13,0.528917
548,14,0.463306
548,15,0.499911
549,1,0.456852
549,2,0.527960
549,3,0.524486
549,4,0.523966
549,5,0.523210
549,6,0.441839
549,7,0.314447
549,8,0.535770
549,9,0.547517
549,10,0.457197
549,11,0.521612
549,12,0.516007
549,13,0.458120
549,14,0.454061
549,15,0.524679
550,1,0.506124
550,2,0.537754
550,3,0.434589
550,4,0.501076
550,5,0.543944
550,6,0.464885
550,7,0.486702
550,8,0.468428
550,9,0.459916
550,10,0.434589
550,11,0.405085
550,12,0.476964
550,13,0.523915
550,14,0.306372
550,15,0.506369
551,1,0.426354
551,2,0.515668
551,3,0.534946
551,4,0.471671
551,5,0.447546
551,6,0.434589
551,7,0.459058
551,8,0.489742
551,9,0.441839
551,10,0.476809
551,11,0.535135
551,12,0.524299
551,13,0.434589
551,14,0.452355
551,15,0.459558
552,1,0.453269
552,2,0.309031
552,3,0.441700
552,4,0.451927
552,5,0.454115
552,6,0.548001
552,7,0.520477
552,8,0.467758
552,9,0.512790
552,10,0.533702
552,11,0.522955
552,12,0.514856
552,13,0.507811
552,14,0.435089
552,15,0.448580
553,1,0.450133
553,2,0.534939
553,3,0.508526
553,4,0.475364
553,5,0.534221
553,6,0.515707
553,7,0.455622
553,8,0.202543
553,9,0.534939
553,10,0.531294
553,11,0.478837
553,12,0.462973
553,13,0.499687
553,14,0.464078
553,15,0.484939
554,1,0.341340
554,2,0.498489
554,3,0.513671
554,4,0.512449
554,5,0.520477
554,6,0.460114
554,7,0.434589
554,8,0.504123
554,9,0.466824
554,10,0.527474
554,11,0.506124
554,12,0.457620
554,13,0.463993
554,14,0.481414
554,15,0.523751
555,1,0.447379
555,2,0.520477
555,3,0.306039
555,4,0.451927
555,5,0.479484
555,6,0.522483
555,7,0.443449
555,8,0.487188
555,9,0.532320
555,10,0.529648
555,11,0.512790
555,12,0.457456
555,13,0.515650
555,14,0.522955
555,15,0.305080
556,1,0.535770
556,2,0.521813
556,3,0.458415
556,4,0.476909
556,5,0.520813
556,6,0.473727
556,7,0.311808
556,8,0.479484
556,9,0.467926
556,10,0.405085
556,11,0.492857
556,12,0.553495
556,13,0.515676
556,14,0.520640
556,15,0.434589
557,1,0.524523
557,2,0.523217
557,3,0.512790
557,4,0.454283
557,5,0.495844
557,6,0.534946
557,7,0.520813
557,8,0.435089
557,9,0.425711
557,10,0.534946
557,11,0.549990
557,12,0.471671
557,13,0.451927
557,14,0.520973
557,15,0.503998
558,1,0.468225
558,2,0.473126
558,3,0.499879
558,4,0.576905
558,5,0.465545
558,6,0.451892
558,7,0.446147
558,8,0.445423
558,9,0.435089
558,10,0.473373
558,11,0.463045
558,12,0.465870
558,13,0.501076
558,14,0.515813
558,15,0.522940
559,1,0.553196
559,2,0.461186
559,3,0.553495
559,4,0.522955
559,5,0.531294
559,6,0.506124
559,7,0.513670
559,8,0.467425
559,9,0.524980
559,10,0.523751
559,11,0.520477
559,12,0.461237
559,13,0.526170
559,14,0.306372
559,15,0.451735
560,1,0.479866
560,2,0.256701
560,3,0.480468
560,4,0.530884
560,5,0.508778
560,6,0.435590
560,7,0.450029
560,8,0.460632
560,9,0.522955
560,10,0.530367
560,11,0.496002
560,12,0.467425
560,13,0.524043
560,14,0.543990
560,15,0.523751
561,1,0.468322
561,2,0.458314
561,3,0.523217
561,4,0.434589
561,5,0.533704
561,6,0.453502
561,7,0.451927
561,8,0.534946
561,9,0.493604
561,10,0.489060
561,11,0.512790
561,12,0.531835
561,13,0.585922
561,14,0.549194
561,15,0.535135
562,1,0.520477
562,2,0.467425
562,3,0.458403
562,4,0.534391
562,5,0.507244
562,6,0.453502
562,7,0.486420
562,8,0.434589
562,9,0.405085
562,10,0.520477
562,11,0.459093
562,12,0.306039
562,13,0.534946
562,14,0.311119
562,15,0.454833
563,1,0.311119
563,2,0.452823
563,3,0.462410
563,4,0.534946
563,5,0.508669
563,6,0.520640
563,7,0.535135
563,8,0.520640
563,9,0.524452
563,10,0.531474
563,11,0.515823
563,12,0.523217
563,13,0.488352
563,14,0.452880
563,15,0.525421
564,1,0.249384
564,2,0.534946
564,3,0.479581
564,4,0.531229
564,5,0.469856
564,6,0.530367
564,7,0.430471
564,8,0.475747
564,9,0.459104
564,10,0.574110
564,11,0.507051
564,12,0.496002
564,13,0.541373
564,14,0.534946
564,15,0.458982
565,1,0.451927
565,2,0.405085
565,3,0.301284
565,4,0.405085
565,5,0.313970
565,6,0.202543
565,7,0.501076
565,8,0.466679
565,9,0.527474
565,10,0.434589
565,11,0.460019
565,12,0.452359
565,13,0.525421
565,14,0.314447
565,15,0.527474
566,1,0.503192
566,2,0.457740
566,3,0.548001
566,4,0.521776
566,5,0.523915
566,6,0.514856
566,7,0.508587
566,8,0.452359
566,9,0.454833
566,10,0.514856
566,11,0.468272
566,12,0.501068
566,13,0.463495
566,14,0.468327
566,15,0.000000
567,1,0.524980
567,2,0.435089
567,3,0.484252
567,4,0.555304
567,5,0.457620
567,6,0.459622
567,7,0.466679
567,8,0.520301
567,9,0.551058
567,10,0.453252
567,11,0.466679
567,12,0.527474
567,13,0.486147
567,14,0.454609
567,15,0.000000
568,1,0.522237
568,2,0.534946
568,3,0.531294
568,4,0.496002
568,5,0.533514
568,6,0.520477
568,7,0.512790
568,8,0.489060
568,9,0.509730
568,10,0.461237
568,11,0.523851
568,12,0.455974
568,13,0.487694
568,14,0.574110
568,15,0.529573
569,1,0.576875
569,2,0.525746
569,3,0.517394
569,4,0.480428
569,5,0.526637
569,6,0.523579
569,7,0.455038
569,8,0.511428
569,9,0.531838
569,10,0.467553
569,11,0.458216
569,12,0.549802
569,13,0.534221
569,14,0.461727
569,15,0.463013
570,1,0.304613
570,2,0.515668
570,3,0.306372
570,4,0.451927
570,5,0.467425
570,6,0.515668
570,7,0.457129
570,8,0.535561
570,9,0.531294
570,10,0.510115
570,11,0.539334
570,12,0.533049
570,13,0.449317
570,14,0.525421
570,15,0.311702
571,1,0.454833
571,2,0.504874
571,3,0.469856
571,4,0.543035
571,5,0.542738
571,6,0.512943
571,7,0.472171
571,8,0.535255
571,9,0.492820
571,10,0.533443
571,11,0.554919
571,12,0.511180
571,13,0.536737
571,14,0.467553
571,15,0.466679
572,1,0.458651
572,2,0.535127
572,3,0.463379
572,4,0.502867
572,5,0.308374
572,6,0.529878
572,7,0.503492
572,8,0.520287
572,9,0.509453
572,10,0.439357
572,11,0.442868
572,12,0.000000
572,13,0.466679
572,14,0.477873
572,15,0.458651
573,1,0.544847
573,2,0.534946
573,3,0.457620
573,4,0.535113
573,5,0.536450
573,6,0.530962
573,7,0.519333
573,8,0.501347
573,9,0.459058
573,10,0.515668
573,11,0.441839
573,12,0.511076
573,13,0.509730
573,14,0.515823
573,15,0.471671
574,1,0.506369
574,2,0.527474
574,3,0.508506
574,4,0.457720
574,5,0.405085
574,6,0.438866
574,7,0.424342
574,8,0.533049
574,9,0.509730
574,10,0.471671
574,11,0.466679
574,12,0.405085
574,13,0.490944
574,14,0.536421
574,15,0.467926
575,1,0.498464
575,2,0.217294
575,3,0.482253
575,4,0.483188
575,5,0.458271
575,6,0.503636
575,7,0.520477
575,8,0.574110
575,9,0.479057
575,10,0.489742
575,11,0.535561
575,12,0.449614
575,13,0.513007
575,14,0.534946
575,15,0.527474
576,1,0.460145
576,2,0.451022
576,3,0.499930
576,4,0.535770
576,5,0.519211
576,6,0.530367
576,7,0.520172
576,8,0.506124
576,9,0.496002
576,10,0.506124
576,11,0.451022
576,12,0.476909
576,13,0.527735
576,14,0.469088
576,15,0.456857
577,1,0.446431
577,2,0.531294
577,3,0.539334
577,4,0.536048
577,5,0.535135
577,6,0.535135
577,7,0.457267
577,8,0.527419
577,9,0.469356
577,10,0.528719
577,11,0.574110
577,12,0.510417
577,13,0.535135
577,14,0.471671
577,15,0.447546
578,1,0.435089
578,2,0.455094
578,3,0.459821
578,4,0.507244
578,5,0.521767
578,6,0.482488
578,7,0.419837
578,8,0.456067
578,9,0.466679
578,10,0.419837
578,11,0.447546
578,12,0.511180
578,13,0.475238
578,14,0.552379
578,15,0.459030
579,1,0.485885
579,2,0.479494
579,3,0.524190
579,4,0.476718
579,5,0.514986
579,6,0.515484
579,7,0.534221
579,8,0.520477
579,9,0.517015
579,10,0.459460
579,11,0.456377
579,12,0.511280
579,13,0.522955
579,14,0.509453
579,15,0.456119
580,1,0.525583
580,2,0.457620
580,3,0.468976
580,4,0.527034
580,5,0.526538
580,6,0.523915
580,7,0.531294
580,8,0.460019
580,9,0.522955
580,10,0.510903
580,11,0.515591
580,12,0.516007
580,13,0.464451
580,14,0.471671
580,15,0.301284
581,1,0.505529
581,2,0.532282
581,3,0.467553
581,4,0.447546
581,5,0.434589
581,6,0.405085
581,7,0.405085
581,8,0.456989
581,9,0.477873
581,10,0.434589
581,11,0.466679
581,12,0.472807
581,13,0.455255
581,14,0.444884
581,15,0.457129
582,1,0.523217
582,2,0.511976
582,3,0.496562
582,4,0.538804
582,5,0.537878
582,6,0.522940
582,7,0.522867
582,8,0.457129
582,9,0.530367
582,10,0.457456
582,11,0.483326
582,12,0.435590
582,13,0.457129
582,14,0.480649
582,15,0.523149
583,1,0.515823
583,2,0.479499
583,3,0.452453
583,4,0.534661
583,5,0.500874
583,6,0.439418
583,7,0.535770
583,8,0.338545
583,9,0.452355
583,10,0.468475
583,11,0.217294
583,12,0.511888
583,13,0.513335
583,14,0.473727
583,15,0.431543
584,1,0.472171
584,2,0.419837
584,3,0.454911
584,4,0.461048
584,5,0.434589
584,6,0.461999
584,7,0.524980
584,8,0.504737
584,9,0.461521
584,10,0.457743
584,11,0.491558
584,12,0.507051
584,13,0.541373
584,14,0.441839
584,15,0.548001
585,1,0.531964
585,2,0.496465
585,3,0.434589
585,4,0.419837
585,5,0.453644
585,6,0.520477
585,7,0.445859
585,8,0.482255
585,9,0.535135
585,10,0.524452
585,11,0.535770
585,12,0.520477
585,13,0.306039
585,14,0.480475
585,15,0.523915
586,1,0.473261
586,2,0.522927
586,3,0.520157
586,4,0.544639
586,5,0.507244
586,6,0.451022
586,7,0.507999
586,8,0.488390
586,9,0.527086
586,10,0.448817
586,11,0.506369
586,12,0.531294
586,13,0.506124
586,14,0.506124
586,15,0.489060
587,1,0.539068
587,2,0.512790
587,3,0.305600
587,4,0.515668
587,5,0.435089
587,6,0.456919
587,7,0.453269
587,8,0.309031
587,9,0.405085
587,10,0.453644
587,11,0.531294
587,12,0.457620
587,13,0.513007
587,14,0.466791
587,15,0.539068
588,1,0.525419
588,2,0.435590
588,3,0.458048
588,4,0.459411
588,5,0.529573
588,6,0.457652
588,7,0.453368
588,8,0.533704
588,9,0.434589
588,10,0.491652
588,11,0.541848
588,12,0.531294
588,13,0.541514
588,14,0.452359
588,15,0.501076
589,1,0.311702
589,2,0.301284
589,3,0.540239
589,4,0.496547
589,5,0.523730
589,6,0.457786
589,7,0.453644
589,8,0.467179
589,9,0.460887
589,10,0.539992
589,11,0.435590
589,12,0.501264
589,13,0.531294
589,14,0.460145
589,15,0.434589
590,1,0.496497
590,2,0.506124
590,3,0.512859
590,4,0.534946
590,5,0.490262
590,6,0.526551
590,7,0.460125
590,8,0.469356
590,9,0.523220
590,10,0.343479
590,11,0.503250
590,12,0.509726
590,13,0.459095
590,14,0.454833
590,15,0.488525
591,1,0.450797
591,2,0.460019
591,3,0.451022
591,4,0.485885
591,5,0.508441
591,6,0.536737
591,7,0.459558
591,8,0.453661
591,9,0.493604
591,10,0.484476
591,11,0.289726
591,12,0.499833
591,13,0.531838
591,14,0.466824
591,15,0.477034
592,1,0.514986
592,2,0.522955
592,3,0.514856
592,4,0.464078
592,5,0.503855
592,6,0.457620
592,7,0.525583
592,8,0.486147
592,9,0.306372
592,10,0.501076
592,11,0.531964
592,12,0.467553
592,13,0.489742
592,14,0.453528
592,15,0.520439
593,1,0.434589
593,2,0.501076
593,3,0.531294
593,4,0.496002
593,5,0.469689
593,6,0.445310
593,7,0.451927
593,8,0.434589
593,9,0.000000
593,10,0.429600
593,11,0.455984
593,12,0.498768
593,13,0.478511
593,14,0.535135
593,15,0.530367
594,1,0.506583
594,2,0.468877
594,3,0.537587
594,4,0.512655
594,5,0.305080
594,6,0.453644
594,7,0.505529
594,8,0.482822
594,9,0.311119
594,10,0.456067
594,11,0.485906
594,12,0.541156
594,13,0.453502
594,14,0.434589
594,15,0.466601
595,1,0.521258
595,2,0.522850
595,3,0.515823
595,4,0.457456
595,5,0.311119
595,6,0.501076
595,7,0.522955
595,8,0.217294
595,9,0.484233
595,10,0.459058
595,11,0.515364
595,12,0.503766
595,13,0.460019
595,14,0.455614
595,15,0.453694
596,1,0.525421
596,2,0.507051
596,3,0.485268
596,4,0.523217
596,5,0.511880
596,6,0.443527
596,7,0.456377
596,8,0.499273
596,9,0.513014
596,10,0.434589
596,11,0.538228
596,12,0.523730
596,13,0.459058
596,14,0.527803
596,15,0.453528
597,1,0.453575
597,2,0.500929
597,3,0.467136
597,4,0.456004
597,5,0.500857
597,6,0.465988
597,7,0.452406
597,8,0.447546
597,9,0.511180
597,10,0.498928
597,11,0.520515
597,12,0.535135
597,13,0.457197
597,14,0.498445
597,15,0.306750
598,1,0.508124
598,2,0.522955
598,3,0.523237
598,4,0.472167
598,5,0.525831
598,6,0.456852
598,7,0.434589
598,8,0.455094
598,9,0.512790
598,10,0.540313
598,11,0.522927
598,12,0.535135
598,13,0.468892
598,14,0.459542
598,15,0.450722
599,1,0.473429
599,2,0.450616
599,3,0.453469
599,4,0.509180
599,5,0.503824
599,6,0.520951
599,7,0.532689
599,8,0.441839
599,9,0.522955
599,10,0.487412
599,11,0.469356
599,12,0.531294
599,13,0.535561
599,14,0.530367
599,15,0.489306
600,1,0.520031
600,2,0.532736
600,3,0.515823
600,4,0.462112
600,5,0.535561
600,6,0.311702
600,7,0.429600
600,8,0.429600
600,9,0.479350
600,10,0.489014
600,11,0.471671
600,12,0.458399
600,13,0.453644
600,14,0.527474
600,15,0.506980
601,1,0.532282
601,2,0.471671
601,3,0.515668
601,4,0.435089
601,5,0.425711
601,6,0.535127
601,7,0.459058
601,8,0.515364
601,9,0.434589
601,10,0.405085
601,11,0.520477
601,12,0.459058
601,13,0.529714
601,14,0.430471
601,15,0.461999
602,1,0.455411
602,2,0.523751
602,3,0.309031
602,4,0.447241
602,5,0.469600
602,6,0.511180
602,7,0.491123
602,8,0.512790
602,9,0.526170
602,10,0.446359
602,11,0.305080
602,12,0.536737
602,13,0.527474
602,14,0.510115
602,15,0.541373
603,1,0.520515
603,2,0.531300
603,3,0.514856
603,4,0.461074
603,5,0.468327
603,6,0.522986
603,7,0.485489
603,8,0.434589
603,9,0.523217
603,10,0.511880
603,11,0.459126
603,12,0.476831
603,13,0.509730
603,14,0.482822
603,15,0.453661
604,1,0.535561
604,2,0.520791
604,3,0.520813
604,4,0.445859
604,5,0.505765
604,6,0.521767
604,7,0.574110
604,8,0.522326
604,9,0.472434
604,10,0.458399
604,11,0.301451
604,12,0.535561
604,13,0.340156
604,14,0.497859
604,15,0.482733
605,1,0.529573
605,2,0.460387
605,3,0.525421
605,4,0.466679
605,5,0.520973
605,6,0.491848
605,7,0.524086
605,8,0.522940
605,9,0.524212
605,10,0.457456
605,11,0.459622
605,12,0.419837
605,13,0.451927
605,14,0.466928
605,15,0.489742
606,1,0.453528
606,2,0.501076
606,3,0.525583
606,4,0.470054
606,5,0.305080
606,6,0.525421
606,7,0.462561
606,8,0.481839
606,9,0.434589
606,10,0.483527
606,11,0.455846
606,12,0.503998
606,13,0.456054
606,14,0.456480
606,15,0.405085
607,1,0.520477
607,2,0.512790
607,3,0.470054
607,4,0.458901
607,5,0.526170
607,6,0.512449
607,7,0.553196
607,8,0.513335
607,9,0.512790
607,10,0.454283
607,11,0.451494
607,12,0.312904
607,13,0.524190
607,14,0.482575
607,15,0.467821
608,1,0.419837
608,2,0.405085
608,3,0.452673
608,4,0.471671
608,5,0.431543
608,6,0.518584
608,7,0.532549
608,8,0.490478
608,9,0.520813
608,10,0.499335
608,11,0.521767
608,12,0.536720
608,13,0.529573
608,14,0.547988
608,15,0.522515
609,1,0.520813
609,2,0.473727
609,3,0.419837
609,4,0.426593
609,5,0.472171
609,6,0.279891
609,7,0.476909
609,8,0.472434
609,9,0.445310
609,10,0.480087
609,11,0.485581
609,12,0.504584
609,13,0.434589
609,14,0.453827
609,15,0.529878
610,1,0.514986
610,2,0.521767
610,3,0.457720
610,4,0.432336
610,5,0.510381
610,6,0.527970
610,7,0.535220
610,8,0.523149
610,9,0.525593
610,10,0.523476
610,11,0.434589
610,12,0.454833
610,13,0.452690
610,14,0.487815
610,15,0.467926
611,1,0.542292
611,2,0.524625
611,3,0.314781
611,4,0.444428
611,5,0.534946
611,6,0.520477
611,7,0.487815
611,8,0.509730
611,9,0.514134
611,10,0.520477
611,11,0.536505
611,12,0.462680
611,13,0.524452
611,14,0.446254
611,15,0.454817
612,1,0.515591
612,2,0.485045
612,3,0.526170
612,4,0.528450
612,5,0.536497
612,6,0.532874
612,7,0.530367
612,8,0.539334
612,9,0.463742
612,10,0.523747
612,11,0.547988
612,12,0.523337
612,13,0.434589
612,14,0.501264
612,15,0.426354
613,1,0.491652
613,2,0.541373
613,3,0.455326
613,4,0.434589
613,5,0.527474
613,6,0.475950
613,7,0.435089
613,8,0.456919
613,9,0.311119
613,10,0.478511
613,11,0.434589
613,12,0.467131
613,13,0.542906
613,14,0.508220
613,15,0.511880
614,1,0.534946
614,2,0.459058
614,3,0.454061
614,4,0.522940
614,5,0.217294
614,6,0.304613
614,7,0.462491
614,8,0.452653
614,9,0.495230
614,10,0.462810
614,11,0.452851
614,12,0.503998
614,13,0.456813
614,14,0.456919
614,15,0.455411
615,1,0.524679
615,2,0.541514
615,3,0.452359
615,4,0.520439
615,5,0.497831
615,6,0.514560
615,7,0.309364
615,8,0.525421
615,9,0.485045
615,10,0.526170
615,11,0.342141
615,12,0.456067
615,13,0.485575
615,14,0.533276
615,15,0.339025
616,1,0.499687
616,2,0.515312
616,3,0.510381
616,4,0.528786
616,5,0.496231
616,6,0.520515
616,7,0.455614
616,8,0.419837
616,9,0.521093
616,10,0.459058
616,11,0.493604
616,12,0.434589
616,13,0.456989
616,14,0.515668
616,15,0.508936
617,1,0.479001
617,2,0.471671
617,3,0.451927
617,4,0.499267
617,5,0.529878
617,6,0.490703
617,7,0.522537
617,8,0.517706
617,9,0.521767
617,10,0.462895
617,11,0.457620
617,12,0.564999
617,13,0.514032
617,14,0.543944
617,15,0.522940
618,1,0.522867
618,2,0.506124
618,3,0.492632
618,4,0.459558
618,5,0.311808
618,6,0.505057
618,7,0.549866
618,8,0.471671
618,9,0.535113
618,10,0.519846
618,11,0.526170
618,12,0.512449
618,13,0.543643
618,14,0.457620
618,15,0.508526
619,1,0.435089
619,2,0.448794
619,3,0.434589
619,4,0.501076
619,5,0.508587
619,6,0.452359
619,7,0.467425
619,8,0.459320
619,9,0.521623
619,10,0.533049
619,11,0.306750
619,12,0.458048
619,13,0.479848
619,14,0.534939
619,15,0.463019
620,1,0.499687
620,2,0.508885
620,3,0.457197
620,4,0.306039
620,5,0.452960
620,6,0.453644
620,7,0.527474
620,8,0.496002
620,9,0.455614
620,10,0.405085
620,11,0.535113
620,12,0.523730
620,13,0.526712
620,14,0.446755
620,15,0.469164
621,1,0.452656
621,2,0.500261
621,3,0.524980
621,4,0.533868
621,5,0.532549
621,6,0.460154
621,7,0.534221
621,8,0.448085
621,9,0.497424
621,10,0.506124
621,11,0.460019
621,12,0.434589
621,13,0.520813
621,14,0.535734
621,15,0.541837
622,1,0.548001
622,2,0.507051
622,3,0.496002
622,4,0.539334
622,5,0.554858
622,6,0.453252
622,7,0.501076
622,8,0.515668
622,9,0.503998
622,10,0.475238
622,11,0.434589
622,12,0.451892
622,13,0.525421
622,14,0.503231
622,15,0.521767
623,1,0.435590
623,2,0.530367
623,3,0.434589
623,4,0.484456
623,5,0.480317
623,6,0.535922
623,7,0.459058
623,8,0.515668
623,9,0.461407
623,10,0.358405
623,11,0.462657
623,12,0.501691
623,13,0.522332
623,14,0.314447
623,15,0.482252
624,1,0.463174
624,2,0.504798
624,3,0.526170
624,4,0.466988
624,5,0.450445
624,6,0.304613
624,7,0.483348
624,8,0.548411
624,9,0.481802
624,10,0.453661
624,11,0.520973
624,12,0.435089
624,13,0.451927
624,14,0.452673
624,15,0.405085
625,1,0.511102
625,2,0.466855
625,3,0.437927
625,4,0.464046
625,5,0.488028
625,6,0.458794
625,7,0.484225
625,8,0.435590
625,9,0.533704
625,10,0.454283
625,11,0.488796
625,12,0.539334
625,13,0.525802
625,14,0.542183
625,15,0.533704
626,1,0.526170
626,2,0.514134
626,3,0.459634
626,4,0.533704
626,5,0.521767
626,6,0.457456
626,7,0.484655
626,8,0.498527
626,9,0.515823
626,10,0.555304
626,11,0.453502
626,12,0.451927
626,13,0.466928
626,14,0.405085
626,15,0.419837
627,1,0.429401
627,2,0.543643
627,3,0.531838
627,4,0.529715
627,5,0.513670
627,6,0.467425
627,7,0.527475
627,8,0.533775
627,9,0.302335
627,10,0.535135
627,11,0.457620
627,12,0.493604
627,13,0.470054
627,14,0.508776
627,15,0.522927
628,1,0.531488
628,2,0.530577
628,3,0.534323
628,4,0.526666
628,5,0.466487
628,6,0.524592
628,7,0.457456
628,8,0.454104
628,9,0.548001
628,10,0.526538
628,11,0.509672
628,12,0.463283
628,13,0.524523
628,14,0.523217
628,15,0.523873
629,1,0.535135
629,2,0.467553
629,3,0.455998
629,4,0.529878
629,5,0.515813
629,6,0.526666
629,7,0.536939
629,8,0.526170
629,9,0.512449
629,10,0.456423
629,11,0.484348
629,12,0.464449
629,13,0.419837
629,14,0.411744
629,15,0.458617
630,1,0.312904
630,2,0.449730
630,3,0.456067
630,4,0.491486
630,5,0.534468
630,6,0.434589
630,7,0.457129
630,8,0.484252
630,9,0.549194
630,10,0.442761
630,11,0.485045
630,12,0.459058
630,13,0.467711
630,14,0.434589
630,15,0.458091
631,1,0.462973
631,2,0.405085
631,3,0.441839
631,4,0.314447
631,5,0.520439
631,6,0.506196
631,7,0.434589
631,8,0.452690
631,9,0.538777
631,10,0.532807
631,11,0.535252
631,12,0.485899
631,13,0.527474
631,14,0.340301
631,15,0.452690
632,1,0.461679
632,2,0.314447
632,3,0.527474
632,4,0.508799
632,5,0.450761
632,6,0.501691
632,7,0.484853
632,8,0.341903
632,9,0.456857
632,10,0.511715
632,11,0.314447
632,12,0.451927
632,13,0.455790
632,14,0.466679
632,15,0.453661
633,1,0.502593
633,2,0.525419
633,3,0.512449
633,4,0.523418
633,5,0.523692
633,6,0.512131
633,7,0.518183
633,8,0.445859
633,9,0.531294
633,10,0.484476
633,11,0.458203
633,12,0.488028
633,13,0.435590
633,14,0.460114
633,15,0.362116
634,1,0.481027
634,2,0.512943
634,3,0.515668
634,4,0.458415
634,5,0.502593
634,6,0.464864
634,7,0.405085
634,8,0.458048
634,9,0.314781
634,10,0.483982
634,11,0.465017
634,12,0.411744
634,13,0.467179
634,14,0.455411
634,15,0.524679
635,1,0.457034
635,2,0.432265
635,3,0.346096
635,4,0.535561
635,5,0.484629
635,6,0.459058
635,7,0.493604
635,8,0.434589
635,9,0.448790
635,10,0.476909
635,11,0.468327
635,12,0.467027
635,13,0.535561
635,14,0.510893
635,15,0.535477
636,1,0.460387
636,2,0.479866
636,3,0.500996
636,4,0.539334
636,5,0.534058
636,6,0.467553
636,7,0.447546
636,8,0.494823
636,9,0.537086
636,10,0.512790
636,11,0.513670
636,12,0.499268
636,13,0.535358
636,14,0.534946
636,15,0.303294
637,1,0.405085
637,2,0.304613
637,3,0.451927
637,4,0.452823
637,5,0.529878
637,6,0.501993
637,7,0.542906
637,8,0.472835
637,9,0.467158
637,10,0.419837
637,11,0.431107
637,12,0.504735
637,13,0.508441
637,14,0.469356
637,15,0.501068
638,1,0.508197
638,2,0.514856
638,3,0.461074
638,4,0.450613
638,5,0.453469
638,6,0.461921
638,7,0.453661
638,8,0.501691
638,9,0.497922
638,10,0.480649
638,11,0.438214
638,12,0.484233
638,13,0.520116
638,14,0.466824
638,15,0.301284
639,1,0.405085
639,2,0.501076
639,3,0.520477
639,4,0.458415
639,5,0.495545
639,6,0.483982
639,7,0.434589
639,8,0.440644
639,9,0.440379
639,10,0.534946
639,11,0.471671
639,12,0.454061
639,13,0.574110
639,14,0.521870
639,15,0.524523
640,1,0.529500
640,2,0.446755
640,3,0.526614
640,4,0.311702
640,5,0.527474
640,6,0.305080
640,7,0.515668
640,8,0.532282
640,9,0.496465
640,10,0.452359
640,11,0.477289
640,12,0.460123
640,13,0.527284
640,14,0.521093
640,15,0.524679
641,1,0.521897
641,2,0.547988
641,3,0.509453
641,4,0.506124
641,5,0.513670
641,6,0.499268
641,7,0.453502
641,8,0.449062
641,9,0.493604
641,10,0.476214
641,11,0.506369
641,12,0.513335
641,13,0.460443
641,14,0.574110
641,15,0.213177
642,1,0.444428
642,2,0.438818
642,3,0.459058
642,4,0.452673
642,5,0.466679
642,6,0.465688
642,7,0.512790
642,8,0.486875
642,9,0.471833
642,10,0.473996
642,11,0.457512
642,12,0.514213
642,13,0.485981
642,14,0.525622
642,15,0.457620
643,1,0.458091
643,2,0.552179
643,3,0.507843
643,4,0.533230
643,5,0.430471
643,6,0.456919
643,7,0.453269
643,8,0.434589
643,9,0.533704
643,10,0.540313
643,11,0.535127
643,12,0.525419
643,13,0.522515
643,14,0.520951
643,15,0.468327
644,1,0.481023
644,2,0.523034
644,3,0.519782
644,4,0.549866
644,5,0.485322
644,6,0.306372
644,7,0.522955
644,8,0.472799
644,9,0.356093
644,10,0.515364
644,11,0.502953
644,12,0.525634
644,13,0.457900
644,14,0.522332
644,15,0.514856
645,1,0.524299
645,2,0.527419
645,3,0.461098
645,4,0.429002
645,5,0.502867
645,6,0.522701
645,7,0.513670
645,8,0.453652
645,9,0.522955
645,10,0.435590
645,11,0.458048
645,12,0.486446
645,13,0.217294
645,14,0.488028
645,15,0.501261
646,1,0.446879
646,2,0.444306
646,3,0.515668
646,4,0.534946
646,5,0.494555
646,6,0.517718
646,7,0.544706
646,8,0.454283
646,9,0.521767
646,10,0.466679
646,11,0.489742
646,12,0.507843
646,13,0.456310
646,14,0.453644
646,15,0.311453
647,1,0.526614
647,2,0.498457
647,3,0.535135
647,4,0.506124
647,5,0.523730
647,6,0.520256
647,7,0.511180
647,8,0.498928
647,9,0.537086
647,10,0.446254
647,11,0.434617
647,12,0.456919
647,13,0.485092
647,14,0.462825
647,15,0.466679
648,1,0.529878
648,2,0.501993
648,3,0.497922
648,4,0.521063
648,5,0.523149
648,6,0.531294
648,7,0.457511
648,8,0.306162
648,9,0.419837
648,10,0.485104
648,11,0.466679
648,12,0.456857
648,13,0.459357
648,14,0.515668
648,15,0.484227
649,1,0.533443
649,2,0.511180
649,3,0.512790
649,4,0.470054
649,5,0.509453
649,6,0.286981
649,7,0.442868
649,8,0.453644
649,9,0.311453
649,10,0.466679
649,11,0.452851
649,12,0.443576
649,13,0.453269
649,14,0.463546
649,15,0.535255
650,1,0.434589
650,2,0.536560
650,3,0.513670
650,4,0.453318
650,5,0.455062
650,6,0.419837
650,7,0.439677
650,8,0.446952
650,9,0.536737
650,10,0.521447
650,11,0.520813
650,12,0.512790
650,13,0.434589
650,14,0.520813
650,15,0.457129
651,1,0.481061
651,2,0.458400
651,3,0.504942
651,4,0.435590
651,5,0.543152
651,6,0.469356
651,7,0.531294
651,8,0.457456
651,9,0.574110
651,10,0.503231
651,11,0.484476
651,12,0.576905
651,13,0.533569
651,14,0.452880
651,15,0.485092
652,1,0.435590
652,2,0.479160
652,3,0.461619
652,4,0.452359
652,5,0.477436
652,6,0.513042
652,7,0.528681
652,8,0.451569
652,9,0.500673
652,10,0.467179
652,11,0.452851
652,12,0.469727
652,13,0.519968
652,14,0.547988
652,15,0.524429
653,1,0.459058
653,2,0.447546
653,3,0.464046
653,4,0.466278
653,5,0.457858
653,6,0.405085
653,7,0.473996
653,8,0.497424
653,9,0.457620
653,10,0.489742
653,11,0.540057
653,12,0.455614
653,13,0.537086
653,14,0.537866
653,15,0.509730
654,1,0.512790
654,2,0.506124
654,3,0.456698
654,4,0.306039
654,5,0.488028
654,6,0.480495
654,7,0.544948
654,8,0.515813
654,9,0.523075
654,10,0.468890
654,11,0.515668
654,12,0.508936
654,13,0.507244
654,14,0.523293
654,15,0.536737
655,1,0.511358
655,2,0.457197
655,3,0.217294
655,4,0.429676
655,5,0.531294
655,6,0.480650
655,7,0.459622
655,8,0.463495
655,9,0.529878
655,10,0.306248
655,11,0.510703
655,12,0.217294
655,13,0.525546
655,14,0.426354
655,15,0.458403
656,1,0.306039
656,2,0.490551
656,3,0.458400
656,4,0.447546
656,5,0.217294
656,6,0.533704
656,7,0.434589
656,8,0.453644
656,9,0.472171
656,10,0.439245
656,11,0.553495
656,12,0.520813
656,13,0.534946
656,14,0.509792
656,15,0.453502
657,1,0.444884
657,2,0.490243
657,3,0.522927
657,4,0.548126
657,5,0.507051
657,6,0.457456
657,7,0.501076
657,8,0.311119
657,9,0.476831
657,10,0.520116
657,11,0.541978
657,12,0.520640
657,13,0.522955
657,14,0.543038
657,15,0.434589
658,1,0.531294
658,2,0.489060
658,3,0.521767
658,4,0.534391
658,5,0.434589
658,6,0.442868
658,7,0.515668
658,8,0.445859
658,9,0.452673
658,10,0.296204
658,11,0.482253
658,12,0.483188
658,13,0.523751
658,14,0.555304
658,15,0.513670
659,1,0.526170
659,2,0.459058
659,3,0.493604
659,4,0.454711
659,5,0.466679
659,6,0.520973
659,7,0.435089
659,8,0.499833
659,9,0.460019
659,10,0.524523
659,11,0.548550
659,12,0.533704
659,13,0.496002
659,14,0.521767
659,15,0.522326
660,1,0.530367
660,2,0.541603
660,3,0.537086
660,4,0.305080
660,5,0.448002
660,6,0.453644
660,7,0.479160
660,8,0.452851
660,9,0.469783
660,10,0.459058
660,11,0.511336
660,12,0.494900
660,13,0.520863
660,14,0.426354
660,15,0.474717
661,1,0.539334
661,2,0.457720
661,3,0.454613
661,4,0.529878
661,5,0.484476
661,6,0.458203
661,7,0.527474
661,8,0.484157
661,9,0.499771
661,10,0.514986
661,11,0.511180
661,12,0.538089
661,13,0.514459
661,14,0.533049
661,15,0.469856
662,1,0.304613
662,2,0.498527
662,3,0.464046
662,4,0.419837
662,5,0.447546
662,6,0.450797
662,7,0.457977
662,8,0.405085
662,9,0.364918
662,10,0.501691
662,11,0.522332
662,12,0.508780
662,13,0.535952
662,14,0.461831
662,15,0.452359
663,1,0.454374
663,2,0.419837
663,3,0.502840
663,4,0.457267
663,5,0.533704
663,6,0.526170
663,7,0.486613
663,8,0.529573
663,9,0.536505
663,10,0.531294
663,11,0.434589
663,12,0.491188
663,13,0.541373
663,14,0.521767
663,15,0.520477
664,1,0.469356
664,2,0.451025
664,3,0.405085
664,4,0.531294
664,5,0.513670
664,6,0.534946
664,7,0.515813
664,8,0.520477
664,9,0.499335
664,10,0.521262
664,11,0.549802
664,12,0.483864
664,13,0.466679
664,14,0.485885
664,15,0.498856
665,1,0.534946
665,2,0.473393
665,3,0.467011
665,4,0.450616
665,5,0.439560
665,6,0.466924
665,7,0.471671
665,8,0.455998
665,9,0.514032
665,10,0.531294
665,11,0.533703
665,12,0.434589
665,13,0.520477
665,14,0.458415
665,15,0.527474
666,1,0.480591
666,2,0.533443
666,3,0.459428
666,4,0.493604
666,5,0.506980
666,6,0.531569
666,7,0.504524
666,8,0.434589
666,9,0.456475
666,10,0.459058
666,11,0.507098
666,12,0.503766
666,13,0.453502
666,14,0.505920
666,15,0.434589
667,1,0.533704
667,2,0.534946
667,3,0.515813
667,4,0.466824
667,5,0.503855
667,6,0.469088
667,7,0.444884
667,8,0.460178
667,9,0.405085
667,10,0.456319
667,11,0.534468
667,12,0.527430
667,13,0.536737
667,14,0.516007
667,15,0.459411
668,1,0.459058
668,2,0.469356
668,3,0.301284
668,4,0.405085
668,5,0.334984
668,6,0.501691
668,7,0.217294
668,8,0.485045
668,9,0.536737
668,10,0.520477
668,11,0.522955
668,12,0.514856
668,13,0.461074
668,14,0.542906
668,15,0.535920
669,1,0.541657
669,2,0.529648
669,3,0.460721
669,4,0.467179
669,5,0.463293
669,6,0.469600
669,7,0.435089
669,8,0.456989
669,9,0.527474
669,10,0.478276
669,11,0.532751
669,12,0.453374
669,13,0.483867
669,14,0.435590
669,15,0.405085
670,1,0.471671
670,2,0.521767
670,3,0.467179
670,4,0.515668
670,5,0.503998
670,6,0.503998
670,7,0.480883
670,8,0.529459
670,9,0.514134
670,10,0.460125
670,11,0.419837
670,12,0.421937
670,13,0.512790
670,14,0.482212
670,15,0.474816
671,1,0.506560
671,2,0.434589
671,3,0.501076
671,4,0.453502
671,5,0.455998
671,6,0.523915
671,7,0.459058
671,8,0.497737
671,9,0.254376
671,10,0.466679
671,11,0.458048
671,12,0.217795
671,13,0.479160
671,14,0.447546
671,15,0.475648
672,1,0.531294
672,2,0.520813
672,3,0.475238
672,4,0.542738
672,5,0.446254
672,6,0.485092
672,7,0.507279
672,8,0.459058
672,9,0.502867
672,10,0.492966
672,11,0.523217
672,12,0.461827
672,13,0.520640
672,14,0.434589
672,15,0.521133
673,1,0.524523
673,2,0.534669
673,3,0.547988
673,4,0.455866
673,5,0.477911
673,6,0.500715
673,7,0.510919
673,8,0.341340
673,9,0.502835
673,10,0.533129
673,11,0.484974
673,12,0.534062
673,13,0.314447
673,14,0.515668
673,15,0.309364
674,1,0.478187
674,2,0.462420
674,3,0.501976
674,4,0.522955
674,5,0.553196
674,6,0.513335
674,7,0.511180
674,8,0.498928
674,9,0.430471
674,10,0.442868
674,11,0.518586
674,12,0.522955
674,13,0.438714
674,14,0.487412
674,15,0.532320
675,1,0.512449
675,2,0.515584
675,3,0.461074
675,4,0.530367
675,5,0.438214
675,6,0.304613
675,7,0.466679
675,8,0.521767
675,9,0.471202
675,10,0.338176
675,11,0.405085
675,12,0.405085
675,13,0.479455
675,14,0.574110
675,15,0.539334
676,1,0.520241
676,2,0.452377
676,3,0.453469
676,4,0.483886
676,5,0.434589
676,6,0.304613
676,7,0.447546
676,8,0.435089
676,9,0.481046
676,10,0.434589
676,11,0.459058
676,12,0.466601
676,13,0.508526
676,14,0.503766
676,15,0.460145
677,1,0.547988
677,2,0.438714
677,3,0.502593
677,4,0.478070
677,5,0.458807
677,6,0.447241
677,7,0.497598
677,8,0.434589
677,9,0.460125
677,10,0.527284
677,11,0.521093
677,12,0.548281
677,13,0.457620
677,14,0.451927
677,15,0.451927
678,1,0.458651
678,2,0.532282
678,3,0.470054
678,4,0.306039
678,5,0.502867
678,6,0.471671
678,7,0.455998
678,8,0.503766
678,9,0.469689
678,10,0.484655
678,11,0.452176
678,12,0.490944
678,13,0.438214
678,14,0.501076
678,15,0.530367
679,1,0.456119
679,2,0.503855
679,3,0.455255
679,4,0.534168
679,5,0.472325
679,6,0.512655
679,7,0.507628
679,8,0.512655
679,9,0.434589
679,10,0.456989
679,11,0.476831
679,12,0.520116
679,13,0.507051
679,14,0.535135
679,15,0.380913
680,1,0.520477
680,2,0.522927
680,3,0.535135
680,4,0.546623
680,5,0.522955
680,6,0.510903
680,7,0.482488
680,8,0.453661
680,9,0.476903
680,10,0.434589
680,11,0.454210
680,12,0.512027
680,13,0.460154
680,14,0.452359
680,15,0.495784
681,1,0.535952
681,2,0.523449
681,3,0.511180
681,4,0.534946
681,5,0.523217
681,6,0.452709
681,7,0.451927
681,8,0.477873
681,9,0.496008
681,10,0.497831
681,11,0.534952
681,12,0.544847
681,13,0.521518
681,14,0.434589
681,15,0.472434
682,1,0.520184
682,2,0.463546
682,3,0.452540
682,4,0.461329
682,5,0.503492
682,6,0.534946
682,7,0.515813
682,8,0.446359
682,9,0.487412
682,10,0.434589
682,11,0.505581
682,12,0.481201
682,13,0.472419
682,14,0.492519
682,15,0.453528
683,1,0.455504
683,2,0.501169
683,3,0.526538
683,4,0.508776
683,5,0.397650
683,6,0.555163
683,7,0.521767
683,8,0.536720
683,9,0.481856
683,10,0.527474
683,11,0.507843
683,12,0.459558
683,13,0.493604
683,14,0.506124
683,15,0.457456
684,1,0.507999
684,2,0.526538
684,3,0.510381
684,4,0.434589
684,5,0.405085
684,6,0.531294
684,7,0.513670
684,8,0.487815
684,9,0.460625
684,10,0.492710
684,11,0.438214
684,12,0.485092
684,13,0.536737
684,14,0.531294
684,15,0.457491
685,1,0.343325
685,2,0.447626
685,3,0.451927
685,4,0.505057
685,5,0.534946
685,6,0.539167
685,7,0.509730
685,8,0.435590
685,9,0.531294
685,10,0.469418
685,11,0.537587
685,12,0.493297
685,13,0.520157
685,14,0.494694
685,15,0.579136
686,1,0.468327
686,2,0.499687
686,3,0.458982
686,4,0.405085
686,5,0.527474
686,6,0.514107
686,7,0.520813
686,8,0.525333
686,9,0.533443
686,10,0.490956
686,11,0.434589
686,12,0.443069
686,13,0.480468
686,14,0.446165
686,15,0.465725
687,1,0.525546
687,2,0.471671
687,3,0.455998
687,4,0.503766
687,5,0.533702
687,6,0.522955
687,7,0.524289
687,8,0.535353
687,9,0.473393
687,10,0.447241
687,11,0.459465
687,12,0.473867
687,13,0.452359
687,14,0.451927
687,15,0.487309
688,1,0.505058
688,2,0.511880
688,3,0.511976
688,4,0.472715
688,5,0.474816
688,6,0.305413
688,7,0.466679
688,8,0.466928
688,9,0.434589
688,10,0.488355
688,11,0.468327
688,12,0.520813
688,13,0.486335
688,14,0.533400
688,15,0.473126
689,1,0.447546
689,2,0.461679
689,3,0.508892
689,4,0.535561
689,5,0.458415
689,6,0.493604
689,7,0.510115
689,8,0.513670
689,9,0.537365
689,10,0.515823
689,11,0.481802
689,12,0.533558
689,13,0.454439
689,14,0.452355
689,15,0.525634
690,1,0.502898
690,2,0.512257
690,3,0.506124
690,4,0.460019
690,5,0.434589
690,6,0.508677
690,7,0.532432
690,8,0.460721
690,9,0.536737
690,10,0.314447
690,11,0.503855
690,12,0.458829
690,13,0.501076
690,14,0.509871
690,15,0.434589
691,1,0.528404
691,2,0.452359
691,3,0.525546
691,4,0.531355
691,5,0.507051
691,6,0.513670
691,7,0.508220
691,8,0.461827
691,9,0.452359
691,10,0.535135
691,11,0.535135
691,12,0.484974
691,13,0.535770
691,14,0.341083
691,15,0.487694
692,1,0.506621
692,2,0.532018
692,3,0.506124
692,4,0.454583
692,5,0.501691
692,6,0.522332
692,7,0.521620
692,8,0.457620
692,9,0.459058
692,10,0.311808
692,11,0.457178
692,12,0.526170
692,13,0.493545
692,14,0.508441
692,15,0.533704
693,1,0.434589
693,2,0.472070
693,3,0.457620
693,4,0.461939
693,5,0.456857
693,6,0.523806
693,7,0.524486
693,8,0.458288
693,9,0.533704
693,10,0.526847
693,11,0.536505
693,12,0.522540
693,13,0.460145
693,14,0.434589
693,15,0.454833
694,1,0.461502
694,2,0.452927
694,3,0.463829
694,4,0.351994
694,5,0.462657
694,6,0.484564
694,7,0.435590
694,8,0.508409
694,9,0.461727
694,10,0.405085
694,11,0.527474
694,12,0.521767
694,13,0.472171
694,14,0.431107
694,15,0.527474
695,1,0.510115
695,2,0.534946
695,3,0.533639
695,4,0.534221
695,5,0.531294
695,6,0.438214
695,7,0.520813
695,8,0.521767
695,9,0.533704
695,10,0.513670
695,11,0.533140
695,12,0.465060
695,13,0.502507
695,14,0.506124
695,15,0.541373
696,1,0.542500
696,2,0.514032
696,3,0.535135
696,4,0.452377
696,5,0.479866
696,6,0.434589
696,7,0.441820
696,8,0.509453
696,9,0.434589
696,10,0.405085
696,11,0.442868
696,12,0.405085
696,13,0.466679
696,14,0.434589
696,15,0.515668
697,1,0.462244
697,2,0.434589
697,3,0.520640
697,4,0.452359
697,5,0.501076
697,6,0.466679
697,7,0.466679
697,8,0.482040
697,9,0.456151
697,10,0.487234
697,11,0.534661
697,12,0.516007
697,13,0.514856
697,14,0.456881
697,15,0.459058
698,1,0.522184
698,2,0.536505
698,3,0.483527
698,4,0.463495
698,5,0.466679
698,6,0.505057
698,7,0.453502
698,8,0.491712
698,9,0.467155
698,10,0.502910
698,11,0.500439
698,12,0.522332
698,13,0.446665
698,14,0.455629
698,15,0.516463
699,1,0.217294
699,2,0.506970
699,3,0.534946
699,4,0.515813
699,5,0.435089
699,6,0.454817
699,7,0.497424
699,8,0.513670
699,9,0.458221
699,10,0.458791
699,11,0.505057
699,12,0.434589
699,13,0.405085
699,14,0.405085
699,15,0.531294
700,1,0.506124
700,2,0.513670
700,3,0.434589
700,4,0.475782
700,5,0.521767
700,6,0.482488
700,7,0.419837
700,8,0.456067
700,9,0.511715
700,10,0.509449
700,11,0.514437
700,12,0.435590
700,13,0.405085
700,14,0.460637
700,15,0.457620
701,1,0.534168
701,2,0.539334
701,3,0.520116
701,4,0.531964
701,5,0.515813
701,6,0.520477
701,7,0.487815
701,8,0.539068
701,9,0.511976
701,10,0.305080
701,11,0.453644
701,12,0.458120
701,13,0.527474
701,14,0.455549
701,15,0.501691
702,1,0.520477
702,2,0.502970
702,3,0.341903
702,4,0.479764
702,5,0.467553
702,6,0.506272
702,7,0.521767
702,8,0.541733
702,9,0.452359
702,10,0.511428
702,11,0.508526
702,12,0.467425
702,13,0.527475
702,14,0.523751
702,15,0.528450
703,1,0.341891
703,2,0.441293
703,3,0.532282
703,4,0.520164
703,5,0.457620
703,6,0.543676
703,7,0.531964
703,8,0.434096
703,9,0.479581
703,10,0.522955
703,11,0.535252
703,12,0.513335
703,13,0.473727
703,14,0.452551
703,15,0.490196
704,1,0.446165
704,2,0.499258
704,3,0.463013
704,4,0.449133
704,5,0.457512
704,6,0.343729
704,7,0.441293
704,8,0.494081
704,9,0.514648
704,10,0.525188
704,11,0.434589
704,12,0.501899
704,13,0.457197
704,14,0.527419
704,15,0.535770
705,1,0.523149
705,2,0.458415
705,3,0.540239
705,4,0.515813
705,5,0.435590
705,6,0.471671
705,7,0.447546
705,8,0.432497
705,9,0.434589
705,10,0.296204
705,11,0.452960
705,12,0.311285
705,13,0.467863
705,14,0.434589
705,15,0.295245
706,1,0.476831
706,2,0.514032
706,3,0.523217
706,4,0.444660
706,5,0.542640
706,6,0.523265
706,7,0.516271
706,8,0.532282
706,9,0.430471
706,10,0.466752
706,11,0.461237
706,12,0.523217
706,13,0.526170
706,14,0.515591
706,15,0.464078
707,1,0.301284
707,2,0.452823
707,3,0.429346
707,4,0.452487
707,5,0.496396
707,6,0.500525
707,7,0.514032
707,8,0.502064
707,9,0.533558
707,10,0.522332
707,11,0.467157
707,12,0.503855
707,13,0.533032
707,14,0.508753
707,15,0.515668
708,1,0.461407
708,2,0.461822
708,3,0.453189
708,4,0.467425
708,5,0.491188
708,6,0.524980
708,7,0.469856
708,8,0.456067
708,9,0.574110
708,10,0.507051
708,11,0.457456
708,12,0.419837
708,13,0.442770
708,14,0.514459
708,15,0.510381
709,1,0.447198
709,2,0.453661
709,3,0.419837
709,4,0.493604
709,5,0.534946
709,6,0.457267
709,7,0.535770
709,8,0.306039
709,9,0.454833
709,10,0.515668
709,11,0.290060
709,12,0.471514
709,13,0.435089
709,14,0.405085
709,15,0.452355
710,1,0.511180
710,2,0.487815
710,3,0.534391
710,4,0.521767
710,5,0.472171
710,6,0.451927
710,7,0.463662
710,8,0.521767
710,9,0.514134
710,10,0.480495
710,11,0.452359
710,12,0.454833
710,13,0.515668
710,14,0.306039
710,15,0.502867
711,1,0.515668
711,2,0.512790
711,3,0.457491
711,4,0.547988
711,5,0.533704
711,6,0.513670
711,7,0.499268
711,8,0.465060
711,9,0.452359
711,10,0.475501
711,11,0.509730
711,12,0.514134
711,13,0.514134
711,14,0.486746
711,15,0.457620
712,1,0.459622
712,2,0.432336
712,3,0.545137
712,4,0.524486
712,5,0.526624
712,6,0.547988
712,7,0.522515
712,8,0.438214
712,9,0.453644
712,10,0.520477
712,11,0.526170
712,12,0.515591
712,13,0.520477
712,14,0.467758
712,15,0.459558
713,1,0.507250
713,2,0.534753
713,3,0.434589
713,4,0.453644
713,5,0.459058
713,6,0.524541
713,7,0.466487
713,8,0.522922
713,9,0.530884
713,10,0.435590
713,11,0.458808
713,12,0.535135
713,13,0.509977
713,14,0.434589
713,15,0.506369
714,1,0.513335
714,2,0.487815
714,3,0.495783
714,4,0.473393
714,5,0.493604
714,6,0.470054
714,7,0.525457
714,8,0.479249
714,9,0.456067
714,10,0.523751
714,11,0.523915
714,12,0.466824
714,13,0.217294
714,14,0.452656
714,15,0.485092
715,1,0.435590
715,2,0.531294
715,3,0.430471
715,4,0.422433
715,5,0.301782
715,6,0.446617
715,7,0.456857
715,8,0.470163
715,9,0.311119
715,10,0.486725
715,11,0.514097
715,12,0.529533
715,13,0.541373
715,14,0.430471
715,15,0.474783
716,1,0.534058
716,2,0.503420
716,3,0.522850
716,4,0.520477
716,5,0.467758
716,6,0.534946
716,7,0.523917
716,8,0.522955
716,9,0.471671
716,10,0.447546
716,11,0.503766
716,12,0.482212
716,13,0.489181
716,14,0.438214
716,15,0.501264
717,1,0.522955
717,2,0.479507
717,3,0.466479
717,4,0.489340
717,5,0.532282
717,6,0.464078
717,7,0.476831
717,8,0.514134
717,9,0.515823
717,10,0.461074
717,11,0.438214
717,12,0.530367
717,13,0.534946
717,14,0.530367
717,15,0.513670
718,1,0.445339
718,2,0.434589
718,3,0.411744
718,4,0.495573
718,5,0.459058
718,6,0.546376
718,7,0.539007
718,8,0.520116
718,9,0.527430
718,10,0.574110
718,11,0.535770
718,12,0.457267
718,13,0.523476
718,14,0.547517
718,15,0.507051
719,1,0.457456
719,2,0.485594
719,3,0.513670
719,4,0.512790
719,5,0.453502
719,6,0.419837
719,7,0.444870
719,8,0.467425
719,9,0.491652
719,10,0.434096
719,11,0.534946
719,12,0.519583
719,13,0.514107
719,14,0.540988
719,15,0.535093
720,1,0.521767
720,2,0.452693
720,3,0.507999
720,4,0.535135
720,5,0.520649
720,6,0.438214
720,7,0.432176
720,8,0.429600
720,9,0.501076
720,10,0.520477
720,11,0.435590
720,12,0.459773
720,13,0.555991
720,14,0.531010
720,15,0.536450
721,1,0.450343
721,2,0.500834
721,3,0.434589
721,4,0.466928
721,5,0.458651
721,6,0.512790
721,7,0.521767
721,8,0.497667
721,9,0.453502
721,10,0.506272
721,11,0.503998
721,12,0.454889
721,13,0.434589
721,14,0.458403
721,15,0.511180
722,1,0.434589
722,2,0.459058
722,3,0.493604
722,4,0.506124
722,5,0.434589
722,6,0.471833
722,7,0.454668
722,8,0.463546
722,9,0.506560
722,10,0.457456
722,11,0.503855
722,12,0.521767
722,13,0.521708
722,14,0.520951
722,15,0.574110
723,1,0.513335
723,2,0.512790
723,3,0.507244
723,4,0.513670
723,5,0.521767
723,6,0.486446
723,7,0.511180
723,8,0.435089
723,9,0.430367
723,10,0.539068
723,11,0.511976
723,12,0.576905
723,13,0.426354
723,14,0.405085
723,15,0.531294
724,1,0.457456
724,2,0.475501
724,3,0.463124
724,4,0.419837
724,5,0.503250
724,6,0.475697
724,7,0.434589
724,8,0.501076
724,9,0.492632
724,10,0.306372
724,11,0.525421
724,12,0.466679
724,13,0.453661
724,14,0.405085
724,15,0.512497
725,1,0.512790
725,2,0.434589
725,3,0.531294
725,4,0.457456
725,5,0.501076
725,6,0.308374
725,7,0.501264
725,8,0.515707
725,9,0.522940
725,10,0.535952
725,11,0.458288
725,12,0.545086
725,13,0.515823
725,14,0.543183
725,15,0.520640
726,1,0.457620
726,2,0.485885
726,3,0.458732
726,4,0.502064
726,5,0.499233
726,6,0.535252
726,7,0.525622
726,8,0.513335
726,9,0.458301
726,10,0.545086
726,11,0.535252
726,12,0.527559
726,13,0.306039
726,14,0.535770
726,15,0.440310
727,1,0.478166
727,2,0.513768
727,3,0.465051
727,4,0.487234
727,5,0.521309
727,6,0.507051
727,7,0.434589
727,8,0.530367
727,9,0.513670
727,10,0.534946
727,11,0.533704
727,12,0.457620
727,13,0.419837
727,14,0.461619
727,15,0.434589
728,1,0.531294
728,2,0.541373
728,3,0.520515
728,4,0.446782
728,5,0.485092
728,6,0.532282
728,7,0.507051
728,8,0.434589
728,9,0.460637
728,10,0.530367
728,11,0.535135
728,12,0.453502
728,13,0.405085
728,14,0.455998
728,15,0.306372
729,1,0.529714
729,2,0.534946
729,3,0.530367
729,4,0.460019
729,5,0.530367
729,6,0.513670
729,7,0.459558
729,8,0.466679
729,9,0.501076
729,10,0.454061
729,11,0.535770
729,12,0.461051
729,13,0.306039
729,14,0.451927
729,15,0.429600
730,1,0.456857
730,2,0.527474
730,3,0.513670
730,4,0.512790
730,5,0.453502
730,6,0.454668
730,7,0.452479
730,8,0.534946
730,9,0.527475
730,10,0.434589
730,11,0.496497
730,12,0.456698
730,13,0.306039
730,14,0.458048
730,15,0.527474
731,1,0.456698
731,2,0.539533
731,3,0.464872
731,4,0.523217
731,5,0.474410
731,6,0.454283
731,7,0.477056
731,8,0.534946
731,9,0.459373
731,10,0.488796
731,11,0.503492
731,12,0.534946
731,13,0.426354
731,14,0.520477
731,15,0.497922
732,1,0.523217
732,2,0.491670
732,3,0.508124
732,4,0.553495
732,5,0.430471
732,6,0.535702
732,7,0.555237
732,8,0.521767
732,9,0.515823
732,10,0.460755
732,11,0.405085
732,12,0.531294
732,13,0.460429
732,14,0.472434
732,15,0.540239
733,1,0.474950
733,2,0.419837
733,3,0.455411
733,4,0.523751
733,5,0.553196
733,6,0.458288
733,7,0.533704
733,8,0.434589
733,9,0.405085
733,10,0.456475
733,11,0.523217
733,12,0.522385
733,13,0.434589
733,14,0.458400
733,15,0.491712
734,1,0.494686
734,2,0.539334
734,3,0.521767
734,4,0.459012
734,5,0.478102
734,6,0.543194
734,7,0.471833
734,8,0.419837
734,9,0.405085
734,10,0.447332
734,11,0.533129
734,12,0.467553
734,13,0.518712
734,14,0.522850
734,15,0.503632
735,1,0.536737
735,2,0.459093
735,3,0.522940
735,4,0.553196
735,5,0.488479
735,6,0.526170
735,7,0.515823
735,8,0.466824
735,9,0.451927
735,10,0.499267
735,11,0.467863
735,12,0.500400
735,13,0.522955
735,14,0.514986
735,15,0.434589
736,1,0.458403
736,2,0.459558
736,3,0.451927
736,4,0.301451
736,5,0.507999
736,6,0.522955
736,7,0.531294
736,8,0.449614
736,9,0.503855
736,10,0.531838
736,11,0.513670
736,12,0.467584
736,13,0.539068
736,14,0.515823
736,15,0.520477
737,1,0.507246
737,2,0.430471
737,3,0.496497
737,4,0.534946
737,5,0.510891
737,6,0.488893
737,7,0.533049
737,8,0.514459
737,9,0.515823
737,10,0.520477
737,11,0.471424
737,12,0.447241
737,13,0.473996
737,14,0.457512
737,15,0.531294
738,1,0.470580
738,2,0.493604
738,3,0.457868
738,4,0.477921
738,5,0.470024
738,6,0.544948
738,7,0.451022
738,8,0.296580
738,9,0.467132
738,10,0.514986
738,11,0.511180
738,12,0.544706
738,13,0.507244
738,14,0.512859
738,15,0.495545
739,1,0.536737
739,2,0.460763
739,3,0.452359
739,4,0.467425
739,5,0.467322
739,6,0.434589
739,7,0.520477
739,8,0.512790
739,9,0.513670
739,10,0.466791
739,11,0.534120
739,12,0.522483
739,13,0.515823
739,14,0.471671
739,15,0.447546
740,1,0.484225
740,2,0.526637
740,3,0.459058
740,4,0.536374
740,5,0.470257
740,6,0.465714
740,7,0.434589
740,8,0.473520
740,9,0.434589
740,10,0.442525
740,11,0.502593
740,12,0.466679
740,13,0.502867
740,14,0.454190
740,15,0.523217
741,1,0.435089
741,2,0.457267
741,3,0.533443
741,4,0.585922
741,5,0.434589
741,6,0.533704
741,7,0.521767
741,8,0.515823
741,9,0.457397
741,10,0.524486
741,11,0.533704
741,12,0.430471
741,13,0.452010
741,14,0.521133
741,15,0.524523
742,1,0.446254
742,2,0.535770
742,3,0.522955
742,4,0.457257
742,5,0.434589
742,6,0.482488
742,7,0.519184
742,8,0.533129
742,9,0.520477
742,10,0.459558
742,11,0.521767
742,12,0.463829
742,13,0.458048
742,14,0.515591
742,15,0.488893
743,1,0.539068
743,2,0.510919
743,3,0.522515
743,4,0.524652
743,5,0.457720
743,6,0.434589
743,7,0.451927
743,8,0.451927
743,9,0.496008
743,10,0.521767
743,11,0.497667
743,12,0.530367
743,13,0.452359
743,14,0.516911
743,15,0.535135
744,1,0.515707
744,2,0.511027
744,3,0.435089
744,4,0.431107
744,5,0.405085
744,6,0.484252
744,7,0.526170
744,8,0.523966
744,9,0.523149
744,10,0.536720
744,11,0.520241
744,12,0.534221
744,13,0.426354
744,14,0.405085
744,15,0.457267
745,1,0.555304
745,2,0.536737
745,3,0.472434
745,4,0.447546
745,5,0.461407
745,6,0.484096
745,7,0.457103
745,8,0.521767
745,9,0.486446
745,10,0.474413
745,11,0.507250
745,12,0.554669
745,13,0.472171
745,14,0.306162
745,15,0.506117
746,1,0.535561
746,2,0.525188
746,3,0.548550
746,4,0.521447
746,5,0.535135
746,6,0.448554
746,7,0.452355
746,8,0.512790
746,9,0.439357
746,10,0.461999
746,11,0.477319
746,12,0.467136
746,13,0.419837
746,14,0.506369
746,15,0.461048
747,1,0.520813
747,2,0.435089
747,3,0.442525
747,4,0.459504
747,5,0.501076
747,6,0.468327
747,7,0.453469
747,8,0.547988
747,9,0.466824
747,10,0.515668
747,11,0.467425
747,12,0.533704
747,13,0.460429
747,14,0.520640
747,15,0.459314
748,1,0.405085
748,2,0.405085
748,3,0.456919
748,4,0.468038
748,5,0.524980
748,6,0.451927
748,7,0.432130
748,8,0.419837
748,9,0.405085
748,10,0.499833
748,11,0.469966
748,12,0.541603
748,13,0.539334
748,14,0.535501
748,15,0.526170
749,1,0.512449
749,2,0.520477
749,3,0.435089
749,4,0.411744
749,5,0.397650
749,6,0.542738
749,7,0.509730
749,8,0.529573
749,9,0.531941
749,10,0.511880
749,11,0.491670
749,12,0.489181
749,13,0.540846
749,14,0.510381
749,15,0.521767
750,1,0.459411
750,2,0.533704
750,3,0.453502
750,4,0.524486
750,5,0.514134
750,6,0.531294
750,7,0.489060
750,8,0.534946
750,9,0.543183
750,10,0.520515
750,11,0.434589
750,12,0.531294
750,13,0.456698
750,14,0.520256
750,15,0.473221
751,1,0.456698
751,2,0.526170
751,3,0.576905
751,4,0.553959
751,5,0.513670
751,6,0.505968
751,7,0.536737
751,8,0.523917
751,9,0.445859
751,10,0.471671
751,11,0.493604
751,12,0.503492
751,13,0.451064
751,14,0.493029
751,15,0.434589
752,1,0.486746
752,2,0.520515
752,3,0.535135
752,4,0.520813
752,5,0.508220
752,6,0.459093
752,7,0.574110
752,8,0.543183
752,9,0.539334
752,10,0.523340
752,11,0.459352
752,12,0.466679
752,13,0.453644
752,14,0.466679
752,15,0.515668
753,1,0.503766
753,2,0.453481
753,3,0.434589
753,4,0.498394
753,5,0.496002
753,6,0.539334
753,7,0.508220
753,8,0.521767
753,9,0.475782
753,10,0.434589
753,11,0.524121
753,12,0.520813
753,13,0.522955
753,14,0.520477
753,15,0.512790
754,1,0.434589
754,2,0.466975
754,3,0.493029
754,4,0.492326
754,5,0.434589
754,6,0.452355
754,7,0.458301
754,8,0.536737
754,9,0.454940
754,10,0.501731
754,11,0.527474
754,12,0.506124
754,13,0.469088
754,14,0.574110
754,15,0.469878
755,1,0.466824
755,2,0.473996
755,3,0.419837
755,4,0.502595
755,5,0.426354
755,6,0.456989
755,7,0.477873
755,8,0.524980
755,9,0.343729
755,10,0.202543
755,11,0.513768
755,12,0.446165
755,13,0.429459
755,14,0.525421
755,15,0.479057
756,1,0.533558
756,2,0.441741
756,3,0.481008
756,4,0.485391
756,5,0.480948
756,6,0.488878
756,7,0.536013
756,8,0.473646
756,9,0.470049
756,10,0.474060
756,11,0.492354
756,12,0.460625
756,13,0.482739
756,14,0.467425
756,15,0.524679
757,1,0.496002
757,2,0.534946
757,3,0.520477
757,4,0.434589
757,5,0.523217
757,6,0.491670
757,7,0.457456
757,8,0.419837
757,9,0.202543
757,10,0.501076
757,11,0.505564
757,12,0.508421
757,13,0.528269
757,14,0.522257
757,15,0.434589
758,1,0.457491
758,2,0.536737
758,3,0.339025
758,4,0.437598
758,5,0.435089
758,6,0.456919
758,7,0.537742
758,8,0.481802
758,9,0.492367
758,10,0.475249
758,11,0.463070
758,12,0.434589
758,13,0.451927
758,14,0.493959
758,15,0.496382
759,1,0.524980
759,2,0.435089
759,3,0.497424
759,4,0.457456
759,5,0.451927
759,6,0.501076
759,7,0.466679
759,8,0.489742
759,9,0.521767
759,10,0.527474
759,11,0.489060
759,12,0.531569
759,13,0.514032
759,14,0.526538
759,15,0.521870
760,1,0.547988
760,2,0.452693
760,3,0.432811
760,4,0.527474
760,5,0.525746
760,6,0.469356
760,7,0.451927
760,8,0.456857
760,9,0.515668
760,10,0.434589
760,11,0.448580
760,12,0.527474
760,13,0.480591
760,14,0.516241
760,15,0.535602
761,1,0.492464
761,2,0.217294
761,3,0.447626
761,4,0.527474
761,5,0.478837
761,6,0.553495
761,7,0.455495
761,8,0.501691
761,9,0.484629
761,10,0.459058
761,11,0.530250
761,12,0.551038
761,13,0.523149
761,14,0.528269
761,15,0.523217
762,1,0.435089
762,2,0.455795
762,3,0.471809
762,4,0.469689
762,5,0.540239
762,6,0.508526
762,7,0.459558
762,8,0.447241
762,9,0.445968
762,10,0.434589
762,11,0.460123
762,12,0.533400
762,13,0.511180
762,14,0.521767
762,15,0.533704
763,1,0.470713
763,2,0.434589
763,3,0.540988
763,4,0.459058
763,5,0.529714
763,6,0.457103
763,7,0.454609
763,8,0.457456
763,9,0.334984
763,10,0.501691
763,11,0.489524
763,12,0.490314
763,13,0.534221
763,14,0.509977
763,15,0.460154
764,1,0.530367
764,2,0.434589
764,3,0.405085
764,4,0.452673
764,5,0.501691
764,6,0.441741
764,7,0.531294
764,8,0.453502
764,9,0.419837
764,10,0.468038
764,11,0.489742
764,12,0.481361
764,13,0.434589
764,14,0.536560
764,15,0.506583
765,1,0.434589
765,2,0.521133
765,3,0.458071
765,4,0.522955
765,5,0.333964
765,6,0.411744
765,7,0.534939
765,8,0.439357
765,9,0.304613
765,10,0.527474
765,11,0.498975
765,12,0.521767
765,13,0.527474
765,14,0.470376
765,15,0.419837
766,1,0.496497
766,2,0.489060
766,3,0.512655
766,4,0.430471
766,5,0.496877
766,6,0.459821
766,7,0.494591
766,8,0.430471
766,9,0.440344
766,10,0.000000
766,11,0.533443
766,12,0.521155
766,13,0.507051
766,14,0.535135
766,15,0.510891
767,1,0.430471
767,2,0.500350
767,3,0.460154
767,4,0.524452
767,5,0.547083
767,6,0.521767
767,7,0.471671
767,8,0.466679
767,9,0.529878
767,10,0.468211
767,11,0.521767
767,12,0.536888
767,13,0.493029
767,14,0.434589
767,15,0.461999
768,1,0.466679
768,2,0.456857
768,3,0.470163
768,4,0.516782
768,5,0.457075
768,6,0.534661
768,7,0.430471
768,8,0.448580
768,9,0.451927
768,10,0.485647
768,11,0.461451
768,12,0.463774
768,13,0.476679
768,14,0.493285
768,15,0.469663
769,1,0.493297
769,2,0.434589
769,3,0.471671
769,4,0.468038
769,5,0.485647
769,6,0.527735
769,7,0.496002
769,8,0.434589
769,9,0.405085
769,10,0.512390
769,11,0.434589
769,12,0.405085
769,13,0.456989
769,14,0.476831
769,15,0.520116
770,1,0.434589
770,2,0.405085
770,3,0.458403
770,4,0.523053
770,5,0.531300
770,6,0.550661
770,7,0.518839
770,8,0.540313
770,9,0.534946
770,10,0.466824
770,11,0.476831
770,12,0.503998
770,13,0.479823
770,14,0.535135
770,15,0.448554
771,1,0.452406
771,2,0.500857
771,3,0.456852
771,4,0.574110
771,5,0.476762
771,6,0.455998
771,7,0.484081
771,8,0.544585
771,9,0.511976
771,10,0.513014
771,11,0.532282
771,12,0.456475
771,13,0.529573
771,14,0.547988
771,15,0.474413
772,1,0.469783
772,2,0.456307
772,3,0.574110
772,4,0.471539
772,5,0.479866
772,6,0.458501
772,7,0.527735
772,8,0.481361
772,9,0.547988
772,10,0.458120
772,11,0.447546
772,12,0.496382
772,13,0.467717
772,14,0.301451
772,15,0.456857
773,1,0.457258
773,2,0.479350
773,3,0.495764
773,4,0.472171
773,5,0.525421
773,6,0.434589
773,7,0.486746
773,8,0.453502
773,9,0.467425
773,10,0.420606
773,11,0.459821
773,12,0.542516
773,13,0.508220
773,14,0.505968
773,15,0.526170
774,1,0.482488
774,2,0.493604
774,3,0.507843
774,4,0.474320
774,5,0.453502
774,6,0.447546
774,7,0.495783
774,8,0.434589
774,9,0.458301
774,10,0.434589
774,11,0.498071
774,12,0.434589
774,13,0.456989
774,14,0.527474
774,15,0.503492
775,1,0.507628
775,2,0.473188
775,3,0.460855
775,4,0.405085
775,5,0.441442
775,6,0.531294
775,7,0.434589
775,8,0.453644
775,9,0.467157
775,10,0.515668
775,11,0.434589
775,12,0.405085
775,13,0.520477
775,14,0.511180
775,15,0.511180
776,1,0.434589
776,2,0.462244
776,3,0.452359
776,4,0.501264
776,5,0.505991
776,6,0.510919
776,7,0.435089
776,8,0.475594
776,9,0.461064
776,10,0.507051
776,11,0.460019
776,12,0.434589
776,13,0.530826
776,14,0.451497
776,15,0.491712
777,1,0.503492
777,2,0.460325
777,3,0.520813
777,4,0.473393
777,5,0.492710
777,6,0.434589
777,7,0.472211
777,8,0.561723
777,9,0.523217
777,10,0.435089
777,11,0.527104
777,12,0.464245
777,13,0.495844
777,14,0.434589
777,15,0.491188
778,1,0.518839
778,2,0.492014
778,3,0.463469
778,4,0.454084
778,5,0.434589
778,6,0.456919
778,7,0.465688
778,8,0.469663
778,9,0.459916
778,10,0.523217
778,11,0.435089
778,12,0.475747
778,13,0.455998
778,14,0.540335
778,15,0.535561
779,1,0.529071
779,2,0.535770
779,3,0.430471
779,4,0.456919
779,5,0.527474
779,6,0.434589
779,7,0.453644
779,8,0.497667
779,9,0.520813
779,10,0.544706
779,11,0.539334
779,12,0.520116
779,13,0.459093
779,14,0.547988
779,15,0.435590
780,1,0.497424
780,2,0.456698
780,3,0.523217
780,4,0.343575
780,5,0.456919
780,6,0.524980
780,7,0.482369
780,8,0.533704
780,9,0.457620
780,10,0.467794
780,11,0.434589
780,12,0.448564
780,13,0.529878
780,14,0.430471
780,15,0.304613
781,1,0.473797
781,2,0.534946
781,3,0.481802
781,4,0.419837
781,5,0.421937
781,6,0.522927
781,7,0.522955
781,8,0.526443
781,9,0.555304
781,10,0.455559
781,11,0.500188
781,12,0.434589
781,13,0.528851
781,14,0.539334
781,15,0.458221
782,1,0.480824
782,2,0.435590
782,3,0.430367
782,4,0.311617
782,5,0.477173
782,6,0.479866
782,7,0.446359
782,8,0.515668
782,9,0.494466
782,10,0.467553
782,11,0.518712
782,12,0.481361
782,13,0.522955
782,14,0.461186
782,15,0.438214
783,1,0.432176
783,2,0.482326
783,3,0.502991
783,4,0.467425
783,5,0.457620
783,6,0.522443
783,7,0.523751
783,8,0.435089
783,9,0.499405
783,10,0.515813
783,11,0.461186
783,12,0.438214
783,13,0.453575
783,14,0.480087
783,15,0.434589
784,1,0.531294
784,2,0.520813
784,3,0.462244
784,4,0.553495
784,5,0.469689
784,6,0.521591
784,7,0.513747
784,8,0.471671
784,9,0.419837
784,10,0.453661
784,11,0.419837
784,12,0.468038
784,13,0.447546
784,14,0.468410
784,15,0.466679
785,1,0.506369
785,2,0.484200
785,3,0.523730
785,4,0.457720
785,5,0.515668
785,6,0.467425
785,7,0.484081
785,8,0.477173
785,9,0.455644
785,10,0.547988
785,11,0.516721
785,12,0.540774
785,13,0.446254
785,14,0.501076
785,15,0.526538
786,1,0.508441
786,2,0.512790
786,3,0.513670
786,4,0.487815
786,5,0.485661
786,6,0.434589
786,7,0.447241
786,8,0.512790
786,9,0.521767
786,10,0.459634
786,11,0.533569
786,12,0.536505
786,13,0.516007
786,14,0.522458
786,15,0.525622
787,1,0.461074
787,2,0.461244
787,3,0.513957
787,4,0.502259
787,5,0.520874
787,6,0.434589
787,7,0.442868
787,8,0.493604
787,9,0.507843
787,10,0.534946
787,11,0.456353
787,12,0.530367
787,13,0.512859
787,14,0.434589
787,15,0.462154
788,1,0.472434
788,2,0.444870
788,3,0.465959
788,4,0.435089
788,5,0.405085
788,6,0.448318
788,7,0.460019
788,8,0.434589
788,9,0.547242
788,10,0.502802
788,11,0.460145
788,12,0.576623
788,13,0.520477
788,14,0.512790
788,15,0.534946
789,1,0.520813
789,2,0.512655
789,3,0.430471
789,4,0.501076
789,5,0.441741
789,6,0.481802
789,7,0.535561
789,8,0.527474
789,9,0.458808
789,10,0.524523
789,11,0.575772
789,12,0.510703
789,13,0.426354
789,14,0.540988
789,15,0.536094
790,1,0.434589
790,2,0.533704
790,3,0.506124
790,4,0.534946
790,5,0.460451
790,6,0.520813
790,7,0.450864
790,8,0.484135
790,9,0.446879
790,10,0.475748
790,11,0.534946
790,12,0.426354
790,13,0.405085
790,14,0.457129
790,15,0.434589
791,1,0.311617
791,2,0.524980
791,3,0.435089
791,4,0.497424
791,5,0.480031
791,6,0.434589
791,7,0.419837
791,8,0.452690
791,9,0.458301
791,10,0.534177
791,11,0.532687
791,12,0.517343
791,13,0.434589
791,14,0.458048
791,15,0.553196
792,1,0.461831
792,2,0.553495
792,3,0.530367
792,4,0.533703
792,5,0.510381
792,6,0.434589
792,7,0.520813
792,8,0.434589
792,9,0.523217
792,10,0.511976
792,11,0.521767
792,12,0.486446
792,13,0.473126
792,14,0.434589
792,15,0.451927
793,1,0.456857
793,2,0.514134
793,3,0.523915
793,4,0.435590
793,5,0.531294
793,6,0.460019
793,7,0.535135
793,8,0.534221
793,9,0.530367
793,10,0.463013
793,11,0.520813
793,12,0.462244
793,13,0.554055
793,14,0.535135
793,15,0.513183
794,1,0.459558
794,2,0.540239
794,3,0.458091
794,4,0.520813
794,5,0.504787
794,6,0.499268
794,7,0.522455
794,8,0.523149
794,9,0.515823
794,10,0.524886
794,11,0.511113
794,12,0.510903
794,13,0.515823
794,14,0.523149
794,15,0.514550
795,1,0.516007
795,2,0.510903
795,3,0.553196
795,4,0.513335
795,5,0.467758
795,6,0.434589
795,7,0.509655
795,8,0.511180
795,9,0.539418
795,10,0.514032
795,11,0.542776
795,12,0.507244
795,13,0.513670
795,14,0.521767
795,15,0.467157
796,1,0.478102
796,2,0.500715
796,3,0.488308
796,4,0.534058
796,5,0.507051
796,6,0.513670
796,7,0.474816
796,8,0.524121
796,9,0.535135
796,10,0.524299
796,11,0.547988
796,12,0.514134
796,13,0.512449
796,14,0.455724
796,15,0.304613
797,1,0.534939
797,2,0.531294
797,3,0.506124
797,4,0.436464
797,5,0.520256
797,6,0.521767
797,7,0.445474
797,8,0.536737
797,9,0.511358
797,10,0.515813
797,11,0.438714
797,12,0.454817
797,13,0.504406
797,14,0.536497
797,15,0.251032
798,1,0.521591
798,2,0.511854
798,3,0.514248
798,4,0.435089
798,5,0.500790
798,6,0.520477
798,7,0.499335
798,8,0.434589
798,9,0.523730
798,10,0.217294
798,11,0.525421
798,12,0.434589
798,13,0.419837
798,14,0.460763
798,15,0.457620
799,1,0.434589
799,2,0.521093
799,3,0.516035
799,4,0.511180
799,5,0.534946
799,6,0.488893
799,7,0.459558
799,8,0.335435
799,9,0.493604
799,10,0.476180
799,11,0.506931
799,12,0.456423
799,13,0.452355
799,14,0.466646
799,15,0.488687
800,1,0.460125
800,2,0.511292
800,3,0.521309
800,4,0.535135
800,5,0.471671
800,6,0.434589
800,7,0.489742
800,8,0.521767
800,9,0.515823
800,10,0.471671
800,11,0.489742
800,12,0.507843
800,13,0.521023
800,14,0.539068
800,15,0.511880
801,1,0.511180
801,2,0.539068
801,3,0.511976
801,4,0.507244
801,5,0.459461
801,6,0.420606
801,7,0.464046
801,8,0.517966
801,9,0.430471
801,10,0.497424
801,11,0.453502
801,12,0.444870
801,13,0.534946
801,14,0.445859
801,15,0.485045
802,1,0.505581
802,2,0.514856
802,3,0.534060
802,4,0.530367
802,5,0.541373
802,6,0.523730
802,7,0.458678
802,8,0.526170
802,9,0.522653
802,10,0.217294
802,11,0.485174
802,12,0.459095
802,13,0.419837
802,14,0.472653
802,15,0.472419
803,1,0.536466
803,2,0.509834
803,3,0.476156
803,4,0.521856
803,5,0.532282
803,6,0.430471
803,7,0.455629
803,8,0.520477
803,9,0.474079
803,10,0.454884
803,11,0.534661
803,12,0.527559
803,13,0.217294
803,14,0.504983
803,15,0.434589
804,1,0.521133
804,2,0.522955
804,3,0.510903
804,4,0.547988
804,5,0.508441
804,6,0.458749
804,7,0.466679
804,8,0.405085
804,9,0.301284
804,10,0.466928
804,11,0.493604
804,12,0.478837
804,13,0.542500
804,14,0.468827
804,15,0.493600
805,1,0.523217
805,2,0.522927
805,3,0.434589
805,4,0.501264
805,5,0.496465
805,6,0.457620
805,7,0.405085
805,8,0.516911
805,9,0.434589
805,10,0.405085
805,11,0.520477
805,12,0.499335
805,13,0.430471
805,14,0.442868
805,15,0.458091
806,1,0.535135
806,2,0.524229
806,3,0.461007
806,4,0.495194
806,5,0.523751
806,6,0.521828
806,7,0.549866
806,8,0.510891
806,9,0.507051
806,10,0.522955
806,11,0.461186
806,12,0.523149
806,13,0.510903
806,14,0.461450
806,15,0.451927
807,1,0.496008
807,2,0.430471
807,3,0.452690
807,4,0.439679
807,5,0.306039
807,6,0.529714
807,7,0.513670
807,8,0.434589
807,9,0.492789
807,10,0.520157
807,11,0.533569
807,12,0.539334
807,13,0.493297
807,14,0.305080
807,15,0.507186
808,1,0.452479
808,2,0.526170
808,3,0.461677
808,4,0.522955
808,5,0.524289
808,6,0.535353
808,7,0.534518
808,8,0.512888
808,9,0.435089
808,10,0.444306
808,11,0.515395
808,12,0.481361
808,13,0.530826
808,14,0.506124
808,15,0.457456
809,1,0.527474
809,2,0.506980
809,3,0.435590
809,4,0.405085
809,5,0.520477
809,6,0.473126
809,7,0.419837
809,8,0.451927
809,9,0.501691
809,10,0.495757
809,11,0.536421
809,12,0.520116
809,13,0.509325
809,14,0.469966
809,15,0.434589
810,1,0.481201
810,2,0.451927
810,3,0.485271
810,4,0.452851
810,5,0.535561
810,6,0.486746
810,7,0.453502
810,8,0.434589
810,9,0.405085
810,10,0.489742
810,11,0.506124
810,12,0.506583
810,13,0.430471
810,14,0.452690
810,15,0.434589
811,1,0.475782
811,2,0.536499
811,3,0.530507
811,4,0.532681
811,5,0.470376
811,6,0.534168
811,7,0.453502
811,8,0.464622
811,9,0.521767
811,10,0.484041
811,11,0.474413
811,12,0.520262
811,13,0.434589
811,14,0.405085
811,15,0.380913
812,1,0.531294
812,2,0.507628
812,3,0.434589
812,4,0.502867
812,5,0.531294
812,6,0.434589
812,7,0.405085
812,8,0.531294
812,9,0.506124
812,10,0.512859
812,11,0.464451
812,12,0.505968
812,13,0.532890
812,14,0.434589
812,15,0.456989
813,1,0.479866
813,2,0.473797
813,3,0.509205
813,4,0.434589
813,5,0.502867
813,6,0.479499
813,7,0.493604
813,8,0.430471
813,9,0.456857
813,10,0.472858
813,11,0.419837
813,12,0.433705
813,13,0.459465
813,14,0.434589
813,15,0.501076
814,1,0.441741
814,2,0.479236
814,3,0.534184
814,4,0.526538
814,5,0.457257
814,6,0.547988
814,7,0.459558
814,8,0.425132
814,9,0.465197
814,10,0.312904
814,11,0.456067
814,12,0.515266
814,13,0.343058
814,14,0.296204
814,15,0.495844
815,1,0.514986
815,2,0.535561
815,3,0.496002
815,4,0.452359
815,5,0.451927
815,6,0.502336
815,7,0.502802
815,8,0.522955
815,9,0.495764
815,10,0.523038
815,11,0.440379
815,12,0.547988
815,13,0.469856
815,14,0.520477
815,15,0.512790
816,1,0.488733
816,2,0.435590
816,3,0.453644
816,4,0.553196
816,5,0.467553
816,6,0.453269
816,7,0.434589
816,8,0.296204
816,9,0.458048
816,10,0.466988
816,11,0.419837
816,12,0.479866
816,13,0.522332
816,14,0.530367
816,15,0.434589
817,1,0.502867
817,2,0.520477
817,3,0.521767
817,4,0.533704
817,5,0.492326
817,6,0.457732
817,7,0.492297
817,8,0.521605
817,9,0.526170
817,10,0.435590
817,11,0.458048
817,12,0.531294
817,13,0.453502
817,14,0.451927
817,15,0.467425
818,1,0.515668
818,2,0.467758
818,3,0.535922
818,4,0.537926
818,5,0.468327
818,6,0.526520
818,7,0.534661
818,8,0.517363
818,9,0.523915
818,10,0.517158
818,11,0.524071
818,12,0.460145
818,13,0.513112
818,14,0.547988
818,15,0.509730
819,1,0.533704
819,2,0.530367
819,3,0.530367
819,4,0.451497
819,5,0.521767
819,6,0.515823
819,7,0.457397
819,8,0.535770
819,9,0.523217
819,10,0.460625
819,11,0.482739
819,12,0.521767
819,13,0.522257
819,14,0.490648
819,15,0.514856
820,1,0.463013
820,2,0.496293
820,3,0.508885
820,4,0.531294
820,5,0.469418
820,6,0.537587
820,7,0.510919
820,8,0.460387
820,9,0.470014
820,10,0.452851
820,11,0.503998
820,12,0.484081
820,13,0.532890
820,14,0.460926
820,15,0.514375
821,1,0.506124
821,2,0.534946
821,3,0.457491
821,4,0.523217
821,5,0.435089
821,6,0.471366
821,7,0.489742
821,8,0.434589
821,9,0.525649
821,10,0.536951
821,11,0.530507
821,12,0.512790
821,13,0.457620
821,14,0.534309
821,15,0.521767
822,1,0.435590
822,2,0.461831
822,3,0.574110
822,4,0.524299
822,5,0.561723
822,6,0.447264
822,7,0.458048
822,8,0.465870
822,9,0.472929
822,10,0.488488
822,11,0.470590
822,12,0.444190
822,13,0.442868
822,14,0.476909
822,15,0.555879
823,1,0.522955
823,2,0.438714
823,3,0.450133
823,4,0.505564
823,5,0.457620
823,6,0.490593
823,7,0.534946
823,8,0.527430
823,9,0.536499
823,10,0.458400
823,11,0.498448
823,12,0.503766
823,13,0.340301
823,14,0.496497
823,15,0.510345
824,1,0.507088
824,2,0.499364
824,3,0.535602
824,4,0.434589
824,5,0.455027
824,6,0.457388
824,7,0.566955
824,8,0.533230
824,9,0.513670
824,10,0.434589
824,11,0.520256
824,12,0.466791
824,13,0.506708
824,14,0.559813
824,15,0.508776
825,1,0.342610
825,2,0.488479
825,3,0.524980
825,4,0.515823
825,5,0.430471
825,6,0.474717
825,7,0.534946
825,8,0.530918
825,9,0.458434
825,10,0.405085
825,11,0.436940
825,12,0.434589
825,13,0.456919
825,14,0.489742
825,15,0.521767
826,1,0.492995
826,2,0.530826
826,3,0.521767
826,4,0.515823
826,5,0.511358
826,6,0.531294
826,7,0.506124
826,8,0.520001
826,9,0.521767
826,10,0.533569
826,11,0.457620
826,12,0.488796
826,13,0.453502
826,14,0.460914
826,15,0.434589
827,1,0.531294
827,2,0.496002
827,3,0.469088
827,4,0.493604
827,5,0.430471
827,6,0.424509
827,7,0.435089
827,8,0.202543
827,9,0.497424
827,10,0.467425
827,11,0.405085
827,12,0.458617
827,13,0.532967
827,14,0.532687
827,15,0.488866
828,1,0.526170
828,2,0.531294
828,3,0.461213
828,4,0.434589
828,5,0.462600
828,6,0.429469
828,7,0.539331
828,8,0.435089
828,9,0.469045
828,10,0.500227
828,11,0.470047
828,12,0.434589
828,13,0.455411
828,14,0.523217
828,15,0.536737
829,1,0.430471
829,2,0.456989
829,3,0.466679
829,4,0.499267
829,5,0.358076
829,6,0.515668
829,7,0.534946
829,8,0.485045
829,9,0.306039
829,10,0.452707
829,11,0.501076
829,12,0.430471
829,13,0.479455
829,14,0.452690
829,15,0.473727
830,1,0.533558
830,2,0.520477
830,3,0.462369
830,4,0.553495
830,5,0.531704
830,6,0.512859
830,7,0.512655
830,8,0.473018
830,9,0.469689
830,10,0.516399
830,11,0.459447
830,12,0.506369
830,13,0.478941
830,14,0.434589
830,15,0.538369
831,1,0.549866
831,2,0.436940
831,3,0.542183
831,4,0.534946
831,5,0.464209
831,6,0.531294
831,7,0.453502
831,8,0.491712
831,9,0.454583
831,10,0.469117
831,11,0.459558
831,12,0.526170
831,13,0.447546
831,14,0.459558
831,15,0.536737
832,1,0.495675
832,2,0.455255
832,3,0.494456
832,4,0.481983
832,5,0.522955
832,6,0.486746
832,7,0.520033
832,8,0.540846
832,9,0.480190
832,10,0.511180
832,11,0.511880
832,12,0.475062
832,13,0.434589
832,14,0.453644
832,15,0.531294
833,1,0.442137
833,2,0.520813
833,3,0.509730
833,4,0.522326
833,5,0.520951
833,6,0.434589
833,7,0.435861
833,8,0.496497
833,9,0.509894
833,10,0.512655
833,11,0.496530
833,12,0.470750
833,13,0.516035
833,14,0.535561
833,15,0.430972
834,1,0.452355
834,2,0.459058
834,3,0.515668
834,4,0.434589
834,5,0.477873
834,6,0.472419
834,7,0.454652
834,8,0.435089
834,9,0.405085
834,10,0.497424
834,11,0.446717
834,12,0.546623
834,13,0.434589
834,14,0.405085
834,15,0.531294
835,1,0.499127
835,2,0.469088
835,3,0.535113
835,4,0.434589
835,5,0.405085
835,6,0.504507
835,7,0.432130
835,8,0.345645
835,9,0.439235
835,10,0.479432
835,11,0.443200
835,12,0.466679
835,13,0.452851
835,14,0.434589
835,15,0.419837
836,1,0.453644
836,2,0.461831
836,3,0.524523
836,4,0.526170
836,5,0.575457
836,6,0.520497
836,7,0.469689
836,8,0.419837
836,9,0.451927
836,10,0.529878
836,11,0.503492
836,12,0.496002
836,13,0.525622
836,14,0.434589
836,15,0.520477
837,1,0.458301
837,2,0.555304
837,3,0.521262
837,4,0.495780
837,5,0.574110
837,6,0.463437
837,7,0.522955
837,8,0.515858
837,9,0.508904
837,10,0.457858
837,11,0.452355
837,12,0.217294
837,13,0.435400
837,14,0.447379
837,15,0.472826
838,1,0.530367
838,2,0.533514
838,3,0.453502
838,4,0.419837
838,5,0.451927
838,6,0.458651
838,7,0.540733
838,8,0.549194
838,9,0.459058
838,10,0.447546
838,11,0.521767
838,12,0.435089
838,13,0.453644
838,14,0.461831
838,15,0.520640
839,1,0.434589
839,2,0.405085
839,3,0.501076
839,4,0.471671
839,5,0.447546
839,6,0.503998
839,7,0.499335
839,8,0.430471
839,9,0.452355
839,10,0.536217
839,11,0.452359
839,12,0.501076
839,13,0.478963
839,14,0.520813
839,15,0.511180
840,1,0.458768
840,2,0.477431
840,3,0.530367
840,4,0.513670
840,5,0.512655
840,6,0.506583
840,7,0.508124
840,8,0.506124
840,9,0.496231
840,10,0.530367
840,11,0.523190
840,12,0.472160
840,13,0.521767
840,14,0.514134
840,15,0.520477
841,1,0.474410
841,2,0.507628
841,3,0.474413
841,4,0.521916
841,5,0.434589
841,6,0.328727
841,7,0.405085
841,8,0.456919
841,9,0.419837
841,10,0.501076
841,11,0.457267
841,12,0.522940
841,13,0.528450
841,14,0.341891
841,15,0.499911
842,1,0.478244
842,2,0.486625
842,3,0.457620
842,4,0.447546
842,5,0.466791
842,6,0.503632
842,7,0.511180
842,8,0.526170
842,9,0.471671
842,10,0.493604
842,11,0.534946
842,12,0.531294
842,13,0.464209
842,14,0.485880
842,15,0.511318
843,1,0.521258
843,2,0.520813
843,3,0.526126
843,4,0.532890
843,5,0.506124
843,6,0.451497
843,7,0.434589
843,8,0.494330
843,9,0.454336
843,10,0.453469
843,11,0.435089
843,12,0.459411
843,13,0.574110
843,14,0.430471
843,15,0.522515
844,1,0.530367
844,2,0.520001
844,3,0.435089
844,4,0.455094
844,5,0.489181
844,6,0.524299
844,7,0.458678
844,8,0.505720
844,9,0.446993
844,10,0.419837
844,11,0.439677
844,12,0.506708
844,13,0.457620
844,14,0.444884
844,15,0.450797
845,1,0.503492
845,2,0.445859
845,3,0.478837
845,4,0.497841
845,5,0.458302
845,6,0.485874
845,7,0.435089
845,8,0.481046
845,9,0.309031
845,10,0.429676
845,11,0.435400
845,12,0.488488
845,13,0.492761
845,14,0.449317
845,15,0.501076
846,1,0.497922
846,2,0.485034
846,3,0.535353
846,4,0.522607
846,5,0.507244
846,6,0.520001
846,7,0.471256
846,8,0.523217
846,9,0.439679
846,10,0.543152
846,11,0.434589
846,12,0.501076
846,13,0.430471
846,14,0.497424
846,15,0.453502
847,1,0.447546
847,2,0.503998
847,3,0.434589
847,4,0.489742
847,5,0.521767
847,6,0.521708
847,7,0.434589
847,8,0.501264
847,9,0.441741
847,10,0.478606
847,11,0.535135
847,12,0.531294
847,13,0.453502
847,14,0.466601
847,15,0.518712
848,1,0.522850
848,2,0.479507
848,3,0.493604
848,4,0.535561
848,5,0.484374
848,6,0.434589
848,7,0.405085
848,8,0.453644
848,9,0.434589
848,10,0.459411
848,11,0.341891
848,12,0.438818
848,13,0.512790
848,14,0.496562
848,15,0.559623
849,1,0.524995
849,2,0.434589
849,3,0.522515
849,4,0.520813
849,5,0.434589
849,6,0.501076
849,7,0.455670
849,8,0.498527
849,9,0.503766
849,10,0.454705
849,11,0.467425
849,12,0.491652
849,13,0.539334
849,14,0.512655
849,15,0.525035
850,1,0.492524
850,2,0.343325
850,3,0.444306
850,4,0.472419
850,5,0.524980
850,6,0.529878
850,7,0.434589
850,8,0.453644
850,9,0.514134
850,10,0.486446
850,11,0.434589
850,12,0.513993
850,13,0.434589
850,14,0.522257
850,15,0.470846
851,1,0.509453
851,2,0.369143
851,3,0.479176
851,4,0.535561
851,5,0.434589
851,6,0.547988
851,7,0.436940
851,8,0.533704
851,9,0.434589
851,10,0.482941
851,11,0.217294
851,12,0.531294
851,13,0.510115
851,14,0.434589
851,15,0.419837
852,1,0.506369
852,2,0.485322
852,3,0.473126
852,4,0.434589
852,5,0.405085
852,6,0.489742
852,7,0.453502
852,8,0.444884
852,9,0.458541
852,10,0.456857
852,11,0.467711
852,12,0.467471
852,13,0.514986
852,14,0.535734
852,15,0.535135
853,1,0.509977
853,2,0.509962
853,3,0.488893
853,4,0.459558
853,5,0.419837
853,6,0.471988
853,7,0.434589
853,8,0.470750
853,9,0.512790
853,10,0.521450
853,11,0.549802
853,12,0.522850
853,13,0.514134
853,14,0.522172
853,15,0.574110
854,1,0.520951
854,2,0.542906
854,3,0.536951
854,4,0.523917
854,5,0.467425
854,6,0.489591
854,7,0.492966
854,8,0.521527
854,9,0.520157
854,10,0.511180
854,11,0.475238
854,12,0.470648
854,13,0.533558
854,14,0.430471
854,15,0.456919
855,1,0.493604
855,2,0.460019
855,3,0.522955
855,4,0.514856
855,5,0.430471
855,6,0.460763
855,7,0.472434
855,8,0.533558
855,9,0.456497
855,10,0.495951
855,11,0.530785
855,12,0.477654
855,13,0.517945
855,14,0.521767
855,15,0.468394
856,1,0.536737
856,2,0.430471
856,3,0.405085
856,4,0.456475
856,5,0.523217
856,6,0.435089
856,7,0.499833
856,8,0.469966
856,9,0.520001
856,10,0.536609
856,11,0.544847
856,12,0.467425
856,13,0.521543
856,14,0.438214
856,15,0.432811
857,1,0.490794
857,2,0.492761
857,3,0.471671
857,4,0.434589
857,5,0.301284
857,6,0.453644
857,7,0.504874
857,8,0.435590
857,9,0.419837
857,10,0.405085
857,11,0.474717
857,12,0.532880
857,13,0.458071
857,14,0.453644
857,15,0.484655
858,1,0.456204
858,2,0.516035
858,3,0.435089
858,4,0.462958
858,5,0.444686
858,6,0.474816
858,7,0.465748
858,8,0.508409
858,9,0.434589
858,10,0.423462
858,11,0.485092
858,12,0.501787
858,13,0.520813
858,14,0.533823
858,15,0.544780
859,1,0.507244
859,2,0.506124
859,3,0.491204
859,4,0.434589
859,5,0.442868
859,6,0.466679
859,7,0.490944
859,8,0.525746
859,9,0.509453
859,10,0.469966
859,11,0.521767
859,12,0.515823
859,13,0.434589
859,14,0.436940
859,15,0.534419
860,1,0.513670
860,2,0.534946
860,3,0.426354
860,4,0.531294
860,5,0.522955
860,6,0.514856
860,7,0.461074
860,8,0.520813
860,9,0.434589
860,10,0.419837
860,11,0.436810
860,12,0.447332
860,13,0.531294
860,14,0.457620
860,15,0.475128
861,1,0.524980
861,2,0.457900
861,3,0.434589
861,4,0.501264
861,5,0.520477
861,6,0.534946
861,7,0.525622
861,8,0.455670
861,9,0.453644
861,10,0.466679
861,11,0.493604
861,12,0.473018
861,13,0.503231
861,14,0.434589
861,15,0.520813
862,1,0.521767
862,2,0.461237
862,3,0.536505
862,4,0.542292
862,5,0.473727
862,6,0.447546
862,7,0.442436
862,8,0.456857
862,9,0.471292
862,10,0.533443
862,11,0.458120
862,12,0.434589
862,13,0.527474
862,14,0.503492
862,15,0.534946
863,1,0.515813
863,2,0.461831
863,3,0.524652
863,4,0.540630
863,5,0.532890
863,6,0.507244
863,7,0.496562
863,8,0.534946
863,9,0.524523
863,10,0.542183
863,11,0.458121
863,12,0.429676
863,13,0.479897
863,14,0.463308
863,15,0.485581
864,1,0.455847
864,2,0.523751
864,3,0.435089
864,4,0.444306
864,5,0.495844
864,6,0.521767
864,7,0.435089
864,8,0.431107
864,9,0.479455
864,10,0.457620
864,11,0.527474
864,12,0.535135
864,13,0.464209
864,14,0.459244
864,15,0.461650
865,1,0.520813
865,2,0.511180
865,3,0.495783
865,4,0.445859
865,5,0.473393
865,6,0.419837
865,7,0.405085
865,8,0.405085
865,9,0.431107
865,10,0.419837
865,11,0.452355
865,12,0.462244
865,13,0.530367
865,14,0.523730
865,15,0.520256
866,1,0.512655
866,2,0.470054
866,3,0.506438
866,4,0.566955
866,5,0.515668
866,6,0.536499
866,7,0.532880
866,8,0.511849
866,9,0.472160
866,10,0.520813
866,11,0.508220
866,12,0.475238
866,13,0.438214
866,14,0.452673
866,15,0.531294
867,1,0.434589
867,2,0.442137
867,3,0.521767
867,4,0.526443
867,5,0.528450
867,6,0.566706
867,7,0.474079
867,8,0.279891
867,9,0.479764
867,10,0.467553
867,11,0.525421
867,12,0.500874
867,13,0.458625
867,14,0.453644
867,15,0.484655
868,1,0.454104
868,2,0.469356
868,3,0.521543
868,4,0.522332
868,5,0.511946
868,6,0.467791
868,7,0.411744
868,8,0.534946
868,9,0.443065
868,10,0.438214
868,11,0.530367
868,12,0.521767
868,13,0.457620
868,14,0.429469
868,15,0.549036
869,1,0.454829
869,2,0.473323
869,3,0.434589
869,4,0.501076
869,5,0.434589
869,6,0.405085
869,7,0.531294
869,8,0.521767
869,9,0.469856
869,10,0.460632
869,11,0.533129
869,12,0.507792
869,13,0.460154
869,14,0.434589
869,15,0.405085
870,1,0.460145
870,2,0.532880
870,3,0.530826
870,4,0.513670
870,5,0.529517
870,6,0.551058
870,7,0.442233
870,8,0.485885
870,9,0.508441
870,10,0.474413
870,11,0.419837
870,12,0.439245
870,13,0.496497
870,14,0.434589
870,15,0.501076
871,1,0.520477
871,2,0.462244
871,3,0.434589
871,4,0.454833
871,5,0.520477
871,6,0.525419
871,7,0.439679
871,8,0.524121
871,9,0.531488
871,10,0.507244
871,11,0.453502
871,12,0.488796
871,13,0.525746
871,14,0.514134
871,15,0.514134
872,1,0.458288
872,2,0.544118
872,3,0.554669
872,4,0.448817
872,5,0.508753
872,6,0.467471
872,7,0.458829
872,8,0.432176
872,9,0.405085
872,10,0.476011
872,11,0.530507
872,12,0.542183
872,13,0.533704
872,14,0.430471
872,15,0.452355
873,1,0.434589
873,2,0.419837
873,3,0.456919
873,4,0.432130
873,5,0.516911
873,6,0.453481
873,7,0.555163
873,8,0.533514
873,9,0.434589
873,10,0.531294
873,11,0.434589
873,12,0.501076
873,13,0.513335
873,14,0.512790
873,15,0.496002
874,1,0.520813
874,2,0.522739
874,3,0.549802
874,4,0.467439
874,5,0.451927
874,6,0.502593
874,7,0.435089
874,8,0.545137
874,9,0.434589
874,10,0.419837
874,11,0.443065
874,12,0.530367
874,13,0.534946
874,14,0.457081
874,15,0.456919
875,1,0.419837
875,2,0.447546
875,3,0.434589
875,4,0.453644
875,5,0.498130
875,6,0.526666
875,7,0.446254
875,8,0.478209
875,9,0.536737
875,10,0.525604
875,11,0.523078
875,12,0.434589
875,13,0.431107
875,14,0.471292
875,15,0.446165
876,1,0.485092
876,2,0.514134
876,3,0.520477
876,4,0.439679
876,5,0.532890
876,6,0.469418
876,7,0.306039
876,8,0.525421
876,9,0.460763
876,10,0.524523
876,11,0.305080
876,12,0.451927
876,13,0.534946
876,14,0.457267
876,15,0.523476
877,1,0.434589
877,2,0.456475
877,3,0.543716
877,4,0.459058
877,5,0.521767
877,6,0.458091
877,7,0.520813
877,8,0.523217
877,9,0.462244
877,10,0.524523
877,11,0.536737
877,12,0.531294
877,13,0.534946
877,14,0.535135
877,15,0.520477
878,1,0.459058
878,2,0.439245
878,3,0.532880
878,4,0.523730
878,5,0.523217
878,6,0.533704
878,7,0.530367
878,8,0.442137
878,9,0.481201
878,10,0.455411
878,11,0.459058
878,12,0.453269
878,13,0.518104
878,14,0.460145
878,15,0.434589
879,1,0.457267
879,2,0.522515
879,3,0.520640
879,4,0.524299
879,5,0.434589
879,6,0.405085
879,7,0.501076
879,8,0.486746
879,9,0.542906
879,10,0.522927
879,11,0.535135
879,12,0.522955
879,13,0.520477
879,14,0.434589
879,15,0.458301
880,1,0.535220
880,2,0.530367
880,3,0.530367
880,4,0.460019
880,5,0.524299
880,6,0.523217
880,7,0.523217
880,8,0.458301
880,9,0.524121
880,10,0.553495
880,11,0.457620
880,12,0.463545
880,13,0.459058
880,14,0.515668
880,15,0.458301
881,1,0.434589
881,2,0.439679
881,3,0.526637
881,4,0.534402
881,5,0.546088
881,6,0.376411
881,7,0.465688
881,8,0.533704
881,9,0.442137
881,10,0.521767
881,11,0.457767
881,12,0.428541
881,13,0.521767
881,14,0.536737
881,15,0.466824
882,1,0.477034
882,2,0.457620
882,3,0.535113
882,4,0.438214
882,5,0.479455
882,6,0.471671
882,7,0.439245
882,8,0.519457
882,9,0.437275
882,10,0.522927
882,11,0.522955
882,12,0.465280
882,13,0.514107
882,14,0.548001
882,15,0.535135
883,1,0.520477
883,2,0.462244
883,3,0.533808
883,4,0.471833
883,5,0.518996
883,6,0.524523
883,7,0.516929
883,8,0.536505
883,9,0.522955
883,10,0.512949
883,11,0.526170
883,12,0.486746
883,13,0.531294
883,14,0.456698
883,15,0.533704
884,1,0.467425
884,2,0.520477
884,3,0.445474
884,4,0.471833
884,5,0.434589
884,6,0.527474
884,7,0.506124
884,8,0.457620
884,9,0.453269
884,10,0.459058
884,11,0.451927
884,12,0.514275
884,13,0.520813
884,14,0.456642
884,15,0.405085
885,1,0.304613
885,2,0.527474
885,3,0.512390
885,4,0.434589
885,5,0.461831
885,6,0.535135
885,7,0.457267
885,8,0.544118
885,9,0.434589
885,10,0.521767
885,11,0.461831
885,12,0.520813
885,13,0.512019
885,14,0.523217
885,15,0.504142
886,1,0.463437
886,2,0.531294
886,3,0.521767
886,4,0.434589
886,5,0.405085
886,6,0.443065
886,7,0.434589
886,8,0.405085
886,9,0.520477
886,10,0.474410
886,11,0.434589
886,12,0.497424
886,13,0.430471
886,14,0.405085
886,15,0.497424
887,1,0.515290
887,2,0.521133
887,3,0.532880
887,4,0.520515
887,5,0.521258
887,6,0.521258
887,7,0.553495
887,8,0.530367
887,9,0.454583
887,10,0.486394
887,11,0.523751
887,12,0.477751
887,13,0.434589
887,14,0.460637
887,15,0.520813
888,1,0.522955
888,2,0.481201
888,3,0.493604
888,4,0.437275
888,5,0.434589
888,6,0.481201
888,7,0.439245
888,8,0.520813
888,9,0.434589
888,10,0.521767
888,11,0.434589
888,12,0.461831
888,13,0.484219
888,14,0.483188
888,15,0.463546
889,1,0.459584
889,2,0.519583
889,3,0.434589
889,4,0.449266
889,5,0.306162
889,6,0.501691
889,7,0.466824
889,8,0.405085
889,9,0.501076
889,10,0.471671
889,11,0.468038
889,12,0.461619
889,13,0.476214
889,14,0.466124
889,15,0.462053
890,1,0.522955
890,2,0.457620
890,3,0.456204
890,4,0.533704
890,5,0.512390
890,6,0.434589
890,7,0.460637
890,8,0.434589
890,9,0.457620
890,10,0.447546
890,11,0.521767
890,12,0.459411
890,13,0.566955
890,14,0.542292
890,15,0.471671
891,1,0.527474
891,2,0.534946
891,3,0.397650
891,4,0.537488
891,5,0.434589
891,6,0.445474
891,7,0.520515
891,8,0.530367
891,9,0.520813
891,10,0.533569
891,11,0.445859
891,12,0.501076
891,13,0.434589
891,14,0.460763
891,15,0.531294
892,1,0.442137
892,2,0.532880
892,3,0.530367
892,4,0.531294
892,5,0.457620
892,6,0.488796
892,7,0.457620
892,8,0.434589
892,9,0.501076
892,10,0.531294
892,11,0.520813
892,12,0.533704
892,13,0.471833
892,14,0.431543
892,15,0.536737
893,1,0.531294
893,2,0.437275
893,3,0.434589
893,4,0.456919
893,5,0.493604
893,6,0.442137
893,7,0.553959
893,8,0.534946
893,9,0.436940
893,10,0.533704
893,11,0.456698
893,12,0.524121
893,13,0.530367
893,14,0.534946
893,15,0.442102
894,1,0.405085
894,2,0.443065
894,3,0.486625
894,4,0.445859
894,5,0.000000
894,6,0.465819
894,7,0.515668
894,8,0.502593
894,9,0.520651
894,10,0.445859
894,11,0.519457
894,12,0.457491
894,13,0.542292
894,14,0.523217
894,15,0.439679
895,1,0.533704
895,2,0.442137
895,3,0.520477
895,4,0.459058
895,5,0.453644
895,6,0.527474
895,7,0.467425
895,8,0.458617
895,9,0.471671
895,10,0.419837
895,11,0.456919
895,12,0.453269
895,13,0.522257
895,14,0.520813
895,15,0.485880
896,1,0.521767
896,2,0.434589
896,3,0.460637
896,4,0.530367
896,5,0.456480
896,6,0.456857
896,7,0.519267
896,8,0.430471
896,9,0.534946
896,10,0.521767
896,11,0.471671
896,12,0.521767
896,13,0.443065
896,14,0.532880
896,15,0.537823
897,1,0.543152
897,2,0.526170
897,3,0.445859
897,4,0.520477
897,5,0.503560
897,6,0.472792
897,7,0.447546
897,8,0.489591
897,9,0.523507
897,10,0.521767
897,11,0.436940
897,12,0.530507
897,13,0.461831
897,14,0.434589
897,15,0.441890
898,1,0.468894
898,2,0.476734
898,3,0.434589
898,4,0.520477
898,5,0.521767
898,6,0.461237
898,7,0.524121
898,8,0.521767
898,9,0.477751
898,10,0.217294
898,11,0.520477
898,12,0.467425
898,13,0.531294
898,14,0.534946
898,15,0.434589
899,1,0.501076
899,2,0.522955
899,3,0.434589
899,4,0.520477
899,5,0.472792
899,6,0.431543
899,7,0.527747
899,8,0.434589
899,9,0.471671
899,10,0.468038
899,11,0.419837
899,12,0.436940
899,13,0.467425
899,14,0.452355
899,15,0.524980
900,1,0.459411
900,2,0.533900
900,3,0.522955
900,4,0.526170
900,5,0.480576
900,6,0.419837
900,7,0.497424
900,8,0.513670
900,9,0.488352
900,10,0.534946
900,11,0.434589
900,12,0.497424
900,13,0.486128
900,14,0.530367
900,15,0.456642
901,1,0.459320
901,2,0.446879
901,3,0.506117
901,4,0.434589
901,5,0.531294
901,6,0.530367
901,7,0.457620
901,8,0.451927
901,9,0.495933
901,10,0.530367
901,11,0.460019
901,12,0.452359
901,13,0.481046
901,14,0.469356
901,15,0.531294
902,1,0.456698
902,2,0.522257
902,3,0.434589
902,4,0.456919
902,5,0.534946
902,6,0.434589
902,7,0.481201
902,8,0.432130
902,9,0.541156
902,10,0.437275
902,11,0.521767
902,12,0.482925
902,13,0.459058
902,14,0.447546
902,15,0.434589
903,1,0.445474
903,2,0.520813
903,3,0.521063
903,4,0.520813
903,5,0.521767
903,6,0.434589
903,7,0.436940
903,8,0.523217
903,9,0.533704
903,10,0.512390
903,11,0.536737
903,12,0.457267
903,13,0.535770
903,14,0.445859
903,15,0.484252
904,1,0.549194
904,2,0.535135
904,3,0.434589
904,4,0.452355
904,5,0.472792
904,6,0.524980
904,7,0.532978
904,8,0.434589
904,9,0.419837
904,10,0.452673
904,11,0.531294
904,12,0.530367
904,13,0.456698
904,14,0.434589
904,15,0.469687
905,1,0.521063
905,2,0.460145
905,3,0.537648
905,4,0.537488
905,5,0.544118
905,6,0.494540
905,7,0.513183
905,8,0.574110
905,9,0.534946
905,10,0.457267
905,11,0.314447
905,12,0.419837
905,13,0.439245
905,14,0.434589
905,15,0.530367
906,1,0.574110
906,2,0.443065
906,3,0.457620
906,4,0.451927
906,5,0.458091
906,6,0.535135
906,7,0.436940
906,8,0.472792
906,9,0.493604
906,10,0.434589
906,11,0.397650
906,12,0.519457
906,13,0.457491
906,14,0.536499
906,15,0.434589
907,1,0.423462
907,2,0.405085
907,3,0.481201
907,4,0.493604
907,5,0.513670
907,6,0.459058
907,7,0.419837
907,8,0.497424
907,9,0.456698
907,10,0.523217
907,11,0.436940
907,12,0.434589
907,13,0.460637
907,14,0.530367
907,15,0.520813
908,1,0.445474
908,2,0.532880
908,3,0.534946
908,4,0.434589
908,5,0.473956
908,6,0.523217
908,7,0.458415
908,8,0.453644
908,9,0.526170
908,10,0.456173
908,11,0.497424
908,12,0.488542
908,13,0.457620
908,14,0.432130
908,15,0.521767
909,1,0.529573
909,2,0.536505
909,3,0.535135
909,4,0.479948
909,5,0.524121
909,6,0.524299
909,7,0.529573
909,8,0.522257
909,9,0.522955
909,10,0.536737
909,11,0.460763
909,12,0.535135
909,13,0.535135
909,14,0.457267
909,15,0.526170
910,1,0.459411
910,2,0.533704
910,3,0.461444
910,4,0.419837
910,5,0.456857
910,6,0.436940
910,7,0.523217
910,8,0.434589
910,9,0.481201
910,10,0.447546
910,11,0.475782
910,12,0.526637
910,13,0.539444
910,14,0.459058
910,15,0.434589
911,1,0.520477
911,2,0.475782
911,3,0.534946
911,4,0.457267
911,5,0.574110
911,6,0.503295
911,7,0.445859
911,8,0.520477
911,9,0.434589
911,10,0.531294
911,11,0.521767
911,12,0.445859
911,13,0.478606
911,14,0.534946
911,15,0.471671
912,1,0.458091
912,2,0.520477
912,3,0.435089
912,4,0.456475
912,5,0.217294
912,6,0.462958
912,7,0.458501
912,8,0.457620
912,9,0.493604
912,10,0.534946
912,11,0.471671
912,12,0.453661
912,13,0.494330
912,14,0.464451
912,15,0.549990
913,1,0.535135
913,2,0.529648
913,3,0.534946
913,4,0.489306
913,5,0.531294
913,6,0.521767
913,7,0.473121
913,8,0.454884
913,9,0.534661
913,10,0.520477
913,11,0.462244
913,12,0.472434
913,13,0.439245
913,14,0.452359
913,15,0.527474
914,1,0.479353
914,2,0.306039
914,3,0.466679
914,4,0.334984
914,5,0.477319
914,6,0.459310
914,7,0.453269
914,8,0.546088
914,9,0.522481
914,10,0.490375
914,11,0.520477
914,12,0.538777
914,13,0.523217
914,14,0.534946
914,15,0.457267
915,1,0.533704
915,2,0.460637
915,3,0.457620
915,4,0.493604
915,5,0.434589
915,6,0.457129
915,7,0.467425
915,8,0.456857
915,9,0.520651
915,10,0.520813
915,11,0.474816
915,12,0.434589
915,13,0.432268
915,14,0.453000
915,15,0.459058
916,1,0.405085
916,2,0.471671
916,3,0.534946
916,4,0.434589
916,5,0.531294
916,6,0.460019
916,7,0.434589
916,8,0.520477
916,9,0.534946
916,10,0.457093
916,11,0.456919
916,12,0.493604
916,13,0.458265
916,14,0.471671
916,15,0.458216
917,1,0.523507
917,2,0.434589
917,3,0.520477
917,4,0.434589
917,5,0.488352
917,6,0.520813
917,7,0.462244
917,8,0.524299
917,9,0.551058
917,10,0.508197
917,11,0.463437
917,12,0.434589
917,13,0.531294
917,14,0.529871
917,15,0.462244
918,1,0.530367
918,2,0.521122
918,3,0.436940
918,4,0.217294
918,5,0.531294
918,6,0.530367
918,7,0.434589
918,8,0.460637
918,9,0.535135
918,10,0.434589
918,11,0.471671
918,12,0.434589
918,13,0.527474
918,14,0.445859
918,15,0.419837
919,1,0.501076
919,2,0.531294
919,3,0.434589
919,4,0.443065
919,5,0.541848
919,6,0.537116
919,7,0.520477
919,8,0.523217
919,9,0.474816
919,10,0.531294
919,11,0.520813
919,12,0.434589
919,13,0.453644
919,14,0.471671
919,15,0.534946
920,1,0.443065
920,2,0.542906
920,3,0.472792
920,4,0.535561
920,5,0.481802
920,6,0.484568
920,7,0.434589
920,8,0.447913
920,9,0.462244
920,10,0.457620
920,11,0.468639
920,12,0.452551
920,13,0.540239
920,14,0.461048
920,15,0.453270
921,1,0.459320
921,2,0.518987
921,3,0.434589
921,4,0.436940
921,5,0.327929
921,6,0.434589
921,7,0.439245
921,8,0.534946
921,9,0.489100
921,10,0.471671
921,11,0.488311
921,12,0.468327
921,13,0.520477
921,14,0.524980
921,15,0.471671
922,1,0.536737
922,2,0.531294
922,3,0.457456
922,4,0.457178
922,5,0.469356
922,6,0.450445
922,7,0.330143
922,8,0.435400
922,9,0.505581
922,10,0.534946
922,11,0.443065
922,12,0.520477
922,13,0.531294
922,14,0.520813
922,15,0.534946
923,1,0.434589
923,2,0.497424
923,3,0.456475
923,4,0.536737
923,5,0.466824
923,6,0.419837
923,7,0.301284
923,8,0.405085
923,9,0.453644
923,10,0.531294
923,11,0.521767
923,12,0.529648
923,13,0.439679
923,14,0.560633
923,15,0.434589
924,1,0.479866
924,2,0.436940
924,3,0.342360
924,4,0.405085
924,5,0.458539
924,6,0.419837
924,7,0.452355
924,8,0.434589
924,9,0.462244
924,10,0.453270
924,11,0.471671
924,12,0.527474
924,13,0.534946
924,14,0.531294
924,15,0.530367
925,1,0.520813
925,2,0.489361
925,3,0.434589
925,4,0.481201
925,5,0.494740
925,6,0.434589
925,7,0.454833
925,8,0.536737
925,9,0.520477
925,10,0.521767
925,11,0.520477
925,12,0.459058
925,13,0.494330
925,14,0.460145
925,15,0.541212
926,1,0.531294
926,2,0.520813
926,3,0.521767
926,4,0.515102
926,5,0.457607
926,6,0.456919
926,7,0.453112
926,8,0.534946
926,9,0.460763
926,10,0.461727
926,11,0.501076
926,12,0.471671
926,13,0.419837
926,14,0.471366
926,15,0.493604
927,1,0.460019
927,2,0.457620
927,3,0.488796
927,4,0.434589
927,5,0.530367
927,6,0.520813
927,7,0.533704
927,8,0.512390
927,9,0.516929
927,10,0.461237
927,11,0.434589
927,12,0.405085
927,13,0.456919
927,14,0.447546
927,15,0.458415
928,1,0.476909
928,2,0.541212
928,3,0.521767
928,4,0.471671
928,5,0.432130
928,6,0.459058
928,7,0.515364
928,8,0.462244
928,9,0.542906
928,10,0.521767
928,11,0.520477
928,12,0.434589
928,13,0.458301
928,14,0.529573
928,15,0.536505
929,1,0.455366
929,2,0.327474
929,3,0.452355
929,4,0.523217
929,5,0.462244
929,6,0.576623
929,7,0.520477
929,8,0.434589
929,9,0.449266
929,10,0.485829
929,11,0.473204
929,12,0.522955
929,13,0.490375
929,14,0.434589
929,15,0.460637
930,1,0.524523
930,2,0.434589
930,3,0.458048
930,4,0.536737
930,5,0.457081
930,6,0.452912
930,7,0.523751
930,8,0.460637
930,9,0.520477
930,10,0.434589
930,11,0.531294
930,12,0.434589
930,13,0.405085
930,14,0.443065
930,15,0.434589
931,1,0.452355
931,2,0.513993
931,3,0.494184
931,4,0.434589
931,5,0.520477
931,6,0.456892
931,7,0.456857
931,8,0.000000
931,9,0.534946
931,10,0.520477
931,11,0.462369
931,12,0.457620
931,13,0.477873
931,14,0.456857
931,15,0.523751
932,1,0.434589
932,2,0.449266
932,3,0.501691
932,4,0.460763
932,5,0.535135
932,6,0.524229
932,7,0.536618
932,8,0.453270
932,9,0.441820
932,10,0.520477
932,11,0.523217
932,12,0.434589
932,13,0.512167
932,14,0.457607
932,15,0.405085
933,1,0.479866
933,2,0.522955
933,3,0.535770
933,4,0.520477
933,5,0.534946
933,6,0.535135
933,7,0.434589
933,8,0.457129
933,9,0.479455
933,10,0.524523
933,11,0.536737
933,12,0.522955
933,13,0.434589
933,14,0.471671
933,15,0.493604
934,1,0.520813
934,2,0.493834
934,3,0.520477
934,4,0.456642
934,5,0.456919
934,6,0.481487
934,7,0.530270
934,8,0.434589
934,9,0.520477
934,10,0.434589
934,11,0.405085
934,12,0.519457
934,13,0.434589
934,14,0.501076
934,15,0.434589
935,1,0.405085
935,2,0.501076
935,3,0.434589
935,4,0.405085
935,5,0.471671
935,6,0.458091
935,7,0.518712
935,8,0.513183
935,9,0.509792
935,10,0.523730
935,11,0.434589
935,12,0.481346
935,13,0.523217
935,14,0.434589
935,15,0.459048
936,1,0.536737
936,2,0.520477
936,3,0.534946
936,4,0.434589
936,5,0.531294
936,6,0.456642
936,7,0.405085
936,8,0.452355
936,9,0.434589
936,10,0.531294
936,11,0.530367
936,12,0.456698
936,13,0.342360
936,14,0.452355
936,15,0.533704
937,1,0.513670
937,2,0.459058
937,3,0.448893
937,4,0.457178
937,5,0.524541
937,6,0.460387
937,7,0.515364
937,8,0.524679
937,9,0.489181
937,10,0.524299
937,11,0.531561
937,12,0.523217
937,13,0.534946
937,14,0.492464
937,15,0.434589
938,1,0.453644
938,2,0.434589
938,3,0.432336
938,4,0.531294
938,5,0.434589
938,6,0.520477
938,7,0.523217
938,8,0.513993
938,9,0.477751
938,10,0.343325
938,11,0.328787
938,12,0.502595
938,13,0.520477
938,14,0.489181
938,15,0.537488
939,1,0.524811
939,2,0.536737
939,3,0.520477
939,4,0.535135
939,5,0.522955
939,6,0.455372
939,7,0.497424
939,8,0.530367
939,9,0.521767
939,10,0.526170
939,11,0.464451
939,12,0.531294
939,13,0.518839
939,14,0.535135
939,15,0.531294
940,1,0.456698
940,2,0.523217
940,3,0.526170
940,4,0.521767
940,5,0.459411
940,6,0.523851
940,7,0.459058
940,8,0.451927
940,9,0.521767
940,10,0.434589
940,11,0.443065
940,12,0.520515
940,13,0.434589
940,14,0.494256
940,15,0.463437
941,1,0.520813
941,2,0.434589
941,3,0.497424
941,4,0.456642
941,5,0.434589
941,6,0.492478
941,7,0.521258
941,8,0.535135
941,9,0.512167
941,10,0.536737
941,11,0.522955
941,12,0.457607
941,13,0.501691
941,14,0.460763
941,15,0.535135
942,1,0.434589
942,2,0.531294
942,3,0.434589
942,4,0.443065
942,5,0.452359
942,6,0.447546
942,7,0.521767
942,8,0.526170
942,9,0.574110
942,10,0.434589
942,11,0.452355
942,12,0.456892
942,13,0.479866
942,14,0.513767
942,15,0.434589
943,1,0.453644
943,2,0.459411
943,3,0.522481
943,4,0.434589
943,5,0.442855
943,6,0.202543
943,7,0.525421
943,8,0.520477
943,9,0.533704
943,10,0.456475
943,11,0.533704
943,12,0.434589
943,13,0.452355
943,14,0.459058
943,15,0.540239
944,1,0.534946
944,2,0.457081
944,3,0.497287
944,4,0.530367
944,5,0.456698
944,6,0.434589
944,7,0.405085
944,8,0.405085
944,9,0.471671
944,10,0.447546
944,11,0.445474
944,12,0.534946
944,13,0.531294
944,14,0.445859
944,15,0.501076
945,1,0.489306
945,2,0.522955
945,3,0.461831
945,4,0.531294
945,5,0.456642
945,6,0.535561
945,7,0.471671
945,8,0.419837
945,9,0.405085
945,10,0.405085
945,11,0.501076
945,12,0.531294
945,13,0.445859
945,14,0.505765
945,15,0.434589
946,1,0.501076
946,2,0.531294
946,3,0.456480
946,4,0.501691
946,5,0.520477
946,6,0.434589
946,7,0.471671
946,8,0.534946
946,9,0.522955
946,10,0.445859
946,11,0.474943
946,12,0.535135
946,13,0.434589
946,14,0.452355
946,15,0.521767
947,1,0.459411
947,2,0.217294
947,3,0.531294
947,4,0.467425
947,5,0.458403
947,6,0.434589
947,7,0.471671
947,8,0.521767
947,9,0.520651
947,10,0.522955
947,11,0.434589
947,12,0.453644
947,13,0.531294
947,14,0.520813
947,15,0.533704
948,1,0.460019
948,2,0.521258
948,3,0.530367
948,4,0.521767
948,5,0.536737
948,6,0.520477
948,7,0.533704
948,8,0.492952
948,9,0.343325
948,10,0.478209
948,11,0.434589
948,12,0.520477
948,13,0.456642
948,14,0.482984
948,15,0.520813
949,1,0.521767
949,2,0.536737
949,3,0.535135
949,4,0.434589
949,5,0.456475
949,6,0.526170
949,7,0.524486
949,8,0.458288
949,9,0.523217
949,10,0.434589
949,11,0.501076
949,12,0.457267
949,13,0.536737
949,14,0.434589
949,15,0.456475
950,1,0.459058
950,2,0.453269
950,3,0.523217
950,4,0.512790
950,5,0.521767
950,6,0.434589
950,7,0.501076
950,8,0.531294
950,9,0.521767
950,10,0.531294
950,11,0.434589
950,12,0.501076
950,13,0.508753
950,14,0.527474
950,15,0.521767
951,1,0.434589
951,2,0.520651
951,3,0.457267
951,4,0.529573
951,5,0.536737
951,6,0.471671
951,7,0.451927
951,8,0.521767
951,9,0.515102
951,10,0.462772
951,11,0.405085
951,12,0.515668
951,13,0.523217
951,14,0.521767
951,15,0.520477
952,1,0.485880
952,2,0.534946
952,3,0.531294
952,4,0.434589
952,5,0.501076
952,6,0.457267
952,7,0.434589
952,8,0.454817
952,9,0.434589
952,10,0.456475
952,11,0.515102
952,12,0.523851
952,13,0.516929
952,14,0.461237
952,15,0.434589
953,1,0.531294
953,2,0.456642
953,3,0.452690
953,4,0.508409
953,5,0.521258
953,6,0.453270
953,7,0.452912
953,8,0.536737
953,9,0.434589
953,10,0.501076
953,11,0.460763
953,12,0.531294
953,13,0.457620
953,14,0.493604
953,15,0.471833
954,1,0.515668
954,2,0.533704
954,3,0.513670
954,4,0.397650
954,5,0.452819
954,6,0.405085
954,7,0.452551
954,8,0.405085
954,9,0.466752
954,10,0.459058
954,11,0.521767
954,12,0.508587
954,13,0.513335
954,14,0.537459
954,15,0.521133
955,1,0.434589
955,2,0.508753
955,3,0.490059
955,4,0.550792
955,5,0.520515
955,6,0.471671
955,7,0.458091
955,8,0.434589
955,9,0.453644
955,10,0.434589
955,11,0.452355
955,12,0.462244
955,13,0.434589
955,14,0.497424
955,15,0.490456
956,1,0.515668
956,2,0.534946
956,3,0.535135
956,4,0.457267
956,5,0.343325
956,6,0.452355
956,7,0.507531
956,8,0.442137
956,9,0.512390
956,10,0.522257
956,11,0.534946
956,12,0.460763
956,13,0.522955
956,14,0.434589
956,15,0.453644
957,1,0.526170
957,2,0.531294
957,3,0.460019
957,4,0.520477
957,5,0.459058
957,6,0.466679
957,7,0.453644
957,8,0.508937
957,9,0.534946
957,10,0.471671
957,11,0.521767
957,12,0.459284
957,13,0.513183
957,14,0.461971
957,15,0.450445
958,1,0.337519
958,2,0.405085
958,3,0.330893
958,4,0.486394
958,5,0.434589
958,6,0.444306
958,7,0.453269
958,8,0.467425
958,9,0.501691
958,10,0.445859
958,11,0.454833
958,12,0.523324
958,13,0.536737
958,14,0.434589
958,15,0.473956
959,1,0.471671
959,2,0.456642
959,3,0.456319
959,4,0.548411
959,5,0.489306
959,6,0.521258
959,7,0.434589
959,8,0.454833
959,9,0.468772
959,10,0.524980
959,11,0.479455
959,12,0.520477
959,13,0.453270
959,14,0.202543
959,15,0.429600
960,1,0.484233
960,2,0.459558
960,3,0.534946
960,4,0.457093
960,5,0.484135
960,6,0.434589
960,7,0.405085
960,8,0.460637
960,9,0.520813
960,10,0.521767
960,11,0.531294
960,12,0.434589
960,13,0.453644
960,14,0.531294
960,15,0.521767
961,1,0.434589
961,2,0.497424
961,3,0.471833
961,4,0.459244
961,5,0.419837
961,6,0.457512
961,7,0.497424
961,8,0.520813
961,9,0.456642
961,10,0.441820
961,11,0.434589
961,12,0.459411
961,13,0.343325
961,14,0.434589
961,15,0.372366
962,1,0.493604
962,2,0.520074
962,3,0.520703
962,4,0.542640
962,5,0.531294
962,6,0.521767
962,7,0.461831
962,8,0.434589
962,9,0.449266
962,10,0.452355
962,11,0.481472
962,12,0.434589
962,13,0.454833
962,14,0.434589
962,15,0.450231
963,1,0.497424
963,2,0.507999
963,3,0.531294
963,4,0.456642
963,5,0.486394
963,6,0.343325
963,7,0.501691
963,8,0.457267
963,9,0.522940
963,10,0.455854
963,11,0.456919
963,12,0.472419
963,13,0.493604
963,14,0.486625
963,15,0.521767
964,1,0.434589
964,2,0.431107
964,3,0.484252
964,4,0.217294
964,5,0.523217
964,6,0.533704
964,7,0.434589
964,8,0.460637
964,9,0.496160
964,10,0.457093
964,11,0.304613
964,12,0.503522
964,13,0.521767
964,14,0.531294
964,15,0.521767
965,1,0.471671
965,2,0.447546
965,3,0.490243
965,4,0.534946
965,5,0.520477
965,6,0.520477
965,7,0.521063
965,8,0.522955
965,9,0.536737
965,10,0.457093
965,11,0.304613
965,12,0.521767
965,13,0.434589
965,14,0.419837
965,15,0.453644
966,1,0.526170
966,2,0.457607
966,3,0.330893
966,4,0.479897
966,5,0.481201
966,6,0.434589
966,7,0.419837
966,8,0.495783
966,9,0.519583
966,10,0.530367
966,11,0.492464
966,12,0.493297
966,13,0.530367
966,14,0.520813
966,15,0.519457
967,1,0.456475
967,2,0.434589
967,3,0.497424
967,4,0.518839
967,5,0.460763
967,6,0.520813
967,7,0.459058
967,8,0.521767
967,9,0.536737
967,10,0.457093
967,11,0.468894
967,12,0.434589
967,13,0.419837
967,14,0.501076
967,15,0.486746
968,1,0.457081
968,2,0.474717
968,3,0.520477
968,4,0.574110
968,5,0.460637
968,6,0.520477
968,7,0.459058
968,8,0.493604
968,9,0.434589
968,10,0.405085
968,11,0.531294
968,12,0.531294
968,13,0.434589
968,14,0.453644
968,15,0.434589
969,1,0.456475
969,2,0.521321
969,3,0.434589
969,4,0.518839
969,5,0.506124
969,6,0.534946
969,7,0.468327
969,8,0.471671
969,9,0.451927
969,10,0.534946
969,11,0.458216
969,12,0.434589
969,13,0.453644
969,14,0.434589
969,15,0.520477
970,1,0.523217
970,2,0.509385
970,3,0.520477
970,4,0.463993
970,5,0.501691
970,6,0.434589
970,7,0.453644
970,8,0.434589
970,9,0.497424
970,10,0.493637
970,11,0.531294
970,12,0.520813
970,13,0.474816
970,14,0.531294
970,15,0.532657
971,1,0.530367
971,2,0.445859
971,3,0.530367
971,4,0.484476
971,5,0.551058
971,6,0.434589
971,7,0.520477
971,8,0.512167
971,9,0.434589
971,10,0.456919
971,11,0.449266
971,12,0.475559
971,13,0.545566
971,14,0.547988
971,15,0.531294
972,1,0.521767
972,2,0.536737
972,3,0.460763
972,4,0.530367
972,5,0.457620
972,6,0.453269
972,7,0.551058
972,8,0.535135
972,9,0.520477
972,10,0.459058
972,11,0.534946
972,12,0.460763
972,13,0.520477
972,14,0.536217
972,15,0.521767
973,1,0.459411
973,2,0.536618
973,3,0.522955
973,4,0.520477
973,5,0.523217
973,6,0.509385
973,7,0.434589
973,8,0.461163
973,9,0.493604
973,10,0.217294
973,11,0.453644
973,12,0.526170
973,13,0.490220
973,14,0.549802
973,15,0.531294
974,1,0.530367
974,2,0.434589
974,3,0.453644
974,4,0.465280
974,5,0.364186
974,6,0.451927
974,7,0.500261
974,8,0.520477
974,9,0.458301
974,10,0.434589
974,11,0.523217
974,12,0.521767
974,13,0.434589
974,14,0.502867
974,15,0.520477
975,1,0.458301
975,2,0.343325
975,3,0.501691
975,4,0.434589
975,5,0.531294
975,6,0.521767
975,7,0.456642
975,8,0.497424
975,9,0.434589
975,10,0.453644
975,11,0.459411
975,12,0.529573
975,13,0.541934
975,14,0.306039
975,15,0.480579
976,1,0.474079
976,2,0.419837
976,3,0.456989
976,4,0.534946
976,5,0.434589
976,6,0.405085
976,7,0.466601
976,8,0.520477
976,9,0.489181
976,10,0.452819
976,11,0.479866
976,12,0.524523
976,13,0.535770
976,14,0.522955
976,15,0.521709
977,1,0.475782
977,2,0.511976
977,3,0.520813
977,4,0.458301
977,5,0.459058
977,6,0.451927
977,7,0.445859
977,8,0.515668
977,9,0.534946
977,10,0.471671
977,11,0.434589
977,12,0.431107
977,13,0.531294
977,14,0.530367
977,15,0.434589
978,1,0.456698
978,2,0.536737
978,3,0.531294
978,4,0.520813
978,5,0.521063
978,6,0.457267
978,7,0.524121
978,8,0.521258
978,9,0.522955
978,10,0.461186
978,11,0.535135
978,12,0.457093
978,13,0.405085
978,14,0.453644
978,15,0.473956
979,1,0.434589
979,2,0.521063
979,3,0.434589
979,4,0.453644
979,5,0.526170
979,6,0.434589
979,7,0.452355
979,8,0.434589
979,9,0.439641
979,10,0.493604
979,11,0.508587
979,12,0.521767
979,13,0.544783
979,14,0.524486
979,15,0.445859
980,1,0.453644
980,2,0.526170
980,3,0.434589
980,4,0.405085
980,5,0.453644
980,6,0.434589
980,7,0.456475
980,8,0.469356
980,9,0.488272
980,10,0.434589
980,11,0.441890
980,12,0.497287
980,13,0.519626
980,14,0.535135
980,15,0.471671
981,1,0.447546
981,2,0.434589
981,3,0.472792
981,4,0.434589
981,5,0.501076
981,6,0.457129
981,7,0.434589
981,8,0.520477
981,9,0.472792
981,10,0.419837
981,11,0.446717
981,12,0.535135
981,13,0.434589
981,14,0.520477
981,15,0.481201
982,1,0.535561
982,2,0.531294
982,3,0.456642
982,4,0.405085
982,5,0.405085
982,6,0.419837
982,7,0.405085
982,8,0.405085
982,9,0.453644
982,10,0.490375
982,11,0.521813
982,12,0.434589
982,13,0.452355
982,14,0.533704
982,15,0.521767
983,1,0.459411
983,2,0.434589
983,3,0.452673
983,4,0.449476
983,5,0.455411
983,6,0.536737
983,7,0.471671
983,8,0.434589
983,9,0.431107
983,10,0.531294
983,11,0.434589
983,12,0.501076
983,13,0.520477
983,14,0.521767
983,15,0.434589
984,1,0.520477
984,2,0.434589
984,3,0.512167
984,4,0.494842
984,5,0.343325
984,6,0.485829
984,7,0.520477
984,8,0.512790
984,9,0.520813
984,10,0.521767
984,11,0.434589
984,12,0.449266
984,13,0.497424
984,14,0.520813
984,15,0.456642
985,1,0.497424
985,2,0.493109
985,3,0.527747
985,4,0.450901
985,5,0.480626
985,6,0.506117
985,7,0.530507
985,8,0.434589
985,9,0.453644
985,10,0.457607
985,11,0.328787
985,12,0.429600
985,13,0.487234
985,14,0.536737
985,15,0.460763
986,1,0.530367
986,2,0.460145
986,3,0.530367
986,4,0.434589
986,5,0.520813
986,6,0.493834
986,7,0.543152
986,8,0.543716
986,9,0.576875
986,10,0.521133
986,11,0.553495
986,12,0.434589
986,13,0.405085
986,14,0.512167
986,15,0.461237
987,1,0.217294
987,2,0.479455
987,3,0.434589
987,4,0.454833
987,5,0.531294
987,6,0.531294
987,7,0.513670
987,8,0.534946
987,9,0.481802
987,10,0.451927
987,11,0.419837
987,12,0.421937
987,13,0.523217
987,14,0.534946
987,15,0.535135
988,1,0.522850
988,2,0.434589
988,3,0.431107
988,4,0.520477
988,5,0.523217
988,6,0.534946
988,7,0.468327
988,8,0.431107
988,9,0.501691
988,10,0.466824
988,11,0.451927
988,12,0.520973
988,13,0.445859
988,14,0.523217
988,15,0.459558
989,1,0.452960
989,2,0.453269
989,3,0.434589
989,4,0.461831
989,5,0.434589
989,6,0.501264
989,7,0.531294
989,8,0.521767
989,9,0.536737
989,10,0.535135
989,11,0.531294
989,12,0.521767
989,13,0.434589
989,14,0.405085
989,15,0.531294
990,1,0.521767
990,2,0.445859
990,3,0.405085
990,4,0.531294
990,5,0.534946
990,6,0.434589
990,7,0.405085
990,8,0.471671
990,9,0.434589
990,10,0.501076
990,11,0.522955
990,12,0.526170
990,13,0.456173
990,14,0.497424
990,15,0.520813
991,1,0.533704
991,2,0.457620
991,3,0.419837
991,4,0.452355
991,5,0.434589
991,6,0.499833
991,7,0.521767
991,8,0.434589
991,9,0.454604
991,10,0.456857
991,11,0.536737
991,12,0.466824
991,13,0.334984
991,14,0.429600
991,15,0.501691
992,1,0.457267
992,2,0.434589
992,3,0.501076
992,4,0.531294
992,5,0.469088
992,6,0.466679
992,7,0.466679
992,8,0.449266
992,9,0.405085
992,10,0.456857
992,11,0.531294
992,12,0.434589
992,13,0.501076
992,14,0.531294
992,15,0.521767
993,1,0.531294
993,2,0.457620
993,3,0.419837
993,4,0.431107
993,5,0.405085
993,6,0.471671
993,7,0.453269
993,8,0.484081
993,9,0.560633
993,10,0.534082
993,11,0.524121
993,12,0.520640
993,13,0.434589
993,14,0.452673
993,15,0.452355
994,1,0.511180
994,2,0.459058
994,3,0.521767
994,4,0.526170
994,5,0.492464
994,6,0.521767
994,7,0.526170
994,8,0.520477
994,9,0.489181
994,10,0.453270
994,11,0.411744
994,12,0.434589
994,13,0.520477
994,14,0.493297
994,15,0.471833
995,1,0.445859
995,2,0.405085
995,3,0.531294
995,4,0.521767
995,5,0.520477
995,6,0.505968
995,7,0.463437
995,8,0.524429
995,9,0.520477
995,10,0.546088
995,11,0.434589
995,12,0.458048
995,13,0.461831
995,14,0.453270
995,15,0.452355
996,1,0.508409
996,2,0.453270
996,3,0.432811
996,4,0.434589
996,5,0.456475
996,6,0.434589
996,7,0.458048
996,8,0.461831
996,9,0.530367
996,10,0.519457
996,11,0.530367
996,12,0.502677
996,13,0.535135
996,14,0.471671
996,15,0.454061
997,1,0.544118
997,2,0.526637
997,3,0.434589
997,4,0.453644
997,5,0.459411
997,6,0.528450
997,7,0.566706
997,8,0.566706
997,9,0.468795
997,10,0.446645
997,11,0.497424
997,12,0.460019
997,13,0.535135
997,14,0.531294
997,15,0.467425
998,1,0.456857
998,2,0.469356
998,3,0.531294
998,4,0.513670
998,5,0.533704
998,6,0.521767
998,7,0.434589
998,8,0.469356
998,9,0.452355
998,10,0.523217
998,11,0.434589
998,12,0.501076
998,13,0.481802
998,14,0.524980
998,15,0.466679
999,1,0.447546
999,2,0.462244
999,3,0.472434
999,4,0.540239
999,5,0.535561
999,6,0.520477
999,7,0.512790
999,8,0.534946
999,9,0.488479
999,10,0.520813
999,11,0.548001
999,12,0.531294
999,13,0.521767
999,14,0.520477
999,15,0.533704
1000,1,0.508124
1000,2,0.520813
1000,3,0.434589
1000,4,0.429401
1000,5,0.526170
1000,6,0.526170
1000,7,0.461831
1000,8,0.434589
1000,9,0.471671
1000,10,0.453269
1000,11,0.434589
1000,12,0.449266
1000,13,0.434589
1000,14,0.531294
1000,15,0.456642
1001,1,0.452690
1001,2,0.523905
1001,3,0.471360
1001,4,0.477319
1001,5,0.520813
1001,6,0.521767
1001,7,0.536737
1001,8,0.520477
1001,9,0.523217
1001,10,0.462244
1001,11,0.531294
1001,12,0.442102
1001,13,0.485419
1001,14,0.535135
1001,15,0.522955
1002,1,0.531294
1002,2,0.520813
1002,3,0.521767
1002,4,0.526170
1002,5,0.520477
1002,6,0.466824
1002,7,0.447546
1002,8,0.521767
1002,9,0.485880
1002,10,0.434589
1002,11,0.523507
1002,12,0.520477
1002,13,0.509730
1002,14,0.445859
1002,15,0.335949
1003,1,0.524980
1003,2,0.536737
1003,3,0.531294
1003,4,0.520813
1003,5,0.434589
1003,6,0.452355
1003,7,0.521767
1003,8,0.457607
1003,9,0.452355
1003,10,0.458749
1003,11,0.534946
1003,12,0.481802
1003,13,0.524980
1003,14,0.434589
1003,15,0.471671
1004,1,0.493604
1004,2,0.460019
1004,3,0.548126
1004,4,0.434589
1004,5,0.456475
1004,6,0.520477
1004,7,0.462244
1004,8,0.471671
1004,9,0.419837
1004,10,0.453269
1004,11,0.306039
1004,12,0.451927
1004,13,0.479484
1004,14,0.434589
1004,15,0.501076
1005,1,0.535135
1005,2,0.531294
1005,3,0.540846
1005,4,0.466824
1005,5,0.521767
1005,6,0.522701
1005,7,0.530367
1005,8,0.397650
1005,9,0.534946
1005,10,0.519583
1005,11,0.460145
1005,12,0.535135
1005,13,0.534221
1005,14,0.535135
1005,15,0.512959
1006,1,0.459083
1006,2,0.469356
1006,3,0.458090
1006,4,0.434589
1006,5,0.405085
1006,6,0.460637
1006,7,0.453270
1006,8,0.475747
1006,9,0.486590
1006,10,0.536737
1006,11,0.434589
1006,12,0.456919
1006,13,0.501076
1006,14,0.520477
1006,15,0.462380
1007,1,0.480236
1007,2,0.534946
1007,3,0.471671
1007,4,0.534946
1007,5,0.517036
1007,6,0.460763
1007,7,0.534946
1007,8,0.535135
1007,9,0.434589
1007,10,0.419837
1007,11,0.453644
1007,12,0.459411
1007,13,0.536737
1007,14,0.522955
1007,15,0.434589
1008,1,0.474717
1008,2,0.531294
1008,3,0.521767
1008,4,0.461831
1008,5,0.549802
1008,6,0.533775
1008,7,0.434589
1008,8,0.458048
1008,9,0.459411
1008,10,0.546563
1008,11,0.534052
1008,12,0.434589
1008,13,0.419837
1008,14,0.452355
1008,15,0.494540
1009,1,0.530367
1009,2,0.467425
1009,3,0.531294
1009,4,0.530367
1009,5,0.467425
1009,6,0.419837
1009,7,0.452355
1009,8,0.513993
1009,9,0.512790
1009,10,0.520813
1009,11,0.452458
1009,12,0.451927
1009,13,0.474816
1009,14,0.531294
1009,15,0.434589
1010,1,0.434589
1010,2,0.453644
1010,3,0.469356
1010,4,0.455031
1010,5,0.451801
1010,6,0.497424
1010,7,0.460019
1010,8,0.522955
1010,9,0.434589
1010,10,0.452355
1010,11,0.533704
1010,12,0.434589
1010,13,0.520477
1010,14,0.434589
1010,15,0.471671
1011,1,0.493604
1011,2,0.457620
1011,3,0.534946
1011,4,0.457129
1011,5,0.535135
1011,6,0.466824
1011,7,0.476909
1011,8,0.531294
1011,9,0.475608
1011,10,0.531294
1011,11,0.456698
1011,12,0.459058
1011,13,0.493604
1011,14,0.457620
1011,15,0.449266
1012,1,0.456857
1012,2,0.457761
1012,3,0.456857
1012,4,0.434589
1012,5,0.458048
1012,6,0.515102
1012,7,0.524486
1012,8,0.482488
1012,9,0.450445
1012,10,0.459320
1012,11,0.536737
1012,12,0.520477
1012,13,0.531294
1012,14,0.446717
1012,15,0.471671
1013,1,0.534946
1013,2,0.519457
1013,3,0.513183
1013,4,0.526170
1013,5,0.536505
1013,6,0.520477
1013,7,0.434589
1013,8,0.531294
1013,9,0.474816
1013,10,0.546088
1013,11,0.536505
1013,12,0.521767
1013,13,0.526170
1013,14,0.536737
1013,15,0.434589
1014,1,0.466752
1014,2,0.487815
1014,3,0.554898
1014,4,0.521767
1014,5,0.482941
1014,6,0.476909
1014,7,0.434589
1014,8,0.531294
1014,9,0.530367
1014,10,0.468157
1014,11,0.466679
1014,12,0.452851
1014,13,0.434589
1014,14,0.493478
1014,15,0.520477
