episode,step,reward
0,1,0.486746
0,2,0.520515
0,3,0.468327
0,4,0.432883
0,5,0.442959
0,6,0.463289
0,7,0.521225
0,8,0.502830
0,9,0.428745
0,10,0.463013
0,11,0.478981
0,12,0.443948
0,13,0.000000
0,14,0.499267
0,15,0.475784
1,1,0.443065
1,2,0.547988
1,3,0.458896
1,4,0.511888
1,5,0.493637
1,6,0.286981
1,7,0.411744
1,8,0.451512
1,9,0.443678
1,10,0.213177
1,11,0.466270
1,12,0.315997
1,13,0.503279
1,14,0.480839
1,15,0.491152
2,1,0.478611
2,2,0.459911
2,3,0.311439
2,4,0.474737
2,5,0.514986
2,6,0.492912
2,7,0.513014
2,8,0.518955
2,9,0.492014
2,10,0.457129
2,11,0.501586
2,12,0.511976
2,13,0.574110
2,14,0.531572
2,15,0.544584
3,1,0.449317
3,2,0.420338
3,3,0.429708
3,4,0.453644
3,5,0.485997
3,6,0.451758
3,7,0.477723
3,8,0.574110
3,9,0.496860
3,10,0.543460
3,11,0.529111
3,12,0.523109
3,13,0.458126
3,14,0.502835
3,15,0.508885
4,1,0.478606
4,2,0.336117
4,3,0.473095
4,4,0.457899
4,5,0.453575
4,6,0.452625
4,7,0.483527
4,8,0.493009
4,9,0.523751
4,10,0.512362
4,11,0.459361
4,12,0.469154
4,13,0.533703
4,14,0.510940
4,15,0.502924
5,1,0.510564
5,2,0.564999
5,3,0.459012
5,4,0.449870
5,5,0.440246
5,6,0.455097
5,7,0.434848
5,8,0.468333
5,9,0.462537
5,10,0.497013
5,11,0.454104
5,12,0.533129
5,13,0.504218
5,14,0.527957
5,15,0.539769
6,1,0.513694
6,2,0.558729
6,3,0.515801
6,4,0.488479
6,5,0.530389
6,6,0.495208
6,7,0.522860
6,8,0.539828
6,9,0.456865
6,10,0.521909
6,11,0.471962
6,12,0.441489
6,13,0.493825
6,14,0.492503
6,15,0.534661
7,1,0.470761
7,2,0.454984
7,3,0.499267
7,4,0.437131
7,5,0.515242
7,6,0.449476
7,7,0.413629
7,8,0.438821
7,9,0.490809
7,10,0.436104
7,11,0.307931
7,12,0.470068
7,13,0.525622
7,14,0.480839
7,15,0.521767
8,1,0.452414
8,2,0.504352
8,3,0.562031
8,4,0.438115
8,5,0.442108
8,6,0.472664
8,7,0.468795
8,8,0.455829
8,9,0.452939
8,10,0.497013
8,11,0.538354
8,12,0.513271
8,13,0.522587
8,14,0.576623
8,15,0.467940
9,1,0.489181
9,2,0.484219
9,3,0.486922
9,4,0.510590
9,5,0.493545
9,6,0.465129
9,7,0.493959
9,8,0.455176
9,9,0.474225
9,10,0.547988
9,11,0.490988
9,12,0.450618
9,13,0.482885
9,14,0.497804
9,15,0.507582
10,1,0.469548
10,2,0.425335
10,3,0.479149
10,4,0.520739
10,5,0.515493
10,6,0.574110
10,7,0.580866
10,8,0.513335
10,9,0.522257
10,10,0.305600
10,11,0.480329
10,12,0.521591
10,13,0.519325
10,14,0.488232
10,15,0.474318
11,1,0.492297
11,2,0.532282
11,3,0.537531
11,4,0.482278
11,5,0.475436
11,6,0.505068
11,7,0.469661
11,8,0.454561
11,9,0.479242
11,10,0.498171
11,11,0.476563
11,12,0.534492
11,13,0.532417
11,14,0.536395
11,15,0.463202
12,1,0.515290
12,2,0.537086
12,3,0.504531
12,4,0.529819
12,5,0.542410
12,6,0.535355
12,7,0.470533
12,8,0.462521
12,9,0.475378
12,10,0.467425
12,11,0.465754
12,12,0.496471
12,13,0.493255
12,14,0.484081
12,15,0.434589
13,1,0.531294
13,2,0.380913
13,3,0.521767
13,4,0.498995
13,5,0.535004
13,6,0.527255
13,7,0.480851
13,8,0.561276
13,9,0.426354
13,10,0.483348
13,11,0.439033
13,12,0.443143
13,13,0.441975
13,14,0.452850
13,15,0.468956
14,1,0.489005
14,2,0.453502
14,3,0.497225
14,4,0.535770
14,5,0.533703
14,6,0.534394
14,7,0.309364
14,8,0.463564
14,9,0.482810
14,10,0.495181
14,11,0.405085
14,12,0.499497
14,13,0.460733
14,14,0.506765
14,15,0.481063
15,1,0.467425
15,2,0.476958
15,3,0.519325
15,4,0.426354
15,5,0.489180
15,6,0.483975
15,7,0.479242
15,8,0.498711
15,9,0.490625
15,10,0.493572
15,11,0.507746
15,12,0.454021
15,13,0.468327
15,14,0.428889
15,15,0.484904
16,1,0.574110
16,2,0.486169
16,3,0.450825
16,4,0.453805
16,5,0.476034
16,6,0.503238
16,7,0.462638
16,8,0.532282
16,9,0.516911
16,10,0.447198
16,11,0.450804
16,12,0.439080
16,13,0.482987
16,14,0.520804
16,15,0.448498
17,1,0.471671
17,2,0.466679
17,3,0.401467
17,4,0.355425
17,5,0.466410
17,6,0.444929
17,7,0.456090
17,8,0.479345
17,9,0.491423
17,10,0.525622
17,11,0.430471
17,12,0.501634
17,13,0.501399
17,14,0.474795
17,15,0.522493
18,1,0.434589
18,2,0.500406
18,3,0.472325
18,4,0.533569
18,5,0.467654
18,6,0.217795
18,7,0.459579
18,8,0.456711
18,9,0.493479
18,10,0.429459
18,11,0.475822
18,12,0.547988
18,13,0.461805
18,14,0.478270
18,15,0.500011
19,1,0.481201
19,2,0.455411
19,3,0.448137
19,4,0.333382
19,5,0.457022
19,6,0.457424
19,7,0.430390
19,8,0.466655
19,9,0.487116
19,10,0.470767
19,11,0.490398
19,12,0.434589
19,13,0.497922
19,14,0.516597
19,15,0.467123
20,1,0.481201
20,2,0.455998
20,3,0.246251
20,4,0.496446
20,5,0.485243
20,6,0.469272
20,7,0.453671
20,8,0.436143
20,9,0.445785
20,10,0.460456
20,11,0.503025
20,12,0.493683
20,13,0.511945
20,14,0.498445
20,15,0.536433
21,1,0.473956
21,2,0.562031
21,3,0.531267
21,4,0.555735
21,5,0.515813
21,6,0.504924
21,7,0.524174
21,8,0.456180
21,9,0.503111
21,10,0.482723
21,11,0.497094
21,12,0.523915
21,13,0.317600
21,14,0.484499
21,15,0.493812
22,1,0.474816
22,2,0.525419
22,3,0.536961
22,4,0.476754
22,5,0.447080
22,6,0.485647
22,7,0.461451
22,8,0.230900
22,9,0.533882
22,10,0.486785
22,11,0.516035
22,12,0.553196
22,13,0.579136
22,14,0.471050
22,15,0.529648
23,1,0.529648
23,2,0.515425
23,3,0.489768
23,4,0.549805
23,5,0.442844
23,6,0.463293
23,7,0.463907
23,8,0.496331
23,9,0.380913
23,10,0.579701
23,11,0.459874
23,12,0.485581
23,13,0.471418
23,14,0.469271
23,15,0.468424
24,1,0.471671
24,2,0.451927
24,3,0.393469
24,4,0.217294
24,5,0.456211
24,6,0.457720
24,7,0.448373
24,8,0.463839
24,9,0.458199
24,10,0.447495
24,11,0.450920
24,12,0.472585
24,13,0.451175
24,14,0.422172
24,15,0.456411
25,1,0.489005
25,2,0.576623
25,3,0.529730
25,4,0.536464
25,5,0.550259
25,6,0.542761
25,7,0.528381
25,8,0.463273
25,9,0.543005
25,10,0.456760
25,11,0.499109
25,12,0.464786
25,13,0.500708
25,14,0.575457
25,15,0.490267
26,1,0.495545
26,2,0.547988
26,3,0.492966
26,4,0.481593
26,5,0.515364
26,6,0.447664
26,7,0.512943
26,8,0.437609
26,9,0.422172
26,10,0.451081
26,11,0.505529
26,12,0.502558
26,13,0.506124
26,14,0.531964
26,15,0.535596
27,1,0.456642
27,2,0.485829
27,3,0.442047
27,4,0.482697
27,5,0.489744
27,6,0.459097
27,7,0.454745
27,8,0.484655
27,9,0.454205
27,10,0.453469
27,11,0.466021
27,12,0.451321
27,13,0.484241
27,14,0.463174
27,15,0.492761
28,1,0.492131
28,2,0.492632
28,3,0.534323
28,4,0.484802
28,5,0.538702
28,6,0.497094
28,7,0.434589
28,8,0.539178
28,9,0.479866
28,10,0.510381
28,11,0.530367
28,12,0.461519
28,13,0.509697
28,14,0.549802
28,15,0.455326
29,1,0.478695
29,2,0.315997
29,3,0.470953
29,4,0.503031
29,5,0.457620
29,6,0.471228
29,7,0.450510
29,8,0.456439
29,9,0.441496
29,10,0.448138
29,11,0.450169
29,12,0.482815
29,13,0.491044
29,14,0.497284
29,15,0.574110
30,1,0.459310
30,2,0.494330
30,3,0.445859
30,4,0.484157
30,5,0.507686
30,6,0.503231
30,7,0.579136
30,8,0.539797
30,9,0.496160
30,10,0.461315
30,11,0.476730
30,12,0.498445
30,13,0.474799
30,14,0.468001
30,15,0.464434
31,1,0.463993
31,2,0.511077
31,3,0.305162
31,4,0.493604
31,5,0.473190
31,6,0.491360
31,7,0.467693
31,8,0.464547
31,9,0.452551
31,10,0.417547
31,11,0.532549
31,12,0.486033
31,13,0.500336
31,14,0.498445
31,15,0.459428
32,1,0.486746
32,2,0.426354
32,3,0.457525
32,4,0.485181
32,5,0.426527
32,6,0.525622
32,7,0.426354
32,8,0.534946
32,9,0.481123
32,10,0.532282
32,11,0.456706
32,12,0.000000
32,13,0.476442
32,14,0.467082
32,15,0.469600
33,1,0.486746
33,2,0.456151
33,3,0.506369
33,4,0.511077
33,5,0.484293
33,6,0.451974
33,7,0.497013
33,8,0.499338
33,9,0.512949
33,10,0.511002
33,11,0.497733
33,12,0.497549
33,13,0.520004
33,14,0.439612
33,15,0.369314
34,1,0.521122
34,2,0.470092
34,3,0.217795
34,4,0.479897
34,5,0.489014
34,6,0.499973
34,7,0.426354
34,8,0.526141
34,9,0.492358
34,10,0.543633
34,11,0.556584
34,12,0.463483
34,13,0.472215
34,14,0.455778
34,15,0.487900
35,1,0.548001
35,2,0.508753
35,3,0.479597
35,4,0.475983
35,5,0.574110
35,6,0.496676
35,7,0.513674
35,8,0.438214
35,9,0.254376
35,10,0.474767
35,11,0.444743
35,12,0.483348
35,13,0.482500
35,14,0.513434
35,15,0.504969
36,1,0.459310
36,2,0.446717
36,3,0.447546
36,4,0.467171
36,5,0.505505
36,6,0.497918
36,7,0.528952
36,8,0.459189
36,9,0.457224
36,10,0.489970
36,11,0.510400
36,12,0.462563
36,13,0.473624
36,14,0.474161
36,15,0.473884
37,1,0.489005
37,2,0.457620
37,3,0.533639
37,4,0.432030
37,5,0.444870
37,6,0.466679
37,7,0.475899
37,8,0.426354
37,9,0.468327
37,10,0.437995
37,11,0.446743
37,12,0.516420
37,13,0.448156
37,14,0.270057
37,15,0.481325
38,1,0.475183
38,2,0.504735
38,3,0.466940
38,4,0.506369
38,5,0.485220
38,6,0.493393
38,7,0.511358
38,8,0.465505
38,9,0.463481
38,10,0.482003
38,11,0.503766
38,12,0.516894
38,13,0.549866
38,14,0.464078
38,15,0.476554
39,1,0.481201
39,2,0.432130
39,3,0.434589
39,4,0.503250
39,5,0.499849
39,6,0.525622
39,7,0.503420
39,8,0.534221
39,9,0.494332
39,10,0.462074
39,11,0.469643
39,12,0.529343
39,13,0.466626
39,14,0.462167
39,15,0.438662
40,1,0.512167
40,2,0.475782
40,3,0.475124
40,4,0.477893
40,5,0.513671
40,6,0.508800
40,7,0.457620
40,8,0.501971
40,9,0.469663
40,10,0.448217
40,11,0.504660
40,12,0.505822
40,13,0.457120
40,14,0.532282
40,15,0.460750
41,1,0.380913
41,2,0.530507
41,3,0.343826
41,4,0.459035
41,5,0.460779
41,6,0.454104
41,7,0.478366
41,8,0.490570
41,9,0.408216
41,10,0.466124
41,11,0.484756
41,12,0.514248
41,13,0.500715
41,14,0.494421
41,15,0.546258
42,1,0.442102
42,2,0.453644
42,3,0.488479
42,4,0.434589
42,5,0.405085
42,6,0.315755
42,7,0.534939
42,8,0.484629
42,9,0.478580
42,10,0.520157
42,11,0.522483
42,12,0.492524
42,13,0.506101
42,14,0.527181
42,15,0.500414
43,1,0.463993
43,2,0.501793
43,3,0.498979
43,4,0.498546
43,5,0.439841
43,6,0.492441
43,7,0.453805
43,8,0.574110
43,9,0.479354
43,10,0.535702
43,11,0.512812
43,12,0.574110
43,13,0.561723
43,14,0.535754
43,15,0.539655
44,1,0.530507
44,2,0.482822
44,3,0.464557
44,4,0.465666
44,5,0.502039
44,6,0.446254
44,7,0.499699
44,8,0.461770
44,9,0.500750
44,10,0.496718
44,11,0.451393
44,12,0.489530
44,13,0.467030
44,14,0.444898
44,15,0.499248
45,1,0.460637
45,2,0.576623
45,3,0.536464
45,4,0.495181
45,5,0.532558
45,6,0.434589
45,7,0.540239
45,8,0.455521
45,9,0.525622
45,10,0.489402
45,11,0.517837
45,12,0.509453
45,13,0.438214
45,14,0.455629
45,15,0.484742
46,1,0.464451
46,2,0.522663
46,3,0.464209
46,4,0.460648
46,5,0.467991
46,6,0.461697
46,7,0.475826
46,8,0.488479
46,9,0.519717
46,10,0.311950
46,11,0.497013
46,12,0.448406
46,13,0.472510
46,14,0.495717
46,15,0.000000
47,1,0.515290
47,2,0.483618
47,3,0.495071
47,4,0.484081
47,5,0.456863
47,6,0.434589
47,7,0.462846
47,8,0.479866
47,9,0.468485
47,10,0.509193
47,11,0.474218
47,12,0.463671
47,13,0.447241
47,14,0.491684
47,15,0.489524
48,1,0.521122
48,2,0.511180
48,3,0.470626
48,4,0.458794
48,5,0.471915
48,6,0.478806
48,7,0.501506
48,8,0.506643
48,9,0.574110
48,10,0.517837
48,11,0.437339
48,12,0.455761
48,13,0.482296
48,14,0.455234
48,15,0.476463
49,1,0.463993
49,2,0.501691
49,3,0.000000
49,4,0.492148
49,5,0.529096
49,6,0.435590
49,7,0.477478
49,8,0.497430
49,9,0.455366
49,10,0.499727
49,11,0.506369
49,12,0.547988
49,13,0.470488
49,14,0.493604
49,15,0.513402
50,1,0.529648
50,2,0.380913
50,3,0.500261
50,4,0.473996
50,5,0.498123
50,6,0.483527
50,7,0.505822
50,8,0.470750
50,9,0.579701
50,10,0.527679
50,11,0.469856
50,12,0.492944
50,13,0.517134
50,14,0.490367
50,15,0.530531
51,1,0.489005
51,2,0.495780
51,3,0.564999
51,4,0.521476
51,5,0.504524
51,6,0.520780
51,7,0.449549
51,8,0.579701
51,9,0.541932
51,10,0.512845
51,11,0.502064
51,12,0.493006
51,13,0.492464
51,14,0.241763
51,15,0.514221
52,1,0.492966
52,2,0.492297
52,3,0.532282
52,4,0.552662
52,5,0.453735
52,6,0.511077
52,7,0.452529
52,8,0.541806
52,9,0.492250
52,10,0.531474
52,11,0.535920
52,12,0.497891
52,13,0.369535
52,14,0.451422
52,15,0.434145
53,1,0.548001
53,2,0.492320
53,3,0.521831
53,4,0.475787
53,5,0.457720
53,6,0.454709
53,7,0.472356
53,8,0.456054
53,9,0.520660
53,10,0.465281
53,11,0.477431
53,12,0.534611
53,13,0.519582
53,14,0.543300
53,15,0.497711
54,1,0.530507
54,2,0.435590
54,3,0.475553
54,4,0.448318
54,5,0.534939
54,6,0.454439
54,7,0.492443
54,8,0.501901
54,9,0.489523
54,10,0.492148
54,11,0.491437
54,12,0.495194
54,13,0.518005
54,14,0.496763
54,15,0.547988
55,1,0.494256
55,2,0.458415
55,3,0.334986
55,4,0.405085
55,5,0.450722
55,6,0.503522
55,7,0.501971
55,8,0.512904
55,9,0.533703
55,10,0.535965
55,11,0.565180
55,12,0.479968
55,13,0.481459
55,14,0.504352
55,15,0.462241
56,1,0.458765
56,2,0.249384
56,3,0.500261
56,4,0.485603
56,5,0.475101
56,6,0.460117
56,7,0.538580
56,8,0.499226
56,9,0.498482
56,10,0.490702
56,11,0.494926
56,12,0.495156
56,13,0.480166
56,14,0.459681
56,15,0.452159
57,1,0.495783
57,2,0.467425
57,3,0.202543
57,4,0.484204
57,5,0.463149
57,6,0.504380
57,7,0.531964
57,8,0.453327
57,9,0.460460
57,10,0.000000
57,11,0.492854
57,12,0.477173
57,13,0.455322
57,14,0.478576
57,15,0.464774
58,1,0.530507
58,2,0.506438
58,3,0.495768
58,4,0.485880
58,5,0.430471
58,6,0.425800
58,7,0.436657
58,8,0.492966
58,9,0.504352
58,10,0.524296
58,11,0.353676
58,12,0.470898
58,13,0.485188
58,14,0.460738
58,15,0.508795
59,1,0.458765
59,2,0.485419
59,3,0.464237
59,4,0.467136
59,5,0.515707
59,6,0.498139
59,7,0.495071
59,8,0.465281
59,9,0.458242
59,10,0.453502
59,11,0.459622
59,12,0.506369
59,13,0.509463
59,14,0.495339
59,15,0.542288
60,1,0.521767
60,2,0.504352
60,3,0.474714
60,4,0.498527
60,5,0.479815
60,6,0.465062
60,7,0.448862
60,8,0.472379
60,9,0.475139
60,10,0.549866
60,11,0.448651
60,12,0.453442
60,13,0.513402
60,14,0.217294
60,15,0.524980
61,1,0.458765
61,2,0.436810
61,3,0.506085
61,4,0.339657
61,5,0.480211
61,6,0.476413
61,7,0.456438
61,8,0.467371
61,9,0.451364
61,10,0.453278
61,11,0.405085
61,12,0.471647
61,13,0.438809
61,14,0.499501
61,15,0.514648
62,1,0.434589
62,2,0.446717
62,3,0.484233
62,4,0.525573
62,5,0.533073
62,6,0.465883
62,7,0.456871
62,8,0.495768
62,9,0.496160
62,10,0.529648
62,11,0.474283
62,12,0.490867
62,13,0.493297
62,14,0.496160
62,15,0.486043
63,1,0.495783
63,2,0.497922
63,3,0.455372
63,4,0.456919
63,5,0.450067
63,6,0.491427
63,7,0.498768
63,8,0.518950
63,9,0.421182
63,10,0.496160
63,11,0.531036
63,12,0.444408
63,13,0.476372
63,14,0.468084
63,15,0.495764
64,1,0.547988
64,2,0.486446
64,3,0.473126
64,4,0.483275
64,5,0.411744
64,6,0.485206
64,7,0.532644
64,8,0.460193
64,9,0.497013
64,10,0.518246
64,11,0.491312
64,12,0.530367
64,13,0.506124
64,14,0.451497
64,15,0.441073
65,1,0.510413
65,2,0.464209
65,3,0.496877
65,4,0.438227
65,5,0.488479
65,6,0.485806
65,7,0.500784
65,8,0.492524
65,9,0.536797
65,10,0.491437
65,11,0.499727
65,12,0.471531
65,13,0.524429
65,14,0.525622
65,15,0.510494
66,1,0.512167
66,2,0.463437
66,3,0.524344
66,4,0.483761
66,5,0.540622
66,6,0.530869
66,7,0.295229
66,8,0.471510
66,9,0.488684
66,10,0.501472
66,11,0.500715
66,12,0.462678
66,13,0.457731
66,14,0.513402
66,15,0.533636
67,1,0.464451
67,2,0.500261
67,3,0.474496
67,4,0.498822
67,5,0.501559
67,6,0.459712
67,7,0.533129
67,8,0.574110
67,9,0.517833
67,10,0.510903
67,11,0.497733
67,12,0.445859
67,13,0.502170
67,14,0.492993
67,15,0.512772
68,1,0.500261
68,2,0.522729
68,3,0.380913
68,4,0.537456
68,5,0.450901
68,6,0.506369
68,7,0.463353
68,8,0.495194
68,9,0.463179
68,10,0.524679
68,11,0.494983
68,12,0.434589
68,13,0.471234
68,14,0.495831
68,15,0.460443
69,1,0.495783
69,2,0.445859
69,3,0.485045
69,4,0.454817
69,5,0.496596
69,6,0.513978
69,7,0.464361
69,8,0.494803
69,9,0.531294
69,10,0.508571
69,11,0.497275
69,12,0.486104
69,13,0.495005
69,14,0.499727
69,15,0.496863
70,1,0.445859
70,2,0.474943
70,3,0.496160
70,4,0.466638
70,5,0.497642
70,6,0.473422
70,7,0.450901
70,8,0.491453
70,9,0.520639
70,10,0.470389
70,11,0.490608
70,12,0.544512
70,13,0.461636
70,14,0.540988
70,15,0.535868
71,1,0.545566
71,2,0.495545
71,3,0.470376
71,4,0.482254
71,5,0.481921
71,6,0.448529
71,7,0.458128
71,8,0.485116
71,9,0.467711
71,10,0.504123
71,11,0.533391
71,12,0.520223
71,13,0.508252
71,14,0.471098
71,15,0.462393
72,1,0.456480
72,2,0.513402
72,3,0.470342
72,4,0.500704
72,5,0.333443
72,6,0.502279
72,7,0.516764
72,8,0.508799
72,9,0.457740
72,10,0.426354
72,11,0.480060
72,12,0.456857
72,13,0.482783
72,14,0.501054
72,15,0.501506
73,1,0.467425
73,2,0.473956
73,3,0.538357
73,4,0.533704
73,5,0.540846
73,6,0.535734
73,7,0.496160
73,8,0.471671
73,9,0.423462
73,10,0.501134
73,11,0.461273
73,12,0.518306
73,13,0.468327
73,14,0.534767
73,15,0.540358
74,1,0.495545
74,2,0.520477
74,3,0.484272
74,4,0.554919
74,5,0.500261
74,6,0.511180
74,7,0.448817
74,8,0.512790
74,9,0.513402
74,10,0.513634
74,11,0.552379
74,12,0.575087
74,13,0.501971
74,14,0.482488
74,15,0.540239
75,1,0.515290
75,2,0.500261
75,3,0.519867
75,4,0.539334
75,5,0.496676
75,6,0.554919
75,7,0.513452
75,8,0.498435
75,9,0.374935
75,10,0.452848
75,11,0.428551
75,12,0.413572
75,13,0.461451
75,14,0.478318
75,15,0.523217
76,1,0.492131
76,2,0.464594
76,3,0.512273
76,4,0.000000
76,5,0.511288
76,6,0.440235
76,7,0.478691
76,8,0.446165
76,9,0.479316
76,10,0.434589
76,11,0.405085
76,12,0.493542
76,13,0.496160
76,14,0.457456
76,15,0.540239
77,1,0.479353
77,2,0.459058
77,3,0.493468
77,4,0.504352
77,5,0.498385
77,6,0.547224
77,7,0.000000
77,8,0.480146
77,9,0.547988
77,10,0.498435
77,11,0.523449
77,12,0.493297
77,13,0.495194
77,14,0.464032
77,15,0.502906
78,1,0.508753
78,2,0.445859
78,3,0.351029
78,4,0.467369
78,5,0.468989
78,6,0.454125
78,7,0.498822
78,8,0.470761
78,9,0.494576
78,10,0.468910
78,11,0.521932
78,12,0.498975
78,13,0.508651
78,14,0.555555
78,15,0.468827
79,1,0.443065
79,2,0.541953
79,3,0.458856
79,4,0.475619
79,5,0.488825
79,6,0.468877
79,7,0.496676
79,8,0.249217
79,9,0.520594
79,10,0.496195
79,11,0.465088
79,12,0.454768
79,13,0.501403
79,14,0.494965
79,15,0.490167
80,1,0.463993
80,2,0.464246
80,3,0.497287
80,4,0.440037
80,5,0.489970
80,6,0.453424
80,7,0.512833
80,8,0.500090
80,9,0.514134
80,10,0.498901
80,11,0.495156
80,12,0.549036
80,13,0.467158
80,14,0.498081
80,15,0.553205
81,1,0.510413
81,2,0.431515
81,3,0.460779
81,4,0.497430
81,5,0.463013
81,6,0.522232
81,7,0.488298
81,8,0.545566
81,9,0.485489
81,10,0.532282
81,11,0.474706
81,12,0.463343
81,13,0.467445
81,14,0.455326
81,15,0.547988
82,1,0.495783
82,2,0.442102
82,3,0.455247
82,4,0.499727
82,5,0.498081
82,6,0.481395
82,7,0.494983
82,8,0.502170
82,9,0.544432
82,10,0.449317
82,11,0.473400
82,12,0.501266
82,13,0.493297
82,14,0.475213
82,15,0.551505
83,1,0.504507
83,2,0.497013
83,3,0.457129
83,4,0.434589
83,5,0.462027
83,6,0.441340
83,7,0.459465
83,8,0.473753
83,9,0.458510
83,10,0.502366
83,11,0.493683
83,12,0.484747
83,13,0.465326
83,14,0.465731
83,15,0.423296
84,1,0.495545
84,2,0.473956
84,3,0.501399
84,4,0.498901
84,5,0.241763
84,6,0.515668
84,7,0.457414
84,8,0.431041
84,9,0.275752
84,10,0.429531
84,11,0.497013
84,12,0.456752
84,13,0.499727
84,14,0.506117
84,15,0.498081
85,1,0.445859
85,2,0.471671
85,3,0.495545
85,4,0.465922
85,5,0.512291
85,6,0.497094
85,7,0.520477
85,8,0.497922
85,9,0.521612
85,10,0.496562
85,11,0.434096
85,12,0.499840
85,13,0.493791
85,14,0.496160
85,15,0.467503
86,1,0.436940
86,2,0.547172
86,3,0.450990
86,4,0.459244
86,5,0.497833
86,6,0.540846
86,7,0.524523
86,8,0.456070
86,9,0.491818
86,10,0.547988
86,11,0.488298
86,12,0.493072
86,13,0.289726
86,14,0.451460
86,15,0.497287
87,1,0.495783
87,2,0.489100
87,3,0.496160
87,4,0.466638
87,5,0.498278
87,6,0.493545
87,7,0.534411
87,8,0.480650
87,9,0.500447
87,10,0.465934
87,11,0.543157
87,12,0.485309
87,13,0.455019
87,14,0.476800
87,15,0.458242
88,1,0.495545
88,2,0.457129
88,3,0.516144
88,4,0.459168
88,5,0.462475
88,6,0.468120
88,7,0.463720
88,8,0.468711
88,9,0.476629
88,10,0.474269
88,11,0.489386
88,12,0.481361
88,13,0.496676
88,14,0.531289
88,15,0.458120
89,1,0.495545
89,2,0.499364
89,3,0.473907
89,4,0.498768
89,5,0.477586
89,6,0.496676
89,7,0.531753
89,8,0.524111
89,9,0.523135
89,10,0.464885
89,11,0.451953
89,12,0.495589
89,13,0.506369
89,14,0.466383
89,15,0.405085
90,1,0.475183
90,2,0.459320
90,3,0.494117
90,4,0.451069
90,5,0.463012
90,6,0.574110
90,7,0.499364
90,8,0.475599
90,9,0.446165
90,10,0.507416
90,11,0.468425
90,12,0.479866
90,13,0.483528
90,14,0.537327
90,15,0.519105
91,1,0.485880
91,2,0.531079
91,3,0.549866
91,4,0.530461
91,5,0.445861
91,6,0.449062
91,7,0.439913
91,8,0.447196
91,9,0.489335
91,10,0.443200
91,11,0.492148
91,12,0.540239
91,13,0.254376
91,14,0.498624
91,15,0.462561
92,1,0.489181
92,2,0.469752
92,3,0.500440
92,4,0.411744
92,5,0.503353
92,6,0.523217
92,7,0.493441
92,8,0.458400
92,9,0.495156
92,10,0.524004
92,11,0.520124
92,12,0.442844
92,13,0.454875
92,14,0.497013
92,15,0.523217
93,1,0.456475
93,2,0.306039
93,3,0.446836
93,4,0.499364
93,5,0.466866
93,6,0.496817
93,7,0.542116
93,8,0.471671
93,9,0.498283
93,10,0.506369
93,11,0.371619
93,12,0.502064
93,13,0.499683
93,14,0.498768
93,15,0.504620
94,1,0.521122
94,2,0.511180
94,3,0.471395
94,4,0.456780
94,5,0.514107
94,6,0.464197
94,7,0.476214
94,8,0.478394
94,9,0.441697
94,10,0.471586
94,11,0.455646
94,12,0.462416
94,13,0.417197
94,14,0.545137
94,15,0.463974
95,1,0.547988
95,2,0.532282
95,3,0.500261
95,4,0.519867
95,5,0.480650
95,6,0.519906
95,7,0.435590
95,8,0.439897
95,9,0.427338
95,10,0.465315
95,11,0.521846
95,12,0.461608
95,13,0.487807
95,14,0.533967
95,15,0.528923
96,1,0.529648
96,2,0.498445
96,3,0.452414
96,4,0.493727
96,5,0.541922
96,6,0.529434
96,7,0.519197
96,8,0.522308
96,9,0.504352
96,10,0.536505
96,11,0.533704
96,12,0.437275
96,13,0.543944
96,14,0.530733
96,15,0.497733
97,1,0.508753
97,2,0.463495
97,3,0.525421
97,4,0.333611
97,5,0.485647
97,6,0.506442
97,7,0.483585
97,8,0.426354
97,9,0.430537
97,10,0.504123
97,11,0.549721
97,12,0.537488
97,13,0.548281
97,14,0.497922
97,15,0.457620
98,1,0.510413
98,2,0.525622
98,3,0.540988
98,4,0.512790
98,5,0.522955
98,6,0.307178
98,7,0.495768
98,8,0.501765
98,9,0.489961
98,10,0.462074
98,11,0.453285
98,12,0.492250
98,13,0.524795
98,14,0.499972
98,15,0.490798
99,1,0.500261
99,2,0.513402
99,3,0.503279
99,4,0.508587
99,5,0.537823
99,6,0.504123
99,7,0.464270
99,8,0.445093
99,9,0.465593
99,10,0.478337
99,11,0.406025
99,12,0.467746
99,13,0.509059
99,14,0.547988
99,15,0.471824
100,1,0.495783
100,2,0.479597
100,3,0.574110
100,4,0.509726
100,5,0.472948
100,6,0.485318
100,7,0.481361
100,8,0.444649
100,9,0.455558
100,10,0.516817
100,11,0.457767
100,12,0.460538
100,13,0.510400
100,14,0.453805
100,15,0.453424
101,1,0.489181
101,2,0.492966
101,3,0.564999
101,4,0.497922
101,5,0.497891
101,6,0.501863
101,7,0.519394
101,8,0.495212
101,9,0.490988
101,10,0.530036
101,11,0.479057
101,12,0.499727
101,13,0.470051
101,14,0.448366
101,15,0.468499
102,1,0.474816
102,2,0.504123
102,3,0.549859
102,4,0.555555
102,5,0.534495
102,6,0.534042
102,7,0.494332
102,8,0.485899
102,9,0.463451
102,10,0.522955
102,11,0.497891
102,12,0.489870
102,13,0.498310
102,14,0.498283
102,15,0.493637
103,1,0.473956
103,2,0.496995
103,3,0.555991
103,4,0.512493
103,5,0.505338
103,6,0.454283
103,7,0.579136
103,8,0.491437
103,9,0.528096
103,10,0.458975
103,11,0.547988
103,12,0.497013
103,13,0.498189
103,14,0.497430
103,15,0.498310
104,1,0.500261
104,2,0.524980
104,3,0.522521
104,4,0.454711
104,5,0.499683
104,6,0.519178
104,7,0.497013
104,8,0.514107
104,9,0.537463
104,10,0.472155
104,11,0.459025
104,12,0.470976
104,13,0.338584
104,14,0.455013
104,15,0.490487
105,1,0.475183
105,2,0.517321
105,3,0.477626
105,4,0.574110
105,5,0.494332
105,6,0.542640
105,7,0.497430
105,8,0.532282
105,9,0.254339
105,10,0.495444
105,11,0.296204
105,12,0.473633
105,13,0.455782
105,14,0.511051
105,15,0.496160
106,1,0.515290
106,2,0.469302
106,3,0.506369
106,4,0.526857
106,5,0.473115
106,6,0.495545
106,7,0.337507
106,8,0.504352
106,9,0.488947
106,10,0.499364
106,11,0.534471
106,12,0.496160
106,13,0.453270
106,14,0.493006
106,15,0.501248
107,1,0.495545
107,2,0.504123
107,3,0.492966
107,4,0.523217
107,5,0.462111
107,6,0.496676
107,7,0.547988
107,8,0.493644
107,9,0.525320
107,10,0.500346
107,11,0.465088
107,12,0.502311
107,13,0.494586
107,14,0.522553
107,15,0.503998
108,1,0.479353
108,2,0.553196
108,3,0.426354
108,4,0.304668
108,5,0.473095
108,6,0.495783
108,7,0.503028
108,8,0.517459
108,9,0.455255
108,10,0.479866
108,11,0.469631
108,12,0.457882
108,13,0.457512
108,14,0.505822
108,15,0.496008
109,1,0.495783
109,2,0.479597
109,3,0.512049
109,4,0.491427
109,5,0.338176
109,6,0.453268
109,7,0.466265
109,8,0.495156
109,9,0.488255
109,10,0.533129
109,11,0.452042
109,12,0.446026
109,13,0.468211
109,14,0.497414
109,15,0.500227
110,1,0.456642
110,2,0.437995
110,3,0.501971
110,4,0.508817
110,5,0.489523
110,6,0.533703
110,7,0.531842
110,8,0.496160
110,9,0.530336
110,10,0.497891
110,11,0.531474
110,12,0.497891
110,13,0.553196
110,14,0.515339
110,15,0.458749
111,1,0.512167
111,2,0.499335
111,3,0.504352
111,4,0.547988
111,5,0.498901
111,6,0.480044
111,7,0.494447
111,8,0.494803
111,9,0.498081
111,10,0.505822
111,11,0.508197
111,12,0.495570
111,13,0.547988
111,14,0.503632
111,15,0.533230
112,1,0.479353
112,2,0.562031
112,3,0.500261
112,4,0.488479
112,5,0.541212
112,6,0.553196
112,7,0.533703
112,8,0.488479
112,9,0.495783
112,10,0.480650
112,11,0.497922
112,12,0.504123
112,13,0.547988
112,14,0.506560
112,15,0.495768
113,1,0.443065
113,2,0.495783
113,3,0.471951
113,4,0.479498
113,5,0.456452
113,6,0.478585
113,7,0.476554
113,8,0.497013
113,9,0.521405
113,10,0.442973
113,11,0.485968
113,12,0.522297
113,13,0.497922
113,14,0.488954
113,15,0.471908
114,1,0.471671
114,2,0.495545
114,3,0.432130
114,4,0.499364
114,5,0.547988
114,6,0.471671
114,7,0.502064
114,8,0.499727
114,9,0.505106
114,10,0.533129
114,11,0.489961
114,12,0.459847
114,13,0.497642
114,14,0.422433
114,15,0.487799
115,1,0.443065
115,2,0.449943
115,3,0.475260
115,4,0.484655
115,5,0.504352
115,6,0.544883
115,7,0.525622
115,8,0.471050
115,9,0.501971
115,10,0.314447
115,11,0.503522
115,12,0.519325
115,13,0.499514
115,14,0.518987
115,15,0.520477
116,1,0.397650
116,2,0.500261
116,3,0.501971
116,4,0.496240
116,5,0.488067
116,6,0.541837
116,7,0.516007
116,8,0.515858
116,9,0.435590
116,10,0.508160
116,11,0.452033
116,12,0.497156
116,13,0.431107
116,14,0.501223
116,15,0.500704
117,1,0.495545
117,2,0.467836
117,3,0.249384
117,4,0.506369
117,5,0.438353
117,6,0.492659
117,7,0.467442
117,8,0.500391
117,9,0.493604
117,10,0.495212
117,11,0.457456
117,12,0.506369
117,13,0.454104
117,14,0.495783
117,15,0.502064
118,1,0.506026
118,2,0.441839
118,3,0.468327
118,4,0.503154
118,5,0.505089
118,6,0.503361
118,7,0.530632
118,8,0.500983
118,9,0.460387
118,10,0.504352
118,11,0.505529
118,12,0.517289
118,13,0.494746
118,14,0.535463
118,15,0.536883
119,1,0.434589
119,2,0.492478
119,3,0.530389
119,4,0.495181
119,5,0.458678
119,6,0.499602
119,7,0.574110
119,8,0.510400
119,9,0.217294
119,10,0.510494
119,11,0.520477
119,12,0.457512
119,13,0.505822
119,14,0.494379
119,15,0.504928
120,1,0.574110
120,2,0.495545
120,3,0.504123
120,4,0.446709
120,5,0.574110
120,6,0.496676
120,7,0.458982
120,8,0.483348
120,9,0.509193
120,10,0.516007
120,11,0.464885
120,12,0.494110
120,13,0.485880
120,14,0.466219
120,15,0.518996
121,1,0.471671
121,2,0.442887
121,3,0.504123
121,4,0.576905
121,5,0.501971
121,6,0.504123
121,7,0.553959
121,8,0.455370
121,9,0.433165
121,10,0.478579
121,11,0.411744
121,12,0.503632
121,13,0.493900
121,14,0.495212
121,15,0.542399
122,1,0.489005
122,2,0.537648
122,3,0.505408
122,4,0.574598
122,5,0.575087
122,6,0.562877
122,7,0.503632
122,8,0.498464
122,9,0.497013
122,10,0.477680
122,11,0.574110
122,12,0.397650
122,13,0.530507
122,14,0.504352
122,15,0.500983
123,1,0.500261
123,2,0.510721
123,3,0.518246
123,4,0.490167
123,5,0.515857
123,6,0.496008
123,7,0.463120
123,8,0.501223
123,9,0.495691
123,10,0.466824
123,11,0.496676
123,12,0.535770
123,13,0.549866
123,14,0.502064
123,15,0.473996
124,1,0.495545
124,2,0.531294
124,3,0.474212
124,4,0.539334
124,5,0.491458
124,6,0.508175
124,7,0.531204
124,8,0.490529
124,9,0.497430
124,10,0.475782
124,11,0.000000
124,12,0.435590
124,13,0.491437
124,14,0.513402
124,15,0.517736
125,1,0.380913
125,2,0.512167
125,3,0.504352
125,4,0.217294
125,5,0.498901
125,6,0.314447
125,7,0.496160
125,8,0.507515
125,9,0.531079
125,10,0.458975
125,11,0.507674
125,12,0.497922
125,13,0.470952
125,14,0.502064
125,15,0.473996
126,1,0.473956
126,2,0.495545
126,3,0.511180
126,4,0.504123
126,5,0.500391
126,6,0.496195
126,7,0.534161
126,8,0.497094
126,9,0.438214
126,10,0.501733
126,11,0.497922
126,12,0.497430
126,13,0.309275
126,14,0.496600
126,15,0.502064
127,1,0.397650
127,2,0.434589
127,3,0.519457
127,4,0.497225
127,5,0.495181
127,6,0.521068
127,7,0.533491
127,8,0.513670
127,9,0.502064
127,10,0.479433
127,11,0.523915
127,12,0.539068
127,13,0.479667
127,14,0.456363
127,15,0.502989
128,1,0.492297
128,2,0.525705
128,3,0.532111
128,4,0.528786
128,5,0.526224
128,6,0.533569
128,7,0.512493
128,8,0.497094
128,9,0.495156
128,10,0.493021
128,11,0.517681
128,12,0.533163
128,13,0.541848
128,14,0.442699
128,15,0.499364
129,1,0.434589
129,2,0.493478
129,3,0.450825
129,4,0.425789
129,5,0.467656
129,6,0.497922
129,7,0.495181
129,8,0.456169
129,9,0.504660
129,10,0.506369
129,11,0.496972
129,12,0.514648
129,13,0.508197
129,14,0.489730
129,15,0.430471
130,1,0.445859
130,2,0.495545
130,3,0.499364
130,4,0.495156
130,5,0.520477
130,6,0.493006
130,7,0.491437
130,8,0.488255
130,9,0.541837
130,10,0.434096
130,11,0.497013
130,12,0.496160
130,13,0.473956
130,14,0.535920
130,15,0.511180
131,1,0.471671
131,2,0.495545
131,3,0.447932
131,4,0.500391
131,5,0.454161
131,6,0.465863
131,7,0.447913
131,8,0.495679
131,9,0.497935
131,10,0.485880
131,11,0.533342
131,12,0.502064
131,13,0.499727
131,14,0.498081
131,15,0.469161
132,1,0.489005
132,2,0.541373
132,3,0.480650
132,4,0.530265
132,5,0.457491
132,6,0.539223
132,7,0.499845
132,8,0.516323
132,9,0.534779
132,10,0.494332
132,11,0.434589
132,12,0.498445
132,13,0.456906
132,14,0.459648
132,15,0.513402
133,1,0.495545
133,2,0.490375
133,3,0.554567
133,4,0.496160
133,5,0.577435
133,6,0.496160
133,7,0.471671
133,8,0.497711
133,9,0.446147
133,10,0.497891
133,11,0.498901
133,12,0.492464
133,13,0.494601
133,14,0.521510
133,15,0.488298
134,1,0.495545
134,2,0.471671
134,3,0.380913
134,4,0.504123
134,5,0.544883
134,6,0.526943
134,7,0.549120
134,8,0.499514
134,9,0.533340
134,10,0.495156
134,11,0.562698
134,12,0.531522
134,13,0.566197
134,14,0.483026
134,15,0.498822
135,1,0.482941
135,2,0.527474
135,3,0.547988
135,4,0.495783
135,5,0.489306
135,6,0.513335
135,7,0.539860
135,8,0.533704
135,9,0.537369
135,10,0.462834
135,11,0.500391
135,12,0.496195
135,13,0.546376
135,14,0.504352
135,15,0.492995
136,1,0.459310
136,2,0.495783
136,3,0.457129
136,4,0.498768
136,5,0.520791
136,6,0.503492
136,7,0.538777
136,8,0.504123
136,9,0.500391
136,10,0.532514
136,11,0.459681
136,12,0.464477
136,13,0.469271
136,14,0.498822
136,15,0.518965
137,1,0.495783
137,2,0.502064
137,3,0.521034
137,4,0.494445
137,5,0.486894
137,6,0.579136
137,7,0.502064
137,8,0.501971
137,9,0.543170
137,10,0.522659
137,11,0.455038
137,12,0.454618
137,13,0.467336
137,14,0.540239
137,15,0.465988
138,1,0.434589
138,2,0.462172
138,3,0.501971
138,4,0.495212
138,5,0.520477
138,6,0.452709
138,7,0.460645
138,8,0.496160
138,9,0.502064
138,10,0.499727
138,11,0.501223
138,12,0.504695
138,13,0.499139
138,14,0.466824
138,15,0.467471
139,1,0.495783
139,2,0.439418
139,3,0.289726
139,4,0.503389
139,5,0.511358
139,6,0.452382
139,7,0.497424
139,8,0.512273
139,9,0.492604
139,10,0.498310
139,11,0.531294
139,12,0.474058
139,13,0.469752
139,14,0.432981
139,15,0.471435
140,1,0.495545
140,2,0.504352
140,3,0.492464
140,4,0.496099
140,5,0.497094
140,6,0.505814
140,7,0.494332
140,8,0.553495
140,9,0.575087
140,10,0.469812
140,11,0.498768
140,12,0.500261
140,13,0.508309
140,14,0.535642
140,15,0.458975
141,1,0.463993
141,2,0.511528
141,3,0.498287
141,4,0.500261
141,5,0.550086
141,6,0.542225
141,7,0.491610
141,8,0.490988
141,9,0.491437
141,10,0.495194
141,11,0.545566
141,12,0.457129
141,13,0.352935
141,14,0.503279
141,15,0.510980
142,1,0.486746
142,2,0.549676
142,3,0.496160
142,4,0.547242
142,5,0.532255
142,6,0.451497
142,7,0.535135
142,8,0.515668
142,9,0.497711
142,10,0.497430
142,11,0.497922
142,12,0.497891
142,13,0.497733
142,14,0.473956
142,15,0.528238
143,1,0.467064
143,2,0.411744
143,3,0.506085
143,4,0.504834
143,5,0.472542
143,6,0.469876
143,7,0.478798
143,8,0.510494
143,9,0.527474
143,10,0.455255
143,11,0.459622
143,12,0.495545
143,13,0.437436
143,14,0.312904
143,15,0.574110
144,1,0.521767
144,2,0.508753
144,3,0.504123
144,4,0.479445
144,5,0.506341
144,6,0.479161
144,7,0.504127
144,8,0.446147
144,9,0.467846
144,10,0.496008
144,11,0.494328
144,12,0.530826
144,13,0.455961
144,14,0.499727
144,15,0.501223
145,1,0.500261
145,2,0.489313
145,3,0.438214
145,4,0.482266
145,5,0.518099
145,6,0.426354
145,7,0.520477
145,8,0.495783
145,9,0.496160
145,10,0.488697
145,11,0.502811
145,12,0.564999
145,13,0.574110
145,14,0.502677
145,15,0.502064
146,1,0.474816
146,2,0.522515
146,3,0.547988
146,4,0.434589
146,5,0.511915
146,6,0.497922
146,7,0.497430
146,8,0.473956
146,9,0.496763
146,10,0.434589
146,11,0.530476
146,12,0.426354
146,13,0.506273
146,14,0.492966
146,15,0.469499
147,1,0.500261
147,2,0.508587
147,3,0.501971
147,4,0.499514
147,5,0.533436
147,6,0.510891
147,7,0.494332
147,8,0.547517
147,9,0.449849
147,10,0.482984
147,11,0.469195
147,12,0.516060
147,13,0.496676
147,14,0.464885
147,15,0.478941
148,1,0.519457
148,2,0.472434
148,3,0.431107
148,4,0.477346
148,5,0.476026
148,6,0.467471
148,7,0.497013
148,8,0.463890
148,9,0.411744
148,10,0.460389
148,11,0.484580
148,12,0.464324
148,13,0.454011
148,14,0.460635
148,15,0.492491
149,1,0.512167
149,2,0.499364
149,3,0.574110
149,4,0.470976
149,5,0.510381
149,6,0.530367
149,7,0.500261
149,8,0.460860
149,9,0.474746
149,10,0.466595
149,11,0.472012
149,12,0.513705
149,13,0.484434
149,14,0.487361
149,15,0.547988
150,1,0.495545
150,2,0.504352
150,3,0.500983
150,4,0.476358
150,5,0.495831
150,6,0.000000
150,7,0.459310
150,8,0.506369
150,9,0.493766
150,10,0.523449
150,11,0.532324
150,12,0.468494
150,13,0.530240
150,14,0.479670
150,15,0.498379
151,1,0.495545
151,2,0.531294
151,3,0.495545
151,4,0.473121
151,5,0.476829
151,6,0.303274
151,7,0.493263
151,8,0.472536
151,9,0.502860
151,10,0.511027
151,11,0.535952
151,12,0.542506
151,13,0.496653
151,14,0.461701
151,15,0.540876
152,1,0.495545
152,2,0.457607
152,3,0.480236
152,4,0.476916
152,5,0.462980
152,6,0.488479
152,7,0.452977
152,8,0.434589
152,9,0.500052
152,10,0.495545
152,11,0.343325
152,12,0.446832
152,13,0.478580
152,14,0.434589
152,15,0.504352
153,1,0.500261
153,2,0.508587
153,3,0.522099
153,4,0.442664
153,5,0.501264
153,6,0.518145
153,7,0.497430
153,8,0.522376
153,9,0.500215
153,10,0.493235
153,11,0.519799
153,12,0.543502
153,13,0.501971
153,14,0.495212
153,15,0.547242
154,1,0.500261
154,2,0.532649
154,3,0.508441
154,4,0.464966
154,5,0.475296
154,6,0.534946
154,7,0.496160
154,8,0.464451
154,9,0.502064
154,10,0.574110
154,11,0.465297
154,12,0.498822
154,13,0.492148
154,14,0.491312
154,15,0.520477
155,1,0.466824
155,2,0.301284
155,3,0.406025
155,4,0.478285
155,5,0.481055
155,6,0.504247
155,7,0.493006
155,8,0.492320
155,9,0.497922
155,10,0.489730
155,11,0.525622
155,12,0.503420
155,13,0.473144
155,14,0.521429
155,15,0.497922
156,1,0.500261
156,2,0.442102
156,3,0.501691
156,4,0.454336
156,5,0.405085
156,6,0.508753
156,7,0.501971
156,8,0.483348
156,9,0.499514
156,10,0.500983
156,11,0.498385
156,12,0.456990
156,13,0.498379
156,14,0.531294
156,15,0.500948
157,1,0.482941
157,2,0.495545
157,3,0.311119
157,4,0.511301
157,5,0.495783
157,6,0.453270
157,7,0.499727
157,8,0.488479
157,9,0.240325
157,10,0.500401
157,11,0.490398
157,12,0.494332
157,13,0.525110
157,14,0.545722
157,15,0.509460
158,1,0.492131
158,2,0.480115
158,3,0.495181
158,4,0.472162
158,5,0.519009
158,6,0.555350
158,7,0.542111
158,8,0.525590
158,9,0.504352
158,10,0.523217
158,11,0.498385
158,12,0.500391
158,13,0.495212
158,14,0.380913
158,15,0.512959
159,1,0.460637
159,2,0.532880
159,3,0.535702
159,4,0.502064
159,5,0.497013
159,6,0.542027
159,7,0.488479
159,8,0.521876
159,9,0.448507
159,10,0.520256
159,11,0.497922
159,12,0.497430
159,13,0.455366
159,14,0.499727
159,15,0.498123
160,1,0.492131
160,2,0.502064
160,3,0.493144
160,4,0.555991
160,5,0.533703
160,6,0.535165
160,7,0.529859
160,8,0.523149
160,9,0.492486
160,10,0.496763
160,11,0.471271
160,12,0.521049
160,13,0.499007
160,14,0.350396
160,15,0.491610
161,1,0.547988
161,2,0.505515
161,3,0.497922
161,4,0.466887
161,5,0.498369
161,6,0.495589
161,7,0.495589
161,8,0.376751
161,9,0.503280
161,10,0.501179
161,11,0.480001
161,12,0.526441
161,13,0.503998
161,14,0.349420
161,15,0.457387
162,1,0.494256
162,2,0.448507
162,3,0.498310
162,4,0.529648
162,5,0.498385
162,6,0.495768
162,7,0.498566
162,8,0.491532
162,9,0.492473
162,10,0.533050
162,11,0.470450
162,12,0.493006
162,13,0.542752
162,14,0.467553
162,15,0.537648
163,1,0.495545
163,2,0.547988
163,3,0.472804
163,4,0.499364
163,5,0.497922
163,6,0.544948
163,7,0.451254
163,8,0.462087
163,9,0.513402
163,10,0.513381
163,11,0.501971
163,12,0.546623
163,13,0.540361
163,14,0.509308
163,15,0.426354
164,1,0.495545
164,2,0.482488
164,3,0.454884
164,4,0.538156
164,5,0.494601
164,6,0.529691
164,7,0.462060
164,8,0.494445
164,9,0.480437
164,10,0.517719
164,11,0.508537
164,12,0.506708
164,13,0.495156
164,14,0.486625
164,15,0.501971
165,1,0.492297
165,2,0.500261
165,3,0.513402
165,4,0.314447
165,5,0.483348
165,6,0.536466
165,7,0.489181
165,8,0.466147
165,9,0.483528
165,10,0.505690
165,11,0.487097
165,12,0.494445
165,13,0.496596
165,14,0.508753
165,15,0.496160
166,1,0.521122
166,2,0.504123
166,3,0.470055
166,4,0.469711
166,5,0.506341
166,6,0.467277
166,7,0.469404
166,8,0.469741
166,9,0.496790
166,10,0.457644
166,11,0.502497
166,12,0.509903
166,13,0.495212
166,14,0.534524
166,15,0.497711
167,1,0.512167
167,2,0.523217
167,3,0.469356
167,4,0.495768
167,5,0.492148
167,6,0.486746
167,7,0.474057
167,8,0.459268
167,9,0.433919
167,10,0.452272
167,11,0.475302
167,12,0.503279
167,13,0.495679
167,14,0.456492
167,15,0.529871
168,1,0.500261
168,2,0.574110
168,3,0.497013
168,4,0.442102
168,5,0.499683
168,6,0.495194
168,7,0.574110
168,8,0.361866
168,9,0.504735
168,10,0.466498
168,11,0.507642
168,12,0.455762
168,13,0.480839
168,14,0.517080
168,15,0.482454
169,1,0.548001
169,2,0.476978
169,3,0.466638
169,4,0.468559
169,5,0.478193
169,6,0.393464
169,7,0.484270
169,8,0.505031
169,9,0.459629
169,10,0.491933
169,11,0.439058
169,12,0.462289
169,13,0.498385
169,14,0.474125
169,15,0.452851
170,1,0.481201
170,2,0.501971
170,3,0.455650
170,4,0.506117
170,5,0.480958
170,6,0.497910
170,7,0.502068
170,8,0.494332
170,9,0.442137
170,10,0.564999
170,11,0.512642
170,12,0.483527
170,13,0.521309
170,14,0.533703
170,15,0.501858
171,1,0.488479
171,2,0.495545
171,3,0.499364
171,4,0.510741
171,5,0.492320
171,6,0.497711
171,7,0.495181
171,8,0.519452
171,9,0.487969
171,10,0.547988
171,11,0.491312
171,12,0.437005
171,13,0.499364
171,14,0.485045
171,15,0.547172
172,1,0.457129
172,2,0.495545
172,3,0.344483
172,4,0.405085
172,5,0.448629
172,6,0.469325
172,7,0.506369
172,8,0.515312
172,9,0.513402
172,10,0.342237
172,11,0.452707
172,12,0.478363
172,13,0.432403
172,14,0.507409
172,15,0.461608
173,1,0.495783
173,2,0.458765
173,3,0.351479
173,4,0.468026
173,5,0.459144
173,6,0.451268
173,7,0.493183
173,8,0.460683
173,9,0.415719
173,10,0.471724
173,11,0.467410
173,12,0.490529
173,13,0.483288
173,14,0.495156
173,15,0.493097
174,1,0.545566
174,2,0.486261
174,3,0.464209
174,4,0.456825
174,5,0.509806
174,6,0.479854
174,7,0.507083
174,8,0.497922
174,9,0.497891
174,10,0.475545
174,11,0.534170
174,12,0.579701
174,13,0.576623
174,14,0.550355
174,15,0.495783
175,1,0.456475
175,2,0.536737
175,3,0.495156
175,4,0.520138
175,5,0.522332
175,6,0.523915
175,7,0.493644
175,8,0.474714
175,9,0.312080
175,10,0.411744
175,11,0.481858
175,12,0.500525
175,13,0.508356
175,14,0.481799
175,15,0.580866
176,1,0.495545
176,2,0.481555
176,3,0.500983
176,4,0.544964
176,5,0.500346
176,6,0.495911
176,7,0.467313
176,8,0.493554
176,9,0.430471
176,10,0.497922
176,11,0.481983
176,12,0.491552
176,13,0.505338
176,14,0.522850
176,15,0.498139
177,1,0.475183
177,2,0.497013
177,3,0.217294
177,4,0.507516
177,5,0.475514
177,6,0.472185
177,7,0.496020
177,8,0.505044
177,9,0.461417
177,10,0.452516
177,11,0.434377
177,12,0.466635
177,13,0.495701
177,14,0.496160
177,15,0.497711
178,1,0.486746
178,2,0.541848
178,3,0.520813
178,4,0.446755
178,5,0.463353
178,6,0.469239
178,7,0.513402
178,8,0.510400
178,9,0.476167
178,10,0.530367
178,11,0.493637
178,12,0.506117
178,13,0.506696
178,14,0.502064
178,15,0.467158
179,1,0.495783
179,2,0.519583
179,3,0.496002
179,4,0.536450
179,5,0.467926
179,6,0.523317
179,7,0.514929
179,8,0.539130
179,9,0.470199
179,10,0.458802
179,11,0.466645
179,12,0.497922
179,13,0.506117
179,14,0.520006
179,15,0.516007
180,1,0.495545
180,2,0.504123
180,3,0.495768
180,4,0.474180
180,5,0.528225
180,6,0.515425
180,7,0.444742
180,8,0.442216
180,9,0.461564
180,10,0.457569
180,11,0.508325
180,12,0.491437
180,13,0.546487
180,14,0.492507
180,15,0.471671
181,1,0.521122
181,2,0.452414
181,3,0.555991
181,4,0.555555
181,5,0.495545
181,6,0.464112
181,7,0.504977
181,8,0.362421
181,9,0.479897
181,10,0.506777
181,11,0.506737
181,12,0.503955
181,13,0.522962
181,14,0.471946
181,15,0.435168
182,1,0.495783
182,2,0.502064
182,3,0.397650
182,4,0.493006
182,5,0.467136
182,6,0.445859
182,7,0.452912
182,8,0.470356
182,9,0.489223
182,10,0.502064
182,11,0.467158
182,12,0.501223
182,13,0.494591
182,14,0.458808
182,15,0.489961
183,1,0.506026
183,2,0.462727
183,3,0.507069
183,4,0.489080
183,5,0.471851
183,6,0.411744
183,7,0.471342
183,8,0.246251
183,9,0.505731
183,10,0.509242
183,11,0.472955
183,12,0.448900
183,13,0.501515
183,14,0.354326
183,15,0.514724
184,1,0.464451
184,2,0.509730
184,3,0.504352
184,4,0.579701
184,5,0.526443
184,6,0.523217
184,7,0.504352
184,8,0.500983
184,9,0.536497
184,10,0.491050
184,11,0.456565
184,12,0.411744
184,13,0.437133
184,14,0.480839
184,15,0.252061
185,1,0.574110
185,2,0.531838
185,3,0.457308
185,4,0.294895
185,5,0.463451
185,6,0.475838
185,7,0.507068
185,8,0.519583
185,9,0.496160
185,10,0.531229
185,11,0.463457
185,12,0.495768
185,13,0.531294
185,14,0.456063
185,15,0.548946
186,1,0.495545
186,2,0.485880
186,3,0.426354
186,4,0.504352
186,5,0.498245
186,6,0.480576
186,7,0.536577
186,8,0.514266
186,9,0.527031
186,10,0.436612
186,11,0.495783
186,12,0.457971
186,13,0.483257
186,14,0.547988
186,15,0.440352
187,1,0.534946
187,2,0.479948
187,3,0.241763
187,4,0.515364
187,5,0.463836
187,6,0.458229
187,7,0.369868
187,8,0.466787
187,9,0.459911
187,10,0.504536
187,11,0.454711
187,12,0.500357
187,13,0.506822
187,14,0.507880
187,15,0.535145
188,1,0.479353
188,2,0.535952
188,3,0.508904
188,4,0.434589
188,5,0.498901
188,6,0.454759
188,7,0.411744
188,8,0.307300
188,9,0.513012
188,10,0.472458
188,11,0.470299
188,12,0.494953
188,13,0.484970
188,14,0.492710
188,15,0.501158
189,1,0.485880
189,2,0.467489
189,3,0.444777
189,4,0.426386
189,5,0.469726
189,6,0.473996
189,7,0.468577
189,8,0.463864
189,9,0.451492
189,10,0.460040
189,11,0.466124
189,12,0.472518
189,13,0.468438
189,14,0.303809
189,15,0.454652
190,1,0.479353
190,2,0.546088
190,3,0.460721
190,4,0.540239
190,5,0.476415
190,6,0.497013
190,7,0.530884
190,8,0.497891
190,9,0.494973
190,10,0.435856
190,11,0.494913
190,12,0.547988
190,13,0.535167
190,14,0.486625
190,15,0.438214
191,1,0.495545
191,2,0.504123
191,3,0.480960
191,4,0.499514
191,5,0.519950
191,6,0.464451
191,7,0.495156
191,8,0.560633
191,9,0.523352
191,10,0.468896
191,11,0.479965
191,12,0.488464
191,13,0.434589
191,14,0.405085
191,15,0.000000
192,1,0.545566
192,2,0.463308
192,3,0.513402
192,4,0.503279
192,5,0.574110
192,6,0.549866
192,7,0.477191
192,8,0.515813
192,9,0.550225
192,10,0.478859
192,11,0.506757
192,12,0.483348
192,13,0.506369
192,14,0.518586
192,15,0.533703
193,1,0.488479
193,2,0.486625
193,3,0.529871
193,4,0.495545
193,5,0.504123
193,6,0.464451
193,7,0.524190
193,8,0.499514
193,9,0.521486
193,10,0.498901
193,11,0.498431
193,12,0.466824
193,13,0.497430
193,14,0.491437
193,15,0.506117
194,1,0.500261
194,2,0.545566
194,3,0.513402
194,4,0.498822
194,5,0.518246
194,6,0.510891
194,7,0.494332
194,8,0.496160
194,9,0.493513
194,10,0.536499
194,11,0.495181
194,12,0.501971
194,13,0.547988
194,14,0.505324
194,15,0.497922
195,1,0.508587
195,2,0.527720
195,3,0.514134
195,4,0.541384
195,5,0.470676
195,6,0.494816
195,7,0.458202
195,8,0.511673
195,9,0.470761
195,10,0.535258
195,11,0.507212
195,12,0.453502
195,13,0.443704
195,14,0.470392
195,15,0.494082
196,1,0.474816
196,2,0.504123
196,3,0.544767
196,4,0.504359
196,5,0.473390
196,6,0.456363
196,7,0.000000
196,8,0.464068
196,9,0.502097
196,10,0.498975
196,11,0.494732
196,12,0.508421
196,13,0.512655
196,14,0.503973
196,15,0.529092
197,1,0.495783
197,2,0.502064
197,3,0.518532
197,4,0.397650
197,5,0.441839
197,6,0.452274
197,7,0.433249
197,8,0.433838
197,9,0.495826
197,10,0.454115
197,11,0.527735
197,12,0.488558
197,13,0.576623
197,14,0.468327
197,15,0.466379
198,1,0.500261
198,2,0.485266
198,3,0.505564
198,4,0.472468
198,5,0.479252
198,6,0.552962
198,7,0.541805
198,8,0.435590
198,9,0.468075
198,10,0.470695
198,11,0.457977
198,12,0.411744
198,13,0.507979
198,14,0.504123
198,15,0.526686
199,1,0.489005
199,2,0.530389
199,3,0.525044
199,4,0.453502
199,5,0.525546
199,6,0.533703
199,7,0.509722
199,8,0.463199
199,9,0.487986
199,10,0.515279
199,11,0.473649
199,12,0.459239
199,13,0.476420
199,14,0.500933
199,15,0.458443
200,1,0.500261
200,2,0.513402
200,3,0.549014
200,4,0.496676
200,5,0.503594
200,6,0.498369
200,7,0.527474
200,8,0.498379
200,9,0.496160
200,10,0.494332
200,11,0.502064
200,12,0.493006
200,13,0.488479
200,14,0.487969
200,15,0.494332
201,1,0.478695
201,2,0.485581
201,3,0.249384
201,4,0.515075
201,5,0.462299
201,6,0.510250
201,7,0.473820
201,8,0.536492
201,9,0.506761
201,10,0.471301
201,11,0.478988
201,12,0.533703
201,13,0.520138
201,14,0.486128
201,15,0.496160
202,1,0.495545
202,2,0.499364
202,3,0.498310
202,4,0.497430
202,5,0.531294
202,6,0.502064
202,7,0.493006
202,8,0.478406
202,9,0.478941
202,10,0.467158
202,11,0.498337
202,12,0.480554
202,13,0.464885
202,14,0.456919
202,15,0.491736
203,1,0.495545
203,2,0.477751
203,3,0.498901
203,4,0.494601
203,5,0.494448
203,6,0.520725
203,7,0.463356
203,8,0.458288
203,9,0.473435
203,10,0.405085
203,11,0.459748
203,12,0.547988
203,13,0.517244
203,14,0.502004
203,15,0.313238
204,1,0.495783
204,2,0.496160
204,3,0.521663
204,4,0.497430
204,5,0.458765
204,6,0.463951
204,7,0.448292
204,8,0.501910
204,9,0.474226
204,10,0.434589
204,11,0.495768
204,12,0.535135
204,13,0.491437
204,14,0.463040
204,15,0.460695
205,1,0.467425
205,2,0.445859
205,3,0.497013
205,4,0.342215
205,5,0.497085
205,6,0.457412
205,7,0.502293
205,8,0.518651
205,9,0.549192
205,10,0.438214
205,11,0.497711
205,12,0.574110
205,13,0.510703
205,14,0.535135
205,15,0.488697
206,1,0.463993
206,2,0.314447
206,3,0.457534
206,4,0.465152
206,5,0.526122
206,6,0.506223
206,7,0.495181
206,8,0.495768
206,9,0.464451
206,10,0.496676
206,11,0.545353
206,12,0.468273
206,13,0.480839
206,14,0.457671
206,15,0.501372
207,1,0.500261
207,2,0.513402
207,3,0.514745
207,4,0.495679
207,5,0.434589
207,6,0.439612
207,7,0.254376
207,8,0.444428
207,9,0.494456
207,10,0.496160
207,11,0.479895
207,12,0.517122
207,13,0.506849
207,14,0.488684
207,15,0.456508
208,1,0.521767
208,2,0.492966
208,3,0.499364
208,4,0.434589
208,5,0.497094
208,6,0.461051
208,7,0.484975
208,8,0.483910
208,9,0.474618
208,10,0.502595
208,11,0.496676
208,12,0.508753
208,13,0.498435
208,14,0.465111
208,15,0.488122
209,1,0.495783
209,2,0.445859
209,3,0.471292
209,4,0.470024
209,5,0.460301
209,6,0.469178
209,7,0.463424
209,8,0.491651
209,9,0.515823
209,10,0.456565
209,11,0.477949
209,12,0.496008
209,13,0.446993
209,14,0.517719
209,15,0.502677
210,1,0.495783
210,2,0.469999
210,3,0.493604
210,4,0.495194
210,5,0.520813
210,6,0.460702
210,7,0.496160
210,8,0.547517
210,9,0.509962
210,10,0.489559
210,11,0.491610
210,12,0.505155
210,13,0.525622
210,14,0.502486
210,15,0.454336
211,1,0.500261
211,2,0.501971
211,3,0.436940
211,4,0.535971
211,5,0.505781
211,6,0.543973
211,7,0.431515
211,8,0.411744
211,9,0.448346
211,10,0.493297
211,11,0.454104
211,12,0.495545
211,13,0.499364
211,14,0.521570
211,15,0.463023
212,1,0.475183
212,2,0.513402
212,3,0.454104
212,4,0.510400
212,5,0.547988
212,6,0.500704
212,7,0.475192
212,8,0.518066
212,9,0.531553
212,10,0.502811
212,11,0.460426
212,12,0.530367
212,13,0.513402
212,14,0.503415
212,15,0.537823
213,1,0.397650
213,2,0.542323
213,3,0.525622
213,4,0.497922
213,5,0.449943
213,6,0.447540
213,7,0.498310
213,8,0.542630
213,9,0.500983
213,10,0.577435
213,11,0.498385
213,12,0.524980
213,13,0.533808
213,14,0.457620
213,15,0.495783
214,1,0.493080
214,2,0.519287
214,3,0.552662
214,4,0.531838
214,5,0.524299
214,6,0.526528
214,7,0.496596
214,8,0.534941
214,9,0.502193
214,10,0.451022
214,11,0.497711
214,12,0.475885
214,13,0.497733
214,14,0.471095
214,15,0.483348
215,1,0.495783
215,2,0.496160
215,3,0.532758
215,4,0.486508
215,5,0.555991
215,6,0.492954
215,7,0.574110
215,8,0.502064
215,9,0.470774
215,10,0.422433
215,11,0.484104
215,12,0.468226
215,13,0.574110
215,14,0.504352
215,15,0.466487
216,1,0.504507
216,2,0.513402
216,3,0.498822
216,4,0.497935
216,5,0.492297
216,6,0.495212
216,7,0.471671
216,8,0.447246
216,9,0.499727
216,10,0.467614
216,11,0.524249
216,12,0.475176
216,13,0.479200
216,14,0.468800
216,15,0.484564
217,1,0.445859
217,2,0.495545
217,3,0.498071
217,4,0.525622
217,5,0.481084
217,6,0.473121
217,7,0.466679
217,8,0.504977
217,9,0.504660
217,10,0.486953
217,11,0.496160
217,12,0.434589
217,13,0.493115
217,14,0.489559
217,15,0.487348
218,1,0.493109
218,2,0.515823
218,3,0.496160
218,4,0.491437
218,5,0.486216
218,6,0.488298
218,7,0.466824
218,8,0.489559
218,9,0.495194
218,10,0.311119
218,11,0.491427
218,12,0.507672
218,13,0.459168
218,14,0.474091
218,15,0.497013
219,1,0.548001
219,2,0.497922
219,3,0.439402
219,4,0.521592
219,5,0.496763
219,6,0.547988
219,7,0.437673
219,8,0.459183
219,9,0.468028
219,10,0.469190
219,11,0.504660
219,12,0.492563
219,13,0.477237
219,14,0.493924
219,15,0.470206
220,1,0.495545
220,2,0.436940
220,3,0.526170
220,4,0.500983
220,5,0.545561
220,6,0.508441
220,7,0.536255
220,8,0.434589
220,9,0.495545
220,10,0.504352
220,11,0.454942
220,12,0.498901
220,13,0.251032
220,14,0.477695
220,15,0.516764
221,1,0.495783
221,2,0.475608
221,3,0.359631
221,4,0.492776
221,5,0.499992
221,6,0.511378
221,7,0.547988
221,8,0.491437
221,9,0.528644
221,10,0.491427
221,11,0.459058
221,12,0.492148
221,13,0.485251
221,14,0.497430
221,15,0.531300
222,1,0.495783
222,2,0.522955
222,3,0.495181
222,4,0.490608
222,5,0.547988
222,6,0.490367
222,7,0.463800
222,8,0.501733
222,9,0.461877
222,10,0.464188
222,11,0.451673
222,12,0.497127
222,13,0.497922
222,14,0.497891
222,15,0.466835
223,1,0.495545
223,2,0.504123
223,3,0.489176
223,4,0.530627
223,5,0.501968
223,6,0.540333
223,7,0.523915
223,8,0.514818
223,9,0.491427
223,10,0.487013
223,11,0.497156
223,12,0.511538
223,13,0.495679
223,14,0.494792
223,15,0.494303
224,1,0.434589
224,2,0.467425
224,3,0.472378
224,4,0.499683
224,5,0.574110
224,6,0.496406
224,7,0.497922
224,8,0.464885
224,9,0.498369
224,10,0.520477
224,11,0.469830
224,12,0.536325
224,13,0.506505
224,14,0.435590
224,15,0.458501
225,1,0.397650
225,2,0.495545
225,3,0.504352
225,4,0.461727
225,5,0.498901
225,6,0.496160
225,7,0.497711
225,8,0.547988
225,9,0.497891
225,10,0.547988
225,11,0.508753
225,12,0.480839
225,13,0.474289
225,14,0.504977
225,15,0.434589
226,1,0.500261
226,2,0.468373
226,3,0.000000
226,4,0.457512
226,5,0.505822
226,6,0.499659
226,7,0.506886
226,8,0.462243
226,9,0.449657
226,10,0.452353
226,11,0.479719
226,12,0.522042
226,13,0.504123
226,14,0.524980
226,15,0.509453
227,1,0.495545
227,2,0.504352
227,3,0.498385
227,4,0.468007
227,5,0.442716
227,6,0.466582
227,7,0.447198
227,8,0.484655
227,9,0.431107
227,10,0.497922
227,11,0.435463
227,12,0.497891
227,13,0.476502
227,14,0.492966
227,15,0.535602
228,1,0.495783
228,2,0.531294
228,3,0.515813
228,4,0.437275
228,5,0.497891
228,6,0.498385
228,7,0.434589
228,8,0.500391
228,9,0.501266
228,10,0.530558
228,11,0.457053
228,12,0.495462
228,13,0.521405
228,14,0.491610
228,15,0.493235
229,1,0.456480
229,2,0.501971
229,3,0.464166
229,4,0.557856
229,5,0.499514
229,6,0.553070
229,7,0.534207
229,8,0.550903
229,9,0.463019
229,10,0.441293
229,11,0.434848
229,12,0.494493
229,13,0.467027
229,14,0.495545
229,15,0.499364
230,1,0.479353
230,2,0.585922
230,3,0.449317
230,4,0.499364
230,5,0.496160
230,6,0.514107
230,7,0.531294
230,8,0.530367
230,9,0.495783
230,10,0.497922
230,11,0.497430
230,12,0.498310
230,13,0.442102
230,14,0.456336
230,15,0.479215
231,1,0.495545
231,2,0.486746
231,3,0.499364
231,4,0.508753
231,5,0.497094
231,6,0.434589
231,7,0.502064
231,8,0.495194
231,9,0.499514
231,10,0.501054
231,11,0.507642
231,12,0.445859
231,13,0.315028
231,14,0.458219
231,15,0.501603
232,1,0.500261
232,2,0.501971
232,3,0.457129
232,4,0.499514
232,5,0.501054
232,6,0.471115
232,7,0.492966
232,8,0.506117
232,9,0.411744
232,10,0.510400
232,11,0.533487
232,12,0.498822
232,13,0.497922
232,14,0.535770
232,15,0.494926
233,1,0.574110
233,2,0.454583
233,3,0.497013
233,4,0.492148
233,5,0.489961
233,6,0.495476
233,7,0.491323
233,8,0.531294
233,9,0.462820
233,10,0.480650
233,11,0.504977
233,12,0.217294
233,13,0.498822
233,14,0.514225
233,15,0.503509
234,1,0.467425
234,2,0.497013
234,3,0.492148
234,4,0.495183
234,5,0.488640
234,6,0.494668
234,7,0.434452
234,8,0.486399
234,9,0.489961
234,10,0.518963
234,11,0.457456
234,12,0.426354
234,13,0.446361
234,14,0.465805
234,15,0.495156
235,1,0.500261
235,2,0.513402
235,3,0.471671
235,4,0.547988
235,5,0.467830
235,6,0.503279
235,7,0.457900
235,8,0.468327
235,9,0.493006
235,10,0.516962
235,11,0.474180
235,12,0.470541
235,13,0.453418
235,14,0.521466
235,15,0.508546
236,1,0.466824
236,2,0.500261
236,3,0.501971
236,4,0.313108
236,5,0.481543
236,6,0.501397
236,7,0.474102
236,8,0.253821
236,9,0.506341
236,10,0.500704
236,11,0.397650
236,12,0.492148
236,13,0.489961
236,14,0.459310
236,15,0.491437
237,1,0.495783
237,2,0.497922
237,3,0.512949
237,4,0.462170
237,5,0.466944
237,6,0.483901
237,7,0.495768
237,8,0.468890
237,9,0.459622
237,10,0.479209
237,11,0.484299
237,12,0.464048
237,13,0.492768
237,14,0.478383
237,15,0.535602
238,1,0.574110
238,2,0.503295
238,3,0.472434
238,4,0.495194
238,5,0.494445
238,6,0.464451
238,7,0.435590
238,8,0.494445
238,9,0.496596
238,10,0.468133
238,11,0.429284
238,12,0.483348
238,13,0.529376
238,14,0.491651
238,15,0.490671
239,1,0.512167
239,2,0.477751
239,3,0.498901
239,4,0.494601
239,5,0.491837
239,6,0.490462
239,7,0.217294
239,8,0.499683
239,9,0.503691
239,10,0.501223
239,11,0.510400
239,12,0.520477
239,13,0.500704
239,14,0.535135
239,15,0.529404
240,1,0.495783
240,2,0.464451
240,3,0.541922
240,4,0.495181
240,5,0.494110
240,6,0.492445
240,7,0.498431
240,8,0.489526
240,9,0.490715
240,10,0.553393
240,11,0.529715
240,12,0.502064
240,13,0.532501
240,14,0.543460
240,15,0.499683
241,1,0.495545
241,2,0.499364
241,3,0.498310
241,4,0.520477
241,5,0.498901
241,6,0.489618
241,7,0.497711
241,8,0.434589
241,9,0.497430
241,10,0.502064
241,11,0.499727
241,12,0.510400
241,13,0.500704
241,14,0.434589
241,15,0.497935
242,1,0.445859
242,2,0.495545
242,3,0.531294
242,4,0.478941
242,5,0.504352
242,6,0.504123
242,7,0.337910
242,8,0.498379
242,9,0.478305
242,10,0.502279
242,11,0.547988
242,12,0.495194
242,13,0.499514
242,14,0.472885
242,15,0.486708
243,1,0.500261
243,2,0.497013
243,3,0.496676
243,4,0.547988
243,5,0.474977
243,6,0.000000
243,7,0.500391
243,8,0.543019
243,9,0.496575
243,10,0.472165
243,11,0.495831
243,12,0.501266
243,13,0.507642
243,14,0.432130
243,15,0.551505
244,1,0.500261
244,2,0.497013
244,3,0.479636
244,4,0.511180
244,5,0.539418
244,6,0.500261
244,7,0.221764
244,8,0.513402
244,9,0.344894
244,10,0.504695
244,11,0.495953
244,12,0.484314
244,13,0.495731
244,14,0.547988
244,15,0.499364
245,1,0.495783
245,2,0.547988
245,3,0.446905
245,4,0.494332
245,5,0.491437
245,6,0.497642
245,7,0.504927
245,8,0.549866
245,9,0.497922
245,10,0.486746
245,11,0.582009
245,12,0.504123
245,13,0.500391
245,14,0.499514
245,15,0.553070
246,1,0.495783
246,2,0.522955
246,3,0.436940
246,4,0.579701
246,5,0.496160
246,6,0.496160
246,7,0.496160
246,8,0.481802
246,9,0.499727
246,10,0.494184
246,11,0.480118
246,12,0.491337
246,13,0.566955
246,14,0.504737
246,15,0.513402
247,1,0.434589
247,2,0.495545
247,3,0.405085
247,4,0.435119
247,5,0.492966
247,6,0.456238
247,7,0.500261
247,8,0.459058
247,9,0.513402
247,10,0.503279
247,11,0.544512
247,12,0.495212
247,13,0.434589
247,14,0.502064
247,15,0.499727
248,1,0.495783
248,2,0.512959
248,3,0.458415
248,4,0.497430
248,5,0.495156
248,6,0.499727
248,7,0.456800
248,8,0.500704
248,9,0.531294
248,10,0.492148
248,11,0.502064
248,12,0.493006
248,13,0.488479
248,14,0.517627
248,15,0.494332
249,1,0.495545
249,2,0.436940
249,3,0.457767
249,4,0.504977
249,5,0.498379
249,6,0.493093
249,7,0.520477
249,8,0.504737
249,9,0.502497
249,10,0.574110
249,11,0.476741
249,12,0.496676
249,13,0.532880
249,14,0.500261
249,15,0.513402
250,1,0.486746
250,2,0.530577
250,3,0.504352
250,4,0.498385
250,5,0.501651
250,6,0.501403
250,7,0.445859
250,8,0.500391
250,9,0.540239
250,10,0.508753
250,11,0.000000
250,12,0.504352
250,13,0.510893
250,14,0.454561
250,15,0.486235
251,1,0.534946
251,2,0.439357
251,3,0.497922
251,4,0.202543
251,5,0.450133
251,6,0.438866
251,7,0.466018
251,8,0.495194
251,9,0.541212
251,10,0.499364
251,11,0.459058
251,12,0.497922
251,13,0.458150
251,14,0.479102
251,15,0.459225
252,1,0.495545
252,2,0.434589
252,3,0.499364
252,4,0.497922
252,5,0.475598
252,6,0.525134
252,7,0.491853
252,8,0.494913
252,9,0.434589
252,10,0.498703
252,11,0.501971
252,12,0.504123
252,13,0.579701
252,14,0.463277
252,15,0.468086
253,1,0.521122
253,2,0.504352
253,3,0.452458
253,4,0.500983
253,5,0.453112
253,6,0.464381
253,7,0.486059
253,8,0.501971
253,9,0.495212
253,10,0.498991
253,11,0.479265
253,12,0.472458
253,13,0.515218
253,14,0.467793
253,15,0.576905
254,1,0.500261
254,2,0.468373
254,3,0.505765
254,4,0.518491
254,5,0.495679
254,6,0.548438
254,7,0.533703
254,8,0.494332
254,9,0.496160
254,10,0.491437
254,11,0.495194
254,12,0.499514
254,13,0.500983
254,14,0.476416
254,15,0.495911
255,1,0.495783
255,2,0.529648
255,3,0.502064
255,4,0.493006
255,5,0.488298
255,6,0.493650
255,7,0.217795
255,8,0.482582
255,9,0.503009
255,10,0.489523
255,11,0.496160
255,12,0.582009
255,13,0.442366
255,14,0.452355
255,15,0.453575
256,1,0.481201
256,2,0.431543
256,3,0.372053
256,4,0.496729
256,5,0.000000
256,6,0.490367
256,7,0.517022
256,8,0.497711
256,9,0.437005
256,10,0.508753
256,11,0.443814
256,12,0.499364
256,13,0.495156
256,14,0.434589
256,15,0.491532
257,1,0.488714
257,2,0.454104
257,3,0.475219
257,4,0.496676
257,5,0.492966
257,6,0.497430
257,7,0.495156
257,8,0.493097
257,9,0.490448
257,10,0.490083
257,11,0.474014
257,12,0.495831
257,13,0.492445
257,14,0.494792
257,15,0.494447
258,1,0.500261
258,2,0.488479
258,3,0.514532
258,4,0.523751
258,5,0.494983
258,6,0.380913
258,7,0.504123
258,8,0.547988
258,9,0.504977
258,10,0.503279
258,11,0.504737
258,12,0.498171
258,13,0.492464
258,14,0.514221
258,15,0.000000
259,1,0.495783
259,2,0.497922
259,3,0.492966
259,4,0.495181
259,5,0.497013
259,6,0.492148
259,7,0.487022
259,8,0.486216
259,9,0.434589
259,10,0.301589
259,11,0.485195
259,12,0.510400
259,13,0.498768
259,14,0.498822
259,15,0.466907
260,1,0.471671
260,2,0.425335
260,3,0.518985
260,4,0.497922
260,5,0.497891
260,6,0.496596
260,7,0.495156
260,8,0.493097
260,9,0.488863
260,10,0.493637
260,11,0.493029
260,12,0.502064
260,13,0.513402
260,14,0.498822
260,15,0.488602
261,1,0.495545
261,2,0.504123
261,3,0.504977
261,4,0.498379
261,5,0.492148
261,6,0.489961
261,7,0.485652
261,8,0.475537
261,9,0.494014
261,10,0.496763
261,11,0.489748
261,12,0.530029
261,13,0.492445
261,14,0.511916
261,15,0.463384
262,1,0.495545
262,2,0.504352
262,3,0.463368
262,4,0.508753
262,5,0.447546
262,6,0.434589
262,7,0.447913
262,8,0.501971
262,9,0.469995
262,10,0.502238
262,11,0.468524
262,12,0.498482
262,13,0.513914
262,14,0.478025
262,15,0.454227
263,1,0.495545
263,2,0.504123
263,3,0.495768
263,4,0.522332
263,5,0.486446
263,6,0.497891
263,7,0.497430
263,8,0.494332
263,9,0.494332
263,10,0.473956
263,11,0.494332
263,12,0.549371
263,13,0.456565
263,14,0.497711
263,15,0.496877
264,1,0.473956
264,2,0.467926
264,3,0.513402
264,4,0.255200
264,5,0.217294
264,6,0.477065
264,7,0.485221
264,8,0.496160
264,9,0.547242
264,10,0.510891
264,11,0.493637
264,12,0.496160
264,13,0.496160
264,14,0.506102
264,15,0.497711
265,1,0.512167
265,2,0.499364
265,3,0.462291
265,4,0.493006
265,5,0.520477
265,6,0.496008
265,7,0.493006
265,8,0.496676
265,9,0.493695
265,10,0.496596
265,11,0.490874
265,12,0.497399
265,13,0.468327
265,14,0.492966
265,15,0.493006
266,1,0.495783
266,2,0.496160
266,3,0.494332
266,4,0.494301
266,5,0.489559
266,6,0.442102
266,7,0.495194
266,8,0.494445
266,9,0.497733
266,10,0.498885
266,11,0.495156
266,12,0.497156
266,13,0.457320
266,14,0.491897
266,15,0.493879
267,1,0.495545
267,2,0.445859
267,3,0.504123
267,4,0.504977
267,5,0.510400
267,6,0.510400
267,7,0.464451
267,8,0.540276
267,9,0.534971
267,10,0.507051
267,11,0.490456
267,12,0.499029
267,13,0.517155
267,14,0.510400
267,15,0.510400
268,1,0.486746
268,2,0.495545
268,3,0.504352
268,4,0.534693
268,5,0.495156
268,6,0.497156
268,7,0.499727
268,8,0.491908
268,9,0.497935
268,10,0.493644
268,11,0.494523
268,12,0.547224
268,13,0.469194
268,14,0.213177
268,15,0.506369
269,1,0.519457
269,2,0.496002
269,3,0.497922
269,4,0.434589
269,5,0.504123
269,6,0.453148
269,7,0.488126
269,8,0.470231
269,9,0.503522
269,10,0.497573
269,11,0.308679
269,12,0.506369
269,13,0.494415
269,14,0.497891
269,15,0.500983
270,1,0.481201
270,2,0.497013
270,3,0.499683
270,4,0.493006
270,5,0.496676
270,6,0.497891
270,7,0.496596
270,8,0.493324
270,9,0.338677
270,10,0.467732
270,11,0.468096
270,12,0.453486
270,13,0.463839
270,14,0.513402
270,15,0.513402
271,1,0.397650
271,2,0.500261
271,3,0.488479
271,4,0.449943
271,5,0.513402
271,6,0.448956
271,7,0.472419
271,8,0.536466
271,9,0.492148
271,10,0.495183
271,11,0.492250
271,12,0.498852
271,13,0.494445
271,14,0.521486
271,15,0.531624
272,1,0.500261
272,2,0.486746
272,3,0.497013
272,4,0.492148
272,5,0.436940
272,6,0.566955
272,7,0.458822
272,8,0.497557
272,9,0.499683
272,10,0.503691
272,11,0.498822
272,12,0.499683
272,13,0.493006
272,14,0.482941
272,15,0.496676
273,1,0.495545
273,2,0.504352
273,3,0.498385
273,4,0.459310
273,5,0.501651
273,6,0.493208
273,7,0.499683
273,8,0.499727
273,9,0.501223
273,10,0.495691
273,11,0.491786
273,12,0.495934
273,13,0.471671
273,14,0.513402
273,15,0.503279
274,1,0.475183
274,2,0.501971
274,3,0.499514
274,4,0.490460
274,5,0.491158
274,6,0.474180
274,7,0.538550
274,8,0.491437
274,9,0.497642
274,10,0.498822
274,11,0.481634
274,12,0.454203
274,13,0.494138
274,14,0.457129
274,15,0.529648
275,1,0.464451
275,2,0.495545
275,3,0.504123
275,4,0.508753
275,5,0.434589
275,6,0.500391
275,7,0.479197
275,8,0.507642
275,9,0.514745
275,10,0.505822
275,11,0.498171
275,12,0.496676
275,13,0.498435
275,14,0.478805
275,15,0.470465
276,1,0.456480
276,2,0.411744
276,3,0.513402
276,4,0.503279
276,5,0.495212
276,6,0.490988
276,7,0.519894
276,8,0.574110
276,9,0.502064
276,10,0.493021
276,11,0.480867
276,12,0.507642
276,13,0.495570
276,14,0.497207
276,15,0.497156
277,1,0.456475
277,2,0.450901
277,3,0.504352
277,4,0.499364
277,5,0.495156
277,6,0.473956
277,7,0.548939
277,8,0.523280
277,9,0.497711
277,10,0.547988
277,11,0.509453
277,12,0.495545
277,13,0.481723
277,14,0.498385
277,15,0.495831
278,1,0.495545
278,2,0.515102
278,3,0.500983
278,4,0.490986
278,5,0.459048
278,6,0.469497
278,7,0.493959
278,8,0.493995
278,9,0.490083
278,10,0.495587
278,11,0.464456
278,12,0.501403
278,13,0.498822
278,14,0.467136
278,15,0.483085
279,1,0.495545
279,2,0.504123
279,3,0.504977
279,4,0.506341
279,5,0.549014
279,6,0.525622
279,7,0.496160
279,8,0.497922
279,9,0.497430
279,10,0.515290
279,11,0.495156
279,12,0.493006
279,13,0.492148
279,14,0.491437
279,15,0.486614
280,1,0.495783
280,2,0.464594
280,3,0.456919
280,4,0.493006
280,5,0.496008
280,6,0.486216
280,7,0.488298
280,8,0.460426
280,9,0.248821
280,10,0.502117
280,11,0.459634
280,12,0.464015
280,13,0.479969
280,14,0.451509
280,15,0.511522
281,1,0.495545
281,2,0.499364
281,3,0.498310
281,4,0.494447
281,5,0.490608
281,6,0.490367
281,7,0.463013
281,8,0.473504
281,9,0.498258
281,10,0.524296
281,11,0.493389
281,12,0.491158
281,13,0.473956
281,14,0.523476
281,15,0.496160
282,1,0.397650
282,2,0.495545
282,3,0.550870
282,4,0.497094
282,5,0.495913
282,6,0.464451
282,7,0.309009
282,8,0.462839
282,9,0.466667
282,10,0.574110
282,11,0.434096
282,12,0.500261
282,13,0.525831
282,14,0.480461
282,15,0.498435
283,1,0.495545
283,2,0.504352
283,3,0.455854
283,4,0.492966
283,5,0.411744
283,6,0.423296
283,7,0.495768
283,8,0.492148
283,9,0.491437
283,10,0.491610
283,11,0.495212
283,12,0.466790
283,13,0.493924
283,14,0.428541
283,15,0.491532
284,1,0.512167
284,2,0.504123
284,3,0.498445
284,4,0.510409
284,5,0.450797
284,6,0.524486
284,7,0.490702
284,8,0.499683
284,9,0.495194
284,10,0.532031
284,11,0.454123
284,12,0.453603
284,13,0.497094
284,14,0.444884
284,15,0.537016
285,1,0.485880
285,2,0.495783
285,3,0.495444
285,4,0.497430
285,5,0.497094
285,6,0.486746
285,7,0.546623
285,8,0.471098
285,9,0.513402
285,10,0.443860
285,11,0.510400
285,12,0.454104
285,13,0.501971
285,14,0.488025
285,15,0.499683
286,1,0.495783
286,2,0.496160
286,3,0.502064
286,4,0.493006
286,5,0.488298
286,6,0.502064
286,7,0.495194
286,8,0.494445
286,9,0.492441
286,10,0.492148
286,11,0.464451
286,12,0.482136
286,13,0.495194
286,14,0.484381
286,15,0.494303
287,1,0.488714
287,2,0.499388
287,3,0.499514
287,4,0.492441
287,5,0.488948
287,6,0.489812
287,7,0.496676
287,8,0.510270
287,9,0.497094
287,10,0.491437
287,11,0.497642
287,12,0.501223
287,13,0.492966
287,14,0.434589
287,15,0.441067
288,1,0.500261
288,2,0.501971
288,3,0.529648
288,4,0.512790
288,5,0.504123
288,6,0.515290
288,7,0.426354
288,8,0.515626
288,9,0.504737
288,10,0.504977
288,11,0.536244
288,12,0.497207
288,13,0.498482
288,14,0.485880
288,15,0.504123
289,1,0.495545
289,2,0.504352
289,3,0.503569
289,4,0.493453
289,5,0.499683
289,6,0.503691
289,7,0.504695
289,8,0.482017
289,9,0.495953
289,10,0.464451
289,11,0.486493
289,12,0.491437
289,13,0.511078
289,14,0.506841
289,15,0.498991
290,1,0.495783
290,2,0.482941
290,3,0.515864
290,4,0.496160
290,5,0.491437
290,6,0.497642
290,7,0.495344
290,8,0.501559
290,9,0.498482
290,10,0.499514
290,11,0.498385
290,12,0.504977
290,13,0.504660
290,14,0.495755
290,15,0.457129
291,1,0.495783
291,2,0.493556
291,3,0.535909
291,4,0.494973
291,5,0.464751
291,6,0.495589
291,7,0.497410
291,8,0.492445
291,9,0.434589
291,10,0.475038
291,11,0.501971
291,12,0.504737
291,13,0.543019
291,14,0.498171
291,15,0.501559
292,1,0.489005
292,2,0.502064
292,3,0.499727
292,4,0.498081
292,5,0.495679
292,6,0.497094
292,7,0.495913
292,8,0.495476
292,9,0.464451
292,10,0.494014
292,11,0.374617
292,12,0.499727
292,13,0.501223
292,14,0.495691
292,15,0.494045
293,1,0.495783
293,2,0.502064
293,3,0.499727
293,4,0.501223
293,5,0.500704
293,6,0.494045
293,7,0.494045
293,8,0.547517
293,9,0.457197
293,10,0.497430
293,11,0.359624
293,12,0.497156
293,13,0.498081
293,14,0.507964
293,15,0.574110
294,1,0.495783
294,2,0.502064
294,3,0.532426
294,4,0.488298
294,5,0.489559
294,6,0.489146
294,7,0.498081
294,8,0.478463
294,9,0.499972
294,10,0.522371
294,11,0.497520
294,12,0.493166
294,13,0.490367
294,14,0.434589
294,15,0.457129
295,1,0.495783
295,2,0.468327
295,3,0.499727
295,4,0.495344
295,5,0.520477
295,6,0.494045
295,7,0.496160
295,8,0.485880
295,9,0.496160
295,10,0.491437
295,11,0.541730
295,12,0.499514
295,13,0.492441
295,14,0.497094
295,15,0.495913
296,1,0.500261
296,2,0.380913
296,3,0.532649
296,4,0.533186
296,5,0.495212
296,6,0.497922
296,7,0.497430
296,8,0.494926
296,9,0.486746
296,10,0.497922
296,11,0.525622
296,12,0.513335
296,13,0.504123
296,14,0.470284
296,15,0.479866
297,1,0.495783
297,2,0.457267
297,3,0.498168
297,4,0.497733
297,5,0.495587
297,6,0.495831
297,7,0.531294
297,8,0.455226
297,9,0.439041
297,10,0.435783
297,11,0.513124
297,12,0.562031
297,13,0.497013
297,14,0.497922
297,15,0.479940
298,1,0.500261
298,2,0.461048
298,3,0.541212
298,4,0.478801
298,5,0.509576
298,6,0.505602
298,7,0.482520
298,8,0.533704
298,9,0.498310
298,10,0.499364
298,11,0.495156
298,12,0.497156
298,13,0.499727
298,14,0.488983
298,15,0.474683
299,1,0.495545
299,2,0.504123
299,3,0.504977
299,4,0.504660
299,5,0.446665
299,6,0.495156
299,7,0.475296
299,8,0.486922
299,9,0.488298
299,10,0.434589
299,11,0.479866
299,12,0.451663
299,13,0.517781
299,14,0.472144
299,15,0.527674
300,1,0.500261
300,2,0.513402
300,3,0.457129
300,4,0.505564
300,5,0.498822
300,6,0.496676
300,7,0.497891
300,8,0.494973
300,9,0.498369
300,10,0.498379
300,11,0.494045
300,12,0.489961
300,13,0.494301
300,14,0.495476
300,15,0.494014
301,1,0.521122
301,2,0.504352
301,3,0.466487
301,4,0.495768
301,5,0.493638
301,6,0.490333
301,7,0.489535
301,8,0.491158
301,9,0.491158
301,10,0.498283
301,11,0.498885
301,12,0.498310
301,13,0.380913
301,14,0.504352
301,15,0.504123
302,1,0.500261
302,2,0.514309
302,3,0.504737
302,4,0.502497
302,5,0.493389
302,6,0.438342
302,7,0.520477
302,8,0.463743
302,9,0.497013
302,10,0.496676
302,11,0.499514
302,12,0.466824
302,13,0.501054
302,14,0.493453
302,15,0.547988
303,1,0.495783
303,2,0.497922
303,3,0.520477
303,4,0.504123
303,5,0.459058
303,6,0.497013
303,7,0.496160
303,8,0.505408
303,9,0.495194
303,10,0.494445
303,11,0.477949
303,12,0.249193
303,13,0.495831
303,14,0.489529
303,15,0.473153
304,1,0.500261
304,2,0.535561
304,3,0.492148
304,4,0.468278
304,5,0.491141
304,6,0.492148
304,7,0.475608
304,8,0.495181
304,9,0.490608
304,10,0.488466
304,11,0.495181
304,12,0.532359
304,13,0.464566
304,14,0.467165
304,15,0.480236
305,1,0.495545
305,2,0.436940
305,3,0.504352
305,4,0.498901
305,5,0.497922
305,6,0.497891
305,7,0.496596
305,8,0.494601
305,9,0.459220
305,10,0.492501
305,11,0.497338
305,12,0.540988
305,13,0.555991
305,14,0.497013
305,15,0.502064
306,1,0.500261
306,2,0.501971
306,3,0.476138
306,4,0.336602
306,5,0.505720
306,6,0.478288
306,7,0.506341
306,8,0.500704
306,9,0.499683
306,10,0.474698
306,11,0.549674
306,12,0.430471
306,13,0.502043
306,14,0.496160
306,15,0.491437
307,1,0.495783
307,2,0.502064
307,3,0.493006
307,4,0.499683
307,5,0.499727
307,6,0.501223
307,7,0.574110
307,8,0.456706
307,9,0.441876
307,10,0.462870
307,11,0.475682
307,12,0.497891
307,13,0.477847
307,14,0.463451
307,15,0.502331
308,1,0.495783
308,2,0.497922
308,3,0.497430
308,4,0.496763
308,5,0.498283
308,6,0.498901
308,7,0.497094
308,8,0.491437
308,9,0.486216
308,10,0.496008
308,11,0.499727
308,12,0.490194
308,13,0.497935
308,14,0.520410
308,15,0.547242
309,1,0.495783
309,2,0.496160
309,3,0.502064
309,4,0.495194
309,5,0.498258
309,6,0.498973
309,7,0.498379
309,8,0.496676
309,9,0.491610
309,10,0.494926
309,11,0.486746
309,12,0.495783
309,13,0.522955
309,14,0.495181
309,15,0.494110
310,1,0.500261
310,2,0.480960
310,3,0.499514
310,4,0.311881
310,5,0.497595
310,6,0.367104
310,7,0.491532
310,8,0.515105
310,9,0.533703
310,10,0.468827
310,11,0.488589
310,12,0.491427
310,13,0.547988
310,14,0.494926
310,15,0.494332
311,1,0.520477
311,2,0.500261
311,3,0.497013
311,4,0.515290
311,5,0.536226
311,6,0.496160
311,7,0.450901
311,8,0.497922
311,9,0.421937
311,10,0.497430
311,11,0.574110
311,12,0.518242
311,13,0.523915
311,14,0.489768
311,15,0.499364
312,1,0.495545
312,2,0.504352
312,3,0.474714
312,4,0.495831
312,5,0.480236
312,6,0.504737
312,7,0.504977
312,8,0.547988
312,9,0.498822
312,10,0.494045
312,11,0.491077
312,12,0.497711
312,13,0.491323
312,14,0.498369
312,15,0.498117
313,1,0.495783
313,2,0.496160
313,3,0.491437
313,4,0.491610
313,5,0.457761
313,6,0.498171
313,7,0.493337
313,8,0.491610
313,9,0.493235
313,10,0.501971
313,11,0.499514
313,12,0.520477
313,13,0.494983
313,14,0.498885
313,15,0.397650
314,1,0.493109
314,2,0.504123
314,3,0.504977
314,4,0.506341
314,5,0.464451
314,6,0.510494
314,7,0.500704
314,8,0.501009
314,9,0.496662
314,10,0.534894
314,11,0.380913
314,12,0.217294
314,13,0.496676
314,14,0.446036
314,15,0.427338
315,1,0.495783
315,2,0.497922
315,3,0.508753
315,4,0.497430
315,5,0.496160
315,6,0.491437
315,7,0.485880
315,8,0.495194
315,9,0.457203
315,10,0.498369
315,11,0.217294
315,12,0.503279
315,13,0.505822
315,14,0.507642
315,15,0.471671
316,1,0.464451
316,2,0.522663
316,3,0.496160
316,4,0.491437
316,5,0.499727
316,6,0.492464
316,7,0.000000
316,8,0.508134
316,9,0.496676
316,10,0.497430
316,11,0.494926
316,12,0.489224
316,13,0.480676
316,14,0.499727
316,15,0.495344
317,1,0.486746
317,2,0.530577
317,3,0.496196
317,4,0.497922
317,5,0.470140
317,6,0.498369
317,7,0.492007
317,8,0.497388
317,9,0.477233
317,10,0.493850
317,11,0.527474
317,12,0.481983
317,13,0.513402
317,14,0.503279
317,15,0.495679
318,1,0.500261
318,2,0.473956
318,3,0.513402
318,4,0.459058
318,5,0.497013
318,6,0.432130
318,7,0.496676
318,8,0.434589
318,9,0.497891
318,10,0.499833
318,11,0.460623
318,12,0.493453
318,13,0.493637
318,14,0.492148
318,15,0.494332
319,1,0.515290
319,2,0.426354
319,3,0.500261
319,4,0.475747
319,5,0.525634
319,6,0.495679
319,7,0.444374
319,8,0.455982
319,9,0.496676
319,10,0.497430
319,11,0.547988
319,12,0.497094
319,13,0.497094
319,14,0.491457
319,15,0.485880
320,1,0.495783
320,2,0.497922
320,3,0.529648
320,4,0.497430
320,5,0.496763
320,6,0.498283
320,7,0.497626
320,8,0.494231
320,9,0.494601
320,10,0.499727
320,11,0.504988
320,12,0.496952
320,13,0.510494
320,14,0.500704
320,15,0.434589
321,1,0.495783
321,2,0.457081
321,3,0.499727
321,4,0.456989
321,5,0.493604
321,6,0.499047
321,7,0.495212
321,8,0.566955
321,9,0.496160
321,10,0.497922
321,11,0.497430
321,12,0.397650
321,13,0.497094
321,14,0.494332
321,15,0.491437
322,1,0.456642
322,2,0.513402
322,3,0.510400
322,4,0.314447
322,5,0.510494
322,6,0.501729
322,7,0.495679
322,8,0.498991
322,9,0.489812
322,10,0.496008
322,11,0.489145
322,12,0.501559
322,13,0.496406
322,14,0.492148
322,15,0.532212
323,1,0.500261
323,2,0.497013
323,3,0.492148
323,4,0.491312
323,5,0.464451
323,6,0.486737
323,7,0.491437
323,8,0.543035
323,9,0.494445
323,10,0.488479
323,11,0.494310
323,12,0.494983
323,13,0.495757
323,14,0.501651
323,15,0.497329
324,1,0.485880
324,2,0.549676
324,3,0.502064
324,4,0.471227
324,5,0.466086
324,6,0.500704
324,7,0.497935
324,8,0.455614
324,9,0.497664
324,10,0.452355
324,11,0.499514
324,12,0.504352
324,13,0.515805
324,14,0.523915
324,15,0.498885
325,1,0.500261
325,2,0.497013
325,3,0.487969
325,4,0.489961
325,5,0.489559
325,6,0.540536
325,7,0.493351
325,8,0.543716
325,9,0.460721
325,10,0.453392
325,11,0.482952
325,12,0.463931
325,13,0.495194
325,14,0.498258
325,15,0.536140
326,1,0.495783
326,2,0.502064
326,3,0.499727
326,4,0.515290
326,5,0.510400
326,6,0.510400
326,7,0.510494
326,8,0.473895
326,9,0.510494
326,10,0.509059
326,11,0.509059
326,12,0.503279
326,13,0.436940
326,14,0.470206
326,15,0.498171
327,1,0.460637
327,2,0.502064
327,3,0.499727
327,4,0.534727
327,5,0.491786
327,6,0.497430
327,7,0.494926
327,8,0.491437
327,9,0.491610
327,10,0.487258
327,11,0.486307
327,12,0.493132
327,13,0.492884
327,14,0.464313
327,15,0.472542
328,1,0.495783
328,2,0.492297
328,3,0.497922
328,4,0.504352
328,5,0.547430
328,6,0.499364
328,7,0.547988
328,8,0.498310
328,9,0.499364
328,10,0.531294
328,11,0.516007
328,12,0.472272
328,13,0.448489
328,14,0.495831
328,15,0.497520
329,1,0.495545
329,2,0.520651
329,3,0.496160
329,4,0.491437
329,5,0.491610
329,6,0.487258
329,7,0.530390
329,8,0.499514
329,9,0.501054
329,10,0.495768
329,11,0.498566
329,12,0.498482
329,13,0.490702
329,14,0.495156
329,15,0.495194
330,1,0.548001
330,2,0.496160
330,3,0.497922
330,4,0.475598
330,5,0.555991
330,6,0.477831
330,7,0.495831
330,8,0.471125
330,9,0.502497
330,10,0.493389
330,11,0.498991
330,12,0.489146
330,13,0.492507
330,14,0.491610
330,15,0.458765
331,1,0.500261
331,2,0.497013
331,3,0.499683
331,4,0.498482
331,5,0.498852
331,6,0.492297
331,7,0.534090
331,8,0.471115
331,9,0.501971
331,10,0.499514
331,11,0.541660
331,12,0.489859
331,13,0.499683
331,14,0.494080
331,15,0.494445
332,1,0.463993
332,2,0.501971
332,3,0.499514
332,4,0.467821
332,5,0.501506
332,6,0.481616
332,7,0.457232
332,8,0.462149
332,9,0.496662
332,10,0.494445
332,11,0.490083
332,12,0.490083
332,13,0.547988
332,14,0.494973
332,15,0.504977
333,1,0.500261
333,2,0.497013
333,3,0.499683
333,4,0.499727
333,5,0.495344
333,6,0.442102
333,7,0.488298
333,8,0.491437
333,9,0.493006
333,10,0.486746
333,11,0.501971
333,12,0.535272
333,13,0.498310
333,14,0.496817
333,15,0.494926
334,1,0.495545
334,2,0.499364
334,3,0.497094
334,4,0.496346
334,5,0.494447
334,6,0.495768
334,7,0.492148
334,8,0.494332
334,9,0.512959
334,10,0.497891
334,11,0.500983
334,12,0.498885
334,13,0.497483
334,14,0.496544
334,15,0.490253
335,1,0.457129
335,2,0.495545
335,3,0.499364
335,4,0.497094
335,5,0.491437
335,6,0.495194
335,7,0.504737
335,8,0.458940
335,9,0.498379
335,10,0.497935
335,11,0.505822
335,12,0.503280
335,13,0.501179
335,14,0.507642
335,15,0.510400
336,1,0.500261
336,2,0.497013
336,3,0.464451
336,4,0.537698
336,5,0.499683
336,6,0.493152
336,7,0.575973
336,8,0.557856
336,9,0.502064
336,10,0.469285
336,11,0.524667
336,12,0.513402
336,13,0.464677
336,14,0.498822
336,15,0.543977
337,1,0.495783
337,2,0.496160
337,3,0.497711
337,4,0.498139
337,5,0.493656
337,6,0.496653
337,7,0.497635
337,8,0.497635
337,9,0.500346
337,10,0.500346
337,11,0.486140
337,12,0.309042
337,13,0.500391
337,14,0.501266
337,15,0.500391
338,1,0.500261
338,2,0.501971
338,3,0.504737
338,4,0.457129
338,5,0.495768
338,6,0.490367
338,7,0.491312
338,8,0.508753
338,9,0.497891
338,10,0.499364
338,11,0.497922
338,12,0.497430
338,13,0.494926
338,14,0.486746
338,15,0.540406
339,1,0.504507
339,2,0.532649
339,3,0.495212
339,4,0.490988
339,5,0.443806
339,6,0.508753
339,7,0.489559
339,8,0.501971
339,9,0.499514
339,10,0.494983
339,11,0.529648
339,12,0.495757
339,13,0.495831
339,14,0.501266
339,15,0.502497
340,1,0.438229
340,2,0.504352
340,3,0.526624
340,4,0.498885
340,5,0.532459
340,6,0.496544
340,7,0.547988
340,8,0.496544
340,9,0.547988
340,10,0.495783
340,11,0.502064
340,12,0.495194
340,13,0.480533
340,14,0.494000
340,15,0.493389
341,1,0.495783
341,2,0.489306
341,3,0.494332
341,4,0.461727
341,5,0.496160
341,6,0.491437
341,7,0.493006
341,8,0.492148
341,9,0.494332
341,10,0.489559
341,11,0.497642
341,12,0.498081
341,13,0.498716
341,14,0.487886
341,15,0.490988
342,1,0.478695
342,2,0.513402
342,3,0.498822
342,4,0.502210
342,5,0.502064
342,6,0.530367
342,7,0.493006
342,8,0.502064
342,9,0.493006
342,10,0.442974
342,11,0.546060
342,12,0.489559
342,13,0.461727
342,14,0.493006
342,15,0.497711
343,1,0.495783
343,2,0.496160
343,3,0.521663
343,4,0.491323
343,5,0.488656
343,6,0.488656
343,7,0.499514
343,8,0.479213
343,9,0.523449
343,10,0.498885
343,11,0.547428
343,12,0.491437
343,13,0.491610
343,14,0.477663
343,15,0.464946
344,1,0.500261
344,2,0.493095
344,3,0.503279
344,4,0.311119
344,5,0.495212
344,6,0.502064
344,7,0.495194
344,8,0.504737
344,9,0.502497
344,10,0.500232
344,11,0.475938
344,12,0.527474
344,13,0.487029
344,14,0.501971
344,15,0.504123
345,1,0.495783
345,2,0.497922
345,3,0.548550
345,4,0.485322
345,5,0.442844
345,6,0.405629
345,7,0.484593
345,8,0.493006
345,9,0.487969
345,10,0.489961
345,11,0.538743
345,12,0.491323
345,13,0.490811
345,14,0.488656
345,15,0.489657
346,1,0.495545
346,2,0.504352
346,3,0.498901
346,4,0.497922
346,5,0.482941
346,6,0.504352
346,7,0.504123
346,8,0.515153
346,9,0.492445
346,10,0.498431
346,11,0.498283
346,12,0.496596
346,13,0.498310
346,14,0.495181
346,15,0.508587
347,1,0.495545
347,2,0.495311
347,3,0.532282
347,4,0.286981
347,5,0.498901
347,6,0.498431
347,7,0.520074
347,8,0.495181
347,9,0.542292
347,10,0.500391
347,11,0.495212
347,12,0.490988
347,13,0.502064
347,14,0.499727
347,15,0.439497
348,1,0.495545
348,2,0.498659
348,3,0.468407
348,4,0.521932
348,5,0.495768
348,6,0.493638
348,7,0.497430
348,8,0.494926
348,9,0.494332
348,10,0.491437
348,11,0.486216
348,12,0.488298
348,13,0.491312
348,14,0.489610
348,15,0.497733
349,1,0.456480
349,2,0.501971
349,3,0.499514
349,4,0.529648
349,5,0.500983
349,6,0.500983
349,7,0.500346
349,8,0.473252
349,9,0.489772
349,10,0.498310
349,11,0.470750
349,12,0.504352
349,13,0.498901
349,14,0.547988
349,15,0.498310
350,1,0.500261
350,2,0.501971
350,3,0.495212
350,4,0.464451
350,5,0.499683
350,6,0.495194
350,7,0.498258
350,8,0.498973
350,9,0.518101
350,10,0.495768
350,11,0.492464
350,12,0.241763
350,13,0.500261
350,14,0.524980
350,15,0.504737
351,1,0.495545
351,2,0.486746
351,3,0.504123
351,4,0.500391
351,5,0.495212
351,6,0.498991
351,7,0.493097
351,8,0.491427
351,9,0.498991
351,10,0.493924
351,11,0.489812
351,12,0.492148
351,13,0.496676
351,14,0.497430
351,15,0.497711
352,1,0.495783
352,2,0.502064
352,3,0.508587
352,4,0.426354
352,5,0.493006
352,6,0.464786
352,7,0.495194
352,8,0.498258
352,9,0.508445
352,10,0.498973
352,11,0.509873
352,12,0.497207
352,13,0.497207
352,14,0.493906
352,15,0.506124
353,1,0.459310
353,2,0.495783
353,3,0.496160
353,4,0.494332
353,5,0.397650
353,6,0.564999
353,7,0.494332
353,8,0.459310
353,9,0.490635
353,10,0.497430
353,11,0.496763
353,12,0.494523
353,13,0.495006
353,14,0.496653
353,15,0.494231
354,1,0.380913
354,2,0.495783
354,3,0.547988
354,4,0.485880
354,5,0.531079
354,6,0.495545
354,7,0.499364
354,8,0.497094
354,9,0.496346
354,10,0.522940
354,11,0.496596
354,12,0.493235
354,13,0.532821
354,14,0.524886
354,15,0.496676
355,1,0.500261
355,2,0.501971
355,3,0.495212
355,4,0.490988
355,5,0.495913
355,6,0.494301
355,7,0.460426
355,8,0.497642
355,9,0.495482
355,10,0.492608
355,11,0.532197
355,12,0.502064
355,13,0.493006
355,14,0.488298
355,15,0.495183
356,1,0.500261
356,2,0.513402
356,3,0.498822
356,4,0.494045
356,5,0.495568
356,6,0.502279
356,7,0.520470
356,8,0.494045
356,9,0.492464
356,10,0.000000
356,11,0.497711
356,12,0.497430
356,13,0.444428
356,14,0.498310
356,15,0.495181
357,1,0.495545
357,2,0.504352
357,3,0.498901
357,4,0.489315
357,5,0.499727
357,6,0.498081
357,7,0.491897
357,8,0.487820
357,9,0.493789
357,10,0.461836
357,11,0.499727
357,12,0.503438
357,13,0.493995
357,14,0.499972
357,15,0.434589
358,1,0.500261
358,2,0.489591
358,3,0.499683
358,4,0.542448
358,5,0.488298
358,6,0.527880
358,7,0.498139
358,8,0.498385
358,9,0.495831
358,10,0.493179
358,11,0.497520
358,12,0.547988
358,13,0.500391
358,14,0.499514
358,15,0.520477
359,1,0.495545
359,2,0.504352
359,3,0.549040
359,4,0.497399
359,5,0.491457
359,6,0.495194
359,7,0.494445
359,8,0.490083
359,9,0.501054
359,10,0.493453
359,11,0.471671
359,12,0.493638
359,13,0.498283
359,14,0.500983
359,15,0.498901
360,1,0.495545
360,2,0.465280
360,3,0.495768
360,4,0.495156
360,5,0.491532
360,6,0.516507
360,7,0.489961
360,8,0.495183
360,9,0.380913
360,10,0.499727
360,11,0.501223
360,12,0.510400
360,13,0.510494
360,14,0.501729
360,15,0.501603
361,1,0.500261
361,2,0.497013
361,3,0.499683
361,4,0.436940
361,5,0.503691
361,6,0.543209
361,7,0.552442
361,8,0.507988
361,9,0.463545
361,10,0.471187
361,11,0.502989
361,12,0.510494
361,13,0.498374
361,14,0.497935
361,15,0.497664
362,1,0.495783
362,2,0.496160
362,3,0.497711
362,4,0.464885
362,5,0.490608
362,6,0.496676
362,7,0.497430
362,8,0.473426
362,9,0.493097
362,10,0.490448
362,11,0.465562
362,12,0.497110
362,13,0.465712
362,14,0.497094
362,15,0.491437
363,1,0.495545
363,2,0.504352
363,3,0.498901
363,4,0.497094
363,5,0.494332
363,6,0.497711
363,7,0.523064
363,8,0.498901
363,9,0.495156
363,10,0.491532
363,11,0.492501
363,12,0.487346
363,13,0.519937
363,14,0.497891
363,15,0.498385
364,1,0.492297
364,2,0.524587
364,3,0.528082
364,4,0.495156
364,5,0.491532
364,6,0.434589
364,7,0.488298
364,8,0.494332
364,9,0.489559
364,10,0.486216
364,11,0.488298
364,12,0.534221
364,13,0.494301
364,14,0.460763
364,15,0.502064
365,1,0.495783
365,2,0.497922
365,3,0.497430
365,4,0.495156
365,5,0.491532
365,6,0.492148
365,7,0.491437
365,8,0.486216
365,9,0.499683
365,10,0.498482
365,11,0.494445
365,12,0.501054
365,13,0.497110
365,14,0.520253
365,15,0.499683
366,1,0.500261
366,2,0.460860
366,3,0.479538
366,4,0.497935
366,5,0.520816
366,6,0.488474
366,7,0.497094
366,8,0.496346
366,9,0.493179
366,10,0.502064
366,11,0.547075
366,12,0.496160
366,13,0.492464
366,14,0.496160
366,15,0.497922
367,1,0.495545
367,2,0.504352
367,3,0.498901
367,4,0.497399
367,5,0.497711
367,6,0.498139
367,7,0.493742
367,8,0.494332
367,9,0.496160
367,10,0.497711
367,11,0.497430
367,12,0.497094
367,13,0.434589
367,14,0.496160
367,15,0.479597
368,1,0.473956
368,2,0.495545
368,3,0.504352
368,4,0.500983
368,5,0.490215
368,6,0.488479
368,7,0.441839
368,8,0.502064
368,9,0.501971
368,10,0.495212
368,11,0.499683
368,12,0.485880
368,13,0.476119
368,14,0.505465
368,15,0.497013
369,1,0.500261
369,2,0.501971
369,3,0.499514
369,4,0.501054
369,5,0.501651
369,6,0.488322
369,7,0.493093
369,8,0.547988
369,9,0.534674
369,10,0.456752
369,11,0.499727
369,12,0.501223
369,13,0.515242
369,14,0.217294
369,15,0.547988
370,1,0.482941
370,2,0.513942
370,3,0.504352
370,4,0.500983
370,5,0.500346
370,6,0.497635
370,7,0.495587
370,8,0.574110
370,9,0.465778
370,10,0.500391
370,11,0.504737
370,12,0.500391
370,13,0.492445
370,14,0.498991
370,15,0.493924
371,1,0.500261
371,2,0.492464
371,3,0.532282
371,4,0.497013
371,5,0.499683
371,6,0.495194
371,7,0.491427
371,8,0.491075
371,9,0.474698
371,10,0.491427
371,11,0.490988
371,12,0.494332
371,13,0.491437
371,14,0.491610
371,15,0.498258
372,1,0.495783
372,2,0.496160
372,3,0.532758
372,4,0.426354
372,5,0.494301
372,6,0.491437
372,7,0.491610
372,8,0.493351
372,9,0.498973
372,10,0.501179
372,11,0.501179
372,12,0.495953
372,13,0.497094
372,14,0.522955
372,15,0.553196
373,1,0.495545
373,2,0.504352
373,3,0.498901
373,4,0.498431
373,5,0.497891
373,6,0.500983
373,7,0.500346
373,8,0.500983
373,9,0.498885
373,10,0.479314
373,11,0.493097
373,12,0.494445
373,13,0.482520
373,14,0.490083
373,15,0.500983
374,1,0.495783
374,2,0.502064
374,3,0.469414
374,4,0.495344
374,5,0.486187
374,6,0.491312
374,7,0.544948
374,8,0.552379
374,9,0.539950
374,10,0.494973
374,11,0.495768
374,12,0.498566
374,13,0.531294
374,14,0.493006
374,15,0.489306
375,1,0.495545
375,2,0.545566
375,3,0.441741
375,4,0.521767
375,5,0.504352
375,6,0.500983
375,7,0.509038
375,8,0.540988
375,9,0.498310
375,10,0.497430
375,11,0.498310
375,12,0.458765
375,13,0.486920
375,14,0.504123
375,15,0.500391
376,1,0.495545
376,2,0.504352
376,3,0.498901
376,4,0.498310
376,5,0.498283
376,6,0.497626
376,7,0.495587
376,8,0.488404
376,9,0.524886
376,10,0.499683
376,11,0.496406
376,12,0.492507
376,13,0.498435
376,14,0.500482
376,15,0.510494
377,1,0.500261
377,2,0.513402
377,3,0.503279
377,4,0.505822
377,5,0.502497
377,6,0.499514
377,7,0.494983
377,8,0.520477
377,9,0.489859
377,10,0.464451
377,11,0.502064
377,12,0.495194
377,13,0.495212
377,14,0.492148
377,15,0.495183
378,1,0.500261
378,2,0.501971
378,3,0.488863
378,4,0.452359
378,5,0.497094
378,6,0.502064
378,7,0.493006
378,8,0.492148
378,9,0.499683
378,10,0.509719
378,11,0.496676
378,12,0.497891
378,13,0.494973
378,14,0.488226
378,15,0.496676
379,1,0.512167
379,2,0.470092
379,3,0.504977
379,4,0.504660
379,5,0.468959
379,6,0.445039
379,7,0.472462
379,8,0.499139
379,9,0.501054
379,10,0.493117
379,11,0.496676
379,12,0.464451
379,13,0.499364
379,14,0.498310
379,15,0.488479
380,1,0.442102
380,2,0.456919
380,3,0.500261
380,4,0.497013
380,5,0.498064
380,6,0.497891
380,7,0.498901
380,8,0.523217
380,9,0.495156
380,10,0.547172
380,11,0.497013
380,12,0.497922
380,13,0.520006
380,14,0.495156
380,15,0.455866
381,1,0.500261
381,2,0.445859
381,3,0.497013
381,4,0.492148
381,5,0.494332
381,6,0.494301
381,7,0.495476
381,8,0.492827
381,9,0.494332
381,10,0.502064
381,11,0.434589
381,12,0.501971
381,13,0.495212
381,14,0.494792
381,15,0.493789
382,1,0.495545
382,2,0.504352
382,3,0.458765
382,4,0.500983
382,5,0.495587
382,6,0.501651
382,7,0.504660
382,8,0.442102
382,9,0.495679
382,10,0.494045
382,11,0.494332
382,12,0.445859
382,13,0.491437
382,14,0.493006
382,15,0.496008
383,1,0.495783
383,2,0.502064
383,3,0.499727
383,4,0.495344
383,5,0.494045
383,6,0.495183
383,7,0.497642
383,8,0.492250
383,9,0.464451
383,10,0.491897
383,11,0.490988
383,12,0.491437
383,13,0.497642
383,14,0.498081
383,15,0.495679
384,1,0.495783
384,2,0.502064
384,3,0.495194
384,4,0.504737
384,5,0.529648
384,6,0.507642
384,7,0.460879
384,8,0.501603
384,9,0.492441
384,10,0.497399
384,11,0.495913
384,12,0.547517
384,13,0.495476
384,14,0.494014
384,15,0.510741
385,1,0.495783
385,2,0.445859
385,3,0.496160
385,4,0.469999
385,5,0.499727
385,6,0.495344
385,7,0.496008
385,8,0.499727
385,9,0.495344
385,10,0.501559
385,11,0.488632
385,12,0.526542
385,13,0.498435
385,14,0.490972
385,15,0.533129
386,1,0.495783
386,2,0.496160
386,3,0.496160
386,4,0.494332
386,5,0.494332
386,6,0.491437
386,7,0.497642
386,8,0.434589
386,9,0.449506
386,10,0.495691
386,11,0.501559
386,12,0.503691
386,13,0.498822
386,14,0.518878
386,15,0.450793
387,1,0.459310
387,2,0.495783
387,3,0.497922
387,4,0.434589
387,5,0.499364
387,6,0.502064
387,7,0.499727
387,8,0.501223
387,9,0.495691
387,10,0.496900
387,11,0.498435
387,12,0.463362
387,13,0.498117
387,14,0.506341
387,15,0.488479
388,1,0.464451
388,2,0.495783
388,3,0.496160
388,4,0.497711
388,5,0.494014
388,6,0.491741
388,7,0.436940
388,8,0.502064
388,9,0.495194
388,10,0.542183
388,11,0.498258
388,12,0.494000
388,13,0.496195
388,14,0.464451
388,15,0.502170
389,1,0.495783
389,2,0.497922
389,3,0.497891
389,4,0.496596
389,5,0.498310
389,6,0.494447
389,7,0.494110
389,8,0.494445
389,9,0.490083
389,10,0.492441
389,11,0.498991
389,12,0.523235
389,13,0.491427
389,14,0.509592
389,15,0.491075
390,1,0.495783
390,2,0.497922
390,3,0.497430
390,4,0.495156
390,5,0.529648
390,6,0.499727
390,7,0.435089
390,8,0.503279
390,9,0.495679
390,10,0.495156
390,11,0.436940
390,12,0.543035
390,13,0.449317
390,14,0.498258
390,15,0.469069
391,1,0.495783
391,2,0.497922
391,3,0.497891
391,4,0.496596
391,5,0.490874
391,6,0.490874
391,7,0.494470
391,8,0.504123
391,9,0.533117
391,10,0.461055
391,11,0.000000
391,12,0.499727
391,13,0.495344
391,14,0.457620
391,15,0.492148
392,1,0.495783
392,2,0.497922
392,3,0.497891
392,4,0.475545
392,5,0.491853
392,6,0.545566
392,7,0.497013
392,8,0.497922
392,9,0.380913
392,10,0.495181
392,11,0.498369
392,12,0.560633
392,13,0.506341
392,14,0.506341
392,15,0.504695
393,1,0.495545
393,2,0.489901
393,3,0.495156
393,4,0.491532
393,5,0.564999
393,6,0.502064
393,7,0.499727
393,8,0.495344
393,9,0.501559
393,10,0.502279
393,11,0.500704
393,12,0.494045
393,13,0.495183
393,14,0.491610
393,15,0.491427
394,1,0.500261
394,2,0.501971
394,3,0.547988
394,4,0.488863
394,5,0.490988
394,6,0.494332
394,7,0.531294
394,8,0.494332
394,9,0.548126
394,10,0.497922
394,11,0.497891
394,12,0.500983
394,13,0.498885
394,14,0.495156
394,15,0.499727
395,1,0.500261
395,2,0.513402
395,3,0.549014
395,4,0.497935
395,5,0.493644
395,6,0.497733
395,7,0.508753
395,8,0.498885
395,9,0.432130
395,10,0.498310
395,11,0.498283
395,12,0.496596
395,13,0.498431
395,14,0.495318
395,15,0.493235
396,1,0.495545
396,2,0.504123
396,3,0.500391
396,4,0.501266
396,5,0.458765
396,6,0.493166
396,7,0.494792
396,8,0.493644
396,9,0.494973
396,10,0.518681
396,11,0.498566
396,12,0.493906
396,13,0.490702
396,14,0.487820
396,15,0.493789
397,1,0.495783
397,2,0.502064
397,3,0.508587
397,4,0.493006
397,5,0.492148
397,6,0.497711
397,7,0.491323
397,8,0.454179
397,9,0.494110
397,10,0.492445
397,11,0.497094
397,12,0.491437
397,13,0.436940
397,14,0.528779
397,15,0.504737
398,1,0.495545
398,2,0.499364
398,3,0.498310
398,4,0.498283
398,5,0.493497
398,6,0.500346
398,7,0.500346
398,8,0.492538
398,9,0.493453
398,10,0.498566
398,11,0.498482
398,12,0.501603
398,13,0.499972
398,14,0.492250
398,15,0.495156
399,1,0.479353
399,2,0.338426
399,3,0.504352
399,4,0.504352
399,5,0.500983
399,6,0.495587
399,7,0.495831
399,8,0.492445
399,9,0.498991
399,10,0.491532
399,11,0.492148
399,12,0.547517
399,13,0.495476
399,14,0.492827
399,15,0.497094
400,1,0.495545
400,2,0.504123
400,3,0.504977
400,4,0.498822
400,5,0.512963
400,6,0.492832
400,7,0.574110
400,8,0.500983
400,9,0.500346
400,10,0.461671
400,11,0.497094
400,12,0.495913
400,13,0.495476
400,14,0.495181
400,15,0.504977
401,1,0.495783
401,2,0.493703
401,3,0.497430
401,4,0.547988
401,5,0.496763
401,6,0.497430
401,7,0.492297
401,8,0.495156
401,9,0.497156
401,10,0.503279
401,11,0.338192
401,12,0.503280
401,13,0.500704
401,14,0.249384
401,15,0.501559
402,1,0.500261
402,2,0.497013
402,3,0.499683
402,4,0.488479
402,5,0.497013
402,6,0.499683
402,7,0.499727
402,8,0.521756
402,9,0.493995
402,10,0.493995
402,11,0.488122
402,12,0.498310
402,13,0.494447
402,14,0.437005
402,15,0.490608
403,1,0.495545
403,2,0.504123
403,3,0.464451
403,4,0.495768
403,5,0.492148
403,6,0.457129
403,7,0.491437
403,8,0.491610
403,9,0.494445
403,10,0.501054
403,11,0.531294
403,12,0.504977
403,13,0.464072
403,14,0.498822
403,15,0.494045
404,1,0.500261
404,2,0.513402
404,3,0.503279
404,4,0.505822
404,5,0.492464
404,6,0.503280
404,7,0.506341
404,8,0.500704
404,9,0.522962
404,10,0.498435
404,11,0.493874
404,12,0.511610
404,13,0.490972
404,14,0.498566
404,15,0.499727
405,1,0.500261
405,2,0.497013
405,3,0.496676
405,4,0.497891
405,5,0.494973
405,6,0.493453
405,7,0.493638
405,8,0.493644
405,9,0.489754
405,10,0.528577
405,11,0.488474
405,12,0.497399
405,13,0.489038
405,14,0.495476
405,15,0.498139
406,1,0.500261
406,2,0.497013
406,3,0.496676
406,4,0.498435
406,5,0.500482
406,6,0.493874
406,7,0.511688
406,8,0.476278
406,9,0.449484
406,10,0.491532
406,11,0.481173
406,12,0.493644
406,13,0.446879
406,14,0.494523
406,15,0.501651
407,1,0.500261
407,2,0.497013
407,3,0.492148
407,4,0.479895
407,5,0.579701
407,6,0.499364
407,7,0.497094
407,8,0.496346
407,9,0.464451
407,10,0.495181
407,11,0.493006
407,12,0.496676
407,13,0.491610
407,14,0.495156
407,15,0.520477
408,1,0.471671
408,2,0.463495
408,3,0.495545
408,4,0.504352
408,5,0.500983
408,6,0.498385
408,7,0.485880
408,8,0.493453
408,9,0.574110
408,10,0.497922
408,11,0.497430
408,12,0.498310
408,13,0.497891
408,14,0.497733
408,15,0.500346
409,1,0.495783
409,2,0.496160
409,3,0.497711
409,4,0.491323
409,5,0.494110
409,6,0.492445
409,7,0.494792
409,8,0.493789
409,9,0.498171
409,10,0.493638
409,11,0.497891
409,12,0.496596
409,13,0.496763
409,14,0.457129
409,15,0.497430
410,1,0.495545
410,2,0.574110
410,3,0.504123
410,4,0.504977
410,5,0.498822
410,6,0.499683
410,7,0.496406
410,8,0.494668
410,9,0.471671
410,10,0.491323
410,11,0.504977
410,12,0.485880
410,13,0.503279
410,14,0.526443
410,15,0.522103
411,1,0.495783
411,2,0.496160
411,3,0.497711
411,4,0.497430
411,5,0.491437
411,6,0.497642
411,7,0.492250
411,8,0.495679
411,9,0.488479
411,10,0.498310
411,11,0.498385
411,12,0.547988
411,13,0.504977
411,14,0.504660
411,15,0.495679
412,1,0.534946
412,2,0.443065
412,3,0.449943
412,4,0.497922
412,5,0.497891
412,6,0.497733
412,7,0.500346
412,8,0.498385
412,9,0.501651
412,10,0.498379
412,11,0.499683
412,12,0.496406
412,13,0.496676
412,14,0.493644
412,15,0.492441
413,1,0.495783
413,2,0.531294
413,3,0.496160
413,4,0.496160
413,5,0.497711
413,6,0.497891
413,7,0.498901
413,8,0.494601
413,9,0.499727
413,10,0.495344
413,11,0.501559
413,12,0.496406
413,13,0.492507
413,14,0.492654
413,15,0.443065
414,1,0.482941
414,2,0.495545
414,3,0.499364
414,4,0.497094
414,5,0.495156
414,6,0.497156
414,7,0.498822
414,8,0.497935
414,9,0.501603
414,10,0.498901
414,11,0.498431
414,12,0.478202
414,13,0.495318
414,14,0.491437
414,15,0.491610
415,1,0.500261
415,2,0.497013
415,3,0.492148
415,4,0.519650
415,5,0.486737
415,6,0.491741
415,7,0.495476
415,8,0.497430
415,9,0.496763
415,10,0.494447
415,11,0.491464
415,12,0.475032
415,13,0.496873
415,14,0.489535
415,15,0.494601
416,1,0.500261
416,2,0.501971
416,3,0.495212
416,4,0.466810
416,5,0.493006
416,6,0.466679
416,7,0.492507
416,8,0.498435
416,9,0.498369
416,10,0.498379
416,11,0.464451
416,12,0.501559
416,13,0.500704
416,14,0.501559
416,15,0.502279
417,1,0.495545
417,2,0.504123
417,3,0.500391
417,4,0.499514
417,5,0.492441
417,6,0.494601
417,7,0.493097
417,8,0.487289
417,9,0.494792
417,10,0.497430
417,11,0.493235
417,12,0.457129
417,13,0.495194
417,14,0.498258
417,15,0.520477
418,1,0.500261
418,2,0.501971
418,3,0.499514
418,4,0.501054
418,5,0.504977
418,6,0.503279
418,7,0.495679
418,8,0.494792
418,9,0.498283
418,10,0.494973
418,11,0.493453
418,12,0.490367
418,13,0.486953
418,14,0.489559
418,15,0.492643
419,1,0.456480
419,2,0.501971
419,3,0.495212
419,4,0.487807
419,5,0.496346
419,6,0.485987
419,7,0.498369
419,8,0.544886
419,9,0.492563
419,10,0.495156
419,11,0.493006
419,12,0.496008
419,13,0.503691
419,14,0.500704
419,15,0.488571
420,1,0.500261
420,2,0.445859
420,3,0.497013
420,4,0.492148
420,5,0.489961
420,6,0.497711
420,7,0.497891
420,8,0.497733
420,9,0.497733
420,10,0.498885
420,11,0.497399
420,12,0.496346
420,13,0.494014
420,14,0.494926
420,15,0.495913
421,1,0.495783
421,2,0.488479
421,3,0.496160
421,4,0.497922
421,5,0.497891
421,6,0.496596
421,7,0.523210
421,8,0.491264
421,9,0.495768
421,10,0.493638
421,11,0.498435
421,12,0.493874
421,13,0.496406
421,14,0.456852
421,15,0.491610
422,1,0.500261
422,2,0.513402
422,3,0.510400
422,4,0.504695
422,5,0.495679
422,6,0.502064
422,7,0.495194
422,8,0.491427
422,9,0.494926
422,10,0.489559
422,11,0.497642
422,12,0.495482
422,13,0.500704
422,14,0.495871
422,15,0.491437
423,1,0.495783
423,2,0.497922
423,3,0.497891
423,4,0.494973
423,5,0.490799
423,6,0.494913
423,7,0.513402
423,8,0.510400
423,9,0.500704
423,10,0.494045
423,11,0.491852
423,12,0.493644
423,13,0.494973
423,14,0.493453
423,15,0.490367
424,1,0.467425
424,2,0.497013
424,3,0.473956
424,4,0.496676
424,5,0.504737
424,6,0.504977
424,7,0.520470
424,8,0.494045
424,9,0.494332
424,10,0.494301
424,11,0.497711
424,12,0.494014
424,13,0.498310
424,14,0.496817
424,15,0.498310
425,1,0.500261
425,2,0.489313
425,3,0.492148
425,4,0.497711
425,5,0.498139
425,6,0.494973
425,7,0.488226
425,8,0.499683
425,9,0.495194
425,10,0.491427
425,11,0.490988
425,12,0.491457
425,13,0.497642
425,14,0.488896
425,15,0.490561
426,1,0.495545
426,2,0.499364
426,3,0.495156
426,4,0.493097
426,5,0.496195
426,6,0.498901
426,7,0.495156
426,8,0.491532
426,9,0.512543
426,10,0.493644
426,11,0.497733
426,12,0.496653
426,13,0.466129
426,14,0.501651
426,15,0.491305
427,1,0.495545
427,2,0.504352
427,3,0.498901
427,4,0.498431
427,5,0.465901
427,6,0.491464
427,7,0.495112
427,8,0.498973
427,9,0.494000
427,10,0.492445
427,11,0.547988
427,12,0.495156
427,13,0.512644
427,14,0.496676
427,15,0.491610
428,1,0.495783
428,2,0.497922
428,3,0.497891
428,4,0.496596
428,5,0.495156
428,6,0.493097
428,7,0.494445
428,8,0.481465
428,9,0.497110
428,10,0.498768
428,11,0.485647
428,12,0.495545
428,13,0.499364
428,14,0.462291
428,15,0.497156
429,1,0.489005
429,2,0.497922
429,3,0.495181
429,4,0.495768
429,5,0.496676
429,6,0.491610
429,7,0.547517
429,8,0.497711
429,9,0.491323
429,10,0.498369
429,11,0.498117
429,12,0.495337
429,13,0.497935
429,14,0.497891
429,15,0.497733
430,1,0.495545
430,2,0.499364
430,3,0.498310
430,4,0.498283
430,5,0.522322
430,6,0.498385
430,7,0.456990
430,8,0.504660
430,9,0.495755
430,10,0.489535
430,11,0.497094
430,12,0.494332
430,13,0.494301
430,14,0.497711
430,15,0.497891
431,1,0.495545
431,2,0.499364
431,3,0.495156
431,4,0.491532
431,5,0.492501
431,6,0.503691
431,7,0.493850
431,8,0.493850
431,9,0.502064
431,10,0.499727
431,11,0.495344
431,12,0.487134
431,13,0.491312
431,14,0.486737
431,15,0.493235
432,1,0.545566
432,2,0.495545
432,3,0.442633
432,4,0.498901
432,5,0.495699
432,6,0.496544
432,7,0.495318
432,8,0.493785
432,9,0.498310
432,10,0.498283
432,11,0.494973
432,12,0.494110
432,13,0.504737
432,14,0.502497
432,15,0.495770
433,1,0.495783
433,2,0.502064
433,3,0.493006
433,4,0.492507
433,5,0.491610
433,6,0.493235
433,7,0.491532
433,8,0.471671
433,9,0.496676
433,10,0.491610
433,11,0.498991
433,12,0.491532
433,13,0.490367
433,14,0.495183
433,15,0.473956
434,1,0.495545
434,2,0.574110
434,3,0.504123
434,4,0.495768
434,5,0.499683
434,6,0.503691
434,7,0.502017
434,8,0.509059
434,9,0.509059
434,10,0.533768
434,11,0.501559
434,12,0.498482
434,13,0.490702
434,14,0.514186
434,15,0.501054
435,1,0.495783
435,2,0.502064
435,3,0.493006
435,4,0.499683
435,5,0.503691
435,6,0.510494
435,7,0.509059
435,8,0.501729
435,9,0.495953
435,10,0.495156
435,11,0.491532
435,12,0.496008
435,13,0.529648
435,14,0.499727
435,15,0.501223
436,1,0.500261
436,2,0.513402
436,3,0.498822
436,4,0.492148
436,5,0.491312
436,6,0.498139
436,7,0.495006
436,8,0.494231
436,9,0.497483
436,10,0.434589
436,11,0.491264
436,12,0.495831
436,13,0.492445
436,14,0.490988
436,15,0.495913
437,1,0.495783
437,2,0.497922
437,3,0.445859
437,4,0.497891
437,5,0.497733
437,6,0.494973
437,7,0.493453
437,8,0.493638
437,9,0.494447
437,10,0.490608
437,11,0.498566
437,12,0.498857
437,13,0.495717
437,14,0.493850
437,15,0.496676
438,1,0.457129
438,2,0.495783
438,3,0.521716
438,4,0.495181
438,5,0.498369
438,6,0.574110
438,7,0.525622
438,8,0.503279
438,9,0.499364
438,10,0.502064
438,11,0.473956
438,12,0.495194
438,13,0.494445
438,14,0.498385
438,15,0.493453
439,1,0.495545
439,2,0.499364
439,3,0.495156
439,4,0.491532
439,5,0.492501
439,6,0.491532
439,7,0.465298
439,8,0.503691
439,9,0.498081
439,10,0.505822
439,11,0.495462
439,12,0.493337
439,13,0.491610
439,14,0.497094
439,15,0.497922
440,1,0.500261
440,2,0.514309
440,3,0.495212
440,4,0.490988
440,5,0.492464
440,6,0.502064
440,7,0.501971
440,8,0.495212
440,9,0.494792
440,10,0.496817
440,11,0.496160
440,12,0.497711
440,13,0.491323
440,14,0.498369
440,15,0.495589
441,1,0.495783
441,2,0.497922
441,3,0.497430
441,4,0.497094
441,5,0.466043
441,6,0.493006
441,7,0.491437
441,8,0.497642
441,9,0.492250
441,10,0.505822
441,11,0.499659
441,12,0.505822
441,13,0.499659
441,14,0.495770
441,15,0.499972
442,1,0.500261
442,2,0.513402
442,3,0.498822
442,4,0.497935
442,5,0.498435
442,6,0.500482
442,7,0.495570
442,8,0.494045
442,9,0.497711
442,10,0.494014
442,11,0.496763
442,12,0.489748
442,13,0.491464
442,14,0.492445
442,15,0.494651
443,1,0.495783
443,2,0.434589
443,3,0.497424
443,4,0.496160
443,5,0.494332
443,6,0.494332
443,7,0.494332
443,8,0.502064
443,9,0.495194
443,10,0.495212
443,11,0.498310
443,12,0.497891
443,13,0.574110
443,14,0.500983
443,15,0.498885
444,1,0.495783
444,2,0.497922
444,3,0.497891
444,4,0.497733
444,5,0.500346
444,6,0.497635
444,7,0.495911
444,8,0.495156
444,9,0.493097
444,10,0.458765
444,11,0.499514
444,12,0.501054
444,13,0.495831
444,14,0.489529
444,15,0.494792
445,1,0.495545
445,2,0.499364
445,3,0.497094
445,4,0.491457
445,5,0.486216
445,6,0.488298
445,7,0.489961
445,8,0.494332
445,9,0.497711
445,10,0.495181
445,11,0.498369
445,12,0.504660
445,13,0.499905
445,14,0.495755
445,15,0.492250
446,1,0.495545
446,2,0.504123
446,3,0.495768
446,4,0.492148
446,5,0.508753
446,6,0.497711
446,7,0.487991
446,8,0.497922
446,9,0.497430
446,10,0.498310
446,11,0.497891
446,12,0.494973
446,13,0.494913
446,14,0.495589
446,15,0.501603
447,1,0.500261
447,2,0.501971
447,3,0.499514
447,4,0.494983
447,5,0.479699
447,6,0.501506
447,7,0.461326
447,8,0.501603
447,9,0.492250
447,10,0.495156
447,11,0.491532
447,12,0.496676
447,13,0.491610
447,14,0.496763
447,15,0.494523
448,1,0.500261
448,2,0.497013
448,3,0.492148
448,4,0.496160
448,5,0.531294
448,6,0.491437
448,7,0.493006
448,8,0.492148
448,9,0.489961
448,10,0.495183
448,11,0.497642
448,12,0.490284
448,13,0.501559
448,14,0.503691
448,15,0.510494
449,1,0.500261
449,2,0.501971
449,3,0.488990
449,4,0.498991
449,5,0.493097
449,6,0.494129
449,7,0.494129
449,8,0.495768
449,9,0.490367
449,10,0.497711
449,11,0.491323
449,12,0.498369
449,13,0.498081
449,14,0.547988
449,15,0.495212
450,1,0.495545
450,2,0.504123
450,3,0.500391
450,4,0.501266
450,5,0.521160
450,6,0.489529
450,7,0.434589
450,8,0.498991
450,9,0.491532
450,10,0.488298
450,11,0.495476
450,12,0.491323
450,13,0.498369
450,14,0.510400
450,15,0.500704
451,1,0.495783
451,2,0.502064
451,3,0.493006
451,4,0.492148
451,5,0.491437
451,6,0.486216
451,7,0.485956
451,8,0.479895
451,9,0.459058
451,10,0.504123
451,11,0.202543
451,12,0.497013
451,13,0.502064
451,14,0.495194
451,15,0.499514
452,1,0.495545
452,2,0.506743
452,3,0.495156
452,4,0.491532
452,5,0.488298
452,6,0.491312
452,7,0.497891
452,8,0.497733
452,9,0.466129
452,10,0.495870
452,11,0.352549
452,12,0.469493
452,13,0.461454
452,14,0.494045
452,15,0.491312
453,1,0.500261
453,2,0.513402
453,3,0.498822
453,4,0.499683
453,5,0.495194
453,6,0.491427
453,7,0.498310
453,8,0.496817
453,9,0.497094
453,10,0.491457
453,11,0.486513
453,12,0.499683
453,13,0.496406
453,14,0.488298
453,15,0.495183
454,1,0.500261
454,2,0.513402
454,3,0.503279
454,4,0.501603
454,5,0.494983
454,6,0.495587
454,7,0.495870
454,8,0.520491
454,9,0.489004
454,10,0.490988
454,11,0.491437
454,12,0.471671
454,13,0.493006
454,14,0.497922
454,15,0.497430
455,1,0.500261
455,2,0.489591
455,3,0.499683
455,4,0.496406
455,5,0.489197
455,6,0.489961
455,7,0.489559
455,8,0.491610
455,9,0.491427
455,10,0.459039
455,11,0.494332
455,12,0.497711
455,13,0.497891
455,14,0.496596
455,15,0.434589
456,1,0.479353
456,2,0.540545
456,3,0.498385
456,4,0.463480
456,5,0.469107
456,6,0.468585
456,7,0.498379
456,8,0.496676
456,9,0.504123
456,10,0.501971
456,11,0.499514
456,12,0.492441
456,13,0.494368
456,14,0.493097
456,15,0.494445
457,1,0.500261
457,2,0.497013
457,3,0.499683
457,4,0.495194
457,5,0.499514
457,6,0.501054
457,7,0.501506
457,8,0.501506
457,9,0.497329
457,10,0.492445
457,11,0.521390
457,12,0.488866
457,13,0.497094
457,14,0.495913
457,15,0.491457
458,1,0.495545
458,2,0.499364
458,3,0.495156
458,4,0.493097
458,5,0.487289
458,6,0.488298
458,7,0.497711
458,8,0.498139
458,9,0.494973
458,10,0.529648
458,11,0.501651
458,12,0.510400
458,13,0.434589
458,14,0.498822
458,15,0.496676
459,1,0.495783
459,2,0.502064
459,3,0.495194
459,4,0.397650
459,5,0.499514
459,6,0.500983
459,7,0.500983
459,8,0.498885
459,9,0.498431
459,10,0.494447
459,11,0.495768
459,12,0.504218
459,13,0.503691
459,14,0.502017
459,15,0.515242
460,1,0.500261
460,2,0.497013
460,3,0.499683
460,4,0.520477
460,5,0.498822
460,6,0.492148
460,7,0.491312
460,8,0.498435
460,9,0.498369
460,10,0.498081
460,11,0.494445
460,12,0.494983
460,13,0.492878
460,14,0.498385
460,15,0.512262
461,1,0.500261
461,2,0.497013
461,3,0.499683
461,4,0.496406
461,5,0.492966
461,6,0.499683
461,7,0.513402
461,8,0.510400
461,9,0.510494
461,10,0.498374
461,11,0.496900
461,12,0.497664
461,13,0.491337
461,14,0.498310
461,15,0.497891
462,1,0.495545
462,2,0.499364
462,3,0.498310
462,4,0.496817
462,5,0.497094
462,6,0.495913
462,7,0.494332
462,8,0.494301
462,9,0.494332
462,10,0.491437
462,11,0.493006
462,12,0.496676
462,13,0.466699
462,14,0.498171
462,15,0.492148
463,1,0.471671
463,2,0.495545
463,3,0.504352
463,4,0.500983
463,5,0.495587
463,6,0.489772
463,7,0.490367
463,8,0.464451
463,9,0.492966
463,10,0.491437
463,11,0.486216
463,12,0.499683
463,13,0.495194
463,14,0.504737
463,15,0.498171
464,1,0.500261
464,2,0.501971
464,3,0.504737
464,4,0.458487
464,5,0.502989
464,6,0.495337
464,7,0.510400
464,8,0.509624
464,9,0.510494
464,10,0.510494
464,11,0.434589
464,12,0.498374
464,13,0.501559
464,14,0.495194
464,15,0.491427
465,1,0.495545
465,2,0.499364
465,3,0.497094
465,4,0.491457
465,5,0.488993
465,6,0.493351
465,7,0.488783
465,8,0.494973
465,9,0.501651
465,10,0.504660
465,11,0.496195
465,12,0.492511
465,13,0.492878
465,14,0.498885
465,15,0.497094
466,1,0.467425
466,2,0.497013
466,3,0.496676
466,4,0.497430
466,5,0.496763
466,6,0.492993
466,7,0.496763
466,8,0.494523
466,9,0.496596
466,10,0.494601
466,11,0.493006
466,12,0.496676
466,13,0.493644
466,14,0.471671
466,15,0.497733
467,1,0.500261
467,2,0.497013
467,3,0.499683
467,4,0.496406
467,5,0.496008
467,6,0.496406
467,7,0.492148
467,8,0.491437
467,9,0.486216
467,10,0.457129
467,11,0.496676
467,12,0.495212
467,13,0.495156
467,14,0.493097
467,15,0.504737
468,1,0.467064
468,2,0.497013
468,3,0.499683
468,4,0.499727
468,5,0.498081
468,6,0.491897
468,7,0.492148
468,8,0.443806
468,9,0.494301
468,10,0.493653
468,11,0.547242
468,12,0.495181
468,13,0.495194
468,14,0.491427
468,15,0.497094
469,1,0.500261
469,2,0.513402
469,3,0.510400
469,4,0.500704
469,5,0.545566
469,6,0.513670
469,7,0.495545
469,8,0.499364
469,9,0.496160
469,10,0.497922
469,11,0.497430
469,12,0.491437
469,13,0.491610
469,14,0.476302
469,15,0.498171
470,1,0.495545
470,2,0.504123
470,3,0.495768
470,4,0.478877
470,5,0.491610
470,6,0.495156
470,7,0.495194
470,8,0.494445
470,9,0.501054
470,10,0.497110
470,11,0.493389
470,12,0.490247
470,13,0.497430
470,14,0.493235
470,15,0.499727
471,1,0.495783
471,2,0.497922
471,3,0.504123
471,4,0.495768
471,5,0.490367
471,6,0.495156
471,7,0.499727
471,8,0.501223
471,9,0.495691
471,10,0.501559
471,11,0.495194
471,12,0.491427
471,13,0.495156
471,14,0.493097
471,15,0.494129
472,1,0.500261
472,2,0.497013
472,3,0.492148
472,4,0.497711
472,5,0.495181
472,6,0.504977
472,7,0.498379
472,8,0.499683
472,9,0.498482
472,10,0.494035
472,11,0.490083
472,12,0.495587
472,13,0.500391
472,14,0.501266
472,15,0.498171
473,1,0.495545
473,2,0.504352
473,3,0.498385
473,4,0.495831
473,5,0.493179
473,6,0.497520
473,7,0.495697
473,8,0.495212
473,9,0.490988
473,10,0.496160
473,11,0.496160
473,12,0.494332
473,13,0.491437
473,14,0.491610
473,15,0.488783
474,1,0.473956
474,2,0.495545
474,3,0.504352
474,4,0.498385
474,5,0.489002
474,6,0.498566
474,7,0.574110
474,8,0.501971
474,9,0.488990
474,10,0.475296
474,11,0.490988
474,12,0.494332
474,13,0.495476
474,14,0.497430
474,15,0.493235
475,1,0.495545
475,2,0.457767
475,3,0.504977
475,4,0.467614
475,5,0.494045
475,6,0.491077
475,7,0.491312
475,8,0.495181
475,9,0.498369
475,10,0.503279
475,11,0.495679
475,12,0.497935
475,13,0.491337
475,14,0.494926
475,15,0.496160
476,1,0.495783
476,2,0.502064
476,3,0.495194
476,4,0.494445
476,5,0.496596
476,6,0.498310
476,7,0.497891
476,8,0.473956
476,9,0.497733
476,10,0.550899
476,11,0.498310
476,12,0.434589
476,13,0.487745
476,14,0.500983
476,15,0.498901
477,1,0.495783
477,2,0.502064
477,3,0.574110
477,4,0.493006
477,5,0.496160
477,6,0.494332
477,7,0.502064
477,8,0.495194
477,9,0.491427
477,10,0.495156
477,11,0.497156
477,12,0.501223
477,13,0.515242
477,14,0.520477
477,15,0.500704
478,1,0.466824
478,2,0.495545
478,3,0.499364
478,4,0.497094
478,5,0.487585
478,6,0.495476
478,7,0.492827
478,8,0.493235
478,9,0.494110
478,10,0.501266
478,11,0.500391
478,12,0.501266
478,13,0.493166
478,14,0.499683
478,15,0.503691
479,1,0.495783
479,2,0.497922
479,3,0.497891
479,4,0.497733
479,5,0.495587
479,6,0.492993
479,7,0.501266
479,8,0.502497
479,9,0.495679
479,10,0.495156
479,11,0.491532
479,12,0.488746
479,13,0.497430
479,14,0.494926
479,15,0.494926
480,1,0.500261
480,2,0.513402
480,3,0.498822
480,4,0.501559
480,5,0.503691
480,6,0.502017
480,7,0.502017
480,8,0.498081
480,9,0.495212
480,10,0.498310
480,11,0.506356
480,12,0.497094
480,13,0.491457
480,14,0.488993
480,15,0.480166
481,1,0.500261
481,2,0.513402
481,3,0.503279
481,4,0.505822
481,5,0.477028
481,6,0.502989
481,7,0.504127
481,8,0.495337
481,9,0.497935
481,10,0.497664
481,11,0.500482
481,12,0.502989
481,13,0.501729
481,14,0.495396
481,15,0.501603
482,1,0.500261
482,2,0.501971
482,3,0.495212
482,4,0.494792
482,5,0.498283
482,6,0.436940
482,7,0.497626
482,8,0.495587
482,9,0.483527
482,10,0.493453
482,11,0.500834
482,12,0.490367
482,13,0.494332
482,14,0.477490
482,15,0.491323
483,1,0.495545
483,2,0.499364
483,3,0.495156
483,4,0.499727
483,5,0.495344
483,6,0.494045
483,7,0.495183
483,8,0.497642
483,9,0.498081
483,10,0.514186
483,11,0.445474
483,12,0.498901
483,13,0.495156
483,14,0.493097
483,15,0.490448
484,1,0.495545
484,2,0.504352
484,3,0.498901
484,4,0.498310
484,5,0.496817
484,6,0.498310
484,7,0.494447
484,8,0.494803
484,9,0.498081
484,10,0.491427
484,11,0.498991
484,12,0.471671
484,13,0.498482
484,14,0.505822
484,15,0.495768
485,1,0.495545
485,2,0.504123
485,3,0.500391
485,4,0.492445
485,5,0.497399
485,6,0.497094
485,7,0.491437
485,8,0.491610
485,9,0.494445
485,10,0.501054
485,11,0.497110
485,12,0.501506
485,13,0.504660
485,14,0.501603
485,15,0.456569
486,1,0.495783
486,2,0.502064
486,3,0.495194
486,4,0.494445
486,5,0.490083
486,6,0.495757
486,7,0.489859
486,8,0.515290
486,9,0.497922
486,10,0.497430
486,11,0.498310
486,12,0.497430
486,13,0.493235
486,14,0.529691
486,15,0.491427
487,1,0.495545
487,2,0.504123
487,3,0.504977
487,4,0.506341
487,5,0.504127
487,6,0.501729
487,7,0.504695
487,8,0.505822
487,9,0.499659
487,10,0.500232
487,11,0.498171
487,12,0.494045
487,13,0.494332
487,14,0.495476
487,15,0.498139
488,1,0.500261
488,2,0.497013
488,3,0.499683
488,4,0.496406
488,5,0.499683
488,6,0.503691
488,7,0.495344
488,8,0.497935
488,9,0.493695
488,10,0.494973
488,11,0.490799
488,12,0.492445
488,13,0.497094
488,14,0.496346
488,15,0.491323
489,1,0.489181
489,2,0.552379
489,3,0.495783
489,4,0.496160
489,5,0.494332
489,6,0.495476
489,7,0.495181
489,8,0.498369
489,9,0.498379
489,10,0.501559
489,11,0.498482
489,12,0.501603
489,13,0.492441
489,14,0.491158
489,15,0.488866
490,1,0.495783
490,2,0.502064
490,3,0.493006
490,4,0.486746
490,5,0.499683
490,6,0.495194
490,7,0.498258
490,8,0.502497
490,9,0.492445
490,10,0.498991
490,11,0.493924
490,12,0.485880
490,13,0.491427
490,14,0.494792
490,15,0.495181
491,1,0.495783
491,2,0.497922
491,3,0.497430
491,4,0.497711
491,5,0.495181
491,6,0.490608
491,7,0.496676
491,8,0.491610
491,9,0.494926
491,10,0.497711
491,11,0.491323
491,12,0.498369
491,13,0.495589
491,14,0.493995
491,15,0.492441
492,1,0.495783
492,2,0.468327
492,3,0.495194
492,4,0.494445
492,5,0.497733
492,6,0.500346
492,7,0.497635
492,8,0.500346
492,9,0.498885
492,10,0.496160
492,11,0.494332
492,12,0.497711
492,13,0.497430
492,14,0.497094
492,15,0.491457
493,1,0.495783
493,2,0.502064
493,3,0.495194
493,4,0.494445
493,5,0.492441
493,6,0.487699
493,7,0.491457
493,8,0.493006
493,9,0.496676
493,10,0.495181
493,11,0.500391
493,12,0.501266
493,13,0.495831
493,14,0.493179
493,15,0.489535
494,1,0.495545
494,2,0.499364
494,3,0.498310
494,4,0.497891
494,5,0.494973
494,6,0.488226
494,7,0.496676
494,8,0.498435
494,9,0.529648
494,10,0.503279
494,11,0.504737
494,12,0.502497
494,13,0.492445
494,14,0.498991
494,15,0.493924
495,1,0.473956
495,2,0.500261
495,3,0.513402
495,4,0.498822
495,5,0.501559
495,6,0.492464
495,7,0.503691
495,8,0.503279
495,9,0.505822
495,10,0.503280
495,11,0.502989
495,12,0.495570
495,13,0.501559
495,14,0.496406
495,15,0.499683
496,1,0.495545
496,2,0.504123
496,3,0.504977
496,4,0.498379
496,5,0.490367
496,6,0.491312
496,7,0.491323
496,8,0.490608
496,9,0.488466
496,10,0.498435
496,11,0.507642
496,12,0.503279
496,13,0.499514
496,14,0.494983
496,15,0.495757
497,1,0.489181
497,2,0.502064
497,3,0.499727
497,4,0.501223
497,5,0.500704
497,6,0.494045
497,7,0.495183
497,8,0.495368
497,9,0.503279
497,10,0.488980
497,11,0.498310
497,12,0.496817
497,13,0.491457
497,14,0.493006
497,15,0.496008
498,1,0.495545
498,2,0.499364
498,3,0.489333
498,4,0.509977
498,5,0.497711
498,6,0.498139
498,7,0.493742
498,8,0.494926
498,9,0.491437
498,10,0.497642
498,11,0.498081
498,12,0.495679
498,13,0.494792
498,14,0.493644
498,15,0.496596
499,1,0.495783
499,2,0.434589
499,3,0.502064
499,4,0.499727
499,5,0.498081
499,6,0.505822
499,7,0.499659
499,8,0.495770
499,9,0.496873
499,10,0.456990
499,11,0.503279
499,12,0.505822
499,13,0.503280
499,14,0.471292
499,15,0.504977
500,1,0.495783
500,2,0.502064
500,3,0.499727
500,4,0.498822
500,5,0.497935
500,6,0.487894
500,7,0.495183
500,8,0.499727
500,9,0.501223
500,10,0.515242
500,11,0.495344
500,12,0.502064
500,13,0.495194
500,14,0.491427
500,15,0.491075
501,1,0.500261
501,2,0.513402
501,3,0.510400
501,4,0.510494
501,5,0.500704
501,6,0.499683
501,7,0.496406
501,8,0.497935
501,9,0.498435
501,10,0.502497
501,11,0.500232
501,12,0.503280
501,13,0.506341
501,14,0.499451
501,15,0.495953
502,1,0.500261
502,2,0.501971
502,3,0.504737
502,4,0.507642
502,5,0.502989
502,6,0.531809
502,7,0.495337
502,8,0.502064
502,9,0.493006
502,10,0.492148
502,11,0.489961
502,12,0.512888
502,13,0.498139
502,14,0.495006
502,15,0.450901
503,1,0.495783
503,2,0.497922
503,3,0.497891
503,4,0.497733
503,5,0.491853
503,6,0.490799
503,7,0.493179
503,8,0.494983
503,9,0.489859
503,10,0.502064
503,11,0.499727
503,12,0.495344
503,13,0.494045
503,14,0.495183
503,15,0.491610
504,1,0.495545
504,2,0.499364
504,3,0.498310
504,4,0.497891
504,5,0.497733
504,6,0.494973
504,7,0.501651
504,8,0.497329
504,9,0.458765
504,10,0.501603
504,11,0.498901
504,12,0.496160
504,13,0.491437
504,14,0.574110
504,15,0.495194
505,1,0.500261
505,2,0.497013
505,3,0.496676
505,4,0.491610
505,5,0.494792
505,6,0.498283
505,7,0.497626
505,8,0.492538
505,9,0.458090
505,10,0.504737
505,11,0.502497
505,12,0.493389
505,13,0.504737
505,14,0.500391
505,15,0.495212
506,1,0.495545
506,2,0.504123
506,3,0.500391
506,4,0.459310
506,5,0.504737
506,6,0.502497
506,7,0.496195
506,8,0.492511
506,9,0.492878
506,10,0.500346
506,11,0.500346
506,12,0.497635
506,13,0.495587
506,14,0.438372
506,15,0.530768
507,1,0.495545
507,2,0.499364
507,3,0.497094
507,4,0.497711
507,5,0.497430
507,6,0.494926
507,7,0.491437
507,8,0.486216
507,9,0.496676
507,10,0.491610
507,11,0.494926
507,12,0.491437
507,13,0.486216
507,14,0.499683
507,15,0.503691
508,1,0.495545
508,2,0.504123
508,3,0.495768
508,4,0.490367
508,5,0.531294
508,6,0.496160
508,7,0.491437
508,8,0.493006
508,9,0.492507
508,10,0.497891
508,11,0.498901
508,12,0.497399
508,13,0.496346
508,14,0.494014
508,15,0.496763
509,1,0.495545
509,2,0.504352
509,3,0.500983
509,4,0.498385
509,5,0.497013
509,6,0.499683
509,7,0.482344
509,8,0.504695
509,9,0.501603
509,10,0.492441
509,11,0.487699
509,12,0.489961
509,13,0.494301
509,14,0.494332
509,15,0.489559
510,1,0.495783
510,2,0.502064
510,3,0.495194
510,4,0.498258
510,5,0.494000
510,6,0.547988
510,7,0.495679
510,8,0.495731
510,9,0.493644
510,10,0.498901
510,11,0.462106
510,12,0.494448
510,13,0.493959
510,14,0.574110
510,15,0.507964
511,1,0.495783
511,2,0.496160
511,3,0.510050
511,4,0.502064
511,5,0.495194
511,6,0.491427
511,7,0.486307
511,8,0.493132
511,9,0.493132
511,10,0.485880
511,11,0.497013
511,12,0.492148
511,13,0.495183
511,14,0.495194
511,15,0.498258
512,1,0.521767
512,2,0.504352
512,3,0.498901
512,4,0.495156
512,5,0.497156
512,6,0.511638
512,7,0.491032
512,8,0.501559
512,9,0.502279
512,10,0.494138
512,11,0.492148
512,12,0.497711
512,13,0.491323
512,14,0.532359
512,15,0.488298
513,1,0.500261
513,2,0.501971
513,3,0.574110
513,4,0.504737
513,5,0.513402
513,6,0.510400
513,7,0.500704
513,8,0.494045
513,9,0.491077
513,10,0.494332
513,11,0.497711
513,12,0.489730
513,13,0.497094
513,14,0.491457
513,15,0.486216
514,1,0.495545
514,2,0.504123
514,3,0.500391
514,4,0.499514
514,5,0.492441
514,6,0.498431
514,7,0.495318
514,8,0.496763
514,9,0.497430
514,10,0.498310
514,11,0.545566
514,12,0.498283
514,13,0.498885
514,14,0.498310
514,15,0.497891
515,1,0.495783
515,2,0.496160
515,3,0.497922
515,4,0.497430
515,5,0.498310
515,6,0.494447
515,7,0.520102
515,8,0.489657
515,9,0.496195
515,10,0.504352
515,11,0.508753
515,12,0.500983
515,13,0.500346
515,14,0.500983
515,15,0.500346
516,1,0.486746
516,2,0.500261
516,3,0.497013
516,4,0.496676
516,5,0.495181
516,6,0.498369
516,7,0.498117
516,8,0.499451
516,9,0.495755
516,10,0.501054
516,11,0.495831
516,12,0.504737
516,13,0.533717
516,14,0.494792
516,15,0.494447
517,1,0.500261
517,2,0.497013
517,3,0.492148
517,4,0.491312
517,5,0.492297
517,6,0.494014
517,7,0.491437
517,8,0.495194
517,9,0.495212
517,10,0.495156
517,11,0.491532
517,12,0.520477
517,13,0.496676
517,14,0.493644
517,15,0.498385
518,1,0.495783
518,2,0.502064
518,3,0.495194
518,4,0.480533
518,5,0.491714
518,6,0.496994
518,7,0.496662
518,8,0.505822
518,9,0.499659
518,10,0.495462
518,11,0.496676
518,12,0.497430
518,13,0.496763
518,14,0.496817
518,15,0.498310
519,1,0.547988
519,2,0.495545
519,3,0.499364
519,4,0.495156
519,5,0.531294
519,6,0.513402
519,7,0.510400
519,8,0.510494
519,9,0.500704
519,10,0.479692
519,11,0.497664
519,12,0.502497
519,13,0.492445
519,14,0.490367
519,15,0.494332
520,1,0.495783
520,2,0.496160
520,3,0.491437
520,4,0.497642
520,5,0.492250
520,6,0.505822
520,7,0.499659
520,8,0.495462
520,9,0.468074
520,10,0.502279
520,11,0.504695
520,12,0.501603
520,13,0.495829
520,14,0.487524
520,15,0.498431
521,1,0.500261
521,2,0.513402
521,3,0.498822
521,4,0.497935
521,5,0.497430
521,6,0.496763
521,7,0.494447
521,8,0.504977
521,9,0.504660
521,10,0.505822
521,11,0.503280
521,12,0.499659
521,13,0.500232
521,14,0.501506
521,15,0.502989
522,1,0.495783
522,2,0.497922
522,3,0.497891
522,4,0.496596
522,5,0.495156
522,6,0.491532
522,7,0.496676
522,8,0.493644
522,9,0.494523
522,10,0.488226
522,11,0.493638
522,12,0.498283
522,13,0.497733
522,14,0.497733
522,15,0.498901
523,1,0.495783
523,2,0.496160
523,3,0.494332
523,4,0.495476
523,5,0.494576
523,6,0.496596
523,7,0.454295
523,8,0.304613
523,9,0.497156
523,10,0.498081
523,11,0.501603
523,12,0.492250
523,13,0.497399
523,14,0.491437
523,15,0.445859
524,1,0.495545
524,2,0.504123
524,3,0.504977
524,4,0.504660
524,5,0.505822
524,6,0.495462
524,7,0.495462
524,8,0.492148
524,9,0.491437
524,10,0.486216
524,11,0.488298
524,12,0.495476
524,13,0.498139
524,14,0.494973
524,15,0.488226
525,1,0.495783
525,2,0.497922
525,3,0.497430
525,4,0.494926
525,5,0.496346
525,6,0.498283
525,7,0.497626
525,8,0.496653
525,9,0.497635
525,10,0.492538
525,11,0.489772
525,12,0.496676
525,13,0.491610
525,14,0.494926
525,15,0.491457
526,1,0.495545
526,2,0.504123
526,3,0.500391
526,4,0.501266
526,5,0.500689
526,6,0.499451
526,7,0.502710
526,8,0.507642
526,9,0.503279
526,10,0.501603
526,11,0.501054
526,12,0.495831
526,13,0.501266
526,14,0.493166
526,15,0.502064
527,1,0.495545
527,2,0.504123
527,3,0.495768
527,4,0.496676
527,5,0.491610
527,6,0.494792
527,7,0.493789
527,8,0.498369
527,9,0.498117
527,10,0.495337
527,11,0.504127
527,12,0.434589
527,13,0.474746
527,14,0.510400
527,15,0.504695
528,1,0.500261
528,2,0.501971
528,3,0.499514
528,4,0.494983
528,5,0.489859
528,6,0.498431
528,7,0.494447
528,8,0.494803
528,9,0.488287
528,10,0.499683
528,11,0.496406
528,12,0.493391
528,13,0.498435
528,14,0.494110
528,15,0.487682
529,1,0.495783
529,2,0.497922
529,3,0.497430
529,4,0.493235
529,5,0.521591
529,6,0.491427
529,7,0.498991
529,8,0.496406
529,9,0.496008
529,10,0.491610
529,11,0.487258
529,12,0.531922
529,13,0.515192
529,14,0.489559
529,15,0.497642
530,1,0.500261
530,2,0.513402
530,3,0.498822
530,4,0.494045
530,5,0.489961
530,6,0.487250
530,7,0.492827
530,8,0.496763
530,9,0.494447
530,10,0.493453
530,11,0.498566
530,12,0.496406
530,13,0.494668
530,14,0.491312
530,15,0.495181
531,1,0.495783
531,2,0.496160
531,3,0.494332
531,4,0.494332
531,5,0.496160
531,6,0.497711
531,7,0.471671
531,8,0.494014
531,9,0.491741
531,10,0.497711
531,11,0.494014
531,12,0.496763
531,13,0.497891
531,14,0.496596
531,15,0.494926
532,1,0.495545
532,2,0.504352
532,3,0.500983
532,4,0.500346
532,5,0.497635
532,6,0.495911
532,7,0.494601
532,8,0.437005
532,9,0.490448
532,10,0.533495
532,11,0.495156
532,12,0.491532
532,13,0.496676
532,14,0.497891
532,15,0.496596
533,1,0.456475
533,2,0.504123
533,3,0.500391
533,4,0.492445
533,5,0.473956
533,6,0.490988
533,7,0.308675
533,8,0.486216
533,9,0.494332
533,10,0.494332
533,11,0.502064
533,12,0.475049
533,13,0.495344
533,14,0.494045
533,15,0.491312
534,1,0.446717
534,2,0.497922
534,3,0.495181
534,4,0.504977
534,5,0.510400
534,6,0.472106
534,7,0.509059
534,8,0.461619
534,9,0.501971
534,10,0.504737
534,11,0.504977
534,12,0.504660
534,13,0.499905
534,14,0.495462
534,15,0.497935
535,1,0.495545
535,2,0.504123
535,3,0.495768
535,4,0.499683
535,5,0.498482
535,6,0.491427
535,7,0.486307
535,8,0.493306
535,9,0.491610
535,10,0.496763
535,11,0.495181
535,12,0.498369
535,13,0.506341
535,14,0.499451
535,15,0.467837
536,1,0.495783
536,2,0.502064
536,3,0.499727
536,4,0.498081
536,5,0.493995
536,6,0.491897
536,7,0.473956
536,8,0.502064
536,9,0.493006
536,10,0.496676
536,11,0.491610
536,12,0.497711
536,13,0.495181
536,14,0.494110
536,15,0.495112
537,1,0.500261
537,2,0.513402
537,3,0.503279
537,4,0.501603
537,5,0.494983
537,6,0.494983
537,7,0.498901
537,8,0.497399
537,9,0.497711
537,10,0.497430
537,11,0.497094
537,12,0.494332
537,13,0.494301
537,14,0.495476
537,15,0.488971
538,1,0.495783
538,2,0.464594
538,3,0.495194
538,4,0.491427
538,5,0.486307
538,6,0.491437
538,7,0.491610
538,8,0.493351
538,9,0.488656
538,10,0.492445
538,11,0.494651
538,12,0.488119
538,13,0.488298
538,14,0.489961
538,15,0.494301
539,1,0.500261
539,2,0.497013
539,3,0.492148
539,4,0.471671
539,5,0.494332
539,6,0.491437
539,7,0.491610
539,8,0.498258
539,9,0.494000
539,10,0.501266
539,11,0.495697
539,12,0.505822
539,13,0.507642
539,14,0.498379
539,15,0.501559
540,1,0.495545
540,2,0.504352
540,3,0.500983
540,4,0.495587
540,5,0.489772
540,6,0.490367
540,7,0.486953
540,8,0.494332
540,9,0.494332
540,10,0.491437
540,11,0.495194
540,12,0.434589
540,13,0.498258
540,14,0.502497
540,15,0.495212
541,1,0.495545
541,2,0.504123
541,3,0.574110
541,4,0.513402
541,5,0.503279
541,6,0.499514
541,7,0.498901
541,8,0.494601
541,9,0.493006
541,10,0.499683
541,11,0.503691
541,12,0.495717
541,13,0.445859
541,14,0.491427
541,15,0.497922
542,1,0.500261
542,2,0.434589
542,3,0.501971
542,4,0.499514
542,5,0.501054
542,6,0.497110
542,7,0.493117
542,8,0.439011
542,9,0.504737
542,10,0.507642
542,11,0.498379
542,12,0.501559
542,13,0.574110
542,14,0.488536
542,15,0.499727
543,1,0.495545
543,2,0.499364
543,3,0.498310
543,4,0.494447
543,5,0.494110
543,6,0.496195
543,7,0.489535
543,8,0.497399
543,9,0.495913
543,10,0.494332
543,11,0.457129
543,12,0.497711
543,13,0.498139
543,14,0.500983
543,15,0.500346
544,1,0.495545
544,2,0.499364
544,3,0.498310
544,4,0.496817
544,5,0.496346
544,6,0.453921
544,7,0.488656
544,8,0.487682
544,9,0.524931
544,10,0.494332
544,11,0.496160
544,12,0.497711
544,13,0.498139
544,14,0.494973
544,15,0.501651
545,1,0.495545
545,2,0.499364
545,3,0.497094
545,4,0.495913
545,5,0.491437
545,6,0.497642
545,7,0.498081
545,8,0.498716
545,9,0.493995
545,10,0.495181
545,11,0.490608
545,12,0.477848
545,13,0.491409
545,14,0.499683
545,15,0.496406
546,1,0.500261
546,2,0.497013
546,3,0.496676
546,4,0.491610
546,5,0.531294
546,6,0.497922
546,7,0.497891
546,8,0.498385
546,9,0.495831
546,10,0.499514
546,11,0.481465
546,12,0.493453
546,13,0.496676
546,14,0.498435
546,15,0.500482
547,1,0.495545
547,2,0.504123
547,3,0.500391
547,4,0.492445
547,5,0.494792
547,6,0.493644
547,7,0.500983
547,8,0.498885
547,9,0.497483
547,10,0.491264
547,11,0.494110
547,12,0.491427
547,13,0.498991
547,14,0.495724
547,15,0.494445
548,1,0.495545
548,2,0.492966
548,3,0.504123
548,4,0.504977
548,5,0.498379
548,6,0.494045
548,7,0.491437
548,8,0.499727
548,9,0.498081
548,10,0.491897
548,11,0.493995
548,12,0.490568
548,13,0.527474
548,14,0.495768
548,15,0.547988
549,1,0.495545
549,2,0.504352
549,3,0.498901
549,4,0.498431
549,5,0.497891
549,6,0.494973
549,7,0.501651
549,8,0.493208
549,9,0.494045
549,10,0.443065
549,11,0.502064
549,12,0.493006
549,13,0.496008
549,14,0.495194
549,15,0.498258
550,1,0.495545
550,2,0.499364
550,3,0.495156
550,4,0.495194
550,5,0.504737
550,6,0.502497
550,7,0.493389
550,8,0.490988
550,9,0.495183
550,10,0.497642
550,11,0.498081
550,12,0.482941
550,13,0.493995
550,14,0.497733
550,15,0.498385
551,1,0.495545
551,2,0.504123
551,3,0.504977
551,4,0.510400
551,5,0.504695
551,6,0.499139
551,7,0.495829
551,8,0.489859
551,9,0.498431
551,10,0.494447
551,11,0.498369
551,12,0.495589
551,13,0.495755
551,14,0.499972
551,15,0.501506
552,1,0.500261
552,2,0.513402
552,3,0.498822
552,4,0.502064
552,5,0.495194
552,6,0.491427
552,7,0.494926
552,8,0.497711
552,9,0.491323
552,10,0.490608
552,11,0.493638
552,12,0.468158
552,13,0.494110
552,14,0.495112
552,15,0.493166
553,1,0.495783
553,2,0.497922
553,3,0.497891
553,4,0.497733
553,5,0.534170
553,6,0.467553
553,7,0.497399
553,8,0.496160
553,9,0.496160
553,10,0.491437
553,11,0.486216
553,12,0.496008
553,13,0.499727
553,14,0.498822
553,15,0.486746
554,1,0.495545
554,2,0.459411
554,3,0.500983
554,4,0.500983
554,5,0.498885
554,6,0.454339
554,7,0.493006
554,8,0.492507
554,9,0.491323
554,10,0.490608
554,11,0.445859
554,12,0.496008
554,13,0.503691
554,14,0.510494
554,15,0.516229
555,1,0.495783
555,2,0.502064
555,3,0.493006
555,4,0.499683
555,5,0.503691
555,6,0.498081
555,7,0.491897
555,8,0.493995
555,9,0.492441
555,10,0.487699
555,11,0.479597
555,12,0.499727
555,13,0.498081
555,14,0.501603
555,15,0.499972
556,1,0.495783
556,2,0.502064
556,3,0.493006
556,4,0.475608
556,5,0.497430
556,6,0.495638
556,7,0.494447
556,8,0.494803
556,9,0.494110
556,10,0.501266
556,11,0.500391
556,12,0.501266
556,13,0.502497
556,14,0.493389
556,15,0.494792
557,1,0.500261
557,2,0.501971
557,3,0.504737
557,4,0.498171
557,5,0.457129
557,6,0.496676
557,7,0.497891
557,8,0.497733
557,9,0.434589
557,10,0.496653
557,11,0.497733
557,12,0.500983
557,13,0.498885
557,14,0.498431
557,15,0.496817
558,1,0.500261
558,2,0.501971
558,3,0.499514
558,4,0.494983
558,5,0.492878
558,6,0.494983
558,7,0.492441
558,8,0.497094
558,9,0.491457
558,10,0.492884
558,11,0.493959
558,12,0.495679
558,13,0.495731
558,14,0.485880
558,15,0.504352
559,1,0.500261
559,2,0.478468
559,3,0.498822
559,4,0.501559
559,5,0.496662
559,6,0.251355
559,7,0.495679
559,8,0.498991
559,9,0.497620
559,10,0.493850
559,11,0.490561
559,12,0.497711
559,13,0.497430
559,14,0.494332
559,15,0.495476
560,1,0.495545
560,2,0.499364
560,3,0.498310
560,4,0.495181
560,5,0.490608
560,6,0.488466
560,7,0.496817
560,8,0.497094
560,9,0.494332
560,10,0.489559
560,11,0.486216
560,12,0.488298
560,13,0.491437
560,14,0.491610
560,15,0.499514
561,1,0.531294
561,2,0.495545
561,3,0.499364
561,4,0.498310
561,5,0.494447
561,6,0.501651
561,7,0.498379
561,8,0.497935
561,9,0.497430
561,10,0.495156
561,11,0.493006
561,12,0.496676
561,13,0.497891
561,14,0.494973
561,15,0.490799
562,1,0.500261
562,2,0.501971
562,3,0.459310
562,4,0.504737
562,5,0.507642
562,6,0.501179
562,7,0.499905
562,8,0.507642
562,9,0.514045
562,10,0.501179
562,11,0.495755
562,12,0.492441
562,13,0.489720
562,14,0.495913
562,15,0.495476
563,1,0.500261
563,2,0.513402
563,3,0.510400
563,4,0.500704
563,5,0.494045
563,6,0.489961
563,7,0.489559
563,8,0.497642
563,9,0.468353
563,10,0.495482
563,11,0.436940
563,12,0.435590
563,13,0.499139
563,14,0.504737
563,15,0.502497
564,1,0.500261
564,2,0.519867
564,3,0.496676
564,4,0.493644
564,5,0.494973
564,6,0.498369
564,7,0.498379
564,8,0.493093
564,9,0.499683
564,10,0.512049
564,11,0.504737
564,12,0.498171
564,13,0.492008
564,14,0.495183
564,15,0.492250
565,1,0.495545
565,2,0.504123
565,3,0.495768
565,4,0.509504
565,5,0.499683
565,6,0.508753
565,7,0.499727
565,8,0.503279
565,9,0.505822
565,10,0.498171
565,11,0.498566
565,12,0.496406
565,13,0.492148
565,14,0.495183
565,15,0.488640
566,1,0.500261
566,2,0.513402
566,3,0.503279
566,4,0.485880
566,5,0.452883
566,6,0.500261
566,7,0.454374
566,8,0.497013
566,9,0.499683
566,10,0.503691
566,11,0.493850
566,12,0.490561
566,13,0.490927
566,14,0.486216
566,15,0.487097
567,1,0.574110
567,2,0.495783
567,3,0.496160
567,4,0.497711
567,5,0.497891
567,6,0.496596
567,7,0.494926
567,8,0.497711
567,9,0.495181
567,10,0.490608
567,11,0.488466
567,12,0.486603
567,13,0.497711
567,14,0.498139
567,15,0.494973
568,1,0.495783
568,2,0.496160
568,3,0.491437
568,4,0.499727
568,5,0.495344
568,6,0.491786
568,7,0.491610
568,8,0.473956
568,9,0.494926
568,10,0.496346
568,11,0.498139
568,12,0.497733
568,13,0.498901
568,14,0.497399
568,15,0.491457
569,1,0.500261
569,2,0.513402
569,3,0.503279
569,4,0.505822
569,5,0.507642
569,6,0.498379
569,7,0.492148
569,8,0.497711
569,9,0.498139
569,10,0.497733
569,11,0.498885
569,12,0.494601
569,13,0.547988
569,14,0.497156
569,15,0.499727
570,1,0.495783
570,2,0.497922
570,3,0.495181
570,4,0.498369
570,5,0.498117
570,6,0.504695
570,7,0.499139
570,8,0.531294
570,9,0.498385
570,10,0.476431
570,11,0.504737
570,12,0.498171
570,13,0.496994
570,14,0.491532
570,15,0.492507
571,1,0.495783
571,2,0.502064
571,3,0.495194
571,4,0.498258
571,5,0.498171
571,6,0.493337
571,7,0.497430
571,8,0.495156
571,9,0.474000
571,10,0.494445
571,11,0.494983
571,12,0.495757
571,13,0.501651
571,14,0.492297
571,15,0.506341
572,1,0.467425
572,2,0.501971
572,3,0.495212
572,4,0.498310
572,5,0.495181
572,6,0.436940
572,7,0.495768
572,8,0.496160
572,9,0.494332
572,10,0.495476
572,11,0.498139
572,12,0.488479
572,13,0.500983
572,14,0.500983
572,15,0.498385
573,1,0.530507
573,2,0.499364
573,3,0.497922
573,4,0.495181
573,5,0.509119
573,6,0.488466
573,7,0.494702
573,8,0.493874
573,9,0.501266
573,10,0.508753
573,11,0.500689
573,12,0.497329
573,13,0.499514
573,14,0.501054
573,15,0.493117
574,1,0.495783
574,2,0.497922
574,3,0.495181
574,4,0.494110
574,5,0.489657
574,6,0.487682
574,7,0.492464
574,8,0.492148
574,9,0.497922
574,10,0.495181
574,11,0.490608
574,12,0.498566
574,13,0.498857
574,14,0.493850
574,15,0.492148
575,1,0.495545
575,2,0.504123
575,3,0.495768
575,4,0.496676
575,5,0.511533
575,6,0.496596
575,7,0.493235
575,8,0.492222
575,9,0.510400
575,10,0.526342
575,11,0.502710
575,12,0.499139
575,13,0.494983
575,14,0.495587
575,15,0.495831
576,1,0.445859
576,2,0.495545
576,3,0.504352
576,4,0.500983
576,5,0.500346
576,6,0.495911
576,7,0.497483
576,8,0.494066
576,9,0.492939
576,10,0.497711
576,11,0.498139
576,12,0.497733
576,13,0.500983
576,14,0.479643
576,15,0.492993
577,1,0.500261
577,2,0.497013
577,3,0.499683
577,4,0.503691
577,5,0.495717
577,6,0.493850
577,7,0.479951
577,8,0.497891
577,9,0.494973
577,10,0.490799
577,11,0.498258
577,12,0.490608
577,13,0.492148
577,14,0.495183
577,15,0.498482
578,1,0.495783
578,2,0.497922
578,3,0.495181
578,4,0.500391
578,5,0.496195
578,6,0.496873
578,7,0.497110
578,8,0.497110
578,9,0.501651
578,10,0.510400
578,11,0.500704
578,12,0.534077
578,13,0.517517
578,14,0.495476
578,15,0.494576
579,1,0.500261
579,2,0.469692
579,3,0.503279
579,4,0.495679
579,5,0.494792
579,6,0.493644
579,7,0.501054
579,8,0.493453
579,9,0.493638
579,10,0.498283
579,11,0.498901
579,12,0.497399
579,13,0.495156
579,14,0.493097
579,15,0.491427
580,1,0.500261
580,2,0.497013
580,3,0.496676
580,4,0.434589
580,5,0.497430
580,6,0.491437
580,7,0.491610
580,8,0.487258
580,9,0.490988
580,10,0.490988
580,11,0.495156
580,12,0.499727
580,13,0.510400
580,14,0.510494
580,15,0.445859
581,1,0.495783
581,2,0.497922
581,3,0.497430
581,4,0.496763
581,5,0.494523
581,6,0.498385
581,7,0.468120
581,8,0.506341
581,9,0.499451
581,10,0.499905
581,11,0.499659
581,12,0.498171
581,13,0.492297
581,14,0.490367
581,15,0.497711
582,1,0.495545
582,2,0.504352
582,3,0.498385
582,4,0.493453
582,5,0.490167
582,6,0.496817
582,7,0.494926
582,8,0.497711
582,9,0.497430
582,10,0.478859
582,11,0.486831
582,12,0.493638
582,13,0.487299
582,14,0.496160
582,15,0.494332
583,1,0.492297
583,2,0.495545
583,3,0.555991
583,4,0.504352
583,5,0.504123
583,6,0.574110
583,7,0.495768
583,8,0.502064
583,9,0.495194
583,10,0.499514
583,11,0.494983
583,12,0.492878
583,13,0.495757
583,14,0.495831
583,15,0.492445
584,1,0.500261
584,2,0.497013
584,3,0.492148
584,4,0.489961
584,5,0.489961
584,6,0.491312
584,7,0.547988
584,8,0.494014
584,9,0.497711
584,10,0.495181
584,11,0.494110
584,12,0.489657
584,13,0.492511
584,14,0.445859
584,15,0.501054
585,1,0.495783
585,2,0.496160
585,3,0.502064
585,4,0.499727
585,5,0.458765
585,6,0.510400
585,7,0.503279
585,8,0.501603
585,9,0.492250
585,10,0.491098
585,11,0.485773
585,12,0.497642
585,13,0.490284
585,14,0.491786
585,15,0.498435
586,1,0.500261
586,2,0.497013
586,3,0.499683
586,4,0.493006
586,5,0.499683
586,6,0.439698
586,7,0.498852
586,8,0.498852
586,9,0.500391
586,10,0.501266
586,11,0.507642
586,12,0.460566
586,13,0.501559
586,14,0.503691
586,15,0.553959
587,1,0.438229
587,2,0.499364
587,3,0.495156
587,4,0.493097
587,5,0.490448
587,6,0.487289
587,7,0.493235
587,8,0.491610
587,9,0.494445
587,10,0.494303
587,11,0.494913
587,12,0.498117
587,13,0.504127
587,14,0.504127
587,15,0.504695
588,1,0.500261
588,2,0.497013
588,3,0.499683
588,4,0.496406
588,5,0.492966
588,6,0.496676
588,7,0.495181
588,8,0.457823
588,9,0.495212
588,10,0.490988
588,11,0.493132
588,12,0.495368
588,13,0.492250
588,14,0.501603
588,15,0.492441
589,1,0.495545
589,2,0.504123
589,3,0.500391
589,4,0.492445
589,5,0.494651
589,6,0.487920
589,7,0.493132
589,8,0.498482
589,9,0.498258
589,10,0.498171
589,11,0.492148
589,12,0.491437
589,13,0.497642
589,14,0.498081
589,15,0.501603
590,1,0.495545
590,2,0.499364
590,3,0.497094
590,4,0.494332
590,5,0.495476
590,6,0.491323
590,7,0.493359
590,8,0.506341
590,9,0.504695
590,10,0.501603
590,11,0.495829
590,12,0.492441
590,13,0.495156
590,14,0.493006
590,15,0.492148
591,1,0.495783
591,2,0.502064
591,3,0.475049
591,4,0.498081
591,5,0.501603
591,6,0.499972
591,7,0.493117
591,8,0.499683
591,9,0.496406
591,10,0.492507
591,11,0.486399
591,12,0.498310
591,13,0.495181
591,14,0.494110
591,15,0.496195
592,1,0.500261
592,2,0.513402
592,3,0.503279
592,4,0.505822
592,5,0.503280
592,6,0.500704
592,7,0.501559
592,8,0.496406
592,9,0.496676
592,10,0.491610
592,11,0.486979
592,12,0.496346
592,13,0.496817
592,14,0.495156
592,15,0.495194
593,1,0.495545
593,2,0.504352
593,3,0.500983
593,4,0.498885
593,5,0.497094
593,6,0.508587
593,7,0.491437
593,8,0.499727
593,9,0.498822
593,10,0.494045
593,11,0.454787
593,12,0.492250
593,13,0.487258
593,14,0.474682
593,15,0.507642
594,1,0.495783
594,2,0.502064
594,3,0.499727
594,4,0.498822
594,5,0.501559
594,6,0.494138
594,7,0.489197
594,8,0.491312
594,9,0.494014
594,10,0.495156
594,11,0.493097
594,12,0.490448
594,13,0.490448
594,14,0.496195
594,15,0.501054
595,1,0.495545
595,2,0.504123
595,3,0.465565
595,4,0.504660
595,5,0.456919
595,6,0.495755
595,7,0.492441
595,8,0.494368
595,9,0.489812
595,10,0.496008
595,11,0.497338
595,12,0.497642
595,13,0.498081
595,14,0.494445
595,15,0.481465
596,1,0.495783
596,2,0.497922
596,3,0.497891
596,4,0.494973
596,5,0.494913
596,6,0.492007
596,7,0.494045
596,8,0.491852
596,9,0.491852
596,10,0.491722
596,11,0.498369
596,12,0.495589
596,13,0.480486
596,14,0.500704
596,15,0.497935
597,1,0.500261
597,2,0.501971
597,3,0.495212
597,4,0.497094
597,5,0.496346
597,6,0.493646
597,7,0.493646
597,8,0.495006
597,9,0.497733
597,10,0.494973
597,11,0.490608
597,12,0.498566
597,13,0.513146
597,14,0.491427
597,15,0.490988
598,1,0.495545
598,2,0.504352
598,3,0.498901
598,4,0.494601
598,5,0.493097
598,6,0.492445
598,7,0.445859
598,8,0.492148
598,9,0.497711
598,10,0.494014
598,11,0.494926
598,12,0.497711
598,13,0.497891
598,14,0.497891
598,15,0.494973
599,1,0.500261
599,2,0.501971
599,3,0.499514
599,4,0.498901
599,5,0.494601
599,6,0.491532
599,7,0.488746
599,8,0.491610
599,9,0.497094
599,10,0.495913
599,11,0.494301
599,12,0.494301
599,13,0.532750
599,14,0.494332
599,15,0.494301
600,1,0.495545
600,2,0.504123
600,3,0.397650
600,4,0.497013
600,5,0.499683
600,6,0.503691
600,7,0.495344
600,8,0.499683
600,9,0.498482
600,10,0.547988
600,11,0.499514
600,12,0.501054
600,13,0.502497
600,14,0.495770
600,15,0.495770
601,1,0.495783
601,2,0.496160
601,3,0.485773
601,4,0.491610
601,5,0.488783
601,6,0.480839
601,7,0.499514
601,8,0.492441
601,9,0.495156
601,10,0.495194
601,11,0.494445
601,12,0.490083
601,13,0.489859
601,14,0.495757
601,15,0.489772
602,1,0.495783
602,2,0.497922
602,3,0.497430
602,4,0.491437
602,5,0.497642
602,6,0.495344
602,7,0.501559
602,8,0.503691
602,9,0.502017
602,10,0.510494
602,11,0.501729
602,12,0.498374
602,13,0.501559
602,14,0.496662
602,15,0.494035
603,1,0.500261
603,2,0.501971
603,3,0.495212
603,4,0.496160
603,5,0.491437
603,6,0.495194
603,7,0.504737
603,8,0.502497
603,9,0.505822
603,10,0.502497
603,11,0.493389
603,12,0.500232
603,13,0.493453
603,14,0.499683
603,15,0.498482
604,1,0.495545
604,2,0.504352
604,3,0.500983
604,4,0.498901
604,5,0.494601
604,6,0.499727
604,7,0.503279
604,8,0.495679
604,9,0.498991
604,10,0.496406
604,11,0.501559
604,12,0.494138
604,13,0.496008
604,14,0.491886
604,15,0.498852
605,1,0.495545
605,2,0.504123
605,3,0.504977
605,4,0.498379
605,5,0.497207
605,6,0.498857
605,7,0.491532
605,8,0.502064
605,9,0.499727
605,10,0.519311
605,11,0.488298
605,12,0.497711
605,13,0.498139
605,14,0.495006
605,15,0.482941
606,1,0.495783
606,2,0.502064
606,3,0.495194
606,4,0.494445
606,5,0.482520
606,6,0.491158
606,7,0.494368
606,8,0.495768
606,9,0.498566
606,10,0.496406
606,11,0.489197
606,12,0.491852
606,13,0.491077
606,14,0.485652
606,15,0.495476
607,1,0.500261
607,2,0.513402
607,3,0.498822
607,4,0.494045
607,5,0.489961
607,6,0.495476
607,7,0.498139
607,8,0.493742
607,9,0.479900
607,10,0.496653
607,11,0.496596
607,12,0.490874
607,13,0.473956
607,14,0.501651
607,15,0.497329
608,1,0.495545
608,2,0.504123
608,3,0.495768
608,4,0.490367
608,5,0.494332
608,6,0.491437
608,7,0.491610
608,8,0.488783
608,9,0.509913
608,10,0.482520
608,11,0.490874
608,12,0.493097
608,13,0.487289
608,14,0.486307
608,15,0.489961
609,1,0.495545
609,2,0.504123
609,3,0.504977
609,4,0.498379
609,5,0.497935
609,6,0.497430
609,7,0.493235
609,8,0.497156
609,9,0.493959
609,10,0.506341
609,11,0.503279
609,12,0.457798
609,13,0.501054
609,14,0.501506
609,15,0.502989
610,1,0.495545
610,2,0.504123
610,3,0.482773
610,4,0.506341
610,5,0.504127
610,6,0.504127
610,7,0.499451
610,8,0.495679
610,9,0.495731
610,10,0.531294
610,11,0.495212
610,12,0.502064
610,13,0.493006
610,14,0.488298
610,15,0.487886
611,1,0.500261
611,2,0.497013
611,3,0.496676
611,4,0.491610
611,5,0.494926
611,6,0.494301
611,7,0.495476
611,8,0.488971
611,9,0.494576
611,10,0.495006
611,11,0.494231
611,12,0.494066
611,13,0.491457
611,14,0.491532
611,15,0.492507
612,1,0.500261
612,2,0.480960
612,3,0.241763
612,4,0.499514
612,5,0.499514
612,6,0.492441
612,7,0.512647
612,8,0.497399
612,9,0.491437
612,10,0.491610
612,11,0.493351
612,12,0.491714
612,13,0.496994
612,14,0.491409
612,15,0.492507
613,1,0.495783
613,2,0.497922
613,3,0.471671
613,4,0.497430
613,5,0.494926
613,6,0.494332
613,7,0.521732
613,8,0.494014
613,9,0.491437
613,10,0.497642
613,11,0.492250
613,12,0.495482
613,13,0.498081
613,14,0.495212
613,15,0.495156
614,1,0.434589
614,2,0.434589
614,3,0.495783
614,4,0.502064
614,5,0.493006
614,6,0.488298
614,7,0.487886
614,8,0.492827
614,9,0.493498
614,10,0.495181
614,11,0.504977
614,12,0.498379
614,13,0.494045
614,14,0.491437
614,15,0.493006
615,1,0.495545
615,2,0.504123
615,3,0.495768
615,4,0.493638
615,5,0.487299
615,6,0.457809
615,7,0.494926
615,8,0.547517
615,9,0.495476
615,10,0.498139
615,11,0.489904
615,12,0.454053
615,13,0.354704
615,14,0.484753
615,15,0.490344
616,1,0.495783
616,2,0.497922
616,3,0.497891
616,4,0.498385
616,5,0.495831
616,6,0.497520
616,7,0.497520
616,8,0.497520
616,9,0.500689
616,10,0.495570
616,11,0.490367
616,12,0.466824
616,13,0.491312
616,14,0.486737
616,15,0.493235
617,1,0.495545
617,2,0.499364
617,3,0.495156
617,4,0.495194
617,5,0.495212
617,6,0.498991
617,7,0.493097
617,8,0.494129
617,9,0.490448
617,10,0.492464
617,11,0.497733
617,12,0.500346
617,13,0.492538
617,14,0.495831
617,15,0.497520
618,1,0.495545
618,2,0.499364
618,3,0.496160
618,4,0.445859
618,5,0.497711
618,6,0.498139
618,7,0.496596
618,8,0.491437
618,9,0.495194
618,10,0.491427
618,11,0.489733
618,12,0.493132
618,13,0.492884
618,14,0.488993
618,15,0.491427
619,1,0.495545
619,2,0.504123
619,3,0.495768
619,4,0.498566
619,5,0.496406
619,6,0.496008
619,7,0.491886
619,8,0.491427
619,9,0.486307
619,10,0.547988
619,11,0.498991
619,12,0.493006
619,13,0.492148
619,14,0.491312
619,15,0.486737
620,1,0.495783
620,2,0.497922
620,3,0.454786
620,4,0.490608
620,5,0.493137
620,6,0.498566
620,7,0.493906
620,8,0.496195
620,9,0.501054
620,10,0.493453
620,11,0.493925
620,12,0.491409
620,13,0.492148
620,14,0.495183
620,15,0.488640
621,1,0.495545
621,2,0.499364
621,3,0.495156
621,4,0.491532
621,5,0.499683
621,6,0.503691
621,7,0.502017
621,8,0.504695
621,9,0.499139
621,10,0.502710
621,11,0.520477
621,12,0.499514
621,13,0.495212
621,14,0.497094
621,15,0.496160
622,1,0.495783
622,2,0.496160
622,3,0.497711
622,4,0.491323
622,5,0.493359
622,6,0.493359
622,7,0.506341
622,8,0.533769
622,9,0.497935
622,10,0.498435
622,11,0.490608
622,12,0.498566
622,13,0.498857
622,14,0.493906
622,15,0.493906
623,1,0.500261
623,2,0.501971
623,3,0.504737
623,4,0.507642
623,5,0.495570
623,6,0.495871
623,7,0.489220
623,8,0.468625
623,9,0.488640
623,10,0.496008
623,11,0.498482
623,12,0.494445
623,13,0.482520
623,14,0.494470
623,15,0.495318
624,1,0.495783
624,2,0.502064
624,3,0.493006
624,4,0.499683
624,5,0.498482
624,6,0.498258
624,7,0.494000
624,8,0.489657
624,9,0.489657
624,10,0.466824
624,11,0.495112
624,12,0.493166
624,13,0.499683
624,14,0.548209
624,15,0.494668
625,1,0.500261
625,2,0.497013
625,3,0.496676
625,4,0.498435
625,5,0.493874
625,6,0.500482
625,7,0.493850
625,8,0.497935
625,9,0.492538
625,10,0.535093
625,11,0.497891
625,12,0.504352
625,13,0.498385
625,14,0.501651
625,15,0.464374
626,1,0.500261
626,2,0.501971
626,3,0.495212
626,4,0.494792
626,5,0.491610
626,6,0.494926
626,7,0.494212
626,8,0.487618
626,9,0.486076
626,10,0.496676
626,11,0.493644
626,12,0.488474
626,13,0.494523
626,14,0.495831
626,15,0.474027
627,1,0.495783
627,2,0.497922
627,3,0.495181
627,4,0.494110
627,5,0.489657
627,6,0.490083
627,7,0.495757
627,8,0.489859
627,9,0.498431
627,10,0.498283
627,11,0.494973
627,12,0.501651
627,13,0.506341
627,14,0.504127
627,15,0.500704
628,1,0.473956
628,2,0.500261
628,3,0.513402
628,4,0.510400
628,5,0.510494
628,6,0.509059
628,7,0.501729
628,8,0.476835
628,9,0.500983
628,10,0.500983
628,11,0.498885
628,12,0.497094
628,13,0.491457
628,14,0.491610
628,15,0.498258
629,1,0.495783
629,2,0.502064
629,3,0.495194
629,4,0.494445
629,5,0.436940
629,6,0.494983
629,7,0.498885
629,8,0.491050
629,9,0.497094
629,10,0.497922
629,11,0.495181
629,12,0.494110
629,13,0.492445
629,14,0.490247
629,15,0.494651
630,1,0.495545
630,2,0.504123
630,3,0.504977
630,4,0.498822
630,5,0.492148
630,6,0.489961
630,7,0.485652
630,8,0.494301
630,9,0.495476
630,10,0.498139
630,11,0.493742
630,12,0.498431
630,13,0.442102
630,14,0.497430
630,15,0.493235
631,1,0.500261
631,2,0.513402
631,3,0.510400
631,4,0.510494
631,5,0.501729
631,6,0.445859
631,7,0.501729
631,8,0.501729
631,9,0.505822
631,10,0.495462
631,11,0.492148
631,12,0.495183
631,13,0.496406
631,14,0.497935
631,15,0.491337
632,1,0.495545
632,2,0.499364
632,3,0.497094
632,4,0.496346
632,5,0.494014
632,6,0.494926
632,7,0.497711
632,8,0.498139
632,9,0.489904
632,10,0.494913
632,11,0.464751
632,12,0.488226
632,13,0.492507
632,14,0.491610
632,15,0.497094
633,1,0.495783
633,2,0.496160
633,3,0.497711
633,4,0.497891
633,5,0.497733
633,6,0.491853
633,7,0.434589
633,8,0.501651
633,9,0.501403
633,10,0.498379
633,11,0.497935
633,12,0.491610
633,13,0.498991
633,14,0.496406
633,15,0.499683
634,1,0.531294
634,2,0.500261
634,3,0.513402
634,4,0.503279
634,5,0.505822
634,6,0.495462
634,7,0.499659
634,8,0.502497
634,9,0.499514
634,10,0.498385
634,11,0.495831
634,12,0.496195
634,13,0.489535
634,14,0.490247
634,15,0.497430
635,1,0.495545
635,2,0.504123
635,3,0.504977
635,4,0.529648
635,5,0.506341
635,6,0.499451
635,7,0.495337
635,8,0.434589
635,9,0.496676
635,10,0.497891
635,11,0.497733
635,12,0.500346
635,13,0.492538
635,14,0.489772
635,15,0.487849
636,1,0.495545
636,2,0.499364
636,3,0.498310
636,4,0.495181
636,5,0.498369
636,6,0.494278
636,7,0.498117
636,8,0.498379
636,9,0.496676
636,10,0.491610
636,11,0.493235
636,12,0.489530
636,13,0.489657
636,14,0.501054
636,15,0.380913
637,1,0.495783
637,2,0.497922
637,3,0.497891
637,4,0.497733
637,5,0.494973
637,6,0.493453
637,7,0.493638
637,8,0.496817
637,9,0.495323
637,10,0.495318
637,11,0.496763
637,12,0.492993
637,13,0.494523
637,14,0.493518
637,15,0.491853
638,1,0.500261
638,2,0.513402
638,3,0.510400
638,4,0.500704
638,5,0.496900
638,6,0.501009
638,7,0.495871
638,8,0.502064
638,9,0.499727
638,10,0.501223
638,11,0.515242
638,12,0.509059
638,13,0.498374
638,14,0.501009
638,15,0.494138
639,1,0.495545
639,2,0.504352
639,3,0.498901
639,4,0.497094
639,5,0.497094
639,6,0.491437
639,7,0.495194
639,8,0.494445
639,9,0.482520
639,10,0.490988
639,11,0.489961
639,12,0.494332
639,13,0.495476
639,14,0.498139
639,15,0.495006
640,1,0.500261
640,2,0.497013
640,3,0.496676
640,4,0.491610
640,5,0.496763
640,6,0.489748
640,7,0.495831
640,8,0.497520
640,9,0.500689
640,10,0.504127
640,11,0.504127
640,12,0.506341
640,13,0.521097
640,14,0.497935
640,15,0.497430
641,1,0.500261
641,2,0.501971
641,3,0.504737
641,4,0.483661
641,5,0.495570
641,6,0.501559
641,7,0.496662
641,8,0.503803
641,9,0.499659
641,10,0.488150
641,11,0.492008
641,12,0.492008
641,13,0.491437
641,14,0.493006
641,15,0.492148
642,1,0.500261
642,2,0.513402
642,3,0.510400
642,4,0.500704
642,5,0.497935
642,6,0.493644
642,7,0.489754
642,8,0.488474
642,9,0.494368
642,10,0.488119
642,11,0.492148
642,12,0.495183
642,13,0.508753
642,14,0.493006
642,15,0.488298
643,1,0.495545
643,2,0.504123
643,3,0.520477
643,4,0.495768
643,5,0.496676
643,6,0.493644
643,7,0.494983
643,8,0.489859
643,9,0.479838
643,10,0.498431
643,11,0.495318
643,12,0.498385
643,13,0.504977
643,14,0.498822
643,15,0.494045
644,1,0.500261
644,2,0.501971
644,3,0.434589
644,4,0.499514
644,5,0.506369
644,6,0.467687
644,7,0.497110
644,8,0.500232
644,9,0.495770
644,10,0.500232
644,11,0.467410
644,12,0.502497
644,13,0.501266
644,14,0.500689
644,15,0.495697
645,1,0.495545
645,2,0.504352
645,3,0.500983
645,4,0.498385
645,5,0.495831
645,6,0.489529
645,7,0.497399
645,8,0.495913
645,9,0.488032
645,10,0.486216
645,11,0.496676
645,12,0.491610
645,13,0.488629
645,14,0.497891
645,15,0.498901
646,1,0.495783
646,2,0.497922
646,3,0.497891
646,4,0.497733
646,5,0.491853
646,6,0.493453
646,7,0.498566
646,8,0.498482
646,9,0.490702
646,10,0.498852
646,11,0.503691
646,12,0.498822
646,13,0.501559
646,14,0.494138
646,15,0.466824
647,1,0.500261
647,2,0.497013
647,3,0.492148
647,4,0.494332
647,5,0.489559
647,6,0.497642
647,7,0.495482
647,8,0.495691
647,9,0.496900
647,10,0.501009
647,11,0.496662
647,12,0.494035
647,13,0.499972
647,14,0.492250
647,15,0.492930
648,1,0.495783
648,2,0.502064
648,3,0.495194
648,4,0.498258
648,5,0.502497
648,6,0.500232
648,7,0.500232
648,8,0.504492
648,9,0.503280
648,10,0.500704
648,11,0.497935
648,12,0.491337
648,13,0.497664
648,14,0.490972
648,15,0.493638
649,1,0.495545
649,2,0.504123
649,3,0.466824
649,4,0.495768
649,5,0.493638
649,6,0.497891
649,7,0.494973
649,8,0.488226
649,9,0.490799
649,10,0.487682
649,11,0.494792
649,12,0.488866
649,13,0.493235
649,14,0.492966
649,15,0.491532
650,1,0.495783
650,2,0.502064
650,3,0.493006
650,4,0.499683
650,5,0.496406
650,6,0.473956
650,7,0.495395
650,8,0.489197
650,9,0.494301
650,10,0.494332
650,11,0.495476
650,12,0.494014
650,13,0.497094
650,14,0.497711
650,15,0.494014
651,1,0.500261
651,2,0.501971
651,3,0.495212
651,4,0.490988
651,5,0.485962
651,6,0.489961
651,7,0.491312
651,8,0.491722
651,9,0.498369
651,10,0.492007
651,11,0.491786
651,12,0.490561
651,13,0.491852
651,14,0.491722
651,15,0.455997
652,1,0.495545
652,2,0.504352
652,3,0.498385
652,4,0.495831
652,5,0.493179
652,6,0.493975
652,7,0.487206
652,8,0.492878
652,9,0.500983
652,10,0.498385
652,11,0.434589
652,12,0.501651
652,13,0.493208
652,14,0.498379
652,15,0.496676
653,1,0.473956
653,2,0.495545
653,3,0.504123
653,4,0.495768
653,5,0.492148
653,6,0.497711
653,7,0.494014
653,8,0.491741
653,9,0.491457
653,10,0.491532
653,11,0.486932
653,12,0.495476
653,13,0.498139
653,14,0.494973
653,15,0.488353
654,1,0.495545
654,2,0.504352
654,3,0.458765
654,4,0.498385
654,5,0.501651
654,6,0.327235
654,7,0.497329
654,8,0.493208
654,9,0.493638
654,10,0.498435
654,11,0.507642
654,12,0.504660
654,13,0.499905
654,14,0.499905
654,15,0.456553
655,1,0.495545
655,2,0.504123
655,3,0.500391
655,4,0.501266
655,5,0.493166
655,6,0.495697
655,7,0.434589
655,8,0.495755
655,9,0.499972
655,10,0.501506
655,11,0.506341
655,12,0.499451
655,13,0.505822
655,14,0.503280
655,15,0.495462
656,1,0.495545
656,2,0.504123
656,3,0.500391
656,4,0.496195
656,5,0.492511
656,6,0.492511
656,7,0.496873
656,8,0.503279
656,9,0.505822
656,10,0.507642
656,11,0.500704
656,12,0.488602
656,13,0.495183
656,14,0.491610
656,15,0.487258
657,1,0.475183
657,2,0.501971
657,3,0.476831
657,4,0.455417
657,5,0.459683
657,6,0.497935
657,7,0.492832
657,8,0.492832
657,9,0.491337
657,10,0.495156
657,11,0.497156
657,12,0.501223
657,13,0.515242
657,14,0.504695
657,15,0.499139
658,1,0.495783
658,2,0.496160
658,3,0.471671
658,4,0.494332
658,5,0.489559
658,6,0.491610
658,7,0.494445
658,8,0.494983
658,9,0.489859
658,10,0.489859
658,11,0.494066
658,12,0.492939
658,13,0.496160
658,14,0.494332
658,15,0.479504
659,1,0.500261
659,2,0.488479
659,3,0.513402
659,4,0.503279
659,5,0.505822
659,6,0.489720
659,7,0.495570
659,8,0.490344
659,9,0.486953
659,10,0.494332
659,11,0.495476
659,12,0.494014
659,13,0.494926
659,14,0.489616
659,15,0.491457
660,1,0.495783
660,2,0.502064
660,3,0.495194
660,4,0.491427
660,5,0.487820
660,6,0.494447
660,7,0.494803
660,8,0.501223
660,9,0.515242
660,10,0.496952
660,11,0.499139
660,12,0.502710
660,13,0.503280
660,14,0.532385
660,15,0.492563
661,1,0.495783
661,2,0.496160
661,3,0.491437
661,4,0.493006
661,5,0.496008
661,6,0.497338
661,7,0.491886
661,8,0.464451
661,9,0.504737
661,10,0.498171
661,11,0.494045
661,12,0.491312
661,13,0.498435
661,14,0.498369
661,15,0.443065
662,1,0.500261
662,2,0.513402
662,3,0.498822
662,4,0.494045
662,5,0.491852
662,6,0.491722
662,7,0.486737
662,8,0.496763
662,9,0.486746
662,10,0.495181
662,11,0.490608
662,12,0.493137
662,13,0.493906
662,14,0.495679
662,15,0.497935
663,1,0.500261
663,2,0.513402
663,3,0.503279
663,4,0.495679
663,5,0.494792
663,6,0.490162
663,7,0.490162
663,8,0.492441
663,9,0.497922
663,10,0.497430
663,11,0.498310
663,12,0.494447
663,13,0.491464
663,14,0.490448
663,15,0.496873
664,1,0.495545
664,2,0.457607
664,3,0.504977
664,4,0.506341
664,5,0.504127
664,6,0.499451
664,7,0.502710
664,8,0.499139
664,9,0.502710
664,10,0.503279
664,11,0.505822
664,12,0.471393
664,13,0.501179
664,14,0.502989
664,15,0.498374
665,1,0.495545
665,2,0.504123
665,3,0.504977
665,4,0.504660
665,5,0.494361
665,6,0.492563
665,7,0.490988
665,8,0.497711
665,9,0.494014
665,10,0.493498
665,11,0.489748
665,12,0.485943
665,13,0.492507
665,14,0.445859
665,15,0.497891
666,1,0.495783
666,2,0.497922
666,3,0.495181
666,4,0.494110
666,5,0.496195
666,6,0.515290
666,7,0.492441
666,8,0.494368
666,9,0.498482
666,10,0.498852
666,11,0.491427
666,12,0.492507
666,13,0.487990
666,14,0.497733
666,15,0.495587
667,1,0.500261
667,2,0.513402
667,3,0.503279
667,4,0.501603
667,5,0.459310
667,6,0.492441
667,7,0.497094
667,8,0.495913
667,9,0.495913
667,10,0.494301
667,11,0.462074
667,12,0.486076
667,13,0.488298
667,14,0.485944
667,15,0.487250
668,1,0.495545
668,2,0.504123
668,3,0.494320
668,4,0.496195
668,5,0.492511
668,6,0.496873
668,7,0.489535
668,8,0.495156
668,9,0.491532
668,10,0.492507
668,11,0.492654
668,12,0.492654
668,13,0.498435
668,14,0.492297
668,15,0.501971
669,1,0.495783
669,2,0.496160
669,3,0.497711
669,4,0.491323
669,5,0.485943
669,6,0.492507
669,7,0.486399
669,8,0.491610
669,9,0.496763
669,10,0.494523
669,11,0.498385
669,12,0.493453
669,13,0.490167
669,14,0.498566
669,15,0.496406
670,1,0.495783
670,2,0.497922
670,3,0.497891
670,4,0.497733
670,5,0.496653
670,6,0.497635
670,7,0.497635
670,8,0.492538
670,9,0.495911
670,10,0.497399
670,11,0.491437
670,12,0.491610
670,13,0.494445
670,14,0.494303
670,15,0.482520
671,1,0.495783
671,2,0.496160
671,3,0.494332
671,4,0.491437
671,5,0.491610
671,6,0.491427
671,7,0.491075
671,8,0.497620
671,9,0.497620
671,10,0.493924
671,11,0.521217
671,12,0.501054
671,13,0.501506
671,14,0.501179
671,15,0.501179
672,1,0.492464
672,2,0.495545
672,3,0.504352
672,4,0.498385
672,5,0.501651
672,6,0.493208
672,7,0.497207
672,8,0.493093
672,9,0.497664
672,10,0.494110
672,11,0.495112
672,12,0.489657
672,13,0.492445
672,14,0.497094
672,15,0.491457
673,1,0.548001
673,2,0.496160
673,3,0.494332
673,4,0.491437
673,5,0.497642
673,6,0.498081
673,7,0.495679
673,8,0.485880
673,9,0.497094
673,10,0.491437
673,11,0.497642
673,12,0.495344
673,13,0.501559
673,14,0.494138
673,15,0.489197
674,1,0.495783
674,2,0.496160
674,3,0.497711
674,4,0.494014
674,5,0.493498
674,6,0.491323
674,7,0.498369
674,8,0.495344
674,9,0.490561
674,10,0.495183
674,11,0.495368
674,12,0.492250
674,13,0.490284
674,14,0.496008
674,15,0.498482
675,1,0.397650
675,2,0.495783
675,3,0.497922
675,4,0.497891
675,5,0.497733
675,6,0.494231
675,7,0.498431
675,8,0.496544
675,9,0.491264
675,10,0.488287
675,11,0.445859
675,12,0.493638
675,13,0.490333
675,14,0.496596
675,15,0.498431
676,1,0.495783
676,2,0.496160
676,3,0.497711
676,4,0.497430
676,5,0.496763
676,6,0.492993
676,7,0.493498
676,8,0.489748
676,9,0.485943
676,10,0.486603
676,11,0.489961
676,12,0.491437
676,13,0.497642
676,14,0.490284
676,15,0.495934
677,1,0.495545
677,2,0.457767
677,3,0.495768
677,4,0.493638
677,5,0.494702
677,6,0.502497
677,7,0.496195
677,8,0.496873
677,9,0.489535
677,10,0.485880
677,11,0.496676
677,12,0.504737
677,13,0.495768
677,14,0.490367
677,15,0.493621
678,1,0.495545
678,2,0.504123
678,3,0.495768
678,4,0.496676
678,5,0.520816
678,6,0.436940
678,7,0.489754
678,8,0.495757
678,9,0.501054
678,10,0.501506
678,11,0.493208
678,12,0.532227
678,13,0.474010
678,14,0.491077
678,15,0.487250
679,1,0.495545
679,2,0.504123
679,3,0.504977
679,4,0.506341
679,5,0.480628
679,6,0.509059
679,7,0.501729
679,8,0.505822
679,9,0.495462
679,10,0.503280
679,11,0.501179
679,12,0.524584
679,13,0.492563
679,14,0.498310
679,15,0.436940
680,1,0.495545
680,2,0.504123
680,3,0.500391
680,4,0.496195
680,5,0.494983
680,6,0.495757
680,7,0.492878
680,8,0.492441
680,9,0.443065
680,10,0.496160
680,11,0.497711
680,12,0.497891
680,13,0.574110
680,14,0.495181
680,15,0.500391
681,1,0.500261
681,2,0.497013
681,3,0.492148
681,4,0.495183
681,5,0.498482
681,6,0.490702
681,7,0.547988
681,8,0.494792
681,9,0.493789
681,10,0.500391
681,11,0.504737
681,12,0.445859
681,13,0.510400
681,14,0.500704
681,15,0.499683
682,1,0.500261
682,2,0.513402
682,3,0.503279
682,4,0.501603
682,5,0.495829
682,6,0.495829
682,7,0.492441
682,8,0.434589
682,9,0.490988
682,10,0.496346
682,11,0.493179
682,12,0.494926
682,13,0.491457
682,14,0.486513
682,15,0.491610
683,1,0.495545
683,2,0.504123
683,3,0.504977
683,4,0.506341
683,5,0.504127
683,6,0.504127
683,7,0.510494
683,8,0.498374
683,9,0.500704
683,10,0.501559
683,11,0.503691
683,12,0.498822
683,13,0.494045
683,14,0.491312
683,15,0.495181
684,1,0.495783
684,2,0.497922
684,3,0.501967
684,4,0.494110
684,5,0.495112
684,6,0.484200
684,7,0.498822
684,8,0.494045
684,9,0.494332
684,10,0.491437
684,11,0.491610
684,12,0.487258
684,13,0.490988
684,14,0.493132
684,15,0.489812
685,1,0.495783
685,2,0.502064
685,3,0.493006
685,4,0.496008
685,5,0.489145
685,6,0.491291
685,7,0.489145
685,8,0.501559
685,9,0.503691
685,10,0.495717
685,11,0.495717
685,12,0.495717
685,13,0.495953
685,14,0.495953
685,15,0.498310
686,1,0.495783
686,2,0.496160
686,3,0.491437
686,4,0.497642
686,5,0.462400
686,6,0.492250
686,7,0.498716
686,8,0.498716
686,9,0.482207
686,10,0.503280
686,11,0.504660
686,12,0.514107
686,13,0.501603
686,14,0.499972
686,15,0.501506
687,1,0.495545
687,2,0.504352
687,3,0.500983
687,4,0.500983
687,5,0.498885
687,6,0.495156
687,7,0.497156
687,8,0.491032
687,9,0.501559
687,10,0.498482
687,11,0.494035
687,12,0.494035
687,13,0.459310
687,14,0.494983
687,15,0.501054
688,1,0.495783
688,2,0.497922
688,3,0.497430
688,4,0.495156
688,5,0.493097
688,6,0.501266
688,7,0.502497
688,8,0.380913
688,9,0.501266
688,10,0.495768
688,11,0.498566
688,12,0.497156
688,13,0.495523
688,14,0.493995
688,15,0.499972
689,1,0.495783
689,2,0.497922
689,3,0.497430
689,4,0.494926
689,5,0.495476
689,6,0.497891
689,7,0.469079
689,8,0.495831
689,9,0.493179
689,10,0.496873
689,11,0.492511
689,12,0.498885
689,13,0.497094
689,14,0.491457
689,15,0.492884
690,1,0.500261
690,2,0.513402
690,3,0.498822
690,4,0.467324
690,5,0.496406
690,6,0.489197
690,7,0.485944
690,8,0.497711
690,9,0.491323
690,10,0.494110
690,11,0.489657
690,12,0.489657
690,13,0.489657
690,14,0.487682
690,15,0.486307
691,1,0.545566
691,2,0.495545
691,3,0.504123
691,4,0.504977
691,5,0.506341
691,6,0.500704
691,7,0.495871
691,8,0.491312
691,9,0.489610
691,10,0.494523
691,11,0.489754
691,12,0.500346
691,13,0.495587
691,14,0.531941
691,15,0.493638
692,1,0.500261
692,2,0.532649
692,3,0.523915
692,4,0.504737
692,5,0.507642
692,6,0.504695
692,7,0.495953
692,8,0.497344
692,9,0.497156
692,10,0.499727
692,11,0.499727
692,12,0.504660
692,13,0.501603
692,14,0.495829
692,15,0.485880
693,1,0.495545
693,2,0.504352
693,3,0.500983
693,4,0.500983
693,5,0.495587
693,6,0.492993
693,7,0.492993
693,8,0.495831
693,9,0.501266
693,10,0.500689
693,11,0.514045
693,12,0.498379
693,13,0.493638
693,14,0.494702
693,15,0.498369
694,1,0.500261
694,2,0.513402
694,3,0.510400
694,4,0.500704
694,5,0.501559
694,6,0.494138
694,7,0.495871
694,8,0.491077
694,9,0.487250
694,10,0.529648
694,11,0.489610
694,12,0.496596
694,13,0.497094
694,14,0.496346
694,15,0.496817
695,1,0.495545
695,2,0.499364
695,3,0.497094
695,4,0.494332
695,5,0.497711
695,6,0.494014
695,7,0.496763
695,8,0.496817
695,9,0.494926
695,10,0.512888
695,11,0.498139
695,12,0.497733
695,13,0.498885
695,14,0.497483
695,15,0.498283
696,1,0.495783
696,2,0.434589
696,3,0.497922
696,4,0.497891
696,5,0.497733
696,6,0.496653
696,7,0.494231
696,8,0.497399
696,9,0.491437
696,10,0.493006
696,11,0.488298
696,12,0.491312
696,13,0.497891
696,14,0.498385
696,15,0.504977
697,1,0.495545
697,2,0.504123
697,3,0.476362
697,4,0.506341
697,5,0.495337
697,6,0.498379
697,7,0.494045
697,8,0.491437
697,9,0.491610
697,10,0.494445
697,11,0.494303
697,12,0.490799
697,13,0.495112
697,14,0.489657
697,15,0.501266
698,1,0.495545
698,2,0.504123
698,3,0.500391
698,4,0.501266
698,5,0.502497
698,6,0.505822
698,7,0.503280
698,8,0.499659
698,9,0.495212
698,10,0.574110
698,11,0.494792
698,12,0.498901
698,13,0.498310
698,14,0.494447
698,15,0.436940
699,1,0.500261
699,2,0.492297
699,3,0.513402
699,4,0.503279
699,5,0.495679
699,6,0.495731
699,7,0.495731
699,8,0.497344
699,9,0.531961
699,10,0.486932
699,11,0.495183
699,12,0.495368
699,13,0.498482
699,14,0.445859
699,15,0.505822
700,1,0.489181
700,2,0.502064
700,3,0.495194
700,4,0.491427
700,5,0.496008
700,6,0.503691
700,7,0.493850
700,8,0.491786
700,9,0.492832
700,10,0.496596
700,11,0.497399
700,12,0.488720
700,13,0.486513
700,14,0.497642
700,15,0.498081
701,1,0.500261
701,2,0.497013
701,3,0.499683
701,4,0.496406
701,5,0.488298
701,6,0.495183
701,7,0.510855
701,8,0.487258
701,9,0.477244
701,10,0.498991
701,11,0.491532
701,12,0.531204
701,13,0.487886
701,14,0.487886
701,15,0.489610
702,1,0.495545
702,2,0.504352
702,3,0.498901
702,4,0.498431
702,5,0.495318
702,6,0.498431
702,7,0.494447
702,8,0.491464
702,9,0.495112
702,10,0.495112
702,11,0.498973
702,12,0.515242
702,13,0.496952
702,14,0.502710
702,15,0.495953
703,1,0.495545
703,2,0.504123
703,3,0.504977
703,4,0.504660
703,5,0.495755
703,6,0.492563
703,7,0.497094
703,8,0.491437
703,9,0.495194
703,10,0.498258
703,11,0.491714
703,12,0.498973
703,13,0.492007
703,14,0.492507
703,15,0.529648
704,1,0.495783
704,2,0.497922
704,3,0.466824
704,4,0.504123
704,5,0.495768
704,6,0.490367
704,7,0.359631
704,8,0.495194
704,9,0.498258
704,10,0.515554
704,11,0.494045
704,12,0.495183
704,13,0.491610
704,14,0.519431
704,15,0.494303
705,1,0.495545
705,2,0.504123
705,3,0.504977
705,4,0.498379
705,5,0.497935
705,6,0.498435
705,7,0.490608
705,8,0.496676
705,9,0.497430
705,10,0.498310
705,11,0.497891
705,12,0.497733
705,13,0.500983
705,14,0.500346
705,15,0.497635
706,1,0.459310
706,2,0.500261
706,3,0.497013
706,4,0.499683
706,5,0.496406
706,6,0.501559
706,7,0.496406
706,8,0.496008
706,9,0.503691
706,10,0.495717
706,11,0.495344
706,12,0.492148
706,13,0.489961
706,14,0.488479
706,15,0.489559
707,1,0.500261
707,2,0.497013
707,3,0.436940
707,4,0.496676
707,5,0.493644
707,6,0.494523
707,7,0.489754
707,8,0.494231
707,9,0.497094
707,10,0.491457
707,11,0.486216
707,12,0.485956
707,13,0.487097
707,14,0.499514
707,15,0.498901
708,1,0.495545
708,2,0.499364
708,3,0.498310
708,4,0.497891
708,5,0.497733
708,6,0.498885
708,7,0.497483
708,8,0.495318
708,9,0.495913
708,10,0.497711
708,11,0.497891
708,12,0.466487
708,13,0.495831
708,14,0.492445
708,15,0.454709
709,1,0.500261
709,2,0.513402
709,3,0.498822
709,4,0.494045
709,5,0.495568
709,6,0.497642
709,7,0.490284
709,8,0.488298
709,9,0.497711
709,10,0.497891
709,11,0.494973
709,12,0.493453
709,13,0.490367
709,14,0.491437
709,15,0.497642
710,1,0.495783
710,2,0.497922
710,3,0.497891
710,4,0.494973
710,5,0.488226
710,6,0.488226
710,7,0.492297
710,8,0.496676
710,9,0.498435
710,10,0.498369
710,11,0.498081
710,12,0.495679
710,13,0.496676
710,14,0.498435
710,15,0.494110
711,1,0.500261
711,2,0.501971
711,3,0.495212
711,4,0.494792
711,5,0.490162
711,6,0.490162
711,7,0.498885
711,8,0.494601
711,9,0.488119
711,10,0.498566
711,11,0.503691
711,12,0.502017
711,13,0.496952
711,14,0.465847
711,15,0.495462
712,1,0.495545
712,2,0.504123
712,3,0.464451
712,4,0.504977
712,5,0.506341
712,6,0.495337
712,7,0.494045
712,8,0.495183
712,9,0.503691
712,10,0.493850
712,11,0.496676
712,12,0.473956
712,13,0.241763
712,14,0.505720
712,15,0.507922
713,1,0.495783
713,2,0.497922
713,3,0.497430
713,4,0.497711
713,5,0.491323
713,6,0.485943
713,7,0.498566
713,8,0.498857
713,9,0.496406
713,10,0.489961
713,11,0.497711
713,12,0.494014
713,13,0.496763
713,14,0.498283
713,15,0.490253
714,1,0.495545
714,2,0.485880
714,3,0.504123
714,4,0.504977
714,5,0.498379
714,6,0.497935
714,7,0.492832
714,8,0.491337
714,9,0.574110
714,10,0.494926
714,11,0.497094
714,12,0.495913
714,13,0.497711
714,14,0.498139
714,15,0.493742
715,1,0.495783
715,2,0.502064
715,3,0.499727
715,4,0.498081
715,5,0.501603
715,6,0.473956
715,7,0.492250
715,8,0.501054
715,9,0.520477
715,10,0.495768
715,11,0.499683
715,12,0.495194
715,13,0.494445
715,14,0.490083
715,15,0.490083
716,1,0.495545
716,2,0.504123
716,3,0.495768
716,4,0.490367
716,5,0.496676
716,6,0.497891
716,7,0.496596
716,8,0.494470
716,9,0.492655
716,10,0.491437
716,11,0.495194
716,12,0.545566
716,13,0.499514
716,14,0.501054
716,15,0.497110
717,1,0.500261
717,2,0.513402
717,3,0.498822
717,4,0.494045
717,5,0.491852
717,6,0.491852
717,7,0.491323
717,8,0.504977
717,9,0.510400
717,10,0.504695
717,11,0.495953
717,12,0.491098
717,13,0.491437
717,14,0.491610
717,15,0.487258
718,1,0.495545
718,2,0.499364
718,3,0.498310
718,4,0.494447
718,5,0.494803
718,6,0.506341
718,7,0.510494
718,8,0.509059
718,9,0.509059
718,10,0.498374
718,11,0.492148
718,12,0.491312
718,13,0.494014
718,14,0.494926
718,15,0.520477
719,1,0.495545
719,2,0.499364
719,3,0.498310
719,4,0.497891
719,5,0.494973
719,6,0.494913
719,7,0.495831
719,8,0.497520
719,9,0.502497
719,10,0.493389
719,11,0.487920
719,12,0.502064
719,13,0.499727
719,14,0.495344
719,15,0.491786
720,1,0.474816
720,2,0.499364
720,3,0.495156
720,4,0.491532
720,5,0.492501
720,6,0.488746
720,7,0.489378
720,8,0.508753
720,9,0.495194
720,10,0.495212
720,11,0.495156
720,12,0.493097
720,13,0.487289
720,14,0.459310
720,15,0.492148
721,1,0.495783
721,2,0.502064
721,3,0.493006
721,4,0.492148
721,5,0.489961
721,6,0.497711
721,7,0.494014
721,8,0.493498
721,9,0.472550
721,10,0.494926
721,11,0.491437
721,12,0.516268
721,13,0.492507
721,14,0.491610
721,15,0.473119
722,1,0.495545
722,2,0.499364
722,3,0.495638
722,4,0.498283
722,5,0.535353
722,6,0.498431
722,7,0.496544
722,8,0.491264
722,9,0.509831
722,10,0.493638
722,11,0.494447
722,12,0.529269
722,13,0.487682
722,14,0.490367
722,15,0.494332
723,1,0.495545
723,2,0.504352
723,3,0.498901
723,4,0.466824
723,5,0.498310
723,6,0.497430
723,7,0.515668
723,8,0.494926
723,9,0.494212
723,10,0.497891
723,11,0.494973
723,12,0.490799
723,13,0.495112
723,14,0.498973
723,15,0.494000
724,1,0.500261
724,2,0.501971
724,3,0.499514
724,4,0.492441
724,5,0.498431
724,6,0.498283
724,7,0.497626
724,8,0.471671
724,9,0.496596
724,10,0.496763
724,11,0.489748
724,12,0.490608
724,13,0.492507
724,14,0.486399
724,15,0.495156
725,1,0.500261
725,2,0.468373
725,3,0.279891
725,4,0.510400
725,5,0.500704
725,6,0.494045
725,7,0.489961
725,8,0.485652
725,9,0.487250
725,10,0.498139
725,11,0.493742
725,12,0.494601
725,13,0.488119
725,14,0.496676
725,15,0.493644
726,1,0.495545
726,2,0.504123
726,3,0.458052
726,4,0.506341
726,5,0.495337
726,6,0.493093
726,7,0.498435
726,8,0.498369
726,9,0.495589
726,10,0.492297
726,11,0.505822
726,12,0.498822
726,13,0.499683
726,14,0.495194
726,15,0.491427
727,1,0.495783
727,2,0.496160
727,3,0.491437
727,4,0.493006
727,5,0.496676
727,6,0.498435
727,7,0.493874
727,8,0.493389
727,9,0.494792
727,10,0.498435
727,11,0.493874
727,12,0.489657
727,13,0.494983
727,14,0.489859
727,15,0.497399
728,1,0.495545
728,2,0.499364
728,3,0.495156
728,4,0.495194
728,5,0.499514
728,6,0.501054
728,7,0.493117
728,8,0.497110
728,9,0.501054
728,10,0.498171
728,11,0.492148
728,12,0.495183
728,13,0.492250
728,14,0.493351
728,15,0.491714
729,1,0.495783
729,2,0.497922
729,3,0.497430
729,4,0.496763
729,5,0.494014
729,6,0.491741
729,7,0.495913
729,8,0.494332
729,9,0.494301
729,10,0.494332
729,11,0.489559
729,12,0.497642
729,13,0.490284
729,14,0.495934
729,15,0.496662
730,1,0.500261
730,2,0.497013
730,3,0.499683
730,4,0.493006
730,5,0.458142
730,6,0.489961
730,7,0.494301
730,8,0.438214
730,9,0.491437
730,10,0.491610
730,11,0.493351
730,12,0.493351
730,13,0.497013
730,14,0.496676
730,15,0.491610
731,1,0.500261
731,2,0.501971
731,3,0.504737
731,4,0.498171
731,5,0.496994
731,6,0.493906
731,7,0.493906
731,8,0.490702
731,9,0.492148
731,10,0.472977
731,11,0.497642
731,12,0.467471
731,13,0.498822
731,14,0.473734
731,15,0.491852
732,1,0.495545
732,2,0.489901
732,3,0.495156
732,4,0.497156
732,5,0.504660
732,6,0.499905
732,7,0.503280
732,8,0.461727
732,9,0.503280
732,10,0.498822
732,11,0.501559
732,12,0.498482
732,13,0.474449
732,14,0.482520
732,15,0.497399
733,1,0.495783
733,2,0.496160
733,3,0.494332
733,4,0.494301
733,5,0.505736
733,6,0.494332
733,7,0.494301
733,8,0.493653
733,9,0.488971
733,10,0.495768
733,11,0.492148
733,12,0.492148
733,13,0.495183
733,14,0.486216
733,15,0.492507
734,1,0.495783
734,2,0.497922
734,3,0.535770
734,4,0.496763
734,5,0.494523
734,6,0.492993
734,7,0.497922
734,8,0.442102
734,9,0.497891
734,10,0.492966
734,11,0.461195
734,12,0.488226
734,13,0.493925
734,14,0.498482
734,15,0.503803
735,1,0.495545
735,2,0.499364
735,3,0.497922
735,4,0.497891
735,5,0.497733
735,6,0.494231
735,7,0.494470
735,8,0.498283
735,9,0.497626
735,10,0.495587
735,11,0.495870
735,12,0.504660
735,13,0.505822
735,14,0.499659
735,15,0.499659
736,1,0.495783
736,2,0.497922
736,3,0.495181
736,4,0.494110
736,5,0.489657
736,6,0.492511
736,7,0.492878
736,8,0.498885
736,9,0.491050
736,10,0.466824
736,11,0.501971
736,12,0.506369
736,13,0.501066
736,14,0.502064
736,15,0.493006
737,1,0.495545
737,2,0.504352
737,3,0.500983
737,4,0.500346
737,5,0.497635
737,6,0.497635
737,7,0.497635
737,8,0.497635
737,9,0.495911
737,10,0.495156
737,11,0.491532
737,12,0.492148
737,13,0.495183
737,14,0.496406
737,15,0.496008
738,1,0.495545
738,2,0.504352
738,3,0.498385
738,4,0.495831
738,5,0.496195
738,6,0.489535
738,7,0.494601
738,8,0.493006
738,9,0.492148
738,10,0.494332
738,11,0.494301
738,12,0.522850
738,13,0.491323
738,14,0.488656
738,15,0.501266
739,1,0.574110
739,2,0.500261
739,3,0.501971
739,4,0.490206
739,5,0.507642
739,6,0.501179
739,7,0.495570
739,8,0.498566
739,9,0.498482
739,10,0.498852
739,11,0.495679
739,12,0.493879
739,13,0.488866
739,14,0.493235
739,15,0.493006
740,1,0.495783
740,2,0.497922
740,3,0.495181
740,4,0.546276
740,5,0.493638
740,6,0.498435
740,7,0.490972
740,8,0.489197
740,9,0.491312
740,10,0.489610
740,11,0.496596
740,12,0.498310
740,13,0.496817
740,14,0.490715
740,15,0.486831
741,1,0.495783
741,2,0.497922
741,3,0.495181
741,4,0.498369
741,5,0.492007
741,6,0.501559
741,7,0.496662
741,8,0.494445
741,9,0.501054
741,10,0.497110
741,11,0.489529
741,12,0.490247
741,13,0.493644
741,14,0.494973
741,15,0.495831
742,1,0.495545
742,2,0.504123
742,3,0.500391
742,4,0.501266
742,5,0.502497
742,6,0.495770
742,7,0.496873
742,8,0.531294
742,9,0.504123
742,10,0.497013
742,11,0.499683
742,12,0.499727
742,13,0.495344
742,14,0.495934
742,15,0.495934
743,1,0.495545
743,2,0.526170
743,3,0.500983
743,4,0.500346
743,5,0.495911
743,6,0.495156
743,7,0.491532
743,8,0.496008
743,9,0.498482
743,10,0.494035
743,11,0.466782
743,12,0.480839
743,13,0.498435
743,14,0.513402
743,15,0.498822
744,1,0.495545
744,2,0.499364
744,3,0.495156
744,4,0.497156
744,5,0.478428
744,6,0.510494
744,7,0.520477
744,8,0.509059
744,9,0.500704
744,10,0.439679
744,11,0.501559
744,12,0.493006
744,13,0.496008
744,14,0.496406
744,15,0.496676
745,1,0.500261
745,2,0.501971
745,3,0.495212
745,4,0.498310
745,5,0.496817
745,6,0.492464
745,7,0.498310
745,8,0.498283
745,9,0.471671
745,10,0.490253
745,11,0.334582
745,12,0.486284
745,13,0.497207
745,14,0.493093
745,15,0.494702
746,1,0.500261
746,2,0.497013
746,3,0.499683
746,4,0.496406
746,5,0.489197
746,6,0.487886
746,7,0.491722
746,8,0.489610
746,9,0.501054
746,10,0.501651
746,11,0.504660
746,12,0.505822
746,13,0.495462
746,14,0.490367
746,15,0.489961
747,1,0.495783
747,2,0.502064
747,3,0.495194
747,4,0.547988
747,5,0.498258
747,6,0.491714
747,7,0.497935
747,8,0.491610
747,9,0.508753
747,10,0.547988
747,11,0.471622
747,12,0.494447
747,13,0.466479
747,14,0.498117
747,15,0.498117
748,1,0.500261
748,2,0.497013
748,3,0.496676
748,4,0.491610
748,5,0.492148
748,6,0.497711
748,7,0.494014
748,8,0.498310
748,9,0.495181
748,10,0.490608
748,11,0.499683
748,12,0.495194
748,13,0.504737
748,14,0.495768
748,15,0.490367
749,1,0.495545
749,2,0.504123
749,3,0.500391
749,4,0.492445
749,5,0.498991
749,6,0.491532
749,7,0.482941
749,8,0.311119
749,9,0.492507
749,10,0.487990
749,11,0.491610
749,12,0.497094
749,13,0.497711
749,14,0.491323
749,15,0.498369
750,1,0.500261
750,2,0.501971
750,3,0.499514
750,4,0.492441
750,5,0.498431
750,6,0.495318
750,7,0.491050
750,8,0.491532
750,9,0.492507
750,10,0.486399
750,11,0.486399
750,12,0.471671
750,13,0.494926
750,14,0.494332
750,15,0.489559
751,1,0.495783
751,2,0.502064
751,3,0.495194
751,4,0.498258
751,5,0.463564
751,6,0.501223
751,7,0.495691
751,8,0.497935
751,9,0.491610
751,10,0.496763
751,11,0.498283
751,12,0.490253
751,13,0.490799
751,14,0.486746
751,15,0.513402
752,1,0.495545
752,2,0.504352
752,3,0.493690
752,4,0.495156
752,5,0.504805
752,6,0.492507
752,7,0.487990
752,8,0.464781
752,9,0.488226
752,10,0.490799
752,11,0.492445
752,12,0.490988
752,13,0.495913
752,14,0.497711
752,15,0.491323
753,1,0.495783
753,2,0.502064
753,3,0.499727
753,4,0.498081
753,5,0.469161
753,6,0.494000
753,7,0.498973
753,8,0.495570
753,9,0.508143
753,10,0.490333
753,11,0.488474
753,12,0.497094
753,13,0.473956
753,14,0.521189
753,15,0.491437
754,1,0.495545
754,2,0.499364
754,3,0.497094
754,4,0.497711
754,5,0.497430
754,6,0.493235
754,7,0.497156
754,8,0.495344
754,9,0.501559
754,10,0.494138
754,11,0.495395
754,12,0.466824
754,13,0.492507
754,14,0.495181
754,15,0.504977
755,1,0.495783
755,2,0.497922
755,3,0.479940
755,4,0.494973
755,5,0.495831
755,6,0.493179
755,7,0.497520
755,8,0.507642
755,9,0.510400
755,10,0.500704
755,11,0.501009
755,12,0.495871
755,13,0.491852
755,14,0.495181
755,15,0.498369
756,1,0.495783
756,2,0.497922
756,3,0.495181
756,4,0.490608
756,5,0.493137
756,6,0.496406
756,7,0.494668
756,8,0.495395
756,9,0.481874
756,10,0.494138
756,11,0.499683
756,12,0.503691
756,13,0.502017
756,14,0.515668
756,15,0.510494
757,1,0.500261
757,2,0.513402
757,3,0.498822
757,4,0.497935
757,5,0.497664
757,6,0.490972
757,7,0.461618
757,8,0.488466
757,9,0.498258
757,10,0.504977
757,11,0.506341
757,12,0.495337
757,13,0.504127
757,14,0.498374
757,15,0.501559
758,1,0.495783
758,2,0.497922
758,3,0.497891
758,4,0.520477
758,5,0.497733
758,6,0.498885
758,7,0.494066
758,8,0.523217
758,9,0.495156
758,10,0.491532
758,11,0.488298
758,12,0.492148
758,13,0.494332
758,14,0.497711
758,15,0.491323
759,1,0.500261
759,2,0.513402
759,3,0.498822
759,4,0.501559
759,5,0.498482
759,6,0.491427
759,7,0.487820
759,8,0.466048
759,9,0.498369
759,10,0.506341
759,11,0.504695
759,12,0.503017
759,13,0.502710
759,14,0.502710
759,15,0.503279
760,1,0.495783
760,2,0.497922
760,3,0.497430
760,4,0.498310
760,5,0.495181
760,6,0.490608
760,7,0.486603
760,8,0.487782
760,9,0.493646
760,10,0.493742
760,11,0.497094
760,12,0.495913
760,13,0.489559
760,14,0.492643
760,15,0.456882
761,1,0.495545
761,2,0.504352
761,3,0.498385
761,4,0.493453
761,5,0.493638
761,6,0.490333
761,7,0.490333
761,8,0.498901
761,9,0.494601
761,10,0.487943
761,11,0.486932
761,12,0.485944
761,13,0.495183
761,14,0.503197
761,15,0.490284
762,1,0.500261
762,2,0.510721
762,3,0.557856
762,4,0.496676
762,5,0.498435
762,6,0.500482
762,7,0.495589
762,8,0.492007
762,9,0.490344
762,10,0.491457
762,11,0.471671
762,12,0.495194
762,13,0.491427
762,14,0.487820
762,15,0.493789
763,1,0.495545
763,2,0.504123
763,3,0.495768
763,4,0.496676
763,5,0.498435
763,6,0.504977
763,7,0.498379
763,8,0.497935
763,9,0.492832
763,10,0.487894
763,11,0.488806
763,12,0.493132
763,13,0.491610
763,14,0.488783
763,15,0.493351
764,1,0.495783
764,2,0.496160
764,3,0.494332
764,4,0.497711
764,5,0.494014
764,6,0.487972
764,7,0.493006
764,8,0.499683
764,9,0.503691
764,10,0.502017
764,11,0.495717
764,12,0.493995
764,13,0.498716
764,14,0.503280
764,15,0.502989
765,1,0.500261
765,2,0.497013
765,3,0.496676
765,4,0.491610
765,5,0.492004
765,6,0.492004
765,7,0.496406
765,8,0.492148
765,9,0.491312
765,10,0.498435
765,11,0.574110
765,12,0.529404
765,13,0.495545
765,14,0.504352
765,15,0.500983
766,1,0.500261
766,2,0.501971
766,3,0.499514
766,4,0.501054
766,5,0.473956
766,6,0.507642
766,7,0.495570
766,8,0.498566
766,9,0.491409
766,10,0.494668
766,11,0.491722
766,12,0.485943
766,13,0.493137
766,14,0.491409
766,15,0.493906
767,1,0.500261
767,2,0.497013
767,3,0.499683
767,4,0.498482
767,5,0.505822
767,6,0.495462
767,7,0.504695
767,8,0.505822
767,9,0.495462
767,10,0.474366
767,11,0.491409
767,12,0.489197
767,13,0.491077
767,14,0.487250
767,15,0.498139
768,1,0.495783
768,2,0.497922
768,3,0.497430
768,4,0.497094
768,5,0.491457
768,6,0.488993
768,7,0.491610
768,8,0.497891
768,9,0.498385
768,10,0.495831
768,11,0.492445
768,12,0.490247
768,13,0.487920
768,14,0.497711
768,15,0.498139
769,1,0.531294
769,2,0.495545
769,3,0.499364
769,4,0.498310
769,5,0.494447
769,6,0.490608
769,7,0.515290
769,8,0.499683
769,9,0.498482
769,10,0.494035
769,11,0.482520
769,12,0.491158
769,13,0.495318
769,14,0.443065
769,15,0.497094
770,1,0.495783
770,2,0.502064
770,3,0.493006
770,4,0.496008
770,5,0.503691
770,6,0.493850
770,7,0.491786
770,8,0.497664
770,9,0.500482
770,10,0.500482
770,11,0.490972
770,12,0.493874
770,13,0.496195
770,14,0.498885
770,15,0.498431
771,1,0.495545
771,2,0.504123
771,3,0.495768
771,4,0.493638
771,5,0.494447
771,6,0.494803
771,7,0.491464
771,8,0.498258
771,9,0.504977
771,10,0.506341
771,11,0.499451
771,12,0.504660
771,13,0.499905
771,14,0.507642
771,15,0.502989
772,1,0.495545
772,2,0.504352
772,3,0.498901
772,4,0.521844
772,5,0.495318
772,6,0.494926
772,7,0.495156
772,8,0.493032
772,9,0.546549
772,10,0.486307
772,11,0.486307
772,12,0.491457
772,13,0.488993
772,14,0.491427
772,15,0.494792
773,1,0.492297
773,2,0.495545
773,3,0.499364
773,4,0.498310
773,5,0.497430
773,6,0.493235
773,7,0.486216
773,8,0.499683
773,9,0.498482
773,10,0.494035
773,11,0.494303
773,12,0.494000
773,13,0.509815
773,14,0.487920
773,15,0.492158
774,1,0.495545
774,2,0.470513
774,3,0.500391
774,4,0.501266
774,5,0.495697
774,6,0.493166
774,7,0.498171
774,8,0.492008
774,9,0.494332
774,10,0.494301
774,11,0.495476
774,12,0.488971
774,13,0.488656
774,14,0.487682
774,15,0.487682
775,1,0.500261
775,2,0.501971
775,3,0.499514
775,4,0.492441
775,5,0.494792
775,6,0.490162
775,7,0.501054
775,8,0.493117
775,9,0.490167
775,10,0.493925
775,11,0.504977
775,12,0.504660
775,13,0.495679
775,14,0.466790
775,15,0.497620
776,1,0.459310
776,2,0.500261
776,3,0.498768
776,4,0.497013
776,5,0.499683
776,6,0.498482
776,7,0.494035
776,8,0.494035
776,9,0.494303
776,10,0.502497
776,11,0.495212
776,12,0.497094
776,13,0.491457
776,14,0.486216
776,15,0.491291
777,1,0.500261
777,2,0.473956
777,3,0.501971
777,4,0.504737
777,5,0.498171
777,6,0.545086
777,7,0.497935
777,8,0.492832
777,9,0.491337
777,10,0.495156
777,11,0.477142
777,12,0.506415
777,13,0.501223
777,14,0.496952
777,15,0.495691
778,1,0.495783
778,2,0.497922
778,3,0.495181
778,4,0.490608
778,5,0.493137
778,6,0.493137
778,7,0.491409
778,8,0.495395
778,9,0.494668
778,10,0.488479
778,11,0.519388
778,12,0.497711
778,13,0.495181
778,14,0.498369
778,15,0.498081
779,1,0.500261
779,2,0.513402
779,3,0.498822
779,4,0.497935
779,5,0.492832
779,6,0.488474
779,7,0.492655
779,8,0.494572
779,9,0.495318
779,10,0.496763
779,11,0.498283
779,12,0.496014
779,13,0.492655
779,14,0.497399
779,15,0.494572
780,1,0.495545
780,2,0.504123
780,3,0.495768
780,4,0.498566
780,5,0.493097
780,6,0.498258
780,7,0.491714
780,8,0.492008
780,9,0.494045
780,10,0.494332
780,11,0.494332
780,12,0.489559
780,13,0.492643
780,14,0.498822
780,15,0.501559
781,1,0.500261
781,2,0.501971
781,3,0.504737
781,4,0.498171
781,5,0.496994
781,6,0.496994
781,7,0.488311
781,8,0.496008
781,9,0.499727
781,10,0.520470
781,11,0.492148
781,12,0.491312
781,13,0.489610
781,14,0.464451
781,15,0.504352
782,1,0.495545
782,2,0.504123
782,3,0.495768
782,4,0.473956
782,5,0.499683
782,6,0.510400
782,7,0.500704
782,8,0.496900
782,9,0.491610
782,10,0.488629
782,11,0.498139
782,12,0.493742
782,13,0.490874
782,14,0.494448
782,15,0.499727
783,1,0.495545
783,2,0.504352
783,3,0.500983
783,4,0.500346
783,5,0.495911
783,6,0.495911
783,7,0.492297
783,8,0.536359
783,9,0.497711
783,10,0.494014
783,11,0.575785
783,12,0.502064
783,13,0.499727
783,14,0.510400
783,15,0.510494
784,1,0.495545
784,2,0.499364
784,3,0.466043
784,4,0.491532
784,5,0.488746
784,6,0.486399
784,7,0.493498
784,8,0.498283
784,9,0.497626
784,10,0.491853
784,11,0.478398
784,12,0.496653
784,13,0.496653
784,14,0.491853
784,15,0.495831
785,1,0.500261
785,2,0.501971
785,3,0.499514
785,4,0.501054
785,5,0.493117
785,6,0.490367
785,7,0.491457
785,8,0.488993
785,9,0.493351
785,10,0.520994
785,11,0.500232
785,12,0.499659
785,13,0.500232
785,14,0.493389
785,15,0.498991
786,1,0.495783
786,2,0.497922
786,3,0.497891
786,4,0.496596
786,5,0.496160
786,6,0.491437
786,7,0.497642
786,8,0.501223
786,9,0.515242
786,10,0.504695
786,11,0.495953
786,12,0.502710
786,13,0.507642
786,14,0.510494
786,15,0.504695
787,1,0.574110
787,2,0.495545
787,3,0.504352
787,4,0.500983
787,5,0.498885
787,6,0.491050
787,7,0.493097
787,8,0.490448
787,9,0.496873
787,10,0.489535
787,11,0.473956
787,12,0.497094
787,13,0.491457
787,14,0.335465
787,15,0.476280
788,1,0.495545
788,2,0.504352
788,3,0.500983
788,4,0.498885
788,5,0.491050
788,6,0.497156
788,7,0.495344
788,8,0.496008
788,9,0.497338
788,10,0.498482
788,11,0.490702
788,12,0.497094
788,13,0.495913
788,14,0.494332
788,15,0.497711
789,1,0.495545
789,2,0.504123
789,3,0.500391
789,4,0.492445
789,5,0.494792
789,6,0.494447
789,7,0.494110
789,8,0.498258
789,9,0.502497
789,10,0.501266
789,11,0.493166
789,12,0.498566
789,13,0.491409
789,14,0.511531
789,15,0.497891
790,1,0.500261
790,2,0.513402
790,3,0.503279
790,4,0.501603
790,5,0.499972
790,6,0.498171
790,7,0.501559
790,8,0.498482
790,9,0.494035
790,10,0.494445
790,11,0.494983
790,12,0.492878
790,13,0.489859
790,14,0.494066
790,15,0.495913
791,1,0.495783
791,2,0.496160
791,3,0.491437
791,4,0.486216
791,5,0.490997
791,6,0.485956
791,7,0.491291
791,8,0.491886
791,9,0.518386
791,10,0.490083
791,11,0.489859
791,12,0.574110
791,13,0.497094
791,14,0.498310
791,15,0.496817
792,1,0.500261
792,2,0.513402
792,3,0.503279
792,4,0.501603
792,5,0.495829
792,6,0.489859
792,7,0.487699
792,8,0.494332
792,9,0.494301
792,10,0.494301
792,11,0.493653
792,12,0.494576
792,13,0.498139
792,14,0.496596
792,15,0.495156
793,1,0.495783
793,2,0.502064
793,3,0.499727
793,4,0.498081
793,5,0.493995
793,6,0.493995
793,7,0.493995
793,8,0.493995
793,9,0.498716
793,10,0.504977
793,11,0.547988
793,12,0.510381
793,13,0.506341
793,14,0.502528
793,15,0.496900
794,1,0.495783
794,2,0.497922
794,3,0.497891
794,4,0.475545
794,5,0.495587
794,6,0.495870
794,7,0.492993
794,8,0.495870
794,9,0.493208
794,10,0.490344
794,11,0.495568
794,12,0.491077
794,13,0.494301
794,14,0.494301
794,15,0.491416
795,1,0.500261
795,2,0.513402
795,3,0.498822
795,4,0.499683
795,5,0.503691
795,6,0.493850
795,7,0.495934
795,8,0.489145
795,9,0.495395
795,10,0.496662
795,11,0.498852
795,12,0.498852
795,13,0.490702
795,14,0.498310
795,15,0.496817
796,1,0.519457
796,2,0.497922
796,3,0.495181
796,4,0.494110
796,5,0.487682
796,6,0.490247
796,7,0.490247
796,8,0.490162
796,9,0.497626
796,10,0.497635
796,11,0.498885
796,12,0.497399
796,13,0.496346
796,14,0.496817
796,15,0.496763
797,1,0.495783
797,2,0.497922
797,3,0.497891
797,4,0.496596
797,5,0.492655
797,6,0.533382
797,7,0.495913
797,8,0.494332
797,9,0.497711
797,10,0.498139
797,11,0.495006
797,12,0.459957
797,13,0.496763
797,14,0.498283
797,15,0.500983
798,1,0.500261
798,2,0.501971
798,3,0.504737
798,4,0.502497
798,5,0.501603
798,6,0.492250
798,7,0.499972
798,8,0.498171
798,9,0.492008
798,10,0.496994
798,11,0.503691
798,12,0.501223
798,13,0.495691
798,14,0.496900
798,15,0.501009
799,1,0.495783
799,2,0.497922
799,3,0.497891
799,4,0.574110
799,5,0.497733
799,6,0.500346
799,7,0.500346
799,8,0.495587
799,9,0.495870
799,10,0.493208
799,11,0.490367
799,12,0.495183
799,13,0.492250
799,14,0.488640
799,15,0.545566
800,1,0.495545
800,2,0.499364
800,3,0.495156
800,4,0.434589
800,5,0.497156
800,6,0.493959
800,7,0.493959
800,8,0.491032
800,9,0.496676
800,10,0.498435
800,11,0.493874
800,12,0.498171
800,13,0.498310
800,14,0.497430
800,15,0.494926
801,1,0.500261
801,2,0.501971
801,3,0.504737
801,4,0.498171
801,5,0.492008
801,6,0.493337
801,7,0.496994
801,8,0.492008
801,9,0.492148
801,10,0.497711
801,11,0.491323
801,12,0.490608
801,13,0.493638
801,14,0.490333
801,15,0.491610
802,1,0.495545
802,2,0.499364
802,3,0.497094
802,4,0.494332
802,5,0.494301
802,6,0.493650
802,7,0.497430
802,8,0.493235
802,9,0.497156
802,10,0.493959
802,11,0.499905
802,12,0.502497
802,13,0.495770
802,14,0.500232
802,15,0.493389
803,1,0.495783
803,2,0.496160
803,3,0.494332
803,4,0.489559
803,5,0.486076
803,6,0.488298
803,7,0.489961
803,8,0.489559
803,9,0.491610
803,10,0.487258
803,11,0.491741
803,12,0.491437
803,13,0.491610
803,14,0.487258
803,15,0.491075
804,1,0.495783
804,2,0.496160
804,3,0.491437
804,4,0.491610
804,5,0.488783
804,6,0.494445
804,7,0.492441
804,8,0.498310
804,9,0.495181
804,10,0.490608
804,11,0.499683
804,12,0.503691
804,13,0.502017
804,14,0.495717
804,15,0.512224
805,1,0.500261
805,2,0.513402
805,3,0.498822
805,4,0.501559
805,5,0.494138
805,6,0.501009
805,7,0.503691
805,8,0.479987
805,9,0.493995
805,10,0.499972
805,11,0.499972
805,12,0.505822
805,13,0.499659
805,14,0.434589
805,15,0.504737
806,1,0.495783
806,2,0.496160
806,3,0.497711
806,4,0.498139
806,5,0.494973
806,6,0.501833
806,7,0.494913
806,8,0.492007
806,9,0.501559
806,10,0.496662
806,11,0.496662
806,12,0.494138
806,13,0.497922
806,14,0.497430
806,15,0.466824
807,1,0.443065
807,2,0.500261
807,3,0.497013
807,4,0.499683
807,5,0.503691
807,6,0.510494
807,7,0.510494
807,8,0.504695
807,9,0.505822
807,10,0.495462
807,11,0.497935
807,12,0.493644
807,13,0.496596
807,14,0.497399
807,15,0.491457
808,1,0.495783
808,2,0.486746
808,3,0.497922
808,4,0.495181
808,5,0.490608
808,6,0.498566
808,7,0.491409
808,8,0.489197
808,9,0.490927
808,10,0.488324
808,11,0.487258
808,12,0.487820
808,13,0.492993
808,14,0.490715
808,15,0.466824
809,1,0.495783
809,2,0.502064
809,3,0.493006
809,4,0.445859
809,5,0.492148
809,6,0.497922
809,7,0.497891
809,8,0.494973
809,9,0.490799
809,10,0.494913
809,11,0.495589
809,12,0.493995
809,13,0.495829
809,14,0.499972
809,15,0.497110
810,1,0.495783
810,2,0.497922
810,3,0.495181
810,4,0.498369
810,5,0.495589
810,6,0.495589
810,7,0.498117
810,8,0.498117
810,9,0.495589
810,10,0.495679
810,11,0.464451
810,12,0.494792
810,13,0.495181
810,14,0.504977
810,15,0.504660
811,1,0.474816
811,2,0.499364
811,3,0.495156
811,4,0.491532
811,5,0.502380
811,6,0.503691
811,7,0.502017
811,8,0.502017
811,9,0.496952
811,10,0.505822
811,11,0.498171
811,12,0.496676
811,13,0.520816
811,14,0.494523
811,15,0.553196
812,1,0.481201
812,2,0.497013
812,3,0.492148
812,4,0.491312
812,5,0.491722
812,6,0.486737
812,7,0.494792
812,8,0.495181
812,9,0.494110
812,10,0.487682
812,11,0.490988
812,12,0.498310
812,13,0.497430
812,14,0.494332
812,15,0.491437
813,1,0.547988
813,2,0.500261
813,3,0.488479
813,4,0.513402
813,5,0.498822
813,6,0.494045
813,7,0.491077
813,8,0.495183
813,9,0.473504
813,10,0.493351
813,11,0.487258
813,12,0.491075
813,13,0.489530
813,14,0.492445
813,15,0.490988
814,1,0.485880
814,2,0.495545
814,3,0.504123
814,4,0.504977
814,5,0.538979
814,6,0.501559
814,7,0.496662
814,8,0.496662
814,9,0.541307
814,10,0.497922
814,11,0.497430
814,12,0.493235
814,13,0.493097
814,14,0.490448
814,15,0.489535
815,1,0.495545
815,2,0.504352
815,3,0.455854
815,4,0.501651
815,5,0.452355
815,6,0.506341
815,7,0.504127
815,8,0.504127
815,9,0.498374
815,10,0.501009
815,11,0.498482
815,12,0.490702
815,13,0.498991
815,14,0.497156
815,15,0.504660
816,1,0.500261
816,2,0.497013
816,3,0.499683
816,4,0.498482
816,5,0.490702
816,6,0.491075
816,7,0.493924
816,8,0.497620
816,9,0.495717
816,10,0.495717
816,11,0.491897
816,12,0.487820
816,13,0.465770
816,14,0.494803
816,15,0.495589
817,1,0.495545
817,2,0.499364
817,3,0.495156
817,4,0.491532
817,5,0.488746
817,6,0.487299
817,7,0.494926
817,8,0.487618
817,9,0.574110
817,10,0.491437
817,11,0.493006
817,12,0.496676
817,13,0.498435
817,14,0.493874
817,15,0.495112
818,1,0.495545
818,2,0.504352
818,3,0.498901
818,4,0.498310
818,5,0.496817
818,6,0.490715
818,7,0.490715
818,8,0.436940
818,9,0.491532
818,10,0.492148
818,11,0.491437
818,12,0.491610
818,13,0.499514
818,14,0.501054
818,15,0.501506
819,1,0.500261
819,2,0.513402
819,3,0.498822
819,4,0.494045
819,5,0.495183
819,6,0.489161
819,7,0.492507
819,8,0.487990
819,9,0.492441
819,10,0.498431
819,11,0.497430
819,12,0.494926
819,13,0.487618
819,14,0.493097
819,15,0.490448
820,1,0.495545
820,2,0.504352
820,3,0.500983
820,4,0.498885
820,5,0.494066
820,6,0.495913
820,7,0.497711
820,8,0.494014
820,9,0.487972
820,10,0.493498
820,11,0.495181
820,12,0.494110
820,13,0.496195
820,14,0.501054
820,15,0.493117
821,1,0.495783
821,2,0.496160
821,3,0.494332
821,4,0.495476
821,5,0.494014
821,6,0.491437
821,7,0.493006
821,8,0.492507
821,9,0.487990
821,10,0.493742
821,11,0.496763
821,12,0.492993
821,13,0.491741
821,14,0.487618
821,15,0.491610
822,1,0.495783
822,2,0.502064
822,3,0.495194
822,4,0.498258
822,5,0.494000
822,6,0.498973
822,7,0.495570
822,8,0.504660
822,9,0.499514
822,10,0.492441
822,11,0.497094
822,12,0.491437
822,13,0.434589
822,14,0.497642
822,15,0.498081
823,1,0.495783
823,2,0.496160
823,3,0.491437
823,4,0.486746
823,5,0.493006
823,6,0.487461
823,7,0.489961
823,8,0.494301
823,9,0.486771
823,10,0.488324
823,11,0.492643
823,12,0.492250
823,13,0.491897
823,14,0.495731
823,15,0.491098
824,1,0.495783
824,2,0.496160
824,3,0.494332
824,4,0.491437
824,5,0.491610
824,6,0.488783
824,7,0.487258
824,8,0.487258
824,9,0.494792
824,10,0.493644
824,11,0.491661
824,12,0.494231
824,13,0.494601
824,14,0.494448
824,15,0.488119
825,1,0.495545
825,2,0.504352
825,3,0.498385
825,4,0.495831
825,5,0.489529
825,6,0.490247
825,7,0.490247
825,8,0.487920
825,9,0.574110
825,10,0.491437
825,11,0.486216
825,12,0.492148
825,13,0.495183
825,14,0.488640
825,15,0.488640
826,1,0.495545
826,2,0.504123
826,3,0.495768
826,4,0.490367
826,5,0.495183
826,6,0.492297
826,7,0.497642
826,8,0.501223
826,9,0.501223
826,10,0.496952
826,11,0.499139
826,12,0.499139
826,13,0.502710
826,14,0.502710
826,15,0.495462
827,1,0.495783
827,2,0.502064
827,3,0.495194
827,4,0.498258
827,5,0.494000
827,6,0.491714
827,7,0.502064
827,8,0.499727
827,9,0.501223
827,10,0.495691
827,11,0.495871
827,12,0.495183
827,13,0.491610
827,14,0.494445
827,15,0.492441
828,1,0.500261
828,2,0.513402
828,3,0.503279
828,4,0.458765
828,5,0.495679
828,6,0.494792
828,7,0.497891
828,8,0.496596
828,9,0.495156
828,10,0.497156
828,11,0.495344
828,12,0.490561
828,13,0.497935
828,14,0.493644
828,15,0.494523
829,1,0.495545
829,2,0.504352
829,3,0.498901
829,4,0.498431
829,5,0.495318
829,6,0.520477
829,7,0.497711
829,8,0.497430
829,9,0.498310
829,10,0.496817
829,11,0.494926
829,12,0.489616
829,13,0.489616
829,14,0.495913
829,15,0.492500
830,1,0.495783
830,2,0.496160
830,3,0.497711
830,4,0.491323
830,5,0.493359
830,6,0.485943
830,7,0.493137
830,8,0.503691
830,9,0.502017
830,10,0.504695
830,11,0.502710
830,12,0.495953
830,13,0.494792
830,14,0.488479
830,15,0.497891
831,1,0.495783
831,2,0.497922
831,3,0.497891
831,4,0.497733
831,5,0.500346
831,6,0.492538
831,7,0.489772
831,8,0.490367
831,9,0.489961
831,10,0.489559
831,11,0.488324
831,12,0.493351
831,13,0.494000
831,14,0.498716
831,15,0.503280
832,1,0.495783
832,2,0.496160
832,3,0.434589
832,4,0.497711
832,5,0.497430
832,6,0.497094
832,7,0.496346
832,8,0.493179
832,9,0.487972
832,10,0.493097
832,11,0.498258
832,12,0.494000
832,13,0.498973
832,14,0.491714
832,15,0.501559
833,1,0.495545
833,2,0.499364
833,3,0.497094
833,4,0.434589
833,5,0.495913
833,6,0.494332
833,7,0.497711
833,8,0.491323
833,9,0.493359
833,10,0.488656
833,11,0.493359
833,12,0.490284
833,13,0.492507
833,14,0.491610
833,15,0.496763
834,1,0.500261
834,2,0.501971
834,3,0.488990
834,4,0.532549
834,5,0.494332
834,6,0.494301
834,7,0.441839
834,8,0.491416
834,9,0.495476
834,10,0.494014
834,11,0.493498
834,12,0.487972
834,13,0.493498
834,14,0.488971
834,15,0.498369
835,1,0.500261
835,2,0.501971
835,3,0.495212
835,4,0.490988
835,5,0.491312
835,6,0.489610
835,7,0.479218
835,8,0.497733
835,9,0.497733
835,10,0.498901
835,11,0.498431
835,12,0.494447
835,13,0.488287
835,14,0.493137
835,15,0.496406
836,1,0.495783
836,2,0.497922
836,3,0.497891
836,4,0.494973
836,5,0.494913
836,6,0.501223
836,7,0.515242
836,8,0.509059
836,9,0.509059
836,10,0.501729
836,11,0.509059
836,12,0.510494
836,13,0.510494
836,14,0.510494
836,15,0.501729
837,1,0.500261
837,2,0.497013
837,3,0.397650
837,4,0.496676
837,5,0.498435
837,6,0.495768
837,7,0.499683
837,8,0.503691
837,9,0.493850
837,10,0.501223
837,11,0.500704
837,12,0.497935
837,13,0.491610
837,14,0.496763
837,15,0.492993
838,1,0.495783
838,2,0.502064
838,3,0.495194
838,4,0.498258
838,5,0.491714
838,6,0.494110
838,7,0.504352
838,8,0.498901
838,9,0.494601
838,10,0.494448
838,11,0.499727
838,12,0.499727
838,13,0.504127
838,14,0.499451
838,15,0.515290
839,1,0.495783
839,2,0.502064
839,3,0.499727
839,4,0.495344
839,5,0.497935
839,6,0.498435
839,7,0.494110
839,8,0.501266
839,9,0.493166
839,10,0.496994
839,11,0.498857
839,12,0.495717
839,13,0.498716
839,14,0.493995
839,15,0.533276
840,1,0.495545
840,2,0.504123
840,3,0.500391
840,4,0.496195
840,5,0.496873
840,6,0.495831
840,7,0.492445
840,8,0.494601
840,9,0.497156
840,10,0.499727
840,11,0.510494
840,12,0.500704
840,13,0.501009
840,14,0.471671
840,15,0.499727
841,1,0.495545
841,2,0.499364
841,3,0.497094
841,4,0.497711
841,5,0.497430
841,6,0.496763
841,7,0.489748
841,8,0.488423
841,9,0.510597
841,10,0.493925
841,11,0.496406
841,12,0.492507
841,13,0.491610
841,14,0.492004
841,15,0.488629
842,1,0.495783
842,2,0.497922
842,3,0.492954
842,4,0.494926
842,5,0.495913
842,6,0.495913
842,7,0.459917
842,8,0.467799
842,9,0.492643
842,10,0.495344
842,11,0.491786
842,12,0.492832
842,13,0.495829
842,14,0.501054
842,15,0.507642
843,1,0.495545
843,2,0.504352
843,3,0.498901
843,4,0.498310
843,5,0.495181
843,6,0.490608
843,7,0.488298
843,8,0.491437
843,9,0.495194
843,10,0.491427
843,11,0.475222
843,12,0.498283
843,13,0.500346
843,14,0.497635
843,15,0.498885
844,1,0.495783
844,2,0.497922
844,3,0.497430
844,4,0.496763
844,5,0.494523
844,6,0.494523
844,7,0.534062
844,8,0.493235
844,9,0.486831
844,10,0.485956
844,11,0.489961
844,12,0.490636
844,13,0.489559
844,14,0.518156
844,15,0.492643
845,1,0.495783
845,2,0.502064
845,3,0.495194
845,4,0.498258
845,5,0.491714
845,6,0.494045
845,7,0.459310
845,8,0.496676
845,9,0.497891
845,10,0.496596
845,11,0.494601
845,12,0.497156
845,13,0.501223
845,14,0.495691
845,15,0.495934
846,1,0.495545
846,2,0.504123
846,3,0.500391
846,4,0.501266
846,5,0.495697
846,6,0.500689
846,7,0.499451
846,8,0.499451
846,9,0.499451
846,10,0.501603
846,11,0.492441
846,12,0.494601
846,13,0.466824
846,14,0.495194
846,15,0.479606
847,1,0.500261
847,2,0.501971
847,3,0.499514
847,4,0.492441
847,5,0.494368
847,6,0.491158
847,7,0.491158
847,8,0.491264
847,9,0.488287
847,10,0.490367
847,11,0.491312
847,12,0.491323
847,13,0.494110
847,14,0.496195
847,15,0.496873
848,1,0.495545
848,2,0.504352
848,3,0.500983
848,4,0.495587
848,5,0.492993
848,6,0.495870
848,7,0.489772
848,8,0.459310
848,9,0.492148
848,10,0.496976
848,11,0.495368
848,12,0.495344
848,13,0.491786
848,14,0.491610
848,15,0.490988
849,1,0.495783
849,2,0.502064
849,3,0.495194
849,4,0.491427
849,5,0.487820
849,6,0.492654
849,7,0.493874
849,8,0.487682
849,9,0.497733
849,10,0.496653
849,11,0.492538
849,12,0.495870
849,13,0.497329
849,14,0.495755
849,15,0.492563
850,1,0.495783
850,2,0.496160
850,3,0.494332
850,4,0.491437
850,5,0.499727
850,6,0.495344
850,7,0.497935
850,8,0.532077
850,9,0.492004
850,10,0.486831
850,11,0.492222
850,12,0.499727
850,13,0.501223
850,14,0.510400
850,15,0.504695
851,1,0.495783
851,2,0.502064
851,3,0.493006
851,4,0.492507
851,5,0.492654
851,6,0.487990
851,7,0.497430
851,8,0.497094
851,9,0.495913
851,10,0.494301
851,11,0.494301
851,12,0.469999
851,13,0.447546
851,14,0.493006
851,15,0.499683
852,1,0.500261
852,2,0.501971
852,3,0.504737
852,4,0.498171
852,5,0.466824
852,6,0.493638
852,7,0.494702
852,8,0.446147
852,9,0.452176
852,10,0.494110
852,11,0.487682
852,12,0.495156
852,13,0.497156
852,14,0.501223
852,15,0.496952
853,1,0.495545
853,2,0.499364
853,3,0.498310
853,4,0.464451
853,5,0.494447
853,6,0.493453
853,7,0.493638
853,8,0.494702
853,9,0.504977
853,10,0.504660
853,11,0.499905
853,12,0.492563
853,13,0.490247
853,14,0.493789
853,15,0.488866
854,1,0.500261
854,2,0.497013
854,3,0.496676
854,4,0.491610
854,5,0.488629
854,6,0.492004
854,7,0.486979
854,8,0.494332
854,9,0.494301
854,10,0.494301
854,11,0.495476
854,12,0.488971
854,13,0.488656
854,14,0.485943
854,15,0.496676
855,1,0.500261
855,2,0.513402
855,3,0.503279
855,4,0.495679
855,5,0.491098
855,6,0.497344
855,7,0.491532
855,8,0.492507
855,9,0.493644
855,10,0.494523
855,11,0.488474
855,12,0.497094
855,13,0.545566
855,14,0.497094
855,15,0.494332
856,1,0.500261
856,2,0.497013
856,3,0.499683
856,4,0.503691
856,5,0.502017
856,6,0.504695
856,7,0.502710
856,8,0.495953
856,9,0.495953
856,10,0.496160
856,11,0.497711
856,12,0.494014
856,13,0.493235
856,14,0.491532
856,15,0.485880
857,1,0.495783
857,2,0.502064
857,3,0.495194
857,4,0.491427
857,5,0.486307
857,6,0.490927
857,7,0.497642
857,8,0.492250
857,9,0.490284
857,10,0.492148
857,11,0.499683
857,12,0.496406
857,13,0.509979
857,14,0.494332
857,15,0.494301
858,1,0.500261
858,2,0.497013
858,3,0.496676
858,4,0.491610
858,5,0.486979
858,6,0.485962
858,7,0.485652
858,8,0.494301
858,9,0.493653
858,10,0.486771
858,11,0.530484
858,12,0.494576
858,13,0.460908
858,14,0.492655
858,15,0.494332
859,1,0.495783
859,2,0.496160
859,3,0.494332
859,4,0.494301
859,5,0.491416
859,6,0.494332
859,7,0.495476
859,8,0.492827
859,9,0.493235
859,10,0.492222
859,11,0.482941
859,12,0.491532
859,13,0.492507
859,14,0.473797
859,15,0.493644
860,1,0.495783
860,2,0.496160
860,3,0.497711
860,4,0.497430
860,5,0.496763
860,6,0.494523
860,7,0.533551
860,8,0.490715
860,9,0.497642
860,10,0.495482
860,11,0.515242
860,12,0.510494
860,13,0.510494
860,14,0.504695
860,15,0.505822
861,1,0.473956
861,2,0.495545
861,3,0.496331
861,4,0.495156
861,5,0.493097
861,6,0.494129
861,7,0.502497
861,8,0.493389
861,9,0.490988
861,10,0.491312
861,11,0.494014
861,12,0.498310
861,13,0.497430
861,14,0.498310
861,15,0.496817
862,1,0.434589
862,2,0.495783
862,3,0.502064
862,4,0.499727
862,5,0.495344
862,6,0.490561
862,7,0.489961
862,8,0.491437
862,9,0.486216
862,10,0.492507
862,11,0.491610
862,12,0.496763
862,13,0.492993
862,14,0.493498
862,15,0.494523
863,1,0.495545
863,2,0.504123
863,3,0.495768
863,4,0.493638
863,5,0.487299
863,6,0.494702
863,7,0.493874
863,8,0.490972
863,9,0.492148
863,10,0.489961
863,11,0.485652
863,12,0.490636
863,13,0.486076
863,14,0.491291
863,15,0.491291
864,1,0.500261
864,2,0.434589
864,3,0.497013
864,4,0.492148
864,5,0.494332
864,6,0.495476
864,7,0.494576
864,8,0.497733
864,9,0.491853
864,10,0.488226
864,11,0.445859
864,12,0.493137
864,13,0.489145
864,14,0.488298
864,15,0.465197
865,1,0.500261
865,2,0.513402
865,3,0.503279
865,4,0.505822
865,5,0.499659
865,6,0.459310
865,7,0.498171
865,8,0.453150
865,9,0.493006
865,10,0.492507
865,11,0.491610
865,12,0.488629
865,13,0.486979
865,14,0.489559
865,15,0.486076
866,1,0.495545
866,2,0.504123
866,3,0.504977
866,4,0.506341
866,5,0.495337
866,6,0.494045
866,7,0.491312
866,8,0.491722
866,9,0.491722
866,10,0.485943
866,11,0.493638
866,12,0.498435
866,13,0.500482
866,14,0.493874
866,15,0.493874
867,1,0.495783
867,2,0.496160
867,3,0.491437
867,4,0.491610
867,5,0.487258
867,6,0.498991
867,7,0.493924
867,8,0.498258
867,9,0.491714
867,10,0.442102
867,11,0.501559
867,12,0.494138
867,13,0.497935
867,14,0.498435
867,15,0.490972
868,1,0.495783
868,2,0.497922
868,3,0.520006
868,4,0.498310
868,5,0.487549
868,6,0.488287
868,7,0.493137
868,8,0.503691
868,9,0.502017
868,10,0.510494
868,11,0.501729
868,12,0.509059
868,13,0.498374
868,14,0.501559
868,15,0.466824
869,1,0.495783
869,2,0.496160
869,3,0.494332
869,4,0.497711
869,5,0.495181
869,6,0.490608
869,7,0.488466
869,8,0.545173
869,9,0.495156
869,10,0.493006
869,11,0.488298
869,12,0.485944
869,13,0.494301
869,14,0.489559
869,15,0.491610
870,1,0.495783
870,2,0.547988
870,3,0.502064
870,4,0.499727
870,5,0.495344
870,6,0.490561
870,7,0.491312
870,8,0.491722
870,9,0.493874
870,10,0.492445
870,11,0.508753
870,12,0.465776
870,13,0.497156
870,14,0.491032
870,15,0.493959
871,1,0.495783
871,2,0.497922
871,3,0.497891
871,4,0.497733
871,5,0.496653
871,6,0.496596
871,7,0.494332
871,8,0.496160
871,9,0.494332
871,10,0.473956
871,11,0.494332
871,12,0.495476
871,13,0.560633
871,14,0.497891
871,15,0.496596
872,1,0.500261
872,2,0.501971
872,3,0.495212
872,4,0.494792
872,5,0.493644
872,6,0.488474
872,7,0.496763
872,8,0.489748
872,9,0.520477
872,10,0.494014
872,11,0.498310
872,12,0.495181
872,13,0.490608
872,14,0.499683
872,15,0.496406
873,1,0.500261
873,2,0.513402
873,3,0.486746
873,4,0.498822
873,5,0.501559
873,6,0.496662
873,7,0.490702
873,8,0.493235
873,9,0.486831
873,10,0.492507
873,11,0.498435
873,12,0.445859
873,13,0.498369
873,14,0.495589
873,15,0.499905
874,1,0.500261
874,2,0.501971
874,3,0.499514
874,4,0.494983
874,5,0.495587
874,6,0.504977
874,7,0.506341
874,8,0.510494
874,9,0.498374
874,10,0.498374
874,11,0.494045
874,12,0.495183
874,13,0.486216
874,14,0.496008
874,15,0.474452
875,1,0.495783
875,2,0.502064
875,3,0.495194
875,4,0.491427
875,5,0.487820
875,6,0.482941
875,7,0.494792
875,8,0.493644
875,9,0.500663
875,10,0.492878
875,11,0.495911
875,12,0.492538
875,13,0.501651
875,14,0.498822
875,15,0.488571
876,1,0.495783
876,2,0.502064
876,3,0.495194
876,4,0.494445
876,5,0.492441
876,6,0.494792
876,7,0.442102
876,8,0.437995
876,9,0.497430
876,10,0.494926
876,11,0.495913
876,12,0.491437
876,13,0.491610
876,14,0.485880
876,15,0.494445
877,1,0.500261
877,2,0.513402
877,3,0.510400
877,4,0.504695
877,5,0.495953
877,6,0.491098
877,7,0.498991
877,8,0.491532
877,9,0.488298
877,10,0.495183
877,11,0.495368
877,12,0.492250
877,13,0.492250
877,14,0.493995
877,15,0.492250
878,1,0.495545
878,2,0.499364
878,3,0.380913
878,4,0.495156
878,5,0.499727
878,6,0.510400
878,7,0.500704
878,8,0.495871
878,9,0.495568
878,10,0.495568
878,11,0.497642
878,12,0.501223
878,13,0.510494
878,14,0.501729
878,15,0.501729
879,1,0.495783
879,2,0.493703
879,3,0.497891
879,4,0.494973
879,5,0.490799
879,6,0.454697
879,7,0.490608
879,8,0.492507
879,9,0.491610
879,10,0.496763
879,11,0.498139
879,12,0.497733
879,13,0.495587
879,14,0.501651
879,15,0.498379
880,1,0.500261
880,2,0.497013
880,3,0.492148
880,4,0.494332
880,5,0.494332
880,6,0.522850
880,7,0.497430
880,8,0.496763
880,9,0.492993
880,10,0.490715
880,11,0.490715
880,12,0.491532
880,13,0.492148
880,14,0.491312
880,15,0.491722
881,1,0.495545
881,2,0.504123
881,3,0.504977
881,4,0.506341
881,5,0.574110
881,6,0.504127
881,7,0.495337
881,8,0.500704
881,9,0.499683
881,10,0.499727
881,11,0.501223
881,12,0.495691
881,13,0.494045
881,14,0.495183
881,15,0.486216
882,1,0.495783
882,2,0.497922
882,3,0.486746
882,4,0.497430
882,5,0.494926
882,6,0.494212
882,7,0.494014
882,8,0.559329
882,9,0.494926
882,10,0.494301
882,11,0.494332
882,12,0.494332
882,13,0.494301
882,14,0.495476
882,15,0.488971
883,1,0.495545
883,2,0.504352
883,3,0.498385
883,4,0.504977
883,5,0.504660
883,6,0.499905
883,7,0.495697
883,8,0.493389
883,9,0.521879
883,10,0.495770
883,11,0.500232
883,12,0.500391
883,13,0.492445
883,14,0.494651
883,15,0.488119
884,1,0.495783
884,2,0.502064
884,3,0.495194
884,4,0.467959
884,5,0.507642
884,6,0.495570
884,7,0.495570
884,8,0.498310
884,9,0.497891
884,10,0.496596
884,11,0.496763
884,12,0.496817
884,13,0.547988
884,14,0.493785
884,15,0.442102
885,1,0.495783
885,2,0.502064
885,3,0.495194
885,4,0.494445
885,5,0.482520
885,6,0.473956
885,7,0.498310
885,8,0.494447
885,9,0.494110
885,10,0.487682
885,11,0.487820
885,12,0.493789
885,13,0.493789
885,14,0.488866
885,15,0.467425
886,1,0.495545
886,2,0.499364
886,3,0.497094
886,4,0.491437
886,5,0.491610
886,6,0.487258
886,7,0.496763
886,8,0.496817
886,9,0.495156
886,10,0.493006
886,11,0.496008
886,12,0.519665
886,13,0.489197
886,14,0.495568
886,15,0.498482
887,1,0.500261
887,2,0.471671
887,3,0.513402
887,4,0.498822
887,5,0.501559
887,6,0.494138
887,7,0.501559
887,8,0.574110
887,9,0.499727
887,10,0.510400
887,11,0.500704
887,12,0.501009
887,13,0.498482
887,14,0.397650
887,15,0.564999
888,1,0.500261
888,2,0.497013
888,3,0.499683
888,4,0.503691
888,5,0.493850
888,6,0.501009
888,7,0.445894
888,8,0.489197
888,9,0.485652
888,10,0.487250
888,11,0.497891
888,12,0.494973
888,13,0.488226
888,14,0.493925
888,15,0.491409
889,1,0.495545
889,2,0.504123
889,3,0.445859
889,4,0.500391
889,5,0.496195
889,6,0.494983
889,7,0.492878
889,8,0.492878
889,9,0.500346
889,10,0.495587
889,11,0.489772
889,12,0.499683
889,13,0.503691
889,14,0.502017
889,15,0.495717
890,1,0.495545
890,2,0.499364
890,3,0.495156
890,4,0.493097
890,5,0.490448
890,6,0.487289
890,7,0.436940
890,8,0.492148
890,9,0.496676
890,10,0.497891
890,11,0.496596
890,12,0.497094
890,13,0.491457
890,14,0.486216
890,15,0.492507
891,1,0.500261
891,2,0.497013
891,3,0.496676
891,4,0.493644
891,5,0.488474
891,6,0.492655
891,7,0.495913
891,8,0.488032
891,9,0.497156
891,10,0.498081
891,11,0.491897
891,12,0.491897
891,13,0.496160
891,14,0.497711
891,15,0.439402
892,1,0.495545
892,2,0.504352
892,3,0.500983
892,4,0.498901
892,5,0.498431
892,6,0.495181
892,7,0.495768
892,8,0.499683
892,9,0.503691
892,10,0.498081
892,11,0.498716
892,12,0.495462
892,13,0.496994
892,14,0.498482
892,15,0.498852
893,1,0.495545
893,2,0.504352
893,3,0.448275
893,4,0.497399
893,5,0.533460
893,6,0.493646
893,7,0.489904
893,8,0.497733
893,9,0.495587
893,10,0.492993
893,11,0.495870
893,12,0.489772
893,13,0.499683
893,14,0.496406
893,15,0.489197
894,1,0.473956
894,2,0.539068
894,3,0.495545
894,4,0.504352
894,5,0.463254
894,6,0.495831
894,7,0.496195
894,8,0.498901
894,9,0.498431
894,10,0.491264
894,11,0.494110
894,12,0.498258
894,13,0.502497
894,14,0.495679
894,15,0.494792
895,1,0.495783
895,2,0.497922
895,3,0.497891
895,4,0.497733
895,5,0.491853
895,6,0.491853
895,7,0.495831
895,8,0.493179
895,9,0.496873
895,10,0.497110
895,11,0.495770
895,12,0.496873
895,13,0.497110
895,14,0.497110
895,15,0.501506
896,1,0.495783
896,2,0.531294
896,3,0.497922
896,4,0.497430
896,5,0.494926
896,6,0.487618
896,7,0.494212
896,8,0.491323
896,9,0.485943
896,10,0.493638
896,11,0.494702
896,12,0.500482
896,13,0.478936
896,14,0.500482
896,15,0.490972
897,1,0.500261
897,2,0.497013
897,3,0.492148
897,4,0.499683
897,5,0.499727
897,6,0.498081
897,7,0.498716
897,8,0.507642
897,9,0.498379
897,10,0.501559
897,11,0.496406
897,12,0.495395
897,13,0.502279
897,14,0.496662
897,15,0.496662
898,1,0.495783
898,2,0.496160
898,3,0.491437
898,4,0.488311
898,5,0.496008
898,6,0.491886
898,7,0.487258
898,8,0.487820
898,9,0.493644
898,10,0.488474
898,11,0.482941
898,12,0.496596
898,13,0.356648
898,14,0.486216
898,15,0.492507
899,1,0.500261
899,2,0.497013
899,3,0.499683
899,4,0.503691
899,5,0.495717
899,6,0.495717
899,7,0.499139
899,8,0.492441
899,9,0.458765
899,10,0.497094
899,11,0.495156
899,12,0.499727
899,13,0.498081
899,14,0.495679
899,15,0.495731
900,1,0.495545
900,2,0.504123
900,3,0.500391
900,4,0.475032
900,5,0.492511
900,6,0.435590
900,7,0.498901
900,8,0.498310
900,9,0.495181
900,10,0.498369
900,11,0.498117
900,12,0.495691
900,13,0.482941
900,14,0.501559
900,15,0.496406
901,1,0.495783
901,2,0.529648
901,3,0.497922
901,4,0.504123
901,5,0.495768
901,6,0.493638
901,7,0.436940
901,8,0.496195
901,9,0.498885
901,10,0.498310
901,11,0.495181
901,12,0.498369
901,13,0.501223
901,14,0.515242
901,15,0.445859
902,1,0.495783
902,2,0.502064
902,3,0.499727
902,4,0.498081
902,5,0.491897
902,6,0.498258
902,7,0.520736
902,8,0.491714
902,9,0.535135
902,10,0.496160
902,11,0.494332
902,12,0.489559
902,13,0.491610
902,14,0.487258
902,15,0.494792
903,1,0.495783
903,2,0.502064
903,3,0.479265
903,4,0.499514
903,5,0.501054
903,6,0.502497
903,7,0.493389
903,8,0.494601
903,9,0.491532
903,10,0.499683
903,11,0.498482
903,12,0.494035
903,13,0.494303
903,14,0.490083
903,15,0.497733
904,1,0.495783
904,2,0.497922
904,3,0.495181
904,4,0.397650
904,5,0.498369
904,6,0.492966
904,7,0.504660
904,8,0.501266
904,9,0.493166
904,10,0.501559
904,11,0.496662
904,12,0.498482
904,13,0.474831
904,14,0.499659
904,15,0.500704
905,1,0.495783
905,2,0.496160
905,3,0.494332
905,4,0.489559
905,5,0.492643
905,6,0.495482
905,7,0.495482
905,8,0.495691
905,9,0.496900
905,10,0.497664
905,11,0.498171
905,12,0.493638
905,13,0.494702
905,14,0.490333
905,15,0.497733
906,1,0.495545
906,2,0.504123
906,3,0.500391
906,4,0.501266
906,5,0.495697
906,6,0.475290
906,7,0.502989
906,8,0.510494
906,9,0.498374
906,10,0.509059
906,11,0.498374
906,12,0.499683
906,13,0.499727
906,14,0.503279
906,15,0.501603
907,1,0.464451
907,2,0.495783
907,3,0.496160
907,4,0.494332
907,5,0.495476
907,6,0.492827
907,7,0.493498
907,8,0.494523
907,9,0.494523
907,10,0.496596
907,11,0.495156
907,12,0.491532
907,13,0.492507
907,14,0.487990
907,15,0.487990
908,1,0.495783
908,2,0.497922
908,3,0.495181
908,4,0.494110
908,5,0.489657
908,6,0.482520
908,7,0.497733
908,8,0.498385
908,9,0.500391
908,10,0.492445
908,11,0.490247
908,12,0.490162
908,13,0.488866
908,14,0.493413
908,15,0.533487
909,1,0.500261
909,2,0.485266
909,3,0.510400
909,4,0.510494
909,5,0.501729
909,6,0.495953
909,7,0.465966
909,8,0.489812
909,9,0.460635
909,10,0.491032
909,11,0.497935
909,12,0.495181
909,13,0.498369
909,14,0.498379
909,15,0.497207
910,1,0.500261
910,2,0.513402
910,3,0.498822
910,4,0.497935
910,5,0.495181
910,6,0.498369
910,7,0.498379
910,8,0.501559
910,9,0.530879
910,10,0.490702
910,11,0.486307
910,12,0.490988
910,13,0.491312
910,14,0.491323
910,15,0.485943
911,1,0.495783
911,2,0.508587
911,3,0.495783
911,4,0.497922
911,5,0.535770
911,6,0.494926
911,7,0.494212
911,8,0.499065
911,9,0.489378
911,10,0.490608
911,11,0.490367
911,12,0.493621
911,13,0.486953
911,14,0.491312
911,15,0.491323
912,1,0.495545
912,2,0.504123
912,3,0.504977
912,4,0.509576
912,5,0.504695
912,6,0.499139
912,7,0.499139
912,8,0.500983
912,9,0.490215
912,10,0.494601
912,11,0.494448
912,12,0.493959
912,13,0.498716
912,14,0.491897
912,15,0.494792
913,1,0.495545
913,2,0.504352
913,3,0.498901
913,4,0.494601
913,5,0.488119
913,6,0.488119
913,7,0.499683
913,8,0.496406
913,9,0.492507
913,10,0.495181
913,11,0.490608
913,12,0.490367
913,13,0.491312
913,14,0.489610
913,15,0.495006
914,1,0.495545
914,2,0.504352
914,3,0.498901
914,4,0.494601
914,5,0.493097
914,6,0.490448
914,7,0.498258
914,8,0.498973
914,9,0.501179
914,10,0.495570
914,11,0.497207
914,12,0.545566
914,13,0.466099
914,14,0.501971
914,15,0.499514
915,1,0.500261
915,2,0.497013
915,3,0.499683
915,4,0.498482
915,5,0.494035
915,6,0.501054
915,7,0.497110
915,8,0.497110
915,9,0.501506
915,10,0.501179
915,11,0.505822
915,12,0.494137
915,13,0.495679
915,14,0.494792
915,15,0.493789
916,1,0.495783
916,2,0.502064
916,3,0.493006
916,4,0.496008
916,5,0.497338
916,6,0.497338
916,7,0.495691
916,8,0.494045
916,9,0.491312
916,10,0.493644
916,11,0.489754
916,12,0.495212
916,13,0.498310
916,14,0.498283
916,15,0.496596
917,1,0.436940
917,2,0.543152
917,3,0.504123
917,4,0.500391
917,5,0.496195
917,6,0.489535
917,7,0.492511
917,8,0.496873
917,9,0.497110
917,10,0.434589
917,11,0.419837
917,12,0.397650
917,13,0.504737
917,14,0.498171
917,15,0.496676
918,1,0.495783
918,2,0.497922
918,3,0.497430
918,4,0.496763
918,5,0.497430
918,6,0.496763
918,7,0.496817
918,8,0.494926
918,9,0.495913
918,10,0.492526
918,11,0.494576
918,12,0.493742
918,13,0.493742
918,14,0.498431
918,15,0.496817
919,1,0.495545
919,2,0.508587
919,3,0.499364
919,4,0.546623
919,5,0.497922
919,6,0.497891
919,7,0.497733
919,8,0.500346
919,9,0.500346
919,10,0.495911
919,11,0.497399
919,12,0.491457
919,13,0.493097
919,14,0.487289
919,15,0.491075
920,1,0.495783
920,2,0.496160
920,3,0.497711
920,4,0.491323
920,5,0.485943
920,6,0.486603
920,7,0.489961
920,8,0.485652
920,9,0.490636
920,10,0.497642
920,11,0.490284
920,12,0.509979
920,13,0.489961
920,14,0.491437
920,15,0.486216
921,1,0.500261
921,2,0.532649
921,3,0.459978
921,4,0.499514
921,5,0.501054
921,6,0.493117
921,7,0.492008
921,8,0.520477
921,9,0.491077
921,10,0.496160
921,11,0.494332
921,12,0.491437
921,13,0.473504
921,14,0.494445
921,15,0.490083
922,1,0.495545
922,2,0.504352
922,3,0.506650
922,4,0.497094
922,5,0.494332
922,6,0.494301
922,7,0.493653
922,8,0.494576
922,9,0.494576
922,10,0.494973
922,11,0.504977
922,12,0.510400
922,13,0.510494
922,14,0.508906
922,15,0.510494
923,1,0.500261
923,2,0.501971
923,3,0.495212
923,4,0.490988
923,5,0.488798
923,6,0.485962
923,7,0.495476
923,8,0.488971
923,9,0.498369
923,10,0.506341
923,11,0.504127
923,12,0.495337
923,13,0.497935
923,14,0.491337
923,15,0.493235
924,1,0.510413
924,2,0.496160
924,3,0.497711
924,4,0.491323
924,5,0.480570
924,6,0.495589
924,7,0.495589
924,8,0.434589
924,9,0.496195
924,10,0.492441
924,11,0.497399
924,12,0.486746
924,13,0.540846
924,14,0.496160
924,15,0.490478
925,1,0.495545
925,2,0.504352
925,3,0.498901
925,4,0.497399
925,5,0.492158
925,6,0.489559
925,7,0.497642
925,8,0.495344
925,9,0.489147
925,10,0.289726
925,11,0.496662
925,12,0.490702
925,13,0.491075
925,14,0.493097
925,15,0.487289
926,1,0.495783
926,2,0.502064
926,3,0.493006
926,4,0.492507
926,5,0.486399
926,6,0.498435
926,7,0.496406
926,8,0.499683
926,9,0.495194
926,10,0.494445
926,11,0.482520
926,12,0.490083
926,13,0.490083
926,14,0.495587
926,15,0.492993
927,1,0.500261
927,2,0.513402
927,3,0.498822
927,4,0.501559
927,5,0.496406
927,6,0.494045
927,7,0.489961
927,8,0.497711
927,9,0.498139
927,10,0.495006
927,11,0.495006
927,12,0.491853
927,13,0.488226
927,14,0.493925
927,15,0.493906
928,1,0.495545
928,2,0.504123
928,3,0.500391
928,4,0.496195
928,5,0.492511
928,6,0.495587
928,7,0.492993
928,8,0.493179
928,9,0.492445
928,10,0.494792
928,11,0.488866
928,12,0.494926
928,13,0.496346
928,14,0.498139
928,15,0.462246
929,1,0.500261
929,2,0.513402
929,3,0.498822
929,4,0.501559
929,5,0.574110
929,6,0.496662
929,7,0.494035
929,8,0.494035
929,9,0.492441
929,10,0.497399
929,11,0.495913
929,12,0.492526
929,13,0.489378
929,14,0.456169
929,15,0.495589
930,1,0.500261
930,2,0.501971
930,3,0.495212
930,4,0.494792
930,5,0.488866
930,6,0.494983
930,7,0.495587
930,8,0.493453
930,9,0.547988
930,10,0.493638
930,11,0.498435
930,12,0.495768
930,13,0.498566
930,14,0.498857
930,15,0.491032
931,1,0.495545
931,2,0.499364
931,3,0.495156
931,4,0.529691
931,5,0.473900
931,6,0.494000
931,7,0.495770
931,8,0.492511
931,9,0.489535
931,10,0.494601
931,11,0.491532
931,12,0.496008
931,13,0.491886
931,14,0.497338
931,15,0.515242
932,1,0.495545
932,2,0.504352
932,3,0.498385
932,4,0.495831
932,5,0.508753
932,6,0.497520
932,7,0.493453
932,8,0.492148
932,9,0.496160
932,10,0.491437
932,11,0.497642
932,12,0.495482
932,13,0.492250
932,14,0.434589
932,15,0.495679
933,1,0.500261
933,2,0.501971
933,3,0.505912
933,4,0.497094
933,5,0.496346
933,6,0.494447
933,7,0.546623
933,8,0.498369
933,9,0.490608
933,10,0.496676
933,11,0.493644
933,12,0.489754
933,13,0.397650
933,14,0.559329
933,15,0.501054
934,1,0.463993
934,2,0.501971
934,3,0.495212
934,4,0.494792
934,5,0.490162
934,6,0.488479
934,7,0.500983
934,8,0.461053
934,9,0.491050
934,10,0.488119
934,11,0.488298
934,12,0.494332
934,13,0.495476
934,14,0.445859
934,15,0.491323
935,1,0.500261
935,2,0.501971
935,3,0.504737
935,4,0.498171
935,5,0.492008
935,6,0.491852
935,7,0.491722
935,8,0.491722
935,9,0.500482
935,10,0.502989
935,11,0.498374
935,12,0.497935
935,13,0.464451
935,14,0.491337
935,15,0.492832
936,1,0.495545
936,2,0.504123
936,3,0.495768
936,4,0.498566
936,5,0.496406
936,6,0.495395
936,7,0.496662
936,8,0.502279
936,9,0.493850
936,10,0.492148
936,11,0.496160
936,12,0.494332
936,13,0.495476
936,14,0.492827
936,15,0.493235
937,1,0.464451
937,2,0.495545
937,3,0.499364
937,4,0.497094
937,5,0.497711
937,6,0.491323
937,7,0.493359
937,8,0.488656
937,9,0.487682
937,10,0.497399
937,11,0.497711
937,12,0.491323
937,13,0.498369
937,14,0.521789
937,15,0.495589
938,1,0.481201
938,2,0.501971
938,3,0.495212
938,4,0.498991
938,5,0.493097
938,6,0.495212
938,7,0.494792
938,8,0.491610
938,9,0.494926
938,10,0.487618
938,11,0.486216
938,12,0.492148
938,13,0.491312
938,14,0.498139
938,15,0.497733
939,1,0.500261
939,2,0.501971
939,3,0.504737
939,4,0.498171
939,5,0.492008
939,6,0.491312
939,7,0.486737
939,8,0.491741
939,9,0.495913
939,10,0.494301
939,11,0.485880
939,12,0.494301
939,13,0.489559
939,14,0.491610
939,15,0.564999
940,1,0.500261
940,2,0.506272
940,3,0.492148
940,4,0.554329
940,5,0.494301
940,6,0.494332
940,7,0.494332
940,8,0.489559
940,9,0.486216
940,10,0.499683
940,11,0.499727
940,12,0.495344
940,13,0.493558
940,14,0.497664
940,15,0.491337
941,1,0.500261
941,2,0.501971
941,3,0.495212
941,4,0.498991
941,5,0.497620
941,6,0.495717
941,7,0.493850
941,8,0.497935
941,9,0.497664
941,10,0.491337
941,11,0.497094
941,12,0.491457
941,13,0.488993
941,14,0.493351
941,15,0.487258
942,1,0.495545
942,2,0.504352
942,3,0.494168
942,4,0.495587
942,5,0.495870
942,6,0.501403
942,7,0.497329
942,8,0.492445
942,9,0.495156
942,10,0.499727
942,11,0.498081
942,12,0.501603
942,13,0.492250
942,14,0.494601
942,15,0.490460
943,1,0.500261
943,2,0.513402
943,3,0.510400
943,4,0.510494
943,5,0.457129
943,6,0.498374
943,7,0.498374
943,8,0.501559
943,9,0.503691
943,10,0.498081
943,11,0.491897
943,12,0.491075
943,13,0.493924
943,14,0.487289
943,15,0.487289
944,1,0.495545
944,2,0.504352
944,3,0.500983
944,4,0.498885
944,5,0.497399
944,6,0.496346
944,7,0.494014
944,8,0.493498
944,9,0.493498
944,10,0.494301
944,11,0.497711
944,12,0.494014
944,13,0.491741
944,14,0.489616
944,15,0.486771
945,1,0.495783
945,2,0.493556
945,3,0.497891
945,4,0.497733
945,5,0.496596
945,6,0.490874
945,7,0.497642
945,8,0.495482
945,9,0.515242
945,10,0.520477
945,11,0.470328
945,12,0.503279
945,13,0.504737
945,14,0.502497
945,15,0.522092
946,1,0.495783
946,2,0.496160
946,3,0.491437
946,4,0.493006
946,5,0.499683
946,6,0.496406
946,7,0.489197
946,8,0.489197
946,9,0.489961
946,10,0.489559
946,11,0.497642
946,12,0.492250
946,13,0.492250
946,14,0.491897
946,15,0.495731
947,1,0.495545
947,2,0.499364
947,3,0.495156
947,4,0.491532
947,5,0.492148
947,6,0.489961
947,7,0.489961
947,8,0.489559
947,9,0.497642
947,10,0.495482
947,11,0.492250
947,12,0.487258
947,13,0.490988
947,14,0.488798
947,15,0.458765
948,1,0.506026
948,2,0.497922
948,3,0.495181
948,4,0.500391
948,5,0.496195
948,6,0.508851
948,7,0.495212
948,8,0.497922
948,9,0.495181
948,10,0.498369
948,11,0.498117
948,12,0.492007
948,13,0.471671
948,14,0.492148
948,15,0.502064
949,1,0.500261
949,2,0.513402
949,3,0.510400
949,4,0.504695
949,5,0.499139
949,6,0.495953
949,7,0.498991
949,8,0.497156
949,9,0.498379
949,10,0.496676
949,11,0.498435
949,12,0.490972
949,13,0.486603
949,14,0.493137
949,15,0.496406
950,1,0.533120
950,2,0.497922
950,3,0.495181
950,4,0.518834
950,5,0.493638
950,6,0.487299
950,7,0.494702
950,8,0.491532
950,9,0.499683
950,10,0.496406
950,11,0.494668
950,12,0.494668
950,13,0.495181
950,14,0.494110
950,15,0.489657
951,1,0.495545
951,2,0.499364
951,3,0.495156
951,4,0.491532
951,5,0.492501
951,6,0.492501
951,7,0.486932
951,8,0.502064
951,9,0.495194
951,10,0.491427
951,11,0.490988
951,12,0.495913
951,13,0.491457
951,14,0.486216
951,15,0.488298
952,1,0.495545
952,2,0.504352
952,3,0.498385
952,4,0.495768
952,5,0.493638
952,6,0.511533
952,7,0.496596
952,8,0.494470
952,9,0.494470
952,10,0.504123
952,11,0.495768
952,12,0.493638
952,13,0.490333
952,14,0.496596
952,15,0.502064
953,1,0.495783
953,2,0.489100
953,3,0.494332
953,4,0.494332
953,5,0.491437
953,6,0.497642
953,7,0.492250
953,8,0.492250
953,9,0.495482
953,10,0.498081
953,11,0.520477
953,12,0.495212
953,13,0.532549
953,14,0.493132
953,15,0.492250
954,1,0.442102
954,2,0.495545
954,3,0.499364
954,4,0.495156
954,5,0.493097
954,6,0.487289
954,7,0.491075
954,8,0.491075
954,9,0.493924
954,10,0.491427
954,11,0.487820
954,12,0.488866
954,13,0.490715
954,14,0.497156
954,15,0.495344
955,1,0.500261
955,2,0.513402
955,3,0.510400
955,4,0.500704
955,5,0.494045
955,6,0.489961
955,7,0.494301
955,8,0.497711
955,9,0.494014
955,10,0.574110
955,11,0.487972
955,12,0.487972
955,13,0.492222
955,14,0.499727
955,15,0.496952
956,1,0.495783
956,2,0.502064
956,3,0.495194
956,4,0.498258
956,5,0.498973
956,6,0.498973
956,7,0.498369
956,8,0.495589
956,9,0.491427
956,10,0.495156
956,11,0.487943
956,12,0.486932
956,13,0.488032
956,14,0.492526
956,15,0.488971
957,1,0.500261
957,2,0.497013
957,3,0.492148
957,4,0.494332
957,5,0.495476
957,6,0.494014
957,7,0.531294
957,8,0.496763
957,9,0.500983
957,10,0.498901
957,11,0.497399
957,12,0.496160
957,13,0.491437
957,14,0.497642
957,15,0.495344
958,1,0.495783
958,2,0.496160
958,3,0.491437
958,4,0.497642
958,5,0.495482
958,6,0.495691
958,7,0.496952
958,8,0.491427
958,9,0.497094
958,10,0.494332
958,11,0.495476
958,12,0.497891
958,13,0.494973
958,14,0.491922
958,15,0.498369
959,1,0.500261
959,2,0.513402
959,3,0.436940
959,4,0.498822
959,5,0.497935
959,6,0.491337
959,7,0.497664
959,8,0.500482
959,9,0.504660
959,10,0.495755
959,11,0.499972
959,12,0.499659
959,13,0.495462
959,14,0.501559
959,15,0.502279
960,1,0.495783
960,2,0.502064
960,3,0.493006
960,4,0.496008
960,5,0.482941
960,6,0.497338
960,7,0.491886
960,8,0.498852
960,9,0.498852
960,10,0.498852
960,11,0.502497
960,12,0.505822
960,13,0.503280
960,14,0.495462
960,15,0.499683
961,1,0.464451
961,2,0.495783
961,3,0.496160
961,4,0.494332
961,5,0.494332
961,6,0.494301
961,7,0.497711
961,8,0.491323
961,9,0.485943
961,10,0.493137
961,11,0.458765
961,12,0.506341
961,13,0.504695
961,14,0.499139
961,15,0.492250
962,1,0.495545
962,2,0.443065
962,3,0.504352
962,4,0.500983
962,5,0.500346
962,6,0.495587
962,7,0.489772
962,8,0.493925
962,9,0.503691
962,10,0.493850
962,11,0.488602
962,12,0.495568
962,13,0.496662
962,14,0.498258
962,15,0.498369
963,1,0.495545
963,2,0.504352
963,3,0.500983
963,4,0.495587
963,5,0.495870
963,6,0.493453
963,7,0.487849
963,8,0.488697
963,9,0.541837
963,10,0.497922
963,11,0.495181
963,12,0.494110
963,13,0.501266
963,14,0.500689
963,15,0.495697
964,1,0.495783
964,2,0.496160
964,3,0.497711
964,4,0.498139
964,5,0.489904
964,6,0.493453
964,7,0.490367
964,8,0.495183
964,9,0.510855
964,10,0.504737
964,11,0.498171
964,12,0.496994
964,13,0.492008
964,14,0.497711
964,15,0.498139
965,1,0.495783
965,2,0.496160
965,3,0.497711
965,4,0.498139
965,5,0.489904
965,6,0.489904
965,7,0.488495
965,8,0.494601
965,9,0.491532
965,10,0.496008
965,11,0.495194
965,12,0.491427
965,13,0.491075
965,14,0.486307
965,15,0.491437
966,1,0.495783
966,2,0.496160
966,3,0.497711
966,4,0.497430
966,5,0.495156
966,6,0.491532
966,7,0.492507
966,8,0.493644
966,9,0.488474
966,10,0.498991
966,11,0.493924
966,12,0.491532
966,13,0.488746
966,14,0.442102
966,15,0.487990
967,1,0.495783
967,2,0.496160
967,3,0.491437
967,4,0.486216
967,5,0.488298
967,6,0.495183
967,7,0.503691
967,8,0.493850
967,9,0.502017
967,10,0.495344
967,11,0.494045
967,12,0.491312
967,13,0.486737
967,14,0.443065
967,15,0.496763
968,1,0.495783
968,2,0.502064
968,3,0.499727
968,4,0.495344
968,5,0.491786
968,6,0.491337
968,7,0.486979
968,8,0.494212
968,9,0.491323
968,10,0.485943
968,11,0.486216
968,12,0.496676
968,13,0.491610
968,14,0.498991
968,15,0.498482
969,1,0.495545
969,2,0.459310
969,3,0.499364
969,4,0.436313
969,5,0.497922
969,6,0.495181
969,7,0.438494
969,8,0.495112
969,9,0.500689
969,10,0.502989
969,11,0.501179
969,12,0.502989
969,13,0.504127
969,14,0.499451
969,15,0.495337
970,1,0.495783
970,2,0.497922
970,3,0.495181
970,4,0.490608
970,5,0.499683
970,6,0.495194
970,7,0.491427
970,8,0.490988
970,9,0.474293
970,10,0.486513
970,11,0.487097
970,12,0.374117
970,13,0.487990
970,14,0.497891
970,15,0.498901
971,1,0.500261
971,2,0.497013
971,3,0.496676
971,4,0.491610
971,5,0.492004
971,6,0.492004
971,7,0.491610
971,8,0.488783
971,9,0.488783
971,10,0.494303
971,11,0.512688
971,12,0.497110
971,13,0.489529
971,14,0.487920
971,15,0.486953
972,1,0.475183
972,2,0.501971
972,3,0.504737
972,4,0.502497
972,5,0.501266
972,6,0.493166
972,7,0.490167
972,8,0.487299
972,9,0.493785
972,10,0.496346
972,11,0.494447
972,12,0.491464
972,13,0.492445
972,14,0.498991
972,15,0.434589
973,1,0.495545
973,2,0.499364
973,3,0.495156
973,4,0.491532
973,5,0.492501
973,6,0.486746
973,7,0.491532
973,8,0.496008
973,9,0.497642
973,10,0.495344
973,11,0.491786
973,12,0.487990
973,13,0.486399
973,14,0.494926
973,15,0.505736
974,1,0.495783
974,2,0.496160
974,3,0.491437
974,4,0.491610
974,5,0.487258
974,6,0.490988
974,7,0.515290
974,8,0.497094
974,9,0.496346
974,10,0.497430
974,11,0.495156
974,12,0.493097
974,13,0.487289
974,14,0.498310
974,15,0.504123
975,1,0.495545
975,2,0.504352
975,3,0.498901
975,4,0.485880
975,5,0.497399
975,6,0.576623
975,7,0.476095
975,8,0.493006
975,9,0.492148
975,10,0.497922
975,11,0.497430
975,12,0.547988
975,13,0.494332
975,14,0.494301
975,15,0.532763
976,1,0.479353
976,2,0.504352
976,3,0.566955
976,4,0.498385
976,5,0.501651
976,6,0.498123
976,7,0.505822
976,8,0.503280
976,9,0.499659
976,10,0.495953
976,11,0.498991
976,12,0.489812
976,13,0.488298
976,14,0.490927
976,15,0.487886
977,1,0.495545
977,2,0.442102
977,3,0.504123
977,4,0.304613
977,5,0.497013
977,6,0.499683
977,7,0.498482
977,8,0.498852
977,9,0.289726
977,10,0.502497
977,11,0.493389
977,12,0.500232
977,13,0.380913
977,14,0.498171
977,15,0.492148
978,1,0.495545
978,2,0.434589
978,3,0.504123
978,4,0.495768
978,5,0.493638
978,6,0.494702
978,7,0.490333
978,8,0.490253
978,9,0.488226
978,10,0.493638
978,11,0.511533
978,12,0.497733
978,13,0.494231
978,14,0.492655
978,15,0.497094
979,1,0.495783
979,2,0.502064
979,3,0.495194
979,4,0.494445
979,5,0.482520
979,6,0.498991
979,7,0.445859
979,8,0.495194
979,9,0.498258
979,10,0.495768
979,11,0.498566
979,12,0.496406
979,13,0.496008
979,14,0.491886
979,15,0.498482
980,1,0.500261
980,2,0.513402
980,3,0.503279
980,4,0.505822
980,5,0.495462
980,6,0.500704
980,7,0.501009
980,8,0.503691
980,9,0.495344
980,10,0.491786
980,11,0.491786
980,12,0.491610
980,13,0.497094
980,14,0.497711
980,15,0.491323
981,1,0.495783
981,2,0.493556
981,3,0.495181
981,4,0.490608
981,5,0.490367
981,6,0.497922
981,7,0.497430
981,8,0.494926
981,9,0.489616
981,10,0.496346
981,11,0.491323
981,12,0.488656
981,13,0.464451
981,14,0.495112
981,15,0.489657
982,1,0.495545
982,2,0.504352
982,3,0.500983
982,4,0.498885
982,5,0.491050
982,6,0.493097
982,7,0.498258
982,8,0.494000
982,9,0.491714
982,10,0.494045
982,11,0.489961
982,12,0.491437
982,13,0.495194
982,14,0.491427
982,15,0.486307
983,1,0.495545
983,2,0.499364
983,3,0.498310
983,4,0.498283
983,5,0.496596
983,6,0.490874
983,7,0.490874
983,8,0.481023
983,9,0.498822
983,10,0.501559
983,11,0.495194
983,12,0.491427
983,13,0.490988
983,14,0.489961
983,15,0.494332
984,1,0.495783
984,2,0.502064
984,3,0.493006
984,4,0.499683
984,5,0.498482
984,6,0.501603
984,7,0.499972
984,8,0.498171
984,9,0.493337
984,10,0.493337
984,11,0.491610
984,12,0.494332
984,13,0.502064
984,14,0.493006
984,15,0.492507
985,1,0.495545
985,2,0.482941
985,3,0.504123
985,4,0.495768
985,5,0.498566
985,6,0.495194
985,7,0.499514
985,8,0.494983
985,9,0.471671
985,10,0.489859
985,11,0.491158
985,12,0.498283
985,13,0.496596
985,14,0.494926
985,15,0.491437
986,1,0.500261
986,2,0.513402
986,3,0.498822
986,4,0.497935
986,5,0.491610
986,6,0.491437
986,7,0.495194
986,8,0.504737
986,9,0.443065
986,10,0.502497
986,11,0.495679
986,12,0.548115
986,13,0.491437
986,14,0.486216
986,15,0.491291
987,1,0.495783
987,2,0.497922
987,3,0.497891
987,4,0.500983
987,5,0.498885
987,6,0.497399
987,7,0.494332
987,8,0.488697
987,9,0.497711
987,10,0.491323
987,11,0.493359
987,12,0.493359
987,13,0.506341
987,14,0.499451
987,15,0.504660
988,1,0.495545
988,2,0.504123
988,3,0.500391
988,4,0.485880
988,5,0.504352
988,6,0.504123
988,7,0.500391
988,8,0.553959
988,9,0.501266
988,10,0.495697
988,11,0.495755
988,12,0.495829
988,13,0.492878
988,14,0.489859
988,15,0.490988
989,1,0.495783
989,2,0.496160
989,3,0.491437
989,4,0.547988
989,5,0.495194
989,6,0.494445
989,7,0.494973
989,8,0.494110
989,9,0.496195
989,10,0.496873
989,11,0.489535
989,12,0.499683
989,13,0.471671
989,14,0.495194
989,15,0.495212
990,1,0.548001
990,2,0.496160
990,3,0.497711
990,4,0.497430
990,5,0.493235
990,6,0.492222
990,7,0.493959
990,8,0.493995
990,9,0.493995
990,10,0.492441
990,11,0.498431
990,12,0.496817
990,13,0.496763
990,14,0.492993
990,15,0.496763
991,1,0.495783
991,2,0.496160
991,3,0.491437
991,4,0.493006
991,5,0.488298
991,6,0.491437
991,7,0.491610
991,8,0.498258
991,9,0.498973
991,10,0.501179
991,11,0.495755
991,12,0.499905
991,13,0.492563
991,14,0.498991
991,15,0.489812
992,1,0.488298
992,2,0.495476
992,3,0.498139
992,4,0.489904
992,5,0.490799
992,6,0.493179
992,7,0.496873
992,8,0.489535
992,9,0.494651
992,10,0.497620
992,11,0.489812
992,12,0.486932
992,13,0.487782
992,14,0.493179
992,15,0.493498
993,1,0.492993
993,2,0.494523
993,3,0.495587
993,4,0.495831
993,5,0.492445
993,6,0.490988
993,7,0.489961
993,8,0.485652
993,9,0.494301
993,10,0.489559
993,11,0.486216
993,12,0.496676
993,13,0.493644
993,14,0.489754
993,15,0.489754
994,1,0.494523
994,2,0.494913
994,3,0.493453
994,4,0.499683
994,5,0.498482
994,6,0.490702
994,7,0.494445
994,8,0.498901
994,9,0.494601
994,10,0.497156
994,11,0.495344
994,12,0.496008
994,13,0.489145
994,14,0.497338
994,15,0.489145
995,1,0.502064
995,2,0.493006
995,3,0.492507
995,4,0.498435
995,5,0.493874
995,6,0.498482
995,7,0.498258
995,8,0.502497
995,9,0.500232
995,10,0.495770
995,11,0.493389
995,12,0.500232
995,13,0.507642
995,14,0.500704
995,15,0.497935
996,1,0.492832
996,2,0.492832
996,3,0.497664
996,4,0.490972
996,5,0.493337
996,6,0.487299
996,7,0.488629
996,8,0.490162
996,9,0.493789
996,10,0.494803
996,11,0.492007
996,12,0.492007
996,13,0.495589
996,14,0.499514
996,15,0.492441
997,1,0.491158
997,2,0.495318
997,3,0.490715
997,4,0.499727
997,5,0.495344
997,6,0.495934
997,7,0.490561
997,8,0.495934
997,9,0.503691
997,10,0.501223
997,11,0.515242
997,12,0.495691
997,13,0.494045
997,14,0.491312
997,15,0.491722
998,1,0.498369
998,2,0.498117
998,3,0.495691
998,4,0.515242
998,5,0.515242
998,6,0.496952
998,7,0.496952
998,8,0.499139
998,9,0.495953
998,10,0.495953
998,11,0.499683
998,12,0.495194
998,13,0.498258
998,14,0.491714
998,15,0.493337
999,1,0.504123
999,2,0.495768
999,3,0.499683
999,4,0.496406
999,5,0.495395
999,6,0.494668
999,7,0.491337
999,8,0.492832
999,9,0.489754
999,10,0.501054
999,11,0.493453
999,12,0.493925
999,13,0.493925
999,14,0.490167
999,15,0.493925
1000,1,0.493208
1000,2,0.499683
1000,3,0.496406
1000,4,0.495395
1000,5,0.497338
1000,6,0.493850
1000,7,0.493850
1000,8,0.502017
1000,9,0.515242
1000,10,0.500704
1000,11,0.501559
1000,12,0.502279
1000,13,0.494138
1000,14,0.495395
1000,15,0.497338
1001,1,0.502017
1001,2,0.495717
1001,3,0.494035
1001,4,0.490702
1001,5,0.495156
1001,6,0.493006
1001,7,0.488298
1001,8,0.489961
1001,9,0.494332
1001,10,0.495476
1001,11,0.492827
1001,12,0.493498
1001,13,0.491741
1001,14,0.494212
1001,15,0.493179
1002,1,0.493498
1002,2,0.493498
1002,3,0.494523
1002,4,0.489904
1002,5,0.493453
1002,6,0.498566
1002,7,0.498857
1002,8,0.491409
1002,9,0.498857
1002,10,0.493850
1002,11,0.495871
1002,12,0.491312
1002,13,0.491722
1002,14,0.486737
1002,15,0.488629
1003,1,0.496817
1003,2,0.495156
1003,3,0.493097
1003,4,0.487289
1003,5,0.494129
1003,6,0.497156
1003,7,0.503279
1003,8,0.495679
1003,9,0.498991
1003,10,0.493924
1003,11,0.493924
1003,12,0.497620
1003,13,0.495570
1003,14,0.499683
1003,15,0.503691
1004,1,0.495717
1004,2,0.493850
1004,3,0.501009
1004,4,0.501559
1004,5,0.496662
1004,6,0.496662
1004,7,0.494035
1004,8,0.494983
1004,9,0.492878
1004,10,0.495757
1004,11,0.489859
1004,12,0.492148
1004,13,0.494332
1004,14,0.494301
1004,15,0.494301
1005,1,0.491416
1005,2,0.486771
1005,3,0.497642
1005,4,0.495482
1005,5,0.495691
1005,6,0.501009
1005,7,0.494045
1005,8,0.491852
1005,9,0.489610
1005,10,0.491722
1005,11,0.493874
1005,12,0.493874
1005,13,0.500482
1005,14,0.492007
1005,15,0.490367
1006,1,0.495183
1006,2,0.497642
1006,3,0.492250
1006,4,0.490284
1006,5,0.490284
1006,6,0.490561
1006,7,0.495183
1006,8,0.498482
1006,9,0.491427
1006,10,0.494792
1006,11,0.490162
1006,12,0.488474
1006,13,0.494926
1006,14,0.491457
1006,15,0.491610
1007,1,0.498258
1007,2,0.494000
1007,3,0.495770
1007,4,0.493389
1007,5,0.494045
1007,6,0.497711
1007,7,0.498139
1007,8,0.494973
1007,9,0.488226
1007,10,0.493638
1007,11,0.494702
1007,12,0.490333
1007,13,0.496014
1007,14,0.492655
1007,15,0.490874
1008,1,0.497642
1008,2,0.495344
1008,3,0.490561
1008,4,0.495183
1008,5,0.495368
1008,6,0.495368
1008,7,0.492250
1008,8,0.493995
1008,9,0.499972
1008,10,0.495829
1008,11,0.489859
1008,12,0.492878
1008,13,0.495757
1008,14,0.492993
1008,15,0.495870
1009,1,0.503279
1009,2,0.495679
1009,3,0.495731
1009,4,0.497344
1009,5,0.497620
1009,6,0.506341
1009,7,0.499451
1009,8,0.504127
1009,9,0.501729
1009,10,0.502710
1009,11,0.495462
1009,12,0.499659
1009,13,0.495462
1009,14,0.491098
1009,15,0.488798
1010,1,0.489378
1010,2,0.491464
1010,3,0.498369
1010,4,0.492007
1010,5,0.499727
1010,6,0.501223
1010,7,0.510494
1010,8,0.509059
1010,9,0.501729
1010,10,0.509059
1010,11,0.501729
1010,12,0.499139
1010,13,0.499972
1010,14,0.501506
1010,15,0.497110
1011,1,0.493389
1011,2,0.490247
1011,3,0.490162
1011,4,0.497626
1011,5,0.496014
1011,6,0.494470
1011,7,0.494470
1011,8,0.498385
1011,9,0.501651
1011,10,0.501403
1011,11,0.501403
1011,12,0.495337
1011,13,0.497207
1011,14,0.491409
1011,15,0.492507
1012,1,0.486399
1012,2,0.487990
1012,3,0.492654
1012,4,0.486399
1012,5,0.488298
1012,6,0.495183
1012,7,0.495368
1012,8,0.492250
1012,9,0.494445
1012,10,0.490083
1012,11,0.494231
1012,12,0.494066
1012,13,0.494572
1012,14,0.494572
1012,15,0.495318
1013,1,0.494066
1013,2,0.491457
1013,3,0.486513
1013,4,0.492507
1013,5,0.487990
1013,6,0.487990
1013,7,0.494973
1013,8,0.488226
1013,9,0.493925
1013,10,0.493906
1013,11,0.498857
1013,12,0.498857
1013,13,0.493959
1013,14,0.498716
1013,15,0.495679
1014,1,0.490988
1014,2,0.495913
1014,3,0.495476
1014,4,0.488971
1014,5,0.498369
1014,6,0.492007
1014,7,0.498117
1014,8,0.495589
1014,9,0.495589
1014,10,0.492007
1014,11,0.492148
1014,12,0.489961
1014,13,0.489559
1014,14,0.492643
1014,15,0.486076
